solid K1_hot_ring_Left_Ankle_Pitch
  facet normal 0.382596582 0.923637211 0.0226742998
    outer loop
      vertex 0.0258202944 0.0244796947 -2.18867813e-09
      vertex 0.0258202944 0.0244502071 0.00120117201
      vertex 0.0268385224 0.0240289364 0.00118047697
    endloop
  endfacet
  facet normal 0.38259697 0.923637092 0.0226739254
    outer loop
      vertex 0.0258202944 0.0244796947 -2.18867813e-09
      vertex 0.0268385224 0.0240289364 0.00118047697
      vertex 0.0268385224 0.0240579154 -2.1954778e-09
    endloop
  endfacet
  facet normal 0.923843563 0.382654995 0.00939361844
    outer loop
      vertex 0.0268385224 0.0240579154 -2.1954778e-09
      vertex 0.0268385224 0.0240289364 0.00118047697
      vertex 0.0272602756 0.0230119247 0.00113051489
    endloop
  endfacet
  facet normal 0.923842788 0.382656723 0.00939546246
    outer loop
      vertex 0.0268385224 0.0240579154 -2.1954778e-09
      vertex 0.0272602756 0.0230119247 0.00113051489
      vertex 0.0272602774 0.0230396781 -2.12287676e-09
    endloop
  endfacet
  facet normal 0.923834562 -0.38267681 -0.00939293019
    outer loop
      vertex 0.0272602774 0.0230396781 -2.12287676e-09
      vertex 0.0272602756 0.0230119247 0.00113051489
      vertex 0.0268384982 0.0219949223 0.0010805527
    endloop
  endfacet
  facet normal 0.923834145 -0.382677883 -0.0093941493
    outer loop
      vertex 0.0272602774 0.0230396781 -2.12287676e-09
      vertex 0.0268384982 0.0219949223 0.0010805527
      vertex 0.0268384982 0.0220214482 -2.01340389e-09
    endloop
  endfacet
  facet normal 0.38257283 -0.923647106 -0.022674093
    outer loop
      vertex 0.0268384982 0.0220214482 -2.01340389e-09
      vertex 0.0268384982 0.0219949223 0.0010805527
      vertex 0.025820259 0.0215736777 0.00105985766
    endloop
  endfacet
  facet normal 0.382573187 -0.923646927 -0.0226736777
    outer loop
      vertex 0.0268384982 0.0220214482 -2.01340389e-09
      vertex 0.025820259 0.0215736777 0.00105985766
      vertex 0.025820259 0.0215996951 -1.93118677e-09
    endloop
  endfacet
  facet normal -0.382596582 -0.923637211 -0.0226734392
    outer loop
      vertex 0.025820259 0.0215996951 -1.93118677e-09
      vertex 0.025820259 0.0215736777 0.00105985766
      vertex 0.024802031 0.0219949484 0.0010805527
    endloop
  endfacet
  facet normal -0.382596999 -0.923637092 -0.0226738658
    outer loop
      vertex 0.025820259 0.0215996951 -1.93118677e-09
      vertex 0.024802031 0.0219949484 0.0010805527
      vertex 0.024802031 0.0220214743 -1.92438709e-09
    endloop
  endfacet
  facet normal -0.923842788 -0.382657081 -0.00939363334
    outer loop
      vertex 0.024802031 0.0220214743 -1.92438709e-09
      vertex 0.024802031 0.0219949484 0.0010805527
      vertex 0.024380276 0.0230119582 0.00113051501
    endloop
  endfacet
  facet normal -0.923842847 -0.382656723 -0.00939395744
    outer loop
      vertex 0.024802031 0.0220214743 -1.92438709e-09
      vertex 0.024380276 0.0230119582 0.00113051501
      vertex 0.024380276 0.0230397116 -1.99698813e-09
    endloop
  endfacet
  facet normal -0.923834205 0.382677555 0.0093944706
    outer loop
      vertex 0.024380276 0.0230397116 -1.99698813e-09
      vertex 0.024380276 0.0230119582 0.00113051501
      vertex 0.0248020552 0.0240289625 0.00118047709
    endloop
  endfacet
  facet normal -0.923834145 0.382677913 0.00939418282
    outer loop
      vertex 0.024380276 0.0230397116 -1.99698813e-09
      vertex 0.0248020552 0.0240289625 0.00118047709
      vertex 0.0248020552 0.0240579415 -2.10646101e-09
    endloop
  endfacet
  facet normal -0.38257283 0.923647106 0.0226741843
    outer loop
      vertex 0.0248020552 0.0240579415 -2.10646101e-09
      vertex 0.0248020552 0.0240289625 0.00118047709
      vertex 0.0258202944 0.0244502071 0.00120117201
    endloop
  endfacet
  facet normal -0.382573158 0.923646867 0.0226745252
    outer loop
      vertex 0.0248020552 0.0240579415 -2.10646101e-09
      vertex 0.0258202944 0.0244502071 0.00120117201
      vertex 0.0258202944 0.0244796947 -2.18867813e-09
    endloop
  endfacet
  facet normal 0.382596016 0.921412349 0.0679673105
    outer loop
      vertex 0.0258202944 0.0244502071 0.00120117201
      vertex 0.0258202925 0.0243618172 0.00239945855
      vertex 0.0268385205 0.0239420701 0.00235811807
    endloop
  endfacet
  facet normal 0.382596642 0.92141223 0.0679667145
    outer loop
      vertex 0.0258202944 0.0244502071 0.00120117201
      vertex 0.0268385205 0.0239420701 0.00235811807
      vertex 0.0268385224 0.0240289364 0.00118047697
    endloop
  endfacet
  facet normal 0.923843205 0.381734014 0.0281593017
    outer loop
      vertex 0.0268385224 0.0240289364 0.00118047697
      vertex 0.0268385205 0.0239420701 0.00235811807
      vertex 0.0272602756 0.0229287334 0.00225831382
    endloop
  endfacet
  facet normal 0.923843503 0.381733149 0.0281582866
    outer loop
      vertex 0.0268385224 0.0240289364 0.00118047697
      vertex 0.0272602756 0.0229287334 0.00225831382
      vertex 0.0272602756 0.0230119247 0.00113051489
    endloop
  endfacet
  facet normal 0.923833668 -0.381756932 -0.0281600393
    outer loop
      vertex 0.0272602756 0.0230119247 0.00113051489
      vertex 0.0272602756 0.0229287334 0.00225831382
      vertex 0.0268384963 0.0219154097 0.00215850933
    endloop
  endfacet
  facet normal 0.923834562 -0.381754935 -0.0281575378
    outer loop
      vertex 0.0272602756 0.0230119247 0.00113051489
      vertex 0.0268384963 0.0219154097 0.00215850933
      vertex 0.0268384982 0.0219949223 0.0010805527
    endloop
  endfacet
  facet normal 0.382575095 -0.92142117 -0.067965515
    outer loop
      vertex 0.0268384982 0.0219949223 0.0010805527
      vertex 0.0268384963 0.0219154097 0.00215850933
      vertex 0.0258202571 0.021495685 0.00211716932
    endloop
  endfacet
  facet normal 0.38257286 -0.921421945 -0.0679681078
    outer loop
      vertex 0.0268384982 0.0219949223 0.0010805527
      vertex 0.0258202571 0.021495685 0.00211716932
      vertex 0.025820259 0.0215736777 0.00105985766
    endloop
  endfacet
  facet normal -0.382597476 -0.921411693 -0.0679686889
    outer loop
      vertex 0.025820259 0.0215736777 0.00105985766
      vertex 0.0258202571 0.021495685 0.00211716932
      vertex 0.0248020291 0.0219154339 0.00215850957
    endloop
  endfacet
  facet normal -0.382596582 -0.92141211 -0.0679677501
    outer loop
      vertex 0.025820259 0.0215736777 0.00105985766
      vertex 0.0248020291 0.0219154339 0.00215850957
      vertex 0.024802031 0.0219949484 0.0010805527
    endloop
  endfacet
  facet normal -0.923843265 -0.381733656 -0.0281598158
    outer loop
      vertex 0.024802031 0.0219949484 0.0010805527
      vertex 0.0248020291 0.0219154339 0.00215850957
      vertex 0.024380276 0.0229287669 0.00225831382
    endloop
  endfacet
  facet normal -0.923842728 -0.381735206 -0.0281584524
    outer loop
      vertex 0.024802031 0.0219949484 0.0010805527
      vertex 0.024380276 0.0229287669 0.00225831382
      vertex 0.024380276 0.0230119582 0.00113051501
    endloop
  endfacet
  facet normal -0.923834741 0.381754369 0.0281598531
    outer loop
      vertex 0.024380276 0.0230119582 0.00113051501
      vertex 0.024380276 0.0229287669 0.00225831382
      vertex 0.0248020533 0.0239420943 0.00235811807
    endloop
  endfacet
  facet normal -0.923834205 0.381755739 0.0281585772
    outer loop
      vertex 0.024380276 0.0230119582 0.00113051501
      vertex 0.0248020533 0.0239420943 0.00235811807
      vertex 0.0248020552 0.0240289625 0.00118047709
    endloop
  endfacet
  facet normal -0.382573694 0.921421587 0.0679676682
    outer loop
      vertex 0.0248020552 0.0240289625 0.00118047709
      vertex 0.0248020533 0.0239420943 0.00235811807
      vertex 0.0258202925 0.0243618172 0.00239945855
    endloop
  endfacet
  facet normal -0.38257283 0.921422005 0.0679668412
    outer loop
      vertex 0.0248020552 0.0240289625 0.00118047709
      vertex 0.0258202925 0.0243618172 0.00239945855
      vertex 0.0258202944 0.0244502071 0.00120117201
    endloop
  endfacet
  facet normal 0.382595152 0.916967571 0.113098562
    outer loop
      vertex 0.0258202925 0.0243618172 0.00239945855
      vertex 0.0258202907 0.0242147353 0.00359195867
      vertex 0.0268385187 0.0237975232 0.00353007275
    endloop
  endfacet
  facet normal 0.382595986 0.916967452 0.113097765
    outer loop
      vertex 0.0258202925 0.0243618172 0.00239945855
      vertex 0.0268385187 0.0237975232 0.00353007275
      vertex 0.0268385205 0.0239420701 0.00235811807
    endloop
  endfacet
  facet normal 0.923843026 0.379892737 0.0468567759
    outer loop
      vertex 0.0268385205 0.0239420701 0.00235811807
      vertex 0.0268385187 0.0237975232 0.00353007275
      vertex 0.0272602737 0.0227903053 0.00338066695
    endloop
  endfacet
  facet normal 0.923843086 0.379892468 0.0468564406
    outer loop
      vertex 0.0268385205 0.0239420701 0.00235811807
      vertex 0.0272602737 0.0227903053 0.00338066695
      vertex 0.0272602756 0.0229287334 0.00225831382
    endloop
  endfacet
  facet normal 0.923833787 -0.379915357 -0.0468562208
    outer loop
      vertex 0.0272602756 0.0229287334 0.00225831382
      vertex 0.0272602737 0.0227903053 0.00338066695
      vertex 0.0268384945 0.0217830986 0.00323126116
    endloop
  endfacet
  facet normal 0.923833668 -0.379915506 -0.0468564667
    outer loop
      vertex 0.0272602756 0.0229287334 0.00225831382
      vertex 0.0268384945 0.0217830986 0.00323126116
      vertex 0.0268384963 0.0219154097 0.00215850933
    endloop
  endfacet
  facet normal 0.382576466 -0.916975617 -0.113097355
    outer loop
      vertex 0.0268384963 0.0219154097 0.00215850933
      vertex 0.0268384945 0.0217830986 0.00323126116
      vertex 0.0258202571 0.021365907 0.00316937547
    endloop
  endfacet
  facet normal 0.382575154 -0.916975975 -0.113098823
    outer loop
      vertex 0.0268384963 0.0219154097 0.00215850933
      vertex 0.0258202571 0.021365907 0.00316937547
      vertex 0.0258202571 0.021495685 0.00211716932
    endloop
  endfacet
  facet normal -0.382597446 -0.916966796 -0.11309766
    outer loop
      vertex 0.0258202571 0.021495685 0.00211716932
      vertex 0.0258202571 0.021365907 0.00316937547
      vertex 0.0248020273 0.0217831228 0.00323126139
    endloop
  endfacet
  facet normal -0.382597357 -0.916966796 -0.113097571
    outer loop
      vertex 0.0258202571 0.021495685 0.00211716932
      vertex 0.0248020273 0.0217831228 0.00323126139
      vertex 0.0248020291 0.0219154339 0.00215850957
    endloop
  endfacet
  facet normal -0.923843384 -0.379891872 -0.0468567349
    outer loop
      vertex 0.0248020291 0.0219154339 0.00215850957
      vertex 0.0248020273 0.0217831228 0.00323126139
      vertex 0.0243802741 0.0227903388 0.00338066719
    endloop
  endfacet
  facet normal -0.923843205 -0.37989226 -0.0468564257
    outer loop
      vertex 0.0248020291 0.0219154339 0.00215850957
      vertex 0.0243802741 0.0227903388 0.00338066719
      vertex 0.024380276 0.0229287669 0.00225831382
    endloop
  endfacet
  facet normal -0.923834622 0.37991336 0.0468559675
    outer loop
      vertex 0.024380276 0.0229287669 0.00225831382
      vertex 0.0243802741 0.0227903388 0.00338066719
      vertex 0.0248020515 0.0237975474 0.00353007275
    endloop
  endfacet
  facet normal -0.923834741 0.379912883 0.0468563326
    outer loop
      vertex 0.024380276 0.0229287669 0.00225831382
      vertex 0.0248020515 0.0237975474 0.00353007275
      vertex 0.0248020533 0.0239420943 0.00235811807
    endloop
  endfacet
  facet normal -0.382572979 0.916976988 0.113097742
    outer loop
      vertex 0.0248020533 0.0239420943 0.00235811807
      vertex 0.0248020515 0.0237975474 0.00353007275
      vertex 0.0258202907 0.0242147353 0.00359195867
    endloop
  endfacet
  facet normal -0.382573754 0.916976571 0.113098487
    outer loop
      vertex 0.0248020533 0.0239420943 0.00235811807
      vertex 0.0258202907 0.0242147353 0.00359195867
      vertex 0.0258202925 0.0243618172 0.00239945855
    endloop
  endfacet
  facet normal 0.382595181 0.910313725 0.157955259
    outer loop
      vertex 0.0258202907 0.0242147353 0.00359195867
      vertex 0.0258202888 0.0240093172 0.00477581052
      vertex 0.0268385168 0.0235956442 0.00469352817
    endloop
  endfacet
  facet normal 0.382595092 0.910313785 0.157955348
    outer loop
      vertex 0.0258202907 0.0242147353 0.00359195867
      vertex 0.0268385168 0.0235956442 0.00469352817
      vertex 0.0268385187 0.0237975232 0.00353007275
    endloop
  endfacet
  facet normal 0.923843026 0.377135873 0.0654408932
    outer loop
      vertex 0.0268385187 0.0237975232 0.00353007275
      vertex 0.0268385168 0.0235956442 0.00469352817
      vertex 0.0272602718 0.0225969702 0.00449488079
    endloop
  endfacet
  facet normal 0.923842967 0.377135992 0.0654411018
    outer loop
      vertex 0.0268385187 0.0237975232 0.00353007275
      vertex 0.0272602718 0.0225969702 0.00449488079
      vertex 0.0272602737 0.0227903053 0.00338066695
    endloop
  endfacet
  facet normal 0.923833787 -0.377158374 -0.0654418692
    outer loop
      vertex 0.0272602737 0.0227903053 0.00338066695
      vertex 0.0272602718 0.0225969702 0.00449488079
      vertex 0.0268384926 0.0215983074 0.00429623341
    endloop
  endfacet
  facet normal 0.923833728 -0.377158374 -0.0654419139
    outer loop
      vertex 0.0272602737 0.0227903053 0.00338066695
      vertex 0.0268384926 0.0215983074 0.00429623341
      vertex 0.0268384945 0.0217830986 0.00323126116
    endloop
  endfacet
  facet normal 0.382575154 -0.91032207 -0.157956004
    outer loop
      vertex 0.0268384945 0.0217830986 0.00323126116
      vertex 0.0268384926 0.0215983074 0.00429623341
      vertex 0.0258202553 0.0211846568 0.00421395106
    endloop
  endfacet
  facet normal 0.382576466 -0.910321712 -0.157954425
    outer loop
      vertex 0.0268384945 0.0217830986 0.00323126116
      vertex 0.0258202553 0.0211846568 0.00421395106
      vertex 0.0258202571 0.021365907 0.00316937547
    endloop
  endfacet
  facet normal -0.382595986 -0.910313547 -0.157954365
    outer loop
      vertex 0.0258202571 0.021365907 0.00316937547
      vertex 0.0258202553 0.0211846568 0.00421395106
      vertex 0.0248020254 0.0215983316 0.00429623341
    endloop
  endfacet
  facet normal -0.382597327 -0.910312653 -0.157955736
    outer loop
      vertex 0.0258202571 0.021365907 0.00316937547
      vertex 0.0248020254 0.0215983316 0.00429623341
      vertex 0.0248020273 0.0217831228 0.00323126139
    endloop
  endfacet
  facet normal -0.923843384 -0.377134949 -0.0654410869
    outer loop
      vertex 0.0248020273 0.0217831228 0.00323126139
      vertex 0.0248020254 0.0215983316 0.00429623341
      vertex 0.0243802723 0.0225970037 0.00449488079
    endloop
  endfacet
  facet normal -0.923843384 -0.377135158 -0.0654409453
    outer loop
      vertex 0.0248020273 0.0217831228 0.00323126139
      vertex 0.0243802723 0.0225970037 0.00449488079
      vertex 0.0243802741 0.0227903388 0.00338066719
    endloop
  endfacet
  facet normal -0.923834682 0.377156407 0.0654415414
    outer loop
      vertex 0.0243802741 0.0227903388 0.00338066719
      vertex 0.0243802723 0.0225970037 0.00449488079
      vertex 0.0248020496 0.0235956684 0.00469352864
    endloop
  endfacet
  facet normal -0.923834682 0.377156436 0.0654414594
    outer loop
      vertex 0.0243802741 0.0227903388 0.00338066719
      vertex 0.0248020496 0.0235956684 0.00469352864
      vertex 0.0248020515 0.0237975474 0.00353007275
    endloop
  endfacet
  facet normal -0.382573038 0.910322905 0.157955647
    outer loop
      vertex 0.0248020515 0.0237975474 0.00353007275
      vertex 0.0248020496 0.0235956684 0.00469352864
      vertex 0.0258202888 0.0240093172 0.00477581052
    endloop
  endfacet
  facet normal -0.382573009 0.910322964 0.157955661
    outer loop
      vertex 0.0248020515 0.0237975474 0.00353007275
      vertex 0.0258202888 0.0240093172 0.00477581052
      vertex 0.0258202907 0.0242147353 0.00359195867
    endloop
  endfacet
  facet normal 0.382594615 0.901467025 0.20243147
    outer loop
      vertex 0.0258202888 0.0240093172 0.00477581052
      vertex 0.0258202851 0.0237460602 0.00594815239
      vertex 0.026838515 0.0233369227 0.00584567152
    endloop
  endfacet
  facet normal 0.382595062 0.901466966 0.202431008
    outer loop
      vertex 0.0258202888 0.0240093172 0.00477581052
      vertex 0.026838515 0.0233369227 0.00584567152
      vertex 0.0268385168 0.0235956442 0.00469352817
    endloop
  endfacet
  facet normal 0.923843563 0.373469472 0.0838665292
    outer loop
      vertex 0.0268385168 0.0235956442 0.00469352817
      vertex 0.026838515 0.0233369227 0.00584567152
      vertex 0.0272602681 0.0223491993 0.00559826149
    endloop
  endfacet
  facet normal 0.923842967 0.373470455 0.0838681981
    outer loop
      vertex 0.0268385168 0.0235956442 0.00469352817
      vertex 0.0272602681 0.0223491993 0.00559826149
      vertex 0.0272602718 0.0225969702 0.00449488079
    endloop
  endfacet
  facet normal 0.923834622 -0.373491645 -0.0838667303
    outer loop
      vertex 0.0272602718 0.0225969702 0.00449488079
      vertex 0.0272602681 0.0223491993 0.00559826149
      vertex 0.0268384907 0.0213614851 0.00535085052
    endloop
  endfacet
  facet normal 0.923833847 -0.373492986 -0.0838690549
    outer loop
      vertex 0.0272602718 0.0225969702 0.00449488079
      vertex 0.0268384907 0.0213614851 0.00535085052
      vertex 0.0268384926 0.0215983074 0.00429623341
    endloop
  endfacet
  facet normal 0.382574707 -0.90147531 -0.202432483
    outer loop
      vertex 0.0268384926 0.0215983074 0.00429623341
      vertex 0.0268384907 0.0213614851 0.00535085052
      vertex 0.0258202516 0.02095237 0.00524837011
    endloop
  endfacet
  facet normal 0.382575244 -0.901475191 -0.202431828
    outer loop
      vertex 0.0268384926 0.0215983074 0.00429623341
      vertex 0.0258202516 0.02095237 0.00524837011
      vertex 0.0258202553 0.0211846568 0.00421395106
    endloop
  endfacet
  facet normal -0.382596582 -0.901466012 -0.202432498
    outer loop
      vertex 0.0258202553 0.0211846568 0.00421395106
      vertex 0.0258202516 0.02095237 0.00524837011
      vertex 0.0248020235 0.0213615093 0.00535085052
    endloop
  endfacet
  facet normal -0.382595927 -0.901466489 -0.202431843
    outer loop
      vertex 0.0258202553 0.0211846568 0.00421395106
      vertex 0.0248020235 0.0213615093 0.00535085052
      vertex 0.0248020254 0.0215983316 0.00429623341
    endloop
  endfacet
  facet normal -0.923843265 -0.373470128 -0.0838671848
    outer loop
      vertex 0.0248020254 0.0215983316 0.00429623341
      vertex 0.0248020235 0.0213615093 0.00535085052
      vertex 0.0243802685 0.0223492347 0.00559826149
    endloop
  endfacet
  facet normal -0.923843384 -0.37346971 -0.0838674158
    outer loop
      vertex 0.0248020254 0.0215983316 0.00429623341
      vertex 0.0243802685 0.0223492347 0.00559826149
      vertex 0.0243802723 0.0225970037 0.00449488079
    endloop
  endfacet
  facet normal -0.923834324 0.37349239 0.0838662609
    outer loop
      vertex 0.0243802723 0.0225970037 0.00449488079
      vertex 0.0243802685 0.0223492347 0.00559826149
      vertex 0.0248020459 0.023336947 0.00584567199
    endloop
  endfacet
  facet normal -0.923834682 0.373491317 0.0838669389
    outer loop
      vertex 0.0243802723 0.0225970037 0.00449488079
      vertex 0.0248020459 0.023336947 0.00584567199
      vertex 0.0248020496 0.0235956684 0.00469352864
    endloop
  endfacet
  facet normal -0.382573247 0.901476145 0.202431187
    outer loop
      vertex 0.0248020496 0.0235956684 0.00469352864
      vertex 0.0248020459 0.023336947 0.00584567199
      vertex 0.0258202851 0.0237460602 0.00594815239
    endloop
  endfacet
  facet normal -0.382573128 0.901476264 0.202431098
    outer loop
      vertex 0.0248020496 0.0235956684 0.00469352864
      vertex 0.0258202851 0.0237460602 0.00594815239
      vertex 0.0258202888 0.0240093172 0.00477581052
    endloop
  endfacet
  facet normal 0.382593542 0.890448213 0.246422663
    outer loop
      vertex 0.0258202851 0.0237460602 0.00594815239
      vertex 0.0258202814 0.0234255921 0.00710616959
      vertex 0.0268385112 0.0230219774 0.006983737
    endloop
  endfacet
  facet normal 0.382594526 0.890448034 0.24642159
    outer loop
      vertex 0.0258202851 0.0237460602 0.00594815239
      vertex 0.0268385112 0.0230219774 0.006983737
      vertex 0.026838515 0.0233369227 0.00584567152
    endloop
  endfacet
  facet normal 0.923843682 0.368903726 0.102092512
    outer loop
      vertex 0.026838515 0.0233369227 0.00584567152
      vertex 0.0268385112 0.0230219774 0.006983737
      vertex 0.0272602644 0.022047583 0.00668815942
    endloop
  endfacet
  facet normal 0.923843503 0.368903995 0.102092907
    outer loop
      vertex 0.026838515 0.0233369227 0.00584567152
      vertex 0.0272602644 0.022047583 0.00668815942
      vertex 0.0272602681 0.0223491993 0.00559826149
    endloop
  endfacet
  facet normal 0.923834443 -0.368926823 -0.102092944
    outer loop
      vertex 0.0272602681 0.0223491993 0.00559826149
      vertex 0.0272602644 0.022047583 0.00668815942
      vertex 0.026838487 0.0210731998 0.00639258185
    endloop
  endfacet
  facet normal 0.923834682 -0.368926406 -0.102092169
    outer loop
      vertex 0.0272602681 0.0223491993 0.00559826149
      vertex 0.026838487 0.0210731998 0.00639258185
      vertex 0.0268384907 0.0213614851 0.00535085052
    endloop
  endfacet
  facet normal 0.382575125 -0.890456676 -0.246420667
    outer loop
      vertex 0.0268384907 0.0213614851 0.00535085052
      vertex 0.026838487 0.0210731998 0.00639258185
      vertex 0.0258202478 0.0206696056 0.00627014972
    endloop
  endfacet
  facet normal 0.382574767 -0.890456676 -0.246421114
    outer loop
      vertex 0.0268384907 0.0213614851 0.00535085052
      vertex 0.0258202478 0.0206696056 0.00627014972
      vertex 0.0258202516 0.02095237 0.00524837011
    endloop
  endfacet
  facet normal -0.382596821 -0.890447199 -0.246421278
    outer loop
      vertex 0.0258202516 0.02095237 0.00524837011
      vertex 0.0258202478 0.0206696056 0.00627014972
      vertex 0.0248020198 0.021073224 0.00639258185
    endloop
  endfacet
  facet normal -0.382596463 -0.890447497 -0.24642092
    outer loop
      vertex 0.0258202516 0.02095237 0.00524837011
      vertex 0.0248020198 0.021073224 0.00639258185
      vertex 0.0248020235 0.0213615093 0.00535085052
    endloop
  endfacet
  facet normal -0.923843086 -0.368905157 -0.102092907
    outer loop
      vertex 0.0248020235 0.0213615093 0.00535085052
      vertex 0.0248020198 0.021073224 0.00639258185
      vertex 0.0243802648 0.0220476184 0.00668815942
    endloop
  endfacet
  facet normal -0.923843205 -0.36890471 -0.102093145
    outer loop
      vertex 0.0248020235 0.0213615093 0.00535085052
      vertex 0.0243802648 0.0220476184 0.00668815942
      vertex 0.0243802685 0.0223492347 0.00559826149
    endloop
  endfacet
  facet normal -0.923834503 0.368926793 0.102092937
    outer loop
      vertex 0.0243802685 0.0223492347 0.00559826149
      vertex 0.0243802648 0.0220476184 0.00668815942
      vertex 0.0248020422 0.0230220016 0.00698373746
    endloop
  endfacet
  facet normal -0.923834443 0.368926883 0.10209287
    outer loop
      vertex 0.0243802685 0.0223492347 0.00559826149
      vertex 0.0248020422 0.0230220016 0.00698373746
      vertex 0.0248020459 0.023336947 0.00584567199
    endloop
  endfacet
  facet normal -0.382572383 0.890457571 0.246421739
    outer loop
      vertex 0.0248020459 0.023336947 0.00584567199
      vertex 0.0248020422 0.0230220016 0.00698373746
      vertex 0.0258202814 0.0234255921 0.00710616959
    endloop
  endfacet
  facet normal -0.382573426 0.890456915 0.246422589
    outer loop
      vertex 0.0248020459 0.023336947 0.00584567199
      vertex 0.0258202814 0.0234255921 0.00710616959
      vertex 0.0258202851 0.0237460602 0.00594815239
    endloop
  endfacet
  facet normal 0.382595509 0.87728411 0.289815992
    outer loop
      vertex 0.0258202814 0.0234255921 0.00710616959
      vertex 0.0258202776 0.0230486933 0.00824706163
      vertex 0.0268385056 0.0226515699 0.00810497347
    endloop
  endfacet
  facet normal 0.382593393 0.877284288 0.289818227
    outer loop
      vertex 0.0258202814 0.0234255921 0.00710616959
      vertex 0.0268385056 0.0226515699 0.00810497347
      vertex 0.0268385112 0.0230219774 0.006983737
    endloop
  endfacet
  facet normal 0.923842967 0.363451004 0.120072916
    outer loop
      vertex 0.0268385112 0.0230219774 0.006983737
      vertex 0.0268385056 0.0226515699 0.00810497347
      vertex 0.0272602607 0.0216928534 0.00776194083
    endloop
  endfacet
  facet normal 0.923843563 0.363449991 0.120070919
    outer loop
      vertex 0.0268385112 0.0230219774 0.006983737
      vertex 0.0272602607 0.0216928534 0.00776194083
      vertex 0.0272602644 0.022047583 0.00668815942
    endloop
  endfacet
  facet normal 0.923834622 -0.36347267 -0.120072
    outer loop
      vertex 0.0272602644 0.022047583 0.00668815942
      vertex 0.0272602607 0.0216928534 0.00776194083
      vertex 0.0268384833 0.0207341462 0.00741890818
    endloop
  endfacet
  facet normal 0.923834443 -0.36347279 -0.120072231
    outer loop
      vertex 0.0272602644 0.022047583 0.00668815942
      vertex 0.0268384833 0.0207341462 0.00741890818
      vertex 0.026838487 0.0210731998 0.00639258185
    endloop
  endfacet
  facet normal 0.382574201 -0.877292752 -0.289817989
    outer loop
      vertex 0.026838487 0.0210731998 0.00639258185
      vertex 0.0268384833 0.0207341462 0.00741890818
      vertex 0.0258202441 0.0203370471 0.00727681955
    endloop
  endfacet
  facet normal 0.382575274 -0.877292693 -0.289816678
    outer loop
      vertex 0.026838487 0.0210731998 0.00639258185
      vertex 0.0258202441 0.0203370471 0.00727681955
      vertex 0.0258202478 0.0206696056 0.00627014972
    endloop
  endfacet
  facet normal -0.382595628 -0.877283812 -0.289816618
    outer loop
      vertex 0.0258202478 0.0206696056 0.00627014972
      vertex 0.0258202441 0.0203370471 0.00727681955
      vertex 0.0248020161 0.0207341705 0.00741890818
    endloop
  endfacet
  facet normal -0.382596612 -0.877283037 -0.289817512
    outer loop
      vertex 0.0258202478 0.0206696056 0.00627014972
      vertex 0.0248020161 0.0207341705 0.00741890818
      vertex 0.0248020198 0.021073224 0.00639258185
    endloop
  endfacet
  facet normal -0.923843145 -0.363450855 -0.120071687
    outer loop
      vertex 0.0248020198 0.021073224 0.00639258185
      vertex 0.0248020161 0.0207341705 0.00741890818
      vertex 0.0243802611 0.0216928888 0.00776194083
    endloop
  endfacet
  facet normal -0.923842967 -0.363451421 -0.120071381
    outer loop
      vertex 0.0248020198 0.021073224 0.00639258185
      vertex 0.0243802611 0.0216928888 0.00776194083
      vertex 0.0243802648 0.0220476184 0.00668815942
    endloop
  endfacet
  facet normal -0.923834264 0.363473207 0.120072171
    outer loop
      vertex 0.0243802648 0.0220476184 0.00668815942
      vertex 0.0243802611 0.0216928888 0.00776194083
      vertex 0.0248020384 0.0226515941 0.00810497347
    endloop
  endfacet
  facet normal -0.923834503 0.3634727 0.120072469
    outer loop
      vertex 0.0243802648 0.0220476184 0.00668815942
      vertex 0.0248020384 0.0226515941 0.00810497347
      vertex 0.0248020422 0.0230220016 0.00698373746
    endloop
  endfacet
  facet normal -0.382574111 0.877292752 0.289818019
    outer loop
      vertex 0.0248020422 0.0230220016 0.00698373746
      vertex 0.0248020384 0.0226515941 0.00810497347
      vertex 0.0258202776 0.0230486933 0.00824706163
    endloop
  endfacet
  facet normal -0.382572502 0.877293825 0.289816678
    outer loop
      vertex 0.0248020422 0.0230220016 0.00698373746
      vertex 0.0258202776 0.0230486933 0.00824706163
      vertex 0.0258202814 0.0234255921 0.00710616959
    endloop
  endfacet
  facet normal 0.382595271 0.862006664 0.33251369
    outer loop
      vertex 0.0258202776 0.0230486933 0.00824706163
      vertex 0.025820272 0.0226162672 0.00936808717
      vertex 0.0268385001 0.0222265944 0.00920668431
    endloop
  endfacet
  facet normal 0.382595301 0.862006664 0.33251363
    outer loop
      vertex 0.0258202776 0.0230486933 0.00824706163
      vertex 0.0268385001 0.0222265944 0.00920668431
      vertex 0.0268385056 0.0226515699 0.00810497347
    endloop
  endfacet
  facet normal 0.923843145 0.357121497 0.137761235
    outer loop
      vertex 0.0268385056 0.0226515699 0.00810497347
      vertex 0.0268385001 0.0222265944 0.00920668431
      vertex 0.0272602551 0.0212858636 0.00881702267
    endloop
  endfacet
  facet normal 0.923842907 0.357121795 0.137761936
    outer loop
      vertex 0.0268385056 0.0226515699 0.00810497347
      vertex 0.0272602551 0.0212858636 0.00881702267
      vertex 0.0272602607 0.0216928534 0.00776194083
    endloop
  endfacet
  facet normal 0.923834383 -0.357144117 -0.137760743
    outer loop
      vertex 0.0272602607 0.0216928534 0.00776194083
      vertex 0.0272602551 0.0212858636 0.00881702267
      vertex 0.0268384777 0.020345144 0.00842736196
    endloop
  endfacet
  facet normal 0.923834682 -0.357143879 -0.137760013
    outer loop
      vertex 0.0272602607 0.0216928534 0.00776194083
      vertex 0.0268384777 0.020345144 0.00842736196
      vertex 0.0268384833 0.0207341462 0.00741890818
    endloop
  endfacet
  facet normal 0.382576108 -0.862015486 -0.332512856
    outer loop
      vertex 0.0268384833 0.0207341462 0.00741890818
      vertex 0.0268384777 0.020345144 0.00842736196
      vertex 0.0258202404 0.0199554935 0.0082659591
    endloop
  endfacet
  facet normal 0.382574409 -0.862015486 -0.332514912
    outer loop
      vertex 0.0268384833 0.0207341462 0.00741890818
      vertex 0.0258202404 0.0199554935 0.0082659591
      vertex 0.0258202441 0.0203370471 0.00727681955
    endloop
  endfacet
  facet normal -0.382596046 -0.862006128 -0.332514197
    outer loop
      vertex 0.0258202441 0.0203370471 0.00727681955
      vertex 0.0258202404 0.0199554935 0.0082659591
      vertex 0.0248020105 0.0203451682 0.00842736196
    endloop
  endfacet
  facet normal -0.38259545 -0.862006605 -0.33251369
    outer loop
      vertex 0.0258202441 0.0203370471 0.00727681955
      vertex 0.0248020105 0.0203451682 0.00842736196
      vertex 0.0248020161 0.0207341705 0.00741890818
    endloop
  endfacet
  facet normal -0.923843026 -0.357121497 -0.137761623
    outer loop
      vertex 0.0248020161 0.0207341705 0.00741890818
      vertex 0.0248020105 0.0203451682 0.00842736196
      vertex 0.0243802555 0.021285899 0.00881702267
    endloop
  endfacet
  facet normal -0.923843145 -0.357121259 -0.137761712
    outer loop
      vertex 0.0248020161 0.0207341705 0.00741890818
      vertex 0.0243802555 0.021285899 0.00881702267
      vertex 0.0243802611 0.0216928888 0.00776194083
    endloop
  endfacet
  facet normal -0.923834503 0.357144058 0.137760729
    outer loop
      vertex 0.0243802611 0.0216928888 0.00776194083
      vertex 0.0243802555 0.021285899 0.00881702267
      vertex 0.0248020329 0.0222266186 0.00920668431
    endloop
  endfacet
  facet normal -0.923834443 0.357144207 0.137760639
    outer loop
      vertex 0.0243802611 0.0216928888 0.00776194083
      vertex 0.0248020329 0.0222266186 0.00920668431
      vertex 0.0248020384 0.0226515941 0.00810497347
    endloop
  endfacet
  facet normal -0.382574171 0.862016141 0.332513422
    outer loop
      vertex 0.0248020384 0.0226515941 0.00810497347
      vertex 0.0248020329 0.0222266186 0.00920668431
      vertex 0.025820272 0.0226162672 0.00936808717
    endloop
  endfacet
  facet normal -0.38257432 0.862016082 0.332513481
    outer loop
      vertex 0.0248020384 0.0226515941 0.00810497347
      vertex 0.025820272 0.0226162672 0.00936808717
      vertex 0.0258202776 0.0230486933 0.00824706163
    endloop
  endfacet
  facet normal 0.382596195 0.844651997 0.374410421
    outer loop
      vertex 0.025820272 0.0226162672 0.00936808717
      vertex 0.0258202665 0.0221293531 0.0104665477
      vertex 0.0268384945 0.0217480678 0.0102862194
    endloop
  endfacet
  facet normal 0.382595092 0.844651997 0.374411672
    outer loop
      vertex 0.025820272 0.0226162672 0.00936808717
      vertex 0.0268384945 0.0217480678 0.0102862194
      vertex 0.0268385001 0.0222265944 0.00920668431
    endloop
  endfacet
  facet normal 0.923842847 0.349931896 0.155119434
    outer loop
      vertex 0.0268385001 0.0222265944 0.00920668431
      vertex 0.0268384945 0.0217480678 0.0102862194
      vertex 0.0272602495 0.0208275914 0.00985086896
    endloop
  endfacet
  facet normal 0.923842967 0.349931687 0.155118912
    outer loop
      vertex 0.0268385001 0.0222265944 0.00920668431
      vertex 0.0272602495 0.0208275914 0.00985086896
      vertex 0.0272602551 0.0212858636 0.00881702267
    endloop
  endfacet
  facet normal 0.923835158 -0.349952847 -0.155118316
    outer loop
      vertex 0.0272602551 0.0212858636 0.00881702267
      vertex 0.0272602495 0.0208275914 0.00985086896
      vertex 0.026838474 0.0199071243 0.00941551756
    endloop
  endfacet
  facet normal 0.923834503 -0.349953532 -0.155120388
    outer loop
      vertex 0.0272602551 0.0212858636 0.00881702267
      vertex 0.026838474 0.0199071243 0.00941551756
      vertex 0.0268384777 0.020345144 0.00842736196
    endloop
  endfacet
  facet normal 0.382575482 -0.844660997 -0.374411345
    outer loop
      vertex 0.0268384777 0.020345144 0.00842736196
      vertex 0.026838474 0.0199071243 0.00941551756
      vertex 0.0258202348 0.0195258632 0.0092351893
    endloop
  endfacet
  facet normal 0.382576287 -0.844661057 -0.374410361
    outer loop
      vertex 0.0268384777 0.020345144 0.00842736196
      vertex 0.0258202348 0.0195258632 0.0092351893
      vertex 0.0258202404 0.0199554935 0.0082659591
    endloop
  endfacet
  facet normal -0.382595628 -0.844652057 -0.374410808
    outer loop
      vertex 0.0258202404 0.0199554935 0.0082659591
      vertex 0.0258202348 0.0195258632 0.0092351893
      vertex 0.0248020049 0.0199071486 0.00941551756
    endloop
  endfacet
  facet normal -0.382595778 -0.844651937 -0.374410927
    outer loop
      vertex 0.0258202404 0.0199554935 0.0082659591
      vertex 0.0248020049 0.0199071486 0.00941551756
      vertex 0.0248020105 0.0203451682 0.00842736196
    endloop
  endfacet
  facet normal -0.923843205 -0.34993127 -0.155119225
    outer loop
      vertex 0.0248020105 0.0203451682 0.00842736196
      vertex 0.0248020049 0.0199071486 0.00941551756
      vertex 0.0243802499 0.0208276268 0.00985086896
    endloop
  endfacet
  facet normal -0.923842967 -0.349931836 -0.155118987
    outer loop
      vertex 0.0248020105 0.0203451682 0.00842736196
      vertex 0.0243802499 0.0208276268 0.00985086896
      vertex 0.0243802555 0.021285899 0.00881702267
    endloop
  endfacet
  facet normal -0.923834264 0.349954784 0.155119151
    outer loop
      vertex 0.0243802555 0.021285899 0.00881702267
      vertex 0.0243802499 0.0208276268 0.00985086896
      vertex 0.0248020273 0.021748092 0.0102862194
    endloop
  endfacet
  facet normal -0.923834562 0.349953771 0.155119568
    outer loop
      vertex 0.0243802555 0.021285899 0.00881702267
      vertex 0.0248020273 0.021748092 0.0102862194
      vertex 0.0248020329 0.0222266186 0.00920668431
    endloop
  endfacet
  facet normal -0.382575452 0.844660819 0.374411672
    outer loop
      vertex 0.0248020329 0.0222266186 0.00920668431
      vertex 0.0248020273 0.021748092 0.0102862194
      vertex 0.0258202665 0.0221293531 0.0104665477
    endloop
  endfacet
  facet normal -0.382574379 0.844661713 0.374410868
    outer loop
      vertex 0.0248020329 0.0222266186 0.00920668431
      vertex 0.0258202665 0.0221293531 0.0104665477
      vertex 0.025820272 0.0226162672 0.00936808717
    endloop
  endfacet
  facet normal 0.382595479 0.825263679 0.415404201
    outer loop
      vertex 0.0258202665 0.0221293531 0.0104665477
      vertex 0.025820259 0.0215891302 0.0115397898
      vertex 0.0268384889 0.0212171525 0.0113409702
    endloop
  endfacet
  facet normal 0.382595956 0.825263679 0.415403605
    outer loop
      vertex 0.0258202665 0.0221293531 0.0104665477
      vertex 0.0268384889 0.0212171525 0.0113409702
      vertex 0.0268384945 0.0217480678 0.0102862194
    endloop
  endfacet
  facet normal 0.923842967 0.341899186 0.17210196
    outer loop
      vertex 0.0268384945 0.0217480678 0.0102862194
      vertex 0.0268384889 0.0212171525 0.0113409702
      vertex 0.0272602439 0.0203191452 0.0108609786
    endloop
  endfacet
  facet normal 0.923842788 0.341899335 0.172102705
    outer loop
      vertex 0.0268384945 0.0217480678 0.0102862194
      vertex 0.0272602439 0.0203191452 0.0108609786
      vertex 0.0272602495 0.0208275914 0.00985086896
    endloop
  endfacet
  facet normal 0.923834443 -0.341921508 -0.172103629
    outer loop
      vertex 0.0272602495 0.0208275914 0.00985086896
      vertex 0.0272602439 0.0203191452 0.0108609786
      vertex 0.0268384665 0.019421149 0.0103809871
    endloop
  endfacet
  facet normal 0.923835218 -0.341920674 -0.172100857
    outer loop
      vertex 0.0272602495 0.0208275914 0.00985086896
      vertex 0.0268384665 0.019421149 0.0103809871
      vertex 0.026838474 0.0199071243 0.00941551756
    endloop
  endfacet
  facet normal 0.382576287 -0.825272858 -0.415403455
    outer loop
      vertex 0.026838474 0.0199071243 0.00941551756
      vertex 0.0268384665 0.019421149 0.0103809871
      vertex 0.0258202292 0.0190491956 0.0101821674
    endloop
  endfacet
  facet normal 0.382575691 -0.825272799 -0.41540429
    outer loop
      vertex 0.026838474 0.0199071243 0.00941551756
      vertex 0.0258202292 0.0190491956 0.0101821674
      vertex 0.0258202348 0.0195258632 0.0092351893
    endloop
  endfacet
  facet normal -0.382595479 -0.825263619 -0.415404111
    outer loop
      vertex 0.0258202348 0.0195258632 0.0092351893
      vertex 0.0258202292 0.0190491956 0.0101821674
      vertex 0.0248019993 0.0194211733 0.0103809871
    endloop
  endfacet
  facet normal -0.38259539 -0.825263739 -0.415404052
    outer loop
      vertex 0.0258202348 0.0195258632 0.0092351893
      vertex 0.0248019993 0.0194211733 0.0103809871
      vertex 0.0248020049 0.0199071486 0.00941551756
    endloop
  endfacet
  facet normal -0.923843026 -0.341898948 -0.172102377
    outer loop
      vertex 0.0248020049 0.0199071486 0.00941551756
      vertex 0.0248019993 0.0194211733 0.0103809871
      vertex 0.0243802443 0.0203191806 0.0108609786
    endloop
  endfacet
  facet normal -0.923843086 -0.341898799 -0.172102422
    outer loop
      vertex 0.0248020049 0.0199071486 0.00941551756
      vertex 0.0243802443 0.0203191806 0.0108609786
      vertex 0.0243802499 0.0208276268 0.00985086896
    endloop
  endfacet
  facet normal -0.923834443 0.341921479 0.172103629
    outer loop
      vertex 0.0243802499 0.0208276268 0.00985086896
      vertex 0.0243802443 0.0203191806 0.0108609786
      vertex 0.0248020217 0.0212171767 0.0113409702
    endloop
  endfacet
  facet normal -0.923834324 0.341921747 0.172103539
    outer loop
      vertex 0.0243802499 0.0208276268 0.00985086896
      vertex 0.0248020217 0.0212171767 0.0113409702
      vertex 0.0248020273 0.021748092 0.0102862194
    endloop
  endfacet
  facet normal -0.382576287 0.82527256 0.415404052
    outer loop
      vertex 0.0248020273 0.021748092 0.0102862194
      vertex 0.0248020217 0.0212171767 0.0113409702
      vertex 0.025820259 0.0215891302 0.0115397898
    endloop
  endfacet
  facet normal -0.382575721 0.825273156 0.415403605
    outer loop
      vertex 0.0248020273 0.021748092 0.0102862194
      vertex 0.025820259 0.0215891302 0.0115397898
      vertex 0.0258202665 0.0221293531 0.0104665477
    endloop
  endfacet
  facet normal 0.382595837 0.803886116 0.455398142
    outer loop
      vertex 0.025820259 0.0215891302 0.0115397898
      vertex 0.0258202534 0.0209968947 0.0125852311
      vertex 0.0268384814 0.0206351206 0.0123683996
    endloop
  endfacet
  facet normal 0.382595241 0.803885996 0.455398828
    outer loop
      vertex 0.025820259 0.0215891302 0.0115397898
      vertex 0.0268384814 0.0206351206 0.0123683996
      vertex 0.0268384889 0.0212171525 0.0113409702
    endloop
  endfacet
  facet normal 0.92384249 0.333042771 0.188673213
    outer loop
      vertex 0.0268384889 0.0212171525 0.0113409702
      vertex 0.0268384814 0.0206351206 0.0123683996
      vertex 0.0272602383 0.0197617467 0.0118449228
    endloop
  endfacet
  facet normal 0.923842967 0.333042443 0.188671783
    outer loop
      vertex 0.0268384889 0.0212171525 0.0113409702
      vertex 0.0272602383 0.0197617467 0.0118449228
      vertex 0.0272602439 0.0203191452 0.0108609786
    endloop
  endfacet
  facet normal 0.923834443 -0.333064646 -0.188673869
    outer loop
      vertex 0.0272602439 0.0203191452 0.0108609786
      vertex 0.0272602383 0.0197617467 0.0118449228
      vertex 0.0268384609 0.0188883841 0.0113214469
    endloop
  endfacet
  facet normal 0.923834562 -0.333064616 -0.18867366
    outer loop
      vertex 0.0272602439 0.0203191452 0.0108609786
      vertex 0.0268384609 0.0188883841 0.0113214469
      vertex 0.0268384665 0.019421149 0.0103809871
    endloop
  endfacet
  facet normal 0.382575303 -0.803895116 -0.455399603
    outer loop
      vertex 0.0268384665 0.019421149 0.0103809871
      vertex 0.0268384609 0.0188883841 0.0113214469
      vertex 0.0258202236 0.0185266361 0.0111046154
    endloop
  endfacet
  facet normal 0.382576585 -0.803895414 -0.455398053
    outer loop
      vertex 0.0268384665 0.019421149 0.0103809871
      vertex 0.0258202236 0.0185266361 0.0111046154
      vertex 0.0258202292 0.0190491956 0.0101821674
    endloop
  endfacet
  facet normal -0.382594019 -0.803887129 -0.455398023
    outer loop
      vertex 0.0258202292 0.0190491956 0.0101821674
      vertex 0.0258202236 0.0185266361 0.0111046154
      vertex 0.0248019937 0.0188884083 0.0113214469
    endloop
  endfacet
  facet normal -0.382595241 -0.803885937 -0.455398947
    outer loop
      vertex 0.0258202292 0.0190491956 0.0101821674
      vertex 0.0248019937 0.0188884083 0.0113214469
      vertex 0.0248019993 0.0194211733 0.0103809871
    endloop
  endfacet
  facet normal -0.923842371 -0.333043337 -0.188672572
    outer loop
      vertex 0.0248019993 0.0194211733 0.0103809871
      vertex 0.0248019937 0.0188884083 0.0113214469
      vertex 0.0243802369 0.0197617821 0.0118449228
    endloop
  endfacet
  facet normal -0.923842847 -0.333041698 -0.188673094
    outer loop
      vertex 0.0248019993 0.0194211733 0.0103809871
      vertex 0.0243802369 0.0197617821 0.0118449228
      vertex 0.0243802443 0.0203191806 0.0108609786
    endloop
  endfacet
  facet normal -0.923834443 0.333065271 0.188672468
    outer loop
      vertex 0.0243802443 0.0203191806 0.0108609786
      vertex 0.0243802369 0.0197617821 0.0118449228
      vertex 0.0248020142 0.0206351448 0.0123683996
    endloop
  endfacet
  facet normal -0.923834562 0.333065242 0.188672528
    outer loop
      vertex 0.0243802443 0.0203191806 0.0108609786
      vertex 0.0248020142 0.0206351448 0.0123683996
      vertex 0.0248020217 0.0212171767 0.0113409702
    endloop
  endfacet
  facet normal -0.382575899 0.803895414 0.45539856
    outer loop
      vertex 0.0248020217 0.0212171767 0.0113409702
      vertex 0.0248020142 0.0206351448 0.0123683996
      vertex 0.0258202534 0.0209968947 0.0125852311
    endloop
  endfacet
  facet normal -0.382576555 0.803894818 0.455399007
    outer loop
      vertex 0.0248020217 0.0212171767 0.0113409702
      vertex 0.0258202534 0.0209968947 0.0125852311
      vertex 0.025820259 0.0215891302 0.0115397898
    endloop
  endfacet
  facet normal 0.382594854 0.780571938 0.494296134
    outer loop
      vertex 0.0258202534 0.0209968947 0.0125852311
      vertex 0.0258202441 0.0203540716 0.0136003578
      vertex 0.026838474 0.0200033728 0.013366037
    endloop
  endfacet
  facet normal 0.382595569 0.780572057 0.494295359
    outer loop
      vertex 0.0258202534 0.0209968947 0.0125852311
      vertex 0.026838474 0.0200033728 0.013366037
      vertex 0.0268384814 0.0206351206 0.0123683996
    endloop
  endfacet
  facet normal 0.923842371 0.323383957 0.204787821
    outer loop
      vertex 0.0268384814 0.0206351206 0.0123683996
      vertex 0.026838474 0.0200033728 0.013366037
      vertex 0.0272602309 0.0191567373 0.0128003368
    endloop
  endfacet
  facet normal 0.923842311 0.323384017 0.204787984
    outer loop
      vertex 0.0268384814 0.0206351206 0.0123683996
      vertex 0.0272602309 0.0191567373 0.0128003368
      vertex 0.0272602383 0.0197617467 0.0118449228
    endloop
  endfacet
  facet normal 0.923834443 -0.323406637 -0.20478785
    outer loop
      vertex 0.0272602383 0.0197617467 0.0118449228
      vertex 0.0272602309 0.0191567373 0.0128003368
      vertex 0.0268384535 0.0183101129 0.0122346366
    endloop
  endfacet
  facet normal 0.923834622 -0.323406547 -0.204787493
    outer loop
      vertex 0.0272602383 0.0197617467 0.0118449228
      vertex 0.0268384535 0.0183101129 0.0122346366
      vertex 0.0268384609 0.0188883841 0.0113214469
    endloop
  endfacet
  facet normal 0.382575333 -0.78058207 -0.49429521
    outer loop
      vertex 0.0268384609 0.0188883841 0.0113214469
      vertex 0.0268384535 0.0183101129 0.0122346366
      vertex 0.0258202162 0.0179594401 0.0120003158
    endloop
  endfacet
  facet normal 0.382575601 -0.78058219 -0.494294882
    outer loop
      vertex 0.0268384609 0.0188883841 0.0113214469
      vertex 0.0258202162 0.0179594401 0.0120003158
      vertex 0.0258202236 0.0185266361 0.0111046154
    endloop
  endfacet
  facet normal -0.382593602 -0.780572951 -0.494295448
    outer loop
      vertex 0.0258202236 0.0185266361 0.0111046154
      vertex 0.0258202162 0.0179594401 0.0120003158
      vertex 0.0248019863 0.0183101371 0.0122346366
    endloop
  endfacet
  facet normal -0.382593781 -0.780572772 -0.494295567
    outer loop
      vertex 0.0258202236 0.0185266361 0.0111046154
      vertex 0.0248019863 0.0183101371 0.0122346366
      vertex 0.0248019937 0.0188884083 0.0113214469
    endloop
  endfacet
  facet normal -0.923843026 -0.323382527 -0.204787344
    outer loop
      vertex 0.0248019937 0.0188884083 0.0113214469
      vertex 0.0248019863 0.0183101371 0.0122346366
      vertex 0.0243802313 0.0191567726 0.0128003368
    endloop
  endfacet
  facet normal -0.923842311 -0.323384911 -0.204786733
    outer loop
      vertex 0.0248019937 0.0188884083 0.0113214469
      vertex 0.0243802313 0.0191567726 0.0128003368
      vertex 0.0243802369 0.0197617821 0.0118449228
    endloop
  endfacet
  facet normal -0.923835099 0.323404551 0.204788342
    outer loop
      vertex 0.0243802369 0.0197617821 0.0118449228
      vertex 0.0243802313 0.0191567726 0.0128003368
      vertex 0.0248020068 0.020003397 0.013366037
    endloop
  endfacet
  facet normal -0.923834622 0.323406041 0.204787999
    outer loop
      vertex 0.0243802369 0.0197617821 0.0118449228
      vertex 0.0248020068 0.020003397 0.013366037
      vertex 0.0248020142 0.0206351448 0.0123683996
    endloop
  endfacet
  facet normal -0.382576525 0.780581295 0.494295478
    outer loop
      vertex 0.0248020142 0.0206351448 0.0123683996
      vertex 0.0248020068 0.020003397 0.013366037
      vertex 0.0258202441 0.0203540716 0.0136003578
    endloop
  endfacet
  facet normal -0.382576197 0.780581653 0.494295239
    outer loop
      vertex 0.0248020142 0.0206351448 0.0123683996
      vertex 0.0258202441 0.0203540716 0.0136003578
      vertex 0.0258202534 0.0209968947 0.0125852311
    endloop
  endfacet
  facet normal 0.382594317 0.755378902 0.532000244
    outer loop
      vertex 0.0258202441 0.0203540716 0.0136003578
      vertex 0.0258202367 0.0196622144 0.0145827206
      vertex 0.0268384665 0.0193234365 0.014331474
    endloop
  endfacet
  facet normal 0.382594556 0.755379021 0.531999946
    outer loop
      vertex 0.0258202441 0.0203540716 0.0136003578
      vertex 0.0268384665 0.0193234365 0.014331474
      vertex 0.026838474 0.0200033728 0.013366037
    endloop
  endfacet
  facet normal 0.92384249 0.312946051 0.220408246
    outer loop
      vertex 0.026838474 0.0200033728 0.013366037
      vertex 0.0268384665 0.0193234365 0.014331474
      vertex 0.0272602234 0.018505577 0.0137249129
    endloop
  endfacet
  facet normal 0.923842192 0.312946141 0.220409095
    outer loop
      vertex 0.026838474 0.0200033728 0.013366037
      vertex 0.0272602234 0.018505577 0.0137249129
      vertex 0.0272602309 0.0191567373 0.0128003368
    endloop
  endfacet
  facet normal 0.923834383 -0.312968642 -0.220410064
    outer loop
      vertex 0.0272602309 0.0191567373 0.0128003368
      vertex 0.0272602234 0.018505577 0.0137249129
      vertex 0.026838446 0.0176877305 0.0131183518
    endloop
  endfacet
  facet normal 0.923834562 -0.312968582 -0.220409483
    outer loop
      vertex 0.0272602309 0.0191567373 0.0128003368
      vertex 0.026838446 0.0176877305 0.0131183518
      vertex 0.0268384535 0.0183101129 0.0122346366
    endloop
  endfacet
  facet normal 0.382574946 -0.7553882 -0.532001078
    outer loop
      vertex 0.0268384535 0.0183101129 0.0122346366
      vertex 0.026838446 0.0176877305 0.0131183518
      vertex 0.0258202087 0.0173489787 0.0128671061
    endloop
  endfacet
  facet normal 0.382575631 -0.755388379 -0.532000184
    outer loop
      vertex 0.0268384535 0.0183101129 0.0122346366
      vertex 0.0258202087 0.0173489787 0.0128671061
      vertex 0.0258202162 0.0179594401 0.0120003158
    endloop
  endfacet
  facet normal -0.382592738 -0.755379498 -0.532000542
    outer loop
      vertex 0.0258202162 0.0179594401 0.0120003158
      vertex 0.0258202087 0.0173489787 0.0128671061
      vertex 0.0248019788 0.0176877547 0.0131183518
    endloop
  endfacet
  facet normal -0.382593334 -0.755378842 -0.532000959
    outer loop
      vertex 0.0258202162 0.0179594401 0.0120003158
      vertex 0.0248019788 0.0176877547 0.0131183518
      vertex 0.0248019863 0.0183101371 0.0122346366
    endloop
  endfacet
  facet normal -0.923842311 -0.312945932 -0.220409155
    outer loop
      vertex 0.0248019863 0.0183101371 0.0122346366
      vertex 0.0248019788 0.0176877547 0.0131183518
      vertex 0.024380222 0.0185056124 0.0137249129
    endloop
  endfacet
  facet normal -0.923842847 -0.312944144 -0.220409542
    outer loop
      vertex 0.0248019863 0.0183101371 0.0122346366
      vertex 0.024380222 0.0185056124 0.0137249129
      vertex 0.0243802313 0.0191567726 0.0128003368
    endloop
  endfacet
  facet normal -0.923834622 0.312969178 0.220408529
    outer loop
      vertex 0.0243802313 0.0191567726 0.0128003368
      vertex 0.024380222 0.0185056124 0.0137249129
      vertex 0.0248019993 0.0193234608 0.014331474
    endloop
  endfacet
  facet normal -0.923835158 0.312967241 0.220408887
    outer loop
      vertex 0.0243802313 0.0191567726 0.0128003368
      vertex 0.0248019993 0.0193234608 0.014331474
      vertex 0.0248020068 0.020003397 0.013366037
    endloop
  endfacet
  facet normal -0.382576495 0.755387843 0.532000303
    outer loop
      vertex 0.0248020068 0.020003397 0.013366037
      vertex 0.0248019993 0.0193234608 0.014331474
      vertex 0.0258202367 0.0196622144 0.0145827206
    endloop
  endfacet
  facet normal -0.382576823 0.755387604 0.532000482
    outer loop
      vertex 0.0248020068 0.020003397 0.013366037
      vertex 0.0258202367 0.0196622144 0.0145827206
      vertex 0.0258202441 0.0203540716 0.0136003578
    endloop
  endfacet
  facet normal 0.382594645 0.728364527 0.568424523
    outer loop
      vertex 0.0258202367 0.0196622144 0.0145827206
      vertex 0.0258202273 0.0189229921 0.0155299474
      vertex 0.0268384572 0.0185969491 0.0152623812
    endloop
  endfacet
  facet normal 0.382594049 0.728364348 0.568425238
    outer loop
      vertex 0.0258202367 0.0196622144 0.0145827206
      vertex 0.0268384572 0.0185969491 0.0152623812
      vertex 0.0268384665 0.0193234365 0.014331474
    endloop
  endfacet
  facet normal 0.92384249 0.301753193 0.235499859
    outer loop
      vertex 0.0268384665 0.0193234365 0.014331474
      vertex 0.0268384572 0.0185969491 0.0152623812
      vertex 0.0272602141 0.0178098381 0.0146164205
    endloop
  endfacet
  facet normal 0.92384243 0.301753193 0.235500023
    outer loop
      vertex 0.0268384665 0.0193234365 0.014331474
      vertex 0.0272602141 0.0178098381 0.0146164205
      vertex 0.0272602234 0.018505577 0.0137249129
    endloop
  endfacet
  facet normal 0.923835099 -0.30177632 -0.235498756
    outer loop
      vertex 0.0272602234 0.018505577 0.0137249129
      vertex 0.0272602141 0.0178098381 0.0146164205
      vertex 0.0268384386 0.0170227382 0.0139704598
    endloop
  endfacet
  facet normal 0.923834562 -0.301776499 -0.235500842
    outer loop
      vertex 0.0272602234 0.018505577 0.0137249129
      vertex 0.0268384386 0.0170227382 0.0139704598
      vertex 0.026838446 0.0176877305 0.0131183518
    endloop
  endfacet
  facet normal 0.38257587 -0.728373587 -0.568425536
    outer loop
      vertex 0.026838446 0.0176877305 0.0131183518
      vertex 0.0268384386 0.0170227382 0.0139704598
      vertex 0.0258202013 0.0166967213 0.0137028946
    endloop
  endfacet
  facet normal 0.382575274 -0.728373349 -0.568426251
    outer loop
      vertex 0.026838446 0.0176877305 0.0131183518
      vertex 0.0258202013 0.0166967213 0.0137028946
      vertex 0.0258202087 0.0173489787 0.0128671061
    endloop
  endfacet
  facet normal -0.382593125 -0.728364289 -0.568425894
    outer loop
      vertex 0.0258202087 0.0173489787 0.0128671061
      vertex 0.0258202013 0.0166967213 0.0137028946
      vertex 0.0248019714 0.0170227624 0.0139704598
    endloop
  endfacet
  facet normal -0.38259244 -0.728364944 -0.568425477
    outer loop
      vertex 0.0258202087 0.0173489787 0.0128671061
      vertex 0.0248019714 0.0170227624 0.0139704598
      vertex 0.0248019788 0.0176877547 0.0131183518
    endloop
  endfacet
  facet normal -0.92384249 -0.3017537 -0.235499203
    outer loop
      vertex 0.0248019788 0.0176877547 0.0131183518
      vertex 0.0248019714 0.0170227624 0.0139704598
      vertex 0.0243802145 0.0178098734 0.0146164205
    endloop
  endfacet
  facet normal -0.923842192 -0.301754475 -0.235499069
    outer loop
      vertex 0.0248019788 0.0176877547 0.0131183518
      vertex 0.0243802145 0.0178098734 0.0146164205
      vertex 0.024380222 0.0185056124 0.0137249129
    endloop
  endfacet
  facet normal -0.923835158 0.301775396 0.235499963
    outer loop
      vertex 0.024380222 0.0185056124 0.0137249129
      vertex 0.0243802145 0.0178098734 0.0146164205
      vertex 0.02480199 0.0185969733 0.0152623812
    endloop
  endfacet
  facet normal -0.923834801 0.301776767 0.235499784
    outer loop
      vertex 0.024380222 0.0185056124 0.0137249129
      vertex 0.02480199 0.0185969733 0.0152623812
      vertex 0.0248019993 0.0193234608 0.014331474
    endloop
  endfacet
  facet normal -0.382577479 0.728373408 0.568424702
    outer loop
      vertex 0.0248019993 0.0193234608 0.014331474
      vertex 0.02480199 0.0185969733 0.0152623812
      vertex 0.0258202273 0.0189229921 0.0155299474
    endloop
  endfacet
  facet normal -0.382576853 0.728373945 0.568424344
    outer loop
      vertex 0.0248019993 0.0193234608 0.014331474
      vertex 0.0258202273 0.0189229921 0.0155299474
      vertex 0.0258202367 0.0196622144 0.0145827206
    endloop
  endfacet
  facet normal 0.382594615 0.699595392 0.603479564
    outer loop
      vertex 0.0258202273 0.0189229921 0.0155299474
      vertex 0.025820218 0.0181381814 0.0164397601
      vertex 0.0268384479 0.0178256594 0.0161565188
    endloop
  endfacet
  facet normal 0.382594287 0.699595273 0.603479922
    outer loop
      vertex 0.0258202273 0.0189229921 0.0155299474
      vertex 0.0268384479 0.0178256594 0.0161565188
      vertex 0.0268384572 0.0185969491 0.0152623812
    endloop
  endfacet
  facet normal 0.923842192 0.28983444 0.250022948
    outer loop
      vertex 0.0268384572 0.0185969491 0.0152623812
      vertex 0.0268384479 0.0178256594 0.0161565188
      vertex 0.0272602048 0.0170711931 0.0154727157
    endloop
  endfacet
  facet normal 0.923842311 0.28983447 0.250022858
    outer loop
      vertex 0.0268384572 0.0185969491 0.0152623812
      vertex 0.0272602048 0.0170711931 0.0154727157
      vertex 0.0272602141 0.0178098381 0.0146164205
    endloop
  endfacet
  facet normal 0.923835695 -0.289856434 -0.250021726
    outer loop
      vertex 0.0272602141 0.0178098381 0.0146164205
      vertex 0.0272602048 0.0170711931 0.0154727157
      vertex 0.0268384311 0.016316738 0.0147889117
    endloop
  endfacet
  facet normal 0.923835337 -0.289856523 -0.250023156
    outer loop
      vertex 0.0272602141 0.0178098381 0.0146164205
      vertex 0.0268384311 0.016316738 0.0147889117
      vertex 0.0268384386 0.0170227382 0.0139704598
    endloop
  endfacet
  facet normal 0.38257584 -0.699605644 -0.603479505
    outer loop
      vertex 0.0268384386 0.0170227382 0.0139704598
      vertex 0.0268384311 0.016316738 0.0147889117
      vertex 0.0258201919 0.016004242 0.0145056713
    endloop
  endfacet
  facet normal 0.382576257 -0.699605882 -0.603479207
    outer loop
      vertex 0.0268384386 0.0170227382 0.0139704598
      vertex 0.0258201919 0.016004242 0.0145056713
      vertex 0.0258202013 0.0166967213 0.0137028946
    endloop
  endfacet
  facet normal -0.382593125 -0.699596226 -0.603479683
    outer loop
      vertex 0.0258202013 0.0166967213 0.0137028946
      vertex 0.0258201919 0.016004242 0.0145056713
      vertex 0.0248019621 0.0163167622 0.0147889117
    endloop
  endfacet
  facet normal -0.382592738 -0.699596524 -0.603479445
    outer loop
      vertex 0.0258202013 0.0166967213 0.0137028946
      vertex 0.0248019621 0.0163167622 0.0147889117
      vertex 0.0248019714 0.0170227624 0.0139704598
    endloop
  endfacet
  facet normal -0.923842371 -0.289834291 -0.250022858
    outer loop
      vertex 0.0248019714 0.0170227624 0.0139704598
      vertex 0.0248019621 0.0163167622 0.0147889117
      vertex 0.0243802052 0.0170712285 0.0154727157
    endloop
  endfacet
  facet normal -0.923842311 -0.289834499 -0.250022888
    outer loop
      vertex 0.0248019714 0.0170227624 0.0139704598
      vertex 0.0243802052 0.0170712285 0.0154727157
      vertex 0.0243802145 0.0178098734 0.0146164205
    endloop
  endfacet
  facet normal -0.923835039 0.289857686 0.250022799
    outer loop
      vertex 0.0243802145 0.0178098734 0.0146164205
      vertex 0.0243802052 0.0170712285 0.0154727157
      vertex 0.0248019807 0.0178256836 0.0161565188
    endloop
  endfacet
  facet normal -0.923835278 0.289856702 0.250022858
    outer loop
      vertex 0.0243802145 0.0178098734 0.0146164205
      vertex 0.0248019807 0.0178256836 0.0161565188
      vertex 0.02480199 0.0185969733 0.0152623812
    endloop
  endfacet
  facet normal -0.382578015 0.699604273 0.603479743
    outer loop
      vertex 0.02480199 0.0185969733 0.0152623812
      vertex 0.0248019807 0.0178256836 0.0161565188
      vertex 0.025820218 0.0181381814 0.0164397601
    endloop
  endfacet
  facet normal -0.382577747 0.699604511 0.603479683
    outer loop
      vertex 0.02480199 0.0185969733 0.0152623812
      vertex 0.025820218 0.0181381814 0.0164397601
      vertex 0.0258202273 0.0189229921 0.0155299474
    endloop
  endfacet
  facet normal 0.382593542 0.669141769 0.637080371
    outer loop
      vertex 0.025820218 0.0181381814 0.0164397601
      vertex 0.0258202087 0.0173096694 0.017309973
      vertex 0.0268384386 0.0170114227 0.0170117393
    endloop
  endfacet
  facet normal 0.382594287 0.669142067 0.637079656
    outer loop
      vertex 0.025820218 0.0181381814 0.0164397601
      vertex 0.0268384386 0.0170114227 0.0170117393
      vertex 0.0268384479 0.0178256594 0.0161565188
    endloop
  endfacet
  facet normal 0.923842251 0.277217805 0.263943076
    outer loop
      vertex 0.0268384479 0.0178256594 0.0161565188
      vertex 0.0268384386 0.0170114227 0.0170117393
      vertex 0.0272601955 0.016291419 0.0162917394
    endloop
  endfacet
  facet normal 0.923842072 0.277217805 0.263943374
    outer loop
      vertex 0.0268384479 0.0178256594 0.0161565188
      vertex 0.0272601955 0.016291419 0.0162917394
      vertex 0.0272602048 0.0170711931 0.0154727157
    endloop
  endfacet
  facet normal 0.923836052 -0.277238905 -0.26394242
    outer loop
      vertex 0.0272602048 0.0170711931 0.0154727157
      vertex 0.0272601955 0.016291419 0.0162917394
      vertex 0.0268384218 0.0155714219 0.0155717395
    endloop
  endfacet
  facet normal 0.923835814 -0.277238876 -0.263943046
    outer loop
      vertex 0.0272602048 0.0170711931 0.0154727157
      vertex 0.0268384218 0.0155714219 0.0155717395
      vertex 0.0268384311 0.016316738 0.0147889117
    endloop
  endfacet
  facet normal 0.382576525 -0.669150531 -0.637081385
    outer loop
      vertex 0.0268384311 0.016316738 0.0147889117
      vertex 0.0268384218 0.0155714219 0.0155717395
      vertex 0.0258201845 0.0152732003 0.0152735068
    endloop
  endfacet
  facet normal 0.382576168 -0.669150352 -0.637081802
    outer loop
      vertex 0.0268384311 0.016316738 0.0147889117
      vertex 0.0258201845 0.0152732003 0.0152735068
      vertex 0.0258201919 0.016004242 0.0145056713
    endloop
  endfacet
  facet normal -0.382593572 -0.669141412 -0.637080669
    outer loop
      vertex 0.0258201919 0.016004242 0.0145056713
      vertex 0.0258201845 0.0152732003 0.0152735068
      vertex 0.0248019546 0.0155714471 0.0155717405
    endloop
  endfacet
  facet normal -0.382592678 -0.669142365 -0.637080252
    outer loop
      vertex 0.0258201919 0.016004242 0.0145056713
      vertex 0.0248019546 0.0155714471 0.0155717405
      vertex 0.0248019621 0.0163167622 0.0147889117
    endloop
  endfacet
  facet normal -0.923841715 -0.277219146 -0.263943404
    outer loop
      vertex 0.0248019621 0.0163167622 0.0147889117
      vertex 0.0248019546 0.0155714471 0.0155717405
      vertex 0.0243801959 0.0162914526 0.0162917394
    endloop
  endfacet
  facet normal -0.923842192 -0.277217358 -0.263943553
    outer loop
      vertex 0.0248019621 0.0163167622 0.0147889117
      vertex 0.0243801959 0.0162914526 0.0162917394
      vertex 0.0243802052 0.0170712285 0.0154727157
    endloop
  endfacet
  facet normal -0.923835158 0.277240098 0.263944179
    outer loop
      vertex 0.0243802052 0.0170712285 0.0154727157
      vertex 0.0243801959 0.0162914526 0.0162917394
      vertex 0.0248019714 0.0170114469 0.0170117393
    endloop
  endfacet
  facet normal -0.923835158 0.277240098 0.263944149
    outer loop
      vertex 0.0243802052 0.0170712285 0.0154727157
      vertex 0.0248019714 0.0170114469 0.0170117393
      vertex 0.0248019807 0.0178256836 0.0161565188
    endloop
  endfacet
  facet normal -0.382577509 0.669151306 0.637080133
    outer loop
      vertex 0.0248019807 0.0178256836 0.0161565188
      vertex 0.0248019714 0.0170114469 0.0170117393
      vertex 0.0258202087 0.0173096694 0.017309973
    endloop
  endfacet
  facet normal -0.382578343 0.669150472 0.637080431
    outer loop
      vertex 0.0248019807 0.0178256836 0.0161565188
      vertex 0.0258202087 0.0173096694 0.017309973
      vertex 0.025820218 0.0181381814 0.0164397601
    endloop
  endfacet
  facet normal 0.38259232 0.637075901 0.669146717
    outer loop
      vertex 0.0258202087 0.0173096694 0.017309973
      vertex 0.0258201975 0.0164394602 0.0181384813
      vertex 0.0268384293 0.0161562059 0.0178259742
    endloop
  endfacet
  facet normal 0.382593155 0.637076378 0.669145942
    outer loop
      vertex 0.0258202087 0.0173096694 0.017309973
      vertex 0.0268384293 0.0161562059 0.0178259742
      vertex 0.0268384386 0.0170114227 0.0170117393
    endloop
  endfacet
  facet normal 0.923842251 0.263932616 0.277227372
    outer loop
      vertex 0.0268384386 0.0170114227 0.0170117393
      vertex 0.0268384293 0.0161562059 0.0178259742
      vertex 0.0272601862 0.0154723981 0.0170715116
    endloop
  endfacet
  facet normal 0.923842013 0.263932556 0.277228296
    outer loop
      vertex 0.0268384386 0.0170114227 0.0170117393
      vertex 0.0272601862 0.0154723981 0.0170715116
      vertex 0.0272601955 0.016291419 0.0162917394
    endloop
  endfacet
  facet normal 0.923835814 -0.263953924 -0.277228624
    outer loop
      vertex 0.0272601955 0.016291419 0.0162917394
      vertex 0.0272601862 0.0154723981 0.0170715116
      vertex 0.0268384125 0.0147885988 0.0163170509
    endloop
  endfacet
  facet normal 0.923836231 -0.263953984 -0.277227372
    outer loop
      vertex 0.0272601955 0.016291419 0.0162917394
      vertex 0.0268384125 0.0147885988 0.0163170509
      vertex 0.0268384218 0.0155714219 0.0155717395
    endloop
  endfacet
  facet normal 0.382577598 -0.637085795 -0.669145823
    outer loop
      vertex 0.0268384218 0.0155714219 0.0155717395
      vertex 0.0268384125 0.0147885988 0.0163170509
      vertex 0.0258201752 0.0145053705 0.0160045419
    endloop
  endfacet
  facet normal 0.382576883 -0.637085438 -0.669146538
    outer loop
      vertex 0.0268384218 0.0155714219 0.0155717395
      vertex 0.0258201752 0.0145053705 0.0160045419
      vertex 0.0258201845 0.0152732003 0.0152735068
    endloop
  endfacet
  facet normal -0.382593483 -0.637075841 -0.66914624
    outer loop
      vertex 0.0258201845 0.0152732003 0.0152735068
      vertex 0.0258201752 0.0145053705 0.0160045419
      vertex 0.0248019453 0.0147886239 0.0163170509
    endloop
  endfacet
  facet normal -0.382593185 -0.637076139 -0.669146061
    outer loop
      vertex 0.0258201845 0.0152732003 0.0152735068
      vertex 0.0248019453 0.0147886239 0.0163170509
      vertex 0.0248019546 0.0155714471 0.0155717405
    endloop
  endfacet
  facet normal -0.923841596 -0.263933271 -0.277229041
    outer loop
      vertex 0.0248019546 0.0155714471 0.0155717405
      vertex 0.0248019453 0.0147886239 0.0163170509
      vertex 0.0243801866 0.0154724326 0.0170715116
    endloop
  endfacet
  facet normal -0.923841476 -0.263933599 -0.277229011
    outer loop
      vertex 0.0248019546 0.0155714471 0.0155717405
      vertex 0.0243801866 0.0154724326 0.0170715116
      vertex 0.0243801959 0.0162914526 0.0162917394
    endloop
  endfacet
  facet normal -0.923835874 0.263954043 0.277228475
    outer loop
      vertex 0.0243801959 0.0162914526 0.0162917394
      vertex 0.0243801866 0.0154724326 0.0170715116
      vertex 0.0248019602 0.0161562301 0.0178259742
    endloop
  endfacet
  facet normal -0.923835337 0.263955772 0.277228475
    outer loop
      vertex 0.0243801959 0.0162914526 0.0162917394
      vertex 0.0248019602 0.0161562301 0.0178259742
      vertex 0.0248019714 0.0170114469 0.0170117393
    endloop
  endfacet
  facet normal -0.382577538 0.637085557 0.669145942
    outer loop
      vertex 0.0248019714 0.0170114469 0.0170117393
      vertex 0.0248019602 0.0161562301 0.0178259742
      vertex 0.0258201975 0.0164394602 0.0181384813
    endloop
  endfacet
  facet normal -0.382577896 0.637085199 0.669146121
    outer loop
      vertex 0.0248019714 0.0170114469 0.0170117393
      vertex 0.0258201975 0.0164394602 0.0181384813
      vertex 0.0258202087 0.0173096694 0.017309973
    endloop
  endfacet
  facet normal 0.382591784 0.603475153 0.699600875
    outer loop
      vertex 0.0258201975 0.0164394602 0.0181384813
      vertex 0.0258201864 0.0155296465 0.0189232919
      vertex 0.0268384181 0.0152620692 0.018597262
    endloop
  endfacet
  facet normal 0.382591844 0.603475094 0.699600756
    outer loop
      vertex 0.0258201975 0.0164394602 0.0181384813
      vertex 0.0268384181 0.0152620692 0.018597262
      vertex 0.0268384293 0.0161562059 0.0178259742
    endloop
  endfacet
  facet normal 0.923841774 0.250011414 0.289846033
    outer loop
      vertex 0.0268384293 0.0161562059 0.0178259742
      vertex 0.0268384181 0.0152620692 0.018597262
      vertex 0.0272601768 0.0146161029 0.0178101566
    endloop
  endfacet
  facet normal 0.923842192 0.250011533 0.289844632
    outer loop
      vertex 0.0268384293 0.0161562059 0.0178259742
      vertex 0.0272601768 0.0146161029 0.0178101566
      vertex 0.0272601862 0.0154723981 0.0170715116
    endloop
  endfacet
  facet normal 0.923835695 -0.250033289 -0.289846539
    outer loop
      vertex 0.0272601862 0.0154723981 0.0170715116
      vertex 0.0272601768 0.0146161029 0.0178101566
      vertex 0.0268384032 0.0139701478 0.017023053
    endloop
  endfacet
  facet normal 0.923835933 -0.250033408 -0.289845437
    outer loop
      vertex 0.0272601862 0.0154723981 0.0170715116
      vertex 0.0268384032 0.0139701478 0.017023053
      vertex 0.0268384125 0.0147885988 0.0163170509
    endloop
  endfacet
  facet normal 0.382578105 -0.60348469 -0.699599922
    outer loop
      vertex 0.0268384125 0.0147885988 0.0163170509
      vertex 0.0268384032 0.0139701478 0.017023053
      vertex 0.0258201659 0.0137025937 0.0166970231
    endloop
  endfacet
  facet normal 0.382578075 -0.60348469 -0.69960016
    outer loop
      vertex 0.0268384125 0.0147885988 0.0163170509
      vertex 0.0258201659 0.0137025937 0.0166970231
      vertex 0.0258201752 0.0145053705 0.0160045419
    endloop
  endfacet
  facet normal -0.382592291 -0.603475749 -0.699600041
    outer loop
      vertex 0.0258201752 0.0145053705 0.0160045419
      vertex 0.0258201659 0.0137025937 0.0166970231
      vertex 0.0248019341 0.013970172 0.017023053
    endloop
  endfacet
  facet normal -0.382593066 -0.603474796 -0.699600339
    outer loop
      vertex 0.0258201752 0.0145053705 0.0160045419
      vertex 0.0248019341 0.013970172 0.017023053
      vertex 0.0248019453 0.0147886239 0.0163170509
    endloop
  endfacet
  facet normal -0.923841417 -0.250011295 -0.289846927
    outer loop
      vertex 0.0248019453 0.0147886239 0.0163170509
      vertex 0.0248019341 0.013970172 0.017023053
      vertex 0.0243801754 0.0146161374 0.0178101566
    endloop
  endfacet
  facet normal -0.923841417 -0.250011533 -0.289846987
    outer loop
      vertex 0.0248019453 0.0147886239 0.0163170509
      vertex 0.0243801754 0.0146161374 0.0178101566
      vertex 0.0243801866 0.0154724326 0.0170715116
    endloop
  endfacet
  facet normal -0.923835337 0.250034988 0.289846212
    outer loop
      vertex 0.0243801866 0.0154724326 0.0170715116
      vertex 0.0243801754 0.0146161374 0.0178101566
      vertex 0.0248019509 0.0152620934 0.018597262
    endloop
  endfacet
  facet normal -0.923836052 0.250032604 0.289846063
    outer loop
      vertex 0.0243801866 0.0154724326 0.0170715116
      vertex 0.0248019509 0.0152620934 0.018597262
      vertex 0.0248019602 0.0161562301 0.0178259742
    endloop
  endfacet
  facet normal -0.382578254 0.603483856 0.699600697
    outer loop
      vertex 0.0248019602 0.0161562301 0.0178259742
      vertex 0.0248019509 0.0152620934 0.018597262
      vertex 0.0258201864 0.0155296465 0.0189232919
    endloop
  endfacet
  facet normal -0.382577866 0.603484213 0.699600577
    outer loop
      vertex 0.0248019602 0.0161562301 0.0178259742
      vertex 0.0258201864 0.0155296465 0.0189232919
      vertex 0.0258201975 0.0164394602 0.0181384813
    endloop
  endfacet
  facet normal 0.382591248 0.568420649 0.728369355
    outer loop
      vertex 0.0258201864 0.0155296465 0.0189232919
      vertex 0.0258201752 0.014582416 0.0196625181
      vertex 0.0268384069 0.0143311573 0.0193237532
    endloop
  endfacet
  facet normal 0.382591397 0.568420649 0.728369236
    outer loop
      vertex 0.0258201864 0.0155296465 0.0189232919
      vertex 0.0268384069 0.0143311573 0.0193237532
      vertex 0.0268384181 0.0152620692 0.018597262
    endloop
  endfacet
  facet normal 0.923841834 0.235488161 0.30176425
    outer loop
      vertex 0.0268384181 0.0152620692 0.018597262
      vertex 0.0268384069 0.0143311573 0.0193237532
      vertex 0.0272601657 0.0137245907 0.0185058992
    endloop
  endfacet
  facet normal 0.923841536 0.235488057 0.301765025
    outer loop
      vertex 0.0268384181 0.0152620692 0.018597262
      vertex 0.0272601657 0.0137245907 0.0185058992
      vertex 0.0272601768 0.0146161029 0.0178101566
    endloop
  endfacet
  facet normal 0.923835814 -0.235511094 -0.301764876
    outer loop
      vertex 0.0272601768 0.0146161029 0.0178101566
      vertex 0.0272601657 0.0137245907 0.0185058992
      vertex 0.026838392 0.0131180352 0.0176880471
    endloop
  endfacet
  facet normal 0.923835874 -0.235511124 -0.301764578
    outer loop
      vertex 0.0272601768 0.0146161029 0.0178101566
      vertex 0.026838392 0.0131180352 0.0176880471
      vertex 0.0268384032 0.0139701478 0.017023053
    endloop
  endfacet
  facet normal 0.382578582 -0.568429112 -0.728369355
    outer loop
      vertex 0.0268384032 0.0139701478 0.017023053
      vertex 0.026838392 0.0131180352 0.0176880471
      vertex 0.0258201547 0.0128668016 0.0173492804
    endloop
  endfacet
  facet normal 0.382578552 -0.568429112 -0.728369474
    outer loop
      vertex 0.0268384032 0.0139701478 0.017023053
      vertex 0.0258201547 0.0128668016 0.0173492804
      vertex 0.0258201659 0.0137025937 0.0166970231
    endloop
  endfacet
  facet normal -0.382592618 -0.568419158 -0.728369832
    outer loop
      vertex 0.0258201659 0.0137025937 0.0166970231
      vertex 0.0258201547 0.0128668016 0.0173492804
      vertex 0.0248019248 0.0131180594 0.0176880471
    endloop
  endfacet
  facet normal -0.382591814 -0.568420053 -0.728369534
    outer loop
      vertex 0.0258201659 0.0137025937 0.0166970231
      vertex 0.0248019248 0.0131180594 0.0176880471
      vertex 0.0248019341 0.013970172 0.017023053
    endloop
  endfacet
  facet normal -0.923841536 -0.235488877 -0.301764578
    outer loop
      vertex 0.0248019341 0.013970172 0.017023053
      vertex 0.0248019248 0.0131180594 0.0176880471
      vertex 0.0243801661 0.0137246251 0.0185058992
    endloop
  endfacet
  facet normal -0.923841357 -0.235489666 -0.301764637
    outer loop
      vertex 0.0248019341 0.013970172 0.017023053
      vertex 0.0243801661 0.0137246251 0.0185058992
      vertex 0.0243801754 0.0146161374 0.0178101566
    endloop
  endfacet
  facet normal -0.923835993 0.235509455 0.301765263
    outer loop
      vertex 0.0243801754 0.0146161374 0.0178101566
      vertex 0.0243801661 0.0137246251 0.0185058992
      vertex 0.0248019397 0.0143311815 0.0193237532
    endloop
  endfacet
  facet normal -0.923835456 0.235511318 0.301765472
    outer loop
      vertex 0.0243801754 0.0146161374 0.0178101566
      vertex 0.0248019397 0.0143311815 0.0193237532
      vertex 0.0248019509 0.0152620934 0.018597262
    endloop
  endfacet
  facet normal -0.382578462 0.568429708 0.728369057
    outer loop
      vertex 0.0248019509 0.0152620934 0.018597262
      vertex 0.0248019397 0.0143311815 0.0193237532
      vertex 0.0258201752 0.014582416 0.0196625181
    endloop
  endfacet
  facet normal -0.382578731 0.56842947 0.728369117
    outer loop
      vertex 0.0248019509 0.0152620934 0.018597262
      vertex 0.0258201752 0.014582416 0.0196625181
      vertex 0.0258201864 0.0155296465 0.0189232919
    endloop
  endfacet
  facet normal 0.382591099 0.531997025 0.755382717
    outer loop
      vertex 0.0258201752 0.014582416 0.0196625181
      vertex 0.025820164 0.0136000533 0.0203543771
      vertex 0.0268383957 0.0133657204 0.0200036913
    endloop
  endfacet
  facet normal 0.38259083 0.531996906 0.755383074
    outer loop
      vertex 0.0258201752 0.014582416 0.0196625181
      vertex 0.0268383957 0.0133657204 0.0200036913
      vertex 0.0268384069 0.0143311573 0.0193237532
    endloop
  endfacet
  facet normal 0.923841596 0.220397979 0.312955916
    outer loop
      vertex 0.0268384069 0.0143311573 0.0193237532
      vertex 0.0268383957 0.0133657204 0.0200036913
      vertex 0.0272601545 0.0128000146 0.0191570614
    endloop
  endfacet
  facet normal 0.923841596 0.220397949 0.312955856
    outer loop
      vertex 0.0268384069 0.0143311573 0.0193237532
      vertex 0.0272601545 0.0128000146 0.0191570614
      vertex 0.0272601657 0.0137245907 0.0185058992
    endloop
  endfacet
  facet normal 0.923836052 -0.220420703 -0.312956423
    outer loop
      vertex 0.0272601657 0.0137245907 0.0185058992
      vertex 0.0272601545 0.0128000146 0.0191570614
      vertex 0.0268383808 0.0122343199 0.0183104295
    endloop
  endfacet
  facet normal 0.923835874 -0.220420614 -0.312956691
    outer loop
      vertex 0.0272601657 0.0137245907 0.0185058992
      vertex 0.0268383808 0.0122343199 0.0183104295
      vertex 0.026838392 0.0131180352 0.0176880471
    endloop
  endfacet
  facet normal 0.382579058 -0.532005489 -0.755382955
    outer loop
      vertex 0.026838392 0.0131180352 0.0176880471
      vertex 0.0268383808 0.0122343199 0.0183104295
      vertex 0.0258201454 0.0120000113 0.0179597437
    endloop
  endfacet
  facet normal 0.382579088 -0.532005489 -0.755383015
    outer loop
      vertex 0.026838392 0.0131180352 0.0176880471
      vertex 0.0258201454 0.0120000113 0.0179597437
      vertex 0.0258201547 0.0128668016 0.0173492804
    endloop
  endfacet
  facet normal -0.382591099 -0.531997085 -0.755382717
    outer loop
      vertex 0.0258201547 0.0128668016 0.0173492804
      vertex 0.0258201454 0.0120000113 0.0179597437
      vertex 0.0248019136 0.0122343441 0.0183104295
    endloop
  endfacet
  facet normal -0.382592142 -0.531995893 -0.755383074
    outer loop
      vertex 0.0258201547 0.0128668016 0.0173492804
      vertex 0.0248019136 0.0122343441 0.0183104295
      vertex 0.0248019248 0.0131180594 0.0176880471
    endloop
  endfacet
  facet normal -0.923841774 -0.220396921 -0.312956214
    outer loop
      vertex 0.0248019248 0.0131180594 0.0176880471
      vertex 0.0248019136 0.0122343441 0.0183104295
      vertex 0.0243801549 0.012800049 0.0191570614
    endloop
  endfacet
  facet normal -0.923841357 -0.220398352 -0.312956452
    outer loop
      vertex 0.0248019248 0.0131180594 0.0176880471
      vertex 0.0243801549 0.012800049 0.0191570614
      vertex 0.0243801661 0.0137246251 0.0185058992
    endloop
  endfacet
  facet normal -0.92383641 0.220420048 0.312955528
    outer loop
      vertex 0.0243801661 0.0137246251 0.0185058992
      vertex 0.0243801549 0.012800049 0.0191570614
      vertex 0.0248019267 0.0133657446 0.0200036913
    endloop
  endfacet
  facet normal -0.923836231 0.220420957 0.312955648
    outer loop
      vertex 0.0243801661 0.0137246251 0.0185058992
      vertex 0.0248019267 0.0133657446 0.0200036913
      vertex 0.0248019397 0.0143311815 0.0193237532
    endloop
  endfacet
  facet normal -0.382578433 0.532006264 0.755382717
    outer loop
      vertex 0.0248019397 0.0143311815 0.0193237532
      vertex 0.0248019267 0.0133657446 0.0200036913
      vertex 0.025820164 0.0136000533 0.0203543771
    endloop
  endfacet
  facet normal -0.38257885 0.532005847 0.755382836
    outer loop
      vertex 0.0248019397 0.0143311815 0.0193237532
      vertex 0.025820164 0.0136000533 0.0203543771
      vertex 0.0258201752 0.014582416 0.0196625181
    endloop
  endfacet
  facet normal 0.382591546 0.494290143 0.780577302
    outer loop
      vertex 0.025820164 0.0136000533 0.0203543771
      vertex 0.0258201528 0.0125849349 0.0209971927
      vertex 0.0268383827 0.0123680914 0.0206354316
    endloop
  endfacet
  facet normal 0.382590652 0.494289607 0.780578136
    outer loop
      vertex 0.025820164 0.0136000533 0.0203543771
      vertex 0.0268383827 0.0123680914 0.0206354316
      vertex 0.0268383957 0.0133657204 0.0200036913
    endloop
  endfacet
  facet normal 0.923841119 0.204775468 0.32339555
    outer loop
      vertex 0.0268383957 0.0133657204 0.0200036913
      vertex 0.0268383827 0.0123680914 0.0206354316
      vertex 0.0272601433 0.0118446089 0.0197620634
    endloop
  endfacet
  facet normal 0.923841417 0.204775766 0.323394358
    outer loop
      vertex 0.0268383957 0.0133657204 0.0200036913
      vertex 0.0272601433 0.0118446089 0.0197620634
      vertex 0.0272601545 0.0128000146 0.0191570614
    endloop
  endfacet
  facet normal 0.923835993 -0.204798326 -0.323395818
    outer loop
      vertex 0.0272601545 0.0128000146 0.0191570614
      vertex 0.0272601433 0.0118446089 0.0197620634
      vertex 0.0268383697 0.0113211377 0.0188886952
    endloop
  endfacet
  facet normal 0.923836231 -0.204798549 -0.323394775
    outer loop
      vertex 0.0272601545 0.0128000146 0.0191570614
      vertex 0.0268383697 0.0113211377 0.0188886952
      vertex 0.0268383808 0.0122343199 0.0183104295
    endloop
  endfacet
  facet normal 0.382578045 -0.49429962 -0.780577898
    outer loop
      vertex 0.0268383808 0.0122343199 0.0183104295
      vertex 0.0268383697 0.0113211377 0.0188886952
      vertex 0.0258201342 0.0111043192 0.0185269359
    endloop
  endfacet
  facet normal 0.382579535 -0.494300693 -0.780576527
    outer loop
      vertex 0.0268383808 0.0122343199 0.0183104295
      vertex 0.0258201342 0.0111043192 0.0185269359
      vertex 0.0258201454 0.0120000113 0.0179597437
    endloop
  endfacet
  facet normal -0.38258934 -0.494291663 -0.780577421
    outer loop
      vertex 0.0258201454 0.0120000113 0.0179597437
      vertex 0.0258201342 0.0111043192 0.0185269359
      vertex 0.0248019025 0.0113211619 0.0188886952
    endloop
  endfacet
  facet normal -0.382590652 -0.494290173 -0.780577779
    outer loop
      vertex 0.0258201454 0.0120000113 0.0179597437
      vertex 0.0248019025 0.0113211619 0.0188886952
      vertex 0.0248019136 0.0122343441 0.0183104295
    endloop
  endfacet
  facet normal -0.923841596 -0.204775468 -0.32339406
    outer loop
      vertex 0.0248019136 0.0122343441 0.0183104295
      vertex 0.0248019025 0.0113211619 0.0188886952
      vertex 0.0243801437 0.0118446434 0.0197620634
    endloop
  endfacet
  facet normal -0.923841536 -0.204775557 -0.32339406
    outer loop
      vertex 0.0248019136 0.0122343441 0.0183104295
      vertex 0.0243801437 0.0118446434 0.0197620634
      vertex 0.0243801549 0.012800049 0.0191570614
    endloop
  endfacet
  facet normal -0.923836589 0.204797417 0.323394448
    outer loop
      vertex 0.0243801549 0.012800049 0.0191570614
      vertex 0.0243801437 0.0118446434 0.0197620634
      vertex 0.0248019155 0.0123681156 0.0206354316
    endloop
  endfacet
  facet normal -0.923836708 0.204797179 0.323394418
    outer loop
      vertex 0.0243801549 0.012800049 0.0191570614
      vertex 0.0248019155 0.0123681156 0.0206354316
      vertex 0.0248019267 0.0133657446 0.0200036913
    endloop
  endfacet
  facet normal -0.382579058 0.494298786 0.780577898
    outer loop
      vertex 0.0248019267 0.0133657446 0.0200036913
      vertex 0.0248019155 0.0123681156 0.0206354316
      vertex 0.0258201528 0.0125849349 0.0209971927
    endloop
  endfacet
  facet normal -0.382578939 0.494298935 0.780577958
    outer loop
      vertex 0.0248019267 0.0133657446 0.0200036913
      vertex 0.0258201528 0.0125849349 0.0209971927
      vertex 0.025820164 0.0136000533 0.0203543771
    endloop
  endfacet
  facet normal 0.382590204 0.455393672 0.803891361
    outer loop
      vertex 0.0258201528 0.0125849349 0.0209971927
      vertex 0.0258201398 0.011539489 0.02158943
      vertex 0.0268383715 0.0113406582 0.0212174654
    endloop
  endfacet
  facet normal 0.382591069 0.455394298 0.803890646
    outer loop
      vertex 0.0258201528 0.0125849349 0.0209971927
      vertex 0.0268383715 0.0113406582 0.0212174654
      vertex 0.0268383827 0.0123680914 0.0206354316
    endloop
  endfacet
  facet normal 0.923841 0.188662231 0.333053082
    outer loop
      vertex 0.0268383827 0.0123680914 0.0206354316
      vertex 0.0268383715 0.0113406582 0.0212174654
      vertex 0.0272601321 0.0108606601 0.0203194637
    endloop
  endfacet
  facet normal 0.92384088 0.188662067 0.333053559
    outer loop
      vertex 0.0268383827 0.0123680914 0.0206354316
      vertex 0.0272601321 0.0108606601 0.0203194637
      vertex 0.0272601433 0.0118446089 0.0197620634
    endloop
  endfacet
  facet normal 0.923835874 -0.188683897 -0.333055019
    outer loop
      vertex 0.0272601433 0.0118446089 0.0197620634
      vertex 0.0272601321 0.0108606601 0.0203194637
      vertex 0.0268383585 0.0103806742 0.019421462
    endloop
  endfacet
  facet normal 0.923836112 -0.188684151 -0.333054245
    outer loop
      vertex 0.0272601433 0.0118446089 0.0197620634
      vertex 0.0268383585 0.0103806742 0.019421462
      vertex 0.0268383697 0.0113211377 0.0188886952
    endloop
  endfacet
  facet normal 0.38257876 -0.455403864 -0.803891003
    outer loop
      vertex 0.0268383697 0.0113211377 0.0188886952
      vertex 0.0268383585 0.0103806742 0.019421462
      vertex 0.025820123 0.0101818666 0.0190494992
    endloop
  endfacet
  facet normal 0.382578492 -0.455403626 -0.803891242
    outer loop
      vertex 0.0268383697 0.0113211377 0.0188886952
      vertex 0.025820123 0.0101818666 0.0190494992
      vertex 0.0258201342 0.0111043192 0.0185269359
    endloop
  endfacet
  facet normal -0.382590562 -0.455394119 -0.803890884
    outer loop
      vertex 0.0258201342 0.0111043192 0.0185269359
      vertex 0.025820123 0.0101818666 0.0190494992
      vertex 0.0248018913 0.0103806984 0.0194214638
    endloop
  endfacet
  facet normal -0.382588893 -0.455396116 -0.803890586
    outer loop
      vertex 0.0258201342 0.0111043192 0.0185269359
      vertex 0.0248018913 0.0103806984 0.0194214638
      vertex 0.0248019025 0.0113211619 0.0188886952
    endloop
  endfacet
  facet normal -0.92384088 -0.188662365 -0.33305335
    outer loop
      vertex 0.0248019025 0.0113211619 0.0188886952
      vertex 0.0248018913 0.0103806984 0.0194214638
      vertex 0.0243801307 0.0108606946 0.0203194655
    endloop
  endfacet
  facet normal -0.923841357 -0.188660592 -0.333052903
    outer loop
      vertex 0.0248019025 0.0113211619 0.0188886952
      vertex 0.0243801307 0.0108606946 0.0203194655
      vertex 0.0243801437 0.0118446434 0.0197620634
    endloop
  endfacet
  facet normal -0.92383641 0.188685119 0.333052993
    outer loop
      vertex 0.0243801437 0.0118446434 0.0197620634
      vertex 0.0243801307 0.0108606946 0.0203194655
      vertex 0.0248019025 0.0113406824 0.0212174654
    endloop
  endfacet
  facet normal -0.923836768 0.188683704 0.333052635
    outer loop
      vertex 0.0243801437 0.0118446434 0.0197620634
      vertex 0.0248019025 0.0113406824 0.0212174654
      vertex 0.0248019155 0.0123681156 0.0206354316
    endloop
  endfacet
  facet normal -0.382579058 0.455403566 0.803891122
    outer loop
      vertex 0.0248019155 0.0123681156 0.0206354316
      vertex 0.0248019025 0.0113406824 0.0212174654
      vertex 0.0258201398 0.011539489 0.02158943
    endloop
  endfacet
  facet normal -0.382579505 0.455403209 0.803891122
    outer loop
      vertex 0.0248019155 0.0123681156 0.0206354316
      vertex 0.0258201398 0.011539489 0.02158943
      vertex 0.0258201528 0.0125849349 0.0209971927
    endloop
  endfacet
  facet normal 0.382590026 0.415400445 0.82526803
    outer loop
      vertex 0.0258201398 0.011539489 0.02158943
      vertex 0.0258201268 0.0104662431 0.0221296567
      vertex 0.0268383585 0.0102859028 0.0217483845
    endloop
  endfacet
  facet normal 0.382589698 0.415400207 0.825268269
    outer loop
      vertex 0.0258201398 0.011539489 0.02158943
      vertex 0.0268383585 0.0102859028 0.0217483845
      vertex 0.0268383715 0.0113406582 0.0212174654
    endloop
  endfacet
  facet normal 0.923841 0.17209141 0.341909736
    outer loop
      vertex 0.0268383715 0.0113406582 0.0212174654
      vertex 0.0268383585 0.0102859028 0.0217483845
      vertex 0.0272601191 0.00985054579 0.0208279118
    endloop
  endfacet
  facet normal 0.923840702 0.172091112 0.341910511
    outer loop
      vertex 0.0268383715 0.0113406582 0.0212174654
      vertex 0.0272601191 0.00985054579 0.0208279118
      vertex 0.0272601321 0.0108606601 0.0203194637
    endloop
  endfacet
  facet normal 0.92383635 -0.172115013 -0.341910571
    outer loop
      vertex 0.0272601321 0.0108606601 0.0203194637
      vertex 0.0272601191 0.00985054579 0.0208279118
      vertex 0.0268383473 0.00941520091 0.019907441
    endloop
  endfacet
  facet normal 0.923836112 -0.1721147 -0.341911465
    outer loop
      vertex 0.0272601321 0.0108606601 0.0203194637
      vertex 0.0268383473 0.00941520091 0.019907441
      vertex 0.0268383585 0.0103806742 0.019421462
    endloop
  endfacet
  facet normal 0.382579058 -0.415410131 -0.825268269
    outer loop
      vertex 0.0268383585 0.0103806742 0.019421462
      vertex 0.0268383473 0.00941520091 0.019907441
      vertex 0.0258201119 0.00923488475 0.0195261706
    endloop
  endfacet
  facet normal 0.382579207 -0.41541025 -0.825268149
    outer loop
      vertex 0.0268383585 0.0103806742 0.019421462
      vertex 0.0258201119 0.00923488475 0.0195261706
      vertex 0.025820123 0.0101818666 0.0190494992
    endloop
  endfacet
  facet normal -0.382588714 -0.41540125 -0.825268269
    outer loop
      vertex 0.025820123 0.0101818666 0.0190494992
      vertex 0.0258201119 0.00923488475 0.0195261706
      vertex 0.0248018801 0.00941522513 0.019907441
    endloop
  endfacet
  facet normal -0.382590026 -0.4153997 -0.825268388
    outer loop
      vertex 0.025820123 0.0101818666 0.0190494992
      vertex 0.0248018801 0.00941522513 0.019907441
      vertex 0.0248018913 0.0103806984 0.0194214638
    endloop
  endfacet
  facet normal -0.923841 -0.172091767 -0.341909736
    outer loop
      vertex 0.0248018913 0.0103806984 0.0194214638
      vertex 0.0248018801 0.00941522513 0.019907441
      vertex 0.0243801195 0.00985058118 0.0208279137
    endloop
  endfacet
  facet normal -0.923840702 -0.172092706 -0.341910005
    outer loop
      vertex 0.0248018913 0.0103806984 0.0194214638
      vertex 0.0243801195 0.00985058118 0.0208279137
      vertex 0.0243801307 0.0108606946 0.0203194655
    endloop
  endfacet
  facet normal -0.923836589 0.172113448 0.341910571
    outer loop
      vertex 0.0243801307 0.0108606946 0.0203194655
      vertex 0.0243801195 0.00985058118 0.0208279137
      vertex 0.0248018913 0.010285927 0.0217483863
    endloop
  endfacet
  facet normal -0.923836589 0.172113717 0.34191066
    outer loop
      vertex 0.0243801307 0.0108606946 0.0203194655
      vertex 0.0248018913 0.010285927 0.0217483863
      vertex 0.0248019025 0.0113406824 0.0212174654
    endloop
  endfacet
  facet normal -0.382579029 0.415410429 0.825268149
    outer loop
      vertex 0.0248019025 0.0113406824 0.0212174654
      vertex 0.0248018913 0.010285927 0.0217483863
      vertex 0.0258201268 0.0104662431 0.0221296567
    endloop
  endfacet
  facet normal -0.382579565 0.415409833 0.825268209
    outer loop
      vertex 0.0248019025 0.0113406824 0.0212174654
      vertex 0.0258201268 0.0104662431 0.0221296567
      vertex 0.0258201398 0.011539489 0.02158943
    endloop
  endfacet
  facet normal 0.382590115 0.374407768 0.844655931
    outer loop
      vertex 0.0258201268 0.0104662431 0.0221296567
      vertex 0.0258201137 0.00936779287 0.022616569
      vertex 0.0268383455 0.00920637697 0.0222269073
    endloop
  endfacet
  facet normal 0.382589579 0.374407351 0.844656408
    outer loop
      vertex 0.0258201268 0.0104662431 0.0221296567
      vertex 0.0268383455 0.00920637697 0.0222269073
      vertex 0.0268383585 0.0102859028 0.0217483845
    endloop
  endfacet
  facet normal 0.92384094 0.155108124 0.349942029
    outer loop
      vertex 0.0268383585 0.0102859028 0.0217483845
      vertex 0.0268383455 0.00920637697 0.0222269073
      vertex 0.0272601061 0.00881671067 0.0212861821
    endloop
  endfacet
  facet normal 0.92384094 0.155108005 0.349942267
    outer loop
      vertex 0.0268383585 0.0102859028 0.0217483845
      vertex 0.0272601061 0.00881671067 0.0212861821
      vertex 0.0272601191 0.00985054579 0.0208279118
    endloop
  endfacet
  facet normal 0.923837125 -0.155131057 -0.349941671
    outer loop
      vertex 0.0272601191 0.00985054579 0.0208279118
      vertex 0.0272601061 0.00881671067 0.0212861821
      vertex 0.0268383361 0.00842705462 0.0203454569
    endloop
  endfacet
  facet normal 0.923836589 -0.155130178 -0.349943787
    outer loop
      vertex 0.0272601191 0.00985054579 0.0208279118
      vertex 0.0268383361 0.00842705462 0.0203454569
      vertex 0.0268383473 0.00941520091 0.019907441
    endloop
  endfacet
  facet normal 0.382579684 -0.374415755 -0.844657123
    outer loop
      vertex 0.0268383473 0.00941520091 0.019907441
      vertex 0.0268383361 0.00842705462 0.0203454569
      vertex 0.0258201007 0.00826566387 0.0199557971
    endloop
  endfacet
  facet normal 0.382579505 -0.374415636 -0.844657242
    outer loop
      vertex 0.0268383473 0.00941520091 0.019907441
      vertex 0.0258201007 0.00826566387 0.0199557971
      vertex 0.0258201119 0.00923488475 0.0195261706
    endloop
  endfacet
  facet normal -0.382588506 -0.374406785 -0.844657183
    outer loop
      vertex 0.0258201119 0.00923488475 0.0195261706
      vertex 0.0258201007 0.00826566387 0.0199557971
      vertex 0.0248018689 0.00842707884 0.0203454569
    endloop
  endfacet
  facet normal -0.382588238 -0.374407083 -0.844657063
    outer loop
      vertex 0.0258201119 0.00923488475 0.0195261706
      vertex 0.0248018689 0.00842707884 0.0203454569
      vertex 0.0248018801 0.00941522513 0.019907441
    endloop
  endfacet
  facet normal -0.923840344 -0.155108944 -0.349943131
    outer loop
      vertex 0.0248018801 0.00941522513 0.019907441
      vertex 0.0248018689 0.00842707884 0.0203454569
      vertex 0.0243801065 0.00881674606 0.0212861821
    endloop
  endfacet
  facet normal -0.923840821 -0.155107543 -0.349942654
    outer loop
      vertex 0.0248018801 0.00941522513 0.019907441
      vertex 0.0243801065 0.00881674606 0.0212861821
      vertex 0.0243801195 0.00985058118 0.0208279137
    endloop
  endfacet
  facet normal -0.92383647 0.155131176 0.34994337
    outer loop
      vertex 0.0243801195 0.00985058118 0.0208279137
      vertex 0.0243801065 0.00881674606 0.0212861821
      vertex 0.0248018783 0.00920640118 0.0222269073
    endloop
  endfacet
  facet normal -0.923836827 0.155130282 0.349942982
    outer loop
      vertex 0.0243801195 0.00985058118 0.0208279137
      vertex 0.0248018783 0.00920640118 0.0222269073
      vertex 0.0248018913 0.010285927 0.0217483863
    endloop
  endfacet
  facet normal -0.382581264 0.374415249 0.844656587
    outer loop
      vertex 0.0248018913 0.010285927 0.0217483863
      vertex 0.0248018783 0.00920640118 0.0222269073
      vertex 0.0258201137 0.00936779287 0.022616569
    endloop
  endfacet
  facet normal -0.382579505 0.374417126 0.844656527
    outer loop
      vertex 0.0248018913 0.010285927 0.0217483863
      vertex 0.0258201137 0.00936779287 0.022616569
      vertex 0.0258201268 0.0104662431 0.0221296567
    endloop
  endfacet
  facet normal 0.382589698 0.332510263 0.862010479
    outer loop
      vertex 0.0258201137 0.00936779287 0.022616569
      vertex 0.0258201007 0.00824676268 0.0230489988
      vertex 0.0268383324 0.00810466148 0.0226518866
    endloop
  endfacet
  facet normal 0.382589608 0.332510173 0.862010539
    outer loop
      vertex 0.0258201137 0.00936779287 0.022616569
      vertex 0.0268383324 0.00810466148 0.0226518866
      vertex 0.0268383455 0.00920637697 0.0222269073
    endloop
  endfacet
  facet normal 0.923840165 0.13775073 0.35713312
    outer loop
      vertex 0.0268383455 0.00920637697 0.0222269073
      vertex 0.0268383324 0.00810466148 0.0226518866
      vertex 0.0272600949 0.00776162371 0.0216931757
    endloop
  endfacet
  facet normal 0.923840702 0.137751535 0.357131392
    outer loop
      vertex 0.0268383455 0.00920637697 0.0222269073
      vertex 0.0272600949 0.00776162371 0.0216931757
      vertex 0.0272601061 0.00881671067 0.0212861821
    endloop
  endfacet
  facet normal 0.923836827 -0.137772024 -0.357133746
    outer loop
      vertex 0.0272601061 0.00881671067 0.0212861821
      vertex 0.0272600949 0.00776162371 0.0216931757
      vertex 0.0268383231 0.00741859619 0.0207344629
    endloop
  endfacet
  facet normal 0.923837364 -0.137773052 -0.35713163
    outer loop
      vertex 0.0272601061 0.00881671067 0.0212861821
      vertex 0.0268383231 0.00741859619 0.0207344629
      vertex 0.0268383361 0.00842705462 0.0203454569
    endloop
  endfacet
  facet normal 0.382580251 -0.332519859 -0.862011015
    outer loop
      vertex 0.0268383361 0.00842705462 0.0203454569
      vertex 0.0268383231 0.00741859619 0.0207344629
      vertex 0.0258200876 0.00727651967 0.0203373525
    endloop
  endfacet
  facet normal 0.382580131 -0.33251974 -0.862011075
    outer loop
      vertex 0.0268383361 0.00842705462 0.0203454569
      vertex 0.0258200876 0.00727651967 0.0203373525
      vertex 0.0258201007 0.00826566387 0.0199557971
    endloop
  endfacet
  facet normal -0.382588267 -0.332509756 -0.862011313
    outer loop
      vertex 0.0258201007 0.00826566387 0.0199557971
      vertex 0.0258200876 0.00727651967 0.0203373525
      vertex 0.0248018559 0.0074186204 0.0207344629
    endloop
  endfacet
  facet normal -0.382587999 -0.332510054 -0.862011313
    outer loop
      vertex 0.0258201007 0.00826566387 0.0199557971
      vertex 0.0248018559 0.0074186204 0.0207344629
      vertex 0.0248018689 0.00842707884 0.0203454569
    endloop
  endfacet
  facet normal -0.923840404 -0.137749657 -0.357132941
    outer loop
      vertex 0.0248018689 0.00842707884 0.0203454569
      vertex 0.0248018559 0.0074186204 0.0207344629
      vertex 0.0243800934 0.00776165817 0.0216931757
    endloop
  endfacet
  facet normal -0.923840165 -0.137750491 -0.35713324
    outer loop
      vertex 0.0248018689 0.00842707884 0.0203454569
      vertex 0.0243800934 0.00776165817 0.0216931757
      vertex 0.0243801065 0.00881674606 0.0212861821
    endloop
  endfacet
  facet normal -0.923836529 0.137773544 0.357133806
    outer loop
      vertex 0.0243801065 0.00881674606 0.0212861821
      vertex 0.0243800934 0.00776165817 0.0216931757
      vertex 0.0248018652 0.00810468569 0.0226518866
    endloop
  endfacet
  facet normal -0.923836768 0.137772754 0.357133448
    outer loop
      vertex 0.0243801065 0.00881674606 0.0212861821
      vertex 0.0248018652 0.00810468569 0.0226518866
      vertex 0.0248018783 0.00920640118 0.0222269073
    endloop
  endfacet
  facet normal -0.382581711 0.332519233 0.862010598
    outer loop
      vertex 0.0248018783 0.00920640118 0.0222269073
      vertex 0.0248018652 0.00810468569 0.0226518866
      vertex 0.0258201007 0.00824676268 0.0230489988
    endloop
  endfacet
  facet normal -0.38258177 0.332519203 0.862010598
    outer loop
      vertex 0.0248018783 0.00920640118 0.0222269073
      vertex 0.0258201007 0.00824676268 0.0230489988
      vertex 0.0258201137 0.00936779287 0.022616569
    endloop
  endfacet
  facet normal 0.382588238 0.289811075 0.877288878
    outer loop
      vertex 0.0258201007 0.00824676268 0.0230489988
      vertex 0.0258200858 0.00710586412 0.0234258994
      vertex 0.0268383194 0.00698341988 0.023022294
    endloop
  endfacet
  facet normal 0.382589191 0.28981182 0.877288163
    outer loop
      vertex 0.0258201007 0.00824676268 0.0230489988
      vertex 0.0268383194 0.00698341988 0.023022294
      vertex 0.0268383324 0.00810466148 0.0226518866
    endloop
  endfacet
  facet normal 0.923840225 0.120060652 0.363462001
    outer loop
      vertex 0.0268383324 0.00810466148 0.0226518866
      vertex 0.0268383194 0.00698341988 0.023022294
      vertex 0.0272600818 0.00668783719 0.0220479053
    endloop
  endfacet
  facet normal 0.923839927 0.120060161 0.363462865
    outer loop
      vertex 0.0268383324 0.00810466148 0.0226518866
      vertex 0.0272600818 0.00668783719 0.0220479053
      vertex 0.0272600949 0.00776162371 0.0216931757
    endloop
  endfacet
  facet normal 0.923837245 -0.12008246 -0.363462418
    outer loop
      vertex 0.0272600949 0.00776162371 0.0216931757
      vertex 0.0272600818 0.00668783719 0.0220479053
      vertex 0.0268383119 0.00639226474 0.0210735165
    endloop
  endfacet
  facet normal 0.923836946 -0.120081939 -0.363463342
    outer loop
      vertex 0.0272600949 0.00776162371 0.0216931757
      vertex 0.0268383119 0.00639226474 0.0210735165
      vertex 0.0268383231 0.00741859619 0.0207344629
    endloop
  endfacet
  facet normal 0.38258034 -0.28982085 -0.877289057
    outer loop
      vertex 0.0268383231 0.00741859619 0.0207344629
      vertex 0.0268383119 0.00639226474 0.0210735165
      vertex 0.0258200765 0.00626984471 0.0206699129
    endloop
  endfacet
  facet normal 0.382580757 -0.289821237 -0.877288878
    outer loop
      vertex 0.0268383231 0.00741859619 0.0207344629
      vertex 0.0258200765 0.00626984471 0.0206699129
      vertex 0.0258200876 0.00727651967 0.0203373525
    endloop
  endfacet
  facet normal -0.382587463 -0.289812744 -0.877288699
    outer loop
      vertex 0.0258200876 0.00727651967 0.0203373525
      vertex 0.0258200765 0.00626984471 0.0206699129
      vertex 0.0248018447 0.00639228895 0.0210735165
    endloop
  endfacet
  facet normal -0.382587701 -0.289812386 -0.87728864
    outer loop
      vertex 0.0258200876 0.00727651967 0.0203373525
      vertex 0.0248018447 0.00639228895 0.0210735165
      vertex 0.0248018559 0.0074186204 0.0207344629
    endloop
  endfacet
  facet normal -0.923839629 -0.120061748 -0.363463163
    outer loop
      vertex 0.0248018559 0.0074186204 0.0207344629
      vertex 0.0248018447 0.00639228895 0.0210735165
      vertex 0.0243800804 0.00668787165 0.0220479053
    endloop
  endfacet
  facet normal -0.923840106 -0.120060012 -0.363462329
    outer loop
      vertex 0.0248018559 0.0074186204 0.0207344629
      vertex 0.0243800804 0.00668787165 0.0220479053
      vertex 0.0243800934 0.00776165817 0.0216931757
    endloop
  endfacet
  facet normal -0.923837304 0.120082431 0.363462359
    outer loop
      vertex 0.0243800934 0.00776165817 0.0216931757
      vertex 0.0243800804 0.00668787165 0.0220479053
      vertex 0.0248018503 0.00698344456 0.023022294
    endloop
  endfacet
  facet normal -0.923836768 0.120084107 0.363463163
    outer loop
      vertex 0.0243800934 0.00776165817 0.0216931757
      vertex 0.0248018503 0.00698344456 0.023022294
      vertex 0.0248018652 0.00810468569 0.0226518866
    endloop
  endfacet
  facet normal -0.382581621 0.289821595 0.877288342
    outer loop
      vertex 0.0248018652 0.00810468569 0.0226518866
      vertex 0.0248018503 0.00698344456 0.023022294
      vertex 0.0258200858 0.00710586412 0.0234258994
    endloop
  endfacet
  facet normal -0.382582247 0.28982091 0.877288282
    outer loop
      vertex 0.0248018652 0.00810468569 0.0226518866
      vertex 0.0258200858 0.00710586412 0.0234258994
      vertex 0.0258201007 0.00824676268 0.0230489988
    endloop
  endfacet
  facet normal 0.382588208 0.246418178 0.890451789
    outer loop
      vertex 0.0258200858 0.00710586412 0.0234258994
      vertex 0.0258200727 0.00594784738 0.0237463675
      vertex 0.0268383045 0.00584535394 0.0233372413
    endloop
  endfacet
  facet normal 0.382587761 0.246417806 0.890452087
    outer loop
      vertex 0.0258200858 0.00710586412 0.0234258994
      vertex 0.0268383045 0.00584535394 0.0233372413
      vertex 0.0268383194 0.00698341988 0.023022294
    endloop
  endfacet
  facet normal 0.923839808 0.102081493 0.368916541
    outer loop
      vertex 0.0268383194 0.00698341988 0.023022294
      vertex 0.0268383045 0.00584535394 0.0233372413
      vertex 0.0272600688 0.00559793832 0.0223495215
    endloop
  endfacet
  facet normal 0.923839986 0.102081887 0.368915766
    outer loop
      vertex 0.0268383194 0.00698341988 0.023022294
      vertex 0.0272600688 0.00559793832 0.0223495215
      vertex 0.0272600818 0.00668783719 0.0220479053
    endloop
  endfacet
  facet normal 0.923837185 -0.102104276 -0.36891675
    outer loop
      vertex 0.0272600818 0.00668783719 0.0220479053
      vertex 0.0272600688 0.00559793832 0.0223495215
      vertex 0.0268382989 0.00535053341 0.0213618036
    endloop
  endfacet
  facet normal 0.923837543 -0.102104798 -0.368915886
    outer loop
      vertex 0.0272600818 0.00668783719 0.0220479053
      vertex 0.0268382989 0.00535053341 0.0213618036
      vertex 0.0268383119 0.00639226474 0.0210735165
    endloop
  endfacet
  facet normal 0.38258183 -0.246427149 -0.890452027
    outer loop
      vertex 0.0268383119 0.00639226474 0.0210735165
      vertex 0.0268382989 0.00535053341 0.0213618036
      vertex 0.0258200634 0.00524806464 0.0209526774
    endloop
  endfacet
  facet normal 0.382580817 -0.246426165 -0.890452683
    outer loop
      vertex 0.0268383119 0.00639226474 0.0210735165
      vertex 0.0258200634 0.00524806464 0.0209526774
      vertex 0.0258200765 0.00626984471 0.0206699129
    endloop
  endfacet
  facet normal -0.382588089 -0.246416256 -0.890452266
    outer loop
      vertex 0.0258200765 0.00626984471 0.0206699129
      vertex 0.0258200634 0.00524806464 0.0209526774
      vertex 0.0248018317 0.00535055762 0.0213618036
    endloop
  endfacet
  facet normal -0.382586956 -0.246417716 -0.890452445
    outer loop
      vertex 0.0258200765 0.00626984471 0.0206699129
      vertex 0.0248018317 0.00535055762 0.0213618036
      vertex 0.0248018447 0.00639228895 0.0210735165
    endloop
  endfacet
  facet normal -0.923839509 -0.102081977 -0.368917018
    outer loop
      vertex 0.0248018447 0.00639228895 0.0210735165
      vertex 0.0248018317 0.00535055762 0.0213618036
      vertex 0.0243800674 0.00559797278 0.0223495215
    endloop
  endfacet
  facet normal -0.92383945 -0.102082305 -0.368917167
    outer loop
      vertex 0.0248018447 0.00639228895 0.0210735165
      vertex 0.0243800674 0.00559797278 0.0223495215
      vertex 0.0243800804 0.00668787165 0.0220479053
    endloop
  endfacet
  facet normal -0.923837543 0.102104105 0.368916124
    outer loop
      vertex 0.0243800804 0.00668787165 0.0220479053
      vertex 0.0243800674 0.00559797278 0.0223495215
      vertex 0.0248018373 0.00584537862 0.0233372413
    endloop
  endfacet
  facet normal -0.923837483 0.102104038 0.368916035
    outer loop
      vertex 0.0243800804 0.00668787165 0.0220479053
      vertex 0.0248018373 0.00584537862 0.0233372413
      vertex 0.0248018503 0.00698344456 0.023022294
    endloop
  endfacet
  facet normal -0.38258186 0.246427178 0.890452027
    outer loop
      vertex 0.0248018503 0.00698344456 0.023022294
      vertex 0.0248018373 0.00584537862 0.0233372413
      vertex 0.0258200727 0.00594784738 0.0237463675
    endloop
  endfacet
  facet normal -0.382582158 0.24642688 0.890452027
    outer loop
      vertex 0.0248018503 0.00698344456 0.023022294
      vertex 0.0258200727 0.00594784738 0.0237463675
      vertex 0.0258200858 0.00710586412 0.0234258994
    endloop
  endfacet
  facet normal 0.382587045 0.202426001 0.901471496
    outer loop
      vertex 0.0258200727 0.00594784738 0.0237463675
      vertex 0.0258200578 0.00477551157 0.0240096226
      vertex 0.0268382914 0.00469321664 0.0235959608
    endloop
  endfacet
  facet normal 0.382587701 0.202426612 0.901471138
    outer loop
      vertex 0.0258200727 0.00594784738 0.0237463675
      vertex 0.0268382914 0.00469321664 0.0235959608
      vertex 0.0268383045 0.00584535394 0.0233372413
    endloop
  endfacet
  facet normal 0.923839569 0.0838571116 0.373481452
    outer loop
      vertex 0.0268383045 0.00584535394 0.0233372413
      vertex 0.0268382914 0.00469321664 0.0235959608
      vertex 0.0272600558 0.00449456368 0.0225972924
    endloop
  endfacet
  facet normal 0.923839509 0.0838571042 0.373481452
    outer loop
      vertex 0.0268383045 0.00584535394 0.0233372413
      vertex 0.0272600558 0.00449456368 0.0225972924
      vertex 0.0272600688 0.00559793832 0.0223495215
    endloop
  endfacet
  facet normal 0.923837304 -0.0838790983 -0.373482198
    outer loop
      vertex 0.0272600688 0.00559793832 0.0223495215
      vertex 0.0272600558 0.00449456368 0.0225972924
      vertex 0.0268382858 0.00429592095 0.0215986241
    endloop
  endfacet
  facet normal 0.923837423 -0.0838793293 -0.37348187
    outer loop
      vertex 0.0272600688 0.00559793832 0.0223495215
      vertex 0.0268382858 0.00429592095 0.0215986241
      vertex 0.0268382989 0.00535053341 0.0213618036
    endloop
  endfacet
  facet normal 0.382582754 -0.202436194 -0.901471078
    outer loop
      vertex 0.0268382989 0.00535053341 0.0213618036
      vertex 0.0268382858 0.00429592095 0.0215986241
      vertex 0.0258200523 0.00421365071 0.0211849622
    endloop
  endfacet
  facet normal 0.382582366 -0.202435806 -0.901471257
    outer loop
      vertex 0.0268382989 0.00535053341 0.0213618036
      vertex 0.0258200523 0.00421365071 0.0211849622
      vertex 0.0258200634 0.00524806464 0.0209526774
    endloop
  endfacet
  facet normal -0.382586926 -0.202427536 -0.901471138
    outer loop
      vertex 0.0258200634 0.00524806464 0.0209526774
      vertex 0.0258200523 0.00421365071 0.0211849622
      vertex 0.0248018187 0.00429594517 0.0215986241
    endloop
  endfacet
  facet normal -0.382587612 -0.202426761 -0.901471078
    outer loop
      vertex 0.0258200634 0.00524806464 0.0209526774
      vertex 0.0248018187 0.00429594517 0.0215986241
      vertex 0.0248018317 0.00535055762 0.0213618036
    endloop
  endfacet
  facet normal -0.923839569 -0.0838564113 -0.373481542
    outer loop
      vertex 0.0248018317 0.00535055762 0.0213618036
      vertex 0.0248018187 0.00429594517 0.0215986241
      vertex 0.0243800543 0.00449459814 0.0225972924
    endloop
  endfacet
  facet normal -0.92383939 -0.0838572308 -0.373482078
    outer loop
      vertex 0.0248018317 0.00535055762 0.0213618036
      vertex 0.0243800543 0.00449459814 0.0225972924
      vertex 0.0243800674 0.00559797278 0.0223495215
    endloop
  endfacet
  facet normal -0.923837304 0.0838790759 0.373482108
    outer loop
      vertex 0.0243800674 0.00559797278 0.0223495215
      vertex 0.0243800543 0.00449459814 0.0225972924
      vertex 0.0248018242 0.00469324132 0.0235959608
    endloop
  endfacet
  facet normal -0.923837721 0.0838780478 0.373481482
    outer loop
      vertex 0.0243800674 0.00559797278 0.0223495215
      vertex 0.0248018242 0.00469324132 0.0235959608
      vertex 0.0248018373 0.00584537862 0.0233372413
    endloop
  endfacet
  facet normal -0.382582754 0.202435255 0.901471257
    outer loop
      vertex 0.0248018373 0.00584537862 0.0233372413
      vertex 0.0248018242 0.00469324132 0.0235959608
      vertex 0.0258200578 0.00477551157 0.0240096226
    endloop
  endfacet
  facet normal -0.382582337 0.202435672 0.901471257
    outer loop
      vertex 0.0248018373 0.00584537862 0.0233372413
      vertex 0.0258200578 0.00477551157 0.0240096226
      vertex 0.0258200727 0.00594784738 0.0237463675
    endloop
  endfacet
  facet normal 0.382587016 0.157951117 0.910317898
    outer loop
      vertex 0.0258200578 0.00477551157 0.0240096226
      vertex 0.0258200448 0.00359165925 0.0242150407
      vertex 0.0268382765 0.00352976122 0.0237978399
    endloop
  endfacet
  facet normal 0.382586479 0.157950595 0.910318136
    outer loop
      vertex 0.0258200578 0.00477551157 0.0240096226
      vertex 0.0268382765 0.00352976122 0.0237978399
      vertex 0.0268382914 0.00469321664 0.0235959608
    endloop
  endfacet
  facet normal 0.923839569 0.0654294416 0.377146572
    outer loop
      vertex 0.0268382914 0.00469321664 0.0235959608
      vertex 0.0268382765 0.00352976122 0.0237978399
      vertex 0.0272600409 0.00338035007 0.0227906276
    endloop
  endfacet
  facet normal 0.92383939 0.0654291138 0.377146989
    outer loop
      vertex 0.0268382914 0.00469321664 0.0235959608
      vertex 0.0272600409 0.00338035007 0.0227906276
      vertex 0.0272600558 0.00449456368 0.0225972924
    endloop
  endfacet
  facet normal 0.9238379 -0.0654537007 -0.377146363
    outer loop
      vertex 0.0272600558 0.00449456368 0.0225972924
      vertex 0.0272600409 0.00338035007 0.0227906276
      vertex 0.0268382728 0.00323094917 0.0217834152
    endloop
  endfacet
  facet normal 0.923837543 -0.0654529333 -0.377147317
    outer loop
      vertex 0.0272600558 0.00449456368 0.0225972924
      vertex 0.0268382728 0.00323094917 0.0217834152
      vertex 0.0268382858 0.00429592095 0.0215986241
    endloop
  endfacet
  facet normal 0.382584602 -0.157960594 -0.910317302
    outer loop
      vertex 0.0268382858 0.00429592095 0.0215986241
      vertex 0.0268382728 0.00323094917 0.0217834152
      vertex 0.0258200392 0.00316907512 0.0213662125
    endloop
  endfacet
  facet normal 0.38258329 -0.157959267 -0.910318077
    outer loop
      vertex 0.0268382858 0.00429592095 0.0215986241
      vertex 0.0258200392 0.00316907512 0.0213662125
      vertex 0.0258200523 0.00421365071 0.0211849622
    endloop
  endfacet
  facet normal -0.38258788 -0.157949641 -0.910317719
    outer loop
      vertex 0.0258200523 0.00421365071 0.0211849622
      vertex 0.0258200392 0.00316907512 0.0213662125
      vertex 0.0248018056 0.00323097361 0.0217834152
    endloop
  endfacet
  facet normal -0.382586449 -0.157951385 -0.910318077
    outer loop
      vertex 0.0258200523 0.00421365071 0.0211849622
      vertex 0.0248018056 0.00323097361 0.0217834152
      vertex 0.0248018187 0.00429594517 0.0215986241
    endloop
  endfacet
  facet normal -0.923839569 -0.0654301941 -0.377146453
    outer loop
      vertex 0.0248018187 0.00429594517 0.0215986241
      vertex 0.0248018056 0.00323097361 0.0217834152
      vertex 0.0243800413 0.00338038453 0.0227906276
    endloop
  endfacet
  facet normal -0.92383939 -0.0654305965 -0.377146691
    outer loop
      vertex 0.0248018187 0.00429594517 0.0215986241
      vertex 0.0243800413 0.00338038453 0.0227906276
      vertex 0.0243800543 0.00449459814 0.0225972924
    endloop
  endfacet
  facet normal -0.9238379 0.0654521957 0.377146572
    outer loop
      vertex 0.0243800543 0.00449459814 0.0225972924
      vertex 0.0243800413 0.00338038453 0.0227906276
      vertex 0.0248018093 0.00352978567 0.0237978399
    endloop
  endfacet
  facet normal -0.923837543 0.0654532239 0.377147287
    outer loop
      vertex 0.0243800543 0.00449459814 0.0225972924
      vertex 0.0248018093 0.00352978567 0.0237978399
      vertex 0.0248018242 0.00469324132 0.0235959608
    endloop
  endfacet
  facet normal -0.382582575 0.15796037 0.910318196
    outer loop
      vertex 0.0248018242 0.00469324132 0.0235959608
      vertex 0.0248018093 0.00352978567 0.0237978399
      vertex 0.0258200448 0.00359165925 0.0242150407
    endloop
  endfacet
  facet normal -0.38258329 0.157959566 0.910317957
    outer loop
      vertex 0.0248018242 0.00469324132 0.0235959608
      vertex 0.0258200448 0.00359165925 0.0242150407
      vertex 0.0258200578 0.00477551157 0.0240096226
    endloop
  endfacet
  facet normal 0.382586747 0.113093145 0.916971922
    outer loop
      vertex 0.0258200448 0.00359165925 0.0242150407
      vertex 0.0258200299 0.00239915308 0.0243621226
      vertex 0.0268382635 0.00235780072 0.0239423867
    endloop
  endfacet
  facet normal 0.382586479 0.113092892 0.916971982
    outer loop
      vertex 0.0258200448 0.00359165925 0.0242150407
      vertex 0.0268382635 0.00235780072 0.0239423867
      vertex 0.0268382765 0.00352976122 0.0237978399
    endloop
  endfacet
  facet normal 0.923839569 0.0468459874 0.379902393
    outer loop
      vertex 0.0268382765 0.00352976122 0.0237978399
      vertex 0.0268382635 0.00235780072 0.0239423867
      vertex 0.0272600278 0.00225799135 0.0229290556
    endloop
  endfacet
  facet normal 0.923839271 0.0468452908 0.379903227
    outer loop
      vertex 0.0268382765 0.00352976122 0.0237978399
      vertex 0.0272600278 0.00225799135 0.0229290556
      vertex 0.0272600409 0.00338035007 0.0227906276
    endloop
  endfacet
  facet normal 0.923838437 -0.0468666963 -0.37990272
    outer loop
      vertex 0.0272600409 0.00338035007 0.0227906276
      vertex 0.0272600278 0.00225799135 0.0229290556
      vertex 0.0268382616 0.00215819222 0.0219157264
    endloop
  endfacet
  facet normal 0.923838079 -0.0468659922 -0.379903585
    outer loop
      vertex 0.0272600409 0.00338035007 0.0227906276
      vertex 0.0268382616 0.00215819222 0.0219157264
      vertex 0.0268382728 0.00323094917 0.0217834152
    endloop
  endfacet
  facet normal 0.382583827 -0.113101013 -0.916972041
    outer loop
      vertex 0.0268382728 0.00323094917 0.0217834152
      vertex 0.0268382616 0.00215819222 0.0219157264
      vertex 0.0258200262 0.00211686385 0.0214959905
    endloop
  endfacet
  facet normal 0.382585168 -0.113102421 -0.916971326
    outer loop
      vertex 0.0268382728 0.00323094917 0.0217834152
      vertex 0.0258200262 0.00211686385 0.0214959905
      vertex 0.0258200392 0.00316907512 0.0213662125
    endloop
  endfacet
  facet normal -0.382586807 -0.113092996 -0.916971862
    outer loop
      vertex 0.0258200392 0.00316907512 0.0213662125
      vertex 0.0258200262 0.00211686385 0.0214959905
      vertex 0.0248017926 0.00215821667 0.0219157264
    endloop
  endfacet
  facet normal -0.382587373 -0.113092333 -0.916971684
    outer loop
      vertex 0.0258200392 0.00316907512 0.0213662125
      vertex 0.0248017926 0.00215821667 0.0219157264
      vertex 0.0248018056 0.00323097361 0.0217834152
    endloop
  endfacet
  facet normal -0.923839331 -0.0468450561 -0.379903078
    outer loop
      vertex 0.0248018056 0.00323097361 0.0217834152
      vertex 0.0248017926 0.00215821667 0.0219157264
      vertex 0.0243800282 0.00225802581 0.0229290556
    endloop
  endfacet
  facet normal -0.923839211 -0.0468452945 -0.379903257
    outer loop
      vertex 0.0248018056 0.00323097361 0.0217834152
      vertex 0.0243800282 0.00225802581 0.0229290556
      vertex 0.0243800413 0.00338038453 0.0227906276
    endloop
  endfacet
  facet normal -0.923838079 0.0468667969 0.379903555
    outer loop
      vertex 0.0243800413 0.00338038453 0.0227906276
      vertex 0.0243800282 0.00225802581 0.0229290556
      vertex 0.0248017963 0.00235782517 0.0239423867
    endloop
  endfacet
  facet normal -0.923838139 0.0468666814 0.379903495
    outer loop
      vertex 0.0243800413 0.00338038453 0.0227906276
      vertex 0.0248017963 0.00235782517 0.0239423867
      vertex 0.0248018093 0.00352978567 0.0237978399
    endloop
  endfacet
  facet normal -0.382584363 0.1131014 0.916971743
    outer loop
      vertex 0.0248018093 0.00352978567 0.0237978399
      vertex 0.0248017963 0.00235782517 0.0239423867
      vertex 0.0258200299 0.00239915308 0.0243621226
    endloop
  endfacet
  facet normal -0.382583052 0.113102734 0.91697216
    outer loop
      vertex 0.0248018093 0.00352978567 0.0237978399
      vertex 0.0258200299 0.00239915308 0.0243621226
      vertex 0.0258200448 0.00359165925 0.0242150407
    endloop
  endfacet
  facet normal 0.382585406 0.0679629892 0.921416998
    outer loop
      vertex 0.0258200299 0.00239915308 0.0243621226
      vertex 0.025820015 0.00120087864 0.0244505126
      vertex 0.0268382486 0.00118017127 0.0240292549
    endloop
  endfacet
  facet normal 0.382586211 0.0679637417 0.92141664
    outer loop
      vertex 0.0258200299 0.00239915308 0.0243621226
      vertex 0.0268382486 0.00118017127 0.0240292549
      vertex 0.0268382635 0.00235780072 0.0239423867
    endloop
  endfacet
  facet normal 0.923839033 0.0281478316 0.381744862
    outer loop
      vertex 0.0268382635 0.00235780072 0.0239423867
      vertex 0.0268382486 0.00118017127 0.0240292549
      vertex 0.0272600148 0.00113020348 0.0230122469
    endloop
  endfacet
  facet normal 0.92383945 0.0281486586 0.381743938
    outer loop
      vertex 0.0268382635 0.00235780072 0.0239423867
      vertex 0.0272600148 0.00113020348 0.0230122469
      vertex 0.0272600278 0.00225799135 0.0229290556
    endloop
  endfacet
  facet normal 0.923838437 -0.0281700827 -0.381744564
    outer loop
      vertex 0.0272600278 0.00225799135 0.0229290556
      vertex 0.0272600148 0.00113020348 0.0230122469
      vertex 0.0268382486 0.00108024583 0.0219952408
    endloop
  endfacet
  facet normal 0.923838675 -0.0281704441 -0.381744176
    outer loop
      vertex 0.0272600278 0.00225799135 0.0229290556
      vertex 0.0268382486 0.00108024583 0.0219952408
      vertex 0.0268382616 0.00215819222 0.0219157264
    endloop
  endfacet
  facet normal 0.38258335 -0.067972742 -0.921417177
    outer loop
      vertex 0.0268382616 0.00215819222 0.0219157264
      vertex 0.0268382486 0.00108024583 0.0219952408
      vertex 0.0258200131 0.0010595629 0.0215739831
    endloop
  endfacet
  facet normal 0.382584333 -0.0679737777 -0.921416759
    outer loop
      vertex 0.0268382616 0.00215819222 0.0219157264
      vertex 0.0258200131 0.0010595629 0.0215739831
      vertex 0.0258200262 0.00211686385 0.0214959905
    endloop
  endfacet
  facet normal -0.382585436 -0.0679643676 -0.921416938
    outer loop
      vertex 0.0258200262 0.00211686385 0.0214959905
      vertex 0.0258200131 0.0010595629 0.0215739831
      vertex 0.0248017795 0.00108027027 0.0219952408
    endloop
  endfacet
  facet normal -0.382586271 -0.0679634511 -0.9214167
    outer loop
      vertex 0.0258200262 0.00211686385 0.0214959905
      vertex 0.0248017795 0.00108027027 0.0219952408
      vertex 0.0248017926 0.00215821667 0.0219157264
    endloop
  endfacet
  facet normal -0.923839331 -0.028148083 -0.381743997
    outer loop
      vertex 0.0248017926 0.00215821667 0.0219157264
      vertex 0.0248017795 0.00108027027 0.0219952408
      vertex 0.0243800152 0.00113023806 0.0230122469
    endloop
  endfacet
  facet normal -0.923839211 -0.028148707 -0.381744534
    outer loop
      vertex 0.0248017926 0.00215821667 0.0219157264
      vertex 0.0243800152 0.00113023806 0.0230122469
      vertex 0.0243800282 0.00225802581 0.0229290556
    endloop
  endfacet
  facet normal -0.923838735 0.0281700436 0.381743938
    outer loop
      vertex 0.0243800282 0.00225802581 0.0229290556
      vertex 0.0243800152 0.00113023806 0.0230122469
      vertex 0.0248017814 0.0011801956 0.0240292549
    endloop
  endfacet
  facet normal -0.923838317 0.0281712096 0.381744921
    outer loop
      vertex 0.0243800282 0.00225802581 0.0229290556
      vertex 0.0248017814 0.0011801956 0.0240292549
      vertex 0.0248017963 0.00235782517 0.0239423867
    endloop
  endfacet
  facet normal -0.382583976 0.06797342 0.921416879
    outer loop
      vertex 0.0248017963 0.00235782517 0.0239423867
      vertex 0.0248017814 0.0011801956 0.0240292549
      vertex 0.025820015 0.00120087864 0.0244505126
    endloop
  endfacet
  facet normal -0.3825849 0.0679724738 0.921416521
    outer loop
      vertex 0.0248017963 0.00235782517 0.0239423867
      vertex 0.025820015 0.00120087864 0.0244505126
      vertex 0.0258200299 0.00239915308 0.0243621226
    endloop
  endfacet
  facet normal 0.382585347 0.0226701535 0.92364198
    outer loop
      vertex 0.025820015 0.00120087864 0.0244505126
      vertex 0.025820002 -3.01436955e-07 0.0244800001
      vertex 0.0268382356 -3.13721671e-07 0.0240582339
    endloop
  endfacet
  facet normal 0.382584929 0.0226697251 0.923642099
    outer loop
      vertex 0.025820015 0.00120087864 0.0244505126
      vertex 0.0268382356 -3.13721671e-07 0.0240582339
      vertex 0.0268382486 0.00118017127 0.0240292549
    endloop
  endfacet
  facet normal 0.923838794 0.00938365236 0.382666528
    outer loop
      vertex 0.0268382486 0.00118017127 0.0240292549
      vertex 0.0268382356 -3.13721671e-07 0.0240582339
      vertex 0.0272600017 -3.18949276e-07 0.0230400003
    endloop
  endfacet
  facet normal 0.923838854 0.00938349403 0.382666707
    outer loop
      vertex 0.0268382486 0.00118017127 0.0240292549
      vertex 0.0272600017 -3.18949276e-07 0.0230400003
      vertex 0.0272600148 0.00113020348 0.0230122469
    endloop
  endfacet
  facet normal 0.923838675 -0.00940481015 -0.382666558
    outer loop
      vertex 0.0272600148 0.00113020348 0.0230122469
      vertex 0.0272600017 -3.18949276e-07 0.0230400003
      vertex 0.0268382356 -3.14057502e-07 0.0220217668
    endloop
  endfacet
  facet normal 0.923838675 -0.00940496009 -0.382666379
    outer loop
      vertex 0.0272600148 0.00113020348 0.0230122469
      vertex 0.0268382356 -3.14057502e-07 0.0220217668
      vertex 0.0268382486 0.00108024583 0.0219952408
    endloop
  endfacet
  facet normal 0.38258484 -0.0226784777 -0.923642039
    outer loop
      vertex 0.0268382486 0.00108024583 0.0219952408
      vertex 0.0268382356 -3.14057502e-07 0.0220217668
      vertex 0.025820002 -3.01911882e-07 0.0216000006
    endloop
  endfacet
  facet normal 0.382583916 -0.0226774849 -0.923642397
    outer loop
      vertex 0.0268382486 0.00108024583 0.0219952408
      vertex 0.025820002 -3.01911882e-07 0.0216000006
      vertex 0.0258200131 0.0010595629 0.0215739831
    endloop
  endfacet
  facet normal -0.382584751 -0.0226694196 -0.923642218
    outer loop
      vertex 0.0258200131 0.0010595629 0.0215739831
      vertex 0.025820002 -3.01911882e-07 0.0216000006
      vertex 0.0248017665 -2.89627167e-07 0.0220217668
    endloop
  endfacet
  facet normal -0.38258487 -0.0226692613 -0.923642159
    outer loop
      vertex 0.0258200131 0.0010595629 0.0215739831
      vertex 0.0248017665 -2.89627167e-07 0.0220217668
      vertex 0.0248017795 0.00108027027 0.0219952408
    endloop
  endfacet
  facet normal -0.923838854 -0.00938267261 -0.382666558
    outer loop
      vertex 0.0248017795 0.00108027027 0.0219952408
      vertex 0.0248017665 -2.89627167e-07 0.0220217668
      vertex 0.0243800003 -2.84399562e-07 0.0230400003
    endloop
  endfacet
  facet normal -0.923839092 -0.00938196387 -0.382665932
    outer loop
      vertex 0.0248017795 0.00108027027 0.0219952408
      vertex 0.0243800003 -2.84399562e-07 0.0230400003
      vertex 0.0243800152 0.00113023806 0.0230122469
    endloop
  endfacet
  facet normal -0.923838675 0.00940633193 0.382666558
    outer loop
      vertex 0.0243800152 0.00113023806 0.0230122469
      vertex 0.0243800003 -2.84399562e-07 0.0230400003
      vertex 0.0248017665 -2.89291336e-07 0.0240582339
    endloop
  endfacet
  facet normal -0.923838913 0.00940548163 0.382665783
    outer loop
      vertex 0.0243800152 0.00113023806 0.0230122469
      vertex 0.0248017665 -2.89291336e-07 0.0240582339
      vertex 0.0248017814 0.0011801956 0.0240292549
    endloop
  endfacet
  facet normal -0.382584184 0.0226787813 0.923642278
    outer loop
      vertex 0.0248017814 0.0011801956 0.0240292549
      vertex 0.0248017665 -2.89291336e-07 0.0240582339
      vertex 0.025820002 -3.01436955e-07 0.0244800001
    endloop
  endfacet
  facet normal -0.382584512 0.0226784628 0.923642159
    outer loop
      vertex 0.0248017814 0.0011801956 0.0240292549
      vertex 0.025820002 -3.01436955e-07 0.0244800001
      vertex 0.025820015 0.00120087864 0.0244505126
    endloop
  endfacet
  facet normal 0.382584482 -0.0226790551 0.923642099
    outer loop
      vertex 0.025820002 -3.01436955e-07 0.0244800001
      vertex 0.0258199871 -0.00120148156 0.0244505126
      vertex 0.0268382207 -0.00118079863 0.0240292549
    endloop
  endfacet
  facet normal 0.38258478 -0.0226787888 0.92364192
    outer loop
      vertex 0.025820002 -3.01436955e-07 0.0244800001
      vertex 0.0268382207 -0.00118079863 0.0240292549
      vertex 0.0268382356 -3.13721671e-07 0.0240582339
    endloop
  endfacet
  facet normal 0.923838913 -0.00940550026 0.382665783
    outer loop
      vertex 0.0268382356 -3.13721671e-07 0.0240582339
      vertex 0.0268382207 -0.00118079863 0.0240292549
      vertex 0.0272599868 -0.00113084144 0.0230122469
    endloop
  endfacet
  facet normal 0.923838675 -0.0094063133 0.382666558
    outer loop
      vertex 0.0268382356 -3.13721671e-07 0.0240582339
      vertex 0.0272599868 -0.00113084144 0.0230122469
      vertex 0.0272600017 -3.18949276e-07 0.0230400003
    endloop
  endfacet
  facet normal 0.923839092 0.00938196201 -0.382665932
    outer loop
      vertex 0.0272600017 -3.18949276e-07 0.0230400003
      vertex 0.0272599868 -0.00113084144 0.0230122469
      vertex 0.0268382225 -0.001080874 0.0219952408
    endloop
  endfacet
  facet normal 0.923838854 0.00938266143 -0.382666558
    outer loop
      vertex 0.0272600017 -3.18949276e-07 0.0230400003
      vertex 0.0268382225 -0.001080874 0.0219952408
      vertex 0.0268382356 -3.14057502e-07 0.0220217668
    endloop
  endfacet
  facet normal 0.382584929 0.0226692483 -0.923642159
    outer loop
      vertex 0.0268382356 -3.14057502e-07 0.0220217668
      vertex 0.0268382225 -0.001080874 0.0219952408
      vertex 0.0258199889 -0.00106016675 0.0215739831
    endloop
  endfacet
  facet normal 0.382585347 0.0226687528 -0.923642039
    outer loop
      vertex 0.0268382356 -3.14057502e-07 0.0220217668
      vertex 0.0258199889 -0.00106016675 0.0215739831
      vertex 0.025820002 -3.01911882e-07 0.0216000006
    endloop
  endfacet
  facet normal -0.382583916 0.022678161 -0.923642397
    outer loop
      vertex 0.025820002 -3.01911882e-07 0.0216000006
      vertex 0.0258199889 -0.00106016675 0.0215739831
      vertex 0.0248017535 -0.00108084956 0.0219952408
    endloop
  endfacet
  facet normal -0.382584184 0.0226784851 -0.923642278
    outer loop
      vertex 0.025820002 -3.01911882e-07 0.0216000006
      vertex 0.0248017535 -0.00108084956 0.0219952408
      vertex 0.0248017665 -2.89627167e-07 0.0220217668
    endloop
  endfacet
  facet normal -0.923838615 0.00940496475 -0.382666439
    outer loop
      vertex 0.0248017665 -2.89627167e-07 0.0220217668
      vertex 0.0248017535 -0.00108084956 0.0219952408
      vertex 0.0243799873 -0.00113080686 0.0230122469
    endloop
  endfacet
  facet normal -0.923838675 0.00940480828 -0.382666558
    outer loop
      vertex 0.0248017665 -2.89627167e-07 0.0220217668
      vertex 0.0243799873 -0.00113080686 0.0230122469
      vertex 0.0243800003 -2.84399562e-07 0.0230400003
    endloop
  endfacet
  facet normal -0.923838794 -0.00938350428 0.382666737
    outer loop
      vertex 0.0243800003 -2.84399562e-07 0.0230400003
      vertex 0.0243799873 -0.00113080686 0.0230122469
      vertex 0.0248017535 -0.0011807743 0.0240292549
    endloop
  endfacet
  facet normal -0.923838854 -0.00938364211 0.382666588
    outer loop
      vertex 0.0243800003 -2.84399562e-07 0.0230400003
      vertex 0.0248017535 -0.0011807743 0.0240292549
      vertex 0.0248017665 -2.89291336e-07 0.0240582339
    endloop
  endfacet
  facet normal -0.38258484 -0.0226697233 0.923642159
    outer loop
      vertex 0.0248017665 -2.89291336e-07 0.0240582339
      vertex 0.0248017535 -0.0011807743 0.0240292549
      vertex 0.0258199871 -0.00120148156 0.0244505126
    endloop
  endfacet
  facet normal -0.382584751 -0.0226695742 0.923642218
    outer loop
      vertex 0.0248017665 -2.89291336e-07 0.0240582339
      vertex 0.0258199871 -0.00120148156 0.0244505126
      vertex 0.025820002 -3.01436955e-07 0.0244800001
    endloop
  endfacet
  facet normal 0.382584929 -0.0679718032 0.92141664
    outer loop
      vertex 0.0258199871 -0.00120148156 0.0244505126
      vertex 0.0258199722 -0.00239976798 0.0243621226
      vertex 0.0268382058 -0.00235843961 0.0239423867
    endloop
  endfacet
  facet normal 0.382583976 -0.0679727793 0.921416938
    outer loop
      vertex 0.0258199871 -0.00120148156 0.0244505126
      vertex 0.0268382058 -0.00235843961 0.0239423867
      vertex 0.0268382207 -0.00118079863 0.0240292549
    endloop
  endfacet
  facet normal 0.923838258 -0.0281709414 0.381744951
    outer loop
      vertex 0.0268382207 -0.00118079863 0.0240292549
      vertex 0.0268382058 -0.00235843961 0.0239423867
      vertex 0.0272599738 -0.00225864025 0.0229290556
    endloop
  endfacet
  facet normal 0.923838675 -0.0281697754 0.381743968
    outer loop
      vertex 0.0268382207 -0.00118079863 0.0240292549
      vertex 0.0272599738 -0.00225864025 0.0229290556
      vertex 0.0272599868 -0.00113084144 0.0230122469
    endloop
  endfacet
  facet normal 0.923839152 0.02814845 -0.381744534
    outer loop
      vertex 0.0272599868 -0.00113084144 0.0230122469
      vertex 0.0272599738 -0.00225864025 0.0229290556
      vertex 0.0268382095 -0.00215883087 0.0219157264
    endloop
  endfacet
  facet normal 0.923839331 0.0281477999 -0.381743997
    outer loop
      vertex 0.0272599868 -0.00113084144 0.0230122469
      vertex 0.0268382095 -0.00215883087 0.0219157264
      vertex 0.0268382225 -0.001080874 0.0219952408
    endloop
  endfacet
  facet normal 0.382586241 0.0679628029 -0.921416819
    outer loop
      vertex 0.0268382225 -0.001080874 0.0219952408
      vertex 0.0268382095 -0.00215883087 0.0219157264
      vertex 0.0258199759 -0.00211747829 0.0214959905
    endloop
  endfacet
  facet normal 0.382585466 0.0679636821 -0.921416998
    outer loop
      vertex 0.0268382225 -0.001080874 0.0219952408
      vertex 0.0258199759 -0.00211747829 0.0214959905
      vertex 0.0258199889 -0.00106016675 0.0215739831
    endloop
  endfacet
  facet normal -0.382584274 0.0679730996 -0.921416759
    outer loop
      vertex 0.0258199889 -0.00106016675 0.0215739831
      vertex 0.0258199759 -0.00211747829 0.0214959905
      vertex 0.0248017404 -0.00215880643 0.0219157264
    endloop
  endfacet
  facet normal -0.38258335 0.0679720789 -0.921417236
    outer loop
      vertex 0.0258199889 -0.00106016675 0.0215739831
      vertex 0.0248017404 -0.00215880643 0.0219157264
      vertex 0.0248017535 -0.00108084956 0.0219952408
    endloop
  endfacet
  facet normal -0.923838675 0.0281701703 -0.381744206
    outer loop
      vertex 0.0248017535 -0.00108084956 0.0219952408
      vertex 0.0248017404 -0.00215880643 0.0219157264
      vertex 0.0243799742 -0.00225860579 0.0229290556
    endloop
  endfacet
  facet normal -0.923838496 0.0281698145 -0.381744564
    outer loop
      vertex 0.0248017535 -0.00108084956 0.0219952408
      vertex 0.0243799742 -0.00225860579 0.0229290556
      vertex 0.0243799873 -0.00113080686 0.0230122469
    endloop
  endfacet
  facet normal -0.92383939 -0.0281484015 0.381743968
    outer loop
      vertex 0.0243799873 -0.00113080686 0.0230122469
      vertex 0.0243799742 -0.00225860579 0.0229290556
      vertex 0.0248017386 -0.00235841516 0.0239423867
    endloop
  endfacet
  facet normal -0.923839092 -0.0281475615 0.381744891
    outer loop
      vertex 0.0243799873 -0.00113080686 0.0230122469
      vertex 0.0248017386 -0.00235841516 0.0239423867
      vertex 0.0248017535 -0.0011807743 0.0240292549
    endloop
  endfacet
  facet normal -0.382586241 -0.0679630712 0.9214167
    outer loop
      vertex 0.0248017535 -0.0011807743 0.0240292549
      vertex 0.0248017386 -0.00235841516 0.0239423867
      vertex 0.0258199722 -0.00239976798 0.0243621226
    endloop
  endfacet
  facet normal -0.382585466 -0.0679623187 0.921417117
    outer loop
      vertex 0.0248017535 -0.0011807743 0.0240292549
      vertex 0.0258199722 -0.00239976798 0.0243621226
      vertex 0.0258199871 -0.00120148156 0.0244505126
    endloop
  endfacet
  facet normal 0.382583112 -0.113103867 0.916972041
    outer loop
      vertex 0.0258199722 -0.00239976798 0.0243621226
      vertex 0.0258199573 -0.00359226228 0.0242150407
      vertex 0.0268381927 -0.00353038847 0.0237978399
    endloop
  endfacet
  facet normal 0.382584423 -0.113102533 0.916971684
    outer loop
      vertex 0.0258199722 -0.00239976798 0.0243621226
      vertex 0.0268381927 -0.00353038847 0.0237978399
      vertex 0.0268382058 -0.00235843961 0.0239423867
    endloop
  endfacet
  facet normal 0.923838079 -0.0468671359 0.379903436
    outer loop
      vertex 0.0268382058 -0.00235843961 0.0239423867
      vertex 0.0268381927 -0.00353038847 0.0237978399
      vertex 0.0272599608 -0.00338098779 0.0227906276
    endloop
  endfacet
  facet normal 0.923838079 -0.0468672588 0.379903525
    outer loop
      vertex 0.0268382058 -0.00235843961 0.0239423867
      vertex 0.0272599608 -0.00338098779 0.0227906276
      vertex 0.0272599738 -0.00225864025 0.0229290556
    endloop
  endfacet
  facet normal 0.923839271 0.0468457565 -0.379903227
    outer loop
      vertex 0.0272599738 -0.00225864025 0.0229290556
      vertex 0.0272599608 -0.00338098779 0.0227906276
      vertex 0.0268381964 -0.00323157734 0.0217834152
    endloop
  endfacet
  facet normal 0.92383939 0.0468455106 -0.379903018
    outer loop
      vertex 0.0272599738 -0.00225864025 0.0229290556
      vertex 0.0268381964 -0.00323157734 0.0217834152
      vertex 0.0268382095 -0.00215883087 0.0219157264
    endloop
  endfacet
  facet normal 0.382587314 0.113093406 -0.916971505
    outer loop
      vertex 0.0268382095 -0.00215883087 0.0219157264
      vertex 0.0268381964 -0.00323157734 0.0217834152
      vertex 0.0258199628 -0.00316967932 0.0213662125
    endloop
  endfacet
  facet normal 0.382586777 0.113094114 -0.916971743
    outer loop
      vertex 0.0268382095 -0.00215883087 0.0219157264
      vertex 0.0258199628 -0.00316967932 0.0213662125
      vertex 0.0258199759 -0.00211747829 0.0214959905
    endloop
  endfacet
  facet normal -0.382585138 0.113103509 -0.916971266
    outer loop
      vertex 0.0258199759 -0.00211747829 0.0214959905
      vertex 0.0258199628 -0.00316967932 0.0213662125
      vertex 0.0248017292 -0.0032315529 0.0217834152
    endloop
  endfacet
  facet normal -0.382583767 0.113102086 -0.916971982
    outer loop
      vertex 0.0258199759 -0.00211747829 0.0214959905
      vertex 0.0248017292 -0.0032315529 0.0217834152
      vertex 0.0248017404 -0.00215880643 0.0219157264
    endloop
  endfacet
  facet normal -0.923838079 0.0468664281 -0.379903555
    outer loop
      vertex 0.0248017404 -0.00215880643 0.0219157264
      vertex 0.0248017292 -0.0032315529 0.0217834152
      vertex 0.0243799612 -0.00338095333 0.0227906276
    endloop
  endfacet
  facet normal -0.923838437 0.0468671583 -0.37990272
    outer loop
      vertex 0.0248017404 -0.00215880643 0.0219157264
      vertex 0.0243799612 -0.00338095333 0.0227906276
      vertex 0.0243799742 -0.00225860579 0.0229290556
    endloop
  endfacet
  facet normal -0.923839271 -0.0468457565 0.379903197
    outer loop
      vertex 0.0243799742 -0.00225860579 0.0229290556
      vertex 0.0243799612 -0.00338095333 0.0227906276
      vertex 0.0248017255 -0.00353036402 0.0237978399
    endloop
  endfacet
  facet normal -0.923839569 -0.0468464494 0.379902333
    outer loop
      vertex 0.0243799742 -0.00225860579 0.0229290556
      vertex 0.0248017255 -0.00353036402 0.0237978399
      vertex 0.0248017386 -0.00235841516 0.0239423867
    endloop
  endfacet
  facet normal -0.382586479 -0.113094002 0.916971743
    outer loop
      vertex 0.0248017386 -0.00235841516 0.0239423867
      vertex 0.0248017255 -0.00353036402 0.0237978399
      vertex 0.0258199573 -0.00359226228 0.0242150407
    endloop
  endfacet
  facet normal -0.382586747 -0.113094263 0.916971684
    outer loop
      vertex 0.0248017386 -0.00235841516 0.0239423867
      vertex 0.0258199573 -0.00359226228 0.0242150407
      vertex 0.0258199722 -0.00239976798 0.0243621226
    endloop
  endfacet
  facet normal 0.382583261 -0.157959625 0.910318017
    outer loop
      vertex 0.0258199573 -0.00359226228 0.0242150407
      vertex 0.0258199442 -0.00477611413 0.0240096226
      vertex 0.0268381778 -0.00469384436 0.0235959608
    endloop
  endfacet
  facet normal 0.382582545 -0.157960325 0.910318136
    outer loop
      vertex 0.0258199573 -0.00359226228 0.0242150407
      vertex 0.0268381778 -0.00469384436 0.0235959608
      vertex 0.0268381927 -0.00353038847 0.0237978399
    endloop
  endfacet
  facet normal 0.923837543 -0.065453209 0.377147347
    outer loop
      vertex 0.0268381927 -0.00353038847 0.0237978399
      vertex 0.0268381778 -0.00469384436 0.0235959608
      vertex 0.0272599477 -0.0044952021 0.0225972924
    endloop
  endfacet
  facet normal 0.9238379 -0.065452151 0.377146602
    outer loop
      vertex 0.0268381927 -0.00353038847 0.0237978399
      vertex 0.0272599477 -0.0044952021 0.0225972924
      vertex 0.0272599608 -0.00338098779 0.0227906276
    endloop
  endfacet
  facet normal 0.92383939 0.0654305592 -0.377146751
    outer loop
      vertex 0.0272599608 -0.00338098779 0.0227906276
      vertex 0.0272599477 -0.0044952021 0.0225972924
      vertex 0.0268381834 -0.00429654913 0.0215986241
    endloop
  endfacet
  facet normal 0.92383945 0.0654301792 -0.377146453
    outer loop
      vertex 0.0272599608 -0.00338098779 0.0227906276
      vertex 0.0268381834 -0.00429654913 0.0215986241
      vertex 0.0268381964 -0.00323157734 0.0217834152
    endloop
  endfacet
  facet normal 0.38258642 0.15795137 -0.910318077
    outer loop
      vertex 0.0268381964 -0.00323157734 0.0217834152
      vertex 0.0268381834 -0.00429654913 0.0215986241
      vertex 0.0258199498 -0.00421425467 0.0211849622
    endloop
  endfacet
  facet normal 0.38258788 0.157949671 -0.910317719
    outer loop
      vertex 0.0268381964 -0.00323157734 0.0217834152
      vertex 0.0258199498 -0.00421425467 0.0211849622
      vertex 0.0258199628 -0.00316967932 0.0213662125
    endloop
  endfacet
  facet normal -0.38258329 0.157959282 -0.910318017
    outer loop
      vertex 0.0258199628 -0.00316967932 0.0213662125
      vertex 0.0258199498 -0.00421425467 0.0211849622
      vertex 0.0248017162 -0.00429652492 0.0215986241
    endloop
  endfacet
  facet normal -0.382584512 0.157960564 -0.910317302
    outer loop
      vertex 0.0258199628 -0.00316967932 0.0213662125
      vertex 0.0248017162 -0.00429652492 0.0215986241
      vertex 0.0248017292 -0.0032315529 0.0217834152
    endloop
  endfacet
  facet normal -0.923837543 0.0654529259 -0.377147317
    outer loop
      vertex 0.0248017292 -0.0032315529 0.0217834152
      vertex 0.0248017162 -0.00429652492 0.0215986241
      vertex 0.0243799463 -0.00449516764 0.0225972924
    endloop
  endfacet
  facet normal -0.923837841 0.0654536784 -0.377146393
    outer loop
      vertex 0.0248017292 -0.0032315529 0.0217834152
      vertex 0.0243799463 -0.00449516764 0.0225972924
      vertex 0.0243799612 -0.00338095333 0.0227906276
    endloop
  endfacet
  facet normal -0.923839331 -0.0654290691 0.377147079
    outer loop
      vertex 0.0243799612 -0.00338095333 0.0227906276
      vertex 0.0243799463 -0.00449516764 0.0225972924
      vertex 0.0248017106 -0.00469381968 0.0235959608
    endloop
  endfacet
  facet normal -0.923839509 -0.0654294267 0.377146572
    outer loop
      vertex 0.0243799612 -0.00338095333 0.0227906276
      vertex 0.0248017106 -0.00469381968 0.0235959608
      vertex 0.0248017255 -0.00353036402 0.0237978399
    endloop
  endfacet
  facet normal -0.38258642 -0.15795058 0.910318196
    outer loop
      vertex 0.0248017255 -0.00353036402 0.0237978399
      vertex 0.0248017106 -0.00469381968 0.0235959608
      vertex 0.0258199442 -0.00477611413 0.0240096226
    endloop
  endfacet
  facet normal -0.382587075 -0.157951161 0.910317838
    outer loop
      vertex 0.0248017255 -0.00353036402 0.0237978399
      vertex 0.0258199442 -0.00477611413 0.0240096226
      vertex 0.0258199573 -0.00359226228 0.0242150407
    endloop
  endfacet
  facet normal 0.382582337 -0.202436611 0.901471138
    outer loop
      vertex 0.0258199442 -0.00477611413 0.0240096226
      vertex 0.0258199293 -0.00594846113 0.0237463638
      vertex 0.0268381648 -0.00584599283 0.0233372375
    endloop
  endfacet
  facet normal 0.382582694 -0.202436209 0.901471138
    outer loop
      vertex 0.0258199442 -0.00477611413 0.0240096226
      vertex 0.0268381648 -0.00584599283 0.0233372375
      vertex 0.0268381778 -0.00469384436 0.0235959608
    endloop
  endfacet
  facet normal 0.923837423 -0.0838785321 0.373481989
    outer loop
      vertex 0.0268381778 -0.00469384436 0.0235959608
      vertex 0.0268381648 -0.00584599283 0.0233372375
      vertex 0.0272599347 -0.00559858745 0.0223495197
    endloop
  endfacet
  facet normal 0.923837245 -0.0838788822 0.373482168
    outer loop
      vertex 0.0268381778 -0.00469384436 0.0235959608
      vertex 0.0272599347 -0.00559858745 0.0223495197
      vertex 0.0272599477 -0.0044952021 0.0225972924
    endloop
  endfacet
  facet normal 0.923839331 0.083857052 -0.373482049
    outer loop
      vertex 0.0272599477 -0.0044952021 0.0225972924
      vertex 0.0272599347 -0.00559858745 0.0223495197
      vertex 0.0268381704 -0.00535117136 0.0213618018
    endloop
  endfacet
  facet normal 0.923839629 0.083856307 -0.373481661
    outer loop
      vertex 0.0272599477 -0.0044952021 0.0225972924
      vertex 0.0268381704 -0.00535117136 0.0213618018
      vertex 0.0268381834 -0.00429654913 0.0215986241
    endloop
  endfacet
  facet normal 0.382588983 0.202426359 -0.901470542
    outer loop
      vertex 0.0268381834 -0.00429654913 0.0215986241
      vertex 0.0268381704 -0.00535117136 0.0213618018
      vertex 0.0258199386 -0.00524867838 0.0209526736
    endloop
  endfacet
  facet normal 0.382586956 0.202428803 -0.901470959
    outer loop
      vertex 0.0268381834 -0.00429654913 0.0215986241
      vertex 0.0258199386 -0.00524867838 0.0209526736
      vertex 0.0258199498 -0.00421425467 0.0211849622
    endloop
  endfacet
  facet normal -0.382583827 0.202436969 -0.901470423
    outer loop
      vertex 0.0258199498 -0.00421425467 0.0211849622
      vertex 0.0258199386 -0.00524867838 0.0209526736
      vertex 0.0248017032 -0.00535114715 0.0213618018
    endloop
  endfacet
  facet normal -0.382582784 0.202435941 -0.901471138
    outer loop
      vertex 0.0258199498 -0.00421425467 0.0211849622
      vertex 0.0248017032 -0.00535114715 0.0213618018
      vertex 0.0248017162 -0.00429652492 0.0215986241
    endloop
  endfacet
  facet normal -0.923837483 0.0838791877 -0.37348178
    outer loop
      vertex 0.0248017162 -0.00429652492 0.0215986241
      vertex 0.0248017032 -0.00535114715 0.0213618018
      vertex 0.0243799333 -0.00559855299 0.0223495197
    endloop
  endfacet
  facet normal -0.923837245 0.0838789046 -0.373482168
    outer loop
      vertex 0.0248017162 -0.00429652492 0.0215986241
      vertex 0.0243799333 -0.00559855299 0.0223495197
      vertex 0.0243799463 -0.00449516764 0.0225972924
    endloop
  endfacet
  facet normal -0.92383939 -0.0838570669 0.373482138
    outer loop
      vertex 0.0243799463 -0.00449516764 0.0225972924
      vertex 0.0243799333 -0.00559855299 0.0223495197
      vertex 0.0248016976 -0.00584596815 0.0233372375
    endloop
  endfacet
  facet normal -0.923839629 -0.0838575065 0.373481482
    outer loop
      vertex 0.0243799463 -0.00449516764 0.0225972924
      vertex 0.0248016976 -0.00584596815 0.0233372375
      vertex 0.0248017106 -0.00469381968 0.0235959608
    endloop
  endfacet
  facet normal -0.382587582 -0.202427492 0.901470959
    outer loop
      vertex 0.0248017106 -0.00469381968 0.0235959608
      vertex 0.0248016976 -0.00584596815 0.0233372375
      vertex 0.0258199293 -0.00594846113 0.0237463638
    endloop
  endfacet
  facet normal -0.382586986 -0.202426925 0.901471317
    outer loop
      vertex 0.0248017106 -0.00469381968 0.0235959608
      vertex 0.0258199293 -0.00594846113 0.0237463638
      vertex 0.0258199442 -0.00477611413 0.0240096226
    endloop
  endfacet
  facet normal 0.382582188 -0.246424899 0.890452504
    outer loop
      vertex 0.0258199293 -0.00594846113 0.0237463638
      vertex 0.0258199163 -0.00710646762 0.0234259013
      vertex 0.0268381517 -0.00698404759 0.0230222959
    endloop
  endfacet
  facet normal 0.382581711 -0.246425375 0.890452504
    outer loop
      vertex 0.0258199293 -0.00594846113 0.0237463638
      vertex 0.0268381517 -0.00698404759 0.0230222959
      vertex 0.0268381648 -0.00584599283 0.0233372375
    endloop
  endfacet
  facet normal 0.923837423 -0.102103323 0.368916363
    outer loop
      vertex 0.0268381648 -0.00584599283 0.0233372375
      vertex 0.0268381517 -0.00698404759 0.0230222959
      vertex 0.0272599217 -0.00668847561 0.0220479071
    endloop
  endfacet
  facet normal 0.923837304 -0.102104038 0.36891678
    outer loop
      vertex 0.0268381648 -0.00584599283 0.0233372375
      vertex 0.0272599217 -0.00668847561 0.0220479071
      vertex 0.0272599347 -0.00559858745 0.0223495197
    endloop
  endfacet
  facet normal 0.92383945 0.102082044 -0.368917257
    outer loop
      vertex 0.0272599347 -0.00559858745 0.0223495197
      vertex 0.0272599217 -0.00668847561 0.0220479071
      vertex 0.0268381573 -0.00639289292 0.0210735183
    endloop
  endfacet
  facet normal 0.923839569 0.102081597 -0.368916988
    outer loop
      vertex 0.0272599347 -0.00559858745 0.0223495197
      vertex 0.0268381573 -0.00639289292 0.0210735183
      vertex 0.0268381704 -0.00535117136 0.0213618018
    endloop
  endfacet
  facet normal 0.382588297 0.246416718 -0.890452087
    outer loop
      vertex 0.0268381704 -0.00535117136 0.0213618018
      vertex 0.0268381573 -0.00639289292 0.0210735183
      vertex 0.0258199256 -0.00627044868 0.0206699129
    endloop
  endfacet
  facet normal 0.382589519 0.246415287 -0.890451968
    outer loop
      vertex 0.0268381704 -0.00535117136 0.0213618018
      vertex 0.0258199256 -0.00627044868 0.0206699129
      vertex 0.0258199386 -0.00524867838 0.0209526736
    endloop
  endfacet
  facet normal -0.382582217 0.246425167 -0.890452445
    outer loop
      vertex 0.0258199386 -0.00524867838 0.0209526736
      vertex 0.0258199256 -0.00627044868 0.0206699129
      vertex 0.0248016901 -0.0063928687 0.0210735183
    endloop
  endfacet
  facet normal -0.382583261 0.24642618 -0.89045167
    outer loop
      vertex 0.0258199386 -0.00524867838 0.0209526736
      vertex 0.0248016901 -0.0063928687 0.0210735183
      vertex 0.0248017032 -0.00535114715 0.0213618018
    endloop
  endfacet
  facet normal -0.923837483 0.102104455 -0.368915945
    outer loop
      vertex 0.0248017032 -0.00535114715 0.0213618018
      vertex 0.0248016901 -0.0063928687 0.0210735183
      vertex 0.0243799202 -0.00668844115 0.0220479071
    endloop
  endfacet
  facet normal -0.923837245 0.102104023 -0.36891672
    outer loop
      vertex 0.0248017032 -0.00535114715 0.0213618018
      vertex 0.0243799202 -0.00668844115 0.0220479071
      vertex 0.0243799333 -0.00559855299 0.0223495197
    endloop
  endfacet
  facet normal -0.923840046 -0.102081694 0.368915945
    outer loop
      vertex 0.0243799333 -0.00559855299 0.0223495197
      vertex 0.0243799202 -0.00668844115 0.0220479071
      vertex 0.0248016827 -0.00698402291 0.0230222959
    endloop
  endfacet
  facet normal -0.923839569 -0.102080896 0.368917316
    outer loop
      vertex 0.0243799333 -0.00559855299 0.0223495197
      vertex 0.0248016827 -0.00698402291 0.0230222959
      vertex 0.0248016976 -0.00584596815 0.0233372375
    endloop
  endfacet
  facet normal -0.38258782 -0.246415973 0.890452564
    outer loop
      vertex 0.0248016976 -0.00584596815 0.0233372375
      vertex 0.0248016827 -0.00698402291 0.0230222959
      vertex 0.0258199163 -0.00710646762 0.0234259013
    endloop
  endfacet
  facet normal -0.382588178 -0.246416256 0.890452325
    outer loop
      vertex 0.0248016976 -0.00584596815 0.0233372375
      vertex 0.0258199163 -0.00710646762 0.0234259013
      vertex 0.0258199293 -0.00594846113 0.0237463638
    endloop
  endfacet
  facet normal 0.382582217 -0.289822191 0.877287865
    outer loop
      vertex 0.0258199163 -0.00710646762 0.0234259013
      vertex 0.0258199014 -0.00824736618 0.0230489988
      vertex 0.0268381368 -0.00810528919 0.0226518866
    endloop
  endfacet
  facet normal 0.382581711 -0.289822757 0.877287924
    outer loop
      vertex 0.0258199163 -0.00710646762 0.0234259013
      vertex 0.0268381368 -0.00810528919 0.0226518866
      vertex 0.0268381517 -0.00698404759 0.0230222959
    endloop
  endfacet
  facet normal 0.923836708 -0.120084614 0.363463014
    outer loop
      vertex 0.0268381517 -0.00698404759 0.0230222959
      vertex 0.0268381368 -0.00810528919 0.0226518866
      vertex 0.0272599086 -0.00776226213 0.0216931757
    endloop
  endfacet
  facet normal 0.923837185 -0.120083012 0.363462269
    outer loop
      vertex 0.0268381517 -0.00698404759 0.0230222959
      vertex 0.0272599086 -0.00776226213 0.0216931757
      vertex 0.0272599217 -0.00668847561 0.0220479071
    endloop
  endfacet
  facet normal 0.923840225 0.120060578 -0.36346221
    outer loop
      vertex 0.0272599217 -0.00668847561 0.0220479071
      vertex 0.0272599086 -0.00776226213 0.0216931757
      vertex 0.0268381462 -0.00741922436 0.0207344629
    endloop
  endfacet
  facet normal 0.923839629 0.120062351 -0.363463014
    outer loop
      vertex 0.0272599217 -0.00668847561 0.0220479071
      vertex 0.0268381462 -0.00741922436 0.0207344629
      vertex 0.0268381573 -0.00639289292 0.0210735183
    endloop
  endfacet
  facet normal 0.382587761 0.289813817 -0.877288222
    outer loop
      vertex 0.0268381573 -0.00639289292 0.0210735183
      vertex 0.0268381462 -0.00741922436 0.0207344629
      vertex 0.0258199144 -0.00727712363 0.0203373525
    endloop
  endfacet
  facet normal 0.382588863 0.289812505 -0.877288163
    outer loop
      vertex 0.0268381573 -0.00639289292 0.0210735183
      vertex 0.0258199144 -0.00727712363 0.0203373525
      vertex 0.0258199256 -0.00627044868 0.0206699129
    endloop
  endfacet
  facet normal -0.382580757 0.289821237 -0.877288878
    outer loop
      vertex 0.0258199256 -0.00627044868 0.0206699129
      vertex 0.0258199144 -0.00727712363 0.0203373525
      vertex 0.024801679 -0.00741920015 0.0207344629
    endloop
  endfacet
  facet normal -0.382581711 0.289822131 -0.877288103
    outer loop
      vertex 0.0258199256 -0.00627044868 0.0206699129
      vertex 0.024801679 -0.00741920015 0.0207344629
      vertex 0.0248016901 -0.0063928687 0.0210735183
    endloop
  endfacet
  facet normal -0.923836946 0.120082527 -0.363463134
    outer loop
      vertex 0.0248016901 -0.0063928687 0.0210735183
      vertex 0.024801679 -0.00741920015 0.0207344629
      vertex 0.0243799072 -0.00776222767 0.0216931757
    endloop
  endfacet
  facet normal -0.923837245 0.120083019 -0.36346221
    outer loop
      vertex 0.0248016901 -0.0063928687 0.0210735183
      vertex 0.0243799072 -0.00776222767 0.0216931757
      vertex 0.0243799202 -0.00668844115 0.0220479071
    endloop
  endfacet
  facet normal -0.923840046 -0.120060764 0.363462776
    outer loop
      vertex 0.0243799202 -0.00668844115 0.0220479071
      vertex 0.0243799072 -0.00776222767 0.0216931757
      vertex 0.0248016696 -0.00810526498 0.0226518866
    endloop
  endfacet
  facet normal -0.923840165 -0.120061174 0.363461912
    outer loop
      vertex 0.0243799202 -0.00668844115 0.0220479071
      vertex 0.0248016696 -0.00810526498 0.0226518866
      vertex 0.0248016827 -0.00698402291 0.0230222959
    endloop
  endfacet
  facet normal -0.382589251 -0.289813071 0.877287805
    outer loop
      vertex 0.0248016827 -0.00698402291 0.0230222959
      vertex 0.0248016696 -0.00810526498 0.0226518866
      vertex 0.0258199014 -0.00824736618 0.0230489988
    endloop
  endfacet
  facet normal -0.382588357 -0.289812356 0.877288342
    outer loop
      vertex 0.0248016827 -0.00698402291 0.0230222959
      vertex 0.0258199014 -0.00824736618 0.0230489988
      vertex 0.0258199163 -0.00710646762 0.0234259013
    endloop
  endfacet
  facet normal 0.382581443 -0.332518011 0.862011135
    outer loop
      vertex 0.0258199014 -0.00824736618 0.0230489988
      vertex 0.0258198883 -0.00936839636 0.0226165708
      vertex 0.0268381238 -0.00920700561 0.0222269092
    endloop
  endfacet
  facet normal 0.382581711 -0.332517713 0.862011135
    outer loop
      vertex 0.0258199014 -0.00824736618 0.0230489988
      vertex 0.0268381238 -0.00920700561 0.0222269092
      vertex 0.0268381368 -0.00810528919 0.0226518866
    endloop
  endfacet
  facet normal 0.923836827 -0.137772068 0.357133627
    outer loop
      vertex 0.0268381368 -0.00810528919 0.0226518866
      vertex 0.0268381238 -0.00920700561 0.0222269092
      vertex 0.0272598956 -0.00881734956 0.021286184
    endloop
  endfacet
  facet normal 0.923836529 -0.137773067 0.357134044
    outer loop
      vertex 0.0268381368 -0.00810528919 0.0226518866
      vertex 0.0272598956 -0.00881734956 0.021286184
      vertex 0.0272599086 -0.00776226213 0.0216931757
    endloop
  endfacet
  facet normal 0.923840165 0.137750044 -0.357133567
    outer loop
      vertex 0.0272599086 -0.00776226213 0.0216931757
      vertex 0.0272598956 -0.00881734956 0.021286184
      vertex 0.0268381331 -0.00842768326 0.0203454588
    endloop
  endfacet
  facet normal 0.923840404 0.137749001 -0.35713312
    outer loop
      vertex 0.0272599086 -0.00776226213 0.0216931757
      vertex 0.0268381331 -0.00842768326 0.0203454588
      vertex 0.0268381462 -0.00741922436 0.0207344629
    endloop
  endfacet
  facet normal 0.382589549 0.332508296 -0.862011254
    outer loop
      vertex 0.0268381462 -0.00741922436 0.0207344629
      vertex 0.0268381331 -0.00842768326 0.0203454588
      vertex 0.0258199014 -0.00826626737 0.0199557971
    endloop
  endfacet
  facet normal 0.382588238 0.332509875 -0.862011254
    outer loop
      vertex 0.0268381462 -0.00741922436 0.0207344629
      vertex 0.0258199014 -0.00826626737 0.0199557971
      vertex 0.0258199144 -0.00727712363 0.0203373525
    endloop
  endfacet
  facet normal -0.382581741 0.33251968 -0.862010419
    outer loop
      vertex 0.0258199144 -0.00727712363 0.0203373525
      vertex 0.0258199014 -0.00826626737 0.0199557971
      vertex 0.0248016659 -0.00842765905 0.0203454588
    endloop
  endfacet
  facet normal -0.382580251 0.332518309 -0.862011552
    outer loop
      vertex 0.0258199144 -0.00727712363 0.0203373525
      vertex 0.0248016659 -0.00842765905 0.0203454588
      vertex 0.024801679 -0.00741920015 0.0207344629
    endloop
  endfacet
  facet normal -0.923837364 0.137772456 -0.357131988
    outer loop
      vertex 0.024801679 -0.00741920015 0.0207344629
      vertex 0.0248016659 -0.00842765905 0.0203454588
      vertex 0.024379896 -0.00881731417 0.021286184
    endloop
  endfacet
  facet normal -0.923836768 0.137771502 -0.357133925
    outer loop
      vertex 0.024801679 -0.00741920015 0.0207344629
      vertex 0.024379896 -0.00881731417 0.021286184
      vertex 0.0243799072 -0.00776222767 0.0216931757
    endloop
  endfacet
  facet normal -0.923840821 -0.137750998 0.357131511
    outer loop
      vertex 0.0243799072 -0.00776222767 0.0216931757
      vertex 0.024379896 -0.00881731417 0.021286184
      vertex 0.0248016566 -0.0092069814 0.0222269092
    endloop
  endfacet
  facet normal -0.923840165 -0.137750104 0.357133418
    outer loop
      vertex 0.0243799072 -0.00776222767 0.0216931757
      vertex 0.0248016566 -0.0092069814 0.0222269092
      vertex 0.0248016696 -0.00810526498 0.0226518866
    endloop
  endfacet
  facet normal -0.38258934 -0.332508713 0.862011254
    outer loop
      vertex 0.0248016696 -0.00810526498 0.0226518866
      vertex 0.0248016566 -0.0092069814 0.0222269092
      vertex 0.0258198883 -0.00936839636 0.0226165708
    endloop
  endfacet
  facet normal -0.382589728 -0.332509011 0.862010896
    outer loop
      vertex 0.0248016696 -0.00810526498 0.0226518866
      vertex 0.0258198883 -0.00936839636 0.0226165708
      vertex 0.0258199014 -0.00824736618 0.0230489988
    endloop
  endfacet
  facet normal 0.382580787 -0.374415159 0.844656825
    outer loop
      vertex 0.0258198883 -0.00936839636 0.0226165708
      vertex 0.0258198753 -0.0104668569 0.0221296567
      vertex 0.0268381108 -0.0102865407 0.0217483845
    endloop
  endfacet
  facet normal 0.382580936 -0.37441501 0.844656825
    outer loop
      vertex 0.0258198883 -0.00936839636 0.0226165708
      vertex 0.0268381108 -0.0102865407 0.0217483845
      vertex 0.0268381238 -0.00920700561 0.0222269092
    endloop
  endfacet
  facet normal 0.923836708 -0.155130208 0.349943191
    outer loop
      vertex 0.0268381238 -0.00920700561 0.0222269092
      vertex 0.0268381108 -0.0102865407 0.0217483845
      vertex 0.0272598825 -0.00985119585 0.0208279118
    endloop
  endfacet
  facet normal 0.923836589 -0.155130744 0.349943399
    outer loop
      vertex 0.0268381238 -0.00920700561 0.0222269092
      vertex 0.0272598825 -0.00985119585 0.0208279118
      vertex 0.0272598956 -0.00881734956 0.021286184
    endloop
  endfacet
  facet normal 0.923840761 0.155107141 -0.349942654
    outer loop
      vertex 0.0272598956 -0.00881734956 0.021286184
      vertex 0.0272598825 -0.00985119585 0.0208279118
      vertex 0.0268381219 -0.00941583887 0.0199074391
    endloop
  endfacet
  facet normal 0.923840284 0.155108884 -0.34994328
    outer loop
      vertex 0.0272598956 -0.00881734956 0.021286184
      vertex 0.0268381219 -0.00941583887 0.0199074391
      vertex 0.0268381331 -0.00842768326 0.0203454588
    endloop
  endfacet
  facet normal 0.382589549 0.374406576 -0.844656765
    outer loop
      vertex 0.0268381331 -0.00842768326 0.0203454588
      vertex 0.0268381219 -0.00941583887 0.0199074391
      vertex 0.0258198902 -0.0092354985 0.0195261668
    endloop
  endfacet
  facet normal 0.382590115 0.374405861 -0.844656706
    outer loop
      vertex 0.0268381331 -0.00842768326 0.0203454588
      vertex 0.0258198902 -0.0092354985 0.0195261668
      vertex 0.0258199014 -0.00826626737 0.0199557971
    endloop
  endfacet
  facet normal -0.382580847 0.374414831 -0.844657004
    outer loop
      vertex 0.0258199014 -0.00826626737 0.0199557971
      vertex 0.0258198902 -0.0092354985 0.0195261668
      vertex 0.0248016547 -0.00941581465 0.0199074391
    endloop
  endfacet
  facet normal -0.382581204 0.374415189 -0.844656646
    outer loop
      vertex 0.0258199014 -0.00826626737 0.0199557971
      vertex 0.0248016547 -0.00941581465 0.0199074391
      vertex 0.0248016659 -0.00842765905 0.0203454588
    endloop
  endfacet
  facet normal -0.923837066 0.155129537 -0.349942803
    outer loop
      vertex 0.0248016659 -0.00842765905 0.0203454588
      vertex 0.0248016547 -0.00941581465 0.0199074391
      vertex 0.024379883 -0.00985116046 0.0208279137
    endloop
  endfacet
  facet normal -0.923837185 0.155129716 -0.349942416
    outer loop
      vertex 0.0248016659 -0.00842765905 0.0203454588
      vertex 0.024379883 -0.00985116046 0.0208279137
      vertex 0.024379896 -0.00881731417 0.021286184
    endloop
  endfacet
  facet normal -0.923840821 -0.155106694 0.349943072
    outer loop
      vertex 0.024379896 -0.00881731417 0.021286184
      vertex 0.024379883 -0.00985116046 0.0208279137
      vertex 0.0248016436 -0.0102865165 0.0217483863
    endloop
  endfacet
  facet normal -0.923841 -0.155106932 0.349942386
    outer loop
      vertex 0.024379896 -0.00881731417 0.021286184
      vertex 0.0248016436 -0.0102865165 0.0217483863
      vertex 0.0248016566 -0.0092069814 0.0222269092
    endloop
  endfacet
  facet normal -0.382588238 -0.374404907 0.844658077
    outer loop
      vertex 0.0248016566 -0.0092069814 0.0222269092
      vertex 0.0248016436 -0.0102865165 0.0217483863
      vertex 0.0258198753 -0.0104668569 0.0221296567
    endloop
  endfacet
  facet normal -0.382589817 -0.37440604 0.844656825
    outer loop
      vertex 0.0248016566 -0.0092069814 0.0222269092
      vertex 0.0258198753 -0.0104668569 0.0221296567
      vertex 0.0258198883 -0.00936839636 0.0226165708
    endloop
  endfacet
  facet normal 0.382579952 -0.415409237 0.825268388
    outer loop
      vertex 0.0258198753 -0.0104668569 0.0221296567
      vertex 0.0258198623 -0.0115400935 0.0215894356
      vertex 0.0268380996 -0.0113412859 0.021217471
    endloop
  endfacet
  facet normal 0.38258037 -0.415408731 0.825268388
    outer loop
      vertex 0.0258198753 -0.0104668569 0.0221296567
      vertex 0.0268380996 -0.0113412859 0.021217471
      vertex 0.0268381108 -0.0102865407 0.0217483845
    endloop
  endfacet
  facet normal 0.923836887 -0.172112748 0.341910243
    outer loop
      vertex 0.0268381108 -0.0102865407 0.0217483845
      vertex 0.0268380996 -0.0113412859 0.021217471
      vertex 0.0272598714 -0.0108612999 0.0203194674
    endloop
  endfacet
  facet normal 0.923836529 -0.172113776 0.341910571
    outer loop
      vertex 0.0268381108 -0.0102865407 0.0217483845
      vertex 0.0272598714 -0.0108612999 0.0203194674
      vertex 0.0272598825 -0.00985119585 0.0208279118
    endloop
  endfacet
  facet normal 0.92384088 0.17209287 -0.341909647
    outer loop
      vertex 0.0272598825 -0.00985119585 0.0208279118
      vertex 0.0272598714 -0.0108612999 0.0203194674
      vertex 0.0268381108 -0.0103813019 0.0194214657
    endloop
  endfacet
  facet normal 0.923841059 0.17209211 -0.341909438
    outer loop
      vertex 0.0272598825 -0.00985119585 0.0208279118
      vertex 0.0268381108 -0.0103813019 0.0194214657
      vertex 0.0268381219 -0.00941583887 0.0199074391
    endloop
  endfacet
  facet normal 0.382589698 0.415400714 -0.82526803
    outer loop
      vertex 0.0268381219 -0.00941583887 0.0199074391
      vertex 0.0268381108 -0.0103813019 0.0194214657
      vertex 0.025819879 -0.010182471 0.019049501
    endloop
  endfacet
  facet normal 0.382590055 0.415400416 -0.82526809
    outer loop
      vertex 0.0268381219 -0.00941583887 0.0199074391
      vertex 0.025819879 -0.010182471 0.019049501
      vertex 0.0258198902 -0.0092354985 0.0195261668
    endloop
  endfacet
  facet normal -0.382580906 0.415409327 -0.825267792
    outer loop
      vertex 0.0258198902 -0.0092354985 0.0195261668
      vertex 0.025819879 -0.010182471 0.019049501
      vertex 0.0248016417 -0.0103812777 0.0194214676
    endloop
  endfacet
  facet normal -0.38258031 0.41540888 -0.825268269
    outer loop
      vertex 0.0258198902 -0.0092354985 0.0195261668
      vertex 0.0248016417 -0.0103812777 0.0194214676
      vertex 0.0248016547 -0.00941581465 0.0199074391
    endloop
  endfacet
  facet normal -0.923836768 0.172114685 -0.341909528
    outer loop
      vertex 0.0248016547 -0.00941581465 0.0199074391
      vertex 0.0248016417 -0.0103812777 0.0194214676
      vertex 0.0243798699 -0.0108612655 0.0203194693
    endloop
  endfacet
  facet normal -0.923836768 0.1721147 -0.341909349
    outer loop
      vertex 0.0248016547 -0.00941581465 0.0199074391
      vertex 0.0243798699 -0.0108612655 0.0203194693
      vertex 0.024379883 -0.00985116046 0.0208279137
    endloop
  endfacet
  facet normal -0.923840702 -0.172091514 0.34191066
    outer loop
      vertex 0.024379883 -0.00985116046 0.0208279137
      vertex 0.0243798699 -0.0108612655 0.0203194693
      vertex 0.0248016305 -0.0113412617 0.021217471
    endloop
  endfacet
  facet normal -0.923841 -0.172091827 0.341909677
    outer loop
      vertex 0.024379883 -0.00985116046 0.0208279137
      vertex 0.0248016305 -0.0113412617 0.021217471
      vertex 0.0248016436 -0.0102865165 0.0217483863
    endloop
  endfacet
  facet normal -0.382590055 -0.415401071 0.825267732
    outer loop
      vertex 0.0248016436 -0.0102865165 0.0217483863
      vertex 0.0248016305 -0.0113412617 0.021217471
      vertex 0.0258198623 -0.0115400935 0.0215894356
    endloop
  endfacet
  facet normal -0.382588714 -0.415400118 0.825268745
    outer loop
      vertex 0.0248016436 -0.0102865165 0.0217483863
      vertex 0.0258198623 -0.0115400935 0.0215894356
      vertex 0.0258198753 -0.0104668569 0.0221296567
    endloop
  endfacet
  facet normal 0.382579476 -0.455403149 0.803891122
    outer loop
      vertex 0.0258198623 -0.0115400935 0.0215894356
      vertex 0.0258198492 -0.0125855394 0.0209971983
      vertex 0.0268380865 -0.01236872 0.0206354372
    endloop
  endfacet
  facet normal 0.382579416 -0.455403179 0.803891122
    outer loop
      vertex 0.0258198623 -0.0115400935 0.0215894356
      vertex 0.0268380865 -0.01236872 0.0206354372
      vertex 0.0268380996 -0.0113412859 0.021217471
    endloop
  endfacet
  facet normal 0.923836708 -0.188683674 0.333052844
    outer loop
      vertex 0.0268380996 -0.0113412859 0.021217471
      vertex 0.0268380865 -0.01236872 0.0206354372
      vertex 0.0272598583 -0.0118452488 0.019762069
    endloop
  endfacet
  facet normal 0.923836708 -0.188683778 0.333052874
    outer loop
      vertex 0.0268380996 -0.0113412859 0.021217471
      vertex 0.0272598583 -0.0118452488 0.019762069
      vertex 0.0272598714 -0.0108612999 0.0203194674
    endloop
  endfacet
  facet normal 0.923841476 0.188659593 -0.33305338
    outer loop
      vertex 0.0272598714 -0.0108612999 0.0203194674
      vertex 0.0272598583 -0.0118452488 0.019762069
      vertex 0.0268380996 -0.0113217663 0.0188887008
    endloop
  endfacet
  facet normal 0.923841 0.188661024 -0.333053708
    outer loop
      vertex 0.0272598714 -0.0108612999 0.0203194674
      vertex 0.0268380996 -0.0113217663 0.0188887008
      vertex 0.0268381108 -0.0103813019 0.0194214657
    endloop
  endfacet
  facet normal 0.382590085 0.455393136 -0.803891778
    outer loop
      vertex 0.0268381108 -0.0103813019 0.0194214657
      vertex 0.0268380996 -0.0113217663 0.0188887008
      vertex 0.0258198678 -0.0111049237 0.0185269397
    endloop
  endfacet
  facet normal 0.382590234 0.455393016 -0.803891778
    outer loop
      vertex 0.0268381108 -0.0103813019 0.0194214657
      vertex 0.0258198678 -0.0111049237 0.0185269397
      vertex 0.025819879 -0.010182471 0.019049501
    endloop
  endfacet
  facet normal -0.382579088 0.455402255 -0.803891718
    outer loop
      vertex 0.025819879 -0.010182471 0.019049501
      vertex 0.0258198678 -0.0111049237 0.0185269397
      vertex 0.0248016305 -0.0113217421 0.0188887008
    endloop
  endfacet
  facet normal -0.38258034 0.455403209 -0.803890646
    outer loop
      vertex 0.025819879 -0.010182471 0.019049501
      vertex 0.0248016305 -0.0113217421 0.0188887008
      vertex 0.0248016417 -0.0103812777 0.0194214676
    endloop
  endfacet
  facet normal -0.923836827 0.188683257 -0.333052963
    outer loop
      vertex 0.0248016417 -0.0103812777 0.0194214676
      vertex 0.0248016305 -0.0113217421 0.0188887008
      vertex 0.0243798587 -0.0118452143 0.019762069
    endloop
  endfacet
  facet normal -0.923836648 0.188683048 -0.333053529
    outer loop
      vertex 0.0248016417 -0.0103812777 0.0194214676
      vertex 0.0243798587 -0.0118452143 0.019762069
      vertex 0.0243798699 -0.0108612655 0.0203194693
    endloop
  endfacet
  facet normal -0.923840821 -0.188662156 0.333053738
    outer loop
      vertex 0.0243798699 -0.0108612655 0.0203194693
      vertex 0.0243798587 -0.0118452143 0.019762069
      vertex 0.0248016194 -0.0123686958 0.0206354372
    endloop
  endfacet
  facet normal -0.92384088 -0.188662216 0.33305341
    outer loop
      vertex 0.0243798699 -0.0108612655 0.0203194693
      vertex 0.0248016194 -0.0123686958 0.0206354372
      vertex 0.0248016305 -0.0113412617 0.021217471
    endloop
  endfacet
  facet normal -0.382591039 -0.45539394 0.803890765
    outer loop
      vertex 0.0248016305 -0.0113412617 0.021217471
      vertex 0.0248016194 -0.0123686958 0.0206354372
      vertex 0.0258198492 -0.0125855394 0.0209971983
    endloop
  endfacet
  facet normal -0.382590562 -0.455393642 0.803891301
    outer loop
      vertex 0.0248016305 -0.0113412617 0.021217471
      vertex 0.0258198492 -0.0125855394 0.0209971983
      vertex 0.0258198623 -0.0115400935 0.0215894356
    endloop
  endfacet
  facet normal 0.38257885 -0.49429962 0.780577481
    outer loop
      vertex 0.0258198492 -0.0125855394 0.0209971983
      vertex 0.025819838 -0.0136006558 0.0203543827
      vertex 0.0268380754 -0.0133663472 0.0200036969
    endloop
  endfacet
  facet normal 0.382579029 -0.494299471 0.78057754
    outer loop
      vertex 0.0258198492 -0.0125855394 0.0209971983
      vertex 0.0268380754 -0.0133663472 0.0200036969
      vertex 0.0268380865 -0.01236872 0.0206354372
    endloop
  endfacet
  facet normal 0.923836708 -0.204797328 0.32339403
    outer loop
      vertex 0.0268380865 -0.01236872 0.0206354372
      vertex 0.0268380754 -0.0133663472 0.0200036969
      vertex 0.0272598471 -0.0128006535 0.0191570651
    endloop
  endfacet
  facet normal 0.923836589 -0.204798132 0.323394239
    outer loop
      vertex 0.0268380865 -0.01236872 0.0206354372
      vertex 0.0272598471 -0.0128006535 0.0191570651
      vertex 0.0272598583 -0.0118452488 0.019762069
    endloop
  endfacet
  facet normal 0.923841357 0.204776332 -0.323393971
    outer loop
      vertex 0.0272598583 -0.0118452488 0.019762069
      vertex 0.0272598471 -0.0128006535 0.0191570651
      vertex 0.0268380884 -0.0122349476 0.0183104351
    endloop
  endfacet
  facet normal 0.923841655 0.204775527 -0.323393792
    outer loop
      vertex 0.0272598583 -0.0118452488 0.019762069
      vertex 0.0268380884 -0.0122349476 0.0183104351
      vertex 0.0268380996 -0.0113217663 0.0188887008
    endloop
  endfacet
  facet normal 0.382590652 0.494290471 -0.780577481
    outer loop
      vertex 0.0268380996 -0.0113217663 0.0188887008
      vertex 0.0268380884 -0.0122349476 0.0183104351
      vertex 0.0258198567 -0.0120006148 0.0179597493
    endloop
  endfacet
  facet normal 0.382590562 0.494290709 -0.78057754
    outer loop
      vertex 0.0268380996 -0.0113217663 0.0188887008
      vertex 0.0258198567 -0.0120006148 0.0179597493
      vertex 0.0258198678 -0.0111049237 0.0185269397
    endloop
  endfacet
  facet normal -0.382579505 0.494299889 -0.780577064
    outer loop
      vertex 0.0258198678 -0.0111049237 0.0185269397
      vertex 0.0258198567 -0.0120006148 0.0179597493
      vertex 0.0248016212 -0.0122349234 0.0183104351
    endloop
  endfacet
  facet normal -0.382578671 0.494299352 -0.780577838
    outer loop
      vertex 0.0258198678 -0.0111049237 0.0185269397
      vertex 0.0248016212 -0.0122349234 0.0183104351
      vertex 0.0248016305 -0.0113217421 0.0188887008
    endloop
  endfacet
  facet normal -0.923835993 0.204797536 -0.323395818
    outer loop
      vertex 0.0248016305 -0.0113217421 0.0188887008
      vertex 0.0248016212 -0.0122349234 0.0183104351
      vertex 0.0243798476 -0.012800619 0.0191570651
    endloop
  endfacet
  facet normal -0.923836648 0.204798058 -0.32339409
    outer loop
      vertex 0.0248016305 -0.0113217421 0.0188887008
      vertex 0.0243798476 -0.012800619 0.0191570651
      vertex 0.0243798587 -0.0118452143 0.019762069
    endloop
  endfacet
  facet normal -0.923841476 -0.204776257 0.323393792
    outer loop
      vertex 0.0243798587 -0.0118452143 0.019762069
      vertex 0.0243798476 -0.012800619 0.0191570651
      vertex 0.0248016063 -0.013366323 0.0200036969
    endloop
  endfacet
  facet normal -0.923841 -0.20477584 0.32339552
    outer loop
      vertex 0.0243798587 -0.0118452143 0.019762069
      vertex 0.0248016063 -0.013366323 0.0200036969
      vertex 0.0248016194 -0.0123686958 0.0206354372
    endloop
  endfacet
  facet normal -0.382590681 -0.494290292 0.78057766
    outer loop
      vertex 0.0248016194 -0.0123686958 0.0206354372
      vertex 0.0248016063 -0.013366323 0.0200036969
      vertex 0.025819838 -0.0136006558 0.0203543827
    endloop
  endfacet
  facet normal -0.382591516 -0.494290799 0.780576885
    outer loop
      vertex 0.0248016194 -0.0123686958 0.0206354372
      vertex 0.025819838 -0.0136006558 0.0203543827
      vertex 0.0258198492 -0.0125855394 0.0209971983
    endloop
  endfacet
  facet normal 0.382579625 -0.532004297 0.755383432
    outer loop
      vertex 0.025819838 -0.0136006558 0.0203543827
      vertex 0.0258198269 -0.0145830195 0.0196625255
      vertex 0.0268380623 -0.014331786 0.0193237588
    endloop
  endfacet
  facet normal 0.382578462 -0.532005608 0.755383253
    outer loop
      vertex 0.025819838 -0.0136006558 0.0203543827
      vertex 0.0268380623 -0.014331786 0.0193237588
      vertex 0.0268380754 -0.0133663472 0.0200036969
    endloop
  endfacet
  facet normal 0.923835933 -0.220421076 0.312956423
    outer loop
      vertex 0.0268380754 -0.0133663472 0.0200036969
      vertex 0.0268380623 -0.014331786 0.0193237588
      vertex 0.027259836 -0.0137252305 0.0185059067
    endloop
  endfacet
  facet normal 0.923836589 -0.22041896 0.312956065
    outer loop
      vertex 0.0268380754 -0.0133663472 0.0200036969
      vertex 0.027259836 -0.0137252305 0.0185059067
      vertex 0.0272598471 -0.0128006535 0.0191570651
    endloop
  endfacet
  facet normal 0.923841596 0.2203971 -0.31295675
    outer loop
      vertex 0.0272598471 -0.0128006535 0.0191570651
      vertex 0.027259836 -0.0137252305 0.0185059067
      vertex 0.0268380772 -0.0131186647 0.0176880527
    endloop
  endfacet
  facet normal 0.923841596 0.220396817 -0.312956721
    outer loop
      vertex 0.0272598471 -0.0128006535 0.0191570651
      vertex 0.0268380772 -0.0131186647 0.0176880527
      vertex 0.0268380884 -0.0122349476 0.0183104351
    endloop
  endfacet
  facet normal 0.382591426 0.531995296 -0.755383909
    outer loop
      vertex 0.0268380884 -0.0122349476 0.0183104351
      vertex 0.0268380772 -0.0131186647 0.0176880527
      vertex 0.0258198474 -0.012867406 0.0173492879
    endloop
  endfacet
  facet normal 0.382591128 0.531995654 -0.75538379
    outer loop
      vertex 0.0268380884 -0.0122349476 0.0183104351
      vertex 0.0258198474 -0.012867406 0.0173492879
      vertex 0.0258198567 -0.0120006148 0.0179597493
    endloop
  endfacet
  facet normal -0.382578254 0.532004178 -0.755384326
    outer loop
      vertex 0.0258198567 -0.0120006148 0.0179597493
      vertex 0.0258198474 -0.012867406 0.0173492879
      vertex 0.02480161 -0.0131186405 0.0176880527
    endloop
  endfacet
  facet normal -0.382579058 0.532004714 -0.755383551
    outer loop
      vertex 0.0258198567 -0.0120006148 0.0179597493
      vertex 0.02480161 -0.0131186405 0.0176880527
      vertex 0.0248016212 -0.0122349234 0.0183104351
    endloop
  endfacet
  facet normal -0.923836112 0.220420033 -0.312956512
    outer loop
      vertex 0.0248016212 -0.0122349234 0.0183104351
      vertex 0.02480161 -0.0131186405 0.0176880527
      vertex 0.0243798364 -0.013725196 0.0185059067
    endloop
  endfacet
  facet normal -0.923835874 0.220419869 -0.312957376
    outer loop
      vertex 0.0248016212 -0.0122349234 0.0183104351
      vertex 0.0243798364 -0.013725196 0.0185059067
      vertex 0.0243798476 -0.012800619 0.0191570651
    endloop
  endfacet
  facet normal -0.923841357 -0.220397368 0.312957168
    outer loop
      vertex 0.0243798476 -0.012800619 0.0191570651
      vertex 0.0243798364 -0.013725196 0.0185059067
      vertex 0.0248015951 -0.0143317617 0.0193237588
    endloop
  endfacet
  facet normal -0.923841596 -0.220397577 0.312955976
    outer loop
      vertex 0.0243798476 -0.012800619 0.0191570651
      vertex 0.0248015951 -0.0143317617 0.0193237588
      vertex 0.0248016063 -0.013366323 0.0200036969
    endloop
  endfacet
  facet normal -0.382591546 -0.531996012 0.755383313
    outer loop
      vertex 0.0248016063 -0.013366323 0.0200036969
      vertex 0.0248015951 -0.0143317617 0.0193237588
      vertex 0.0258198269 -0.0145830195 0.0196625255
    endloop
  endfacet
  facet normal -0.382591158 -0.531995773 0.75538367
    outer loop
      vertex 0.0248016063 -0.013366323 0.0200036969
      vertex 0.0258198269 -0.0145830195 0.0196625255
      vertex 0.025819838 -0.0136006558 0.0203543827
    endloop
  endfacet
  facet normal 0.382578105 -0.568429768 0.728369176
    outer loop
      vertex 0.0258198269 -0.0145830195 0.0196625255
      vertex 0.0258198138 -0.015530251 0.0189232994
      vertex 0.0268380512 -0.0152626978 0.0185972694
    endloop
  endfacet
  facet normal 0.382579178 -0.568428516 0.728369474
    outer loop
      vertex 0.0258198269 -0.0145830195 0.0196625255
      vertex 0.0268380512 -0.0152626978 0.0185972694
      vertex 0.0268380623 -0.014331786 0.0193237588
    endloop
  endfacet
  facet normal 0.923835993 -0.23551017 0.301764756
    outer loop
      vertex 0.0268380623 -0.014331786 0.0193237588
      vertex 0.0268380512 -0.0152626978 0.0185972694
      vertex 0.0272598248 -0.0146167427 0.017810164
    endloop
  endfacet
  facet normal 0.923835754 -0.235511109 0.301764876
    outer loop
      vertex 0.0268380623 -0.014331786 0.0193237588
      vertex 0.0272598248 -0.0146167427 0.017810164
      vertex 0.027259836 -0.0137252305 0.0185059067
    endloop
  endfacet
  facet normal 0.923842132 0.235487178 -0.301763892
    outer loop
      vertex 0.027259836 -0.0137252305 0.0185059067
      vertex 0.0272598248 -0.0146167427 0.017810164
      vertex 0.0268380679 -0.0139707765 0.0170230586
    endloop
  endfacet
  facet normal 0.923841715 0.235488713 -0.301764041
    outer loop
      vertex 0.027259836 -0.0137252305 0.0185059067
      vertex 0.0268380679 -0.0139707765 0.0170230586
      vertex 0.0268380772 -0.0131186647 0.0176880527
    endloop
  endfacet
  facet normal 0.382591337 0.56842047 -0.728369296
    outer loop
      vertex 0.0268380772 -0.0131186647 0.0176880527
      vertex 0.0268380679 -0.0139707765 0.0170230586
      vertex 0.0258198362 -0.0137031991 0.0166970287
    endloop
  endfacet
  facet normal 0.382591903 0.568419933 -0.728369534
    outer loop
      vertex 0.0268380772 -0.0131186647 0.0176880527
      vertex 0.0258198362 -0.0137031991 0.0166970287
      vertex 0.0258198474 -0.012867406 0.0173492879
    endloop
  endfacet
  facet normal -0.382578105 0.568429828 -0.728369057
    outer loop
      vertex 0.0258198474 -0.012867406 0.0173492879
      vertex 0.0258198362 -0.0137031991 0.0166970287
      vertex 0.0248015989 -0.0139707522 0.0170230586
    endloop
  endfacet
  facet normal -0.382577866 0.568429649 -0.728369296
    outer loop
      vertex 0.0258198474 -0.012867406 0.0173492879
      vertex 0.0248015989 -0.0139707522 0.0170230586
      vertex 0.02480161 -0.0131186405 0.0176880527
    endloop
  endfacet
  facet normal -0.923836172 0.235510886 -0.301763952
    outer loop
      vertex 0.02480161 -0.0131186405 0.0176880527
      vertex 0.0248015989 -0.0139707522 0.0170230586
      vertex 0.0243798252 -0.0146167083 0.017810164
    endloop
  endfacet
  facet normal -0.923835933 0.235510796 -0.301764488
    outer loop
      vertex 0.02480161 -0.0131186405 0.0176880527
      vertex 0.0243798252 -0.0146167083 0.017810164
      vertex 0.0243798364 -0.013725196 0.0185059067
    endloop
  endfacet
  facet normal -0.923841536 -0.235488176 0.301765203
    outer loop
      vertex 0.0243798364 -0.013725196 0.0185059067
      vertex 0.0243798252 -0.0146167083 0.017810164
      vertex 0.024801584 -0.0152626736 0.0185972694
    endloop
  endfacet
  facet normal -0.923841476 -0.235488176 0.301765025
    outer loop
      vertex 0.0243798364 -0.013725196 0.0185059067
      vertex 0.024801584 -0.0152626736 0.0185972694
      vertex 0.0248015951 -0.0143317617 0.0193237588
    endloop
  endfacet
  facet normal -0.382591933 -0.568419635 0.728369713
    outer loop
      vertex 0.0248015951 -0.0143317617 0.0193237588
      vertex 0.024801584 -0.0152626736 0.0185972694
      vertex 0.0258198138 -0.015530251 0.0189232994
    endloop
  endfacet
  facet normal -0.382591993 -0.568419635 0.728369772
    outer loop
      vertex 0.0248015951 -0.0143317617 0.0193237588
      vertex 0.0258198138 -0.015530251 0.0189232994
      vertex 0.0258198269 -0.0145830195 0.0196625255
    endloop
  endfacet
  facet normal 0.382577538 -0.603484571 0.699600458
    outer loop
      vertex 0.0258198138 -0.015530251 0.0189232994
      vertex 0.0258198045 -0.0164400693 0.0181384832
      vertex 0.02683804 -0.0161568411 0.017825976
    endloop
  endfacet
  facet normal 0.382577658 -0.603484452 0.699600518
    outer loop
      vertex 0.0258198138 -0.015530251 0.0189232994
      vertex 0.02683804 -0.0161568411 0.017825976
      vertex 0.0268380512 -0.0152626978 0.0185972694
    endloop
  endfacet
  facet normal 0.923835397 -0.25003466 0.289846212
    outer loop
      vertex 0.0268380512 -0.0152626978 0.0185972694
      vertex 0.02683804 -0.0161568411 0.017825976
      vertex 0.0272598155 -0.0154730417 0.0170715153
    endloop
  endfacet
  facet normal 0.923835814 -0.250033081 0.289846122
    outer loop
      vertex 0.0268380512 -0.0152626978 0.0185972694
      vertex 0.0272598155 -0.0154730417 0.0170715153
      vertex 0.0272598248 -0.0146167427 0.017810164
    endloop
  endfacet
  facet normal 0.923841596 0.250012487 -0.289845526
    outer loop
      vertex 0.0272598248 -0.0146167427 0.017810164
      vertex 0.0272598155 -0.0154730417 0.0170715153
      vertex 0.0268380567 -0.014789233 0.0163170528
    endloop
  endfacet
  facet normal 0.923842311 0.250009894 -0.289845437
    outer loop
      vertex 0.0272598248 -0.0146167427 0.017810164
      vertex 0.0268380567 -0.014789233 0.0163170528
      vertex 0.0268380679 -0.0139707765 0.0170230586
    endloop
  endfacet
  facet normal 0.382591993 0.603474915 -0.699600816
    outer loop
      vertex 0.0268380679 -0.0139707765 0.0170230586
      vertex 0.0268380567 -0.014789233 0.0163170528
      vertex 0.0258198269 -0.0145059796 0.0160045456
    endloop
  endfacet
  facet normal 0.382591784 0.603475153 -0.699600697
    outer loop
      vertex 0.0268380679 -0.0139707765 0.0170230586
      vertex 0.0258198269 -0.0145059796 0.0160045456
      vertex 0.0258198362 -0.0137031991 0.0166970287
    endloop
  endfacet
  facet normal -0.382576942 0.603484273 -0.699600995
    outer loop
      vertex 0.0258198362 -0.0137031991 0.0166970287
      vertex 0.0258198269 -0.0145059796 0.0160045456
      vertex 0.0248015895 -0.0147892078 0.0163170528
    endloop
  endfacet
  facet normal -0.382577688 0.60348469 -0.699600279
    outer loop
      vertex 0.0258198362 -0.0137031991 0.0166970287
      vertex 0.0248015895 -0.0147892078 0.0163170528
      vertex 0.0248015989 -0.0139707522 0.0170230586
    endloop
  endfacet
  facet normal -0.923836112 0.250033081 -0.289845139
    outer loop
      vertex 0.0248015989 -0.0139707522 0.0170230586
      vertex 0.0248015895 -0.0147892078 0.0163170528
      vertex 0.0243798159 -0.0154730072 0.0170715153
    endloop
  endfacet
  facet normal -0.923835874 0.250032961 -0.289845973
    outer loop
      vertex 0.0248015989 -0.0139707522 0.0170230586
      vertex 0.0243798159 -0.0154730072 0.0170715153
      vertex 0.0243798252 -0.0146167083 0.017810164
    endloop
  endfacet
  facet normal -0.923842132 -0.250011712 0.289844632
    outer loop
      vertex 0.0243798252 -0.0146167083 0.017810164
      vertex 0.0243798159 -0.0154730072 0.0170715153
      vertex 0.0248015728 -0.0161568169 0.017825976
    endloop
  endfacet
  facet normal -0.923841655 -0.250011563 0.289846182
    outer loop
      vertex 0.0243798252 -0.0146167083 0.017810164
      vertex 0.0248015728 -0.0161568169 0.017825976
      vertex 0.024801584 -0.0152626736 0.0185972694
    endloop
  endfacet
  facet normal -0.38259092 -0.603475332 0.699601054
    outer loop
      vertex 0.024801584 -0.0152626736 0.0185972694
      vertex 0.0248015728 -0.0161568169 0.017825976
      vertex 0.0258198045 -0.0164400693 0.0181384832
    endloop
  endfacet
  facet normal -0.38259241 -0.603476107 0.699599683
    outer loop
      vertex 0.024801584 -0.0152626736 0.0185972694
      vertex 0.0258198045 -0.0164400693 0.0181384832
      vertex 0.0258198138 -0.015530251 0.0189232994
    endloop
  endfacet
  facet normal 0.382576853 -0.637085557 0.669146359
    outer loop
      vertex 0.0258198045 -0.0164400693 0.0181384832
      vertex 0.0258197933 -0.0173102822 0.0173099712
      vertex 0.0268380307 -0.0170120616 0.0170117375
    endloop
  endfacet
  facet normal 0.382577121 -0.637085319 0.669146478
    outer loop
      vertex 0.0258198045 -0.0164400693 0.0181384832
      vertex 0.0268380307 -0.0170120616 0.0170117375
      vertex 0.02683804 -0.0161568411 0.017825976
    endloop
  endfacet
  facet normal 0.923835456 -0.263954461 0.27722916
    outer loop
      vertex 0.02683804 -0.0161568411 0.017825976
      vertex 0.0268380307 -0.0170120616 0.0170117375
      vertex 0.0272598062 -0.0162920654 0.0162917376
    endloop
  endfacet
  facet normal 0.923835278 -0.263955414 0.27722919
    outer loop
      vertex 0.02683804 -0.0161568411 0.017825976
      vertex 0.0272598062 -0.0162920654 0.0162917376
      vertex 0.0272598155 -0.0154730417 0.0170715153
    endloop
  endfacet
  facet normal 0.923841536 0.263933957 -0.277228683
    outer loop
      vertex 0.0272598155 -0.0154730417 0.0170715153
      vertex 0.0272598062 -0.0162920654 0.0162917376
      vertex 0.0268380474 -0.0155720608 0.0155717377
    endloop
  endfacet
  facet normal 0.923841774 0.263933033 -0.277228683
    outer loop
      vertex 0.0272598155 -0.0154730417 0.0170715153
      vertex 0.0268380474 -0.0155720608 0.0155717377
      vertex 0.0268380567 -0.014789233 0.0163170528
    endloop
  endfacet
  facet normal 0.382592648 0.637076378 -0.669146121
    outer loop
      vertex 0.0268380567 -0.014789233 0.0163170528
      vertex 0.0268380474 -0.0155720608 0.0155717377
      vertex 0.0258198176 -0.015273815 0.015273504
    endloop
  endfacet
  facet normal 0.38259244 0.637076676 -0.669146001
    outer loop
      vertex 0.0268380567 -0.014789233 0.0163170528
      vertex 0.0258198176 -0.015273815 0.015273504
      vertex 0.0258198269 -0.0145059796 0.0160045456
    endloop
  endfacet
  facet normal -0.382577449 0.637085855 -0.669145882
    outer loop
      vertex 0.0258198269 -0.0145059796 0.0160045456
      vertex 0.0258198176 -0.015273815 0.015273504
      vertex 0.0248015802 -0.0155720357 0.0155717386
    endloop
  endfacet
  facet normal -0.382576555 0.637085378 -0.669146776
    outer loop
      vertex 0.0258198269 -0.0145059796 0.0160045456
      vertex 0.0248015802 -0.0155720357 0.0155717386
      vertex 0.0248015895 -0.0147892078 0.0163170528
    endloop
  endfacet
  facet normal -0.923835456 0.263954997 -0.277228981
    outer loop
      vertex 0.0248015895 -0.0147892078 0.0163170528
      vertex 0.0248015802 -0.0155720357 0.0155717386
      vertex 0.0243798047 -0.0162920319 0.0162917376
    endloop
  endfacet
  facet normal -0.923835993 0.263955116 -0.277226955
    outer loop
      vertex 0.0248015895 -0.0147892078 0.0163170528
      vertex 0.0243798047 -0.0162920319 0.0162917376
      vertex 0.0243798159 -0.0154730072 0.0170715153
    endloop
  endfacet
  facet normal -0.923841596 -0.263932556 0.277229756
    outer loop
      vertex 0.0243798159 -0.0154730072 0.0170715153
      vertex 0.0243798047 -0.0162920319 0.0162917376
      vertex 0.0248015635 -0.0170120373 0.0170117375
    endloop
  endfacet
  facet normal -0.923842251 -0.263932645 0.277227342
    outer loop
      vertex 0.0243798159 -0.0154730072 0.0170715153
      vertex 0.0248015635 -0.0170120373 0.0170117375
      vertex 0.0248015728 -0.0161568169 0.017825976
    endloop
  endfacet
  facet normal -0.382592171 -0.637076676 0.669146121
    outer loop
      vertex 0.0248015728 -0.0161568169 0.017825976
      vertex 0.0248015635 -0.0170120373 0.0170117375
      vertex 0.0258197933 -0.0173102822 0.0173099712
    endloop
  endfacet
  facet normal -0.382591367 -0.637076318 0.669147015
    outer loop
      vertex 0.0248015728 -0.0161568169 0.017825976
      vertex 0.0258197933 -0.0173102822 0.0173099712
      vertex 0.0258198045 -0.0164400693 0.0181384832
    endloop
  endfacet
  facet normal 0.382576257 -0.669151247 0.637080848
    outer loop
      vertex 0.0258197933 -0.0173102822 0.0173099712
      vertex 0.025819784 -0.0181387849 0.0164397676
      vertex 0.0268380214 -0.0178262908 0.0161565263
    endloop
  endfacet
  facet normal 0.382576466 -0.669150949 0.637080908
    outer loop
      vertex 0.0258197933 -0.0173102822 0.0173099712
      vertex 0.0268380214 -0.0178262908 0.0161565263
      vertex 0.0268380307 -0.0170120616 0.0170117375
    endloop
  endfacet
  facet normal 0.923835278 -0.27723971 0.263944268
    outer loop
      vertex 0.0268380307 -0.0170120616 0.0170117375
      vertex 0.0268380214 -0.0178262908 0.0161565263
      vertex 0.0272597969 -0.0170718357 0.0154727222
    endloop
  endfacet
  facet normal 0.923835337 -0.277239352 0.263944298
    outer loop
      vertex 0.0268380307 -0.0170120616 0.0170117375
      vertex 0.0272597969 -0.0170718357 0.0154727222
      vertex 0.0272598062 -0.0162920654 0.0162917376
    endloop
  endfacet
  facet normal 0.923841774 0.277217686 -0.263944656
    outer loop
      vertex 0.0272598062 -0.0162920654 0.0162917376
      vertex 0.0272597969 -0.0170718357 0.0154727222
      vertex 0.0268380381 -0.0163173676 0.0147889182
    endloop
  endfacet
  facet normal 0.923841655 0.277217954 -0.263944656
    outer loop
      vertex 0.0272598062 -0.0162920654 0.0162917376
      vertex 0.0268380381 -0.0163173676 0.0147889182
      vertex 0.0268380474 -0.0155720608 0.0155717377
    endloop
  endfacet
  facet normal 0.382592708 0.66914165 -0.637080908
    outer loop
      vertex 0.0268380474 -0.0155720608 0.0155717377
      vertex 0.0268380381 -0.0163173676 0.0147889182
      vertex 0.0258198082 -0.0160048474 0.0145056779
    endloop
  endfacet
  facet normal 0.382593006 0.669141352 -0.637081087
    outer loop
      vertex 0.0268380474 -0.0155720608 0.0155717377
      vertex 0.0258198082 -0.0160048474 0.0145056779
      vertex 0.0258198176 -0.015273815 0.015273504
    endloop
  endfacet
  facet normal -0.382576793 0.669150829 -0.637080908
    outer loop
      vertex 0.0258198176 -0.015273815 0.015273504
      vertex 0.0258198082 -0.0160048474 0.0145056779
      vertex 0.0248015709 -0.0163173433 0.0147889182
    endloop
  endfacet
  facet normal -0.382577002 0.669151008 -0.637080669
    outer loop
      vertex 0.0258198176 -0.015273815 0.015273504
      vertex 0.0248015709 -0.0163173433 0.0147889182
      vertex 0.0248015802 -0.0155720357 0.0155717386
    endloop
  endfacet
  facet normal -0.923835397 0.277239829 -0.263943493
    outer loop
      vertex 0.0248015802 -0.0155720357 0.0155717386
      vertex 0.0248015709 -0.0163173433 0.0147889182
      vertex 0.0243797954 -0.0170718003 0.0154727222
    endloop
  endfacet
  facet normal -0.923835278 0.277239799 -0.263944089
    outer loop
      vertex 0.0248015802 -0.0155720357 0.0155717386
      vertex 0.0243797954 -0.0170718003 0.0154727222
      vertex 0.0243798047 -0.0162920319 0.0162917376
    endloop
  endfacet
  facet normal -0.923842132 -0.277217239 0.263943613
    outer loop
      vertex 0.0243798047 -0.0162920319 0.0162917376
      vertex 0.0243797954 -0.0170718003 0.0154727222
      vertex 0.0248015523 -0.0178262666 0.0161565263
    endloop
  endfacet
  facet normal -0.923841774 -0.277217269 0.263945013
    outer loop
      vertex 0.0243798047 -0.0162920319 0.0162917376
      vertex 0.0248015523 -0.0178262666 0.0161565263
      vertex 0.0248015635 -0.0170120373 0.0170117375
    endloop
  endfacet
  facet normal -0.382591575 -0.669141829 0.637081444
    outer loop
      vertex 0.0248015635 -0.0170120373 0.0170117375
      vertex 0.0248015523 -0.0178262666 0.0161565263
      vertex 0.025819784 -0.0181387849 0.0164397676
    endloop
  endfacet
  facet normal -0.382592529 -0.669142306 0.63708055
    outer loop
      vertex 0.0248015635 -0.0170120373 0.0170117375
      vertex 0.025819784 -0.0181387849 0.0164397676
      vertex 0.0258197933 -0.0173102822 0.0173099712
    endloop
  endfacet
  facet normal 0.382575631 -0.699605286 0.60348016
    outer loop
      vertex 0.025819784 -0.0181387849 0.0164397676
      vertex 0.0258197729 -0.0189236011 0.0155299492
      vertex 0.026838012 -0.0185975842 0.015262384
    endloop
  endfacet
  facet normal 0.38257587 -0.699605107 0.603480279
    outer loop
      vertex 0.025819784 -0.0181387849 0.0164397676
      vertex 0.026838012 -0.0185975842 0.015262384
      vertex 0.0268380214 -0.0178262908 0.0161565263
    endloop
  endfacet
  facet normal 0.923835278 -0.289856762 0.250022829
    outer loop
      vertex 0.0268380214 -0.0178262908 0.0161565263
      vertex 0.026838012 -0.0185975842 0.015262384
      vertex 0.0272597875 -0.0178104844 0.0146164233
    endloop
  endfacet
  facet normal 0.923835099 -0.289857447 0.250022739
    outer loop
      vertex 0.0268380214 -0.0178262908 0.0161565263
      vertex 0.0272597875 -0.0178104844 0.0146164233
      vertex 0.0272597969 -0.0170718357 0.0154727222
    endloop
  endfacet
  facet normal 0.923842311 0.28983444 -0.250022978
    outer loop
      vertex 0.0272597969 -0.0170718357 0.0154727222
      vertex 0.0272597875 -0.0178104844 0.0146164233
      vertex 0.0268380307 -0.0170233734 0.0139704626
    endloop
  endfacet
  facet normal 0.923841953 0.289835662 -0.250022799
    outer loop
      vertex 0.0272597969 -0.0170718357 0.0154727222
      vertex 0.0268380307 -0.0170233734 0.0139704626
      vertex 0.0268380381 -0.0163173676 0.0147889182
    endloop
  endfacet
  facet normal 0.38259384 0.69959563 -0.603479803
    outer loop
      vertex 0.0268380381 -0.0163173676 0.0147889182
      vertex 0.0268380307 -0.0170233734 0.0139704626
      vertex 0.0258198008 -0.0166973304 0.0137028974
    endloop
  endfacet
  facet normal 0.382593125 0.699596465 -0.603479445
    outer loop
      vertex 0.0268380381 -0.0163173676 0.0147889182
      vertex 0.0258198008 -0.0166973304 0.0137028974
      vertex 0.0258198082 -0.0160048474 0.0145056779
    endloop
  endfacet
  facet normal -0.38257733 0.699604869 -0.603479624
    outer loop
      vertex 0.0258198082 -0.0160048474 0.0145056779
      vertex 0.0258198008 -0.0166973304 0.0137028974
      vertex 0.0248015635 -0.0170233492 0.0139704626
    endloop
  endfacet
  facet normal -0.382576436 0.699604511 -0.603480518
    outer loop
      vertex 0.0258198082 -0.0160048474 0.0145056779
      vertex 0.0248015635 -0.0170233492 0.0139704626
      vertex 0.0248015709 -0.0163173433 0.0147889182
    endloop
  endfacet
  facet normal -0.923835278 0.289856106 -0.250023633
    outer loop
      vertex 0.0248015709 -0.0163173433 0.0147889182
      vertex 0.0248015635 -0.0170233492 0.0139704626
      vertex 0.024379788 -0.017810449 0.0146164233
    endloop
  endfacet
  facet normal -0.923835278 0.289856106 -0.250023603
    outer loop
      vertex 0.0248015709 -0.0163173433 0.0147889182
      vertex 0.024379788 -0.017810449 0.0146164233
      vertex 0.0243797954 -0.0170718003 0.0154727222
    endloop
  endfacet
  facet normal -0.923842907 -0.289834261 0.250020862
    outer loop
      vertex 0.0243797954 -0.0170718003 0.0154727222
      vertex 0.024379788 -0.017810449 0.0146164233
      vertex 0.024801543 -0.01859756 0.015262384
    endloop
  endfacet
  facet normal -0.923842311 -0.28983438 0.250022799
    outer loop
      vertex 0.0243797954 -0.0170718003 0.0154727222
      vertex 0.024801543 -0.01859756 0.015262384
      vertex 0.0248015523 -0.0178262666 0.0161565263
    endloop
  endfacet
  facet normal -0.382592738 -0.699595869 0.603480279
    outer loop
      vertex 0.0248015523 -0.0178262666 0.0161565263
      vertex 0.024801543 -0.01859756 0.015262384
      vertex 0.0258197729 -0.0189236011 0.0155299492
    endloop
  endfacet
  facet normal -0.382591903 -0.699595511 0.603481114
    outer loop
      vertex 0.0248015523 -0.0178262666 0.0161565263
      vertex 0.0258197729 -0.0189236011 0.0155299492
      vertex 0.025819784 -0.0181387849 0.0164397676
    endloop
  endfacet
  facet normal 0.382576466 -0.728373826 0.568424881
    outer loop
      vertex 0.0258197729 -0.0189236011 0.0155299492
      vertex 0.0258197654 -0.0196628198 0.0145827271
      vertex 0.0268380027 -0.0193240661 0.0143314814
    endloop
  endfacet
  facet normal 0.382575244 -0.728374958 0.568424284
    outer loop
      vertex 0.0258197729 -0.0189236011 0.0155299492
      vertex 0.0268380027 -0.0193240661 0.0143314814
      vertex 0.026838012 -0.0185975842 0.015262384
    endloop
  endfacet
  facet normal 0.923835278 -0.301776141 0.235498652
    outer loop
      vertex 0.026838012 -0.0185975842 0.015262384
      vertex 0.0268380027 -0.0193240661 0.0143314814
      vertex 0.0272597782 -0.0185062196 0.0137249194
    endloop
  endfacet
  facet normal 0.923835158 -0.301776469 0.235498607
    outer loop
      vertex 0.026838012 -0.0185975842 0.015262384
      vertex 0.0272597782 -0.0185062196 0.0137249194
      vertex 0.0272597875 -0.0178104844 0.0146164233
    endloop
  endfacet
  facet normal 0.923842788 0.301752537 -0.235499248
    outer loop
      vertex 0.0272597875 -0.0178104844 0.0146164233
      vertex 0.0272597782 -0.0185062196 0.0137249194
      vertex 0.0268380232 -0.0176883619 0.0131183583
    endloop
  endfacet
  facet normal 0.923842371 0.301753849 -0.235499024
    outer loop
      vertex 0.0272597875 -0.0178104844 0.0146164233
      vertex 0.0268380232 -0.0176883619 0.0131183583
      vertex 0.0268380307 -0.0170233734 0.0139704626
    endloop
  endfacet
  facet normal 0.382594705 0.728364527 -0.568424463
    outer loop
      vertex 0.0268380307 -0.0170233734 0.0139704626
      vertex 0.0268380232 -0.0176883619 0.0131183583
      vertex 0.0258197933 -0.0173495822 0.0128671126
    endloop
  endfacet
  facet normal 0.382594228 0.728365064 -0.568424165
    outer loop
      vertex 0.0268380307 -0.0170233734 0.0139704626
      vertex 0.0258197933 -0.0173495822 0.0128671126
      vertex 0.0258198008 -0.0166973304 0.0137028974
    endloop
  endfacet
  facet normal -0.382577002 0.728373945 -0.568424284
    outer loop
      vertex 0.0258198008 -0.0166973304 0.0137028974
      vertex 0.0258197933 -0.0173495822 0.0128671126
      vertex 0.0248015542 -0.0176883377 0.0131183583
    endloop
  endfacet
  facet normal -0.382577002 0.728373945 -0.568424284
    outer loop
      vertex 0.0258198008 -0.0166973304 0.0137028974
      vertex 0.0248015542 -0.0176883377 0.0131183583
      vertex 0.0248015635 -0.0170233492 0.0139704626
    endloop
  endfacet
  facet normal -0.923835158 0.301776469 -0.235498488
    outer loop
      vertex 0.0248015635 -0.0170233492 0.0139704626
      vertex 0.0248015542 -0.0176883377 0.0131183583
      vertex 0.0243797787 -0.0185061842 0.0137249194
    endloop
  endfacet
  facet normal -0.923835158 0.301776469 -0.235498607
    outer loop
      vertex 0.0248015635 -0.0170233492 0.0139704626
      vertex 0.0243797787 -0.0185061842 0.0137249194
      vertex 0.024379788 -0.017810449 0.0146164233
    endloop
  endfacet
  facet normal -0.923842251 -0.301753551 0.235499993
    outer loop
      vertex 0.024379788 -0.017810449 0.0146164233
      vertex 0.0243797787 -0.0185061842 0.0137249194
      vertex 0.0248015355 -0.0193240419 0.0143314814
    endloop
  endfacet
  facet normal -0.923843026 -0.301753312 0.235497475
    outer loop
      vertex 0.024379788 -0.017810449 0.0146164233
      vertex 0.0248015355 -0.0193240419 0.0143314814
      vertex 0.024801543 -0.01859756 0.015262384
    endloop
  endfacet
  facet normal -0.382593602 -0.728365541 0.568423927
    outer loop
      vertex 0.024801543 -0.01859756 0.015262384
      vertex 0.0248015355 -0.0193240419 0.0143314814
      vertex 0.0258197654 -0.0196628198 0.0145827271
    endloop
  endfacet
  facet normal -0.382593125 -0.728365481 0.568424404
    outer loop
      vertex 0.024801543 -0.01859756 0.015262384
      vertex 0.0258197654 -0.0196628198 0.0145827271
      vertex 0.0258197729 -0.0189236011 0.0155299492
    endloop
  endfacet
  facet normal 0.382575035 -0.755387843 0.532001376
    outer loop
      vertex 0.0258197654 -0.0196628198 0.0145827271
      vertex 0.0258197561 -0.0203546789 0.0136003643
      vertex 0.0268379953 -0.0200040061 0.0133660436
    endloop
  endfacet
  facet normal 0.382576108 -0.755386829 0.532001972
    outer loop
      vertex 0.0258197654 -0.0196628198 0.0145827271
      vertex 0.0268379953 -0.0200040061 0.0133660436
      vertex 0.0268380027 -0.0193240661 0.0143314814
    endloop
  endfacet
  facet normal 0.923835397 -0.312966377 0.220409274
    outer loop
      vertex 0.0268380027 -0.0193240661 0.0143314814
      vertex 0.0268379953 -0.0200040061 0.0133660436
      vertex 0.0272597708 -0.0191573799 0.0128003433
    endloop
  endfacet
  facet normal 0.923835099 -0.31296733 0.22040911
    outer loop
      vertex 0.0268380027 -0.0193240661 0.0143314814
      vertex 0.0272597708 -0.0191573799 0.0128003433
      vertex 0.0272597782 -0.0185062196 0.0137249194
    endloop
  endfacet
  facet normal 0.923842192 0.312946171 -0.220409095
    outer loop
      vertex 0.0272597782 -0.0185062196 0.0137249194
      vertex 0.0272597708 -0.0191573799 0.0128003433
      vertex 0.0268380139 -0.0183107443 0.0122346431
    endloop
  endfacet
  facet normal 0.923842907 0.312943816 -0.220409617
    outer loop
      vertex 0.0272597782 -0.0185062196 0.0137249194
      vertex 0.0268380139 -0.0183107443 0.0122346431
      vertex 0.0268380232 -0.0176883619 0.0131183583
    endloop
  endfacet
  facet normal 0.382595152 0.755378008 -0.532001078
    outer loop
      vertex 0.0268380232 -0.0176883619 0.0131183583
      vertex 0.0268380139 -0.0183107443 0.0122346431
      vertex 0.0258197859 -0.0179600455 0.0120003223
    endloop
  endfacet
  facet normal 0.382595092 0.755377948 -0.532001078
    outer loop
      vertex 0.0268380232 -0.0176883619 0.0131183583
      vertex 0.0258197859 -0.0179600455 0.0120003223
      vertex 0.0258197933 -0.0173495822 0.0128671126
    endloop
  endfacet
  facet normal -0.382576257 0.755387425 -0.532001197
    outer loop
      vertex 0.0258197933 -0.0173495822 0.0128671126
      vertex 0.0258197859 -0.0179600455 0.0120003223
      vertex 0.0248015467 -0.0183107201 0.0122346431
    endloop
  endfacet
  facet normal -0.382576674 0.755387545 -0.532000601
    outer loop
      vertex 0.0258197933 -0.0173495822 0.0128671126
      vertex 0.0248015467 -0.0183107201 0.0122346431
      vertex 0.0248015542 -0.0176883377 0.0131183583
    endloop
  endfacet
  facet normal -0.923835158 0.31296742 -0.220408678
    outer loop
      vertex 0.0248015542 -0.0176883377 0.0131183583
      vertex 0.0248015467 -0.0183107201 0.0122346431
      vertex 0.0243797712 -0.0191573445 0.0128003433
    endloop
  endfacet
  facet normal -0.92383498 0.312967479 -0.2204092
    outer loop
      vertex 0.0248015542 -0.0176883377 0.0131183583
      vertex 0.0243797712 -0.0191573445 0.0128003433
      vertex 0.0243797787 -0.0185061842 0.0137249194
    endloop
  endfacet
  facet normal -0.923843086 -0.312944561 0.220408008
    outer loop
      vertex 0.0243797787 -0.0185061842 0.0137249194
      vertex 0.0243797712 -0.0191573445 0.0128003433
      vertex 0.0248015262 -0.0200039819 0.0133660436
    endloop
  endfacet
  facet normal -0.923842371 -0.312944949 0.220410243
    outer loop
      vertex 0.0243797787 -0.0185061842 0.0137249194
      vertex 0.0248015262 -0.0200039819 0.0133660436
      vertex 0.0248015355 -0.0193240419 0.0143314814
    endloop
  endfacet
  facet normal -0.382593334 -0.755377948 0.53200233
    outer loop
      vertex 0.0248015355 -0.0193240419 0.0143314814
      vertex 0.0248015262 -0.0200039819 0.0133660436
      vertex 0.0258197561 -0.0203546789 0.0136003643
    endloop
  endfacet
  facet normal -0.3825939 -0.755378187 0.532001793
    outer loop
      vertex 0.0248015355 -0.0193240419 0.0143314814
      vertex 0.0258197561 -0.0203546789 0.0136003643
      vertex 0.0258197654 -0.0196628198 0.0145827271
    endloop
  endfacet
  facet normal 0.382574975 -0.780582428 0.494295001
    outer loop
      vertex 0.0258197561 -0.0203546789 0.0136003643
      vertex 0.0258197486 -0.0209975 0.0125852376
      vertex 0.0268379878 -0.020635752 0.0123684062
    endloop
  endfacet
  facet normal 0.382574737 -0.780582547 0.494294822
    outer loop
      vertex 0.0258197561 -0.0203546789 0.0136003643
      vertex 0.0268379878 -0.020635752 0.0123684062
      vertex 0.0268379953 -0.0200040061 0.0133660436
    endloop
  endfacet
  facet normal 0.923835218 -0.323405117 0.204786792
    outer loop
      vertex 0.0268379953 -0.0200040061 0.0133660436
      vertex 0.0268379878 -0.020635752 0.0123684062
      vertex 0.0272597633 -0.0197623894 0.0118449293
    endloop
  endfacet
  facet normal 0.923835278 -0.323404968 0.204786792
    outer loop
      vertex 0.0268379953 -0.0200040061 0.0133660436
      vertex 0.0272597633 -0.0197623894 0.0118449293
      vertex 0.0272597708 -0.0191573799 0.0128003433
    endloop
  endfacet
  facet normal 0.923842967 0.323382765 -0.204787165
    outer loop
      vertex 0.0272597708 -0.0191573799 0.0128003433
      vertex 0.0272597633 -0.0197623894 0.0118449293
      vertex 0.0268380083 -0.0188890155 0.0113214524
    endloop
  endfacet
  facet normal 0.923842371 0.323384762 -0.204786643
    outer loop
      vertex 0.0272597708 -0.0191573799 0.0128003433
      vertex 0.0268380083 -0.0188890155 0.0113214524
      vertex 0.0268380139 -0.0183107443 0.0122346431
    endloop
  endfacet
  facet normal 0.382594645 0.78057307 -0.494294465
    outer loop
      vertex 0.0268380139 -0.0183107443 0.0122346431
      vertex 0.0268380083 -0.0188890155 0.0113214524
      vertex 0.0258197784 -0.0185272414 0.0111046219
    endloop
  endfacet
  facet normal 0.38259542 0.780572295 -0.494295061
    outer loop
      vertex 0.0268380139 -0.0183107443 0.0122346431
      vertex 0.0258197784 -0.0185272414 0.0111046219
      vertex 0.0258197859 -0.0179600455 0.0120003223
    endloop
  endfacet
  facet normal -0.38257581 0.78058207 -0.494294822
    outer loop
      vertex 0.0258197859 -0.0179600455 0.0120003223
      vertex 0.0258197784 -0.0185272414 0.0111046219
      vertex 0.0248015393 -0.0188889913 0.0113214524
    endloop
  endfacet
  facet normal -0.382575959 0.78058207 -0.494294673
    outer loop
      vertex 0.0258197859 -0.0179600455 0.0120003223
      vertex 0.0248015393 -0.0188889913 0.0113214524
      vertex 0.0248015467 -0.0183107201 0.0122346431
    endloop
  endfacet
  facet normal -0.923835218 0.323405266 -0.204786435
    outer loop
      vertex 0.0248015467 -0.0183107201 0.0122346431
      vertex 0.0248015393 -0.0188889913 0.0113214524
      vertex 0.0243797638 -0.019762354 0.0118449293
    endloop
  endfacet
  facet normal -0.923835099 0.323405415 -0.20478709
    outer loop
      vertex 0.0248015467 -0.0183107201 0.0122346431
      vertex 0.0243797638 -0.019762354 0.0118449293
      vertex 0.0243797712 -0.0191573445 0.0128003433
    endloop
  endfacet
  facet normal -0.923842907 -0.323382765 0.204787165
    outer loop
      vertex 0.0243797712 -0.0191573445 0.0128003433
      vertex 0.0243797638 -0.019762354 0.0118449293
      vertex 0.0248015188 -0.0206357278 0.0123684062
    endloop
  endfacet
  facet normal -0.923843145 -0.323382586 0.20478633
    outer loop
      vertex 0.0243797712 -0.0191573445 0.0128003433
      vertex 0.0248015188 -0.0206357278 0.0123684062
      vertex 0.0248015262 -0.0200039819 0.0133660436
    endloop
  endfacet
  facet normal -0.382593811 -0.780573368 0.494294703
    outer loop
      vertex 0.0248015262 -0.0200039819 0.0133660436
      vertex 0.0248015188 -0.0206357278 0.0123684062
      vertex 0.0258197486 -0.0209975 0.0125852376
    endloop
  endfacet
  facet normal -0.382593632 -0.780573249 0.494294852
    outer loop
      vertex 0.0248015262 -0.0200039819 0.0133660436
      vertex 0.0258197486 -0.0209975 0.0125852376
      vertex 0.0258197561 -0.0203546789 0.0136003643
    endloop
  endfacet
  facet normal 0.382574677 -0.803895414 0.455399454
    outer loop
      vertex 0.0258197486 -0.0209975 0.0125852376
      vertex 0.0258197412 -0.0215897392 0.0115397917
      vertex 0.0268379804 -0.0212177876 0.011340972
    endloop
  endfacet
  facet normal 0.382574677 -0.803895473 0.455399454
    outer loop
      vertex 0.0258197486 -0.0209975 0.0125852376
      vertex 0.0268379804 -0.0212177876 0.011340972
      vertex 0.0268379878 -0.020635752 0.0123684062
    endloop
  endfacet
  facet normal 0.923834741 -0.333064616 0.188672528
    outer loop
      vertex 0.0268379878 -0.020635752 0.0123684062
      vertex 0.0268379804 -0.0212177876 0.011340972
      vertex 0.0272597577 -0.0203197896 0.0108609805
    endloop
  endfacet
  facet normal 0.923835158 -0.333063424 0.1886729
    outer loop
      vertex 0.0268379878 -0.020635752 0.0123684062
      vertex 0.0272597577 -0.0203197896 0.0108609805
      vertex 0.0272597633 -0.0197623894 0.0118449293
    endloop
  endfacet
  facet normal 0.923842311 0.333043635 -0.1886722
    outer loop
      vertex 0.0272597633 -0.0197623894 0.0118449293
      vertex 0.0272597577 -0.0203197896 0.0108609805
      vertex 0.0268380009 -0.0194217823 0.010380988
    endloop
  endfacet
  facet normal 0.923843086 0.333041281 -0.188672975
    outer loop
      vertex 0.0272597633 -0.0197623894 0.0118449293
      vertex 0.0268380009 -0.0194217823 0.010380988
      vertex 0.0268380083 -0.0188890155 0.0113214524
    endloop
  endfacet
  facet normal 0.382594258 0.803886294 -0.455399245
    outer loop
      vertex 0.0268380083 -0.0188890155 0.0113214524
      vertex 0.0268380009 -0.0194217823 0.010380988
      vertex 0.0258197729 -0.0190498065 0.0101821693
    endloop
  endfacet
  facet normal 0.382594943 0.803885698 -0.455399752
    outer loop
      vertex 0.0268380083 -0.0188890155 0.0113214524
      vertex 0.0258197729 -0.0190498065 0.0101821693
      vertex 0.0258197784 -0.0185272414 0.0111046219
    endloop
  endfacet
  facet normal -0.38257435 0.803895056 -0.455400467
    outer loop
      vertex 0.0258197784 -0.0185272414 0.0111046219
      vertex 0.0258197729 -0.0190498065 0.0101821693
      vertex 0.0248015337 -0.0194217581 0.010380988
    endloop
  endfacet
  facet normal -0.382575572 0.803895295 -0.455398977
    outer loop
      vertex 0.0258197784 -0.0185272414 0.0111046219
      vertex 0.0248015337 -0.0194217581 0.010380988
      vertex 0.0248015393 -0.0188889913 0.0113214524
    endloop
  endfacet
  facet normal -0.923834562 0.333064586 -0.188673362
    outer loop
      vertex 0.0248015393 -0.0188889913 0.0113214524
      vertex 0.0248015337 -0.0194217581 0.010380988
      vertex 0.0243797563 -0.0203197543 0.0108609805
    endloop
  endfacet
  facet normal -0.923835158 0.333064198 -0.188671589
    outer loop
      vertex 0.0248015393 -0.0188889913 0.0113214524
      vertex 0.0243797563 -0.0203197543 0.0108609805
      vertex 0.0243797638 -0.019762354 0.0118449293
    endloop
  endfacet
  facet normal -0.923843086 -0.33304137 0.188672647
    outer loop
      vertex 0.0243797638 -0.019762354 0.0118449293
      vertex 0.0243797563 -0.0203197543 0.0108609805
      vertex 0.0248015113 -0.0212177634 0.011340972
    endloop
  endfacet
  facet normal -0.923843145 -0.3330414 0.188672751
    outer loop
      vertex 0.0243797638 -0.019762354 0.0118449293
      vertex 0.0248015113 -0.0212177634 0.011340972
      vertex 0.0248015188 -0.0206357278 0.0123684062
    endloop
  endfacet
  facet normal -0.382593989 -0.803886175 0.455399752
    outer loop
      vertex 0.0248015188 -0.0206357278 0.0123684062
      vertex 0.0248015113 -0.0212177634 0.011340972
      vertex 0.0258197412 -0.0215897392 0.0115397917
    endloop
  endfacet
  facet normal -0.382594049 -0.803886175 0.455399722
    outer loop
      vertex 0.0248015188 -0.0206357278 0.0123684062
      vertex 0.0258197412 -0.0215897392 0.0115397917
      vertex 0.0258197486 -0.0209975 0.0125852376
    endloop
  endfacet
  facet normal 0.382574975 -0.825272679 0.415405095
    outer loop
      vertex 0.0258197412 -0.0215897392 0.0115397917
      vertex 0.0258197356 -0.0221299659 0.0104665449
      vertex 0.0268379729 -0.0217487067 0.0102862166
    endloop
  endfacet
  facet normal 0.382574439 -0.825273097 0.415404677
    outer loop
      vertex 0.0258197412 -0.0215897392 0.0115397917
      vertex 0.0268379729 -0.0217487067 0.0102862166
      vertex 0.0268379804 -0.0212177876 0.011340972
    endloop
  endfacet
  facet normal 0.923834682 -0.341921598 0.172102273
    outer loop
      vertex 0.0268379804 -0.0212177876 0.011340972
      vertex 0.0268379729 -0.0217487067 0.0102862166
      vertex 0.0272597503 -0.0208282396 0.00985086523
    endloop
  endfacet
  facet normal 0.923834622 -0.341921598 0.172102258
    outer loop
      vertex 0.0268379804 -0.0212177876 0.011340972
      vertex 0.0272597503 -0.0208282396 0.00985086523
      vertex 0.0272597577 -0.0203197896 0.0108609805
    endloop
  endfacet
  facet normal 0.923842967 0.341898143 -0.172104105
    outer loop
      vertex 0.0272597577 -0.0203197896 0.0108609805
      vertex 0.0272597503 -0.0208282396 0.00985086523
      vertex 0.0268379953 -0.0199077614 0.00941551477
    endloop
  endfacet
  facet normal 0.92384243 0.341899812 -0.17210348
    outer loop
      vertex 0.0272597577 -0.0203197896 0.0108609805
      vertex 0.0268379953 -0.0199077614 0.00941551477
      vertex 0.0268380009 -0.0194217823 0.010380988
    endloop
  endfacet
  facet normal 0.382594109 0.825263619 -0.415405542
    outer loop
      vertex 0.0268380009 -0.0194217823 0.010380988
      vertex 0.0268379953 -0.0199077614 0.00941551477
      vertex 0.0258197654 -0.0195264779 0.0092351865
    endloop
  endfacet
  facet normal 0.382594496 0.825263262 -0.415405899
    outer loop
      vertex 0.0268380009 -0.0194217823 0.010380988
      vertex 0.0258197654 -0.0195264779 0.0092351865
      vertex 0.0258197729 -0.0190498065 0.0101821693
    endloop
  endfacet
  facet normal -0.382574975 0.825272858 -0.415404707
    outer loop
      vertex 0.0258197729 -0.0190498065 0.0101821693
      vertex 0.0258197654 -0.0195264779 0.0092351865
      vertex 0.0248015281 -0.0199077372 0.00941551477
    endloop
  endfacet
  facet normal -0.382574111 0.825272799 -0.41540572
    outer loop
      vertex 0.0258197729 -0.0190498065 0.0101821693
      vertex 0.0248015281 -0.0199077372 0.00941551477
      vertex 0.0248015337 -0.0194217581 0.010380988
    endloop
  endfacet
  facet normal -0.923834562 0.34192118 -0.172103524
    outer loop
      vertex 0.0248015337 -0.0194217581 0.010380988
      vertex 0.0248015281 -0.0199077372 0.00941551477
      vertex 0.0243797507 -0.0208282042 0.00985086523
    endloop
  endfacet
  facet normal -0.923834503 0.34192124 -0.172103792
    outer loop
      vertex 0.0248015337 -0.0194217581 0.010380988
      vertex 0.0243797507 -0.0208282042 0.00985086523
      vertex 0.0243797563 -0.0203197543 0.0108609805
    endloop
  endfacet
  facet normal -0.923843026 -0.34189865 0.17210266
    outer loop
      vertex 0.0243797563 -0.0203197543 0.0108609805
      vertex 0.0243797507 -0.0208282042 0.00985086523
      vertex 0.0248015057 -0.0217486825 0.0102862166
    endloop
  endfacet
  facet normal -0.923843145 -0.341898471 0.172102034
    outer loop
      vertex 0.0243797563 -0.0203197543 0.0108609805
      vertex 0.0248015057 -0.0217486825 0.0102862166
      vertex 0.0248015113 -0.0212177634 0.011340972
    endloop
  endfacet
  facet normal -0.382594079 -0.825263917 0.415404826
    outer loop
      vertex 0.0248015113 -0.0212177634 0.011340972
      vertex 0.0248015057 -0.0217486825 0.0102862166
      vertex 0.0258197356 -0.0221299659 0.0104665449
    endloop
  endfacet
  facet normal -0.382594198 -0.825263977 0.415404707
    outer loop
      vertex 0.0248015113 -0.0212177634 0.011340972
      vertex 0.0258197356 -0.0221299659 0.0104665449
      vertex 0.0258197412 -0.0215897392 0.0115397917
    endloop
  endfacet
  facet normal 0.382576317 -0.844660819 0.374410808
    outer loop
      vertex 0.0258197356 -0.0221299659 0.0104665449
      vertex 0.02581973 -0.0226168763 0.00936809368
      vertex 0.0268379673 -0.0222272258 0.00920669083
    endloop
  endfacet
  facet normal 0.382574737 -0.84466213 0.374409586
    outer loop
      vertex 0.0258197356 -0.0221299659 0.0104665449
      vertex 0.0268379673 -0.0222272258 0.00920669083
      vertex 0.0268379729 -0.0217487067 0.0102862166
    endloop
  endfacet
  facet normal 0.923834503 -0.349954128 0.155118644
    outer loop
      vertex 0.0268379729 -0.0217487067 0.0102862166
      vertex 0.0268379673 -0.0222272258 0.00920669083
      vertex 0.0272597447 -0.0212865062 0.00881702919
    endloop
  endfacet
  facet normal 0.923834503 -0.349954277 0.1551186
    outer loop
      vertex 0.0268379729 -0.0217487067 0.0102862166
      vertex 0.0272597447 -0.0212865062 0.00881702919
      vertex 0.0272597503 -0.0208282396 0.00985086523
    endloop
  endfacet
  facet normal 0.923843026 0.349931926 -0.155118674
    outer loop
      vertex 0.0272597503 -0.0208282396 0.00985086523
      vertex 0.0272597447 -0.0212865062 0.00881702919
      vertex 0.0268379897 -0.0203457754 0.00842736848
    endloop
  endfacet
  facet normal 0.923843026 0.349931538 -0.155118823
    outer loop
      vertex 0.0272597503 -0.0208282396 0.00985086523
      vertex 0.0268379897 -0.0203457754 0.00842736848
      vertex 0.0268379953 -0.0199077614 0.00941551477
    endloop
  endfacet
  facet normal 0.382595122 0.844652712 -0.374410033
    outer loop
      vertex 0.0268379953 -0.0199077614 0.00941551477
      vertex 0.0268379897 -0.0203457754 0.00842736848
      vertex 0.0258197617 -0.0199561026 0.00826596562
    endloop
  endfacet
  facet normal 0.382594317 0.844653368 -0.374409378
    outer loop
      vertex 0.0268379953 -0.0199077614 0.00941551477
      vertex 0.0258197617 -0.0199561026 0.00826596562
      vertex 0.0258197654 -0.0195264779 0.0092351865
    endloop
  endfacet
  facet normal -0.382574409 0.844662011 -0.374410242
    outer loop
      vertex 0.0258197654 -0.0195264779 0.0092351865
      vertex 0.0258197617 -0.0199561026 0.00826596562
      vertex 0.0248015225 -0.0203457512 0.00842736848
    endloop
  endfacet
  facet normal -0.382574767 0.844661951 -0.374409825
    outer loop
      vertex 0.0258197654 -0.0195264779 0.0092351865
      vertex 0.0248015225 -0.0203457512 0.00842736848
      vertex 0.0248015281 -0.0199077372 0.00941551477
    endloop
  endfacet
  facet normal -0.923834503 0.349954307 -0.155118465
    outer loop
      vertex 0.0248015281 -0.0199077372 0.00941551477
      vertex 0.0248015225 -0.0203457512 0.00842736848
      vertex 0.0243797451 -0.0212864708 0.00881702919
    endloop
  endfacet
  facet normal -0.923834443 0.349954396 -0.155118644
    outer loop
      vertex 0.0248015281 -0.0199077372 0.00941551477
      vertex 0.0243797451 -0.0212864708 0.00881702919
      vertex 0.0243797507 -0.0208282042 0.00985086523
    endloop
  endfacet
  facet normal -0.923843086 -0.349931836 0.155118614
    outer loop
      vertex 0.0243797507 -0.0208282042 0.00985086523
      vertex 0.0243797451 -0.0212864708 0.00881702919
      vertex 0.0248015001 -0.0222272016 0.00920669083
    endloop
  endfacet
  facet normal -0.923843086 -0.349931687 0.155118257
    outer loop
      vertex 0.0243797507 -0.0208282042 0.00985086523
      vertex 0.0248015001 -0.0222272016 0.00920669083
      vertex 0.0248015057 -0.0217486825 0.0102862166
    endloop
  endfacet
  facet normal -0.382595807 -0.844652653 0.374409378
    outer loop
      vertex 0.0248015057 -0.0217486825 0.0102862166
      vertex 0.0248015001 -0.0222272016 0.00920669083
      vertex 0.02581973 -0.0226168763 0.00936809368
    endloop
  endfacet
  facet normal -0.382594287 -0.844652653 0.374411047
    outer loop
      vertex 0.0248015057 -0.0217486825 0.0102862166
      vertex 0.02581973 -0.0226168763 0.00936809368
      vertex 0.0258197356 -0.0221299659 0.0104665449
    endloop
  endfacet
  facet normal 0.382576436 -0.862014592 0.332514703
    outer loop
      vertex 0.02581973 -0.0226168763 0.00936809368
      vertex 0.0258197244 -0.0230493061 0.00824706443
      vertex 0.0268379617 -0.0226522051 0.00810497534
    endloop
  endfacet
  facet normal 0.382576138 -0.86201489 0.332514435
    outer loop
      vertex 0.02581973 -0.0226168763 0.00936809368
      vertex 0.0268379617 -0.0226522051 0.00810497534
      vertex 0.0268379673 -0.0222272258 0.00920669083
    endloop
  endfacet
  facet normal 0.923833787 -0.357145399 0.137761727
    outer loop
      vertex 0.0268379673 -0.0222272258 0.00920669083
      vertex 0.0268379617 -0.0226522051 0.00810497534
      vertex 0.027259741 -0.0216934998 0.00776194315
    endloop
  endfacet
  facet normal 0.923834503 -0.357143193 0.137762725
    outer loop
      vertex 0.0268379673 -0.0222272258 0.00920669083
      vertex 0.027259741 -0.0216934998 0.00776194315
      vertex 0.0272597447 -0.0212865062 0.00881702919
    endloop
  endfacet
  facet normal 0.923843086 0.357121557 -0.137760907
    outer loop
      vertex 0.0272597447 -0.0212865062 0.00881702919
      vertex 0.027259741 -0.0216934998 0.00776194315
      vertex 0.026837986 -0.0207347814 0.00741891051
    endloop
  endfacet
  facet normal 0.923843086 0.357121825 -0.137760803
    outer loop
      vertex 0.0272597447 -0.0212865062 0.00881702919
      vertex 0.026837986 -0.0207347814 0.00741891051
      vertex 0.0268379897 -0.0203457754 0.00842736848
    endloop
  endfacet
  facet normal 0.382594854 0.862006426 -0.332514703
    outer loop
      vertex 0.0268379897 -0.0203457754 0.00842736848
      vertex 0.026837986 -0.0207347814 0.00741891051
      vertex 0.0258197561 -0.020337658 0.00727682188
    endloop
  endfacet
  facet normal 0.382595301 0.862006187 -0.332515121
    outer loop
      vertex 0.0268379897 -0.0203457754 0.00842736848
      vertex 0.0258197561 -0.020337658 0.00727682188
      vertex 0.0258197617 -0.0199561026 0.00826596562
    endloop
  endfacet
  facet normal -0.382574975 0.862015367 -0.332514375
    outer loop
      vertex 0.0258197617 -0.0199561026 0.00826596562
      vertex 0.0258197561 -0.020337658 0.00727682188
      vertex 0.0248015188 -0.0207347572 0.00741891051
    endloop
  endfacet
  facet normal -0.382574171 0.862015367 -0.332515329
    outer loop
      vertex 0.0258197617 -0.0199561026 0.00826596562
      vertex 0.0248015188 -0.0207347572 0.00741891051
      vertex 0.0248015225 -0.0203457512 0.00842736848
    endloop
  endfacet
  facet normal -0.923834026 0.357144445 -0.137762696
    outer loop
      vertex 0.0248015225 -0.0203457512 0.00842736848
      vertex 0.0248015188 -0.0207347572 0.00741891051
      vertex 0.0243797395 -0.0216934644 0.00776194315
    endloop
  endfacet
  facet normal -0.923834383 0.357143879 -0.137761369
    outer loop
      vertex 0.0248015225 -0.0203457512 0.00842736848
      vertex 0.0243797395 -0.0216934644 0.00776194315
      vertex 0.0243797451 -0.0212864708 0.00881702919
    endloop
  endfacet
  facet normal -0.923842847 -0.357121646 0.137762576
    outer loop
      vertex 0.0243797451 -0.0212864708 0.00881702919
      vertex 0.0243797395 -0.0216934644 0.00776194315
      vertex 0.0248014946 -0.0226521809 0.00810497534
    endloop
  endfacet
  facet normal -0.923843026 -0.357121289 0.137761772
    outer loop
      vertex 0.0243797451 -0.0212864708 0.00881702919
      vertex 0.0248014946 -0.0226521809 0.00810497534
      vertex 0.0248015001 -0.0222272016 0.00920669083
    endloop
  endfacet
  facet normal -0.382596314 -0.862005711 0.332514793
    outer loop
      vertex 0.0248015001 -0.0222272016 0.00920669083
      vertex 0.0248014946 -0.0226521809 0.00810497534
      vertex 0.0258197244 -0.0230493061 0.00824706443
    endloop
  endfacet
  facet normal -0.382596016 -0.86200583 0.332515091
    outer loop
      vertex 0.0248015001 -0.0222272016 0.00920669083
      vertex 0.0258197244 -0.0230493061 0.00824706443
      vertex 0.02581973 -0.0226168763 0.00936809368
    endloop
  endfacet
  facet normal 0.382575423 -0.87729305 0.289815575
    outer loop
      vertex 0.0258197244 -0.0230493061 0.00824706443
      vertex 0.0258197188 -0.0234262031 0.00710617704
      vertex 0.026837958 -0.0230226088 0.00698374445
    endloop
  endfacet
  facet normal 0.382576317 -0.877292395 0.28981629
    outer loop
      vertex 0.0258197244 -0.0230493061 0.00824706443
      vertex 0.026837958 -0.0230226088 0.00698374445
      vertex 0.0268379617 -0.0226522051 0.00810497534
    endloop
  endfacet
  facet normal 0.923834443 -0.363472939 0.120071873
    outer loop
      vertex 0.0268379617 -0.0226522051 0.00810497534
      vertex 0.026837958 -0.0230226088 0.00698374445
      vertex 0.0272597354 -0.0220482256 0.00668816688
    endloop
  endfacet
  facet normal 0.923833728 -0.363475382 0.120070592
    outer loop
      vertex 0.0268379617 -0.0226522051 0.00810497534
      vertex 0.0272597354 -0.0220482256 0.00668816688
      vertex 0.027259741 -0.0216934998 0.00776194315
    endloop
  endfacet
  facet normal 0.923843622 0.363449752 -0.120071754
    outer loop
      vertex 0.027259741 -0.0216934998 0.00776194315
      vertex 0.0272597354 -0.0220482256 0.00668816688
      vertex 0.0268379822 -0.0210738312 0.00639258884
    endloop
  endfacet
  facet normal 0.923843205 0.363451064 -0.120071001
    outer loop
      vertex 0.027259741 -0.0216934998 0.00776194315
      vertex 0.0268379822 -0.0210738312 0.00639258884
      vertex 0.026837986 -0.0207347814 0.00741891051
    endloop
  endfacet
  facet normal 0.382594705 0.877284408 -0.289816111
    outer loop
      vertex 0.026837986 -0.0207347814 0.00741891051
      vertex 0.0268379822 -0.0210738312 0.00639258884
      vertex 0.0258197524 -0.0206702147 0.00627015671
    endloop
  endfacet
  facet normal 0.382595032 0.877284169 -0.289816469
    outer loop
      vertex 0.026837986 -0.0207347814 0.00741891051
      vertex 0.0258197524 -0.0206702147 0.00627015671
      vertex 0.0258197561 -0.020337658 0.00727682188
    endloop
  endfacet
  facet normal -0.382573903 0.877293289 -0.289816648
    outer loop
      vertex 0.0258197561 -0.020337658 0.00727682188
      vertex 0.0258197524 -0.0206702147 0.00627015671
      vertex 0.0248015132 -0.021073807 0.00639258884
    endloop
  endfacet
  facet normal -0.382574737 0.877293229 -0.289815545
    outer loop
      vertex 0.0258197561 -0.020337658 0.00727682188
      vertex 0.0248015132 -0.021073807 0.00639258884
      vertex 0.0248015188 -0.0207347572 0.00741891051
    endloop
  endfacet
  facet normal -0.923834562 0.363473445 -0.120070025
    outer loop
      vertex 0.0248015188 -0.0207347572 0.00741891051
      vertex 0.0248015132 -0.021073807 0.00639258884
      vertex 0.0243797358 -0.0220481902 0.00668816688
    endloop
  endfacet
  facet normal -0.923833966 0.363474309 -0.120071851
    outer loop
      vertex 0.0248015188 -0.0207347572 0.00741891051
      vertex 0.0243797358 -0.0220481902 0.00668816688
      vertex 0.0243797395 -0.0216934644 0.00776194315
    endloop
  endfacet
  facet normal -0.923843086 -0.36345157 0.120070733
    outer loop
      vertex 0.0243797395 -0.0216934644 0.00776194315
      vertex 0.0243797358 -0.0220481902 0.00668816688
      vertex 0.0248014908 -0.0230225846 0.00698374491
    endloop
  endfacet
  facet normal -0.923842907 -0.363451689 0.120071061
    outer loop
      vertex 0.0243797395 -0.0216934644 0.00776194315
      vertex 0.0248014908 -0.0230225846 0.00698374491
      vertex 0.0248014946 -0.0226521809 0.00810497534
    endloop
  endfacet
  facet normal -0.382596642 -0.877283573 0.289816022
    outer loop
      vertex 0.0248014946 -0.0226521809 0.00810497534
      vertex 0.0248014908 -0.0230225846 0.00698374491
      vertex 0.0258197188 -0.0234262031 0.00710617704
    endloop
  endfacet
  facet normal -0.382596493 -0.877283633 0.289816201
    outer loop
      vertex 0.0248014946 -0.0226521809 0.00810497534
      vertex 0.0258197188 -0.0234262031 0.00710617704
      vertex 0.0258197244 -0.0230493061 0.00824706443
    endloop
  endfacet
  facet normal 0.382574975 -0.890456676 0.246421173
    outer loop
      vertex 0.0258197188 -0.0234262031 0.00710617704
      vertex 0.0258197151 -0.0237466693 0.00594816031
      vertex 0.0268379543 -0.0233375542 0.00584567897
    endloop
  endfacet
  facet normal 0.382575214 -0.890456438 0.246421397
    outer loop
      vertex 0.0258197188 -0.0234262031 0.00710617704
      vertex 0.0268379543 -0.0233375542 0.00584567897
      vertex 0.026837958 -0.0230226088 0.00698374445
    endloop
  endfacet
  facet normal 0.923834443 -0.368926853 0.102092862
    outer loop
      vertex 0.026837958 -0.0230226088 0.00698374445
      vertex 0.0268379543 -0.0233375542 0.00584567897
      vertex 0.0272597317 -0.0223498419 0.00559826801
    endloop
  endfacet
  facet normal 0.923834383 -0.368926823 0.10209287
    outer loop
      vertex 0.026837958 -0.0230226088 0.00698374445
      vertex 0.0272597317 -0.0223498419 0.00559826801
      vertex 0.0272597354 -0.0220482256 0.00668816688
    endloop
  endfacet
  facet normal 0.923843563 0.368903965 -0.102092847
    outer loop
      vertex 0.0272597354 -0.0220482256 0.00668816688
      vertex 0.0272597317 -0.0223498419 0.00559826801
      vertex 0.0268379785 -0.0213621184 0.00535085751
    endloop
  endfacet
  facet normal 0.923843741 0.368903548 -0.102093123
    outer loop
      vertex 0.0272597354 -0.0220482256 0.00668816688
      vertex 0.0268379785 -0.0213621184 0.00535085751
      vertex 0.0268379822 -0.0210738312 0.00639258884
    endloop
  endfacet
  facet normal 0.382595867 0.890447199 -0.246422395
    outer loop
      vertex 0.0268379822 -0.0210738312 0.00639258884
      vertex 0.0268379785 -0.0213621184 0.00535085751
      vertex 0.0258197486 -0.0209529791 0.00524837663
    endloop
  endfacet
  facet normal 0.382594854 0.890448034 -0.246421412
    outer loop
      vertex 0.0268379822 -0.0210738312 0.00639258884
      vertex 0.0258197486 -0.0209529791 0.00524837663
      vertex 0.0258197524 -0.0206702147 0.00627015671
    endloop
  endfacet
  facet normal -0.382574886 0.890456736 -0.246420994
    outer loop
      vertex 0.0258197524 -0.0206702147 0.00627015671
      vertex 0.0258197486 -0.0209529791 0.00524837663
      vertex 0.0248015095 -0.0213620942 0.00535085751
    endloop
  endfacet
  facet normal -0.382573754 0.890456796 -0.246422321
    outer loop
      vertex 0.0258197524 -0.0206702147 0.00627015671
      vertex 0.0248015095 -0.0213620942 0.00535085751
      vertex 0.0248015132 -0.021073807 0.00639258884
    endloop
  endfacet
  facet normal -0.923834383 0.368926793 -0.102092959
    outer loop
      vertex 0.0248015132 -0.021073807 0.00639258884
      vertex 0.0248015095 -0.0213620942 0.00535085751
      vertex 0.0243797321 -0.0223498065 0.00559826801
    endloop
  endfacet
  facet normal -0.923834443 0.368926793 -0.10209284
    outer loop
      vertex 0.0248015132 -0.021073807 0.00639258884
      vertex 0.0243797321 -0.0223498065 0.00559826801
      vertex 0.0243797358 -0.0220481902 0.00668816688
    endloop
  endfacet
  facet normal -0.923842967 -0.368905246 0.102093197
    outer loop
      vertex 0.0243797358 -0.0220481902 0.00668816688
      vertex 0.0243797321 -0.0223498065 0.00559826801
      vertex 0.0248014871 -0.02333753 0.00584567944
    endloop
  endfacet
  facet normal -0.923843086 -0.368905097 0.102092907
    outer loop
      vertex 0.0243797358 -0.0220481902 0.00668816688
      vertex 0.0248014871 -0.02333753 0.00584567944
      vertex 0.0248014908 -0.0230225846 0.00698374491
    endloop
  endfacet
  facet normal -0.382596493 -0.890447259 0.246421367
    outer loop
      vertex 0.0248014908 -0.0230225846 0.00698374491
      vertex 0.0248014871 -0.02333753 0.00584567944
      vertex 0.0258197151 -0.0237466693 0.00594816031
    endloop
  endfacet
  facet normal -0.382596791 -0.890447199 0.246421039
    outer loop
      vertex 0.0248014908 -0.0230225846 0.00698374491
      vertex 0.0258197151 -0.0237466693 0.00594816031
      vertex 0.0258197188 -0.0234262031 0.00710617704
    endloop
  endfacet
  facet normal 0.382574797 -0.901475191 0.202432856
    outer loop
      vertex 0.0258197151 -0.0237466693 0.00594816031
      vertex 0.0258197114 -0.02400993 0.00477581332
      vertex 0.0268379506 -0.0235962793 0.00469353003
    endloop
  endfacet
  facet normal 0.382574797 -0.901475072 0.202432901
    outer loop
      vertex 0.0258197151 -0.0237466693 0.00594816031
      vertex 0.0268379506 -0.0235962793 0.00469353003
      vertex 0.0268379543 -0.0233375542 0.00584567897
    endloop
  endfacet
  facet normal 0.923833847 -0.373493195 0.0838681757
    outer loop
      vertex 0.0268379543 -0.0233375542 0.00584567897
      vertex 0.0268379506 -0.0235962793 0.00469353003
      vertex 0.0272597298 -0.0225976165 0.00449488265
    endloop
  endfacet
  facet normal 0.923834383 -0.373491615 0.0838691816
    outer loop
      vertex 0.0268379543 -0.0233375542 0.00584567897
      vertex 0.0272597298 -0.0225976165 0.00449488265
      vertex 0.0272597317 -0.0223498419 0.00559826801
    endloop
  endfacet
  facet normal 0.923842967 0.373470575 -0.0838675797
    outer loop
      vertex 0.0272597317 -0.0223498419 0.00559826801
      vertex 0.0272597298 -0.0225976165 0.00449488265
      vertex 0.0268379748 -0.0215989426 0.00429623527
    endloop
  endfacet
  facet normal 0.923843563 0.373468876 -0.0838687792
    outer loop
      vertex 0.0272597317 -0.0223498419 0.00559826801
      vertex 0.0268379748 -0.0215989426 0.00429623527
      vertex 0.0268379785 -0.0213621184 0.00535085751
    endloop
  endfacet
  facet normal 0.382595152 0.901466489 -0.202433094
    outer loop
      vertex 0.0268379785 -0.0213621184 0.00535085751
      vertex 0.0268379748 -0.0215989426 0.00429623527
      vertex 0.0258197468 -0.0211852696 0.00421395246
    endloop
  endfacet
  facet normal 0.382596076 0.901465833 -0.202434033
    outer loop
      vertex 0.0268379785 -0.0213621184 0.00535085751
      vertex 0.0258197468 -0.0211852696 0.00421395246
      vertex 0.0258197486 -0.0209529791 0.00524837663
    endloop
  endfacet
  facet normal -0.382573247 0.90147537 -0.202434778
    outer loop
      vertex 0.0258197486 -0.0209529791 0.00524837663
      vertex 0.0258197468 -0.0211852696 0.00421395246
      vertex 0.0248015076 -0.0215989184 0.00429623527
    endloop
  endfacet
  facet normal -0.382574797 0.901475132 -0.202433035
    outer loop
      vertex 0.0258197486 -0.0209529791 0.00524837663
      vertex 0.0248015076 -0.0215989184 0.00429623527
      vertex 0.0248015095 -0.0213620942 0.00535085751
    endloop
  endfacet
  facet normal -0.923834085 0.37349239 -0.0838691741
    outer loop
      vertex 0.0248015095 -0.0213620942 0.00535085751
      vertex 0.0248015076 -0.0215989184 0.00429623527
      vertex 0.0243797284 -0.022597583 0.00449488265
    endloop
  endfacet
  facet normal -0.923834324 0.373491853 -0.0838683397
    outer loop
      vertex 0.0248015095 -0.0213620942 0.00535085751
      vertex 0.0243797284 -0.022597583 0.00449488265
      vertex 0.0243797321 -0.0223498065 0.00559826801
    endloop
  endfacet
  facet normal -0.923842847 -0.373470753 0.0838698
    outer loop
      vertex 0.0243797321 -0.0223498065 0.00559826801
      vertex 0.0243797284 -0.022597583 0.00449488265
      vertex 0.0248014834 -0.0235962551 0.0046935305
    endloop
  endfacet
  facet normal -0.923843086 -0.373470247 0.0838690102
    outer loop
      vertex 0.0243797321 -0.0223498065 0.00559826801
      vertex 0.0248014834 -0.0235962551 0.0046935305
      vertex 0.0248014871 -0.02333753 0.00584567944
    endloop
  endfacet
  facet normal -0.382596523 -0.901465833 0.202433273
    outer loop
      vertex 0.0248014871 -0.02333753 0.00584567944
      vertex 0.0248014834 -0.0235962551 0.0046935305
      vertex 0.0258197114 -0.02400993 0.00477581332
    endloop
  endfacet
  facet normal -0.382596642 -0.901465774 0.202433199
    outer loop
      vertex 0.0248014871 -0.02333753 0.00584567944
      vertex 0.0258197114 -0.02400993 0.00477581332
      vertex 0.0258197151 -0.0237466693 0.00594816031
    endloop
  endfacet
  facet normal 0.382574499 -0.910322607 0.157954082
    outer loop
      vertex 0.0258197114 -0.02400993 0.00477581332
      vertex 0.0258197095 -0.0242153462 0.00359196076
      vertex 0.0268379487 -0.0237981565 0.00353007484
    endloop
  endfacet
  facet normal 0.382574618 -0.910322487 0.157954201
    outer loop
      vertex 0.0258197114 -0.02400993 0.00477581332
      vertex 0.0268379487 -0.0237981565 0.00353007484
      vertex 0.0268379506 -0.0235962793 0.00469353003
    endloop
  endfacet
  facet normal 0.923834383 -0.377157062 0.0654410198
    outer loop
      vertex 0.0268379506 -0.0235962793 0.00469353003
      vertex 0.0268379487 -0.0237981565 0.00353007484
      vertex 0.0272597261 -0.0227909498 0.00338066882
    endloop
  endfacet
  facet normal 0.923833787 -0.377158821 0.0654397756
    outer loop
      vertex 0.0268379506 -0.0235962793 0.00469353003
      vertex 0.0272597261 -0.0227909498 0.00338066882
      vertex 0.0272597298 -0.0225976165 0.00449488265
    endloop
  endfacet
  facet normal 0.923843622 0.377134472 -0.0654417276
    outer loop
      vertex 0.0272597298 -0.0225976165 0.00449488265
      vertex 0.0272597261 -0.0227909498 0.00338066882
      vertex 0.0268379729 -0.0217837319 0.00323126302
    endloop
  endfacet
  facet normal 0.923843086 0.377135962 -0.0654406101
    outer loop
      vertex 0.0272597298 -0.0225976165 0.00449488265
      vertex 0.0268379729 -0.0217837319 0.00323126302
      vertex 0.0268379748 -0.0215989426 0.00429623527
    endloop
  endfacet
  facet normal 0.382595897 0.910313547 -0.157954246
    outer loop
      vertex 0.0268379748 -0.0215989426 0.00429623527
      vertex 0.0268379729 -0.0217837319 0.00323126302
      vertex 0.0258197431 -0.021366518 0.0031693771
    endloop
  endfacet
  facet normal 0.382595271 0.910314023 -0.15795356
    outer loop
      vertex 0.0268379748 -0.0215989426 0.00429623527
      vertex 0.0258197431 -0.021366518 0.0031693771
      vertex 0.0258197468 -0.0211852696 0.00421395246
    endloop
  endfacet
  facet normal -0.382575154 0.910322666 -0.157952324
    outer loop
      vertex 0.0258197468 -0.0211852696 0.00421395246
      vertex 0.0258197431 -0.021366518 0.0031693771
      vertex 0.0248015057 -0.0217837077 0.00323126325
    endloop
  endfacet
  facet normal -0.382573158 0.910323083 -0.157954618
    outer loop
      vertex 0.0258197468 -0.0211852696 0.00421395246
      vertex 0.0248015057 -0.0217837077 0.00323126325
      vertex 0.0248015076 -0.0215989184 0.00429623527
    endloop
  endfacet
  facet normal -0.923834026 0.377157927 -0.0654411837
    outer loop
      vertex 0.0248015076 -0.0215989184 0.00429623527
      vertex 0.0248015057 -0.0217837077 0.00323126325
      vertex 0.0243797265 -0.0227909163 0.00338066905
    endloop
  endfacet
  facet normal -0.923834026 0.377157927 -0.0654411912
    outer loop
      vertex 0.0248015076 -0.0215989184 0.00429623527
      vertex 0.0243797265 -0.0227909163 0.00338066905
      vertex 0.0243797284 -0.022597583 0.00449488265
    endloop
  endfacet
  facet normal -0.923842788 -0.377136678 0.0654405802
    outer loop
      vertex 0.0243797284 -0.022597583 0.00449488265
      vertex 0.0243797265 -0.0227909163 0.00338066905
      vertex 0.0248014815 -0.0237981323 0.00353007484
    endloop
  endfacet
  facet normal -0.923842847 -0.377136588 0.0654404014
    outer loop
      vertex 0.0243797284 -0.022597583 0.00449488265
      vertex 0.0248014815 -0.0237981323 0.00353007484
      vertex 0.0248014834 -0.0235962551 0.0046935305
    endloop
  endfacet
  facet normal -0.382596552 -0.910313427 0.157953799
    outer loop
      vertex 0.0248014834 -0.0235962551 0.0046935305
      vertex 0.0248014815 -0.0237981323 0.00353007484
      vertex 0.0258197095 -0.0242153462 0.00359196076
    endloop
  endfacet
  facet normal -0.382596642 -0.910313368 0.157953665
    outer loop
      vertex 0.0248014834 -0.0235962551 0.0046935305
      vertex 0.0258197095 -0.0242153462 0.00359196076
      vertex 0.0258197114 -0.02400993 0.00477581332
    endloop
  endfacet
  facet normal 0.382573724 -0.91697669 0.113097936
    outer loop
      vertex 0.0258197095 -0.0242153462 0.00359196076
      vertex 0.0258197077 -0.0243624281 0.00239945482
      vertex 0.0268379468 -0.0239427052 0.00235811458
    endloop
  endfacet
  facet normal 0.382574439 -0.916976333 0.113098577
    outer loop
      vertex 0.0258197095 -0.0242153462 0.00359196076
      vertex 0.0268379468 -0.0239427052 0.00235811458
      vertex 0.0268379487 -0.0237981565 0.00353007484
    endloop
  endfacet
  facet normal 0.923833907 -0.37991491 0.0468569472
    outer loop
      vertex 0.0268379487 -0.0237981565 0.00353007484
      vertex 0.0268379468 -0.0239427052 0.00235811458
      vertex 0.0272597261 -0.0229293797 0.00225831056
    endloop
  endfacet
  facet normal 0.923834383 -0.379913598 0.0468579717
    outer loop
      vertex 0.0268379487 -0.0237981565 0.00353007484
      vertex 0.0272597261 -0.0229293797 0.00225831056
      vertex 0.0272597261 -0.0227909498 0.00338066882
    endloop
  endfacet
  facet normal 0.923843145 0.379892617 -0.0468553677
    outer loop
      vertex 0.0272597261 -0.0227909498 0.00338066882
      vertex 0.0272597261 -0.0229293797 0.00225831056
      vertex 0.0268379711 -0.021916043 0.00215850631
    endloop
  endfacet
  facet normal 0.923843622 0.379891276 -0.0468564257
    outer loop
      vertex 0.0272597261 -0.0227909498 0.00338066882
      vertex 0.0268379711 -0.021916043 0.00215850631
      vertex 0.0268379729 -0.0217837319 0.00323126302
    endloop
  endfacet
  facet normal 0.382594526 0.916968167 -0.113097228
    outer loop
      vertex 0.0268379729 -0.0217837319 0.00323126302
      vertex 0.0268379711 -0.021916043 0.00215850631
      vertex 0.0258197431 -0.0214962978 0.00211716606
    endloop
  endfacet
  facet normal 0.382596016 0.916967213 -0.1130988
    outer loop
      vertex 0.0268379729 -0.0217837319 0.00323126302
      vertex 0.0258197431 -0.0214962978 0.00211716606
      vertex 0.0258197431 -0.021366518 0.0031693771
    endloop
  endfacet
  facet normal -0.382572323 0.916977048 -0.11310003
    outer loop
      vertex 0.0258197431 -0.021366518 0.0031693771
      vertex 0.0258197431 -0.0214962978 0.00211716606
      vertex 0.0248015039 -0.0219160188 0.00215850654
    endloop
  endfacet
  facet normal -0.382575035 0.916976213 -0.113096878
    outer loop
      vertex 0.0258197431 -0.021366518 0.0031693771
      vertex 0.0248015039 -0.0219160188 0.00215850654
      vertex 0.0248015057 -0.0217837077 0.00323126325
    endloop
  endfacet
  facet normal -0.923834205 0.379914373 -0.0468560867
    outer loop
      vertex 0.0248015057 -0.0217837077 0.00323126325
      vertex 0.0248015039 -0.0219160188 0.00215850654
      vertex 0.0243797246 -0.0229293462 0.00225831056
    endloop
  endfacet
  facet normal -0.923834026 0.379914701 -0.0468565449
    outer loop
      vertex 0.0248015057 -0.0217837077 0.00323126325
      vertex 0.0243797246 -0.0229293462 0.00225831056
      vertex 0.0243797265 -0.0227909163 0.00338066905
    endloop
  endfacet
  facet normal -0.923842907 -0.379893035 0.0468569435
    outer loop
      vertex 0.0243797265 -0.0227909163 0.00338066905
      vertex 0.0243797246 -0.0229293462 0.00225831056
      vertex 0.0248014797 -0.023942681 0.00235811458
    endloop
  endfacet
  facet normal -0.923842788 -0.379893243 0.0468571931
    outer loop
      vertex 0.0243797265 -0.0227909163 0.00338066905
      vertex 0.0248014797 -0.023942681 0.00235811458
      vertex 0.0248014815 -0.0237981323 0.00353007484
    endloop
  endfacet
  facet normal -0.382595927 -0.916967332 0.113098681
    outer loop
      vertex 0.0248014815 -0.0237981323 0.00353007484
      vertex 0.0248014797 -0.023942681 0.00235811458
      vertex 0.0258197077 -0.0243624281 0.00239945482
    endloop
  endfacet
  facet normal -0.382596612 -0.916967154 0.113097966
    outer loop
      vertex 0.0248014815 -0.0237981323 0.00353007484
      vertex 0.0258197077 -0.0243624281 0.00239945482
      vertex 0.0258197095 -0.0242153462 0.00359196076
    endloop
  endfacet
  facet normal 0.382573456 -0.921421647 0.067968078
    outer loop
      vertex 0.0258197077 -0.0243624281 0.00239945482
      vertex 0.0258197077 -0.0244508181 0.00120118016
      vertex 0.026837945 -0.0240295734 0.00118048489
    endloop
  endfacet
  facet normal 0.382573634 -0.921421528 0.0679683238
    outer loop
      vertex 0.0258197077 -0.0243624281 0.00239945482
      vertex 0.026837945 -0.0240295734 0.00118048489
      vertex 0.0268379468 -0.0239427052 0.00235811458
    endloop
  endfacet
  facet normal 0.923834264 -0.381755739 0.0281588566
    outer loop
      vertex 0.0268379468 -0.0239427052 0.00235811458
      vertex 0.026837945 -0.0240295734 0.00118048489
      vertex 0.0272597242 -0.0230125692 0.00113052235
    endloop
  endfacet
  facet normal 0.923833907 -0.381756544 0.0281581171
    outer loop
      vertex 0.0268379468 -0.0239427052 0.00235811458
      vertex 0.0272597242 -0.0230125692 0.00113052235
      vertex 0.0272597261 -0.0229293797 0.00225831056
    endloop
  endfacet
  facet normal 0.923842788 0.381735116 -0.028159596
    outer loop
      vertex 0.0272597261 -0.0229293797 0.00225831056
      vertex 0.0272597242 -0.0230125692 0.00113052235
      vertex 0.0268379692 -0.0219955593 0.00108055992
    endloop
  endfacet
  facet normal 0.923843145 0.381733865 -0.0281607658
    outer loop
      vertex 0.0272597261 -0.0229293797 0.00225831056
      vertex 0.0268379692 -0.0219955593 0.00108055992
      vertex 0.0268379711 -0.021916043 0.00215850631
    endloop
  endfacet
  facet normal 0.382596582 0.921411991 -0.0679699928
    outer loop
      vertex 0.0268379711 -0.021916043 0.00215850631
      vertex 0.0268379692 -0.0219955593 0.00108055992
      vertex 0.0258197412 -0.0215742886 0.00105986488
    endloop
  endfacet
  facet normal 0.382594585 0.921413004 -0.0679678246
    outer loop
      vertex 0.0268379711 -0.021916043 0.00215850631
      vertex 0.0258197412 -0.0215742886 0.00105986488
      vertex 0.0258197431 -0.0214962978 0.00211716606
    endloop
  endfacet
  facet normal -0.38257286 0.921422005 -0.0679671392
    outer loop
      vertex 0.0258197431 -0.0214962978 0.00211716606
      vertex 0.0258197412 -0.0215742886 0.00105986488
      vertex 0.024801502 -0.0219955333 0.00108055992
    endloop
  endfacet
  facet normal -0.382572234 0.921422184 -0.0679677874
    outer loop
      vertex 0.0258197431 -0.0214962978 0.00211716606
      vertex 0.024801502 -0.0219955333 0.00108055992
      vertex 0.0248015039 -0.0219160188 0.00215850654
    endloop
  endfacet
  facet normal -0.923834562 0.381754905 -0.0281584561
    outer loop
      vertex 0.0248015039 -0.0219160188 0.00215850654
      vertex 0.024801502 -0.0219955333 0.00108055992
      vertex 0.0243797246 -0.0230125356 0.00113052246
    endloop
  endfacet
  facet normal -0.923834085 0.381755799 -0.0281596035
    outer loop
      vertex 0.0248015039 -0.0219160188 0.00215850654
      vertex 0.0243797246 -0.0230125356 0.00113052246
      vertex 0.0243797246 -0.0229293462 0.00225831056
    endloop
  endfacet
  facet normal -0.923843503 -0.381733149 0.0281579271
    outer loop
      vertex 0.0243797246 -0.0229293462 0.00225831056
      vertex 0.0243797246 -0.0230125356 0.00113052246
      vertex 0.0248014778 -0.0240295473 0.00118048501
    endloop
  endfacet
  facet normal -0.923842907 -0.38173455 0.0281596202
    outer loop
      vertex 0.0243797246 -0.0229293462 0.00225831056
      vertex 0.0248014778 -0.0240295473 0.00118048501
      vertex 0.0248014797 -0.023942681 0.00235811458
    endloop
  endfacet
  facet normal -0.382595956 -0.921412349 0.0679673925
    outer loop
      vertex 0.0248014797 -0.023942681 0.00235811458
      vertex 0.0248014778 -0.0240295473 0.00118048501
      vertex 0.0258197077 -0.0244508181 0.00120118016
    endloop
  endfacet
  facet normal -0.382595986 -0.921412408 0.0679673851
    outer loop
      vertex 0.0248014797 -0.023942681 0.00235811458
      vertex 0.0258197077 -0.0244508181 0.00120118016
      vertex 0.0258197077 -0.0243624281 0.00239945482
    endloop
  endfacet
  facet normal 0.382573128 -0.923646867 0.0226739105
    outer loop
      vertex 0.0258197077 -0.0244508181 0.00120118016
      vertex 0.0258197058 -0.0244803056 4.32878799e-09
      vertex 0.026837945 -0.0240585525 4.20969837e-09
    endloop
  endfacet
  facet normal 0.382573426 -0.923646867 0.0226741452
    outer loop
      vertex 0.0258197077 -0.0244508181 0.00120118016
      vertex 0.026837945 -0.0240585525 4.20969837e-09
      vertex 0.026837945 -0.0240295734 0.00118048489
    endloop
  endfacet
  facet normal 0.923834085 -0.382677853 0.00939416792
    outer loop
      vertex 0.026837945 -0.0240295734 0.00118048489
      vertex 0.026837945 -0.0240585525 4.20969837e-09
      vertex 0.0272597242 -0.0230403226 4.0112087e-09
    endloop
  endfacet
  facet normal 0.923834145 -0.382677555 0.00939446501
    outer loop
      vertex 0.026837945 -0.0240295734 0.00118048489
      vertex 0.0272597242 -0.0230403226 4.0112087e-09
      vertex 0.0272597242 -0.0230125692 0.00113052235
    endloop
  endfacet
  facet normal 0.923842907 0.382656723 -0.0093939472
    outer loop
      vertex 0.0272597242 -0.0230125692 0.00113052235
      vertex 0.0272597242 -0.0230403226 4.0112087e-09
      vertex 0.0268379692 -0.0220220853 3.84959087e-09
    endloop
  endfacet
  facet normal 0.923842788 0.382657081 -0.00939364079
    outer loop
      vertex 0.0272597242 -0.0230125692 0.00113052235
      vertex 0.0268379692 -0.0220220853 3.84959087e-09
      vertex 0.0268379692 -0.0219955593 0.00108055992
    endloop
  endfacet
  facet normal 0.38259697 0.923637092 -0.0226738192
    outer loop
      vertex 0.0268379692 -0.0219955593 0.00108055992
      vertex 0.0268379692 -0.0220220853 3.84959087e-09
      vertex 0.0258197412 -0.021600306 3.81951892e-09
    endloop
  endfacet
  facet normal 0.382596612 0.923637271 -0.022673415
    outer loop
      vertex 0.0268379692 -0.0219955593 0.00108055992
      vertex 0.0258197412 -0.021600306 3.81951892e-09
      vertex 0.0258197412 -0.0215742886 0.00105986488
    endloop
  endfacet
  facet normal -0.382573158 0.923646927 -0.0226736479
    outer loop
      vertex 0.0258197412 -0.0215742886 0.00105986488
      vertex 0.0258197412 -0.021600306 3.81951892e-09
      vertex 0.024801502 -0.0220220592 3.93860811e-09
    endloop
  endfacet
  facet normal -0.3825728 0.923647106 -0.0226740465
    outer loop
      vertex 0.0258197412 -0.0215742886 0.00105986488
      vertex 0.024801502 -0.0220220592 3.93860811e-09
      vertex 0.024801502 -0.0219955333 0.00108055992
    endloop
  endfacet
  facet normal -0.923834085 0.382677853 -0.00939413253
    outer loop
      vertex 0.024801502 -0.0219955333 0.00108055992
      vertex 0.024801502 -0.0220220592 3.93860811e-09
      vertex 0.0243797228 -0.0230402891 4.13709778e-09
    endloop
  endfacet
  facet normal -0.923834562 0.38267681 -0.00939293671
    outer loop
      vertex 0.024801502 -0.0219955333 0.00108055992
      vertex 0.0243797228 -0.0230402891 4.13709778e-09
      vertex 0.0243797246 -0.0230125356 0.00113052246
    endloop
  endfacet
  facet normal -0.923842788 -0.382656693 0.00939546991
    outer loop
      vertex 0.0243797246 -0.0230125356 0.00113052246
      vertex 0.0243797228 -0.0230402891 4.13709778e-09
      vertex 0.0248014778 -0.0240585264 4.29871561e-09
    endloop
  endfacet
  facet normal -0.923843563 -0.382654965 0.00939359888
    outer loop
      vertex 0.0243797246 -0.0230125356 0.00113052246
      vertex 0.0248014778 -0.0240585264 4.29871561e-09
      vertex 0.0248014778 -0.0240295473 0.00118048501
    endloop
  endfacet
  facet normal -0.38259697 -0.923637092 0.0226739068
    outer loop
      vertex 0.0248014778 -0.0240295473 0.00118048501
      vertex 0.0248014778 -0.0240585264 4.29871561e-09
      vertex 0.0258197058 -0.0244803056 4.32878799e-09
    endloop
  endfacet
  facet normal -0.382596016 -0.92363745 0.0226748791
    outer loop
      vertex 0.0248014778 -0.0240295473 0.00118048501
      vertex 0.0258197058 -0.0244803056 4.32878799e-09
      vertex 0.0258197077 -0.0244508181 0.00120118016
    endloop
  endfacet
  facet normal 0.3825728 -0.923647106 -0.0226746537
    outer loop
      vertex 0.0258197058 -0.0244803056 4.32878799e-09
      vertex 0.0258197058 -0.0244508181 -0.00120116409
      vertex 0.026837945 -0.0240295734 -0.00118046929
    endloop
  endfacet
  facet normal 0.382573217 -0.923646927 -0.0226742905
    outer loop
      vertex 0.0258197058 -0.0244803056 4.32878799e-09
      vertex 0.026837945 -0.0240295734 -0.00118046929
      vertex 0.026837945 -0.0240585525 4.20969837e-09
    endloop
  endfacet
  facet normal 0.923834205 -0.382677555 -0.00939421915
    outer loop
      vertex 0.026837945 -0.0240585525 4.20969837e-09
      vertex 0.026837945 -0.0240295734 -0.00118046929
      vertex 0.0272597242 -0.0230125692 -0.00113050756
    endloop
  endfacet
  facet normal 0.923834085 -0.382677883 -0.00939453021
    outer loop
      vertex 0.026837945 -0.0240585525 4.20969837e-09
      vertex 0.0272597242 -0.0230125692 -0.00113050756
      vertex 0.0272597242 -0.0230403226 4.0112087e-09
    endloop
  endfacet
  facet normal 0.923842728 0.382657051 0.00939401239
    outer loop
      vertex 0.0272597242 -0.0230403226 4.0112087e-09
      vertex 0.0272597242 -0.0230125692 -0.00113050756
      vertex 0.0268379692 -0.0219955593 -0.0010805456
    endloop
  endfacet
  facet normal 0.923842788 0.382656693 0.00939368922
    outer loop
      vertex 0.0272597242 -0.0230403226 4.0112087e-09
      vertex 0.0268379692 -0.0219955593 -0.0010805456
      vertex 0.0268379692 -0.0220220853 3.84959087e-09
    endloop
  endfacet
  facet normal 0.382596582 0.923637271 0.0226739626
    outer loop
      vertex 0.0268379692 -0.0220220853 3.84959087e-09
      vertex 0.0268379692 -0.0219955593 -0.0010805456
      vertex 0.0258197412 -0.0215742886 -0.00105985068
    endloop
  endfacet
  facet normal 0.38259697 0.923637033 0.0226735491
    outer loop
      vertex 0.0268379692 -0.0220220853 3.84959087e-09
      vertex 0.0258197412 -0.0215742886 -0.00105985068
      vertex 0.0258197412 -0.021600306 3.81951892e-09
    endloop
  endfacet
  facet normal -0.38257283 0.923647106 0.0226737931
    outer loop
      vertex 0.0258197412 -0.021600306 3.81951892e-09
      vertex 0.0258197412 -0.0215742886 -0.00105985068
      vertex 0.024801502 -0.0219955333 -0.0010805456
    endloop
  endfacet
  facet normal -0.382573217 0.923646986 0.0226741787
    outer loop
      vertex 0.0258197412 -0.021600306 3.81951892e-09
      vertex 0.024801502 -0.0219955333 -0.0010805456
      vertex 0.024801502 -0.0220220592 3.93860811e-09
    endloop
  endfacet
  facet normal -0.923834562 0.38267675 0.0093941614
    outer loop
      vertex 0.024801502 -0.0220220592 3.93860811e-09
      vertex 0.024801502 -0.0219955333 -0.0010805456
      vertex 0.0243797246 -0.0230125356 -0.00113050744
    endloop
  endfacet
  facet normal -0.923834085 0.382677853 0.00939300098
    outer loop
      vertex 0.024801502 -0.0220220592 3.93860811e-09
      vertex 0.0243797246 -0.0230125356 -0.00113050744
      vertex 0.0243797228 -0.0230402891 4.13709778e-09
    endloop
  endfacet
  facet normal -0.923843563 -0.382654905 -0.00939548109
    outer loop
      vertex 0.0243797228 -0.0230402891 4.13709778e-09
      vertex 0.0243797246 -0.0230125356 -0.00113050744
      vertex 0.0248014778 -0.0240295473 -0.00118046917
    endloop
  endfacet
  facet normal -0.923842788 -0.382656723 -0.0093937004
    outer loop
      vertex 0.0243797228 -0.0230402891 4.13709778e-09
      vertex 0.0248014778 -0.0240295473 -0.00118046917
      vertex 0.0248014778 -0.0240585264 4.29871561e-09
    endloop
  endfacet
  facet normal -0.382596612 -0.923637211 -0.0226740502
    outer loop
      vertex 0.0248014778 -0.0240585264 4.29871561e-09
      vertex 0.0248014778 -0.0240295473 -0.00118046917
      vertex 0.0258197058 -0.0244508181 -0.00120116409
    endloop
  endfacet
  facet normal -0.38259691 -0.923637033 -0.0226744059
    outer loop
      vertex 0.0248014778 -0.0240585264 4.29871561e-09
      vertex 0.0258197058 -0.0244508181 -0.00120116409
      vertex 0.0258197058 -0.0244803056 4.32878799e-09
    endloop
  endfacet
  facet normal 0.382572234 -0.921422243 -0.0679668561
    outer loop
      vertex 0.0258197058 -0.0244508181 -0.00120116409
      vertex 0.0258197077 -0.0243624281 -0.00239945063
      vertex 0.0268379468 -0.0239427071 -0.00235811039
    endloop
  endfacet
  facet normal 0.382572889 -0.921422124 -0.0679662526
    outer loop
      vertex 0.0258197058 -0.0244508181 -0.00120116409
      vertex 0.0268379468 -0.0239427071 -0.00235811039
      vertex 0.026837945 -0.0240295734 -0.00118046929
    endloop
  endfacet
  facet normal 0.923834741 -0.381754547 -0.0281578898
    outer loop
      vertex 0.026837945 -0.0240295734 -0.00118046929
      vertex 0.0268379468 -0.0239427071 -0.00235811039
      vertex 0.0272597242 -0.0229293797 -0.00225830637
    endloop
  endfacet
  facet normal 0.923834145 -0.38175571 -0.0281593297
    outer loop
      vertex 0.026837945 -0.0240295734 -0.00118046929
      vertex 0.0272597242 -0.0229293797 -0.00225830637
      vertex 0.0272597242 -0.0230125692 -0.00113050756
    endloop
  endfacet
  facet normal 0.923843503 0.381733298 0.0281576701
    outer loop
      vertex 0.0272597242 -0.0230125692 -0.00113050756
      vertex 0.0272597242 -0.0229293797 -0.00225830637
      vertex 0.0268379711 -0.0219160449 -0.00215850258
    endloop
  endfacet
  facet normal 0.923842669 0.381735086 0.0281599052
    outer loop
      vertex 0.0272597242 -0.0230125692 -0.00113050756
      vertex 0.0268379711 -0.0219160449 -0.00215850258
      vertex 0.0268379692 -0.0219955593 -0.0010805456
    endloop
  endfacet
  facet normal 0.382595956 0.921412349 0.0679677576
    outer loop
      vertex 0.0268379692 -0.0219955593 -0.0010805456
      vertex 0.0268379711 -0.0219160449 -0.00215850258
      vertex 0.0258197431 -0.0214962978 -0.00211716234
    endloop
  endfacet
  facet normal 0.382596552 0.92141211 0.0679670572
    outer loop
      vertex 0.0268379692 -0.0219955593 -0.0010805456
      vertex 0.0258197431 -0.0214962978 -0.00211716234
      vertex 0.0258197412 -0.0215742886 -0.00105985068
    endloop
  endfacet
  facet normal -0.382573664 0.921421766 0.0679664388
    outer loop
      vertex 0.0258197412 -0.0215742886 -0.00105985068
      vertex 0.0258197431 -0.0214962978 -0.00211716234
      vertex 0.0248015039 -0.0219160207 -0.00215850235
    endloop
  endfacet
  facet normal -0.38257286 0.921422064 0.0679655671
    outer loop
      vertex 0.0258197412 -0.0215742886 -0.00105985068
      vertex 0.0248015039 -0.0219160207 -0.00215850235
      vertex 0.024801502 -0.0219955333 -0.0010805456
    endloop
  endfacet
  facet normal -0.923833907 0.381756604 0.028157657
    outer loop
      vertex 0.024801502 -0.0219955333 -0.0010805456
      vertex 0.0248015039 -0.0219160207 -0.00215850235
      vertex 0.0243797246 -0.0229293462 -0.00225830637
    endloop
  endfacet
  facet normal -0.923834562 0.381754845 0.0281592533
    outer loop
      vertex 0.024801502 -0.0219955333 -0.0010805456
      vertex 0.0243797246 -0.0229293462 -0.00225830637
      vertex 0.0243797246 -0.0230125356 -0.00113050744
    endloop
  endfacet
  facet normal -0.923843145 -0.381734163 -0.0281577297
    outer loop
      vertex 0.0243797246 -0.0230125356 -0.00113050744
      vertex 0.0243797246 -0.0229293462 -0.00225830637
      vertex 0.0248014797 -0.0239426829 -0.00235811039
    endloop
  endfacet
  facet normal -0.923843563 -0.381733149 -0.0281586349
    outer loop
      vertex 0.0243797246 -0.0230125356 -0.00113050744
      vertex 0.0248014797 -0.0239426829 -0.00235811039
      vertex 0.0248014778 -0.0240295473 -0.00118046917
    endloop
  endfacet
  facet normal -0.382594526 -0.921413124 -0.0679653212
    outer loop
      vertex 0.0248014778 -0.0240295473 -0.00118046917
      vertex 0.0248014797 -0.0239426829 -0.00235811039
      vertex 0.0258197077 -0.0243624281 -0.00239945063
    endloop
  endfacet
  facet normal -0.382596552 -0.92141211 -0.0679672956
    outer loop
      vertex 0.0248014778 -0.0240295473 -0.00118046917
      vertex 0.0258197077 -0.0243624281 -0.00239945063
      vertex 0.0258197058 -0.0244508181 -0.00120116409
    endloop
  endfacet
  facet normal 0.382572949 -0.916976988 -0.113097981
    outer loop
      vertex 0.0258197077 -0.0243624281 -0.00239945063
      vertex 0.0258197095 -0.0242153462 -0.00359195657
      vertex 0.0268379487 -0.0237981584 -0.00353007065
    endloop
  endfacet
  facet normal 0.382572323 -0.916977227 -0.113098711
    outer loop
      vertex 0.0258197077 -0.0243624281 -0.00239945063
      vertex 0.0268379487 -0.0237981584 -0.00353007065
      vertex 0.0268379468 -0.0239427071 -0.00235811039
    endloop
  endfacet
  facet normal 0.923834622 -0.379913181 -0.0468567424
    outer loop
      vertex 0.0268379468 -0.0239427071 -0.00235811039
      vertex 0.0268379487 -0.0237981584 -0.00353007065
      vertex 0.0272597261 -0.0227909498 -0.00338066509
    endloop
  endfacet
  facet normal 0.923834741 -0.379912913 -0.0468563214
    outer loop
      vertex 0.0268379468 -0.0239427071 -0.00235811039
      vertex 0.0272597261 -0.0227909498 -0.00338066509
      vertex 0.0272597242 -0.0229293797 -0.00225830637
    endloop
  endfacet
  facet normal 0.923843384 0.379891872 0.0468567871
    outer loop
      vertex 0.0272597242 -0.0229293797 -0.00225830637
      vertex 0.0272597261 -0.0227909498 -0.00338066509
      vertex 0.0268379729 -0.0217837337 -0.0032312593
    endloop
  endfacet
  facet normal 0.923843443 0.379891634 0.0468564853
    outer loop
      vertex 0.0272597242 -0.0229293797 -0.00225830637
      vertex 0.0268379729 -0.0217837337 -0.0032312593
      vertex 0.0268379711 -0.0219160449 -0.00215850258
    endloop
  endfacet
  facet normal 0.382597387 0.916966856 0.113097064
    outer loop
      vertex 0.0268379711 -0.0219160449 -0.00215850258
      vertex 0.0268379729 -0.0217837337 -0.0032312593
      vertex 0.0258197431 -0.021366518 -0.00316937338
    endloop
  endfacet
  facet normal 0.382595927 0.916967332 0.113098808
    outer loop
      vertex 0.0268379711 -0.0219160449 -0.00215850258
      vertex 0.0258197431 -0.021366518 -0.00316937338
      vertex 0.0258197431 -0.0214962978 -0.00211716234
    endloop
  endfacet
  facet normal -0.382576406 0.91697526 0.113099806
    outer loop
      vertex 0.0258197431 -0.0214962978 -0.00211716234
      vertex 0.0258197431 -0.021366518 -0.00316937338
      vertex 0.0248015057 -0.0217837095 -0.00323125906
    endloop
  endfacet
  facet normal -0.382573664 0.91697669 0.113096967
    outer loop
      vertex 0.0258197431 -0.0214962978 -0.00211716234
      vertex 0.0248015057 -0.0217837095 -0.00323125906
      vertex 0.0248015039 -0.0219160207 -0.00215850235
    endloop
  endfacet
  facet normal -0.923833787 0.379915327 0.0468562059
    outer loop
      vertex 0.0248015039 -0.0219160207 -0.00215850235
      vertex 0.0248015057 -0.0217837095 -0.00323125906
      vertex 0.0243797265 -0.0227909163 -0.00338066486
    endloop
  endfacet
  facet normal -0.923833966 0.379914939 0.0468565784
    outer loop
      vertex 0.0248015039 -0.0219160207 -0.00215850235
      vertex 0.0243797265 -0.0227909163 -0.00338066486
      vertex 0.0243797246 -0.0229293462 -0.00225830637
    endloop
  endfacet
  facet normal -0.923843086 -0.379892737 -0.0468569025
    outer loop
      vertex 0.0243797246 -0.0229293462 -0.00225830637
      vertex 0.0243797265 -0.0227909163 -0.00338066486
      vertex 0.0248014815 -0.0237981342 -0.00353007065
    endloop
  endfacet
  facet normal -0.923843086 -0.379892439 -0.0468571261
    outer loop
      vertex 0.0243797246 -0.0229293462 -0.00225830637
      vertex 0.0248014815 -0.0237981342 -0.00353007065
      vertex 0.0248014797 -0.0239426829 -0.00235811039
    endloop
  endfacet
  facet normal -0.382595181 -0.91696763 -0.113098718
    outer loop
      vertex 0.0248014797 -0.0239426829 -0.00235811039
      vertex 0.0248014815 -0.0237981342 -0.00353007065
      vertex 0.0258197095 -0.0242153462 -0.00359195657
    endloop
  endfacet
  facet normal -0.382594496 -0.916968048 -0.113098055
    outer loop
      vertex 0.0248014797 -0.0239426829 -0.00235811039
      vertex 0.0258197095 -0.0242153462 -0.00359195657
      vertex 0.0258197077 -0.0243624281 -0.00239945063
    endloop
  endfacet
  facet normal 0.382573098 -0.910323143 -0.157954231
    outer loop
      vertex 0.0258197095 -0.0242153462 -0.00359195657
      vertex 0.0258197114 -0.02400993 -0.00477580866
      vertex 0.0268379506 -0.0235962812 -0.00469352631
    endloop
  endfacet
  facet normal 0.382573038 -0.910323203 -0.157954291
    outer loop
      vertex 0.0258197095 -0.0242153462 -0.00359195657
      vertex 0.0268379506 -0.0235962812 -0.00469352631
      vertex 0.0268379487 -0.0237981584 -0.00353007065
    endloop
  endfacet
  facet normal 0.923834622 -0.377156526 -0.0654409006
    outer loop
      vertex 0.0268379487 -0.0237981584 -0.00353007065
      vertex 0.0268379506 -0.0235962812 -0.00469352631
      vertex 0.0272597279 -0.0225976165 -0.00449487893
    endloop
  endfacet
  facet normal 0.923834622 -0.377156585 -0.0654409453
    outer loop
      vertex 0.0268379487 -0.0237981584 -0.00353007065
      vertex 0.0272597279 -0.0225976165 -0.00449487893
      vertex 0.0272597261 -0.0227909498 -0.00338066509
    endloop
  endfacet
  facet normal 0.923843384 0.377135098 0.0654402897
    outer loop
      vertex 0.0272597261 -0.0227909498 -0.00338066509
      vertex 0.0272597279 -0.0225976165 -0.00449487893
      vertex 0.0268379748 -0.0215989444 -0.00429623155
    endloop
  endfacet
  facet normal 0.923843384 0.377135247 0.0654404461
    outer loop
      vertex 0.0272597261 -0.0227909498 -0.00338066509
      vertex 0.0268379748 -0.0215989444 -0.00429623155
      vertex 0.0268379729 -0.0217837337 -0.0032312593
    endloop
  endfacet
  facet normal 0.382596046 0.910313487 0.157954246
    outer loop
      vertex 0.0268379729 -0.0217837337 -0.0032312593
      vertex 0.0268379748 -0.0215989444 -0.00429623155
      vertex 0.0258197449 -0.0211852696 -0.00421394873
    endloop
  endfacet
  facet normal 0.382597357 0.910313308 0.157952726
    outer loop
      vertex 0.0268379729 -0.0217837337 -0.0032312593
      vertex 0.0258197449 -0.0211852696 -0.00421394873
      vertex 0.0258197431 -0.021366518 -0.00316937338
    endloop
  endfacet
  facet normal -0.382575154 0.910322487 0.157952994
    outer loop
      vertex 0.0258197431 -0.021366518 -0.00316937338
      vertex 0.0258197449 -0.0211852696 -0.00421394873
      vertex 0.0248015076 -0.0215989202 -0.00429623155
    endloop
  endfacet
  facet normal -0.382576466 0.910321772 0.157954335
    outer loop
      vertex 0.0258197431 -0.021366518 -0.00316937338
      vertex 0.0248015076 -0.0215989202 -0.00429623155
      vertex 0.0248015057 -0.0217837095 -0.00323125906
    endloop
  endfacet
  facet normal -0.923833787 0.377158523 0.0654412583
    outer loop
      vertex 0.0248015057 -0.0217837095 -0.00323125906
      vertex 0.0248015076 -0.0215989202 -0.00429623155
      vertex 0.0243797284 -0.022597583 -0.00449487893
    endloop
  endfacet
  facet normal -0.923833787 0.377158523 0.0654412583
    outer loop
      vertex 0.0248015057 -0.0217837095 -0.00323125906
      vertex 0.0243797284 -0.022597583 -0.00449487893
      vertex 0.0243797265 -0.0227909163 -0.00338066486
    endloop
  endfacet
  facet normal -0.923843026 -0.377135992 -0.0654404312
    outer loop
      vertex 0.0243797265 -0.0227909163 -0.00338066486
      vertex 0.0243797284 -0.022597583 -0.00449487893
      vertex 0.0248014834 -0.023596257 -0.00469352584
    endloop
  endfacet
  facet normal -0.923843026 -0.377136111 -0.0654403344
    outer loop
      vertex 0.0243797265 -0.0227909163 -0.00338066486
      vertex 0.0248014834 -0.023596257 -0.00469352584
      vertex 0.0248014815 -0.0237981342 -0.00353007065
    endloop
  endfacet
  facet normal -0.382595271 -0.910313964 -0.157953948
    outer loop
      vertex 0.0248014815 -0.0237981342 -0.00353007065
      vertex 0.0248014834 -0.023596257 -0.00469352584
      vertex 0.0258197114 -0.02400993 -0.00477580866
    endloop
  endfacet
  facet normal -0.382595122 -0.910314023 -0.157953843
    outer loop
      vertex 0.0248014815 -0.0237981342 -0.00353007065
      vertex 0.0258197114 -0.02400993 -0.00477580866
      vertex 0.0258197095 -0.0242153462 -0.00359195657
    endloop
  endfacet
  facet normal 0.382573277 -0.901475787 -0.202433005
    outer loop
      vertex 0.0258197114 -0.02400993 -0.00477580866
      vertex 0.0258197151 -0.0237466693 -0.00594815565
      vertex 0.0268379543 -0.023337556 -0.00584567524
    endloop
  endfacet
  facet normal 0.382573217 -0.901475847 -0.20243305
    outer loop
      vertex 0.0258197114 -0.02400993 -0.00477580866
      vertex 0.0268379543 -0.023337556 -0.00584567524
      vertex 0.0268379506 -0.0235962812 -0.00469352631
    endloop
  endfacet
  facet normal 0.923834324 -0.373491943 -0.0838679075
    outer loop
      vertex 0.0268379506 -0.0235962812 -0.00469352631
      vertex 0.0268379543 -0.023337556 -0.00584567524
      vertex 0.0272597317 -0.0223498438 -0.00559826428
    endloop
  endfacet
  facet normal 0.923834682 -0.373491377 -0.0838669389
    outer loop
      vertex 0.0268379506 -0.0235962812 -0.00469352631
      vertex 0.0272597317 -0.0223498438 -0.00559826428
      vertex 0.0272597279 -0.0225976165 -0.00449487893
    endloop
  endfacet
  facet normal 0.923843026 0.373470396 0.0838684738
    outer loop
      vertex 0.0272597279 -0.0225976165 -0.00449487893
      vertex 0.0272597317 -0.0223498438 -0.00559826428
      vertex 0.0268379766 -0.0213621203 -0.00535085378
    endloop
  endfacet
  facet normal 0.923843443 0.37346974 0.0838673264
    outer loop
      vertex 0.0272597279 -0.0225976165 -0.00449487893
      vertex 0.0268379766 -0.0213621203 -0.00535085378
      vertex 0.0268379748 -0.0215989444 -0.00429623155
    endloop
  endfacet
  facet normal 0.382598042 0.901465416 0.2024322
    outer loop
      vertex 0.0268379748 -0.0215989444 -0.00429623155
      vertex 0.0268379766 -0.0213621203 -0.00535085378
      vertex 0.0258197486 -0.0209529791 -0.00524837291
    endloop
  endfacet
  facet normal 0.382595927 0.901465714 0.202434704
    outer loop
      vertex 0.0268379748 -0.0215989444 -0.00429623155
      vertex 0.0258197486 -0.0209529791 -0.00524837291
      vertex 0.0258197449 -0.0211852696 -0.00421394873
    endloop
  endfacet
  facet normal -0.382576168 0.901474297 0.202433854
    outer loop
      vertex 0.0258197449 -0.0211852696 -0.00421394873
      vertex 0.0258197486 -0.0209529791 -0.00524837291
      vertex 0.0248015095 -0.0213620961 -0.00535085378
    endloop
  endfacet
  facet normal -0.382575274 0.901474893 0.202432975
    outer loop
      vertex 0.0258197449 -0.0211852696 -0.00421394873
      vertex 0.0248015095 -0.0213620961 -0.00535085378
      vertex 0.0248015076 -0.0215989202 -0.00429623155
    endloop
  endfacet
  facet normal -0.923834383 0.373491675 0.0838690177
    outer loop
      vertex 0.0248015076 -0.0215989202 -0.00429623155
      vertex 0.0248015095 -0.0213620961 -0.00535085378
      vertex 0.0243797321 -0.0223498084 -0.00559826428
    endloop
  endfacet
  facet normal -0.923833847 0.373493195 0.083867982
    outer loop
      vertex 0.0248015076 -0.0215989202 -0.00429623155
      vertex 0.0243797321 -0.0223498084 -0.00559826428
      vertex 0.0243797284 -0.022597583 -0.00449487893
    endloop
  endfacet
  facet normal -0.923843622 -0.373468846 -0.0838687569
    outer loop
      vertex 0.0243797284 -0.022597583 -0.00449487893
      vertex 0.0243797321 -0.0223498084 -0.00559826428
      vertex 0.0248014852 -0.0233375318 -0.00584567478
    endloop
  endfacet
  facet normal -0.923843026 -0.373470634 -0.0838676021
    outer loop
      vertex 0.0243797284 -0.022597583 -0.00449487893
      vertex 0.0248014852 -0.0233375318 -0.00584567478
      vertex 0.0248014834 -0.023596257 -0.00469352584
    endloop
  endfacet
  facet normal -0.382594645 -0.901466727 -0.202432871
    outer loop
      vertex 0.0248014834 -0.023596257 -0.00469352584
      vertex 0.0248014852 -0.0233375318 -0.00584567478
      vertex 0.0258197151 -0.0237466693 -0.00594815565
    endloop
  endfacet
  facet normal -0.382595122 -0.90146637 -0.202433303
    outer loop
      vertex 0.0248014834 -0.023596257 -0.00469352584
      vertex 0.0258197151 -0.0237466693 -0.00594815565
      vertex 0.0258197114 -0.02400993 -0.00477580866
    endloop
  endfacet
  facet normal 0.382573783 -0.890457332 -0.246420681
    outer loop
      vertex 0.0258197151 -0.0237466693 -0.00594815565
      vertex 0.0258197188 -0.0234262068 -0.00710616214
      vertex 0.026837958 -0.0230226144 -0.00698373001
    endloop
  endfacet
  facet normal 0.382573426 -0.890457332 -0.246421039
    outer loop
      vertex 0.0258197151 -0.0237466693 -0.00594815565
      vertex 0.026837958 -0.0230226144 -0.00698373001
      vertex 0.0268379543 -0.023337556 -0.00584567524
    endloop
  endfacet
  facet normal 0.923834443 -0.368926972 -0.102092639
    outer loop
      vertex 0.0268379543 -0.023337556 -0.00584567524
      vertex 0.026837958 -0.0230226144 -0.00698373001
      vertex 0.0272597354 -0.0220482312 -0.00668815291
    endloop
  endfacet
  facet normal 0.923834383 -0.368926913 -0.102092572
    outer loop
      vertex 0.0268379543 -0.023337556 -0.00584567524
      vertex 0.0272597354 -0.0220482312 -0.00668815291
      vertex 0.0272597317 -0.0223498438 -0.00559826428
    endloop
  endfacet
  facet normal 0.923843086 0.368905157 0.10209287
    outer loop
      vertex 0.0272597317 -0.0223498438 -0.00559826428
      vertex 0.0272597354 -0.0220482312 -0.00668815291
      vertex 0.0268379804 -0.0210738368 -0.00639257533
    endloop
  endfacet
  facet normal 0.923843026 0.368905336 0.102093279
    outer loop
      vertex 0.0272597317 -0.0223498438 -0.00559826428
      vertex 0.0268379804 -0.0210738368 -0.00639257533
      vertex 0.0268379766 -0.0213621203 -0.00535085378
    endloop
  endfacet
  facet normal 0.38259685 0.890447199 0.246421531
    outer loop
      vertex 0.0268379766 -0.0213621203 -0.00535085378
      vertex 0.0268379804 -0.0210738368 -0.00639257533
      vertex 0.0258197524 -0.0206702184 -0.0062701432
    endloop
  endfacet
  facet normal 0.382597923 0.890447021 0.24642019
    outer loop
      vertex 0.0268379766 -0.0213621203 -0.00535085378
      vertex 0.0258197524 -0.0206702184 -0.0062701432
      vertex 0.0258197486 -0.0209529791 -0.00524837291
    endloop
  endfacet
  facet normal -0.382575154 0.890456855 0.24642016
    outer loop
      vertex 0.0258197486 -0.0209529791 -0.00524837291
      vertex 0.0258197524 -0.0206702184 -0.0062701432
      vertex 0.0248015132 -0.0210738126 -0.00639257533
    endloop
  endfacet
  facet normal -0.382576287 0.890456021 0.246421233
    outer loop
      vertex 0.0258197486 -0.0209529791 -0.00524837291
      vertex 0.0248015132 -0.0210738126 -0.00639257533
      vertex 0.0248015095 -0.0213620961 -0.00535085378
    endloop
  endfacet
  facet normal -0.923834443 0.368926883 0.102092609
    outer loop
      vertex 0.0248015095 -0.0213620961 -0.00535085378
      vertex 0.0248015132 -0.0210738126 -0.00639257533
      vertex 0.0243797358 -0.0220481958 -0.00668815291
    endloop
  endfacet
  facet normal -0.923834383 0.368926942 0.102092579
    outer loop
      vertex 0.0248015095 -0.0213620961 -0.00535085378
      vertex 0.0243797358 -0.0220481958 -0.00668815291
      vertex 0.0243797321 -0.0223498084 -0.00559826428
    endloop
  endfacet
  facet normal -0.923843682 -0.368903846 -0.102092505
    outer loop
      vertex 0.0243797321 -0.0223498084 -0.00559826428
      vertex 0.0243797358 -0.0220481958 -0.00668815291
      vertex 0.024801489 -0.0230225902 -0.00698372955
    endloop
  endfacet
  facet normal -0.923843503 -0.368904114 -0.102092355
    outer loop
      vertex 0.0243797321 -0.0223498084 -0.00559826428
      vertex 0.024801489 -0.0230225902 -0.00698372955
      vertex 0.0248014852 -0.0233375318 -0.00584567478
    endloop
  endfacet
  facet normal -0.382594913 -0.890448093 -0.246420994
    outer loop
      vertex 0.0248014852 -0.0233375318 -0.00584567478
      vertex 0.024801489 -0.0230225902 -0.00698372955
      vertex 0.0258197188 -0.0234262068 -0.00710616214
    endloop
  endfacet
  facet normal -0.382594526 -0.890448332 -0.246420696
    outer loop
      vertex 0.0248014852 -0.0233375318 -0.00584567478
      vertex 0.0258197188 -0.0234262068 -0.00710616214
      vertex 0.0258197151 -0.0237466693 -0.00594815565
    endloop
  endfacet
  facet normal 0.38257429 -0.877293229 -0.28981629
    outer loop
      vertex 0.0258197188 -0.0234262068 -0.00710616214
      vertex 0.0258197226 -0.0230493061 -0.0082470607
      vertex 0.0268379617 -0.0226522069 -0.00810497161
    endloop
  endfacet
  facet normal 0.382573903 -0.877293289 -0.289816678
    outer loop
      vertex 0.0258197188 -0.0234262068 -0.00710616214
      vertex 0.0268379617 -0.0226522069 -0.00810497161
      vertex 0.026837958 -0.0230226144 -0.00698373001
    endloop
  endfacet
  facet normal 0.923834383 -0.363473356 -0.120072082
    outer loop
      vertex 0.026837958 -0.0230226144 -0.00698373001
      vertex 0.0268379617 -0.0226522069 -0.00810497161
      vertex 0.0272597391 -0.0216935016 -0.00776193943
    endloop
  endfacet
  facet normal 0.923834503 -0.363473088 -0.120071553
    outer loop
      vertex 0.026837958 -0.0230226144 -0.00698373001
      vertex 0.0272597391 -0.0216935016 -0.00776193943
      vertex 0.0272597354 -0.0220482312 -0.00668815291
    endloop
  endfacet
  facet normal 0.923843205 0.363451213 0.120070726
    outer loop
      vertex 0.0272597354 -0.0220482312 -0.00668815291
      vertex 0.0272597391 -0.0216935016 -0.00776193943
      vertex 0.0268379841 -0.0207347833 -0.00741890678
    endloop
  endfacet
  facet normal 0.923843026 0.363451421 0.120071307
    outer loop
      vertex 0.0272597354 -0.0220482312 -0.00668815291
      vertex 0.0268379841 -0.0207347833 -0.00741890678
      vertex 0.0268379804 -0.0210738368 -0.00639257533
    endloop
  endfacet
  facet normal 0.38259697 0.877283335 0.289816201
    outer loop
      vertex 0.0268379804 -0.0210738368 -0.00639257533
      vertex 0.0268379841 -0.0207347833 -0.00741890678
      vertex 0.0258197561 -0.020337658 -0.00727681816
    endloop
  endfacet
  facet normal 0.382596672 0.877283394 0.289816618
    outer loop
      vertex 0.0268379804 -0.0210738368 -0.00639257533
      vertex 0.0258197561 -0.020337658 -0.00727681816
      vertex 0.0258197524 -0.0206702184 -0.0062701432
    endloop
  endfacet
  facet normal -0.382575572 0.877292514 0.289816797
    outer loop
      vertex 0.0258197524 -0.0206702184 -0.0062701432
      vertex 0.0258197561 -0.020337658 -0.00727681816
      vertex 0.0248015169 -0.020734759 -0.00741890678
    endloop
  endfacet
  facet normal -0.382575244 0.877292752 0.289816529
    outer loop
      vertex 0.0258197524 -0.0206702184 -0.0062701432
      vertex 0.0248015169 -0.020734759 -0.00741890678
      vertex 0.0248015132 -0.0210738126 -0.00639257533
    endloop
  endfacet
  facet normal -0.923834562 0.36347279 0.120071657
    outer loop
      vertex 0.0248015132 -0.0210738126 -0.00639257533
      vertex 0.0248015169 -0.020734759 -0.00741890678
      vertex 0.0243797395 -0.0216934662 -0.00776193943
    endloop
  endfacet
  facet normal -0.923834443 0.363473028 0.120071553
    outer loop
      vertex 0.0248015132 -0.0210738126 -0.00639257533
      vertex 0.0243797395 -0.0216934662 -0.00776193943
      vertex 0.0243797358 -0.0220481958 -0.00668815291
    endloop
  endfacet
  facet normal -0.923842967 -0.363451779 -0.120070919
    outer loop
      vertex 0.0243797358 -0.0220481958 -0.00668815291
      vertex 0.0243797395 -0.0216934662 -0.00776193943
      vertex 0.0248014946 -0.0226521827 -0.00810497161
    endloop
  endfacet
  facet normal -0.923843503 -0.363449782 -0.120071933
    outer loop
      vertex 0.0243797358 -0.0220481958 -0.00668815291
      vertex 0.0248014946 -0.0226521827 -0.00810497161
      vertex 0.024801489 -0.0230225902 -0.00698372955
    endloop
  endfacet
  facet normal -0.382595718 -0.877283752 -0.289816648
    outer loop
      vertex 0.024801489 -0.0230225902 -0.00698372955
      vertex 0.0248014946 -0.0226521827 -0.00810497161
      vertex 0.0258197226 -0.0230493061 -0.0082470607
    endloop
  endfacet
  facet normal -0.382594824 -0.877284467 -0.289815873
    outer loop
      vertex 0.024801489 -0.0230225902 -0.00698372955
      vertex 0.0258197226 -0.0230493061 -0.0082470607
      vertex 0.0258197188 -0.0234262068 -0.00710616214
    endloop
  endfacet
  facet normal 0.382574201 -0.862015486 -0.33251518
    outer loop
      vertex 0.0258197226 -0.0230493061 -0.0082470607
      vertex 0.0258197282 -0.02261688 -0.00936807971
      vertex 0.0268379673 -0.0222272314 -0.00920667686
    endloop
  endfacet
  facet normal 0.382574499 -0.862015486 -0.332514822
    outer loop
      vertex 0.0258197226 -0.0230493061 -0.0082470607
      vertex 0.0268379673 -0.0222272314 -0.00920667686
      vertex 0.0268379617 -0.0226522069 -0.00810497161
    endloop
  endfacet
  facet normal 0.923834383 -0.357143939 -0.137761235
    outer loop
      vertex 0.0268379617 -0.0226522069 -0.00810497161
      vertex 0.0268379673 -0.0222272314 -0.00920667686
      vertex 0.0272597447 -0.0212865118 -0.00881701615
    endloop
  endfacet
  facet normal 0.923834383 -0.357143998 -0.137761399
    outer loop
      vertex 0.0268379617 -0.0226522069 -0.00810497161
      vertex 0.0272597447 -0.0212865118 -0.00881701615
      vertex 0.0272597391 -0.0216935016 -0.00776193943
    endloop
  endfacet
  facet normal 0.923843086 0.35712114 0.137762338
    outer loop
      vertex 0.0272597391 -0.0216935016 -0.00776193943
      vertex 0.0272597447 -0.0212865118 -0.00881701615
      vertex 0.0268379897 -0.020345781 -0.00842735544
    endloop
  endfacet
  facet normal 0.923843086 0.35712111 0.137762159
    outer loop
      vertex 0.0272597391 -0.0216935016 -0.00776193943
      vertex 0.0268379897 -0.020345781 -0.00842735544
      vertex 0.0268379841 -0.0207347833 -0.00741890678
    endloop
  endfacet
  facet normal 0.382596046 0.86200583 0.332515031
    outer loop
      vertex 0.0268379841 -0.0207347833 -0.00741890678
      vertex 0.0268379897 -0.020345781 -0.00842735544
      vertex 0.0258197598 -0.0199561063 -0.00826595258
    endloop
  endfacet
  facet normal 0.382596791 0.86200583 0.332514107
    outer loop
      vertex 0.0268379841 -0.0207347833 -0.00741890678
      vertex 0.0258197598 -0.0199561063 -0.00826595258
      vertex 0.0258197561 -0.020337658 -0.00727681816
    endloop
  endfacet
  facet normal -0.382576108 0.862014771 0.332514733
    outer loop
      vertex 0.0258197561 -0.020337658 -0.00727681816
      vertex 0.0258197598 -0.0199561063 -0.00826595258
      vertex 0.0248015225 -0.0203457568 -0.00842735544
    endloop
  endfacet
  facet normal -0.382575721 0.862015069 0.332514375
    outer loop
      vertex 0.0258197561 -0.020337658 -0.00727681816
      vertex 0.0248015225 -0.0203457568 -0.00842735544
      vertex 0.0248015169 -0.020734759 -0.00741890678
    endloop
  endfacet
  facet normal -0.923834503 0.357144147 0.137760818
    outer loop
      vertex 0.0248015169 -0.020734759 -0.00741890678
      vertex 0.0248015225 -0.0203457568 -0.00842735544
      vertex 0.0243797451 -0.0212864764 -0.00881701615
    endloop
  endfacet
  facet normal -0.923834682 0.357143462 0.137761161
    outer loop
      vertex 0.0248015169 -0.020734759 -0.00741890678
      vertex 0.0243797451 -0.0212864764 -0.00881701615
      vertex 0.0243797395 -0.0216934662 -0.00776193943
    endloop
  endfacet
  facet normal -0.923843026 -0.35712117 -0.137762353
    outer loop
      vertex 0.0243797395 -0.0216934662 -0.00776193943
      vertex 0.0243797451 -0.0212864764 -0.00881701615
      vertex 0.0248015001 -0.0222272072 -0.00920667686
    endloop
  endfacet
  facet normal -0.923842907 -0.357121795 -0.13776207
    outer loop
      vertex 0.0243797395 -0.0216934662 -0.00776193943
      vertex 0.0248015001 -0.0222272072 -0.00920667686
      vertex 0.0248014946 -0.0226521827 -0.00810497161
    endloop
  endfacet
  facet normal -0.382595301 -0.862006128 -0.332515121
    outer loop
      vertex 0.0248014946 -0.0226521827 -0.00810497161
      vertex 0.0248015001 -0.0222272072 -0.00920667686
      vertex 0.0258197282 -0.02261688 -0.00936807971
    endloop
  endfacet
  facet normal -0.382595599 -0.862005889 -0.332515329
    outer loop
      vertex 0.0248014946 -0.0226521827 -0.00810497161
      vertex 0.0258197282 -0.02261688 -0.00936807971
      vertex 0.0258197226 -0.0230493061 -0.0082470607
    endloop
  endfacet
  facet normal 0.382575452 -0.844662488 -0.374408036
    outer loop
      vertex 0.0258197282 -0.02261688 -0.00936807971
      vertex 0.0258197337 -0.0221299697 -0.0104665412
      vertex 0.0268379729 -0.0217487086 -0.0102862129
    endloop
  endfacet
  facet normal 0.382574439 -0.844662488 -0.374409109
    outer loop
      vertex 0.0258197282 -0.02261688 -0.00936807971
      vertex 0.0268379729 -0.0217487086 -0.0102862129
      vertex 0.0268379673 -0.0222272314 -0.00920667686
    endloop
  endfacet
  facet normal 0.923834443 -0.349954307 -0.155118465
    outer loop
      vertex 0.0268379673 -0.0222272314 -0.00920667686
      vertex 0.0268379729 -0.0217487086 -0.0102862129
      vertex 0.0272597503 -0.0208282415 -0.0098508615
    endloop
  endfacet
  facet normal 0.923834503 -0.349954307 -0.15511848
    outer loop
      vertex 0.0268379673 -0.0222272314 -0.00920667686
      vertex 0.0272597503 -0.0208282415 -0.0098508615
      vertex 0.0272597447 -0.0212865118 -0.00881701615
    endloop
  endfacet
  facet normal 0.923843026 0.349931747 0.155118436
    outer loop
      vertex 0.0272597447 -0.0212865118 -0.00881701615
      vertex 0.0272597503 -0.0208282415 -0.0098508615
      vertex 0.0268379953 -0.0199077632 -0.00941551104
    endloop
  endfacet
  facet normal 0.923842967 0.349931896 0.155118838
    outer loop
      vertex 0.0272597447 -0.0212865118 -0.00881701615
      vertex 0.0268379953 -0.0199077632 -0.00941551104
      vertex 0.0268379897 -0.020345781 -0.00842735544
    endloop
  endfacet
  facet normal 0.382595628 0.844652653 0.374409676
    outer loop
      vertex 0.0268379897 -0.020345781 -0.00842735544
      vertex 0.0268379953 -0.0199077632 -0.00941551104
      vertex 0.0258197654 -0.0195264779 -0.00923518278
    endloop
  endfacet
  facet normal 0.382595807 0.844652593 0.374409407
    outer loop
      vertex 0.0268379897 -0.020345781 -0.00842735544
      vertex 0.0258197654 -0.0195264779 -0.00923518278
      vertex 0.0258197598 -0.0199561063 -0.00826595258
    endloop
  endfacet
  facet normal -0.382575423 0.844661951 0.374409139
    outer loop
      vertex 0.0258197598 -0.0199561063 -0.00826595258
      vertex 0.0258197654 -0.0195264779 -0.00923518278
      vertex 0.0248015262 -0.019907739 -0.00941551104
    endloop
  endfacet
  facet normal -0.382576346 0.844661295 0.374409884
    outer loop
      vertex 0.0258197598 -0.0199561063 -0.00826595258
      vertex 0.0248015262 -0.019907739 -0.00941551104
      vertex 0.0248015225 -0.0203457568 -0.00842735544
    endloop
  endfacet
  facet normal -0.923835099 0.349952519 0.15511927
    outer loop
      vertex 0.0248015225 -0.0203457568 -0.00842735544
      vertex 0.0248015262 -0.019907739 -0.00941551104
      vertex 0.0243797507 -0.0208282061 -0.0098508615
    endloop
  endfacet
  facet normal -0.923834503 0.349954307 0.15511848
    outer loop
      vertex 0.0248015225 -0.0203457568 -0.00842735544
      vertex 0.0243797507 -0.0208282061 -0.0098508615
      vertex 0.0243797451 -0.0212864764 -0.00881701615
    endloop
  endfacet
  facet normal -0.923843205 -0.349931628 -0.155118406
    outer loop
      vertex 0.0243797451 -0.0212864764 -0.00881701615
      vertex 0.0243797507 -0.0208282061 -0.0098508615
      vertex 0.0248015057 -0.0217486843 -0.0102862129
    endloop
  endfacet
  facet normal -0.923842967 -0.349932134 -0.155118212
    outer loop
      vertex 0.0243797451 -0.0212864764 -0.00881701615
      vertex 0.0248015057 -0.0217486843 -0.0102862129
      vertex 0.0248015001 -0.0222272072 -0.00920667686
    endloop
  endfacet
  facet normal -0.382596225 -0.844652772 -0.374408782
    outer loop
      vertex 0.0248015001 -0.0222272072 -0.00920667686
      vertex 0.0248015057 -0.0217486843 -0.0102862129
      vertex 0.0258197337 -0.0221299697 -0.0104665412
    endloop
  endfacet
  facet normal -0.382595122 -0.844653547 -0.374407917
    outer loop
      vertex 0.0248015001 -0.0222272072 -0.00920667686
      vertex 0.0258197337 -0.0221299697 -0.0104665412
      vertex 0.0258197282 -0.02261688 -0.00936807971
    endloop
  endfacet
  facet normal 0.382576317 -0.825272441 -0.41540432
    outer loop
      vertex 0.0258197337 -0.0221299697 -0.0104665412
      vertex 0.0258197412 -0.021589743 -0.011539788
      vertex 0.0268379785 -0.0212177895 -0.0113409683
    endloop
  endfacet
  facet normal 0.382575691 -0.825272381 -0.415405035
    outer loop
      vertex 0.0258197337 -0.0221299697 -0.0104665412
      vertex 0.0268379785 -0.0212177895 -0.0113409683
      vertex 0.0268379729 -0.0217487086 -0.0102862129
    endloop
  endfacet
  facet normal 0.923834682 -0.341920912 -0.172103569
    outer loop
      vertex 0.0268379729 -0.0217487086 -0.0102862129
      vertex 0.0268379785 -0.0212177895 -0.0113409683
      vertex 0.0272597559 -0.0203197915 -0.0108609768
    endloop
  endfacet
  facet normal 0.923834622 -0.341920942 -0.172103658
    outer loop
      vertex 0.0268379729 -0.0217487086 -0.0102862129
      vertex 0.0272597559 -0.0203197915 -0.0108609768
      vertex 0.0272597503 -0.0208282415 -0.0098508615
    endloop
  endfacet
  facet normal 0.923843086 0.34189862 0.17210266
    outer loop
      vertex 0.0272597503 -0.0208282415 -0.0098508615
      vertex 0.0272597559 -0.0203197915 -0.0108609768
      vertex 0.0268380009 -0.0194217842 -0.0103809843
    endloop
  endfacet
  facet normal 0.923843026 0.34189871 0.172102913
    outer loop
      vertex 0.0272597503 -0.0208282415 -0.0098508615
      vertex 0.0268380009 -0.0194217842 -0.0103809843
      vertex 0.0268379953 -0.0199077632 -0.00941551104
    endloop
  endfacet
  facet normal 0.382595211 0.825263202 0.415405333
    outer loop
      vertex 0.0268379953 -0.0199077632 -0.00941551104
      vertex 0.0268380009 -0.0194217842 -0.0103809843
      vertex 0.025819771 -0.0190498065 -0.0101821655
    endloop
  endfacet
  facet normal 0.38259539 0.825263262 0.415405184
    outer loop
      vertex 0.0268379953 -0.0199077632 -0.00941551104
      vertex 0.025819771 -0.0190498065 -0.0101821655
      vertex 0.0258197654 -0.0195264779 -0.00923518278
    endloop
  endfacet
  facet normal -0.382576048 0.825272262 0.415405154
    outer loop
      vertex 0.0258197654 -0.0195264779 -0.00923518278
      vertex 0.025819771 -0.0190498065 -0.0101821655
      vertex 0.0248015337 -0.01942176 -0.0103809843
    endloop
  endfacet
  facet normal -0.382575661 0.825272501 0.415404826
    outer loop
      vertex 0.0258197654 -0.0195264779 -0.00923518278
      vertex 0.0248015337 -0.01942176 -0.0103809843
      vertex 0.0248015262 -0.019907739 -0.00941551104
    endloop
  endfacet
  facet normal -0.923834503 0.341922075 0.172102198
    outer loop
      vertex 0.0248015262 -0.019907739 -0.00941551104
      vertex 0.0248015337 -0.01942176 -0.0103809843
      vertex 0.0243797563 -0.0203197561 -0.0108609768
    endloop
  endfacet
  facet normal -0.923835218 0.34191978 0.172103047
    outer loop
      vertex 0.0248015262 -0.019907739 -0.00941551104
      vertex 0.0243797563 -0.0203197561 -0.0108609768
      vertex 0.0243797507 -0.0208282061 -0.0098508615
    endloop
  endfacet
  facet normal -0.923843265 -0.341898263 -0.172102466
    outer loop
      vertex 0.0243797507 -0.0208282061 -0.0098508615
      vertex 0.0243797563 -0.0203197561 -0.0108609768
      vertex 0.0248015113 -0.0212177653 -0.0113409683
    endloop
  endfacet
  facet normal -0.923843026 -0.341898918 -0.172102258
    outer loop
      vertex 0.0243797507 -0.0208282061 -0.0098508615
      vertex 0.0248015113 -0.0212177653 -0.0113409683
      vertex 0.0248015057 -0.0217486843 -0.0102862129
    endloop
  endfacet
  facet normal -0.382595539 -0.825263441 -0.415404588
    outer loop
      vertex 0.0248015057 -0.0217486843 -0.0102862129
      vertex 0.0248015113 -0.0212177653 -0.0113409683
      vertex 0.0258197412 -0.021589743 -0.011539788
    endloop
  endfacet
  facet normal -0.382595986 -0.825263023 -0.415404916
    outer loop
      vertex 0.0248015057 -0.0217486843 -0.0102862129
      vertex 0.0258197412 -0.021589743 -0.011539788
      vertex 0.0258197337 -0.0221299697 -0.0104665412
    endloop
  endfacet
  facet normal 0.382575989 -0.803894699 -0.455399781
    outer loop
      vertex 0.0258197412 -0.021589743 -0.011539788
      vertex 0.0258197468 -0.0209975038 -0.0125852339
      vertex 0.026837986 -0.0206357539 -0.0123684024
    endloop
  endfacet
  facet normal 0.382576555 -0.803894818 -0.455399066
    outer loop
      vertex 0.0258197412 -0.021589743 -0.011539788
      vertex 0.026837986 -0.0206357539 -0.0123684024
      vertex 0.0268379785 -0.0212177895 -0.0113409683
    endloop
  endfacet
  facet normal 0.923834503 -0.333065122 -0.188672796
    outer loop
      vertex 0.0268379785 -0.0212177895 -0.0113409683
      vertex 0.026837986 -0.0206357539 -0.0123684024
      vertex 0.0272597633 -0.0197623912 -0.0118449256
    endloop
  endfacet
  facet normal 0.923834801 -0.333064884 -0.188672021
    outer loop
      vertex 0.0268379785 -0.0212177895 -0.0113409683
      vertex 0.0272597633 -0.0197623912 -0.0118449256
      vertex 0.0272597559 -0.0203197915 -0.0108609768
    endloop
  endfacet
  facet normal 0.92384243 0.333042681 0.188673377
    outer loop
      vertex 0.0272597559 -0.0203197915 -0.0108609768
      vertex 0.0272597633 -0.0197623912 -0.0118449256
      vertex 0.0268380065 -0.0188890174 -0.0113214487
    endloop
  endfacet
  facet normal 0.923843026 0.333042294 0.188671708
    outer loop
      vertex 0.0272597559 -0.0203197915 -0.0108609768
      vertex 0.0268380065 -0.0188890174 -0.0113214487
      vertex 0.0268380009 -0.0194217842 -0.0103809843
    endloop
  endfacet
  facet normal 0.382593691 0.80388689 0.455398798
    outer loop
      vertex 0.0268380009 -0.0194217842 -0.0103809843
      vertex 0.0268380065 -0.0188890174 -0.0113214487
      vertex 0.0258197766 -0.0185272451 -0.0111046182
    endloop
  endfacet
  facet normal 0.382594973 0.803887129 0.455397338
    outer loop
      vertex 0.0268380009 -0.0194217842 -0.0103809843
      vertex 0.0258197766 -0.0185272451 -0.0111046182
      vertex 0.025819771 -0.0190498065 -0.0101821655
    endloop
  endfacet
  facet normal -0.382574946 0.803896248 0.455397874
    outer loop
      vertex 0.025819771 -0.0190498065 -0.0101821655
      vertex 0.0258197766 -0.0185272451 -0.0111046182
      vertex 0.0248015393 -0.0188889932 -0.0113214487
    endloop
  endfacet
  facet normal -0.382576227 0.803895056 0.455398887
    outer loop
      vertex 0.025819771 -0.0190498065 -0.0101821655
      vertex 0.0248015393 -0.0188889932 -0.0113214487
      vertex 0.0248015337 -0.01942176 -0.0103809843
    endloop
  endfacet
  facet normal -0.923834503 0.333064765 0.188673452
    outer loop
      vertex 0.0248015337 -0.01942176 -0.0103809843
      vertex 0.0248015393 -0.0188889932 -0.0113214487
      vertex 0.0243797619 -0.0197623558 -0.0118449256
    endloop
  endfacet
  facet normal -0.923834622 0.333064556 0.188673541
    outer loop
      vertex 0.0248015337 -0.01942176 -0.0103809843
      vertex 0.0243797619 -0.0197623558 -0.0118449256
      vertex 0.0243797563 -0.0203197561 -0.0108609768
    endloop
  endfacet
  facet normal -0.92384243 -0.333043456 -0.188672081
    outer loop
      vertex 0.0243797563 -0.0203197561 -0.0108609768
      vertex 0.0243797619 -0.0197623558 -0.0118449256
      vertex 0.0248015188 -0.0206357297 -0.0123684024
    endloop
  endfacet
  facet normal -0.923843086 -0.33304131 -0.188672721
    outer loop
      vertex 0.0243797563 -0.0203197561 -0.0108609768
      vertex 0.0248015188 -0.0206357297 -0.0123684024
      vertex 0.0248015113 -0.0212177653 -0.0113409683
    endloop
  endfacet
  facet normal -0.382595956 -0.8038854 -0.455399364
    outer loop
      vertex 0.0248015113 -0.0212177653 -0.0113409683
      vertex 0.0248015188 -0.0206357297 -0.0123684024
      vertex 0.0258197468 -0.0209975038 -0.0125852339
    endloop
  endfacet
  facet normal -0.382595241 -0.803885996 -0.455398917
    outer loop
      vertex 0.0248015113 -0.0212177653 -0.0113409683
      vertex 0.0258197468 -0.0209975038 -0.0125852339
      vertex 0.0258197412 -0.021589743 -0.011539788
    endloop
  endfacet
  facet normal 0.382576525 -0.78058213 -0.494294107
    outer loop
      vertex 0.0258197468 -0.0209975038 -0.0125852339
      vertex 0.0258197561 -0.0203546826 -0.0136003606
      vertex 0.0268379934 -0.020004008 -0.0133660398
    endloop
  endfacet
  facet normal 0.382576227 -0.78058207 -0.494294584
    outer loop
      vertex 0.0258197468 -0.0209975038 -0.0125852339
      vertex 0.0268379934 -0.020004008 -0.0133660398
      vertex 0.026837986 -0.0206357539 -0.0123684024
    endloop
  endfacet
  facet normal 0.923835278 -0.323405027 -0.204786748
    outer loop
      vertex 0.026837986 -0.0206357539 -0.0123684024
      vertex 0.0268379934 -0.020004008 -0.0133660398
      vertex 0.0272597689 -0.0191573817 -0.0128003396
    endloop
  endfacet
  facet normal 0.923834622 -0.323405474 -0.204788908
    outer loop
      vertex 0.026837986 -0.0206357539 -0.0123684024
      vertex 0.0272597689 -0.0191573817 -0.0128003396
      vertex 0.0272597633 -0.0197623912 -0.0118449256
    endloop
  endfacet
  facet normal 0.923842907 0.32338357 0.204785839
    outer loop
      vertex 0.0272597633 -0.0197623912 -0.0118449256
      vertex 0.0272597689 -0.0191573817 -0.0128003396
      vertex 0.0268380139 -0.0183107462 -0.0122346394
    endloop
  endfacet
  facet normal 0.923842311 0.323383898 0.204788029
    outer loop
      vertex 0.0272597633 -0.0197623912 -0.0118449256
      vertex 0.0268380139 -0.0183107462 -0.0122346394
      vertex 0.0268380065 -0.0188890174 -0.0113214487
    endloop
  endfacet
  facet normal 0.382593602 0.78057313 0.494295299
    outer loop
      vertex 0.0268380065 -0.0188890174 -0.0113214487
      vertex 0.0268380139 -0.0183107462 -0.0122346394
      vertex 0.025819784 -0.0179600492 -0.0120003186
    endloop
  endfacet
  facet normal 0.382593393 0.78057307 0.494295508
    outer loop
      vertex 0.0268380065 -0.0188890174 -0.0113214487
      vertex 0.025819784 -0.0179600492 -0.0120003186
      vertex 0.0258197766 -0.0185272451 -0.0111046182
    endloop
  endfacet
  facet normal -0.382575363 0.780582249 0.494294971
    outer loop
      vertex 0.0258197766 -0.0185272451 -0.0111046182
      vertex 0.025819784 -0.0179600492 -0.0120003186
      vertex 0.0248015467 -0.018310722 -0.0122346394
    endloop
  endfacet
  facet normal -0.382575184 0.780582368 0.494294882
    outer loop
      vertex 0.0258197766 -0.0185272451 -0.0111046182
      vertex 0.0248015467 -0.018310722 -0.0122346394
      vertex 0.0248015393 -0.0188889932 -0.0113214487
    endloop
  endfacet
  facet normal -0.923834503 0.323406905 0.204787508
    outer loop
      vertex 0.0248015393 -0.0188889932 -0.0113214487
      vertex 0.0248015467 -0.018310722 -0.0122346394
      vertex 0.0243797693 -0.0191573463 -0.0128003396
    endloop
  endfacet
  facet normal -0.923834622 0.323406279 0.204787627
    outer loop
      vertex 0.0248015393 -0.0188889932 -0.0113214487
      vertex 0.0243797693 -0.0191573463 -0.0128003396
      vertex 0.0243797619 -0.0197623558 -0.0118449256
    endloop
  endfacet
  facet normal -0.923842609 -0.32338351 -0.204787612
    outer loop
      vertex 0.0243797619 -0.0197623558 -0.0118449256
      vertex 0.0243797693 -0.0191573463 -0.0128003396
      vertex 0.0248015262 -0.0200039838 -0.0133660398
    endloop
  endfacet
  facet normal -0.923842371 -0.323384285 -0.204787418
    outer loop
      vertex 0.0243797619 -0.0197623558 -0.0118449256
      vertex 0.0248015262 -0.0200039838 -0.0133660398
      vertex 0.0248015188 -0.0206357297 -0.0123684024
    endloop
  endfacet
  facet normal -0.382594824 -0.780572951 -0.494294435
    outer loop
      vertex 0.0248015188 -0.0206357297 -0.0123684024
      vertex 0.0248015262 -0.0200039838 -0.0133660398
      vertex 0.0258197561 -0.0203546826 -0.0136003606
    endloop
  endfacet
  facet normal -0.382595628 -0.780572355 -0.494294941
    outer loop
      vertex 0.0248015188 -0.0206357297 -0.0123684024
      vertex 0.0258197561 -0.0203546826 -0.0136003606
      vertex 0.0258197468 -0.0209975038 -0.0125852339
    endloop
  endfacet
  facet normal 0.38257727 -0.755386889 -0.532001257
    outer loop
      vertex 0.0258197561 -0.0203546826 -0.0136003606
      vertex 0.0258197635 -0.019662831 -0.0145827131
      vertex 0.0268380009 -0.0193240754 -0.0143314674
    endloop
  endfacet
  facet normal 0.382576823 -0.75538677 -0.532001674
    outer loop
      vertex 0.0258197561 -0.0203546826 -0.0136003606
      vertex 0.0268380009 -0.0193240754 -0.0143314674
      vertex 0.0268379934 -0.020004008 -0.0133660398
    endloop
  endfacet
  facet normal 0.923834443 -0.312968284 -0.220410541
    outer loop
      vertex 0.0268379934 -0.020004008 -0.0133660398
      vertex 0.0268380009 -0.0193240754 -0.0143314674
      vertex 0.0272597782 -0.0185062289 -0.0137249064
    endloop
  endfacet
  facet normal 0.923835397 -0.312967747 -0.220407233
    outer loop
      vertex 0.0268379934 -0.020004008 -0.0133660398
      vertex 0.0272597782 -0.0185062289 -0.0137249064
      vertex 0.0272597689 -0.0191573817 -0.0128003396
    endloop
  endfacet
  facet normal 0.923842609 0.312944889 0.220409751
    outer loop
      vertex 0.0272597689 -0.0191573817 -0.0128003396
      vertex 0.0272597782 -0.0185062289 -0.0137249064
      vertex 0.0268380214 -0.0176883694 -0.0131183453
    endloop
  endfacet
  facet normal 0.923842907 0.31294477 0.220408648
    outer loop
      vertex 0.0272597689 -0.0191573817 -0.0128003396
      vertex 0.0268380214 -0.0176883694 -0.0131183453
      vertex 0.0268380139 -0.0183107462 -0.0122346394
    endloop
  endfacet
  facet normal 0.382592708 0.755378723 0.532001674
    outer loop
      vertex 0.0268380139 -0.0183107462 -0.0122346394
      vertex 0.0268380214 -0.0176883694 -0.0131183453
      vertex 0.0258197915 -0.0173495933 -0.0128670996
    endloop
  endfacet
  facet normal 0.382593364 0.755378962 0.532001019
    outer loop
      vertex 0.0268380139 -0.0183107462 -0.0122346394
      vertex 0.0258197915 -0.0173495933 -0.0128670996
      vertex 0.025819784 -0.0179600492 -0.0120003186
    endloop
  endfacet
  facet normal -0.382574975 0.75538826 0.532000959
    outer loop
      vertex 0.025819784 -0.0179600492 -0.0120003186
      vertex 0.0258197915 -0.0173495933 -0.0128670996
      vertex 0.0248015542 -0.0176883452 -0.0131183453
    endloop
  endfacet
  facet normal -0.382575661 0.755387485 0.532001436
    outer loop
      vertex 0.025819784 -0.0179600492 -0.0120003186
      vertex 0.0248015542 -0.0176883452 -0.0131183453
      vertex 0.0248015467 -0.018310722 -0.0122346394
    endloop
  endfacet
  facet normal -0.923834562 0.312968284 0.220409647
    outer loop
      vertex 0.0248015467 -0.018310722 -0.0122346394
      vertex 0.0248015542 -0.0176883452 -0.0131183453
      vertex 0.0243797768 -0.0185061935 -0.0137249064
    endloop
  endfacet
  facet normal -0.923834562 0.312968463 0.220409632
    outer loop
      vertex 0.0248015467 -0.018310722 -0.0122346394
      vertex 0.0243797768 -0.0185061935 -0.0137249064
      vertex 0.0243797693 -0.0191573463 -0.0128003396
    endloop
  endfacet
  facet normal -0.923842311 -0.3129462 -0.220408827
    outer loop
      vertex 0.0243797693 -0.0191573463 -0.0128003396
      vertex 0.0243797768 -0.0185061935 -0.0137249064
      vertex 0.0248015337 -0.0193240512 -0.0143314674
    endloop
  endfacet
  facet normal -0.92384243 -0.312945694 -0.220408916
    outer loop
      vertex 0.0243797693 -0.0191573463 -0.0128003396
      vertex 0.0248015337 -0.0193240512 -0.0143314674
      vertex 0.0248015262 -0.0200039838 -0.0133660398
    endloop
  endfacet
  facet normal -0.382595092 -0.755377769 -0.532001317
    outer loop
      vertex 0.0248015262 -0.0200039838 -0.0133660398
      vertex 0.0248015337 -0.0193240512 -0.0143314674
      vertex 0.0258197635 -0.019662831 -0.0145827131
    endloop
  endfacet
  facet normal -0.382594496 -0.755378306 -0.532001019
    outer loop
      vertex 0.0248015262 -0.0200039838 -0.0133660398
      vertex 0.0258197635 -0.019662831 -0.0145827131
      vertex 0.0258197561 -0.0203546826 -0.0136003606
    endloop
  endfacet
  facet normal 0.382577032 -0.728373945 -0.568424284
    outer loop
      vertex 0.0258197635 -0.019662831 -0.0145827131
      vertex 0.0258197729 -0.0189236123 -0.0155299352
      vertex 0.0268380102 -0.0185975935 -0.01526237
    endloop
  endfacet
  facet normal 0.382577628 -0.728374124 -0.568423688
    outer loop
      vertex 0.0258197635 -0.019662831 -0.0145827131
      vertex 0.0268380102 -0.0185975935 -0.01526237
      vertex 0.0268380009 -0.0193240754 -0.0143314674
    endloop
  endfacet
  facet normal 0.923835099 -0.301776469 -0.235498905
    outer loop
      vertex 0.0268380009 -0.0193240754 -0.0143314674
      vertex 0.0268380102 -0.0185975935 -0.01526237
      vertex 0.0272597857 -0.0178104937 -0.0146164102
    endloop
  endfacet
  facet normal 0.923834622 -0.301776648 -0.235500664
    outer loop
      vertex 0.0268380009 -0.0193240754 -0.0143314674
      vertex 0.0272597857 -0.0178104937 -0.0146164102
      vertex 0.0272597782 -0.0185062289 -0.0137249064
    endloop
  endfacet
  facet normal 0.92384249 0.301754206 0.235498607
    outer loop
      vertex 0.0272597782 -0.0185062289 -0.0137249064
      vertex 0.0272597857 -0.0178104937 -0.0146164102
      vertex 0.0268380288 -0.0170233827 -0.0139704496
    endloop
  endfacet
  facet normal 0.92384243 0.301754206 0.235498667
    outer loop
      vertex 0.0272597782 -0.0185062289 -0.0137249064
      vertex 0.0268380288 -0.0170233827 -0.0139704496
      vertex 0.0268380214 -0.0176883694 -0.0131183453
    endloop
  endfacet
  facet normal 0.382593066 0.728365898 0.568423867
    outer loop
      vertex 0.0268380214 -0.0176883694 -0.0131183453
      vertex 0.0268380288 -0.0170233827 -0.0139704496
      vertex 0.0258197989 -0.0166973416 -0.0137028843
    endloop
  endfacet
  facet normal 0.38259244 0.72836566 0.568424642
    outer loop
      vertex 0.0268380214 -0.0176883694 -0.0131183453
      vertex 0.0258197989 -0.0166973416 -0.0137028843
      vertex 0.0258197915 -0.0173495933 -0.0128670996
    endloop
  endfacet
  facet normal -0.38257587 0.728374362 0.568424642
    outer loop
      vertex 0.0258197915 -0.0173495933 -0.0128670996
      vertex 0.0258197989 -0.0166973416 -0.0137028843
      vertex 0.0248015616 -0.0170233585 -0.0139704496
    endloop
  endfacet
  facet normal -0.382575333 0.728374839 0.568424284
    outer loop
      vertex 0.0258197915 -0.0173495933 -0.0128670996
      vertex 0.0248015616 -0.0170233585 -0.0139704496
      vertex 0.0248015542 -0.0176883452 -0.0131183453
    endloop
  endfacet
  facet normal -0.923835158 0.301775843 0.235499397
    outer loop
      vertex 0.0248015542 -0.0176883452 -0.0131183453
      vertex 0.0248015616 -0.0170233585 -0.0139704496
      vertex 0.0243797861 -0.0178104583 -0.0146164102
    endloop
  endfacet
  facet normal -0.923834741 0.301777184 0.235499159
    outer loop
      vertex 0.0248015542 -0.0176883452 -0.0131183453
      vertex 0.0243797861 -0.0178104583 -0.0146164102
      vertex 0.0243797768 -0.0185061935 -0.0137249064
    endloop
  endfacet
  facet normal -0.92384243 -0.301753402 -0.235499889
    outer loop
      vertex 0.0243797768 -0.0185061935 -0.0137249064
      vertex 0.0243797861 -0.0178104583 -0.0146164102
      vertex 0.024801543 -0.0185975693 -0.01526237
    endloop
  endfacet
  facet normal -0.923842192 -0.301753908 -0.235499799
    outer loop
      vertex 0.0243797768 -0.0185061935 -0.0137249064
      vertex 0.024801543 -0.0185975693 -0.01526237
      vertex 0.0248015337 -0.0193240512 -0.0143314674
    endloop
  endfacet
  facet normal -0.382594258 -0.728365004 -0.568424165
    outer loop
      vertex 0.0248015337 -0.0193240512 -0.0143314674
      vertex 0.024801543 -0.0185975693 -0.01526237
      vertex 0.0258197729 -0.0189236123 -0.0155299352
    endloop
  endfacet
  facet normal -0.382594675 -0.728364527 -0.568424463
    outer loop
      vertex 0.0248015337 -0.0193240512 -0.0143314674
      vertex 0.0258197729 -0.0189236123 -0.0155299352
      vertex 0.0258197635 -0.019662831 -0.0145827131
    endloop
  endfacet
  facet normal 0.382576883 -0.69960475 -0.603479862
    outer loop
      vertex 0.0258197729 -0.0189236123 -0.0155299352
      vertex 0.0258197822 -0.0181387961 -0.0164397545
      vertex 0.0268380195 -0.0178263001 -0.0161565132
    endloop
  endfacet
  facet normal 0.3825773 -0.699604928 -0.603479505
    outer loop
      vertex 0.0258197729 -0.0189236123 -0.0155299352
      vertex 0.0268380195 -0.0178263001 -0.0161565132
      vertex 0.0268380102 -0.0185975935 -0.01526237
    endloop
  endfacet
  facet normal 0.923835218 -0.28985703 -0.250022829
    outer loop
      vertex 0.0268380102 -0.0185975935 -0.01526237
      vertex 0.0268380195 -0.0178263001 -0.0161565132
      vertex 0.027259795 -0.0170718431 -0.0154727101
    endloop
  endfacet
  facet normal 0.923835218 -0.28985703 -0.250022709
    outer loop
      vertex 0.0268380102 -0.0185975935 -0.01526237
      vertex 0.027259795 -0.0170718431 -0.0154727101
      vertex 0.0272597857 -0.0178104937 -0.0146164102
    endloop
  endfacet
  facet normal 0.923842251 0.289834261 0.250023216
    outer loop
      vertex 0.0272597857 -0.0178104937 -0.0146164102
      vertex 0.027259795 -0.0170718431 -0.0154727101
      vertex 0.0268380381 -0.0163173769 -0.014788907
    endloop
  endfacet
  facet normal 0.923842251 0.289834231 0.250023097
    outer loop
      vertex 0.0272597857 -0.0178104937 -0.0146164102
      vertex 0.0268380381 -0.0163173769 -0.014788907
      vertex 0.0268380288 -0.0170233827 -0.0139704496
    endloop
  endfacet
  facet normal 0.382593542 0.699595928 0.603479624
    outer loop
      vertex 0.0268380288 -0.0170233827 -0.0139704496
      vertex 0.0268380381 -0.0163173769 -0.014788907
      vertex 0.0258198082 -0.0160048567 -0.0145056657
    endloop
  endfacet
  facet normal 0.382592797 0.69959569 0.603480577
    outer loop
      vertex 0.0268380288 -0.0170233827 -0.0139704496
      vertex 0.0258198082 -0.0160048567 -0.0145056657
      vertex 0.0258197989 -0.0166973416 -0.0137028843
    endloop
  endfacet
  facet normal -0.382576346 0.699605167 0.603479862
    outer loop
      vertex 0.0258197989 -0.0166973416 -0.0137028843
      vertex 0.0258198082 -0.0160048567 -0.0145056657
      vertex 0.0248015691 -0.0163173527 -0.014788907
    endloop
  endfacet
  facet normal -0.382576227 0.699605346 0.603479862
    outer loop
      vertex 0.0258197989 -0.0166973416 -0.0137028843
      vertex 0.0248015691 -0.0163173527 -0.014788907
      vertex 0.0248015616 -0.0170233585 -0.0139704496
    endloop
  endfacet
  facet normal -0.923835576 0.289855778 0.250022739
    outer loop
      vertex 0.0248015616 -0.0170233585 -0.0139704496
      vertex 0.0248015691 -0.0163173527 -0.014788907
      vertex 0.0243797954 -0.0170718078 -0.0154727101
    endloop
  endfacet
  facet normal -0.923835278 0.289856881 0.25002262
    outer loop
      vertex 0.0248015616 -0.0170233585 -0.0139704496
      vertex 0.0243797954 -0.0170718078 -0.0154727101
      vertex 0.0243797861 -0.0178104583 -0.0146164102
    endloop
  endfacet
  facet normal -0.92384243 -0.289833874 -0.250022888
    outer loop
      vertex 0.0243797861 -0.0178104583 -0.0146164102
      vertex 0.0243797954 -0.0170718078 -0.0154727101
      vertex 0.0248015523 -0.0178262759 -0.0161565132
    endloop
  endfacet
  facet normal -0.923842192 -0.289834708 -0.250022829
    outer loop
      vertex 0.0243797861 -0.0178104583 -0.0146164102
      vertex 0.0248015523 -0.0178262759 -0.0161565132
      vertex 0.024801543 -0.0185975693 -0.01526237
    endloop
  endfacet
  facet normal -0.382593542 -0.699595928 -0.603479683
    outer loop
      vertex 0.024801543 -0.0185975693 -0.01526237
      vertex 0.0248015523 -0.0178262759 -0.0161565132
      vertex 0.0258197822 -0.0181387961 -0.0164397545
    endloop
  endfacet
  facet normal -0.382593811 -0.69959563 -0.603479803
    outer loop
      vertex 0.024801543 -0.0185975693 -0.01526237
      vertex 0.0258197822 -0.0181387961 -0.0164397545
      vertex 0.0258197729 -0.0189236123 -0.0155299352
    endloop
  endfacet
  facet normal 0.382577538 -0.669151366 -0.637079895
    outer loop
      vertex 0.0258197822 -0.0181387961 -0.0164397545
      vertex 0.0258197915 -0.0173102859 -0.0173099674
      vertex 0.0268380288 -0.0170120634 -0.0170117337
    endloop
  endfacet
  facet normal 0.38257733 -0.669151306 -0.637080133
    outer loop
      vertex 0.0258197822 -0.0181387961 -0.0164397545
      vertex 0.0268380288 -0.0170120634 -0.0170117337
      vertex 0.0268380195 -0.0178263001 -0.0161565132
    endloop
  endfacet
  facet normal 0.923835218 -0.277240098 -0.263944149
    outer loop
      vertex 0.0268380195 -0.0178263001 -0.0161565132
      vertex 0.0268380288 -0.0170120634 -0.0170117337
      vertex 0.0272598043 -0.0162920691 -0.0162917338
    endloop
  endfacet
  facet normal 0.923835337 -0.277240068 -0.263943523
    outer loop
      vertex 0.0268380195 -0.0178263001 -0.0161565132
      vertex 0.0272598043 -0.0162920691 -0.0162917338
      vertex 0.027259795 -0.0170718431 -0.0154727101
    endloop
  endfacet
  facet normal 0.923841596 0.27721867 0.263944179
    outer loop
      vertex 0.027259795 -0.0170718431 -0.0154727101
      vertex 0.0272598043 -0.0162920691 -0.0162917338
      vertex 0.0268380456 -0.0155720636 -0.0155717358
    endloop
  endfacet
  facet normal 0.923842132 0.277218699 0.263942301
    outer loop
      vertex 0.027259795 -0.0170718431 -0.0154727101
      vertex 0.0268380456 -0.0155720636 -0.0155717358
      vertex 0.0268380381 -0.0163173769 -0.014788907
    endloop
  endfacet
  facet normal 0.382593542 0.669142962 0.637079179
    outer loop
      vertex 0.0268380381 -0.0163173769 -0.014788907
      vertex 0.0268380456 -0.0155720636 -0.0155717358
      vertex 0.0258198157 -0.0152738169 -0.0152735021
    endloop
  endfacet
  facet normal 0.382593215 0.669142723 0.637079537
    outer loop
      vertex 0.0268380381 -0.0163173769 -0.014788907
      vertex 0.0258198157 -0.0152738169 -0.0152735021
      vertex 0.0258198082 -0.0160048567 -0.0145056657
    endloop
  endfacet
  facet normal -0.382576555 0.669151545 0.637080491
    outer loop
      vertex 0.0258198082 -0.0160048567 -0.0145056657
      vertex 0.0258198157 -0.0152738169 -0.0152735021
      vertex 0.0248015784 -0.0155720385 -0.0155717349
    endloop
  endfacet
  facet normal -0.382576704 0.669151247 0.63708061
    outer loop
      vertex 0.0258198082 -0.0160048567 -0.0145056657
      vertex 0.0248015784 -0.0155720385 -0.0155717349
      vertex 0.0248015691 -0.0163173527 -0.014788907
    endloop
  endfacet
  facet normal -0.923835993 0.277239025 0.26394254
    outer loop
      vertex 0.0248015691 -0.0163173527 -0.014788907
      vertex 0.0248015784 -0.0155720385 -0.0155717349
      vertex 0.0243798047 -0.0162920356 -0.0162917338
    endloop
  endfacet
  facet normal -0.923835754 0.27723965 0.26394251
    outer loop
      vertex 0.0248015691 -0.0163173527 -0.014788907
      vertex 0.0243798047 -0.0162920356 -0.0162917338
      vertex 0.0243797954 -0.0170718078 -0.0154727101
    endloop
  endfacet
  facet normal -0.923842251 -0.277217984 -0.263942868
    outer loop
      vertex 0.0243797954 -0.0170718078 -0.0154727101
      vertex 0.0243798047 -0.0162920356 -0.0162917338
      vertex 0.0248015616 -0.0170120392 -0.0170117337
    endloop
  endfacet
  facet normal -0.923842192 -0.277217627 -0.263942868
    outer loop
      vertex 0.0243797954 -0.0170718078 -0.0154727101
      vertex 0.0248015616 -0.0170120392 -0.0170117337
      vertex 0.0248015523 -0.0178262759 -0.0161565132
    endloop
  endfacet
  facet normal -0.382593542 -0.669142306 -0.637079895
    outer loop
      vertex 0.0248015523 -0.0178262759 -0.0161565132
      vertex 0.0248015616 -0.0170120392 -0.0170117337
      vertex 0.0258197915 -0.0173102859 -0.0173099674
    endloop
  endfacet
  facet normal -0.382593244 -0.669142663 -0.637079775
    outer loop
      vertex 0.0248015523 -0.0178262759 -0.0161565132
      vertex 0.0258197915 -0.0173102859 -0.0173099674
      vertex 0.0258197822 -0.0181387961 -0.0164397545
    endloop
  endfacet
  facet normal 0.382577538 -0.637085378 -0.66914618
    outer loop
      vertex 0.0258197915 -0.0173102859 -0.0173099674
      vertex 0.0258198027 -0.016440073 -0.0181384794
      vertex 0.02683804 -0.0161568429 -0.0178259723
    endloop
  endfacet
  facet normal 0.382577926 -0.637085557 -0.669145823
    outer loop
      vertex 0.0258197915 -0.0173102859 -0.0173099674
      vertex 0.02683804 -0.0161568429 -0.0178259723
      vertex 0.0268380288 -0.0170120634 -0.0170117337
    endloop
  endfacet
  facet normal 0.923835754 -0.263955176 -0.277227789
    outer loop
      vertex 0.0268380288 -0.0170120634 -0.0170117337
      vertex 0.02683804 -0.0161568429 -0.0178259723
      vertex 0.0272598136 -0.0154730445 -0.0170715116
    endloop
  endfacet
  facet normal 0.923835278 -0.263955086 -0.27722913
    outer loop
      vertex 0.0268380288 -0.0170120634 -0.0170117337
      vertex 0.0272598136 -0.0154730445 -0.0170715116
      vertex 0.0272598043 -0.0162920691 -0.0162917338
    endloop
  endfacet
  facet normal 0.923841774 0.263933361 0.277228355
    outer loop
      vertex 0.0272598043 -0.0162920691 -0.0162917338
      vertex 0.0272598136 -0.0154730445 -0.0170715116
      vertex 0.0268380549 -0.0147892358 -0.016317049
    endloop
  endfacet
  facet normal 0.923841417 0.263933271 0.277229667
    outer loop
      vertex 0.0272598043 -0.0162920691 -0.0162917338
      vertex 0.0268380549 -0.0147892358 -0.016317049
      vertex 0.0268380456 -0.0155720636 -0.0155717358
    endloop
  endfacet
  facet normal 0.382591933 0.637075782 0.669147074
    outer loop
      vertex 0.0268380456 -0.0155720636 -0.0155717358
      vertex 0.0268380549 -0.0147892358 -0.016317049
      vertex 0.025819825 -0.0145059833 -0.0160045419
    endloop
  endfacet
  facet normal 0.382593185 0.637076437 0.669145823
    outer loop
      vertex 0.0268380456 -0.0155720636 -0.0155717358
      vertex 0.025819825 -0.0145059833 -0.0160045419
      vertex 0.0258198157 -0.0152738169 -0.0152735021
    endloop
  endfacet
  facet normal -0.382576048 0.637086213 0.669146299
    outer loop
      vertex 0.0258198157 -0.0152738169 -0.0152735021
      vertex 0.025819825 -0.0145059833 -0.0160045419
      vertex 0.0248015877 -0.0147892106 -0.016317049
    endloop
  endfacet
  facet normal -0.382576883 0.637085259 0.669146657
    outer loop
      vertex 0.0258198157 -0.0152738169 -0.0152735021
      vertex 0.0248015877 -0.0147892106 -0.016317049
      vertex 0.0248015784 -0.0155720385 -0.0155717349
    endloop
  endfacet
  facet normal -0.923835993 0.263953984 0.277227968
    outer loop
      vertex 0.0248015784 -0.0155720385 -0.0155717349
      vertex 0.0248015877 -0.0147892106 -0.016317049
      vertex 0.024379814 -0.01547301 -0.0170715116
    endloop
  endfacet
  facet normal -0.923836052 0.263953656 0.277227938
    outer loop
      vertex 0.0248015784 -0.0155720385 -0.0155717349
      vertex 0.024379814 -0.01547301 -0.0170715116
      vertex 0.0243798047 -0.0162920356 -0.0162917338
    endloop
  endfacet
  facet normal -0.923842192 -0.263932467 -0.277227789
    outer loop
      vertex 0.0243798047 -0.0162920356 -0.0162917338
      vertex 0.024379814 -0.01547301 -0.0170715116
      vertex 0.0248015709 -0.0161568187 -0.0178259723
    endloop
  endfacet
  facet normal -0.923842072 -0.263933063 -0.277227789
    outer loop
      vertex 0.0243798047 -0.0162920356 -0.0162917338
      vertex 0.0248015709 -0.0161568187 -0.0178259723
      vertex 0.0248015616 -0.0170120392 -0.0170117337
    endloop
  endfacet
  facet normal -0.38259235 -0.637076616 -0.669146061
    outer loop
      vertex 0.0248015616 -0.0170120392 -0.0170117337
      vertex 0.0248015709 -0.0161568187 -0.0178259723
      vertex 0.0258198027 -0.016440073 -0.0181384794
    endloop
  endfacet
  facet normal -0.382593155 -0.637075782 -0.669146359
    outer loop
      vertex 0.0248015616 -0.0170120392 -0.0170117337
      vertex 0.0258198027 -0.016440073 -0.0181384794
      vertex 0.0258197915 -0.0173102859 -0.0173099674
    endloop
  endfacet
  facet normal 0.382578284 -0.603484869 -0.699599802
    outer loop
      vertex 0.0258198027 -0.016440073 -0.0181384794
      vertex 0.0258198138 -0.0155302547 -0.0189232957
      vertex 0.0268380493 -0.0152627015 -0.0185972657
    endloop
  endfacet
  facet normal 0.382577896 -0.603484631 -0.69960022
    outer loop
      vertex 0.0258198027 -0.016440073 -0.0181384794
      vertex 0.0268380493 -0.0152627015 -0.0185972657
      vertex 0.02683804 -0.0161568429 -0.0178259723
    endloop
  endfacet
  facet normal 0.923835337 -0.250033945 -0.289846987
    outer loop
      vertex 0.02683804 -0.0161568429 -0.0178259723
      vertex 0.0268380493 -0.0152627015 -0.0185972657
      vertex 0.0272598248 -0.0146167455 -0.0178101603
    endloop
  endfacet
  facet normal 0.923835874 -0.250034124 -0.28984502
    outer loop
      vertex 0.02683804 -0.0161568429 -0.0178259723
      vertex 0.0272598248 -0.0146167455 -0.0178101603
      vertex 0.0272598136 -0.0154730445 -0.0170715116
    endloop
  endfacet
  facet normal 0.923841655 0.250011235 0.28984642
    outer loop
      vertex 0.0272598136 -0.0154730445 -0.0170715116
      vertex 0.0272598248 -0.0146167455 -0.0178101603
      vertex 0.0268380661 -0.0139707802 -0.0170230549
    endloop
  endfacet
  facet normal 0.923841596 0.250011235 0.289846629
    outer loop
      vertex 0.0272598136 -0.0154730445 -0.0170715116
      vertex 0.0268380661 -0.0139707802 -0.0170230549
      vertex 0.0268380549 -0.0147892358 -0.016317049
    endloop
  endfacet
  facet normal 0.382591784 0.603475451 0.699600577
    outer loop
      vertex 0.0268380549 -0.0147892358 -0.016317049
      vertex 0.0268380661 -0.0139707802 -0.0170230549
      vertex 0.0258198343 -0.0137032028 -0.0166970249
    endloop
  endfacet
  facet normal 0.382591546 0.603475273 0.699600875
    outer loop
      vertex 0.0268380549 -0.0147892358 -0.016317049
      vertex 0.0258198343 -0.0137032028 -0.0166970249
      vertex 0.025819825 -0.0145059833 -0.0160045419
    endloop
  endfacet
  facet normal -0.382577717 0.603484094 0.699600816
    outer loop
      vertex 0.025819825 -0.0145059833 -0.0160045419
      vertex 0.0258198343 -0.0137032028 -0.0166970249
      vertex 0.024801597 -0.013970756 -0.0170230549
    endloop
  endfacet
  facet normal -0.382576495 0.603485405 0.699600339
    outer loop
      vertex 0.025819825 -0.0145059833 -0.0160045419
      vertex 0.024801597 -0.013970756 -0.0170230549
      vertex 0.0248015877 -0.0147892106 -0.016317049
    endloop
  endfacet
  facet normal -0.923835814 0.250033706 0.289845586
    outer loop
      vertex 0.0248015877 -0.0147892106 -0.016317049
      vertex 0.024801597 -0.013970756 -0.0170230549
      vertex 0.0243798234 -0.0146167111 -0.0178101603
    endloop
  endfacet
  facet normal -0.923836112 0.250032604 0.289845526
    outer loop
      vertex 0.0248015877 -0.0147892106 -0.016317049
      vertex 0.0243798234 -0.0146167111 -0.0178101603
      vertex 0.024379814 -0.01547301 -0.0170715116
    endloop
  endfacet
  facet normal -0.923841774 -0.250012308 -0.289845318
    outer loop
      vertex 0.024379814 -0.01547301 -0.0170715116
      vertex 0.0243798234 -0.0146167111 -0.0178101603
      vertex 0.0248015821 -0.0152626773 -0.0185972657
    endloop
  endfacet
  facet normal -0.923842013 -0.250011265 -0.289845288
    outer loop
      vertex 0.024379814 -0.01547301 -0.0170715116
      vertex 0.0248015821 -0.0152626773 -0.0185972657
      vertex 0.0248015709 -0.0161568187 -0.0178259723
    endloop
  endfacet
  facet normal -0.382591724 -0.603475869 -0.69960022
    outer loop
      vertex 0.0248015709 -0.0161568187 -0.0178259723
      vertex 0.0248015821 -0.0152626773 -0.0185972657
      vertex 0.0258198138 -0.0155302547 -0.0189232957
    endloop
  endfacet
  facet normal -0.382591873 -0.603475749 -0.69960022
    outer loop
      vertex 0.0248015709 -0.0161568187 -0.0178259723
      vertex 0.0258198138 -0.0155302547 -0.0189232957
      vertex 0.0258198027 -0.016440073 -0.0181384794
    endloop
  endfacet
  facet normal 0.382579178 -0.568428993 -0.728369176
    outer loop
      vertex 0.0258198138 -0.0155302547 -0.0189232957
      vertex 0.025819825 -0.0145830233 -0.0196625218
      vertex 0.0268380605 -0.0143317897 -0.0193237551
    endloop
  endfacet
  facet normal 0.382578731 -0.568428695 -0.728369594
    outer loop
      vertex 0.0258198138 -0.0155302547 -0.0189232957
      vertex 0.0268380605 -0.0143317897 -0.0193237551
      vertex 0.0268380493 -0.0152627015 -0.0185972657
    endloop
  endfacet
  facet normal 0.923835814 -0.235510439 -0.301765084
    outer loop
      vertex 0.0268380493 -0.0152627015 -0.0185972657
      vertex 0.0268380605 -0.0143317897 -0.0193237551
      vertex 0.0272598341 -0.0137252333 -0.018505903
    endloop
  endfacet
  facet normal 0.923835456 -0.23551023 -0.301766276
    outer loop
      vertex 0.0268380493 -0.0152627015 -0.0185972657
      vertex 0.0272598341 -0.0137252333 -0.018505903
      vertex 0.0272598248 -0.0146167455 -0.0178101603
    endloop
  endfacet
  facet normal 0.923841596 0.235489145 0.301763952
    outer loop
      vertex 0.0272598248 -0.0146167455 -0.0178101603
      vertex 0.0272598341 -0.0137252333 -0.018505903
      vertex 0.0268380754 -0.0131186685 -0.017688049
    endloop
  endfacet
  facet normal 0.923841417 0.235489056 0.301764488
    outer loop
      vertex 0.0272598248 -0.0146167455 -0.0178101603
      vertex 0.0268380754 -0.0131186685 -0.017688049
      vertex 0.0268380661 -0.0139707802 -0.0170230549
    endloop
  endfacet
  facet normal 0.382591873 0.56842041 0.728369236
    outer loop
      vertex 0.0268380661 -0.0139707802 -0.0170230549
      vertex 0.0268380754 -0.0131186685 -0.017688049
      vertex 0.0258198455 -0.0128674097 -0.0173492841
    endloop
  endfacet
  facet normal 0.382591426 0.568420112 0.728369713
    outer loop
      vertex 0.0268380661 -0.0139707802 -0.0170230549
      vertex 0.0258198455 -0.0128674097 -0.0173492841
      vertex 0.0258198343 -0.0137032028 -0.0166970249
    endloop
  endfacet
  facet normal -0.382577926 0.568429887 0.728369176
    outer loop
      vertex 0.0258198343 -0.0137032028 -0.0166970249
      vertex 0.0258198455 -0.0128674097 -0.0173492841
      vertex 0.0248016082 -0.0131186442 -0.017688049
    endloop
  endfacet
  facet normal -0.382578164 0.568429649 0.728369296
    outer loop
      vertex 0.0258198343 -0.0137032028 -0.0166970249
      vertex 0.0248016082 -0.0131186442 -0.017688049
      vertex 0.024801597 -0.013970756 -0.0170230549
    endloop
  endfacet
  facet normal -0.923835814 0.235511199 0.301764399
    outer loop
      vertex 0.024801597 -0.013970756 -0.0170230549
      vertex 0.0248016082 -0.0131186442 -0.017688049
      vertex 0.0243798345 -0.0137251988 -0.018505903
    endloop
  endfacet
  facet normal -0.923836052 0.235510737 0.301764399
    outer loop
      vertex 0.024801597 -0.013970756 -0.0170230549
      vertex 0.0243798345 -0.0137251988 -0.018505903
      vertex 0.0243798234 -0.0146167111 -0.0178101603
    endloop
  endfacet
  facet normal -0.923841596 -0.235487998 -0.301764965
    outer loop
      vertex 0.0243798234 -0.0146167111 -0.0178101603
      vertex 0.0243798345 -0.0137251988 -0.018505903
      vertex 0.0248015933 -0.0143317655 -0.0193237551
    endloop
  endfacet
  facet normal -0.923841536 -0.235488161 -0.301764995
    outer loop
      vertex 0.0243798234 -0.0146167111 -0.0178101603
      vertex 0.0248015933 -0.0143317655 -0.0193237551
      vertex 0.0248015821 -0.0152626773 -0.0185972657
    endloop
  endfacet
  facet normal -0.382591993 -0.568419695 -0.728369772
    outer loop
      vertex 0.0248015821 -0.0152626773 -0.0185972657
      vertex 0.0248015933 -0.0143317655 -0.0193237551
      vertex 0.025819825 -0.0145830233 -0.0196625218
    endloop
  endfacet
  facet normal -0.382591337 -0.568420231 -0.728369594
    outer loop
      vertex 0.0248015821 -0.0152626773 -0.0185972657
      vertex 0.025819825 -0.0145830233 -0.0196625218
      vertex 0.0258198138 -0.0155302547 -0.0189232957
    endloop
  endfacet
  facet normal 0.382578492 -0.53200537 -0.755383372
    outer loop
      vertex 0.025819825 -0.0145830233 -0.0196625218
      vertex 0.0258198362 -0.01360068 -0.0203543659
      vertex 0.0268380735 -0.0133663714 -0.0200036801
    endloop
  endfacet
  facet normal 0.382579625 -0.532006025 -0.75538224
    outer loop
      vertex 0.025819825 -0.0145830233 -0.0196625218
      vertex 0.0268380735 -0.0133663714 -0.0200036801
      vertex 0.0268380605 -0.0143317897 -0.0193237551
    endloop
  endfacet
  facet normal 0.923836529 -0.220420495 -0.312954992
    outer loop
      vertex 0.0268380605 -0.0143317897 -0.0193237551
      vertex 0.0268380735 -0.0133663714 -0.0200036801
      vertex 0.0272598453 -0.0128006749 -0.0191570502
    endloop
  endfacet
  facet normal 0.923835993 -0.220420137 -0.31295684
    outer loop
      vertex 0.0268380605 -0.0143317897 -0.0193237551
      vertex 0.0272598453 -0.0128006749 -0.0191570502
      vertex 0.0272598341 -0.0137252333 -0.018505903
    endloop
  endfacet
  facet normal 0.923841596 0.220397532 0.312956423
    outer loop
      vertex 0.0272598341 -0.0137252333 -0.018505903
      vertex 0.0272598453 -0.0128006749 -0.0191570502
      vertex 0.0268380865 -0.01223497 -0.0183104202
    endloop
  endfacet
  facet normal 0.923841536 0.220397502 0.312956691
    outer loop
      vertex 0.0272598341 -0.0137252333 -0.018505903
      vertex 0.0268380865 -0.01223497 -0.0183104202
      vertex 0.0268380754 -0.0131186685 -0.017688049
    endloop
  endfacet
  facet normal 0.382591516 0.531996369 0.755383074
    outer loop
      vertex 0.0268380754 -0.0131186685 -0.017688049
      vertex 0.0268380865 -0.01223497 -0.0183104202
      vertex 0.0258198548 -0.0120006362 -0.0179597344
    endloop
  endfacet
  facet normal 0.382591337 0.53199625 0.755383134
    outer loop
      vertex 0.0268380754 -0.0131186685 -0.017688049
      vertex 0.0258198548 -0.0120006362 -0.0179597344
      vertex 0.0258198455 -0.0128674097 -0.0173492841
    endloop
  endfacet
  facet normal -0.382579476 0.532004595 0.755383372
    outer loop
      vertex 0.0258198455 -0.0128674097 -0.0173492841
      vertex 0.0258198548 -0.0120006362 -0.0179597344
      vertex 0.0248016194 -0.0122349458 -0.0183104202
    endloop
  endfacet
  facet normal -0.382578254 0.532005966 0.755383015
    outer loop
      vertex 0.0258198455 -0.0128674097 -0.0173492841
      vertex 0.0248016194 -0.0122349458 -0.0183104202
      vertex 0.0248016082 -0.0131186442 -0.017688049
    endloop
  endfacet
  facet normal -0.923835814 0.220420957 0.31295684
    outer loop
      vertex 0.0248016082 -0.0131186442 -0.017688049
      vertex 0.0248016194 -0.0122349458 -0.0183104202
      vertex 0.0243798457 -0.0128006404 -0.0191570502
    endloop
  endfacet
  facet normal -0.923836112 0.220420092 0.31295675
    outer loop
      vertex 0.0248016082 -0.0131186442 -0.017688049
      vertex 0.0243798457 -0.0128006404 -0.0191570502
      vertex 0.0243798345 -0.0137251988 -0.018505903
    endloop
  endfacet
  facet normal -0.923841655 -0.220397323 -0.312956125
    outer loop
      vertex 0.0243798345 -0.0137251988 -0.018505903
      vertex 0.0243798457 -0.0128006404 -0.0191570502
      vertex 0.0248016044 -0.0133663472 -0.0200036801
    endloop
  endfacet
  facet normal -0.923841417 -0.220398262 -0.312956303
    outer loop
      vertex 0.0243798345 -0.0137251988 -0.018505903
      vertex 0.0248016044 -0.0133663472 -0.0200036801
      vertex 0.0248015933 -0.0143317655 -0.0193237551
    endloop
  endfacet
  facet normal -0.382591128 -0.531996846 -0.755382895
    outer loop
      vertex 0.0248015933 -0.0143317655 -0.0193237551
      vertex 0.0248016044 -0.0133663472 -0.0200036801
      vertex 0.0258198362 -0.01360068 -0.0203543659
    endloop
  endfacet
  facet normal -0.382591546 -0.531996429 -0.755382955
    outer loop
      vertex 0.0248015933 -0.0143317655 -0.0193237551
      vertex 0.0258198362 -0.01360068 -0.0203543659
      vertex 0.025819825 -0.0145830233 -0.0196625218
    endloop
  endfacet
  facet normal 0.382579058 -0.494300157 -0.780577123
    outer loop
      vertex 0.0258198362 -0.01360068 -0.0203543659
      vertex 0.0258198474 -0.0125855533 -0.020997189
      vertex 0.0268380847 -0.012368734 -0.0206354279
    endloop
  endfacet
  facet normal 0.382578909 -0.494300067 -0.780577183
    outer loop
      vertex 0.0258198362 -0.01360068 -0.0203543659
      vertex 0.0268380847 -0.012368734 -0.0206354279
      vertex 0.0268380735 -0.0133663714 -0.0200036801
    endloop
  endfacet
  facet normal 0.923836589 -0.204797775 -0.323394239
    outer loop
      vertex 0.0268380735 -0.0133663714 -0.0200036801
      vertex 0.0268380847 -0.012368734 -0.0206354279
      vertex 0.0272598565 -0.0118452618 -0.0197620597
    endloop
  endfacet
  facet normal 0.923836708 -0.204797894 -0.323393703
    outer loop
      vertex 0.0268380735 -0.0133663714 -0.0200036801
      vertex 0.0272598565 -0.0118452618 -0.0197620597
      vertex 0.0272598453 -0.0128006749 -0.0191570502
    endloop
  endfacet
  facet normal 0.923841655 0.204776108 0.323393494
    outer loop
      vertex 0.0272598453 -0.0128006749 -0.0191570502
      vertex 0.0272598565 -0.0118452618 -0.0197620597
      vertex 0.0268380977 -0.0113217793 -0.0188886914
    endloop
  endfacet
  facet normal 0.923841298 0.204775855 0.323394507
    outer loop
      vertex 0.0272598453 -0.0128006749 -0.0191570502
      vertex 0.0268380977 -0.0113217793 -0.0188886914
      vertex 0.0268380865 -0.01223497 -0.0183104202
    endloop
  endfacet
  facet normal 0.38259092 0.494290292 0.78057754
    outer loop
      vertex 0.0268380865 -0.01223497 -0.0183104202
      vertex 0.0268380977 -0.0113217793 -0.0188886914
      vertex 0.025819866 -0.0111049358 -0.0185269304
    endloop
  endfacet
  facet normal 0.382591069 0.494290382 0.780577421
    outer loop
      vertex 0.0268380865 -0.01223497 -0.0183104202
      vertex 0.025819866 -0.0111049358 -0.0185269304
      vertex 0.0258198548 -0.0120006362 -0.0179597344
    endloop
  endfacet
  facet normal -0.382579654 0.49429971 0.780577123
    outer loop
      vertex 0.0258198548 -0.0120006362 -0.0179597344
      vertex 0.025819866 -0.0111049358 -0.0185269304
      vertex 0.0248016305 -0.0113217551 -0.0188886914
    endloop
  endfacet
  facet normal -0.382579893 0.494299412 0.780577183
    outer loop
      vertex 0.0258198548 -0.0120006362 -0.0179597344
      vertex 0.0248016305 -0.0113217551 -0.0188886914
      vertex 0.0248016194 -0.0122349458 -0.0183104202
    endloop
  endfacet
  facet normal -0.923835933 0.204798967 0.323395252
    outer loop
      vertex 0.0248016194 -0.0122349458 -0.0183104202
      vertex 0.0248016305 -0.0113217551 -0.0188886914
      vertex 0.0243798569 -0.0118452273 -0.0197620597
    endloop
  endfacet
  facet normal -0.923835993 0.204798833 0.323395222
    outer loop
      vertex 0.0248016194 -0.0122349458 -0.0183104202
      vertex 0.0243798569 -0.0118452273 -0.0197620597
      vertex 0.0243798457 -0.0128006404 -0.0191570502
    endloop
  endfacet
  facet normal -0.923841059 -0.204776913 -0.323394716
    outer loop
      vertex 0.0243798457 -0.0128006404 -0.0191570502
      vertex 0.0243798569 -0.0118452273 -0.0197620597
      vertex 0.0248016175 -0.0123687098 -0.0206354279
    endloop
  endfacet
  facet normal -0.923841476 -0.204775468 -0.323394388
    outer loop
      vertex 0.0243798457 -0.0128006404 -0.0191570502
      vertex 0.0248016175 -0.0123687098 -0.0206354279
      vertex 0.0248016044 -0.0133663472 -0.0200036801
    endloop
  endfacet
  facet normal -0.382591516 -0.49429062 -0.780577064
    outer loop
      vertex 0.0248016044 -0.0133663472 -0.0200036801
      vertex 0.0248016175 -0.0123687098 -0.0206354279
      vertex 0.0258198474 -0.0125855533 -0.020997189
    endloop
  endfacet
  facet normal -0.382590652 -0.494291544 -0.780576885
    outer loop
      vertex 0.0248016044 -0.0133663472 -0.0200036801
      vertex 0.0258198474 -0.0125855533 -0.020997189
      vertex 0.0258198362 -0.01360068 -0.0203543659
    endloop
  endfacet
  facet normal 0.382579446 -0.455403119 -0.803891182
    outer loop
      vertex 0.0258198474 -0.0125855533 -0.020997189
      vertex 0.0258198604 -0.0115401074 -0.0215894263
      vertex 0.0268380977 -0.0113412999 -0.0212174617
    endloop
  endfacet
  facet normal 0.382579476 -0.455403149 -0.803891122
    outer loop
      vertex 0.0258198474 -0.0125855533 -0.020997189
      vertex 0.0268380977 -0.0113412999 -0.0212174617
      vertex 0.0268380847 -0.012368734 -0.0206354279
    endloop
  endfacet
  facet normal 0.92383641 -0.188684091 -0.333053559
    outer loop
      vertex 0.0268380847 -0.012368734 -0.0206354279
      vertex 0.0268380977 -0.0113412999 -0.0212174617
      vertex 0.0272598695 -0.010861312 -0.0203194618
    endloop
  endfacet
  facet normal 0.923836708 -0.188684478 -0.333052158
    outer loop
      vertex 0.0268380847 -0.012368734 -0.0206354279
      vertex 0.0272598695 -0.010861312 -0.0203194618
      vertex 0.0272598565 -0.0118452618 -0.0197620597
    endloop
  endfacet
  facet normal 0.92384094 0.188660979 0.333053946
    outer loop
      vertex 0.0272598565 -0.0118452618 -0.0197620597
      vertex 0.0272598695 -0.010861312 -0.0203194618
      vertex 0.0268381089 -0.0103813149 -0.0194214601
    endloop
  endfacet
  facet normal 0.923841476 0.188661516 0.333052248
    outer loop
      vertex 0.0272598565 -0.0118452618 -0.0197620597
      vertex 0.0268381089 -0.0103813149 -0.0194214601
      vertex 0.0268380977 -0.0113217793 -0.0188886914
    endloop
  endfacet
  facet normal 0.382588953 0.455395788 0.803890765
    outer loop
      vertex 0.0268380977 -0.0113217793 -0.0188886914
      vertex 0.0268381089 -0.0103813149 -0.0194214601
      vertex 0.0258198772 -0.0101824841 -0.0190494973
    endloop
  endfacet
  facet normal 0.382590473 0.45539695 0.803889334
    outer loop
      vertex 0.0268380977 -0.0113217793 -0.0188886914
      vertex 0.0258198772 -0.0101824841 -0.0190494973
      vertex 0.025819866 -0.0111049358 -0.0185269304
    endloop
  endfacet
  facet normal -0.382577151 0.455406725 0.803890109
    outer loop
      vertex 0.025819866 -0.0111049358 -0.0185269304
      vertex 0.0258198772 -0.0101824841 -0.0190494973
      vertex 0.0248016417 -0.0103812907 -0.0194214582
    endloop
  endfacet
  facet normal -0.382580072 0.455403239 0.803890765
    outer loop
      vertex 0.025819866 -0.0111049358 -0.0185269304
      vertex 0.0248016417 -0.0103812907 -0.0194214582
      vertex 0.0248016305 -0.0113217551 -0.0188886914
    endloop
  endfacet
  facet normal -0.923835933 0.18868421 0.333054662
    outer loop
      vertex 0.0248016305 -0.0113217551 -0.0188886914
      vertex 0.0248016417 -0.0103812907 -0.0194214582
      vertex 0.0243798681 -0.0108612776 -0.02031946
    endloop
  endfacet
  facet normal -0.923836231 0.18868345 0.333054513
    outer loop
      vertex 0.0248016305 -0.0113217551 -0.0188886914
      vertex 0.0243798681 -0.0108612776 -0.02031946
      vertex 0.0243798569 -0.0118452273 -0.0197620597
    endloop
  endfacet
  facet normal -0.923841 -0.188661754 -0.333053321
    outer loop
      vertex 0.0243798569 -0.0118452273 -0.0197620597
      vertex 0.0243798681 -0.0108612776 -0.02031946
      vertex 0.0248016287 -0.0113412756 -0.0212174617
    endloop
  endfacet
  facet normal -0.92384088 -0.188662246 -0.33305347
    outer loop
      vertex 0.0243798569 -0.0118452273 -0.0197620597
      vertex 0.0248016287 -0.0113412756 -0.0212174617
      vertex 0.0248016175 -0.0123687098 -0.0206354279
    endloop
  endfacet
  facet normal -0.382590503 -0.45539403 -0.803891003
    outer loop
      vertex 0.0248016175 -0.0123687098 -0.0206354279
      vertex 0.0248016287 -0.0113412756 -0.0212174617
      vertex 0.0258198604 -0.0115401074 -0.0215894263
    endloop
  endfacet
  facet normal -0.382591069 -0.455393553 -0.803891063
    outer loop
      vertex 0.0248016175 -0.0123687098 -0.0206354279
      vertex 0.0258198604 -0.0115401074 -0.0215894263
      vertex 0.0258198474 -0.0125855533 -0.020997189
    endloop
  endfacet
  facet normal 0.382577747 -0.415409893 -0.825269043
    outer loop
      vertex 0.0258198604 -0.0115401074 -0.0215894263
      vertex 0.0258198734 -0.0104668606 -0.022129653
      vertex 0.0268381089 -0.0102865444 -0.0217483845
    endloop
  endfacet
  facet normal 0.382579923 -0.415411413 -0.825267196
    outer loop
      vertex 0.0258198604 -0.0115401074 -0.0215894263
      vertex 0.0268381089 -0.0102865444 -0.0217483845
      vertex 0.0268380977 -0.0113412999 -0.0212174617
    endloop
  endfacet
  facet normal 0.923836589 -0.172114164 -0.341910422
    outer loop
      vertex 0.0268380977 -0.0113412999 -0.0212174617
      vertex 0.0268381089 -0.0102865444 -0.0217483845
      vertex 0.0272598807 -0.00985119957 -0.0208279118
    endloop
  endfacet
  facet normal 0.923836589 -0.172114149 -0.341910392
    outer loop
      vertex 0.0268380977 -0.0113412999 -0.0212174617
      vertex 0.0272598807 -0.00985119957 -0.0208279118
      vertex 0.0272598695 -0.010861312 -0.0203194618
    endloop
  endfacet
  facet normal 0.923841059 0.172093019 0.341908991
    outer loop
      vertex 0.0272598695 -0.010861312 -0.0203194618
      vertex 0.0272598807 -0.00985119957 -0.0208279118
      vertex 0.0268381201 -0.00941584259 -0.0199074391
    endloop
  endfacet
  facet normal 0.923840702 0.172092646 0.341909885
    outer loop
      vertex 0.0272598695 -0.010861312 -0.0203194618
      vertex 0.0268381201 -0.00941584259 -0.0199074391
      vertex 0.0268381089 -0.0103813149 -0.0194214601
    endloop
  endfacet
  facet normal 0.382589996 0.41540134 0.825267613
    outer loop
      vertex 0.0268381089 -0.0103813149 -0.0194214601
      vertex 0.0268381201 -0.00941584259 -0.0199074391
      vertex 0.0258198883 -0.00923550222 -0.0195261668
    endloop
  endfacet
  facet normal 0.382588416 0.415400028 0.825268984
    outer loop
      vertex 0.0268381089 -0.0103813149 -0.0194214601
      vertex 0.0258198883 -0.00923550222 -0.0195261668
      vertex 0.0258198772 -0.0101824841 -0.0190494973
    endloop
  endfacet
  facet normal -0.38258031 0.41540879 0.825268328
    outer loop
      vertex 0.0258198772 -0.0101824841 -0.0190494973
      vertex 0.0258198883 -0.00923550222 -0.0195261668
      vertex 0.0248016529 -0.00941581838 -0.0199074391
    endloop
  endfacet
  facet normal -0.382577628 0.415411919 0.825267971
    outer loop
      vertex 0.0258198772 -0.0101824841 -0.0190494973
      vertex 0.0248016529 -0.00941581838 -0.0199074391
      vertex 0.0248016417 -0.0103812907 -0.0194214582
    endloop
  endfacet
  facet normal -0.92383641 0.172114998 0.341910422
    outer loop
      vertex 0.0248016417 -0.0103812907 -0.0194214582
      vertex 0.0248016529 -0.00941581838 -0.0199074391
      vertex 0.0243798811 -0.00985116418 -0.0208279099
    endloop
  endfacet
  facet normal -0.923836112 0.172115847 0.34191066
    outer loop
      vertex 0.0248016417 -0.0103812907 -0.0194214582
      vertex 0.0243798811 -0.00985116418 -0.0208279099
      vertex 0.0243798681 -0.0108612776 -0.02031946
    endloop
  endfacet
  facet normal -0.923841 -0.172091559 -0.341909796
    outer loop
      vertex 0.0243798681 -0.0108612776 -0.02031946
      vertex 0.0243798811 -0.00985116418 -0.0208279099
      vertex 0.0248016417 -0.0102865202 -0.0217483826
    endloop
  endfacet
  facet normal -0.923840821 -0.17209214 -0.341910005
    outer loop
      vertex 0.0243798681 -0.0108612776 -0.02031946
      vertex 0.0248016417 -0.0102865202 -0.0217483826
      vertex 0.0248016287 -0.0113412756 -0.0212174617
    endloop
  endfacet
  facet normal -0.382588714 -0.415401578 -0.82526803
    outer loop
      vertex 0.0248016287 -0.0113412756 -0.0212174617
      vertex 0.0248016417 -0.0102865202 -0.0217483826
      vertex 0.0258198734 -0.0104668606 -0.022129653
    endloop
  endfacet
  facet normal -0.382590055 -0.415400177 -0.825268149
    outer loop
      vertex 0.0248016287 -0.0113412756 -0.0212174617
      vertex 0.0258198734 -0.0104668606 -0.022129653
      vertex 0.0258198604 -0.0115401074 -0.0215894263
    endloop
  endfacet
  facet normal 0.382580906 -0.374417543 -0.844655752
    outer loop
      vertex 0.0258198734 -0.0104668606 -0.022129653
      vertex 0.0258198865 -0.00936840009 -0.0226165708
      vertex 0.0268381219 -0.00920700934 -0.0222269092
    endloop
  endfacet
  facet normal 0.382578164 -0.374415457 -0.844657838
    outer loop
      vertex 0.0258198734 -0.0104668606 -0.022129653
      vertex 0.0268381219 -0.00920700934 -0.0222269092
      vertex 0.0268381089 -0.0102865444 -0.0217483845
    endloop
  endfacet
  facet normal 0.923836589 -0.155130371 -0.349943548
    outer loop
      vertex 0.0268381089 -0.0102865444 -0.0217483845
      vertex 0.0268381219 -0.00920700934 -0.0222269092
      vertex 0.0272598937 -0.00881735329 -0.021286184
    endloop
  endfacet
  facet normal 0.923836708 -0.155130595 -0.349942982
    outer loop
      vertex 0.0268381089 -0.0102865444 -0.0217483845
      vertex 0.0272598937 -0.00881735329 -0.021286184
      vertex 0.0272598807 -0.00985119957 -0.0208279118
    endloop
  endfacet
  facet normal 0.923840344 0.155107632 0.349943787
    outer loop
      vertex 0.0272598807 -0.00985119957 -0.0208279118
      vertex 0.0272598937 -0.00881735329 -0.021286184
      vertex 0.0268381312 -0.00842768699 -0.0203454588
    endloop
  endfacet
  facet normal 0.92384088 0.155108362 0.349942148
    outer loop
      vertex 0.0272598807 -0.00985119957 -0.0208279118
      vertex 0.0268381312 -0.00842768699 -0.0203454588
      vertex 0.0268381201 -0.00941584259 -0.0199074391
    endloop
  endfacet
  facet normal 0.382590115 0.374406487 0.844656527
    outer loop
      vertex 0.0268381201 -0.00941584259 -0.0199074391
      vertex 0.0268381312 -0.00842768699 -0.0203454588
      vertex 0.0258198995 -0.00826627109 -0.0199557971
    endloop
  endfacet
  facet normal 0.382589579 0.37440604 0.844657004
    outer loop
      vertex 0.0268381201 -0.00941584259 -0.0199074391
      vertex 0.0258198995 -0.00826627109 -0.0199557971
      vertex 0.0258198883 -0.00923550222 -0.0195261668
    endloop
  endfacet
  facet normal -0.382581294 0.374414772 0.844656825
    outer loop
      vertex 0.0258198883 -0.00923550222 -0.0195261668
      vertex 0.0258198995 -0.00826627109 -0.0199557971
      vertex 0.0248016641 -0.00842766277 -0.0203454588
    endloop
  endfacet
  facet normal -0.382580817 0.374415249 0.844656825
    outer loop
      vertex 0.0258198883 -0.00923550222 -0.0195261668
      vertex 0.0248016641 -0.00842766277 -0.0203454588
      vertex 0.0248016529 -0.00941581838 -0.0199074391
    endloop
  endfacet
  facet normal -0.923837125 0.155129433 0.349942535
    outer loop
      vertex 0.0248016529 -0.00941581838 -0.0199074391
      vertex 0.0248016641 -0.00842766277 -0.0203454588
      vertex 0.0243798941 -0.0088173179 -0.021286184
    endloop
  endfacet
  facet normal -0.923836589 0.155131295 0.349943161
    outer loop
      vertex 0.0248016529 -0.00941581838 -0.0199074391
      vertex 0.0243798941 -0.0088173179 -0.021286184
      vertex 0.0243798811 -0.00985116418 -0.0208279099
    endloop
  endfacet
  facet normal -0.923841 -0.155107528 -0.349942118
    outer loop
      vertex 0.0243798811 -0.00985116418 -0.0208279099
      vertex 0.0243798941 -0.0088173179 -0.021286184
      vertex 0.0248016547 -0.00920698512 -0.0222269092
    endloop
  endfacet
  facet normal -0.92384088 -0.155108124 -0.349942386
    outer loop
      vertex 0.0243798811 -0.00985116418 -0.0208279099
      vertex 0.0248016547 -0.00920698512 -0.0222269092
      vertex 0.0248016417 -0.0102865202 -0.0217483826
    endloop
  endfacet
  facet normal -0.382589847 -0.374407023 -0.844656408
    outer loop
      vertex 0.0248016417 -0.0102865202 -0.0217483826
      vertex 0.0248016547 -0.00920698512 -0.0222269092
      vertex 0.0258198865 -0.00936840009 -0.0226165708
    endloop
  endfacet
  facet normal -0.382588238 -0.374408722 -0.844656348
    outer loop
      vertex 0.0248016417 -0.0102865202 -0.0217483826
      vertex 0.0258198865 -0.00936840009 -0.0226165708
      vertex 0.0258198734 -0.0104668606 -0.022129653
    endloop
  endfacet
  facet normal 0.382581741 -0.332517952 -0.862011075
    outer loop
      vertex 0.0258198865 -0.00936840009 -0.0226165708
      vertex 0.0258198995 -0.0082473699 -0.0230489988
      vertex 0.026838135 -0.00810529292 -0.0226518866
    endloop
  endfacet
  facet normal 0.382581443 -0.332517743 -0.862011254
    outer loop
      vertex 0.0258198865 -0.00936840009 -0.0226165708
      vertex 0.026838135 -0.00810529292 -0.0226518866
      vertex 0.0268381219 -0.00920700934 -0.0222269092
    endloop
  endfacet
  facet normal 0.923836589 -0.137772337 -0.357134253
    outer loop
      vertex 0.0268381219 -0.00920700934 -0.0222269092
      vertex 0.026838135 -0.00810529292 -0.0226518866
      vertex 0.0272599068 -0.00776226586 -0.0216931757
    endloop
  endfacet
  facet normal 0.923836887 -0.137772784 -0.357133299
    outer loop
      vertex 0.0268381219 -0.00920700934 -0.0222269092
      vertex 0.0272599068 -0.00776226586 -0.0216931757
      vertex 0.0272598937 -0.00881735329 -0.021286184
    endloop
  endfacet
  facet normal 0.923840404 0.137749791 0.357132882
    outer loop
      vertex 0.0272598937 -0.00881735329 -0.021286184
      vertex 0.0272599068 -0.00776226586 -0.0216931757
      vertex 0.0268381443 -0.00741922809 -0.0207344629
    endloop
  endfacet
  facet normal 0.923840106 0.137749299 0.357133865
    outer loop
      vertex 0.0272598937 -0.00881735329 -0.021286184
      vertex 0.0268381443 -0.00741922809 -0.0207344629
      vertex 0.0268381312 -0.00842768699 -0.0203454588
    endloop
  endfacet
  facet normal 0.382588267 0.332508504 0.86201179
    outer loop
      vertex 0.0268381312 -0.00842768699 -0.0203454588
      vertex 0.0268381443 -0.00741922809 -0.0207344629
      vertex 0.0258199126 -0.00727712736 -0.0203373525
    endloop
  endfacet
  facet normal 0.382589608 0.332509667 0.862010777
    outer loop
      vertex 0.0268381312 -0.00842768699 -0.0203454588
      vertex 0.0258199126 -0.00727712736 -0.0203373525
      vertex 0.0258198995 -0.00826627109 -0.0199557971
    endloop
  endfacet
  facet normal -0.382580251 0.332519889 0.862010956
    outer loop
      vertex 0.0258198995 -0.00826627109 -0.0199557971
      vertex 0.0258199126 -0.00727712736 -0.0203373525
      vertex 0.0248016771 -0.00741920387 -0.0207344629
    endloop
  endfacet
  facet normal -0.382581711 0.332518071 0.862011075
    outer loop
      vertex 0.0258198995 -0.00826627109 -0.0199557971
      vertex 0.0248016771 -0.00741920387 -0.0207344629
      vertex 0.0248016641 -0.00842766277 -0.0203454588
    endloop
  endfacet
  facet normal -0.923836708 0.137773022 0.357133418
    outer loop
      vertex 0.0248016641 -0.00842766277 -0.0203454588
      vertex 0.0248016771 -0.00741920387 -0.0207344629
      vertex 0.0243799053 -0.0077622314 -0.0216931757
    endloop
  endfacet
  facet normal -0.923837364 0.13777101 0.357132584
    outer loop
      vertex 0.0248016641 -0.00842766277 -0.0203454588
      vertex 0.0243799053 -0.0077622314 -0.0216931757
      vertex 0.0243798941 -0.0088173179 -0.021286184
    endloop
  endfacet
  facet normal -0.923840106 -0.137751535 -0.357132852
    outer loop
      vertex 0.0243798941 -0.0088173179 -0.021286184
      vertex 0.0243799053 -0.0077622314 -0.0216931757
      vertex 0.0248016678 -0.0081052687 -0.0226518866
    endloop
  endfacet
  facet normal -0.923840702 -0.137749597 -0.357132047
    outer loop
      vertex 0.0243798941 -0.0088173179 -0.021286184
      vertex 0.0248016678 -0.0081052687 -0.0226518866
      vertex 0.0248016547 -0.00920698512 -0.0222269092
    endloop
  endfacet
  facet normal -0.382589668 -0.332508624 -0.862011075
    outer loop
      vertex 0.0248016547 -0.00920698512 -0.0222269092
      vertex 0.0248016678 -0.0081052687 -0.0226518866
      vertex 0.0258198995 -0.0082473699 -0.0230489988
    endloop
  endfacet
  facet normal -0.38258937 -0.3325091 -0.862011075
    outer loop
      vertex 0.0248016547 -0.00920698512 -0.0222269092
      vertex 0.0258198995 -0.0082473699 -0.0230489988
      vertex 0.0258198865 -0.00936840009 -0.0226165708
    endloop
  endfacet
  facet normal 0.382581592 -0.28982228 -0.877288103
    outer loop
      vertex 0.0258198995 -0.0082473699 -0.0230489988
      vertex 0.0258199144 -0.00710647134 -0.0234259013
      vertex 0.0268381499 -0.00698405178 -0.0230222959
    endloop
  endfacet
  facet normal 0.382582217 -0.289822787 -0.877287626
    outer loop
      vertex 0.0258198995 -0.0082473699 -0.0230489988
      vertex 0.0268381499 -0.00698405178 -0.0230222959
      vertex 0.026838135 -0.00810529292 -0.0226518866
    endloop
  endfacet
  facet normal 0.923837245 -0.120084271 -0.363461822
    outer loop
      vertex 0.026838135 -0.00810529292 -0.0226518866
      vertex 0.0268381499 -0.00698405178 -0.0230222959
      vertex 0.0272599198 -0.00668847933 -0.0220479071
    endloop
  endfacet
  facet normal 0.923836768 -0.120083436 -0.363463491
    outer loop
      vertex 0.026838135 -0.00810529292 -0.0226518866
      vertex 0.0272599198 -0.00668847933 -0.0220479071
      vertex 0.0272599068 -0.00776226586 -0.0216931757
    endloop
  endfacet
  facet normal 0.923839629 0.120060973 0.363463402
    outer loop
      vertex 0.0272599068 -0.00776226586 -0.0216931757
      vertex 0.0272599198 -0.00668847933 -0.0220479071
      vertex 0.0268381555 -0.00639289664 -0.0210735183
    endloop
  endfacet
  facet normal 0.923840225 0.120061927 0.363461673
    outer loop
      vertex 0.0272599068 -0.00776226586 -0.0216931757
      vertex 0.0268381555 -0.00639289664 -0.0210735183
      vertex 0.0268381443 -0.00741922809 -0.0207344629
    endloop
  endfacet
  facet normal 0.382588834 0.289813697 0.877287745
    outer loop
      vertex 0.0268381443 -0.00741922809 -0.0207344629
      vertex 0.0268381555 -0.00639289664 -0.0210735183
      vertex 0.0258199237 -0.0062704524 -0.0206699129
    endloop
  endfacet
  facet normal 0.382587761 0.289812684 0.87728864
    outer loop
      vertex 0.0268381443 -0.00741922809 -0.0207344629
      vertex 0.0258199237 -0.0062704524 -0.0206699129
      vertex 0.0258199126 -0.00727712736 -0.0203373525
    endloop
  endfacet
  facet normal -0.382581681 0.289821118 0.877288401
    outer loop
      vertex 0.0258199126 -0.00727712736 -0.0203373525
      vertex 0.0258199237 -0.0062704524 -0.0206699129
      vertex 0.0248016883 -0.00639287243 -0.0210735183
    endloop
  endfacet
  facet normal -0.382580698 0.289822251 0.877288461
    outer loop
      vertex 0.0258199126 -0.00727712736 -0.0203373525
      vertex 0.0248016883 -0.00639287243 -0.0210735183
      vertex 0.0248016771 -0.00741920387 -0.0207344629
    endloop
  endfacet
  facet normal -0.923837304 0.120082319 0.363462478
    outer loop
      vertex 0.0248016771 -0.00741920387 -0.0207344629
      vertex 0.0248016883 -0.00639287243 -0.0210735183
      vertex 0.0243799184 -0.00668844488 -0.0220479071
    endloop
  endfacet
  facet normal -0.923836946 0.120083265 0.363462865
    outer loop
      vertex 0.0248016771 -0.00741920387 -0.0207344629
      vertex 0.0243799184 -0.00668844488 -0.0220479071
      vertex 0.0243799053 -0.0077622314 -0.0216931757
    endloop
  endfacet
  facet normal -0.923840225 -0.120060548 -0.36346209
    outer loop
      vertex 0.0243799053 -0.0077622314 -0.0216931757
      vertex 0.0243799184 -0.00668844488 -0.0220479071
      vertex 0.0248016808 -0.0069840271 -0.0230222959
    endloop
  endfacet
  facet normal -0.923839986 -0.120061427 -0.363462538
    outer loop
      vertex 0.0243799053 -0.0077622314 -0.0216931757
      vertex 0.0248016808 -0.0069840271 -0.0230222959
      vertex 0.0248016678 -0.0081052687 -0.0226518866
    endloop
  endfacet
  facet normal -0.382588238 -0.28981331 -0.877288103
    outer loop
      vertex 0.0248016678 -0.0081052687 -0.0226518866
      vertex 0.0248016808 -0.0069840271 -0.0230222959
      vertex 0.0258199144 -0.00710647134 -0.0234259013
    endloop
  endfacet
  facet normal -0.382589221 -0.289812267 -0.877288103
    outer loop
      vertex 0.0248016678 -0.0081052687 -0.0226518866
      vertex 0.0258199144 -0.00710647134 -0.0234259013
      vertex 0.0258198995 -0.0082473699 -0.0230489988
    endloop
  endfacet
  facet normal 0.38258335 -0.246425927 -0.89045167
    outer loop
      vertex 0.0258199144 -0.00710647134 -0.0234259013
      vertex 0.0258199275 -0.00594847742 -0.023746362
      vertex 0.0268381629 -0.00584600819 -0.0233372338
    endloop
  endfacet
  facet normal 0.382582128 -0.246424869 -0.890452564
    outer loop
      vertex 0.0258199144 -0.00710647134 -0.0234259013
      vertex 0.0268381629 -0.00584600819 -0.0233372338
      vertex 0.0268381499 -0.00698405178 -0.0230222959
    endloop
  endfacet
  facet normal 0.923837245 -0.102103241 -0.368916839
    outer loop
      vertex 0.0268381499 -0.00698405178 -0.0230222959
      vertex 0.0268381629 -0.00584600819 -0.0233372338
      vertex 0.0272599328 -0.00559860189 -0.0223495159
    endloop
  endfacet
  facet normal 0.923837543 -0.102103621 -0.368916243
    outer loop
      vertex 0.0268381499 -0.00698405178 -0.0230222959
      vertex 0.0272599328 -0.00559860189 -0.0223495159
      vertex 0.0272599198 -0.00668847933 -0.0220479071
    endloop
  endfacet
  facet normal 0.923839629 0.102081716 0.368916988
    outer loop
      vertex 0.0272599198 -0.00668847933 -0.0220479071
      vertex 0.0272599328 -0.00559860189 -0.0223495159
      vertex 0.0268381685 -0.00535118533 -0.021361798
    endloop
  endfacet
  facet normal 0.92383939 0.102081418 0.368917406
    outer loop
      vertex 0.0272599198 -0.00668847933 -0.0220479071
      vertex 0.0268381685 -0.00535118533 -0.021361798
      vertex 0.0268381555 -0.00639289664 -0.0210735183
    endloop
  endfacet
  facet normal 0.382588148 0.246416047 0.890452325
    outer loop
      vertex 0.0268381555 -0.00639289664 -0.0210735183
      vertex 0.0268381685 -0.00535118533 -0.021361798
      vertex 0.0258199368 -0.00524869235 -0.0209526718
    endloop
  endfacet
  facet normal 0.382588297 0.246416211 0.890452206
    outer loop
      vertex 0.0268381555 -0.00639289664 -0.0210735183
      vertex 0.0258199368 -0.00524869235 -0.0209526718
      vertex 0.0258199237 -0.0062704524 -0.0206699129
    endloop
  endfacet
  facet normal -0.38258186 0.246426031 0.890452266
    outer loop
      vertex 0.0258199237 -0.0062704524 -0.0206699129
      vertex 0.0258199368 -0.00524869235 -0.0209526718
      vertex 0.0248017013 -0.00535116112 -0.021361798
    endloop
  endfacet
  facet normal -0.382582188 0.246425599 0.890452266
    outer loop
      vertex 0.0258199237 -0.0062704524 -0.0206699129
      vertex 0.0248017013 -0.00535116112 -0.021361798
      vertex 0.0248016883 -0.00639287243 -0.0210735183
    endloop
  endfacet
  facet normal -0.923837245 0.102104306 0.368916571
    outer loop
      vertex 0.0248016883 -0.00639287243 -0.0210735183
      vertex 0.0248017013 -0.00535116112 -0.021361798
      vertex 0.0243799314 -0.00559856743 -0.0223495159
    endloop
  endfacet
  facet normal -0.923837423 0.102103613 0.368916243
    outer loop
      vertex 0.0248016883 -0.00639287243 -0.0210735183
      vertex 0.0243799314 -0.00559856743 -0.0223495159
      vertex 0.0243799184 -0.00668844488 -0.0220479071
    endloop
  endfacet
  facet normal -0.923839569 -0.102081738 -0.368917018
    outer loop
      vertex 0.0243799184 -0.00668844488 -0.0220479071
      vertex 0.0243799314 -0.00559856743 -0.0223495159
      vertex 0.0248016957 -0.00584598351 -0.0233372338
    endloop
  endfacet
  facet normal -0.923840046 -0.10208042 -0.368916273
    outer loop
      vertex 0.0243799184 -0.00668844488 -0.0220479071
      vertex 0.0248016957 -0.00584598351 -0.0233372338
      vertex 0.0248016808 -0.0069840271 -0.0230222959
    endloop
  endfacet
  facet normal -0.382589757 -0.246415287 -0.890451908
    outer loop
      vertex 0.0248016808 -0.0069840271 -0.0230222959
      vertex 0.0248016957 -0.00584598351 -0.0233372338
      vertex 0.0258199275 -0.00594847742 -0.023746362
    endloop
  endfacet
  facet normal -0.382587761 -0.246417403 -0.890452147
    outer loop
      vertex 0.0248016808 -0.0069840271 -0.0230222959
      vertex 0.0258199275 -0.00594847742 -0.023746362
      vertex 0.0258199144 -0.00710647134 -0.0234259013
    endloop
  endfacet
  facet normal 0.382582724 -0.202436537 -0.9014709
    outer loop
      vertex 0.0258199275 -0.00594847742 -0.023746362
      vertex 0.0258199424 -0.00477613043 -0.0240096208
      vertex 0.026838176 -0.00469386019 -0.0235959589
    endloop
  endfacet
  facet normal 0.382583857 -0.202437535 -0.901470304
    outer loop
      vertex 0.0258199275 -0.00594847742 -0.023746362
      vertex 0.026838176 -0.00469386019 -0.0235959589
      vertex 0.0268381629 -0.00584600819 -0.0233372338
    endloop
  endfacet
  facet normal 0.923837304 -0.0838791877 -0.373482049
    outer loop
      vertex 0.0268381629 -0.00584600819 -0.0233372338
      vertex 0.026838176 -0.00469386019 -0.0235959589
      vertex 0.0272599459 -0.00449521653 -0.0225972906
    endloop
  endfacet
  facet normal 0.923837423 -0.0838794336 -0.373481691
    outer loop
      vertex 0.0268381629 -0.00584600819 -0.0233372338
      vertex 0.0272599459 -0.00449521653 -0.0225972906
      vertex 0.0272599328 -0.00559860189 -0.0223495159
    endloop
  endfacet
  facet normal 0.923839569 0.0838575289 0.373481363
    outer loop
      vertex 0.0272599328 -0.00559860189 -0.0223495159
      vertex 0.0272599459 -0.00449521653 -0.0225972906
      vertex 0.0268381815 -0.00429656357 -0.0215986222
    endloop
  endfacet
  facet normal 0.92383945 0.0838570967 0.373481989
    outer loop
      vertex 0.0272599328 -0.00559860189 -0.0223495159
      vertex 0.0268381815 -0.00429656357 -0.0215986222
      vertex 0.0268381685 -0.00535118533 -0.021361798
    endloop
  endfacet
  facet normal 0.382587045 0.202428147 0.901470959
    outer loop
      vertex 0.0268381685 -0.00535118533 -0.021361798
      vertex 0.0268381815 -0.00429656357 -0.0215986222
      vertex 0.0258199479 -0.00421426864 -0.0211849604
    endloop
  endfacet
  facet normal 0.382587612 0.202428743 0.901470602
    outer loop
      vertex 0.0268381685 -0.00535118533 -0.021361798
      vertex 0.0258199479 -0.00421426864 -0.0211849604
      vertex 0.0258199368 -0.00524869235 -0.0209526718
    endloop
  endfacet
  facet normal -0.382582784 0.202437028 0.90147078
    outer loop
      vertex 0.0258199368 -0.00524869235 -0.0209526718
      vertex 0.0258199479 -0.00421426864 -0.0211849604
      vertex 0.0248017143 -0.00429653935 -0.0215986222
    endloop
  endfacet
  facet normal -0.382582426 0.20243758 0.90147084
    outer loop
      vertex 0.0258199368 -0.00524869235 -0.0209526718
      vertex 0.0248017143 -0.00429653935 -0.0215986222
      vertex 0.0248017013 -0.00535116112 -0.021361798
    endloop
  endfacet
  facet normal -0.923837364 0.0838799253 0.373481989
    outer loop
      vertex 0.0248017013 -0.00535116112 -0.021361798
      vertex 0.0248017143 -0.00429653935 -0.0215986222
      vertex 0.0243799444 -0.00449518207 -0.0225972906
    endloop
  endfacet
  facet normal -0.923837423 0.0838794112 0.373481691
    outer loop
      vertex 0.0248017013 -0.00535116112 -0.021361798
      vertex 0.0243799444 -0.00449518207 -0.0225972906
      vertex 0.0243799314 -0.00559856743 -0.0223495159
    endloop
  endfacet
  facet normal -0.923839569 -0.0838575214 -0.373481363
    outer loop
      vertex 0.0243799314 -0.00559856743 -0.0223495159
      vertex 0.0243799444 -0.00449518207 -0.0225972906
      vertex 0.0248017088 -0.00469383551 -0.0235959589
    endloop
  endfacet
  facet normal -0.923839331 -0.0838582143 -0.37348175
    outer loop
      vertex 0.0243799314 -0.00559856743 -0.0223495159
      vertex 0.0248017088 -0.00469383551 -0.0235959589
      vertex 0.0248016957 -0.00584598351 -0.0233372338
    endloop
  endfacet
  facet normal -0.382586986 -0.202429011 -0.90147084
    outer loop
      vertex 0.0248016957 -0.00584598351 -0.0233372338
      vertex 0.0248017088 -0.00469383551 -0.0235959589
      vertex 0.0258199424 -0.00477613043 -0.0240096208
    endloop
  endfacet
  facet normal -0.382589161 -0.202426687 -0.901470423
    outer loop
      vertex 0.0248016957 -0.00584598351 -0.0233372338
      vertex 0.0258199424 -0.00477613043 -0.0240096208
      vertex 0.0258199275 -0.00594847742 -0.023746362
    endloop
  endfacet
  facet normal 0.382582575 -0.15795958 -0.910318315
    outer loop
      vertex 0.0258199424 -0.00477613043 -0.0240096208
      vertex 0.0258199554 -0.00359227788 -0.0242150389
      vertex 0.0268381909 -0.00353040406 -0.023797838
    endloop
  endfacet
  facet normal 0.38258329 -0.157960236 -0.910317838
    outer loop
      vertex 0.0258199424 -0.00477613043 -0.0240096208
      vertex 0.0268381909 -0.00353040406 -0.023797838
      vertex 0.026838176 -0.00469386019 -0.0235959589
    endloop
  endfacet
  facet normal 0.9238379 -0.0654530451 -0.377146453
    outer loop
      vertex 0.026838176 -0.00469386019 -0.0235959589
      vertex 0.0268381909 -0.00353040406 -0.023797838
      vertex 0.0272599589 -0.00338100269 -0.0227906257
    endloop
  endfacet
  facet normal 0.923837602 -0.0654523224 -0.377147436
    outer loop
      vertex 0.026838176 -0.00469386019 -0.0235959589
      vertex 0.0272599589 -0.00338100269 -0.0227906257
      vertex 0.0272599459 -0.00449521653 -0.0225972906
    endloop
  endfacet
  facet normal 0.923839569 0.0654305294 0.377146453
    outer loop
      vertex 0.0272599459 -0.00449521653 -0.0225972906
      vertex 0.0272599589 -0.00338100269 -0.0227906257
      vertex 0.0268381946 -0.00323159131 -0.0217834134
    endloop
  endfacet
  facet normal 0.92383939 0.0654301867 0.37714684
    outer loop
      vertex 0.0272599459 -0.00449521653 -0.0225972906
      vertex 0.0268381946 -0.00323159131 -0.0217834134
      vertex 0.0268381815 -0.00429656357 -0.0215986222
    endloop
  endfacet
  facet normal 0.382586509 0.157951295 0.910318077
    outer loop
      vertex 0.0268381815 -0.00429656357 -0.0215986222
      vertex 0.0268381946 -0.00323159131 -0.0217834134
      vertex 0.025819961 -0.00316969282 -0.0213662125
    endloop
  endfacet
  facet normal 0.382586479 0.15795128 0.910318017
    outer loop
      vertex 0.0268381815 -0.00429656357 -0.0215986222
      vertex 0.025819961 -0.00316969282 -0.0213662125
      vertex 0.0258199479 -0.00421426864 -0.0211849604
    endloop
  endfacet
  facet normal -0.382583171 0.157960802 0.910317838
    outer loop
      vertex 0.0258199479 -0.00421426864 -0.0211849604
      vertex 0.025819961 -0.00316969282 -0.0213662125
      vertex 0.0248017274 -0.00323156686 -0.0217834134
    endloop
  endfacet
  facet normal -0.38258338 0.157960564 0.910317719
    outer loop
      vertex 0.0258199479 -0.00421426864 -0.0211849604
      vertex 0.0248017274 -0.00323156686 -0.0217834134
      vertex 0.0248017143 -0.00429653935 -0.0215986222
    endloop
  endfacet
  facet normal -0.9238379 0.065452747 0.377146482
    outer loop
      vertex 0.0248017143 -0.00429653935 -0.0215986222
      vertex 0.0248017274 -0.00323156686 -0.0217834134
      vertex 0.0243799593 -0.00338096824 -0.0227906257
    endloop
  endfacet
  facet normal -0.923837543 0.0654538348 0.377147198
    outer loop
      vertex 0.0248017143 -0.00429653935 -0.0215986222
      vertex 0.0243799593 -0.00338096824 -0.0227906257
      vertex 0.0243799444 -0.00449518207 -0.0225972906
    endloop
  endfacet
  facet normal -0.923839569 -0.0654290169 -0.377146602
    outer loop
      vertex 0.0243799444 -0.00449518207 -0.0225972906
      vertex 0.0243799593 -0.00338096824 -0.0227906257
      vertex 0.0248017237 -0.00353037962 -0.023797838
    endloop
  endfacet
  facet normal -0.923839331 -0.0654294863 -0.377146959
    outer loop
      vertex 0.0243799444 -0.00449518207 -0.0225972906
      vertex 0.0248017237 -0.00353037962 -0.023797838
      vertex 0.0248017088 -0.00469383551 -0.0235959589
    endloop
  endfacet
  facet normal -0.382587016 -0.157950491 -0.910317957
    outer loop
      vertex 0.0248017088 -0.00469383551 -0.0235959589
      vertex 0.0248017237 -0.00353037962 -0.023797838
      vertex 0.0258199554 -0.00359227788 -0.0242150389
    endloop
  endfacet
  facet normal -0.382586479 -0.157951117 -0.910318077
    outer loop
      vertex 0.0248017088 -0.00469383551 -0.0235959589
      vertex 0.0258199554 -0.00359227788 -0.0242150389
      vertex 0.0258199424 -0.00477613043 -0.0240096208
    endloop
  endfacet
  facet normal 0.382584333 -0.113104127 -0.916971445
    outer loop
      vertex 0.0258199554 -0.00359227788 -0.0242150389
      vertex 0.0258199703 -0.00239977217 -0.0243621226
      vertex 0.0268382039 -0.00235844404 -0.0239423867
    endloop
  endfacet
  facet normal 0.382583082 -0.113102943 -0.91697216
    outer loop
      vertex 0.0258199554 -0.00359227788 -0.0242150389
      vertex 0.0268382039 -0.00235844404 -0.0239423867
      vertex 0.0268381909 -0.00353040406 -0.023797838
    endloop
  endfacet
  facet normal 0.923838139 -0.0468673036 -0.379903495
    outer loop
      vertex 0.0268381909 -0.00353040406 -0.023797838
      vertex 0.0268382039 -0.00235844404 -0.0239423867
      vertex 0.0272599719 -0.00225864444 -0.0229290556
    endloop
  endfacet
  facet normal 0.923838198 -0.0468674302 -0.379903376
    outer loop
      vertex 0.0268381909 -0.00353040406 -0.023797838
      vertex 0.0272599719 -0.00225864444 -0.0229290556
      vertex 0.0272599589 -0.00338100269 -0.0227906257
    endloop
  endfacet
  facet normal 0.923839331 0.0468459092 0.379902959
    outer loop
      vertex 0.0272599589 -0.00338100269 -0.0227906257
      vertex 0.0272599719 -0.00225864444 -0.0229290556
      vertex 0.0268382076 -0.00215883483 -0.0219157264
    endloop
  endfacet
  facet normal 0.923839271 0.0468457416 0.379903167
    outer loop
      vertex 0.0272599589 -0.00338100269 -0.0227906257
      vertex 0.0268382076 -0.00215883483 -0.0219157264
      vertex 0.0268381946 -0.00323159131 -0.0217834134
    endloop
  endfacet
  facet normal 0.382586777 0.113093972 0.916971684
    outer loop
      vertex 0.0268381946 -0.00323159131 -0.0217834134
      vertex 0.0268382076 -0.00215883483 -0.0219157264
      vertex 0.025819974 -0.00211748201 -0.0214959905
    endloop
  endfacet
  facet normal 0.382585913 0.113093093 0.91697216
    outer loop
      vertex 0.0268381946 -0.00323159131 -0.0217834134
      vertex 0.025819974 -0.00211748201 -0.0214959905
      vertex 0.025819961 -0.00316969282 -0.0213662125
    endloop
  endfacet
  facet normal -0.382583767 0.113102518 0.916971862
    outer loop
      vertex 0.025819961 -0.00316969282 -0.0213662125
      vertex 0.025819974 -0.00211748201 -0.0214959905
      vertex 0.0248017386 -0.00215881038 -0.0219157264
    endloop
  endfacet
  facet normal -0.382583708 0.113102637 0.916971862
    outer loop
      vertex 0.025819961 -0.00316969282 -0.0213662125
      vertex 0.0248017386 -0.00215881038 -0.0219157264
      vertex 0.0248017274 -0.00323156686 -0.0217834134
    endloop
  endfacet
  facet normal -0.923838437 0.046866551 0.37990275
    outer loop
      vertex 0.0248017274 -0.00323156686 -0.0217834134
      vertex 0.0248017386 -0.00215881038 -0.0219157264
      vertex 0.0243799724 -0.00225860998 -0.0229290556
    endloop
  endfacet
  facet normal -0.923838079 0.0468674451 0.379903346
    outer loop
      vertex 0.0248017274 -0.00323156686 -0.0217834134
      vertex 0.0243799724 -0.00225860998 -0.0229290556
      vertex 0.0243799593 -0.00338096824 -0.0227906257
    endloop
  endfacet
  facet normal -0.923839509 -0.0468458384 -0.379902393
    outer loop
      vertex 0.0243799593 -0.00338096824 -0.0227906257
      vertex 0.0243799724 -0.00225860998 -0.0229290556
      vertex 0.0248017367 -0.00235841959 -0.0239423867
    endloop
  endfacet
  facet normal -0.923839331 -0.0468467064 -0.379903048
    outer loop
      vertex 0.0243799593 -0.00338096824 -0.0227906257
      vertex 0.0248017367 -0.00235841959 -0.0239423867
      vertex 0.0248017237 -0.00353037962 -0.023797838
    endloop
  endfacet
  facet normal -0.382586747 -0.113094375 -0.916971684
    outer loop
      vertex 0.0248017237 -0.00353037962 -0.023797838
      vertex 0.0248017367 -0.00235841959 -0.0239423867
      vertex 0.0258199703 -0.00239977217 -0.0243621226
    endloop
  endfacet
  facet normal -0.382586509 -0.113094583 -0.916971684
    outer loop
      vertex 0.0248017237 -0.00353037962 -0.023797838
      vertex 0.0258199703 -0.00239977217 -0.0243621226
      vertex 0.0258199554 -0.00359227788 -0.0242150389
    endloop
  endfacet
  facet normal 0.382583976 -0.0679718405 -0.921416938
    outer loop
      vertex 0.0258199703 -0.00239977217 -0.0243621226
      vertex 0.0258199852 -0.00120148598 -0.0244505126
      vertex 0.0268382188 -0.00118080294 -0.0240292549
    endloop
  endfacet
  facet normal 0.382584959 -0.067972742 -0.921416581
    outer loop
      vertex 0.0258199703 -0.00239977217 -0.0243621226
      vertex 0.0268382188 -0.00118080294 -0.0240292549
      vertex 0.0268382039 -0.00235844404 -0.0239423867
    endloop
  endfacet
  facet normal 0.923838675 -0.0281708594 -0.381743908
    outer loop
      vertex 0.0268382039 -0.00235844404 -0.0239423867
      vertex 0.0268382188 -0.00118080294 -0.0240292549
      vertex 0.027259985 -0.00113084551 -0.0230122469
    endloop
  endfacet
  facet normal 0.923838258 -0.0281698331 -0.38174507
    outer loop
      vertex 0.0268382039 -0.00235844404 -0.0239423867
      vertex 0.027259985 -0.00113084551 -0.0230122469
      vertex 0.0272599719 -0.00225864444 -0.0229290556
    endloop
  endfacet
  facet normal 0.92383939 0.0281484053 0.381743997
    outer loop
      vertex 0.0272599719 -0.00225864444 -0.0229290556
      vertex 0.027259985 -0.00113084551 -0.0230122469
      vertex 0.0268382207 -0.00108087796 -0.0219952408
    endloop
  endfacet
  facet normal 0.923839152 0.028147852 0.381744623
    outer loop
      vertex 0.0272599719 -0.00225864444 -0.0229290556
      vertex 0.0268382207 -0.00108087796 -0.0219952408
      vertex 0.0268382076 -0.00215883483 -0.0219157264
    endloop
  endfacet
  facet normal 0.382585436 0.0679628178 0.921417058
    outer loop
      vertex 0.0268382076 -0.00215883483 -0.0219157264
      vertex 0.0268382207 -0.00108087796 -0.0219952408
      vertex 0.0258199871 -0.0010601707 -0.0215739831
    endloop
  endfacet
  facet normal 0.382586241 0.0679636821 0.9214167
    outer loop
      vertex 0.0268382076 -0.00215883483 -0.0219157264
      vertex 0.0258199871 -0.0010601707 -0.0215739831
      vertex 0.025819974 -0.00211748201 -0.0214959905
    endloop
  endfacet
  facet normal -0.38258338 0.0679731518 0.921417236
    outer loop
      vertex 0.025819974 -0.00211748201 -0.0214959905
      vertex 0.0258199871 -0.0010601707 -0.0215739831
      vertex 0.0248017516 -0.00108085352 -0.0219952408
    endloop
  endfacet
  facet normal -0.382584274 0.067972064 0.921416879
    outer loop
      vertex 0.025819974 -0.00211748201 -0.0214959905
      vertex 0.0248017516 -0.00108085352 -0.0219952408
      vertex 0.0248017386 -0.00215881038 -0.0219157264
    endloop
  endfacet
  facet normal -0.923838496 0.0281701945 0.381744534
    outer loop
      vertex 0.0248017386 -0.00215881038 -0.0219157264
      vertex 0.0248017516 -0.00108085352 -0.0219952408
      vertex 0.0243799854 -0.00113081094 -0.0230122469
    endloop
  endfacet
  facet normal -0.923838615 0.0281697772 0.381744206
    outer loop
      vertex 0.0248017386 -0.00215881038 -0.0219157264
      vertex 0.0243799854 -0.00113081094 -0.0230122469
      vertex 0.0243799724 -0.00225860998 -0.0229290556
    endloop
  endfacet
  facet normal -0.923839033 -0.028148463 -0.381744832
    outer loop
      vertex 0.0243799724 -0.00225860998 -0.0229290556
      vertex 0.0243799854 -0.00113081094 -0.0230122469
      vertex 0.0248017516 -0.00118077861 -0.0240292549
    endloop
  endfacet
  facet normal -0.923839331 -0.0281474888 -0.381744057
    outer loop
      vertex 0.0243799724 -0.00225860998 -0.0229290556
      vertex 0.0248017516 -0.00118077861 -0.0240292549
      vertex 0.0248017367 -0.00235841959 -0.0239423867
    endloop
  endfacet
  facet normal -0.382585496 -0.0679630935 -0.921417058
    outer loop
      vertex 0.0248017367 -0.00235841959 -0.0239423867
      vertex 0.0248017516 -0.00118077861 -0.0240292549
      vertex 0.0258199852 -0.00120148598 -0.0244505126
    endloop
  endfacet
  facet normal -0.382586211 -0.0679623112 -0.921416819
    outer loop
      vertex 0.0248017367 -0.00235841959 -0.0239423867
      vertex 0.0258199852 -0.00120148598 -0.0244505126
      vertex 0.0258199703 -0.00239977217 -0.0243621226
    endloop
  endfacet
  facet normal 0.382584184 -0.0226784665 -0.923642218
    outer loop
      vertex 0.0258199852 -0.00120148598 -0.0244505126
      vertex 0.0258199982 -3.05814268e-07 -0.0244800001
      vertex 0.0268382337 -3.18023581e-07 -0.0240582339
    endloop
  endfacet
  facet normal 0.382584542 -0.0226787776 -0.923642159
    outer loop
      vertex 0.0258199852 -0.00120148598 -0.0244505126
      vertex 0.0268382337 -3.18023581e-07 -0.0240582339
      vertex 0.0268382188 -0.00118080294 -0.0240292549
    endloop
  endfacet
  facet normal 0.923838675 -0.00940551981 -0.382666618
    outer loop
      vertex 0.0268382188 -0.00118080294 -0.0240292549
      vertex 0.0268382337 -3.18023581e-07 -0.0240582339
      vertex 0.0272599999 -3.23069116e-07 -0.0230400003
    endloop
  endfacet
  facet normal 0.923838973 -0.00940630864 -0.382665753
    outer loop
      vertex 0.0268382188 -0.00118080294 -0.0240292549
      vertex 0.0272599999 -3.23069116e-07 -0.0230400003
      vertex 0.027259985 -0.00113084551 -0.0230122469
    endloop
  endfacet
  facet normal 0.923838854 0.00938197877 0.382666558
    outer loop
      vertex 0.027259985 -0.00113084551 -0.0230122469
      vertex 0.0272599999 -3.23069116e-07 -0.0230400003
      vertex 0.0268382337 -3.17995273e-07 -0.0220217668
    endloop
  endfacet
  facet normal 0.923839152 0.00938264932 0.382665902
    outer loop
      vertex 0.027259985 -0.00113084551 -0.0230122469
      vertex 0.0268382337 -3.17995273e-07 -0.0220217668
      vertex 0.0268382207 -0.00108087796 -0.0219952408
    endloop
  endfacet
  facet normal 0.382584751 0.0226692483 0.923642278
    outer loop
      vertex 0.0268382207 -0.00108087796 -0.0219952408
      vertex 0.0268382337 -3.17995273e-07 -0.0220217668
      vertex 0.0258199982 -3.05774222e-07 -0.0216000006
    endloop
  endfacet
  facet normal 0.3825849 0.0226694066 0.923642218
    outer loop
      vertex 0.0268382207 -0.00108087796 -0.0219952408
      vertex 0.0258199982 -3.05774222e-07 -0.0216000006
      vertex 0.0258199871 -0.0010601707 -0.0215739831
    endloop
  endfacet
  facet normal -0.38258478 0.0226774793 0.92364198
    outer loop
      vertex 0.0258199871 -0.0010601707 -0.0215739831
      vertex 0.0258199982 -3.05774222e-07 -0.0216000006
      vertex 0.0248017646 -2.93564938e-07 -0.0220217668
    endloop
  endfacet
  facet normal -0.382583886 0.0226784945 0.923642337
    outer loop
      vertex 0.0258199871 -0.0010601707 -0.0215739831
      vertex 0.0248017646 -2.93564938e-07 -0.0220217668
      vertex 0.0248017516 -0.00108085352 -0.0219952408
    endloop
  endfacet
  facet normal -0.923838675 0.00940496754 0.382666558
    outer loop
      vertex 0.0248017516 -0.00108085352 -0.0219952408
      vertex 0.0248017646 -2.93564938e-07 -0.0220217668
      vertex 0.0243799984 -2.88519402e-07 -0.0230400003
    endloop
  endfacet
  facet normal -0.923838675 0.00940479524 0.382666439
    outer loop
      vertex 0.0248017516 -0.00108085352 -0.0219952408
      vertex 0.0243799984 -2.88519402e-07 -0.0230400003
      vertex 0.0243799854 -0.00113081094 -0.0230122469
    endloop
  endfacet
  facet normal -0.923838854 -0.00938350055 -0.382666558
    outer loop
      vertex 0.0243799854 -0.00113081094 -0.0230122469
      vertex 0.0243799984 -2.88519402e-07 -0.0230400003
      vertex 0.0248017646 -2.93593246e-07 -0.0240582339
    endloop
  endfacet
  facet normal -0.923838794 -0.00938365515 -0.382666767
    outer loop
      vertex 0.0243799854 -0.00113081094 -0.0230122469
      vertex 0.0248017646 -2.93593246e-07 -0.0240582339
      vertex 0.0248017516 -0.00118077861 -0.0240292549
    endloop
  endfacet
  facet normal -0.382585317 -0.0226697177 -0.92364198
    outer loop
      vertex 0.0248017516 -0.00118077861 -0.0240292549
      vertex 0.0248017646 -2.93593246e-07 -0.0240582339
      vertex 0.0258199982 -3.05814268e-07 -0.0244800001
    endloop
  endfacet
  facet normal -0.38258487 -0.0226701666 -0.923642218
    outer loop
      vertex 0.0248017516 -0.00118077861 -0.0240292549
      vertex 0.0258199982 -3.05814268e-07 -0.0244800001
      vertex 0.0258199852 -0.00120148598 -0.0244505126
    endloop
  endfacet
  facet normal 0.382584959 0.0226695668 -0.923642159
    outer loop
      vertex 0.0258199982 -3.05814268e-07 -0.0244800001
      vertex 0.0258200131 0.00120087422 -0.0244505126
      vertex 0.0268382467 0.00118016696 -0.0240292549
    endloop
  endfacet
  facet normal 0.382584751 0.0226697139 -0.923642278
    outer loop
      vertex 0.0258199982 -3.05814268e-07 -0.0244800001
      vertex 0.0268382467 0.00118016696 -0.0240292549
      vertex 0.0268382337 -3.18023581e-07 -0.0240582339
    endloop
  endfacet
  facet normal 0.923838854 0.00938365702 -0.382666737
    outer loop
      vertex 0.0268382337 -3.18023581e-07 -0.0240582339
      vertex 0.0268382467 0.00118016696 -0.0240292549
      vertex 0.0272600129 0.00113019941 -0.0230122469
    endloop
  endfacet
  facet normal 0.923838854 0.009383481 -0.382666588
    outer loop
      vertex 0.0268382337 -3.18023581e-07 -0.0240582339
      vertex 0.0272600129 0.00113019941 -0.0230122469
      vertex 0.0272599999 -3.23069116e-07 -0.0230400003
    endloop
  endfacet
  facet normal 0.923838675 -0.00940480456 0.382666379
    outer loop
      vertex 0.0272599999 -3.23069116e-07 -0.0230400003
      vertex 0.0272600129 0.00113019941 -0.0230122469
      vertex 0.0268382467 0.00108024187 -0.0219952408
    endloop
  endfacet
  facet normal 0.923838675 -0.00940497592 0.382666618
    outer loop
      vertex 0.0272599999 -3.23069116e-07 -0.0230400003
      vertex 0.0268382467 0.00108024187 -0.0219952408
      vertex 0.0268382337 -3.17995273e-07 -0.0220217668
    endloop
  endfacet
  facet normal 0.382583916 -0.0226784833 0.923642337
    outer loop
      vertex 0.0268382337 -3.17995273e-07 -0.0220217668
      vertex 0.0268382467 0.00108024187 -0.0219952408
      vertex 0.0258200113 0.00105955894 -0.0215739831
    endloop
  endfacet
  facet normal 0.382584155 -0.0226781536 0.923642218
    outer loop
      vertex 0.0268382337 -3.17995273e-07 -0.0220217668
      vertex 0.0258200113 0.00105955894 -0.0215739831
      vertex 0.0258199982 -3.05774222e-07 -0.0216000006
    endloop
  endfacet
  facet normal -0.382584929 -0.0226687472 0.923642218
    outer loop
      vertex 0.0258199982 -3.05774222e-07 -0.0216000006
      vertex 0.0258200113 0.00105955894 -0.0215739831
      vertex 0.0248017777 0.00108026632 -0.0219952408
    endloop
  endfacet
  facet normal -0.382585347 -0.0226692408 0.923642099
    outer loop
      vertex 0.0258199982 -3.05774222e-07 -0.0216000006
      vertex 0.0248017777 0.00108026632 -0.0219952408
      vertex 0.0248017646 -2.93564938e-07 -0.0220217668
    endloop
  endfacet
  facet normal -0.923839152 -0.00938265771 0.382665902
    outer loop
      vertex 0.0248017646 -2.93564938e-07 -0.0220217668
      vertex 0.0248017777 0.00108026632 -0.0219952408
      vertex 0.0243800133 0.00113023398 -0.0230122469
    endloop
  endfacet
  facet normal -0.923838794 -0.00938197412 0.382666528
    outer loop
      vertex 0.0248017646 -2.93564938e-07 -0.0220217668
      vertex 0.0243800133 0.00113023398 -0.0230122469
      vertex 0.0243799984 -2.88519402e-07 -0.0230400003
    endloop
  endfacet
  facet normal -0.923838973 0.00940631237 -0.382665753
    outer loop
      vertex 0.0243799984 -2.88519402e-07 -0.0230400003
      vertex 0.0243800133 0.00113023398 -0.0230122469
      vertex 0.0248017795 0.00118019129 -0.0240292549
    endloop
  endfacet
  facet normal -0.923838675 0.00940550957 -0.382666618
    outer loop
      vertex 0.0243799984 -2.88519402e-07 -0.0230400003
      vertex 0.0248017795 0.00118019129 -0.0240292549
      vertex 0.0248017646 -2.93593246e-07 -0.0240582339
    endloop
  endfacet
  facet normal -0.382584512 0.0226787794 -0.923642159
    outer loop
      vertex 0.0248017646 -2.93593246e-07 -0.0240582339
      vertex 0.0248017795 0.00118019129 -0.0240292549
      vertex 0.0258200131 0.00120087422 -0.0244505126
    endloop
  endfacet
  facet normal -0.38258481 0.0226790588 -0.92364198
    outer loop
      vertex 0.0248017646 -2.93593246e-07 -0.0240582339
      vertex 0.0258200131 0.00120087422 -0.0244505126
      vertex 0.0258199982 -3.05814268e-07 -0.0244800001
    endloop
  endfacet
  facet normal 0.38258478 0.0679636449 -0.921417296
    outer loop
      vertex 0.0258200131 0.00120087422 -0.0244505126
      vertex 0.025820028 0.00239913748 -0.0243621226
      vertex 0.0268382616 0.00235778512 -0.0239423886
    endloop
  endfacet
  facet normal 0.382585436 0.0679629296 -0.921417058
    outer loop
      vertex 0.0258200131 0.00120087422 -0.0244505126
      vertex 0.0268382616 0.00235778512 -0.0239423886
      vertex 0.0268382467 0.00118016696 -0.0240292549
    endloop
  endfacet
  facet normal 0.92383939 0.0281474367 -0.381744027
    outer loop
      vertex 0.0268382467 0.00118016696 -0.0240292549
      vertex 0.0268382616 0.00235778512 -0.0239423886
      vertex 0.027260026 0.00225797645 -0.0229290575
    endloop
  endfacet
  facet normal 0.923838973 0.0281483829 -0.381744832
    outer loop
      vertex 0.0268382467 0.00118016696 -0.0240292549
      vertex 0.027260026 0.00225797645 -0.0229290575
      vertex 0.0272600129 0.00113019941 -0.0230122469
    endloop
  endfacet
  facet normal 0.923838913 -0.0281696562 0.38174367
    outer loop
      vertex 0.0272600129 0.00113019941 -0.0230122469
      vertex 0.027260026 0.00225797645 -0.0229290575
      vertex 0.0268382598 0.00215817778 -0.0219157264
    endloop
  endfacet
  facet normal 0.923838437 -0.0281707253 0.381744504
    outer loop
      vertex 0.0272600129 0.00113019941 -0.0230122469
      vertex 0.0268382598 0.00215817778 -0.0219157264
      vertex 0.0268382467 0.00108024187 -0.0219952408
    endloop
  endfacet
  facet normal 0.382582843 -0.0679734126 0.921417356
    outer loop
      vertex 0.0268382467 0.00108024187 -0.0219952408
      vertex 0.0268382598 0.00215817778 -0.0219157264
      vertex 0.0258200243 0.00211685011 -0.0214959923
    endloop
  endfacet
  facet normal 0.38258338 -0.0679728165 0.921417177
    outer loop
      vertex 0.0268382467 0.00108024187 -0.0219952408
      vertex 0.0258200243 0.00211685011 -0.0214959923
      vertex 0.0258200113 0.00105955894 -0.0215739831
    endloop
  endfacet
  facet normal -0.382584751 -0.0679633915 0.921417296
    outer loop
      vertex 0.0258200113 0.00105955894 -0.0215739831
      vertex 0.0258200243 0.00211685011 -0.0214959923
      vertex 0.0248017907 0.00215820223 -0.0219157264
    endloop
  endfacet
  facet normal -0.382585406 -0.0679641441 0.921416938
    outer loop
      vertex 0.0258200113 0.00105955894 -0.0215739831
      vertex 0.0248017907 0.00215820223 -0.0219157264
      vertex 0.0248017777 0.00108026632 -0.0219952408
    endloop
  endfacet
  facet normal -0.92383945 -0.028148355 0.381743997
    outer loop
      vertex 0.0248017777 0.00108026632 -0.0219952408
      vertex 0.0248017907 0.00215820223 -0.0219157264
      vertex 0.0243800264 0.00225801091 -0.0229290575
    endloop
  endfacet
  facet normal -0.92383939 -0.0281483345 0.381743968
    outer loop
      vertex 0.0248017777 0.00108026632 -0.0219952408
      vertex 0.0243800264 0.00225801091 -0.0229290575
      vertex 0.0243800133 0.00113023398 -0.0230122469
    endloop
  endfacet
  facet normal -0.923838317 0.0281697661 -0.3817451
    outer loop
      vertex 0.0243800133 0.00113023398 -0.0230122469
      vertex 0.0243800264 0.00225801091 -0.0229290575
      vertex 0.0248017944 0.00235780957 -0.0239423886
    endloop
  endfacet
  facet normal -0.923838735 0.0281708091 -0.381743878
    outer loop
      vertex 0.0243800133 0.00113023398 -0.0230122469
      vertex 0.0248017944 0.00235780957 -0.0239423886
      vertex 0.0248017795 0.00118019129 -0.0240292549
    endloop
  endfacet
  facet normal -0.382583499 0.0679726452 -0.921417236
    outer loop
      vertex 0.0248017795 0.00118019129 -0.0240292549
      vertex 0.0248017944 0.00235780957 -0.0239423886
      vertex 0.025820028 0.00239913748 -0.0243621226
    endloop
  endfacet
  facet normal -0.382584006 0.0679731444 -0.921416998
    outer loop
      vertex 0.0248017795 0.00118019129 -0.0240292549
      vertex 0.025820028 0.00239913748 -0.0243621226
      vertex 0.0258200131 0.00120087422 -0.0244505126
    endloop
  endfacet
  facet normal 0.382586509 0.113091767 -0.91697216
    outer loop
      vertex 0.025820028 0.00239913748 -0.0243621226
      vertex 0.0258200429 0.00359164341 -0.0242150426
      vertex 0.0268382747 0.00352974515 -0.0237978417
    endloop
  endfacet
  facet normal 0.382585317 0.113092996 -0.916972399
    outer loop
      vertex 0.025820028 0.00239913748 -0.0243621226
      vertex 0.0268382747 0.00352974515 -0.0237978417
      vertex 0.0268382616 0.00235778512 -0.0239423886
    endloop
  endfacet
  facet normal 0.923839271 0.0468461104 -0.379903167
    outer loop
      vertex 0.0268382616 0.00235778512 -0.0239423886
      vertex 0.0268382747 0.00352974515 -0.0237978417
      vertex 0.027260039 0.00338033494 -0.0227906294
    endloop
  endfacet
  facet normal 0.923839509 0.0468452275 -0.379902482
    outer loop
      vertex 0.0268382616 0.00235778512 -0.0239423886
      vertex 0.027260039 0.00338033494 -0.0227906294
      vertex 0.027260026 0.00225797645 -0.0229290575
    endloop
  endfacet
  facet normal 0.923838377 -0.0468667261 0.379902899
    outer loop
      vertex 0.027260026 0.00225797645 -0.0229290575
      vertex 0.027260039 0.00338033494 -0.0227906294
      vertex 0.0268382709 0.00323093473 -0.0217834152
    endloop
  endfacet
  facet normal 0.923838675 -0.0468658097 0.379902273
    outer loop
      vertex 0.027260026 0.00225797645 -0.0229290575
      vertex 0.0268382709 0.00323093473 -0.0217834152
      vertex 0.0268382598 0.00215817778 -0.0219157264
    endloop
  endfacet
  facet normal 0.382583678 -0.113101028 0.91697222
    outer loop
      vertex 0.0268382598 0.00215817778 -0.0219157264
      vertex 0.0268382709 0.00323093473 -0.0217834152
      vertex 0.0258200374 0.00316906115 -0.0213662144
    endloop
  endfacet
  facet normal 0.382582277 -0.113102563 0.916972518
    outer loop
      vertex 0.0268382598 0.00215817778 -0.0219157264
      vertex 0.0258200374 0.00316906115 -0.0213662144
      vertex 0.0258200243 0.00211685011 -0.0214959923
    endloop
  endfacet
  facet normal -0.382585883 -0.113093056 0.91697222
    outer loop
      vertex 0.0258200243 0.00211685011 -0.0214959923
      vertex 0.0258200374 0.00316906115 -0.0213662144
      vertex 0.0248018038 0.00323095918 -0.0217834152
    endloop
  endfacet
  facet normal -0.382585317 -0.113092422 0.916972518
    outer loop
      vertex 0.0258200243 0.00211685011 -0.0214959923
      vertex 0.0248018038 0.00323095918 -0.0217834152
      vertex 0.0248017907 0.00215820223 -0.0219157264
    endloop
  endfacet
  facet normal -0.923839509 -0.0468450189 0.37990278
    outer loop
      vertex 0.0248017907 0.00215820223 -0.0219157264
      vertex 0.0248018038 0.00323095918 -0.0217834152
      vertex 0.0243800394 0.0033803694 -0.0227906294
    endloop
  endfacet
  facet normal -0.923839569 -0.0468452126 0.379902571
    outer loop
      vertex 0.0248017907 0.00215820223 -0.0219157264
      vertex 0.0243800394 0.0033803694 -0.0227906294
      vertex 0.0243800264 0.00225801091 -0.0229290575
    endloop
  endfacet
  facet normal -0.923838079 0.0468668006 -0.379903495
    outer loop
      vertex 0.0243800264 0.00225801091 -0.0229290575
      vertex 0.0243800394 0.0033803694 -0.0227906294
      vertex 0.0248018075 0.0035297696 -0.0237978417
    endloop
  endfacet
  facet normal -0.923838079 0.0468667224 -0.379903615
    outer loop
      vertex 0.0243800264 0.00225801091 -0.0229290575
      vertex 0.0248018075 0.0035297696 -0.0237978417
      vertex 0.0248017944 0.00235780957 -0.0239423886
    endloop
  endfacet
  facet normal -0.382583082 0.113101505 -0.91697228
    outer loop
      vertex 0.0248017944 0.00235780957 -0.0239423886
      vertex 0.0248018075 0.0035297696 -0.0237978417
      vertex 0.0258200429 0.00359164341 -0.0242150426
    endloop
  endfacet
  facet normal -0.382582903 0.113101371 -0.916972399
    outer loop
      vertex 0.0248017944 0.00235780957 -0.0239423886
      vertex 0.0258200429 0.00359164341 -0.0242150426
      vertex 0.025820028 0.00239913748 -0.0243621226
    endloop
  endfacet
  facet normal 0.38258642 0.157949746 -0.910318375
    outer loop
      vertex 0.0258200429 0.00359164341 -0.0242150426
      vertex 0.025820056 0.00477549573 -0.0240096264
      vertex 0.0268382896 0.00469320128 -0.0235959645
    endloop
  endfacet
  facet normal 0.382587075 0.15794906 -0.910318196
    outer loop
      vertex 0.0258200429 0.00359164341 -0.0242150426
      vertex 0.0268382896 0.00469320128 -0.0235959645
      vertex 0.0268382747 0.00352974515 -0.0237978417
    endloop
  endfacet
  facet normal 0.92383939 0.0654288903 -0.377147138
    outer loop
      vertex 0.0268382747 0.00352974515 -0.0237978417
      vertex 0.0268382896 0.00469320128 -0.0235959645
      vertex 0.0272600539 0.00449454924 -0.0225972962
    endloop
  endfacet
  facet normal 0.923839569 0.0654283911 -0.37714681
    outer loop
      vertex 0.0268382747 0.00352974515 -0.0237978417
      vertex 0.0272600539 0.00449454924 -0.0225972962
      vertex 0.027260039 0.00338033494 -0.0227906294
    endloop
  endfacet
  facet normal 0.923837781 -0.0654530972 0.37714678
    outer loop
      vertex 0.027260039 0.00338033494 -0.0227906294
      vertex 0.0272600539 0.00449454924 -0.0225972962
      vertex 0.026838284 0.00429590745 -0.0215986259
    endloop
  endfacet
  facet normal 0.923838079 -0.0654520169 0.377146035
    outer loop
      vertex 0.027260039 0.00338033494 -0.0227906294
      vertex 0.026838284 0.00429590745 -0.0215986259
      vertex 0.0268382709 0.00323093473 -0.0217834152
    endloop
  endfacet
  facet normal 0.38258329 -0.157958999 0.910318136
    outer loop
      vertex 0.0268382709 0.00323093473 -0.0217834152
      vertex 0.026838284 0.00429590745 -0.0215986259
      vertex 0.0258200504 0.00421363721 -0.0211849641
    endloop
  endfacet
  facet normal 0.382583082 -0.157959178 0.910318077
    outer loop
      vertex 0.0268382709 0.00323093473 -0.0217834152
      vertex 0.0258200504 0.00421363721 -0.0211849641
      vertex 0.0258200374 0.00316906115 -0.0213662144
    endloop
  endfacet
  facet normal -0.38258639 -0.157949686 0.910318315
    outer loop
      vertex 0.0258200374 0.00316906115 -0.0213662144
      vertex 0.0258200504 0.00421363721 -0.0211849641
      vertex 0.0248018168 0.00429593166 -0.0215986259
    endloop
  endfacet
  facet normal -0.38258642 -0.157949731 0.910318315
    outer loop
      vertex 0.0258200374 0.00316906115 -0.0213662144
      vertex 0.0248018168 0.00429593166 -0.0215986259
      vertex 0.0248018038 0.00323095918 -0.0217834152
    endloop
  endfacet
  facet normal -0.923839569 -0.065429464 0.377146423
    outer loop
      vertex 0.0248018038 0.00323095918 -0.0217834152
      vertex 0.0248018168 0.00429593166 -0.0215986259
      vertex 0.0243800525 0.0044945837 -0.0225972962
    endloop
  endfacet
  facet normal -0.923839748 -0.0654297918 0.377145976
    outer loop
      vertex 0.0248018038 0.00323095918 -0.0217834152
      vertex 0.0243800525 0.0044945837 -0.0225972962
      vertex 0.0243800394 0.0033803694 -0.0227906294
    endloop
  endfacet
  facet normal -0.923837483 0.0654516965 -0.377147615
    outer loop
      vertex 0.0243800394 0.0033803694 -0.0227906294
      vertex 0.0243800525 0.0044945837 -0.0225972962
      vertex 0.0248018224 0.00469322596 -0.0235959645
    endloop
  endfacet
  facet normal -0.923837841 0.0654524565 -0.377146631
    outer loop
      vertex 0.0243800394 0.0033803694 -0.0227906294
      vertex 0.0248018224 0.00469322596 -0.0235959645
      vertex 0.0248018075 0.0035297696 -0.0237978417
    endloop
  endfacet
  facet normal -0.382583171 0.157958806 -0.910318136
    outer loop
      vertex 0.0248018075 0.0035297696 -0.0237978417
      vertex 0.0248018224 0.00469322596 -0.0235959645
      vertex 0.025820056 0.00477549573 -0.0240096264
    endloop
  endfacet
  facet normal -0.382582605 0.157958224 -0.910318553
    outer loop
      vertex 0.0248018075 0.0035297696 -0.0237978417
      vertex 0.025820056 0.00477549573 -0.0240096264
      vertex 0.0258200429 0.00359164341 -0.0242150426
    endloop
  endfacet
  facet normal 0.382587612 0.202426821 -0.901471078
    outer loop
      vertex 0.025820056 0.00477549573 -0.0240096264
      vertex 0.0258200709 0.00594784273 -0.0237463675
      vertex 0.0268383026 0.00584534975 -0.0233372413
    endloop
  endfacet
  facet normal 0.382586956 0.202427551 -0.901471198
    outer loop
      vertex 0.025820056 0.00477549573 -0.0240096264
      vertex 0.0268383026 0.00584534975 -0.0233372413
      vertex 0.0268382896 0.00469320128 -0.0235959645
    endloop
  endfacet
  facet normal 0.923839629 0.0838574991 -0.373481393
    outer loop
      vertex 0.0268382896 0.00469320128 -0.0235959645
      vertex 0.0268383026 0.00584534975 -0.0233372413
      vertex 0.0272600669 0.00559793459 -0.0223495215
    endloop
  endfacet
  facet normal 0.923839569 0.0838575512 -0.373481452
    outer loop
      vertex 0.0268382896 0.00469320128 -0.0235959645
      vertex 0.0272600669 0.00559793459 -0.0223495215
      vertex 0.0272600539 0.00449454924 -0.0225972962
    endloop
  endfacet
  facet normal 0.923837423 -0.0838794634 0.37348184
    outer loop
      vertex 0.0272600539 0.00449454924 -0.0225972962
      vertex 0.0272600669 0.00559793459 -0.0223495215
      vertex 0.026838297 0.00535052968 -0.0213618036
    endloop
  endfacet
  facet normal 0.923837543 -0.0838791505 0.373481631
    outer loop
      vertex 0.0272600539 0.00449454924 -0.0225972962
      vertex 0.026838297 0.00535052968 -0.0213618036
      vertex 0.026838284 0.00429590745 -0.0215986259
    endloop
  endfacet
  facet normal 0.382582366 -0.20243597 0.901471257
    outer loop
      vertex 0.026838284 0.00429590745 -0.0215986259
      vertex 0.026838297 0.00535052968 -0.0213618036
      vertex 0.0258200616 0.00524806092 -0.0209526774
    endloop
  endfacet
  facet normal 0.382582754 -0.202435538 0.901471138
    outer loop
      vertex 0.026838284 0.00429590745 -0.0215986259
      vertex 0.0258200616 0.00524806092 -0.0209526774
      vertex 0.0258200504 0.00421363721 -0.0211849641
    endloop
  endfacet
  facet normal -0.382587582 -0.202427194 0.901471019
    outer loop
      vertex 0.0258200504 0.00421363721 -0.0211849641
      vertex 0.0258200616 0.00524806092 -0.0209526774
      vertex 0.0248018298 0.0053505539 -0.0213618036
    endloop
  endfacet
  facet normal -0.382586926 -0.202426523 0.901471376
    outer loop
      vertex 0.0258200504 0.00421363721 -0.0211849641
      vertex 0.0248018298 0.0053505539 -0.0213618036
      vertex 0.0248018168 0.00429593166 -0.0215986259
    endloop
  endfacet
  facet normal -0.923839271 -0.0838564485 0.373482257
    outer loop
      vertex 0.0248018168 0.00429593166 -0.0215986259
      vertex 0.0248018298 0.0053505539 -0.0213618036
      vertex 0.0243800655 0.00559796905 -0.0223495215
    endloop
  endfacet
  facet normal -0.923839808 -0.0838574171 0.373480856
    outer loop
      vertex 0.0248018168 0.00429593166 -0.0215986259
      vertex 0.0243800655 0.00559796905 -0.0223495215
      vertex 0.0243800525 0.0044945837 -0.0225972962
    endloop
  endfacet
  facet normal -0.923837662 0.0838793218 -0.373481154
    outer loop
      vertex 0.0243800525 0.0044945837 -0.0225972962
      vertex 0.0243800655 0.00559796905 -0.0223495215
      vertex 0.0248018354 0.00584537443 -0.0233372413
    endloop
  endfacet
  facet normal -0.923837364 0.0838786215 -0.373482317
    outer loop
      vertex 0.0243800525 0.0044945837 -0.0225972962
      vertex 0.0248018354 0.00584537443 -0.0233372413
      vertex 0.0248018224 0.00469322596 -0.0235959645
    endloop
  endfacet
  facet normal -0.382582277 0.202436209 -0.901471198
    outer loop
      vertex 0.0248018224 0.00469322596 -0.0235959645
      vertex 0.0248018354 0.00584537443 -0.0233372413
      vertex 0.0258200709 0.00594784273 -0.0237463675
    endloop
  endfacet
  facet normal -0.382582694 0.202436566 -0.901471019
    outer loop
      vertex 0.0248018224 0.00469322596 -0.0235959645
      vertex 0.0258200709 0.00594784273 -0.0237463675
      vertex 0.025820056 0.00477549573 -0.0240096264
    endloop
  endfacet
  facet normal 0.38258782 0.246418059 -0.890451968
    outer loop
      vertex 0.0258200709 0.00594784273 -0.0237463675
      vertex 0.0258200839 0.00710586039 -0.0234258994
      vertex 0.0268383175 0.00698341569 -0.023022294
    endloop
  endfacet
  facet normal 0.382588118 0.246417731 -0.890451908
    outer loop
      vertex 0.0258200709 0.00594784273 -0.0237463675
      vertex 0.0268383175 0.00698341569 -0.023022294
      vertex 0.0268383026 0.00584534975 -0.0233372413
    endloop
  endfacet
  facet normal 0.923839986 0.102081344 -0.368915975
    outer loop
      vertex 0.0268383026 0.00584534975 -0.0233372413
      vertex 0.0268383175 0.00698341569 -0.023022294
      vertex 0.02726008 0.00668783346 -0.0220479053
    endloop
  endfacet
  facet normal 0.923839808 0.102082074 -0.368916422
    outer loop
      vertex 0.0268383026 0.00584534975 -0.0233372413
      vertex 0.02726008 0.00668783346 -0.0220479053
      vertex 0.0272600669 0.00559793459 -0.0223495215
    endloop
  endfacet
  facet normal 0.923837483 -0.102104098 0.368916065
    outer loop
      vertex 0.0272600669 0.00559793459 -0.0223495215
      vertex 0.02726008 0.00668783346 -0.0220479053
      vertex 0.0268383101 0.00639226101 -0.0210735165
    endloop
  endfacet
  facet normal 0.923837185 -0.102104954 0.368916541
    outer loop
      vertex 0.0272600669 0.00559793459 -0.0223495215
      vertex 0.0268383101 0.00639226101 -0.0210735165
      vertex 0.026838297 0.00535052968 -0.0213618036
    endloop
  endfacet
  facet normal 0.382580876 -0.246427268 0.890452445
    outer loop
      vertex 0.026838297 0.00535052968 -0.0213618036
      vertex 0.0268383101 0.00639226101 -0.0210735165
      vertex 0.0258200746 0.00626984099 -0.0206699129
    endloop
  endfacet
  facet normal 0.38258189 -0.246426076 0.890452325
    outer loop
      vertex 0.026838297 0.00535052968 -0.0213618036
      vertex 0.0258200746 0.00626984099 -0.0206699129
      vertex 0.0258200616 0.00524806092 -0.0209526774
    endloop
  endfacet
  facet normal -0.382586956 -0.24641645 0.890452743
    outer loop
      vertex 0.0258200616 0.00524806092 -0.0209526774
      vertex 0.0258200746 0.00626984099 -0.0206699129
      vertex 0.0248018429 0.00639228523 -0.0210735165
    endloop
  endfacet
  facet normal -0.382588148 -0.246417567 0.890451908
    outer loop
      vertex 0.0258200616 0.00524806092 -0.0209526774
      vertex 0.0248018429 0.00639228523 -0.0210735165
      vertex 0.0248018298 0.0053505539 -0.0213618036
    endloop
  endfacet
  facet normal -0.92383945 -0.102082044 0.368917257
    outer loop
      vertex 0.0248018298 0.0053505539 -0.0213618036
      vertex 0.0248018429 0.00639228523 -0.0210735165
      vertex 0.0243800785 0.00668786792 -0.0220479053
    endloop
  endfacet
  facet normal -0.923839569 -0.10208223 0.368916959
    outer loop
      vertex 0.0248018298 0.0053505539 -0.0213618036
      vertex 0.0243800785 0.00668786792 -0.0220479053
      vertex 0.0243800655 0.00559796905 -0.0223495215
    endloop
  endfacet
  facet normal -0.923837483 0.10210409 -0.368916065
    outer loop
      vertex 0.0243800655 0.00559796905 -0.0223495215
      vertex 0.0243800785 0.00668786792 -0.0220479053
      vertex 0.0248018485 0.00698344037 -0.023022294
    endloop
  endfacet
  facet normal -0.923837483 0.10210406 -0.368916124
    outer loop
      vertex 0.0243800655 0.00559796905 -0.0223495215
      vertex 0.0248018485 0.00698344037 -0.023022294
      vertex 0.0248018354 0.00584537443 -0.0233372413
    endloop
  endfacet
  facet normal -0.382582247 0.246427163 -0.890451908
    outer loop
      vertex 0.0248018354 0.00584537443 -0.0233372413
      vertex 0.0248018485 0.00698344037 -0.023022294
      vertex 0.0258200839 0.00710586039 -0.0234258994
    endloop
  endfacet
  facet normal -0.382581741 0.246426716 -0.890452206
    outer loop
      vertex 0.0248018354 0.00584537443 -0.0233372413
      vertex 0.0258200839 0.00710586039 -0.0234258994
      vertex 0.0258200709 0.00594784273 -0.0237463675
    endloop
  endfacet
  facet normal 0.382589191 0.289810985 -0.87728852
    outer loop
      vertex 0.0258200839 0.00710586039 -0.0234258994
      vertex 0.0258200988 0.00824675895 -0.0230489988
      vertex 0.0268383306 0.00810465775 -0.0226518866
    endloop
  endfacet
  facet normal 0.382588357 0.289811879 -0.87728852
    outer loop
      vertex 0.0258200839 0.00710586039 -0.0234258994
      vertex 0.0268383306 0.00810465775 -0.0226518866
      vertex 0.0268383175 0.00698341569 -0.023022294
    endloop
  endfacet
  facet normal 0.923839986 0.120060839 -0.363462687
    outer loop
      vertex 0.0268383175 0.00698341569 -0.023022294
      vertex 0.0268383306 0.00810465775 -0.0226518866
      vertex 0.027260093 0.00776161999 -0.0216931757
    endloop
  endfacet
  facet normal 0.923840284 0.120059967 -0.363462269
    outer loop
      vertex 0.0268383175 0.00698341569 -0.023022294
      vertex 0.027260093 0.00776161999 -0.0216931757
      vertex 0.02726008 0.00668783346 -0.0220479053
    endloop
  endfacet
  facet normal 0.923837006 -0.120082669 0.363463074
    outer loop
      vertex 0.02726008 0.00668783346 -0.0220479053
      vertex 0.027260093 0.00776161999 -0.0216931757
      vertex 0.0268383212 0.00741859246 -0.0207344629
    endloop
  endfacet
  facet normal 0.923837245 -0.120081708 0.363462627
    outer loop
      vertex 0.02726008 0.00668783346 -0.0220479053
      vertex 0.0268383212 0.00741859246 -0.0207344629
      vertex 0.0268383101 0.00639226101 -0.0210735165
    endloop
  endfacet
  facet normal 0.382580727 -0.28982082 0.877288938
    outer loop
      vertex 0.0268383101 0.00639226101 -0.0210735165
      vertex 0.0268383212 0.00741859246 -0.0207344629
      vertex 0.0258200858 0.00727651594 -0.0203373525
    endloop
  endfacet
  facet normal 0.38258031 -0.289821237 0.877288938
    outer loop
      vertex 0.0268383101 0.00639226101 -0.0210735165
      vertex 0.0258200858 0.00727651594 -0.0203373525
      vertex 0.0258200746 0.00626984099 -0.0206699129
    endloop
  endfacet
  facet normal -0.382587761 -0.289812684 0.87728864
    outer loop
      vertex 0.0258200746 0.00626984099 -0.0206699129
      vertex 0.0258200858 0.00727651594 -0.0203373525
      vertex 0.024801854 0.00741861667 -0.0207344629
    endloop
  endfacet
  facet normal -0.382587492 -0.289812446 0.877288818
    outer loop
      vertex 0.0258200746 0.00626984099 -0.0206699129
      vertex 0.024801854 0.00741861667 -0.0207344629
      vertex 0.0248018429 0.00639228523 -0.0210735165
    endloop
  endfacet
  facet normal -0.923840165 -0.120061338 0.363461852
    outer loop
      vertex 0.0248018429 0.00639228523 -0.0210735165
      vertex 0.024801854 0.00741861667 -0.0207344629
      vertex 0.0243800916 0.00776165444 -0.0216931757
    endloop
  endfacet
  facet normal -0.923839688 -0.120060399 0.363463581
    outer loop
      vertex 0.0248018429 0.00639228523 -0.0210735165
      vertex 0.0243800916 0.00776165444 -0.0216931757
      vertex 0.0243800785 0.00668786792 -0.0220479053
    endloop
  endfacet
  facet normal -0.923836768 0.120082848 -0.36346361
    outer loop
      vertex 0.0243800785 0.00668786792 -0.0220479053
      vertex 0.0243800916 0.00776165444 -0.0216931757
      vertex 0.0248018634 0.00810468197 -0.0226518866
    endloop
  endfacet
  facet normal -0.923837304 0.120083712 -0.36346209
    outer loop
      vertex 0.0243800785 0.00668786792 -0.0220479053
      vertex 0.0248018634 0.00810468197 -0.0226518866
      vertex 0.0248018485 0.00698344037 -0.023022294
    endloop
  endfacet
  facet normal -0.382582247 0.289821386 -0.877288103
    outer loop
      vertex 0.0248018485 0.00698344037 -0.023022294
      vertex 0.0248018634 0.00810468197 -0.0226518866
      vertex 0.0258200988 0.00824675895 -0.0230489988
    endloop
  endfacet
  facet normal -0.382581741 0.289820969 -0.877288461
    outer loop
      vertex 0.0248018485 0.00698344037 -0.023022294
      vertex 0.0258200988 0.00824675895 -0.0230489988
      vertex 0.0258200839 0.00710586039 -0.0234258994
    endloop
  endfacet
  facet normal 0.382589638 0.332510293 -0.862010539
    outer loop
      vertex 0.0258200988 0.00824675895 -0.0230489988
      vertex 0.0258201119 0.00936778914 -0.022616569
      vertex 0.0268383436 0.00920637324 -0.0222269073
    endloop
  endfacet
  facet normal 0.382589698 0.332510144 -0.862010419
    outer loop
      vertex 0.0258200988 0.00824675895 -0.0230489988
      vertex 0.0268383436 0.00920637324 -0.0222269073
      vertex 0.0268383306 0.00810465775 -0.0226518866
    endloop
  endfacet
  facet normal 0.923840761 0.137750268 -0.357131898
    outer loop
      vertex 0.0268383306 0.00810465775 -0.0226518866
      vertex 0.0268383436 0.00920637324 -0.0222269073
      vertex 0.0272601042 0.00881670695 -0.0212861821
    endloop
  endfacet
  facet normal 0.923840165 0.137752026 -0.357132673
    outer loop
      vertex 0.0268383306 0.00810465775 -0.0226518866
      vertex 0.0272601042 0.00881670695 -0.0212861821
      vertex 0.027260093 0.00776161999 -0.0216931757
    endloop
  endfacet
  facet normal 0.923837364 -0.137771443 0.357132256
    outer loop
      vertex 0.027260093 0.00776161999 -0.0216931757
      vertex 0.0272601042 0.00881670695 -0.0212861821
      vertex 0.0268383343 0.0084270509 -0.0203454569
    endloop
  endfacet
  facet normal 0.923836768 -0.137773663 0.35713318
    outer loop
      vertex 0.027260093 0.00776161999 -0.0216931757
      vertex 0.0268383343 0.0084270509 -0.0203454569
      vertex 0.0268383212 0.00741859246 -0.0207344629
    endloop
  endfacet
  facet normal 0.382580101 -0.332519799 0.862010956
    outer loop
      vertex 0.0268383212 0.00741859246 -0.0207344629
      vertex 0.0268383343 0.0084270509 -0.0203454569
      vertex 0.0258200988 0.00826566014 -0.0199557971
    endloop
  endfacet
  facet normal 0.382580221 -0.33251971 0.862011075
    outer loop
      vertex 0.0268383212 0.00741859246 -0.0207344629
      vertex 0.0258200988 0.00826566014 -0.0199557971
      vertex 0.0258200858 0.00727651594 -0.0203373525
    endloop
  endfacet
  facet normal -0.382587999 -0.332509786 0.862011433
    outer loop
      vertex 0.0258200858 0.00727651594 -0.0203373525
      vertex 0.0258200988 0.00826566014 -0.0199557971
      vertex 0.0248018671 0.00842707511 -0.0203454569
    endloop
  endfacet
  facet normal -0.382588208 -0.332509995 0.862011194
    outer loop
      vertex 0.0258200858 0.00727651594 -0.0203373525
      vertex 0.0248018671 0.00842707511 -0.0203454569
      vertex 0.024801854 0.00741861667 -0.0207344629
    endloop
  endfacet
  facet normal -0.923840165 -0.137749895 0.357133508
    outer loop
      vertex 0.024801854 0.00741861667 -0.0207344629
      vertex 0.0248018671 0.00842707511 -0.0203454569
      vertex 0.0243801046 0.00881674234 -0.0212861821
    endloop
  endfacet
  facet normal -0.923840463 -0.137750283 0.357132673
    outer loop
      vertex 0.024801854 0.00741861667 -0.0207344629
      vertex 0.0243801046 0.00881674234 -0.0212861821
      vertex 0.0243800916 0.00776165444 -0.0216931757
    endloop
  endfacet
  facet normal -0.923836708 0.137773305 -0.35713315
    outer loop
      vertex 0.0243800916 0.00776165444 -0.0216931757
      vertex 0.0243801046 0.00881674234 -0.0212861821
      vertex 0.0248018764 0.00920639746 -0.0222269073
    endloop
  endfacet
  facet normal -0.923836529 0.137772948 -0.357134044
    outer loop
      vertex 0.0243800916 0.00776165444 -0.0216931757
      vertex 0.0248018764 0.00920639746 -0.0222269073
      vertex 0.0248018634 0.00810468197 -0.0226518866
    endloop
  endfacet
  facet normal -0.382581741 0.332519233 -0.862010539
    outer loop
      vertex 0.0248018634 0.00810468197 -0.0226518866
      vertex 0.0248018764 0.00920639746 -0.0222269073
      vertex 0.0258201119 0.00936778914 -0.022616569
    endloop
  endfacet
  facet normal -0.382581711 0.332519233 -0.862010598
    outer loop
      vertex 0.0248018634 0.00810468197 -0.0226518866
      vertex 0.0258201119 0.00936778914 -0.022616569
      vertex 0.0258200988 0.00824675895 -0.0230489988
    endloop
  endfacet
  facet normal 0.382589549 0.374404788 -0.84465754
    outer loop
      vertex 0.0258201119 0.00936778914 -0.022616569
      vertex 0.0258201249 0.0104662292 -0.0221296661
      vertex 0.0268383566 0.0102858888 -0.0217483938
    endloop
  endfacet
  facet normal 0.382590115 0.374404103 -0.84465754
    outer loop
      vertex 0.0258201119 0.00936778914 -0.022616569
      vertex 0.0268383566 0.0102858888 -0.0217483938
      vertex 0.0268383436 0.00920637324 -0.0222269073
    endloop
  endfacet
  facet normal 0.923840761 0.155106962 -0.349942923
    outer loop
      vertex 0.0268383436 0.00920637324 -0.0222269073
      vertex 0.0268383566 0.0102858888 -0.0217483938
      vertex 0.0272601172 0.00985053275 -0.0208279211
    endloop
  endfacet
  facet normal 0.92384088 0.155106425 -0.349942684
    outer loop
      vertex 0.0268383436 0.00920637324 -0.0222269073
      vertex 0.0272601172 0.00985053275 -0.0208279211
      vertex 0.0272601042 0.00881670695 -0.0212861821
    endloop
  endfacet
  facet normal 0.923837006 -0.155129775 0.349942774
    outer loop
      vertex 0.0272601042 0.00881670695 -0.0212861821
      vertex 0.0272601172 0.00985053275 -0.0208279211
      vertex 0.0268383455 0.00941518787 -0.0199074466
    endloop
  endfacet
  facet normal 0.923837245 -0.155129045 0.349942535
    outer loop
      vertex 0.0272601042 0.00881670695 -0.0212861821
      vertex 0.0268383455 0.00941518787 -0.0199074466
      vertex 0.0268383343 0.0084270509 -0.0203454569
    endloop
  endfacet
  facet normal 0.382580847 -0.374414533 0.844657183
    outer loop
      vertex 0.0268383343 0.0084270509 -0.0203454569
      vertex 0.0268383455 0.00941518787 -0.0199074466
      vertex 0.02582011 0.00923487172 -0.0195261743
    endloop
  endfacet
  facet normal 0.382579654 -0.374415904 0.844657004
    outer loop
      vertex 0.0268383343 0.0084270509 -0.0203454569
      vertex 0.02582011 0.00923487172 -0.0195261743
      vertex 0.0258200988 0.00826566014 -0.0199557971
    endloop
  endfacet
  facet normal -0.382589549 -0.374406904 0.844656587
    outer loop
      vertex 0.0258200988 0.00826566014 -0.0199557971
      vertex 0.02582011 0.00923487172 -0.0195261743
      vertex 0.0248018783 0.00941521209 -0.0199074466
    endloop
  endfacet
  facet normal -0.382588506 -0.37440601 0.844657481
    outer loop
      vertex 0.0258200988 0.00826566014 -0.0199557971
      vertex 0.0248018783 0.00941521209 -0.0199074466
      vertex 0.0248018671 0.00842707511 -0.0203454569
    endloop
  endfacet
  facet normal -0.923840821 -0.155108109 0.349942416
    outer loop
      vertex 0.0248018671 0.00842707511 -0.0203454569
      vertex 0.0248018783 0.00941521209 -0.0199074466
      vertex 0.0243801177 0.00985056814 -0.0208279192
    endloop
  endfacet
  facet normal -0.923840404 -0.155107543 0.349943697
    outer loop
      vertex 0.0248018671 0.00842707511 -0.0203454569
      vertex 0.0243801177 0.00985056814 -0.0208279192
      vertex 0.0243801046 0.00881674234 -0.0212861821
    endloop
  endfacet
  facet normal -0.923836827 0.15513052 -0.349943042
    outer loop
      vertex 0.0243801046 0.00881674234 -0.0212861821
      vertex 0.0243801177 0.00985056814 -0.0208279192
      vertex 0.0248018894 0.010285913 -0.0217483919
    endloop
  endfacet
  facet normal -0.923836589 0.155130252 -0.349943757
    outer loop
      vertex 0.0243801046 0.00881674234 -0.0212861821
      vertex 0.0248018894 0.010285913 -0.0217483919
      vertex 0.0248018764 0.00920639746 -0.0222269073
    endloop
  endfacet
  facet normal -0.382582128 0.374414384 -0.844656587
    outer loop
      vertex 0.0248018764 0.00920639746 -0.0222269073
      vertex 0.0248018894 0.010285913 -0.0217483919
      vertex 0.0258201249 0.0104662292 -0.0221296661
    endloop
  endfacet
  facet normal -0.382581264 0.374413759 -0.844657302
    outer loop
      vertex 0.0248018764 0.00920639746 -0.0222269073
      vertex 0.0258201249 0.0104662292 -0.0221296661
      vertex 0.0258201119 0.00936778914 -0.022616569
    endloop
  endfacet
  facet normal 0.382590055 0.415400177 -0.825268149
    outer loop
      vertex 0.0258201249 0.0104662292 -0.0221296661
      vertex 0.0258201379 0.011539476 -0.0215894394
      vertex 0.0268383697 0.0113406442 -0.0212174747
    endloop
  endfacet
  facet normal 0.382589996 0.415400207 -0.825268149
    outer loop
      vertex 0.0258201249 0.0104662292 -0.0221296661
      vertex 0.0268383697 0.0113406442 -0.0212174747
      vertex 0.0268383566 0.0102858888 -0.0217483938
    endloop
  endfacet
  facet normal 0.923840702 0.172091797 -0.341910481
    outer loop
      vertex 0.0268383566 0.0102858888 -0.0217483938
      vertex 0.0268383697 0.0113406442 -0.0212174747
      vertex 0.0272601303 0.010860648 -0.020319473
    endloop
  endfacet
  facet normal 0.92384094 0.172090784 -0.341910154
    outer loop
      vertex 0.0268383566 0.0102858888 -0.0217483938
      vertex 0.0272601303 0.010860648 -0.020319473
      vertex 0.0272601172 0.00985053275 -0.0208279211
    endloop
  endfacet
  facet normal 0.923836708 -0.172114447 0.341909796
    outer loop
      vertex 0.0272601172 0.00985053275 -0.0208279211
      vertex 0.0272601303 0.010860648 -0.020319473
      vertex 0.0268383585 0.0103806611 -0.0194214713
    endloop
  endfacet
  facet normal 0.923836827 -0.172114313 0.341909766
    outer loop
      vertex 0.0272601172 0.00985053275 -0.0208279211
      vertex 0.0268383585 0.0103806611 -0.0194214713
      vertex 0.0268383455 0.00941518787 -0.0199074466
    endloop
  endfacet
  facet normal 0.382580817 -0.415407807 0.825268507
    outer loop
      vertex 0.0268383455 0.00941518787 -0.0199074466
      vertex 0.0268383585 0.0103806611 -0.0194214713
      vertex 0.0258201212 0.0101818545 -0.0190495048
    endloop
  endfacet
  facet normal 0.38258037 -0.415408462 0.825268567
    outer loop
      vertex 0.0268383455 0.00941518787 -0.0199074466
      vertex 0.0258201212 0.0101818545 -0.0190495048
      vertex 0.02582011 0.00923487172 -0.0195261743
    endloop
  endfacet
  facet normal -0.382589757 -0.415399522 0.825268745
    outer loop
      vertex 0.02582011 0.00923487172 -0.0195261743
      vertex 0.0258201212 0.0101818545 -0.0190495048
      vertex 0.0248018894 0.0103806853 -0.0194214694
    endloop
  endfacet
  facet normal -0.382590026 -0.41539973 0.825268447
    outer loop
      vertex 0.02582011 0.00923487172 -0.0195261743
      vertex 0.0248018894 0.0103806853 -0.0194214694
      vertex 0.0248018783 0.00941521209 -0.0199074466
    endloop
  endfacet
  facet normal -0.923840702 -0.172091991 0.341910183
    outer loop
      vertex 0.0248018783 0.00941521209 -0.0199074466
      vertex 0.0248018894 0.0103806853 -0.0194214694
      vertex 0.0243801288 0.0108606825 -0.0203194711
    endloop
  endfacet
  facet normal -0.923841 -0.172092304 0.341909468
    outer loop
      vertex 0.0248018783 0.00941521209 -0.0199074466
      vertex 0.0243801288 0.0108606825 -0.0203194711
      vertex 0.0243801177 0.00985056814 -0.0208279192
    endloop
  endfacet
  facet normal -0.923836887 0.172113046 -0.341910094
    outer loop
      vertex 0.0243801177 0.00985056814 -0.0208279192
      vertex 0.0243801288 0.0108606825 -0.0203194711
      vertex 0.0248019006 0.0113406684 -0.0212174747
    endloop
  endfacet
  facet normal -0.923836529 0.172112688 -0.341911077
    outer loop
      vertex 0.0243801177 0.00985056814 -0.0208279192
      vertex 0.0248019006 0.0113406684 -0.0212174747
      vertex 0.0248018894 0.010285913 -0.0217483919
    endloop
  endfacet
  facet normal -0.382579863 0.415407926 -0.825268924
    outer loop
      vertex 0.0248018894 0.010285913 -0.0217483919
      vertex 0.0248019006 0.0113406684 -0.0212174747
      vertex 0.0258201379 0.011539476 -0.0215894394
    endloop
  endfacet
  facet normal -0.382581621 0.415409178 -0.825267613
    outer loop
      vertex 0.0248018894 0.010285913 -0.0217483919
      vertex 0.0258201379 0.011539476 -0.0215894394
      vertex 0.0258201249 0.0104662292 -0.0221296661
    endloop
  endfacet
  facet normal 0.382591009 0.455393851 -0.803890884
    outer loop
      vertex 0.0258201379 0.011539476 -0.0215894394
      vertex 0.025820151 0.012584921 -0.020997202
      vertex 0.0268383808 0.0123680774 -0.0206354409
    endloop
  endfacet
  facet normal 0.382590562 0.455394417 -0.803890765
    outer loop
      vertex 0.0258201379 0.011539476 -0.0215894394
      vertex 0.0268383808 0.0123680774 -0.0206354409
      vertex 0.0268383697 0.0113406442 -0.0212174747
    endloop
  endfacet
  facet normal 0.923840761 0.188662514 -0.333053619
    outer loop
      vertex 0.0268383697 0.0113406442 -0.0212174747
      vertex 0.0268383808 0.0123680774 -0.0206354409
      vertex 0.0272601414 0.0118445968 -0.0197620727
    endloop
  endfacet
  facet normal 0.92384088 0.188662022 -0.333053529
    outer loop
      vertex 0.0268383697 0.0113406442 -0.0212174747
      vertex 0.0272601414 0.0118445968 -0.0197620727
      vertex 0.0272601303 0.010860648 -0.020319473
    endloop
  endfacet
  facet normal 0.923836768 -0.188682854 0.333053172
    outer loop
      vertex 0.0272601303 0.010860648 -0.020319473
      vertex 0.0272601414 0.0118445968 -0.0197620727
      vertex 0.0268383697 0.0113211246 -0.0188887045
    endloop
  endfacet
  facet normal 0.92383647 -0.188683659 0.333053321
    outer loop
      vertex 0.0272601303 0.010860648 -0.020319473
      vertex 0.0268383697 0.0113211246 -0.0188887045
      vertex 0.0268383585 0.0103806611 -0.0194214713
    endloop
  endfacet
  facet normal 0.382579118 -0.455403775 0.803890884
    outer loop
      vertex 0.0268383585 0.0103806611 -0.0194214713
      vertex 0.0268383697 0.0113211246 -0.0188887045
      vertex 0.0258201323 0.0111043062 -0.0185269434
    endloop
  endfacet
  facet normal 0.38258037 -0.455402434 0.803891122
    outer loop
      vertex 0.0268383585 0.0103806611 -0.0194214713
      vertex 0.0258201323 0.0111043062 -0.0185269434
      vertex 0.0258201212 0.0101818545 -0.0190495048
    endloop
  endfacet
  facet normal -0.382590085 -0.455393374 0.803891599
    outer loop
      vertex 0.0258201212 0.0101818545 -0.0190495048
      vertex 0.0258201323 0.0111043062 -0.0185269434
      vertex 0.0248019006 0.0113211488 -0.0188887045
    endloop
  endfacet
  facet normal -0.382590175 -0.455393404 0.80389148
    outer loop
      vertex 0.0258201212 0.0101818545 -0.0190495048
      vertex 0.0248019006 0.0113211488 -0.0188887045
      vertex 0.0248018894 0.0103806853 -0.0194214694
    endloop
  endfacet
  facet normal -0.923841417 -0.188660666 0.333052695
    outer loop
      vertex 0.0248018894 0.0103806853 -0.0194214694
      vertex 0.0248019006 0.0113211488 -0.0188887045
      vertex 0.0243801419 0.0118446313 -0.0197620727
    endloop
  endfacet
  facet normal -0.92384094 -0.18866016 0.333054394
    outer loop
      vertex 0.0248018894 0.0103806853 -0.0194214694
      vertex 0.0243801419 0.0118446313 -0.0197620727
      vertex 0.0243801288 0.0108606825 -0.0203194711
    endloop
  endfacet
  facet normal -0.923836648 0.188683823 -0.333052933
    outer loop
      vertex 0.0243801288 0.0108606825 -0.0203194711
      vertex 0.0243801419 0.0118446313 -0.0197620727
      vertex 0.0248019136 0.0123681016 -0.0206354409
    endloop
  endfacet
  facet normal -0.923836708 0.188683838 -0.333052844
    outer loop
      vertex 0.0243801288 0.0108606825 -0.0203194711
      vertex 0.0248019136 0.0123681016 -0.0206354409
      vertex 0.0248019006 0.0113406684 -0.0212174747
    endloop
  endfacet
  facet normal -0.382579476 0.455403447 -0.803890944
    outer loop
      vertex 0.0248019006 0.0113406684 -0.0212174747
      vertex 0.0248019136 0.0123681016 -0.0206354409
      vertex 0.025820151 0.012584921 -0.020997202
    endloop
  endfacet
  facet normal -0.382579416 0.455403417 -0.803890944
    outer loop
      vertex 0.0248019006 0.0113406684 -0.0212174747
      vertex 0.025820151 0.012584921 -0.020997202
      vertex 0.0258201379 0.011539476 -0.0215894394
    endloop
  endfacet
  facet normal 0.382590652 0.494289875 -0.780577898
    outer loop
      vertex 0.025820151 0.012584921 -0.020997202
      vertex 0.0258201621 0.0136000495 -0.0203543808
      vertex 0.0268383939 0.0133657167 -0.020003695
    endloop
  endfacet
  facet normal 0.382591516 0.494288862 -0.780578077
    outer loop
      vertex 0.025820151 0.012584921 -0.020997202
      vertex 0.0268383939 0.0133657167 -0.020003695
      vertex 0.0268383808 0.0123680774 -0.0206354409
    endloop
  endfacet
  facet normal 0.923841357 0.204774901 -0.323395103
    outer loop
      vertex 0.0268383808 0.0123680774 -0.0206354409
      vertex 0.0268383939 0.0133657167 -0.020003695
      vertex 0.0272601526 0.0128000118 -0.0191570651
    endloop
  endfacet
  facet normal 0.92384088 0.204776332 -0.323395401
    outer loop
      vertex 0.0268383808 0.0123680774 -0.0206354409
      vertex 0.0272601526 0.0128000118 -0.0191570651
      vertex 0.0272601414 0.0118445968 -0.0197620727
    endloop
  endfacet
  facet normal 0.92383635 -0.204797789 0.323395133
    outer loop
      vertex 0.0272601414 0.0118445968 -0.0197620727
      vertex 0.0272601526 0.0128000118 -0.0191570651
      vertex 0.026838379 0.0122343162 -0.0183104333
    endloop
  endfacet
  facet normal 0.923836589 -0.204796672 0.323394895
    outer loop
      vertex 0.0272601414 0.0118445968 -0.0197620727
      vertex 0.026838379 0.0122343162 -0.0183104333
      vertex 0.0268383697 0.0113211246 -0.0188887045
    endloop
  endfacet
  facet normal 0.382579476 -0.494298577 0.780577898
    outer loop
      vertex 0.0268383697 0.0113211246 -0.0188887045
      vertex 0.026838379 0.0122343162 -0.0183104333
      vertex 0.0258201435 0.0120000076 -0.0179597475
    endloop
  endfacet
  facet normal 0.382578641 -0.494299561 0.78057766
    outer loop
      vertex 0.0268383697 0.0113211246 -0.0188887045
      vertex 0.0258201435 0.0120000076 -0.0179597475
      vertex 0.0258201323 0.0111043062 -0.0185269434
    endloop
  endfacet
  facet normal -0.382590681 -0.494290113 0.780577779
    outer loop
      vertex 0.0258201323 0.0111043062 -0.0185269434
      vertex 0.0258201435 0.0120000076 -0.0179597475
      vertex 0.0248019118 0.0122343404 -0.0183104333
    endloop
  endfacet
  facet normal -0.382590562 -0.494289994 0.780577898
    outer loop
      vertex 0.0258201323 0.0111043062 -0.0185269434
      vertex 0.0248019118 0.0122343404 -0.0183104333
      vertex 0.0248019006 0.0113211488 -0.0188887045
    endloop
  endfacet
  facet normal -0.923841596 -0.204775333 0.32339403
    outer loop
      vertex 0.0248019006 0.0113211488 -0.0188887045
      vertex 0.0248019118 0.0122343404 -0.0183104333
      vertex 0.024380153 0.0128000462 -0.0191570651
    endloop
  endfacet
  facet normal -0.923841655 -0.204775378 0.323393911
    outer loop
      vertex 0.0248019006 0.0113211488 -0.0188887045
      vertex 0.024380153 0.0128000462 -0.0191570651
      vertex 0.0243801419 0.0118446313 -0.0197620727
    endloop
  endfacet
  facet normal -0.923836589 0.204797357 -0.323394477
    outer loop
      vertex 0.0243801419 0.0118446313 -0.0197620727
      vertex 0.024380153 0.0128000462 -0.0191570651
      vertex 0.0248019248 0.0133657409 -0.020003695
    endloop
  endfacet
  facet normal -0.92383647 0.204797238 -0.323394954
    outer loop
      vertex 0.0243801419 0.0118446313 -0.0197620727
      vertex 0.0248019248 0.0133657409 -0.020003695
      vertex 0.0248019136 0.0123681016 -0.0206354409
    endloop
  endfacet
  facet normal -0.38257888 0.494298339 -0.780578315
    outer loop
      vertex 0.0248019136 0.0123681016 -0.0206354409
      vertex 0.0248019248 0.0133657409 -0.020003695
      vertex 0.0258201621 0.0136000495 -0.0203543808
    endloop
  endfacet
  facet normal -0.382578999 0.494298428 -0.780578136
    outer loop
      vertex 0.0248019136 0.0123681016 -0.0206354409
      vertex 0.0258201621 0.0136000495 -0.0203543808
      vertex 0.025820151 0.012584921 -0.020997202
    endloop
  endfacet
  facet normal 0.382590801 0.531997144 -0.755382895
    outer loop
      vertex 0.0258201621 0.0136000495 -0.0203543808
      vertex 0.0258201733 0.0145824123 -0.0196625218
      vertex 0.0268384051 0.0143311536 -0.0193237569
    endloop
  endfacet
  facet normal 0.382591128 0.531996906 -0.755382955
    outer loop
      vertex 0.0258201621 0.0136000495 -0.0203543808
      vertex 0.0268384051 0.0143311536 -0.0193237569
      vertex 0.0268383939 0.0133657167 -0.020003695
    endloop
  endfacet
  facet normal 0.923841536 0.220398039 -0.312956035
    outer loop
      vertex 0.0268383939 0.0133657167 -0.020003695
      vertex 0.0268384051 0.0143311536 -0.0193237569
      vertex 0.0272601638 0.0137245879 -0.018505903
    endloop
  endfacet
  facet normal 0.923841596 0.220398083 -0.312956065
    outer loop
      vertex 0.0268383939 0.0133657167 -0.020003695
      vertex 0.0272601638 0.0137245879 -0.018505903
      vertex 0.0272601526 0.0128000118 -0.0191570651
    endloop
  endfacet
  facet normal 0.923836052 -0.220420718 0.312956452
    outer loop
      vertex 0.0272601526 0.0128000118 -0.0191570651
      vertex 0.0272601638 0.0137245879 -0.018505903
      vertex 0.0268383902 0.0131180314 -0.0176880509
    endloop
  endfacet
  facet normal 0.923836052 -0.220420375 0.312956393
    outer loop
      vertex 0.0272601526 0.0128000118 -0.0191570651
      vertex 0.0268383902 0.0131180314 -0.0176880509
      vertex 0.026838379 0.0122343162 -0.0183104333
    endloop
  endfacet
  facet normal 0.382579029 -0.532005429 0.755382955
    outer loop
      vertex 0.026838379 0.0122343162 -0.0183104333
      vertex 0.0268383902 0.0131180314 -0.0176880509
      vertex 0.0258201528 0.0128667979 -0.0173492841
    endloop
  endfacet
  facet normal 0.382579058 -0.532005429 0.755382955
    outer loop
      vertex 0.026838379 0.0122343162 -0.0183104333
      vertex 0.0258201528 0.0128667979 -0.0173492841
      vertex 0.0258201435 0.0120000076 -0.0179597475
    endloop
  endfacet
  facet normal -0.382592142 -0.531996846 0.755382419
    outer loop
      vertex 0.0258201435 0.0120000076 -0.0179597475
      vertex 0.0258201528 0.0128667979 -0.0173492841
      vertex 0.024801923 0.0131180556 -0.0176880509
    endloop
  endfacet
  facet normal -0.382591128 -0.531996071 0.755383432
    outer loop
      vertex 0.0258201435 0.0120000076 -0.0179597475
      vertex 0.024801923 0.0131180556 -0.0176880509
      vertex 0.0248019118 0.0122343404 -0.0183104333
    endloop
  endfacet
  facet normal -0.923841476 -0.220397413 0.312956929
    outer loop
      vertex 0.0248019118 0.0122343404 -0.0183104333
      vertex 0.024801923 0.0131180556 -0.0176880509
      vertex 0.0243801642 0.0137246223 -0.018505903
    endloop
  endfacet
  facet normal -0.923841774 -0.220397696 0.312955469
    outer loop
      vertex 0.0248019118 0.0122343404 -0.0183104333
      vertex 0.0243801642 0.0137246223 -0.018505903
      vertex 0.024380153 0.0128000462 -0.0191570651
    endloop
  endfacet
  facet normal -0.923836112 0.220420495 -0.312956154
    outer loop
      vertex 0.024380153 0.0128000462 -0.0191570651
      vertex 0.0243801642 0.0137246223 -0.018505903
      vertex 0.0248019379 0.0143311778 -0.0193237569
    endloop
  endfacet
  facet normal -0.92383635 0.220420688 -0.31295523
    outer loop
      vertex 0.024380153 0.0128000462 -0.0191570651
      vertex 0.0248019379 0.0143311778 -0.0193237569
      vertex 0.0248019248 0.0133657409 -0.020003695
    endloop
  endfacet
  facet normal -0.38257885 0.532006145 -0.755382538
    outer loop
      vertex 0.0248019248 0.0133657409 -0.020003695
      vertex 0.0248019379 0.0143311778 -0.0193237569
      vertex 0.0258201733 0.0145824123 -0.0196625218
    endloop
  endfacet
  facet normal -0.382578462 0.532005906 -0.755382955
    outer loop
      vertex 0.0248019248 0.0133657409 -0.020003695
      vertex 0.0258201733 0.0145824123 -0.0196625218
      vertex 0.0258201621 0.0136000495 -0.0203543808
    endloop
  endfacet
  facet normal 0.382591933 0.568420053 -0.728369474
    outer loop
      vertex 0.0258201733 0.0145824123 -0.0196625218
      vertex 0.0258201864 0.0155296428 -0.0189232957
      vertex 0.0268384162 0.0152620655 -0.0185972657
    endloop
  endfacet
  facet normal 0.382591248 0.568420708 -0.728369236
    outer loop
      vertex 0.0258201733 0.0145824123 -0.0196625218
      vertex 0.0268384162 0.0152620655 -0.0185972657
      vertex 0.0268384051 0.0143311536 -0.0193237569
    endloop
  endfacet
  facet normal 0.923841536 0.235488653 -0.301764846
    outer loop
      vertex 0.0268384051 0.0143311536 -0.0193237569
      vertex 0.0268384162 0.0152620655 -0.0185972657
      vertex 0.027260175 0.0146161001 -0.0178101603
    endloop
  endfacet
  facet normal 0.923841715 0.235487834 -0.301764697
    outer loop
      vertex 0.0268384051 0.0143311536 -0.0193237569
      vertex 0.027260175 0.0146161001 -0.0178101603
      vertex 0.0272601638 0.0137245879 -0.018505903
    endloop
  endfacet
  facet normal 0.923835874 -0.235510856 0.301764578
    outer loop
      vertex 0.0272601638 0.0137245879 -0.018505903
      vertex 0.027260175 0.0146161001 -0.0178101603
      vertex 0.0268384013 0.0139701441 -0.0170230567
    endloop
  endfacet
  facet normal 0.923835874 -0.235511139 0.301764607
    outer loop
      vertex 0.0272601638 0.0137245879 -0.018505903
      vertex 0.0268384013 0.0139701441 -0.0170230567
      vertex 0.0268383902 0.0131180314 -0.0176880509
    endloop
  endfacet
  facet normal 0.382578582 -0.568429112 0.728369415
    outer loop
      vertex 0.0268383902 0.0131180314 -0.0176880509
      vertex 0.0268384013 0.0139701441 -0.0170230567
      vertex 0.025820164 0.01370259 -0.0166970268
    endloop
  endfacet
  facet normal 0.382578582 -0.568429112 0.728369474
    outer loop
      vertex 0.0268383902 0.0131180314 -0.0176880509
      vertex 0.025820164 0.01370259 -0.0166970268
      vertex 0.0258201528 0.0128667979 -0.0173492841
    endloop
  endfacet
  facet normal -0.382591814 -0.568419337 0.72837007
    outer loop
      vertex 0.0258201528 0.0128667979 -0.0173492841
      vertex 0.025820164 0.01370259 -0.0166970268
      vertex 0.0248019323 0.0139701683 -0.0170230567
    endloop
  endfacet
  facet normal -0.382592559 -0.568419874 0.728369236
    outer loop
      vertex 0.0258201528 0.0128667979 -0.0173492841
      vertex 0.0248019323 0.0139701683 -0.0170230567
      vertex 0.024801923 0.0131180556 -0.0176880509
    endloop
  endfacet
  facet normal -0.923842013 -0.235488221 0.301763713
    outer loop
      vertex 0.024801923 0.0131180556 -0.0176880509
      vertex 0.0248019323 0.0139701683 -0.0170230567
      vertex 0.0243801754 0.0146161346 -0.0178101603
    endloop
  endfacet
  facet normal -0.923841596 -0.235487998 0.301764965
    outer loop
      vertex 0.024801923 0.0131180556 -0.0176880509
      vertex 0.0243801754 0.0146161346 -0.0178101603
      vertex 0.0243801642 0.0137246223 -0.018505903
    endloop
  endfacet
  facet normal -0.923835993 0.235510677 -0.301764339
    outer loop
      vertex 0.0243801642 0.0137246223 -0.018505903
      vertex 0.0243801754 0.0146161346 -0.0178101603
      vertex 0.024801949 0.0152620897 -0.0185972657
    endloop
  endfacet
  facet normal -0.923835993 0.235510647 -0.301764607
    outer loop
      vertex 0.0243801642 0.0137246223 -0.018505903
      vertex 0.024801949 0.0152620897 -0.0185972657
      vertex 0.0248019379 0.0143311778 -0.0193237569
    endloop
  endfacet
  facet normal -0.382578135 0.568429828 -0.728369117
    outer loop
      vertex 0.0248019379 0.0143311778 -0.0193237569
      vertex 0.024801949 0.0152620897 -0.0185972657
      vertex 0.0258201864 0.0155296428 -0.0189232957
    endloop
  endfacet
  facet normal -0.382578492 0.568429947 -0.728368759
    outer loop
      vertex 0.0248019379 0.0143311778 -0.0193237569
      vertex 0.0258201864 0.0155296428 -0.0189232957
      vertex 0.0258201733 0.0145824123 -0.0196625218
    endloop
  endfacet
  facet normal 0.382591099 0.603475988 -0.699600458
    outer loop
      vertex 0.0258201864 0.0155296428 -0.0189232957
      vertex 0.0258201957 0.0164394602 -0.0181384813
      vertex 0.0268384274 0.0161562096 -0.0178259723
    endloop
  endfacet
  facet normal 0.38259238 0.603474617 -0.699600875
    outer loop
      vertex 0.0258201864 0.0155296428 -0.0189232957
      vertex 0.0268384274 0.0161562096 -0.0178259723
      vertex 0.0268384162 0.0152620655 -0.0185972657
    endloop
  endfacet
  facet normal 0.923842251 0.25001061 -0.289845377
    outer loop
      vertex 0.0268384162 0.0152620655 -0.0185972657
      vertex 0.0268384274 0.0161562096 -0.0178259723
      vertex 0.0272601843 0.0154723991 -0.0170715116
    endloop
  endfacet
  facet normal 0.923841655 0.250012428 -0.289845467
    outer loop
      vertex 0.0268384162 0.0152620655 -0.0185972657
      vertex 0.0272601843 0.0154723991 -0.0170715116
      vertex 0.027260175 0.0146161001 -0.0178101603
    endloop
  endfacet
  facet normal 0.923835933 -0.250032872 0.289845884
    outer loop
      vertex 0.027260175 0.0146161001 -0.0178101603
      vertex 0.0272601843 0.0154723991 -0.0170715116
      vertex 0.0268384106 0.0147885997 -0.0163170509
    endloop
  endfacet
  facet normal 0.923835695 -0.250033766 0.289845914
    outer loop
      vertex 0.027260175 0.0146161001 -0.0178101603
      vertex 0.0268384106 0.0147885997 -0.0163170509
      vertex 0.0268384013 0.0139701441 -0.0170230567
    endloop
  endfacet
  facet normal 0.382578492 -0.603484452 0.699599981
    outer loop
      vertex 0.0268384013 0.0139701441 -0.0170230567
      vertex 0.0268384106 0.0147885997 -0.0163170509
      vertex 0.0258201733 0.0145053705 -0.0160045419
    endloop
  endfacet
  facet normal 0.382578164 -0.603484929 0.699599862
    outer loop
      vertex 0.0268384013 0.0139701441 -0.0170230567
      vertex 0.0258201733 0.0145053705 -0.0160045419
      vertex 0.025820164 0.01370259 -0.0166970268
    endloop
  endfacet
  facet normal -0.382593542 -0.603475571 0.699599385
    outer loop
      vertex 0.025820164 0.01370259 -0.0166970268
      vertex 0.0258201733 0.0145053705 -0.0160045419
      vertex 0.0248019435 0.0147886248 -0.0163170509
    endloop
  endfacet
  facet normal -0.382592261 -0.603474915 0.699600756
    outer loop
      vertex 0.025820164 0.01370259 -0.0166970268
      vertex 0.0248019435 0.0147886248 -0.0163170509
      vertex 0.0248019323 0.0139701683 -0.0170230567
    endloop
  endfacet
  facet normal -0.923841357 -0.250011355 0.289847106
    outer loop
      vertex 0.0248019323 0.0139701683 -0.0170230567
      vertex 0.0248019435 0.0147886248 -0.0163170509
      vertex 0.0243801847 0.0154724335 -0.0170715116
    endloop
  endfacet
  facet normal -0.923842132 -0.250011623 0.289844543
    outer loop
      vertex 0.0248019323 0.0139701683 -0.0170230567
      vertex 0.0243801847 0.0154724335 -0.0170715116
      vertex 0.0243801754 0.0146161346 -0.0178101603
    endloop
  endfacet
  facet normal -0.923835456 0.250033706 -0.289846838
    outer loop
      vertex 0.0243801754 0.0146161346 -0.0178101603
      vertex 0.0243801847 0.0154724335 -0.0170715116
      vertex 0.0248019602 0.0161562338 -0.0178259723
    endloop
  endfacet
  facet normal -0.923835814 0.250033826 -0.289845526
    outer loop
      vertex 0.0243801754 0.0146161346 -0.0178101603
      vertex 0.0248019602 0.0161562338 -0.0178259723
      vertex 0.024801949 0.0152620897 -0.0185972657
    endloop
  endfacet
  facet normal -0.382577717 0.603484094 -0.699600816
    outer loop
      vertex 0.024801949 0.0152620897 -0.0185972657
      vertex 0.0248019602 0.0161562338 -0.0178259723
      vertex 0.0258201957 0.0164394602 -0.0181384813
    endloop
  endfacet
  facet normal -0.382577717 0.603484094 -0.699600756
    outer loop
      vertex 0.024801949 0.0152620897 -0.0185972657
      vertex 0.0258201957 0.0164394602 -0.0181384813
      vertex 0.0258201864 0.0155296428 -0.0189232957
    endloop
  endfacet
  facet normal 0.382592082 0.637075007 -0.66914773
    outer loop
      vertex 0.0258201957 0.0164394602 -0.0181384813
      vertex 0.0258202069 0.0173096582 -0.0173099861
      vertex 0.0268384367 0.0170114134 -0.0170117524
    endloop
  endfacet
  facet normal 0.382591367 0.637075782 -0.669147432
    outer loop
      vertex 0.0258201957 0.0164394602 -0.0181384813
      vertex 0.0268384367 0.0170114134 -0.0170117524
      vertex 0.0268384274 0.0161562096 -0.0178259723
    endloop
  endfacet
  facet normal 0.923841536 0.263933301 -0.277228981
    outer loop
      vertex 0.0268384274 0.0161562096 -0.0178259723
      vertex 0.0268384367 0.0170114134 -0.0170117524
      vertex 0.0272601955 0.0162914079 -0.0162917525
    endloop
  endfacet
  facet normal 0.923842311 0.263930589 -0.277228922
    outer loop
      vertex 0.0268384274 0.0161562096 -0.0178259723
      vertex 0.0272601955 0.0162914079 -0.0162917525
      vertex 0.0272601843 0.0154723991 -0.0170715116
    endloop
  endfacet
  facet normal 0.923835456 -0.263955265 0.277228385
    outer loop
      vertex 0.0272601843 0.0154723991 -0.0170715116
      vertex 0.0272601955 0.0162914079 -0.0162917525
      vertex 0.02683842 0.0155714126 -0.0155717516
    endloop
  endfacet
  facet normal 0.923835814 -0.263954163 0.277228385
    outer loop
      vertex 0.0272601843 0.0154723991 -0.0170715116
      vertex 0.02683842 0.0155714126 -0.0155717516
      vertex 0.0268384106 0.0147885997 -0.0163170509
    endloop
  endfacet
  facet normal 0.382576883 -0.637084901 0.669146955
    outer loop
      vertex 0.0268384106 0.0147885997 -0.0163170509
      vertex 0.02683842 0.0155714126 -0.0155717516
      vertex 0.0258201826 0.0152731929 -0.015273517
    endloop
  endfacet
  facet normal 0.382578105 -0.63708365 0.669147551
    outer loop
      vertex 0.0268384106 0.0147885997 -0.0163170509
      vertex 0.0258201826 0.0152731929 -0.015273517
      vertex 0.0258201733 0.0145053705 -0.0160045419
    endloop
  endfacet
  facet normal -0.382592142 -0.637074769 0.669147968
    outer loop
      vertex 0.0258201733 0.0145053705 -0.0160045419
      vertex 0.0258201826 0.0152731929 -0.015273517
      vertex 0.0248019528 0.0155714378 -0.0155717507
    endloop
  endfacet
  facet normal -0.382593989 -0.637075722 0.669146061
    outer loop
      vertex 0.0258201733 0.0145053705 -0.0160045419
      vertex 0.0248019528 0.0155714378 -0.0155717507
      vertex 0.0248019435 0.0147886248 -0.0163170509
    endloop
  endfacet
  facet normal -0.923841655 -0.263933152 0.2772291
    outer loop
      vertex 0.0248019435 0.0147886248 -0.0163170509
      vertex 0.0248019528 0.0155714378 -0.0155717507
      vertex 0.024380194 0.0162914414 -0.0162917525
    endloop
  endfacet
  facet normal -0.923841596 -0.263933182 0.2772291
    outer loop
      vertex 0.0248019435 0.0147886248 -0.0163170509
      vertex 0.024380194 0.0162914414 -0.0162917525
      vertex 0.0243801847 0.0154724335 -0.0170715116
    endloop
  endfacet
  facet normal -0.923835516 0.263954341 -0.277229309
    outer loop
      vertex 0.0243801847 0.0154724335 -0.0170715116
      vertex 0.024380194 0.0162914414 -0.0162917525
      vertex 0.0248019695 0.0170114376 -0.0170117524
    endloop
  endfacet
  facet normal -0.923835278 0.263954341 -0.277229905
    outer loop
      vertex 0.0243801847 0.0154724335 -0.0170715116
      vertex 0.0248019695 0.0170114376 -0.0170117524
      vertex 0.0248019602 0.0161562338 -0.0178259723
    endloop
  endfacet
  facet normal -0.382576883 0.637084365 -0.669147611
    outer loop
      vertex 0.0248019602 0.0161562338 -0.0178259723
      vertex 0.0248019695 0.0170114376 -0.0170117524
      vertex 0.0258202069 0.0173096582 -0.0173099861
    endloop
  endfacet
  facet normal -0.382577181 0.637084424 -0.669147313
    outer loop
      vertex 0.0248019602 0.0161562338 -0.0178259723
      vertex 0.0258202069 0.0173096582 -0.0173099861
      vertex 0.0258201957 0.0164394602 -0.0181384813
    endloop
  endfacet
  facet normal 0.382591546 0.669143081 -0.637080193
    outer loop
      vertex 0.0258202069 0.0173096582 -0.0173099861
      vertex 0.0258202162 0.0181381684 -0.0164397731
      vertex 0.0268384479 0.0178256501 -0.0161565319
    endloop
  endfacet
  facet normal 0.382592499 0.669142187 -0.63708055
    outer loop
      vertex 0.0258202069 0.0173096582 -0.0173099861
      vertex 0.0268384479 0.0178256501 -0.0161565319
      vertex 0.0268384367 0.0170114134 -0.0170117524
    endloop
  endfacet
  facet normal 0.923842192 0.277216822 -0.263944119
    outer loop
      vertex 0.0268384367 0.0170114134 -0.0170117524
      vertex 0.0268384479 0.0178256501 -0.0161565319
      vertex 0.0272602048 0.0170711838 -0.0154727278
    endloop
  endfacet
  facet normal 0.923841715 0.277218223 -0.26394406
    outer loop
      vertex 0.0268384367 0.0170114134 -0.0170117524
      vertex 0.0272602048 0.0170711838 -0.0154727278
      vertex 0.0272601955 0.0162914079 -0.0162917525
    endloop
  endfacet
  facet normal 0.923835397 -0.27723974 0.263943553
    outer loop
      vertex 0.0272601955 0.0162914079 -0.0162917525
      vertex 0.0272602048 0.0170711838 -0.0154727278
      vertex 0.0268384293 0.0163167268 -0.0147889238
    endloop
  endfacet
  facet normal 0.923835337 -0.277240068 0.263943553
    outer loop
      vertex 0.0272601955 0.0162914079 -0.0162917525
      vertex 0.0268384293 0.0163167268 -0.0147889238
      vertex 0.02683842 0.0155714126 -0.0155717516
    endloop
  endfacet
  facet normal 0.38257727 -0.669151127 0.637080371
    outer loop
      vertex 0.02683842 0.0155714126 -0.0155717516
      vertex 0.0268384293 0.0163167268 -0.0147889238
      vertex 0.0258201919 0.0160042308 -0.0145056825
    endloop
  endfacet
  facet normal 0.382576466 -0.669152021 0.637079895
    outer loop
      vertex 0.02683842 0.0155714126 -0.0155717516
      vertex 0.0258201919 0.0160042308 -0.0145056825
      vertex 0.0258201826 0.0152731929 -0.015273517
    endloop
  endfacet
  facet normal -0.382593215 -0.669142365 0.637080073
    outer loop
      vertex 0.0258201826 0.0152731929 -0.015273517
      vertex 0.0258201919 0.0160042308 -0.0145056825
      vertex 0.0248019621 0.016316751 -0.0147889238
    endloop
  endfacet
  facet normal -0.382592499 -0.669142008 0.637080789
    outer loop
      vertex 0.0258201826 0.0152731929 -0.015273517
      vertex 0.0248019621 0.016316751 -0.0147889238
      vertex 0.0248019528 0.0155714378 -0.0155717507
    endloop
  endfacet
  facet normal -0.923841715 -0.277217925 0.263944417
    outer loop
      vertex 0.0248019528 0.0155714378 -0.0155717507
      vertex 0.0248019621 0.016316751 -0.0147889238
      vertex 0.0243802033 0.0170712192 -0.0154727278
    endloop
  endfacet
  facet normal -0.923841715 -0.277217925 0.263944387
    outer loop
      vertex 0.0248019528 0.0155714378 -0.0155717507
      vertex 0.0243802033 0.0170712192 -0.0154727278
      vertex 0.024380194 0.0162914414 -0.0162917525
    endloop
  endfacet
  facet normal -0.923835218 0.27723977 -0.263944209
    outer loop
      vertex 0.024380194 0.0162914414 -0.0162917525
      vertex 0.0243802033 0.0170712192 -0.0154727278
      vertex 0.0248019788 0.0178256743 -0.0161565319
    endloop
  endfacet
  facet normal -0.923835397 0.27723977 -0.263943851
    outer loop
      vertex 0.024380194 0.0162914414 -0.0162917525
      vertex 0.0248019788 0.0178256743 -0.0161565319
      vertex 0.0248019695 0.0170114376 -0.0170117524
    endloop
  endfacet
  facet normal -0.382576287 0.669151604 -0.637080431
    outer loop
      vertex 0.0248019695 0.0170114376 -0.0170117524
      vertex 0.0248019788 0.0178256743 -0.0161565319
      vertex 0.0258202162 0.0181381684 -0.0164397731
    endloop
  endfacet
  facet normal -0.382576525 0.669151723 -0.637080193
    outer loop
      vertex 0.0248019695 0.0170114376 -0.0170117524
      vertex 0.0258202162 0.0181381684 -0.0164397731
      vertex 0.0258202069 0.0173096582 -0.0173099861
    endloop
  endfacet
  facet normal 0.382592767 0.699595273 -0.603480875
    outer loop
      vertex 0.0258202162 0.0181381684 -0.0164397731
      vertex 0.0258202273 0.0189229846 -0.0155299548
      vertex 0.0268384572 0.0185969435 -0.0152623896
    endloop
  endfacet
  facet normal 0.382591903 0.699596167 -0.603480518
    outer loop
      vertex 0.0258202162 0.0181381684 -0.0164397731
      vertex 0.0268384572 0.0185969435 -0.0152623896
      vertex 0.0268384479 0.0178256501 -0.0161565319
    endloop
  endfacet
  facet normal 0.923842907 0.289833397 -0.250021935
    outer loop
      vertex 0.0268384479 0.0178256501 -0.0161565319
      vertex 0.0268384572 0.0185969435 -0.0152623896
      vertex 0.0272602122 0.0178098325 -0.0146164289
    endloop
  endfacet
  facet normal 0.923842311 0.289835304 -0.250021756
    outer loop
      vertex 0.0268384479 0.0178256501 -0.0161565319
      vertex 0.0272602122 0.0178098325 -0.0146164289
      vertex 0.0272602048 0.0170711838 -0.0154727278
    endloop
  endfacet
  facet normal 0.923835278 -0.289856106 0.250023603
    outer loop
      vertex 0.0272602048 0.0170711838 -0.0154727278
      vertex 0.0272602122 0.0178098325 -0.0146164289
      vertex 0.0268384367 0.0170227326 -0.0139704682
    endloop
  endfacet
  facet normal 0.923835278 -0.289856076 0.250023603
    outer loop
      vertex 0.0272602048 0.0170711838 -0.0154727278
      vertex 0.0268384367 0.0170227326 -0.0139704682
      vertex 0.0268384293 0.0163167268 -0.0147889238
    endloop
  endfacet
  facet normal 0.382577807 -0.699604094 0.60348022
    outer loop
      vertex 0.0268384293 0.0163167268 -0.0147889238
      vertex 0.0268384367 0.0170227326 -0.0139704682
      vertex 0.0258201994 0.0166967139 -0.013702902
    endloop
  endfacet
  facet normal 0.382576942 -0.699604988 0.603479743
    outer loop
      vertex 0.0268384293 0.0163167268 -0.0147889238
      vertex 0.0258201994 0.0166967139 -0.013702902
      vertex 0.0258201919 0.0160042308 -0.0145056825
    endloop
  endfacet
  facet normal -0.382594317 -0.699595988 0.603479087
    outer loop
      vertex 0.0258201919 0.0160042308 -0.0145056825
      vertex 0.0258201994 0.0166967139 -0.013702902
      vertex 0.0248019695 0.0170227569 -0.0139704682
    endloop
  endfacet
  facet normal -0.382593572 -0.699595749 0.603479922
    outer loop
      vertex 0.0258201919 0.0160042308 -0.0145056825
      vertex 0.0248019695 0.0170227569 -0.0139704682
      vertex 0.0248019621 0.016316751 -0.0147889238
    endloop
  endfacet
  facet normal -0.923842251 -0.289834976 0.250022203
    outer loop
      vertex 0.0248019621 0.016316751 -0.0147889238
      vertex 0.0248019695 0.0170227569 -0.0139704682
      vertex 0.0243802126 0.0178098679 -0.0146164289
    endloop
  endfacet
  facet normal -0.923841953 -0.289835095 0.250023574
    outer loop
      vertex 0.0248019621 0.016316751 -0.0147889238
      vertex 0.0243802126 0.0178098679 -0.0146164289
      vertex 0.0243802033 0.0170712192 -0.0154727278
    endloop
  endfacet
  facet normal -0.923835278 0.28985709 -0.250022441
    outer loop
      vertex 0.0243802033 0.0170712192 -0.0154727278
      vertex 0.0243802126 0.0178098679 -0.0146164289
      vertex 0.0248019882 0.0185969677 -0.0152623896
    endloop
  endfacet
  facet normal -0.923835099 0.28985709 -0.250023186
    outer loop
      vertex 0.0243802033 0.0170712192 -0.0154727278
      vertex 0.0248019882 0.0185969677 -0.0152623896
      vertex 0.0248019788 0.0178256743 -0.0161565319
    endloop
  endfacet
  facet normal -0.382575661 0.699605227 -0.603480339
    outer loop
      vertex 0.0248019788 0.0178256743 -0.0161565319
      vertex 0.0248019882 0.0185969677 -0.0152623896
      vertex 0.0258202273 0.0189229846 -0.0155299548
    endloop
  endfacet
  facet normal -0.38257587 0.699605286 -0.603480101
    outer loop
      vertex 0.0248019788 0.0178256743 -0.0161565319
      vertex 0.0258202273 0.0189229846 -0.0155299548
      vertex 0.0258202162 0.0181381684 -0.0164397731
    endloop
  endfacet
  facet normal 0.382592857 0.728365123 -0.568424881
    outer loop
      vertex 0.0258202273 0.0189229846 -0.0155299548
      vertex 0.0258202348 0.0196622107 -0.0145827243
      vertex 0.0268384647 0.0193234347 -0.0143314777
    endloop
  endfacet
  facet normal 0.382593066 0.728364944 -0.568425059
    outer loop
      vertex 0.0258202273 0.0189229846 -0.0155299548
      vertex 0.0268384647 0.0193234347 -0.0143314777
      vertex 0.0268384572 0.0185969435 -0.0152623896
    endloop
  endfacet
  facet normal 0.923842371 0.301754147 -0.235498786
    outer loop
      vertex 0.0268384572 0.0185969435 -0.0152623896
      vertex 0.0268384647 0.0193234347 -0.0143314777
      vertex 0.0272602215 0.0185055751 -0.0137249166
    endloop
  endfacet
  facet normal 0.923843026 0.301751941 -0.235499069
    outer loop
      vertex 0.0268384572 0.0185969435 -0.0152623896
      vertex 0.0272602215 0.0185055751 -0.0137249166
      vertex 0.0272602122 0.0178098325 -0.0146164289
    endloop
  endfacet
  facet normal 0.923835158 -0.30177626 0.235498741
    outer loop
      vertex 0.0272602122 0.0178098325 -0.0146164289
      vertex 0.0272602215 0.0185055751 -0.0137249166
      vertex 0.026838446 0.0176877286 -0.0131183555
    endloop
  endfacet
  facet normal 0.923835158 -0.301776379 0.235498741
    outer loop
      vertex 0.0272602122 0.0178098325 -0.0146164289
      vertex 0.026838446 0.0176877286 -0.0131183555
      vertex 0.0268384367 0.0170227326 -0.0139704682
    endloop
  endfacet
  facet normal 0.38257587 -0.728374004 0.568425059
    outer loop
      vertex 0.0268384367 0.0170227326 -0.0139704682
      vertex 0.026838446 0.0176877286 -0.0131183555
      vertex 0.0258202069 0.0173489749 -0.0128671099
    endloop
  endfacet
  facet normal 0.382577449 -0.728372276 0.568426132
    outer loop
      vertex 0.0268384367 0.0170227326 -0.0139704682
      vertex 0.0258202069 0.0173489749 -0.0128671099
      vertex 0.0258201994 0.0166967139 -0.013702902
    endloop
  endfacet
  facet normal -0.382593572 -0.728363812 0.568426251
    outer loop
      vertex 0.0258201994 0.0166967139 -0.013702902
      vertex 0.0258202069 0.0173489749 -0.0128671099
      vertex 0.024801977 0.0176877528 -0.0131183555
    endloop
  endfacet
  facet normal -0.382594705 -0.72836417 0.56842494
    outer loop
      vertex 0.0258201994 0.0166967139 -0.013702902
      vertex 0.024801977 0.0176877528 -0.0131183555
      vertex 0.0248019695 0.0170227569 -0.0139704682
    endloop
  endfacet
  facet normal -0.923842788 -0.301752955 0.235498667
    outer loop
      vertex 0.0248019695 0.0170227569 -0.0139704682
      vertex 0.024801977 0.0176877528 -0.0131183555
      vertex 0.024380222 0.0185056105 -0.0137249166
    endloop
  endfacet
  facet normal -0.92384243 -0.301753074 0.235499963
    outer loop
      vertex 0.0248019695 0.0170227569 -0.0139704682
      vertex 0.024380222 0.0185056105 -0.0137249166
      vertex 0.0243802126 0.0178098679 -0.0146164289
    endloop
  endfacet
  facet normal -0.923835397 0.301775932 -0.235498458
    outer loop
      vertex 0.0243802126 0.0178098679 -0.0146164289
      vertex 0.024380222 0.0185056105 -0.0137249166
      vertex 0.0248019975 0.0193234589 -0.0143314777
    endloop
  endfacet
  facet normal -0.923835158 0.301775992 -0.235499203
    outer loop
      vertex 0.0243802126 0.0178098679 -0.0146164289
      vertex 0.0248019975 0.0193234589 -0.0143314777
      vertex 0.0248019882 0.0185969677 -0.0152623896
    endloop
  endfacet
  facet normal -0.38257575 0.728373945 -0.568425119
    outer loop
      vertex 0.0248019882 0.0185969677 -0.0152623896
      vertex 0.0248019975 0.0193234589 -0.0143314777
      vertex 0.0258202348 0.0196622107 -0.0145827243
    endloop
  endfacet
  facet normal -0.382575274 0.728373826 -0.568425655
    outer loop
      vertex 0.0248019882 0.0185969677 -0.0152623896
      vertex 0.0258202348 0.0196622107 -0.0145827243
      vertex 0.0258202273 0.0189229846 -0.0155299548
    endloop
  endfacet
  facet normal 0.382593334 0.755378902 -0.532000959
    outer loop
      vertex 0.0258202348 0.0196622107 -0.0145827243
      vertex 0.0258202441 0.0203540679 -0.0136003615
      vertex 0.026838474 0.0200033709 -0.0133660408
    endloop
  endfacet
  facet normal 0.382593095 0.75537914 -0.53200078
    outer loop
      vertex 0.0258202348 0.0196622107 -0.0145827243
      vertex 0.026838474 0.0200033709 -0.0133660408
      vertex 0.0268384647 0.0193234347 -0.0143314777
    endloop
  endfacet
  facet normal 0.923842847 0.312944561 -0.220408976
    outer loop
      vertex 0.0268384647 0.0193234347 -0.0143314777
      vertex 0.026838474 0.0200033709 -0.0133660408
      vertex 0.027260229 0.0191567354 -0.0128003405
    endloop
  endfacet
  facet normal 0.923842609 0.312945634 -0.220408723
    outer loop
      vertex 0.0268384647 0.0193234347 -0.0143314777
      vertex 0.027260229 0.0191567354 -0.0128003405
      vertex 0.0272602215 0.0185055751 -0.0137249166
    endloop
  endfacet
  facet normal 0.923835218 -0.312967181 0.220409006
    outer loop
      vertex 0.0272602215 0.0185055751 -0.0137249166
      vertex 0.027260229 0.0191567354 -0.0128003405
      vertex 0.0268384535 0.018310111 -0.0122346403
    endloop
  endfacet
  facet normal 0.923835039 -0.312967658 0.220408902
    outer loop
      vertex 0.0272602215 0.0185055751 -0.0137249166
      vertex 0.0268384535 0.018310111 -0.0122346403
      vertex 0.026838446 0.0176877286 -0.0131183555
    endloop
  endfacet
  facet normal 0.382576287 -0.755387783 0.53200078
    outer loop
      vertex 0.026838446 0.0176877286 -0.0131183555
      vertex 0.0268384535 0.018310111 -0.0122346403
      vertex 0.0258202143 0.0179594364 -0.0120003195
    endloop
  endfacet
  facet normal 0.382575512 -0.755388439 0.532000244
    outer loop
      vertex 0.026838446 0.0176877286 -0.0131183555
      vertex 0.0258202143 0.0179594364 -0.0120003195
      vertex 0.0258202069 0.0173489749 -0.0128671099
    endloop
  endfacet
  facet normal -0.382595122 -0.755378723 0.532000005
    outer loop
      vertex 0.0258202069 0.0173489749 -0.0128671099
      vertex 0.0258202143 0.0179594364 -0.0120003195
      vertex 0.0248019863 0.0183101352 -0.0122346403
    endloop
  endfacet
  facet normal -0.38259393 -0.755378306 0.532001376
    outer loop
      vertex 0.0258202069 0.0173489749 -0.0128671099
      vertex 0.0248019863 0.0183101352 -0.0122346403
      vertex 0.024801977 0.0176877528 -0.0131183555
    endloop
  endfacet
  facet normal -0.923842251 -0.312945187 0.220410556
    outer loop
      vertex 0.024801977 0.0176877528 -0.0131183555
      vertex 0.0248019863 0.0183101352 -0.0122346403
      vertex 0.0243802294 0.0191567708 -0.0128003405
    endloop
  endfacet
  facet normal -0.923842967 -0.312944829 0.220408201
    outer loop
      vertex 0.024801977 0.0176877528 -0.0131183555
      vertex 0.0243802294 0.0191567708 -0.0128003405
      vertex 0.024380222 0.0185056105 -0.0137249166
    endloop
  endfacet
  facet normal -0.923835218 0.312967181 -0.220409006
    outer loop
      vertex 0.024380222 0.0185056105 -0.0137249166
      vertex 0.0243802294 0.0191567708 -0.0128003405
      vertex 0.0248020049 0.0200033952 -0.0133660408
    endloop
  endfacet
  facet normal -0.923835218 0.312967151 -0.220408827
    outer loop
      vertex 0.024380222 0.0185056105 -0.0137249166
      vertex 0.0248020049 0.0200033952 -0.0133660408
      vertex 0.0248019975 0.0193234589 -0.0143314777
    endloop
  endfacet
  facet normal -0.382575065 0.755388439 -0.532000721
    outer loop
      vertex 0.0248019975 0.0193234589 -0.0143314777
      vertex 0.0248020049 0.0200033952 -0.0133660408
      vertex 0.0258202441 0.0203540679 -0.0136003615
    endloop
  endfacet
  facet normal -0.382575333 0.755388439 -0.532000303
    outer loop
      vertex 0.0248019975 0.0193234589 -0.0143314777
      vertex 0.0258202441 0.0203540679 -0.0136003615
      vertex 0.0258202348 0.0196622107 -0.0145827243
    endloop
  endfacet
  facet normal 0.382593781 0.780572653 -0.494295895
    outer loop
      vertex 0.0258202441 0.0203540679 -0.0136003615
      vertex 0.0258202516 0.020996891 -0.0125852348
      vertex 0.0268384814 0.0206351187 -0.0123684034
    endloop
  endfacet
  facet normal 0.382593602 0.780572712 -0.494295746
    outer loop
      vertex 0.0258202441 0.0203540679 -0.0136003615
      vertex 0.0268384814 0.0206351187 -0.0123684034
      vertex 0.026838474 0.0200033709 -0.0133660408
    endloop
  endfacet
  facet normal 0.923842967 0.323382825 -0.20478709
    outer loop
      vertex 0.026838474 0.0200033709 -0.0133660408
      vertex 0.0268384814 0.0206351187 -0.0123684034
      vertex 0.0272602364 0.0197617449 -0.0118449265
    endloop
  endfacet
  facet normal 0.923842907 0.323382676 -0.20478712
    outer loop
      vertex 0.026838474 0.0200033709 -0.0133660408
      vertex 0.0272602364 0.0197617449 -0.0118449265
      vertex 0.027260229 0.0191567354 -0.0128003405
    endloop
  endfacet
  facet normal 0.923835158 -0.323405176 0.204786956
    outer loop
      vertex 0.027260229 0.0191567354 -0.0128003405
      vertex 0.0272602364 0.0197617449 -0.0118449265
      vertex 0.0268384609 0.0188883822 -0.0113214506
    endloop
  endfacet
  facet normal 0.923835039 -0.323405534 0.204786807
    outer loop
      vertex 0.027260229 0.0191567354 -0.0128003405
      vertex 0.0268384609 0.0188883822 -0.0113214506
      vertex 0.0268384535 0.018310111 -0.0122346403
    endloop
  endfacet
  facet normal 0.382576257 -0.780581832 0.494295001
    outer loop
      vertex 0.0268384535 0.018310111 -0.0122346403
      vertex 0.0268384609 0.0188883822 -0.0113214506
      vertex 0.0258202218 0.0185266323 -0.0111046191
    endloop
  endfacet
  facet normal 0.382575959 -0.780582011 0.494294822
    outer loop
      vertex 0.0268384535 0.018310111 -0.0122346403
      vertex 0.0258202218 0.0185266323 -0.0111046191
      vertex 0.0258202143 0.0179594364 -0.0120003195
    endloop
  endfacet
  facet normal -0.382594973 -0.780572414 0.49429515
    outer loop
      vertex 0.0258202143 0.0179594364 -0.0120003195
      vertex 0.0258202218 0.0185266323 -0.0111046191
      vertex 0.0248019919 0.0188884065 -0.0113214506
    endloop
  endfacet
  facet normal -0.38259545 -0.780572593 0.494294673
    outer loop
      vertex 0.0258202143 0.0179594364 -0.0120003195
      vertex 0.0248019919 0.0188884065 -0.0113214506
      vertex 0.0248019863 0.0183101352 -0.0122346403
    endloop
  endfacet
  facet normal -0.923842907 -0.323383629 0.204786122
    outer loop
      vertex 0.0248019863 0.0183101352 -0.0122346403
      vertex 0.0248019919 0.0188884065 -0.0113214506
      vertex 0.0243802369 0.0197617803 -0.0118449265
    endloop
  endfacet
  facet normal -0.923842371 -0.323383898 0.20478791
    outer loop
      vertex 0.0248019863 0.0183101352 -0.0122346403
      vertex 0.0243802369 0.0197617803 -0.0118449265
      vertex 0.0243802294 0.0191567708 -0.0128003405
    endloop
  endfacet
  facet normal -0.923835158 0.323405057 -0.204786867
    outer loop
      vertex 0.0243802294 0.0191567708 -0.0128003405
      vertex 0.0243802369 0.0197617803 -0.0118449265
      vertex 0.0248020124 0.0206351429 -0.0123684034
    endloop
  endfacet
  facet normal -0.923835039 0.323405147 -0.204787433
    outer loop
      vertex 0.0243802294 0.0191567708 -0.0128003405
      vertex 0.0248020124 0.0206351429 -0.0123684034
      vertex 0.0248020049 0.0200033952 -0.0133660408
    endloop
  endfacet
  facet normal -0.382574975 0.780581832 -0.494295806
    outer loop
      vertex 0.0248020049 0.0200033952 -0.0133660408
      vertex 0.0248020124 0.0206351429 -0.0123684034
      vertex 0.0258202516 0.020996891 -0.0125852348
    endloop
  endfacet
  facet normal -0.382574797 0.780581832 -0.494296134
    outer loop
      vertex 0.0248020049 0.0200033952 -0.0133660408
      vertex 0.0258202516 0.020996891 -0.0125852348
      vertex 0.0258202441 0.0203540679 -0.0136003615
    endloop
  endfacet
  facet normal 0.382593662 0.803887069 -0.455398411
    outer loop
      vertex 0.0258202516 0.020996891 -0.0125852348
      vertex 0.025820259 0.0215891283 -0.011539788
      vertex 0.0268384889 0.0212171525 -0.0113409692
    endloop
  endfacet
  facet normal 0.382593989 0.803886712 -0.455398589
    outer loop
      vertex 0.0258202516 0.020996891 -0.0125852348
      vertex 0.0268384889 0.0212171525 -0.0113409692
      vertex 0.0268384814 0.0206351187 -0.0123684034
    endloop
  endfacet
  facet normal 0.923842967 0.333042026 -0.188672528
    outer loop
      vertex 0.0268384814 0.0206351187 -0.0123684034
      vertex 0.0268384889 0.0212171525 -0.0113409692
      vertex 0.0272602439 0.0203191452 -0.0108609777
    endloop
  endfacet
  facet normal 0.923843086 0.33304143 -0.188672677
    outer loop
      vertex 0.0268384814 0.0206351187 -0.0123684034
      vertex 0.0272602439 0.0203191452 -0.0108609777
      vertex 0.0272602364 0.0197617449 -0.0118449265
    endloop
  endfacet
  facet normal 0.923834562 -0.333065361 0.188672245
    outer loop
      vertex 0.0272602364 0.0197617449 -0.0118449265
      vertex 0.0272602439 0.0203191452 -0.0108609777
      vertex 0.0268384665 0.019421149 -0.0103809861
    endloop
  endfacet
  facet normal 0.923835099 -0.333063632 0.188672811
    outer loop
      vertex 0.0272602364 0.0197617449 -0.0118449265
      vertex 0.0268384665 0.019421149 -0.0103809861
      vertex 0.0268384609 0.0188883822 -0.0113214506
    endloop
  endfacet
  facet normal 0.382574767 -0.803895652 0.455399215
    outer loop
      vertex 0.0268384609 0.0188883822 -0.0113214506
      vertex 0.0268384665 0.019421149 -0.0103809861
      vertex 0.0258202273 0.0190491974 -0.0101821665
    endloop
  endfacet
  facet normal 0.382575959 -0.80389446 0.455400139
    outer loop
      vertex 0.0268384609 0.0188883822 -0.0113214506
      vertex 0.0258202273 0.0190491974 -0.0101821665
      vertex 0.0258202218 0.0185266323 -0.0111046191
    endloop
  endfacet
  facet normal -0.382594585 -0.803885758 0.455399841
    outer loop
      vertex 0.0258202218 0.0185266323 -0.0111046191
      vertex 0.0258202273 0.0190491974 -0.0101821665
      vertex 0.0248019993 0.0194211733 -0.0103809861
    endloop
  endfacet
  facet normal -0.382595301 -0.803885996 0.455399036
    outer loop
      vertex 0.0258202218 0.0185266323 -0.0111046191
      vertex 0.0248019993 0.0194211733 -0.0103809861
      vertex 0.0248019919 0.0188884065 -0.0113214506
    endloop
  endfacet
  facet normal -0.923842371 -0.33304292 0.188673884
    outer loop
      vertex 0.0248019919 0.0188884065 -0.0113214506
      vertex 0.0248019993 0.0194211733 -0.0103809861
      vertex 0.0243802425 0.0203191806 -0.0108609777
    endloop
  endfacet
  facet normal -0.923842967 -0.333042294 0.18867144
    outer loop
      vertex 0.0248019919 0.0188884065 -0.0113214506
      vertex 0.0243802425 0.0203191806 -0.0108609777
      vertex 0.0243802369 0.0197617803 -0.0118449265
    endloop
  endfacet
  facet normal -0.923834443 0.333064646 -0.188673601
    outer loop
      vertex 0.0243802369 0.0197617803 -0.0118449265
      vertex 0.0243802425 0.0203191806 -0.0108609777
      vertex 0.0248020198 0.0212171767 -0.0113409692
    endloop
  endfacet
  facet normal -0.923835099 0.333064109 -0.188671619
    outer loop
      vertex 0.0243802369 0.0197617803 -0.0118449265
      vertex 0.0248020198 0.0212171767 -0.0113409692
      vertex 0.0248020124 0.0206351429 -0.0123684034
    endloop
  endfacet
  facet normal -0.382574379 0.803896248 -0.45539844
    outer loop
      vertex 0.0248020124 0.0206351429 -0.0123684034
      vertex 0.0248020198 0.0212171767 -0.0113409692
      vertex 0.025820259 0.0215891283 -0.011539788
    endloop
  endfacet
  facet normal -0.382574677 0.803896308 -0.455398083
    outer loop
      vertex 0.0248020124 0.0206351429 -0.0123684034
      vertex 0.025820259 0.0215891283 -0.011539788
      vertex 0.0258202516 0.020996891 -0.0125852348
    endloop
  endfacet
  facet normal 0.382594109 0.82526356 -0.415405601
    outer loop
      vertex 0.025820259 0.0215891283 -0.011539788
      vertex 0.0258202646 0.0221293457 -0.0104665626
      vertex 0.0268384945 0.0217480622 -0.0102862343
    endloop
  endfacet
  facet normal 0.38259393 0.825263739 -0.415405512
    outer loop
      vertex 0.025820259 0.0215891283 -0.011539788
      vertex 0.0268384945 0.0217480622 -0.0102862343
      vertex 0.0268384889 0.0212171525 -0.0113409692
    endloop
  endfacet
  facet normal 0.923843026 0.34189871 -0.172102511
    outer loop
      vertex 0.0268384889 0.0212171525 -0.0113409692
      vertex 0.0268384945 0.0217480622 -0.0102862343
      vertex 0.0272602495 0.020827584 -0.00985088293
    endloop
  endfacet
  facet normal 0.923842967 0.341898888 -0.172102466
    outer loop
      vertex 0.0268384889 0.0212171525 -0.0113409692
      vertex 0.0272602495 0.020827584 -0.00985088293
      vertex 0.0272602439 0.0203191452 -0.0108609777
    endloop
  endfacet
  facet normal 0.923834443 -0.341921538 0.172103673
    outer loop
      vertex 0.0272602439 0.0203191452 -0.0108609777
      vertex 0.0272602495 0.020827584 -0.00985088293
      vertex 0.0268384721 0.0199071188 -0.00941553153
    endloop
  endfacet
  facet normal 0.923834443 -0.341921449 0.172103703
    outer loop
      vertex 0.0272602439 0.0203191452 -0.0108609777
      vertex 0.0268384721 0.0199071188 -0.00941553153
      vertex 0.0268384665 0.019421149 -0.0103809861
    endloop
  endfacet
  facet normal 0.382574975 -0.825272441 0.415405601
    outer loop
      vertex 0.0268384665 0.019421149 -0.0103809861
      vertex 0.0268384721 0.0199071188 -0.00941553153
      vertex 0.0258202348 0.0195258595 -0.00923520327
    endloop
  endfacet
  facet normal 0.382574439 -0.825272858 0.415405154
    outer loop
      vertex 0.0268384665 0.019421149 -0.0103809861
      vertex 0.0258202348 0.0195258595 -0.00923520327
      vertex 0.0258202273 0.0190491974 -0.0101821665
    endloop
  endfacet
  facet normal -0.382594079 -0.825263202 0.415406287
    outer loop
      vertex 0.0258202273 0.0190491974 -0.0101821665
      vertex 0.0258202348 0.0195258595 -0.00923520327
      vertex 0.0248020049 0.019907143 -0.00941553153
    endloop
  endfacet
  facet normal -0.382594883 -0.825263321 0.415405452
    outer loop
      vertex 0.0258202273 0.0190491974 -0.0101821665
      vertex 0.0248020049 0.019907143 -0.00941553153
      vertex 0.0248019993 0.0194211733 -0.0103809861
    endloop
  endfacet
  facet normal -0.923842788 -0.341899037 0.172103107
    outer loop
      vertex 0.0248019993 0.0194211733 -0.0103809861
      vertex 0.0248020049 0.019907143 -0.00941553153
      vertex 0.0243802499 0.0208276194 -0.00985088293
    endloop
  endfacet
  facet normal -0.92384243 -0.341899455 0.172104463
    outer loop
      vertex 0.0248019993 0.0194211733 -0.0103809861
      vertex 0.0243802499 0.0208276194 -0.00985088293
      vertex 0.0243802425 0.0203191806 -0.0108609777
    endloop
  endfacet
  facet normal -0.923834622 0.341921687 -0.172102034
    outer loop
      vertex 0.0243802425 0.0203191806 -0.0108609777
      vertex 0.0243802499 0.0208276194 -0.00985088293
      vertex 0.0248020273 0.0217480864 -0.0102862343
    endloop
  endfacet
  facet normal -0.923834383 0.341921955 -0.172102749
    outer loop
      vertex 0.0243802425 0.0203191806 -0.0108609777
      vertex 0.0248020273 0.0217480864 -0.0102862343
      vertex 0.0248020198 0.0212171767 -0.0113409692
    endloop
  endfacet
  facet normal -0.382574975 0.82527262 -0.415405244
    outer loop
      vertex 0.0248020198 0.0212171767 -0.0113409692
      vertex 0.0248020273 0.0217480864 -0.0102862343
      vertex 0.0258202646 0.0221293457 -0.0104665626
    endloop
  endfacet
  facet normal -0.382574141 0.82527256 -0.415406138
    outer loop
      vertex 0.0248020198 0.0212171767 -0.0113409692
      vertex 0.0258202646 0.0221293457 -0.0104665626
      vertex 0.025820259 0.0215891283 -0.011539788
    endloop
  endfacet
  facet normal 0.382594764 0.844652057 -0.374411851
    outer loop
      vertex 0.0258202646 0.0221293457 -0.0104665626
      vertex 0.0258202702 0.0226162616 -0.00936810207
      vertex 0.0268385001 0.0222265888 -0.00920669828
    endloop
  endfacet
  facet normal 0.382594317 0.844652355 -0.374411523
    outer loop
      vertex 0.0258202646 0.0221293457 -0.0104665626
      vertex 0.0268385001 0.0222265888 -0.00920669828
      vertex 0.0268384945 0.0217480622 -0.0102862343
    endloop
  endfacet
  facet normal 0.923843026 0.349931598 -0.155119166
    outer loop
      vertex 0.0268384945 0.0217480622 -0.0102862343
      vertex 0.0268385001 0.0222265888 -0.00920669828
      vertex 0.0272602551 0.021285858 -0.00881703664
    endloop
  endfacet
  facet normal 0.923843145 0.34993118 -0.15511933
    outer loop
      vertex 0.0268384945 0.0217480622 -0.0102862343
      vertex 0.0272602551 0.021285858 -0.00881703664
      vertex 0.0272602495 0.020827584 -0.00985088293
    endloop
  endfacet
  facet normal 0.923834443 -0.349953949 0.155119419
    outer loop
      vertex 0.0272602495 0.020827584 -0.00985088293
      vertex 0.0272602551 0.021285858 -0.00881703664
      vertex 0.0268384777 0.0203451384 -0.00842737593
    endloop
  endfacet
  facet normal 0.923834324 -0.349954635 0.155119136
    outer loop
      vertex 0.0272602495 0.020827584 -0.00985088293
      vertex 0.0268384777 0.0203451384 -0.00842737593
      vertex 0.0268384721 0.0199071188 -0.00941553153
    endloop
  endfacet
  facet normal 0.382574677 -0.844661534 0.374410897
    outer loop
      vertex 0.0268384721 0.0199071188 -0.00941553153
      vertex 0.0268384777 0.0203451384 -0.00842737593
      vertex 0.0258202385 0.0199554898 -0.00826597214
    endloop
  endfacet
  facet normal 0.382574767 -0.844661474 0.374410957
    outer loop
      vertex 0.0268384721 0.0199071188 -0.00941553153
      vertex 0.0258202385 0.0199554898 -0.00826597214
      vertex 0.0258202348 0.0195258595 -0.00923520327
    endloop
  endfacet
  facet normal -0.38259542 -0.844652534 0.374409914
    outer loop
      vertex 0.0258202348 0.0195258595 -0.00923520327
      vertex 0.0258202385 0.0199554898 -0.00826597214
      vertex 0.0248020105 0.0203451626 -0.00842737593
    endloop
  endfacet
  facet normal -0.382594317 -0.844652534 0.374411225
    outer loop
      vertex 0.0258202348 0.0195258595 -0.00923520327
      vertex 0.0248020105 0.0203451626 -0.00842737593
      vertex 0.0248020049 0.019907143 -0.00941553153
    endloop
  endfacet
  facet normal -0.923842967 -0.349931628 0.155119389
    outer loop
      vertex 0.0248020049 0.019907143 -0.00941553153
      vertex 0.0248020105 0.0203451626 -0.00842737593
      vertex 0.0243802555 0.0212858934 -0.00881703664
    endloop
  endfacet
  facet normal -0.923842847 -0.349931717 0.155119568
    outer loop
      vertex 0.0248020049 0.019907143 -0.00941553153
      vertex 0.0243802555 0.0212858934 -0.00881703664
      vertex 0.0243802499 0.0208276194 -0.00985088293
    endloop
  endfacet
  facet normal -0.923834622 0.34995383 -0.155119389
    outer loop
      vertex 0.0243802499 0.0208276194 -0.00985088293
      vertex 0.0243802555 0.0212858934 -0.00881703664
      vertex 0.0248020329 0.022226613 -0.00920669828
    endloop
  endfacet
  facet normal -0.923834503 0.34995386 -0.155119479
    outer loop
      vertex 0.0243802499 0.0208276194 -0.00985088293
      vertex 0.0248020329 0.022226613 -0.00920669828
      vertex 0.0248020273 0.0217480864 -0.0102862343
    endloop
  endfacet
  facet normal -0.382575244 0.844661057 -0.374411404
    outer loop
      vertex 0.0248020273 0.0217480864 -0.0102862343
      vertex 0.0248020329 0.022226613 -0.00920669828
      vertex 0.0258202702 0.0226162616 -0.00936810207
    endloop
  endfacet
  facet normal -0.382574767 0.844661057 -0.374412
    outer loop
      vertex 0.0248020273 0.0217480864 -0.0102862343
      vertex 0.0258202702 0.0226162616 -0.00936810207
      vertex 0.0258202646 0.0221293457 -0.0104665626
    endloop
  endfacet
  facet normal 0.382595003 0.862006307 -0.332515031
    outer loop
      vertex 0.0258202702 0.0226162616 -0.00936810207
      vertex 0.0258202758 0.0230486915 -0.00824707188
      vertex 0.0268385056 0.0226515681 -0.00810498279
    endloop
  endfacet
  facet normal 0.382594973 0.862006366 -0.332515031
    outer loop
      vertex 0.0258202702 0.0226162616 -0.00936810207
      vertex 0.0268385056 0.0226515681 -0.00810498279
      vertex 0.0268385001 0.0222265888 -0.00920669828
    endloop
  endfacet
  facet normal 0.923843086 0.357121229 -0.137761772
    outer loop
      vertex 0.0268385001 0.0222265888 -0.00920669828
      vertex 0.0268385056 0.0226515681 -0.00810498279
      vertex 0.0272602607 0.0216928497 -0.00776195014
    endloop
  endfacet
  facet normal 0.923843145 0.357121319 -0.137761757
    outer loop
      vertex 0.0268385001 0.0222265888 -0.00920669828
      vertex 0.0272602607 0.0216928497 -0.00776195014
      vertex 0.0272602551 0.021285858 -0.00881703664
    endloop
  endfacet
  facet normal 0.923833847 -0.357145458 0.13776128
    outer loop
      vertex 0.0272602551 0.021285858 -0.00881703664
      vertex 0.0272602607 0.0216928497 -0.00776195014
      vertex 0.0268384814 0.0207341444 -0.00741891703
    endloop
  endfacet
  facet normal 0.923834503 -0.357143551 0.137762219
    outer loop
      vertex 0.0272602551 0.021285858 -0.00881703664
      vertex 0.0268384814 0.0207341444 -0.00741891703
      vertex 0.0268384777 0.0203451384 -0.00842737593
    endloop
  endfacet
  facet normal 0.382574975 -0.862015188 0.332514912
    outer loop
      vertex 0.0268384777 0.0203451384 -0.00842737593
      vertex 0.0268384814 0.0207341444 -0.00741891703
      vertex 0.0258202441 0.0203370452 -0.0072768284
    endloop
  endfacet
  facet normal 0.382574409 -0.862015605 0.332514405
    outer loop
      vertex 0.0268384777 0.0203451384 -0.00842737593
      vertex 0.0258202441 0.0203370452 -0.0072768284
      vertex 0.0258202385 0.0199554898 -0.00826597214
    endloop
  endfacet
  facet normal -0.382594794 -0.862006247 0.33251515
    outer loop
      vertex 0.0258202385 0.0199554898 -0.00826597214
      vertex 0.0258202441 0.0203370452 -0.0072768284
      vertex 0.0248020142 0.0207341686 -0.00741891703
    endloop
  endfacet
  facet normal -0.382595539 -0.862006307 0.332514346
    outer loop
      vertex 0.0258202385 0.0199554898 -0.00826597214
      vertex 0.0248020142 0.0207341686 -0.00741891703
      vertex 0.0248020105 0.0203451626 -0.00842737593
    endloop
  endfacet
  facet normal -0.923842907 -0.357122093 0.137760773
    outer loop
      vertex 0.0248020105 0.0203451626 -0.00842737593
      vertex 0.0248020142 0.0207341686 -0.00741891703
      vertex 0.0243802592 0.0216928851 -0.00776195014
    endloop
  endfacet
  facet normal -0.923843026 -0.357121974 0.137760386
    outer loop
      vertex 0.0248020105 0.0203451626 -0.00842737593
      vertex 0.0243802592 0.0216928851 -0.00776195014
      vertex 0.0243802555 0.0212858934 -0.00881703664
    endloop
  endfacet
  facet normal -0.923834026 0.357144475 -0.137762532
    outer loop
      vertex 0.0243802555 0.0212858934 -0.00881703664
      vertex 0.0243802592 0.0216928851 -0.00776195014
      vertex 0.0248020384 0.0226515923 -0.00810498279
    endloop
  endfacet
  facet normal -0.923834443 0.357143879 -0.137761101
    outer loop
      vertex 0.0243802555 0.0212858934 -0.00881703664
      vertex 0.0248020384 0.0226515923 -0.00810498279
      vertex 0.0248020329 0.022226613 -0.00920669828
    endloop
  endfacet
  facet normal -0.382575125 0.862015247 -0.332514584
    outer loop
      vertex 0.0248020329 0.022226613 -0.00920669828
      vertex 0.0248020384 0.0226515923 -0.00810498279
      vertex 0.0258202758 0.0230486915 -0.00824707188
    endloop
  endfacet
  facet normal -0.382575005 0.862015247 -0.332514644
    outer loop
      vertex 0.0248020329 0.022226613 -0.00920669828
      vertex 0.0258202758 0.0230486915 -0.00824707188
      vertex 0.0258202702 0.0226162616 -0.00936810207
    endloop
  endfacet
  facet normal 0.382595152 0.87728405 -0.28981638
    outer loop
      vertex 0.0258202758 0.0230486915 -0.00824707188
      vertex 0.0258202814 0.0234255921 -0.00710617332
      vertex 0.0268385094 0.0230219755 -0.00698374165
    endloop
  endfacet
  facet normal 0.382595122 0.87728411 -0.28981635
    outer loop
      vertex 0.0258202758 0.0230486915 -0.00824707188
      vertex 0.0268385094 0.0230219755 -0.00698374165
      vertex 0.0268385056 0.0226515681 -0.00810498279
    endloop
  endfacet
  facet normal 0.923843026 0.363451391 -0.120071016
    outer loop
      vertex 0.0268385056 0.0226515681 -0.00810498279
      vertex 0.0268385094 0.0230219755 -0.00698374165
      vertex 0.0272602644 0.0220475812 -0.00668816315
    endloop
  endfacet
  facet normal 0.923843205 0.363451004 -0.120071232
    outer loop
      vertex 0.0268385056 0.0226515681 -0.00810498279
      vertex 0.0272602644 0.0220475812 -0.00668816315
      vertex 0.0272602607 0.0216928497 -0.00776195014
    endloop
  endfacet
  facet normal 0.923834503 -0.363472879 0.120072082
    outer loop
      vertex 0.0272602607 0.0216928497 -0.00776195014
      vertex 0.0272602644 0.0220475812 -0.00668816315
      vertex 0.026838487 0.0210731979 -0.00639258558
    endloop
  endfacet
  facet normal 0.923833728 -0.363475233 0.12007077
    outer loop
      vertex 0.0272602607 0.0216928497 -0.00776195014
      vertex 0.026838487 0.0210731979 -0.00639258558
      vertex 0.0268384814 0.0207341444 -0.00741891703
    endloop
  endfacet
  facet normal 0.382573903 -0.877293408 0.289816082
    outer loop
      vertex 0.0268384814 0.0207341444 -0.00741891703
      vertex 0.026838487 0.0210731979 -0.00639258558
      vertex 0.0258202478 0.0206696056 -0.00627015345
    endloop
  endfacet
  facet normal 0.382574797 -0.877292812 0.289816916
    outer loop
      vertex 0.0268384814 0.0207341444 -0.00741891703
      vertex 0.0258202478 0.0206696056 -0.00627015345
      vertex 0.0258202441 0.0203370452 -0.0072768284
    endloop
  endfacet
  facet normal -0.382594645 -0.877284169 0.289816827
    outer loop
      vertex 0.0258202441 0.0203370452 -0.0072768284
      vertex 0.0258202478 0.0206696056 -0.00627015345
      vertex 0.024802018 0.0210732222 -0.00639258558
    endloop
  endfacet
  facet normal -0.382595032 -0.87728411 0.289816469
    outer loop
      vertex 0.0258202441 0.0203370452 -0.0072768284
      vertex 0.024802018 0.0210732222 -0.00639258558
      vertex 0.0248020142 0.0207341686 -0.00741891703
    endloop
  endfacet
  facet normal -0.923843622 -0.36345008 0.120070837
    outer loop
      vertex 0.0248020142 0.0207341686 -0.00741891703
      vertex 0.024802018 0.0210732222 -0.00639258558
      vertex 0.0243802648 0.0220476165 -0.00668816315
    endloop
  endfacet
  facet normal -0.923842967 -0.363450944 0.120072849
    outer loop
      vertex 0.0248020142 0.0207341686 -0.00741891703
      vertex 0.0243802648 0.0220476165 -0.00668816315
      vertex 0.0243802592 0.0216928851 -0.00776195014
    endloop
  endfacet
  facet normal -0.923834503 0.363473296 -0.120070592
    outer loop
      vertex 0.0243802592 0.0216928851 -0.00776195014
      vertex 0.0243802648 0.0220476165 -0.00668816315
      vertex 0.0248020422 0.0230219997 -0.00698374119
    endloop
  endfacet
  facet normal -0.923834026 0.363474131 -0.12007235
    outer loop
      vertex 0.0243802592 0.0216928851 -0.00776195014
      vertex 0.0248020422 0.0230219997 -0.00698374119
      vertex 0.0248020384 0.0226515923 -0.00810498279
    endloop
  endfacet
  facet normal -0.382573932 0.877293289 -0.289816737
    outer loop
      vertex 0.0248020384 0.0226515923 -0.00810498279
      vertex 0.0248020422 0.0230219997 -0.00698374119
      vertex 0.0258202814 0.0234255921 -0.00710617332
    endloop
  endfacet
  facet normal -0.382574946 0.877293169 -0.289815634
    outer loop
      vertex 0.0248020384 0.0226515923 -0.00810498279
      vertex 0.0258202814 0.0234255921 -0.00710617332
      vertex 0.0258202758 0.0230486915 -0.00824707188
    endloop
  endfacet
  facet normal 0.382596463 0.890446961 -0.246422499
    outer loop
      vertex 0.0258202814 0.0234255921 -0.00710617332
      vertex 0.0258202851 0.0237460602 -0.00594815705
      vertex 0.0268385131 0.0233369209 -0.00584567618
    endloop
  endfacet
  facet normal 0.38259533 0.890447855 -0.246421531
    outer loop
      vertex 0.0258202814 0.0234255921 -0.00710617332
      vertex 0.0268385131 0.0233369209 -0.00584567618
      vertex 0.0268385094 0.0230219755 -0.00698374165
    endloop
  endfacet
  facet normal 0.923843026 0.368905395 -0.102092966
    outer loop
      vertex 0.0268385094 0.0230219755 -0.00698374165
      vertex 0.0268385131 0.0233369209 -0.00584567618
      vertex 0.0272602681 0.0223491974 -0.00559826521
    endloop
  endfacet
  facet normal 0.923843145 0.368904948 -0.10209322
    outer loop
      vertex 0.0268385094 0.0230219755 -0.00698374165
      vertex 0.0272602681 0.0223491974 -0.00559826521
      vertex 0.0272602644 0.0220475812 -0.00668816315
    endloop
  endfacet
  facet normal 0.923834622 -0.368926257 0.102092788
    outer loop
      vertex 0.0272602644 0.0220475812 -0.00668816315
      vertex 0.0272602681 0.0223491974 -0.00559826521
      vertex 0.0268384907 0.0213614833 -0.00535085425
    endloop
  endfacet
  facet normal 0.923834383 -0.368926942 0.102092348
    outer loop
      vertex 0.0272602644 0.0220475812 -0.00668816315
      vertex 0.0268384907 0.0213614833 -0.00535085425
      vertex 0.026838487 0.0210731979 -0.00639258558
    endloop
  endfacet
  facet normal 0.382573396 -0.890457392 0.246420905
    outer loop
      vertex 0.026838487 0.0210731979 -0.00639258558
      vertex 0.0268384907 0.0213614833 -0.00535085425
      vertex 0.0258202516 0.02095237 -0.00524837384
    endloop
  endfacet
  facet normal 0.382573754 -0.890457153 0.246421233
    outer loop
      vertex 0.026838487 0.0210731979 -0.00639258558
      vertex 0.0258202516 0.02095237 -0.00524837384
      vertex 0.0258202478 0.0206696056 -0.00627015345
    endloop
  endfacet
  facet normal -0.382594436 -0.890448153 0.246421546
    outer loop
      vertex 0.0258202478 0.0206696056 -0.00627015345
      vertex 0.0258202516 0.02095237 -0.00524837384
      vertex 0.0248020217 0.0213615075 -0.00535085425
    endloop
  endfacet
  facet normal -0.382594794 -0.890448034 0.246421054
    outer loop
      vertex 0.0258202478 0.0206696056 -0.00627015345
      vertex 0.0248020217 0.0213615075 -0.00535085425
      vertex 0.024802018 0.0210732222 -0.00639258558
    endloop
  endfacet
  facet normal -0.923843801 -0.368903428 0.102092415
    outer loop
      vertex 0.024802018 0.0210732222 -0.00639258558
      vertex 0.0248020217 0.0213615075 -0.00535085425
      vertex 0.0243802685 0.0223492328 -0.00559826521
    endloop
  endfacet
  facet normal -0.923843741 -0.368903667 0.102092832
    outer loop
      vertex 0.024802018 0.0210732222 -0.00639258558
      vertex 0.0243802685 0.0223492328 -0.00559826521
      vertex 0.0243802648 0.0220476165 -0.00668816315
    endloop
  endfacet
  facet normal -0.923834443 0.368926883 -0.102092959
    outer loop
      vertex 0.0243802648 0.0220476165 -0.00668816315
      vertex 0.0243802685 0.0223492328 -0.00559826521
      vertex 0.0248020459 0.0233369451 -0.00584567571
    endloop
  endfacet
  facet normal -0.923834443 0.368926793 -0.102092855
    outer loop
      vertex 0.0243802648 0.0220476165 -0.00668816315
      vertex 0.0248020459 0.0233369451 -0.00584567571
      vertex 0.0248020422 0.0230219997 -0.00698374119
    endloop
  endfacet
  facet normal -0.382575005 0.890456557 -0.246421441
    outer loop
      vertex 0.0248020422 0.0230219997 -0.00698374119
      vertex 0.0248020459 0.0233369451 -0.00584567571
      vertex 0.0258202851 0.0237460602 -0.00594815705
    endloop
  endfacet
  facet normal -0.382573754 0.890456676 -0.246422738
    outer loop
      vertex 0.0248020422 0.0230219997 -0.00698374119
      vertex 0.0258202851 0.0237460602 -0.00594815705
      vertex 0.0258202814 0.0234255921 -0.00710617332
    endloop
  endfacet
  facet normal 0.382596493 0.901466191 -0.202431753
    outer loop
      vertex 0.0258202851 0.0237460602 -0.00594815705
      vertex 0.0258202888 0.024009319 -0.00477580959
      vertex 0.0268385168 0.0235956442 -0.00469352724
    endloop
  endfacet
  facet normal 0.382596672 0.901466072 -0.202431902
    outer loop
      vertex 0.0258202851 0.0237460602 -0.00594815705
      vertex 0.0268385168 0.0235956442 -0.00469352724
      vertex 0.0268385131 0.0233369209 -0.00584567618
    endloop
  endfacet
  facet normal 0.923842788 0.373470932 -0.0838685557
    outer loop
      vertex 0.0268385131 0.0233369209 -0.00584567618
      vertex 0.0268385168 0.0235956442 -0.00469352724
      vertex 0.0272602718 0.0225969721 -0.00449487939
    endloop
  endfacet
  facet normal 0.923843026 0.373470217 -0.0838690177
    outer loop
      vertex 0.0268385131 0.0233369209 -0.00584567618
      vertex 0.0272602718 0.0225969721 -0.00449487939
      vertex 0.0272602681 0.0223491974 -0.00559826521
    endloop
  endfacet
  facet normal 0.923834026 -0.373492628 0.0838678181
    outer loop
      vertex 0.0272602681 0.0223491974 -0.00559826521
      vertex 0.0272602718 0.0225969721 -0.00449487939
      vertex 0.0268384926 0.0215983074 -0.00429623201
    endloop
  endfacet
  facet normal 0.923834622 -0.373491079 0.0838689059
    outer loop
      vertex 0.0272602681 0.0223491974 -0.00559826521
      vertex 0.0268384926 0.0215983074 -0.00429623201
      vertex 0.0268384907 0.0213614833 -0.00535085425
    endloop
  endfacet
  facet normal 0.382573277 -0.901475728 0.202433139
    outer loop
      vertex 0.0268384907 0.0213614833 -0.00535085425
      vertex 0.0268384926 0.0215983074 -0.00429623201
      vertex 0.0258202534 0.0211846586 -0.0042139492
    endloop
  endfacet
  facet normal 0.382573307 -0.901475728 0.202433169
    outer loop
      vertex 0.0268384907 0.0213614833 -0.00535085425
      vertex 0.0258202534 0.0211846586 -0.0042139492
      vertex 0.0258202516 0.02095237 -0.00524837384
    endloop
  endfacet
  facet normal -0.382595122 -0.901466608 0.202432483
    outer loop
      vertex 0.0258202516 0.02095237 -0.00524837384
      vertex 0.0258202534 0.0211846586 -0.0042139492
      vertex 0.0248020254 0.0215983316 -0.00429623201
    endloop
  endfacet
  facet normal -0.382594556 -0.901466727 0.202433169
    outer loop
      vertex 0.0258202516 0.02095237 -0.00524837384
      vertex 0.0248020254 0.0215983316 -0.00429623201
      vertex 0.0248020217 0.0213615075 -0.00535085425
    endloop
  endfacet
  facet normal -0.923843026 -0.373470277 0.0838691071
    outer loop
      vertex 0.0248020217 0.0213615075 -0.00535085425
      vertex 0.0248020254 0.0215983316 -0.00429623201
      vertex 0.0243802704 0.0225970056 -0.00449487939
    endloop
  endfacet
  facet normal -0.923843861 -0.373468757 0.0838664919
    outer loop
      vertex 0.0248020217 0.0213615075 -0.00535085425
      vertex 0.0243802704 0.0225970056 -0.00449487939
      vertex 0.0243802685 0.0223492328 -0.00559826521
    endloop
  endfacet
  facet normal -0.923833847 0.373493016 -0.0838688314
    outer loop
      vertex 0.0243802685 0.0223492328 -0.00559826521
      vertex 0.0243802704 0.0225970056 -0.00449487939
      vertex 0.0248020496 0.0235956684 -0.00469352677
    endloop
  endfacet
  facet normal -0.923834324 0.373492122 -0.0838673264
    outer loop
      vertex 0.0243802685 0.0223492328 -0.00559826521
      vertex 0.0248020496 0.0235956684 -0.00469352677
      vertex 0.0248020459 0.0233369451 -0.00584567571
    endloop
  endfacet
  facet normal -0.382574737 0.901475549 -0.20243153
    outer loop
      vertex 0.0248020459 0.0233369451 -0.00584567571
      vertex 0.0248020496 0.0235956684 -0.00469352677
      vertex 0.0258202888 0.024009319 -0.00477580959
    endloop
  endfacet
  facet normal -0.382574856 0.901475489 -0.202431411
    outer loop
      vertex 0.0248020459 0.0233369451 -0.00584567571
      vertex 0.0258202888 0.024009319 -0.00477580959
      vertex 0.0258202851 0.0237460602 -0.00594815705
    endloop
  endfacet
  facet normal 0.382596523 0.910313249 -0.157955065
    outer loop
      vertex 0.0258202888 0.024009319 -0.00477580959
      vertex 0.0258202907 0.0242147371 -0.00359195704
      vertex 0.0268385187 0.0237975232 -0.00353007112
    endloop
  endfacet
  facet normal 0.382596612 0.910313189 -0.15795514
    outer loop
      vertex 0.0258202888 0.024009319 -0.00477580959
      vertex 0.0268385187 0.0237975232 -0.00353007112
      vertex 0.0268385168 0.0235956442 -0.00469352724
    endloop
  endfacet
  facet normal 0.923842728 0.377136648 -0.0654409826
    outer loop
      vertex 0.0268385168 0.0235956442 -0.00469352724
      vertex 0.0268385187 0.0237975232 -0.00353007112
      vertex 0.0272602737 0.0227903072 -0.00338066556
    endloop
  endfacet
  facet normal 0.923842907 0.377136409 -0.0654411465
    outer loop
      vertex 0.0268385168 0.0235956442 -0.00469352724
      vertex 0.0272602737 0.0227903072 -0.00338066556
      vertex 0.0272602718 0.0225969721 -0.00449487939
    endloop
  endfacet
  facet normal 0.923834264 -0.377157271 0.0654416829
    outer loop
      vertex 0.0272602718 0.0225969721 -0.00449487939
      vertex 0.0272602737 0.0227903072 -0.00338066556
      vertex 0.0268384945 0.0217830967 -0.00323125999
    endloop
  endfacet
  facet normal 0.923834085 -0.377157956 0.0654411688
    outer loop
      vertex 0.0272602718 0.0225969721 -0.00449487939
      vertex 0.0268384945 0.0217830967 -0.00323125999
      vertex 0.0268384926 0.0215983074 -0.00429623201
    endloop
  endfacet
  facet normal 0.382573724 -0.910322845 0.157954603
    outer loop
      vertex 0.0268384926 0.0215983074 -0.00429623201
      vertex 0.0268384945 0.0217830967 -0.00323125999
      vertex 0.0258202571 0.0213659089 -0.00316937384
    endloop
  endfacet
  facet normal 0.382573128 -0.910323143 0.157954037
    outer loop
      vertex 0.0268384926 0.0215983074 -0.00429623201
      vertex 0.0258202571 0.0213659089 -0.00316937384
      vertex 0.0258202534 0.0211846586 -0.0042139492
    endloop
  endfacet
  facet normal -0.382594526 -0.910313964 0.157955185
    outer loop
      vertex 0.0258202534 0.0211846586 -0.0042139492
      vertex 0.0258202571 0.0213659089 -0.00316937384
      vertex 0.0248020273 0.0217831209 -0.00323125976
    endloop
  endfacet
  facet normal -0.382595271 -0.910313845 0.15795432
    outer loop
      vertex 0.0258202534 0.0211846586 -0.0042139492
      vertex 0.0248020273 0.0217831209 -0.00323125976
      vertex 0.0248020254 0.0215983316 -0.00429623201
    endloop
  endfacet
  facet normal -0.923843801 -0.377134085 0.0654402599
    outer loop
      vertex 0.0248020254 0.0215983316 -0.00429623201
      vertex 0.0248020273 0.0217831209 -0.00323125976
      vertex 0.0243802741 0.0227903407 -0.00338066532
    endloop
  endfacet
  facet normal -0.923843026 -0.377135545 0.0654425398
    outer loop
      vertex 0.0248020254 0.0215983316 -0.00429623201
      vertex 0.0243802741 0.0227903407 -0.00338066532
      vertex 0.0243802704 0.0225970056 -0.00449487939
    endloop
  endfacet
  facet normal -0.923834383 0.377157241 -0.0654401183
    outer loop
      vertex 0.0243802704 0.0225970056 -0.00449487939
      vertex 0.0243802741 0.0227903407 -0.00338066532
      vertex 0.0248020515 0.0237975474 -0.00353007112
    endloop
  endfacet
  facet normal -0.923833847 0.377158403 -0.0654418394
    outer loop
      vertex 0.0243802704 0.0225970056 -0.00449487939
      vertex 0.0248020515 0.0237975474 -0.00353007112
      vertex 0.0248020496 0.0235956684 -0.00469352677
    endloop
  endfacet
  facet normal -0.382574439 0.910322368 -0.157955572
    outer loop
      vertex 0.0248020496 0.0235956684 -0.00469352677
      vertex 0.0248020515 0.0237975474 -0.00353007112
      vertex 0.0258202907 0.0242147371 -0.00359195704
    endloop
  endfacet
  facet normal -0.382574558 0.910322368 -0.157955438
    outer loop
      vertex 0.0248020496 0.0235956684 -0.00469352677
      vertex 0.0258202907 0.0242147371 -0.00359195704
      vertex 0.0258202888 0.024009319 -0.00477580959
    endloop
  endfacet
  facet normal 0.382597387 0.916966796 -0.113097265
    outer loop
      vertex 0.0258202907 0.0242147371 -0.00359195704
      vertex 0.0258202925 0.0243618153 -0.00239947438
      vertex 0.0268385205 0.0239420664 -0.00235813367
    endloop
  endfacet
  facet normal 0.382596612 0.916967213 -0.113096513
    outer loop
      vertex 0.0258202907 0.0242147371 -0.00359195704
      vertex 0.0268385205 0.0239420664 -0.00235813367
      vertex 0.0268385187 0.0237975232 -0.00353007112
    endloop
  endfacet
  facet normal 0.923842728 0.37989369 -0.0468563773
    outer loop
      vertex 0.0268385187 0.0237975232 -0.00353007112
      vertex 0.0268385205 0.0239420664 -0.00235813367
      vertex 0.0272602756 0.0229287334 -0.00225832895
    endloop
  endfacet
  facet normal 0.923842847 0.379893392 -0.0468566343
    outer loop
      vertex 0.0268385187 0.0237975232 -0.00353007112
      vertex 0.0272602756 0.0229287334 -0.00225832895
      vertex 0.0272602737 0.0227903072 -0.00338066556
    endloop
  endfacet
  facet normal 0.923834264 -0.379914314 0.04685615
    outer loop
      vertex 0.0272602737 0.0227903072 -0.00338066556
      vertex 0.0272602756 0.0229287334 -0.00225832895
      vertex 0.0268384963 0.021915406 -0.002158524
    endloop
  endfacet
  facet normal 0.923834264 -0.379914135 0.0468563139
    outer loop
      vertex 0.0272602737 0.0227903072 -0.00338066556
      vertex 0.0268384963 0.021915406 -0.002158524
      vertex 0.0268384945 0.0217830967 -0.00323125999
    endloop
  endfacet
  facet normal 0.382573783 -0.916976631 0.113097541
    outer loop
      vertex 0.0268384945 0.0217830967 -0.00323125999
      vertex 0.0268384963 0.021915406 -0.002158524
      vertex 0.0258202571 0.0214956831 -0.00211718329
    endloop
  endfacet
  facet normal 0.382573605 -0.91697681 0.113097355
    outer loop
      vertex 0.0268384945 0.0217830967 -0.00323125999
      vertex 0.0258202571 0.0214956831 -0.00211718329
      vertex 0.0258202571 0.0213659089 -0.00316937384
    endloop
  endfacet
  facet normal -0.382595956 -0.916967511 0.113096185
    outer loop
      vertex 0.0258202571 0.0213659089 -0.00316937384
      vertex 0.0258202571 0.0214956831 -0.00211718329
      vertex 0.0248020291 0.0219154302 -0.00215852377
    endloop
  endfacet
  facet normal -0.382594585 -0.916967988 0.113097794
    outer loop
      vertex 0.0258202571 0.0213659089 -0.00316937384
      vertex 0.0248020291 0.0219154302 -0.00215852377
      vertex 0.0248020273 0.0217831209 -0.00323125976
    endloop
  endfacet
  facet normal -0.923843145 -0.379892439 0.0468568318
    outer loop
      vertex 0.0248020273 0.0217831209 -0.00323125976
      vertex 0.0248020291 0.0219154302 -0.00215852377
      vertex 0.0243802741 0.0229287669 -0.00225832895
    endloop
  endfacet
  facet normal -0.92384392 -0.379890978 0.0468548164
    outer loop
      vertex 0.0248020273 0.0217831209 -0.00323125976
      vertex 0.0243802741 0.0229287669 -0.00225832895
      vertex 0.0243802741 0.0227903407 -0.00338066532
    endloop
  endfacet
  facet normal -0.923833668 0.379915357 -0.0468578227
    outer loop
      vertex 0.0243802741 0.0227903407 -0.00338066532
      vertex 0.0243802741 0.0229287669 -0.00225832895
      vertex 0.0248020533 0.0239420906 -0.00235813367
    endloop
  endfacet
  facet normal -0.923834324 0.379913926 -0.0468559377
    outer loop
      vertex 0.0243802741 0.0227903407 -0.00338066532
      vertex 0.0248020533 0.0239420906 -0.00235813367
      vertex 0.0248020515 0.0237975474 -0.00353007112
    endloop
  endfacet
  facet normal -0.382575214 0.916976213 -0.113096394
    outer loop
      vertex 0.0248020515 0.0237975474 -0.00353007112
      vertex 0.0248020533 0.0239420906 -0.00235813367
      vertex 0.0258202925 0.0243618153 -0.00239947438
    endloop
  endfacet
  facet normal -0.382574379 0.916976511 -0.11309725
    outer loop
      vertex 0.0248020515 0.0237975474 -0.00353007112
      vertex 0.0258202925 0.0243618153 -0.00239947438
      vertex 0.0258202907 0.0242147371 -0.00359195704
    endloop
  endfacet
  facet normal 0.382596016 0.921412349 -0.0679681674
    outer loop
      vertex 0.0258202925 0.0243618153 -0.00239947438
      vertex 0.0258202925 0.0244502071 -0.00120118819
      vertex 0.0268385224 0.0240289364 -0.00118049292
    endloop
  endfacet
  facet normal 0.382597506 0.921411633 -0.0679696128
    outer loop
      vertex 0.0258202925 0.0243618153 -0.00239947438
      vertex 0.0268385224 0.0240289364 -0.00118049292
      vertex 0.0268385205 0.0239420664 -0.00235813367
    endloop
  endfacet
  facet normal 0.923843563 0.38173306 -0.0281604454
    outer loop
      vertex 0.0268385205 0.0239420664 -0.00235813367
      vertex 0.0268385224 0.0240289364 -0.00118049292
      vertex 0.0272602756 0.0230119247 -0.00113053003
    endloop
  endfacet
  facet normal 0.923842669 0.381735265 -0.0281584337
    outer loop
      vertex 0.0268385205 0.0239420664 -0.00235813367
      vertex 0.0272602756 0.0230119247 -0.00113053003
      vertex 0.0272602756 0.0229287334 -0.00225832895
    endloop
  endfacet
  facet normal 0.923834562 -0.381754816 0.0281598866
    outer loop
      vertex 0.0272602756 0.0229287334 -0.00225832895
      vertex 0.0272602756 0.0230119247 -0.00113053003
      vertex 0.0268384982 0.0219949223 -0.00108056713
    endloop
  endfacet
  facet normal 0.923834145 -0.381755888 0.0281589255
    outer loop
      vertex 0.0272602756 0.0229287334 -0.00225832895
      vertex 0.0268384982 0.0219949223 -0.00108056713
      vertex 0.0268384963 0.021915406 -0.002158524
    endloop
  endfacet
  facet normal 0.38257286 -0.921421885 0.0679687336
    outer loop
      vertex 0.0268384963 0.021915406 -0.002158524
      vertex 0.0268384982 0.0219949223 -0.00108056713
      vertex 0.025820259 0.0215736777 -0.00105987198
    endloop
  endfacet
  facet normal 0.382573724 -0.921421468 0.0679697171
    outer loop
      vertex 0.0268384963 0.021915406 -0.002158524
      vertex 0.025820259 0.0215736777 -0.00105987198
      vertex 0.0258202571 0.0214956831 -0.00211718329
    endloop
  endfacet
  facet normal -0.382596552 -0.921411991 0.0679703429
    outer loop
      vertex 0.0258202571 0.0214956831 -0.00211718329
      vertex 0.025820259 0.0215736777 -0.00105987198
      vertex 0.024802031 0.0219949484 -0.00108056713
    endloop
  endfacet
  facet normal -0.382596076 -0.92141211 0.0679709464
    outer loop
      vertex 0.0258202571 0.0214956831 -0.00211718329
      vertex 0.024802031 0.0219949484 -0.00108056713
      vertex 0.0248020291 0.0219154302 -0.00215852377
    endloop
  endfacet
  facet normal -0.923842669 -0.381735027 0.0281612426
    outer loop
      vertex 0.0248020291 0.0219154302 -0.00215852377
      vertex 0.024802031 0.0219949484 -0.00108056713
      vertex 0.024380276 0.0230119582 -0.00113052991
    endloop
  endfacet
  facet normal -0.923843205 -0.381733954 0.0281598717
    outer loop
      vertex 0.0248020291 0.0219154302 -0.00215852377
      vertex 0.024380276 0.0230119582 -0.00113052991
      vertex 0.0243802741 0.0229287669 -0.00225832895
    endloop
  endfacet
  facet normal -0.923834145 0.38175571 -0.0281584207
    outer loop
      vertex 0.0243802741 0.0229287669 -0.00225832895
      vertex 0.024380276 0.0230119582 -0.00113052991
      vertex 0.0248020552 0.0240289625 -0.00118049281
    endloop
  endfacet
  facet normal -0.923833609 0.381756991 -0.0281598903
    outer loop
      vertex 0.0243802741 0.0229287669 -0.00225832895
      vertex 0.0248020552 0.0240289625 -0.00118049281
      vertex 0.0248020533 0.0239420906 -0.00235813367
    endloop
  endfacet
  facet normal -0.382573456 0.921421468 -0.0679705814
    outer loop
      vertex 0.0248020533 0.0239420906 -0.00235813367
      vertex 0.0248020552 0.0240289625 -0.00118049281
      vertex 0.0258202925 0.0244502071 -0.00120118819
    endloop
  endfacet
  facet normal -0.382575154 0.921420932 -0.0679688007
    outer loop
      vertex 0.0248020533 0.0239420906 -0.00235813367
      vertex 0.0258202925 0.0244502071 -0.00120118819
      vertex 0.0258202925 0.0243618153 -0.00239947438
    endloop
  endfacet
  facet normal 0.38259694 0.923637033 -0.0226746686
    outer loop
      vertex 0.0258202925 0.0244502071 -0.00120118819
      vertex 0.0258202944 0.0244796947 -2.18867813e-09
      vertex 0.0268385224 0.0240579154 -2.1954778e-09
    endloop
  endfacet
  facet normal 0.382595956 0.92363745 -0.0226737354
    outer loop
      vertex 0.0258202925 0.0244502071 -0.00120118819
      vertex 0.0268385224 0.0240579154 -2.1954778e-09
      vertex 0.0268385224 0.0240289364 -0.00118049292
    endloop
  endfacet
  facet normal 0.923842788 0.382656693 -0.00939356908
    outer loop
      vertex 0.0268385224 0.0240289364 -0.00118049292
      vertex 0.0268385224 0.0240579154 -2.1954778e-09
      vertex 0.0272602774 0.0230396781 -2.12287676e-09
    endloop
  endfacet
  facet normal 0.923843622 0.382654905 -0.00939534884
    outer loop
      vertex 0.0268385224 0.0240289364 -0.00118049292
      vertex 0.0272602774 0.0230396781 -2.12287676e-09
      vertex 0.0272602756 0.0230119247 -0.00113053003
    endloop
  endfacet
  facet normal 0.923834085 -0.382677883 0.009392865
    outer loop
      vertex 0.0272602756 0.0230119247 -0.00113053003
      vertex 0.0272602774 0.0230396781 -2.12287676e-09
      vertex 0.0268384982 0.0220214482 -2.01340389e-09
    endloop
  endfacet
  facet normal 0.923834562 -0.382676691 0.00939402357
    outer loop
      vertex 0.0272602756 0.0230119247 -0.00113053003
      vertex 0.0268384982 0.0220214482 -2.01340389e-09
      vertex 0.0268384982 0.0219949223 -0.00108056713
    endloop
  endfacet
  facet normal 0.382573187 -0.923646927 0.0226738676
    outer loop
      vertex 0.0268384982 0.0219949223 -0.00108056713
      vertex 0.0268384982 0.0220214482 -2.01340389e-09
      vertex 0.025820259 0.0215996951 -1.93118677e-09
    endloop
  endfacet
  facet normal 0.3825728 -0.923647106 0.0226734579
    outer loop
      vertex 0.0268384982 0.0219949223 -0.00108056713
      vertex 0.025820259 0.0215996951 -1.93118677e-09
      vertex 0.025820259 0.0215736777 -0.00105987198
    endloop
  endfacet
  facet normal -0.38259697 -0.923637092 0.0226732139
    outer loop
      vertex 0.025820259 0.0215736777 -0.00105987198
      vertex 0.025820259 0.0215996951 -1.93118677e-09
      vertex 0.024802031 0.0220214743 -1.92438709e-09
    endloop
  endfacet
  facet normal -0.382596552 -0.923637211 0.022673646
    outer loop
      vertex 0.025820259 0.0215736777 -0.00105987198
      vertex 0.024802031 0.0220214743 -1.92438709e-09
      vertex 0.024802031 0.0219949484 -0.00108056713
    endloop
  endfacet
  facet normal -0.923842847 -0.382656723 0.00939353369
    outer loop
      vertex 0.024802031 0.0219949484 -0.00108056713
      vertex 0.024802031 0.0220214743 -1.92438709e-09
      vertex 0.024380276 0.0230397116 -1.99698813e-09
    endloop
  endfacet
  facet normal -0.923842728 -0.382657021 0.00939387362
    outer loop
      vertex 0.024802031 0.0219949484 -0.00108056713
      vertex 0.024380276 0.0230397116 -1.99698813e-09
      vertex 0.024380276 0.0230119582 -0.00113052991
    endloop
  endfacet
  facet normal -0.923834085 0.382677883 -0.00939438678
    outer loop
      vertex 0.024380276 0.0230119582 -0.00113052991
      vertex 0.024380276 0.0230397116 -1.99698813e-09
      vertex 0.0248020552 0.0240579415 -2.10646101e-09
    endloop
  endfacet
  facet normal -0.923834264 0.382677585 -0.00939408317
    outer loop
      vertex 0.024380276 0.0230119582 -0.00113052991
      vertex 0.0248020552 0.0240579415 -2.10646101e-09
      vertex 0.0248020552 0.0240289625 -0.00118049281
    endloop
  endfacet
  facet normal -0.382573187 0.923646867 -0.022673957
    outer loop
      vertex 0.0248020552 0.0240289625 -0.00118049281
      vertex 0.0248020552 0.0240579415 -2.10646101e-09
      vertex 0.0258202944 0.0244796947 -2.18867813e-09
    endloop
  endfacet
  facet normal -0.382573396 0.923646867 -0.0226737205
    outer loop
      vertex 0.0248020552 0.0240289625 -0.00118049281
      vertex 0.0258202944 0.0244796947 -2.18867813e-09
      vertex 0.0258202925 0.0244502071 -0.00120118819
    endloop
  endfacet
endsolid K1_hot_ring_Left_Ankle_Pitch
