solid K1_hot_ring_Right_Hip_Pitch
  facet normal 0.382596105 0.92363745 0.0226739291
    outer loop
      vertex 0.0303803477 0.0290696416 -2.59905519e-09
      vertex 0.0303803477 0.0290346257 0.00142639177
      vertex 0.0315894932 0.0285343677 0.00140181649
    endloop
  endfacet
  facet normal 0.382596225 0.92363739 0.0226737875
    outer loop
      vertex 0.0303803477 0.0290696416 -2.59905519e-09
      vertex 0.0315894932 0.0285343677 0.00140181649
      vertex 0.0315894932 0.02856878 -2.60712985e-09
    endloop
  endfacet
  facet normal 0.923842669 0.38265726 0.00939361099
    outer loop
      vertex 0.0315894932 0.02856878 -2.60712985e-09
      vertex 0.0315894932 0.0285343677 0.00140181649
      vertex 0.0320903286 0.0273266658 0.00134248624
    endloop
  endfacet
  facet normal 0.923842609 0.38265717 0.00939358957
    outer loop
      vertex 0.0315894932 0.02856878 -2.60712985e-09
      vertex 0.0320903286 0.0273266658 0.00134248624
      vertex 0.0320903286 0.0273596216 -2.52091614e-09
    endloop
  endfacet
  facet normal 0.923834324 -0.382677257 -0.00939406548
    outer loop
      vertex 0.0320903286 0.0273596216 -2.52091614e-09
      vertex 0.0320903286 0.0273266658 0.00134248624
      vertex 0.0315894671 0.0261189751 0.00128315622
    endloop
  endfacet
  facet normal 0.923834324 -0.382677197 -0.00939401519
    outer loop
      vertex 0.0320903286 0.0273596216 -2.52091614e-09
      vertex 0.0315894671 0.0261189751 0.00128315622
      vertex 0.0315894671 0.0261504743 -2.39091702e-09
    endloop
  endfacet
  facet normal 0.382573843 -0.923646688 -0.0226738323
    outer loop
      vertex 0.0315894671 0.0261504743 -2.39091702e-09
      vertex 0.0315894671 0.0261189751 0.00128315622
      vertex 0.0303803068 0.025618745 0.00125858095
    endloop
  endfacet
  facet normal 0.38257277 -0.923647046 -0.022675056
    outer loop
      vertex 0.0315894671 0.0261504743 -2.39091702e-09
      vertex 0.0303803068 0.025618745 0.00125858095
      vertex 0.0303803068 0.0256496426 -2.29328423e-09
    endloop
  endfacet
  facet normal -0.382596791 -0.923637152 -0.0226748046
    outer loop
      vertex 0.0303803068 0.0256496426 -2.29328423e-09
      vertex 0.0303803068 0.025618745 0.00125858095
      vertex 0.0291711595 0.0261190049 0.00128315634
    endloop
  endfacet
  facet normal -0.382596195 -0.923637331 -0.0226741638
    outer loop
      vertex 0.0303803068 0.0256496426 -2.29328423e-09
      vertex 0.0291711595 0.0261190049 0.00128315634
      vertex 0.0291711614 0.0261505041 -2.28520958e-09
    endloop
  endfacet
  facet normal -0.923843622 -0.382654756 -0.0093948124
    outer loop
      vertex 0.0291711614 0.0261505041 -2.28520958e-09
      vertex 0.0291711595 0.0261190049 0.00128315634
      vertex 0.0286703277 0.0273267068 0.00134248647
    endloop
  endfacet
  facet normal -0.923843145 -0.382655978 -0.00939356163
    outer loop
      vertex 0.0291711614 0.0261505041 -2.28520958e-09
      vertex 0.0286703277 0.0273267068 0.00134248647
      vertex 0.0286703277 0.0273596626 -2.37142328e-09
    endloop
  endfacet
  facet normal -0.923834324 0.382677257 0.00939406548
    outer loop
      vertex 0.0286703277 0.0273596626 -2.37142328e-09
      vertex 0.0286703277 0.0273267068 0.00134248647
      vertex 0.0291711893 0.0285343975 0.00140181661
    endloop
  endfacet
  facet normal -0.923834324 0.382677227 0.0093941018
    outer loop
      vertex 0.0286703277 0.0273596626 -2.37142328e-09
      vertex 0.0291711893 0.0285343975 0.00140181661
      vertex 0.0291711893 0.0285688099 -2.5014224e-09
    endloop
  endfacet
  facet normal -0.382573098 0.923646927 0.0226740241
    outer loop
      vertex 0.0291711893 0.0285688099 -2.5014224e-09
      vertex 0.0291711893 0.0285343975 0.00140181661
      vertex 0.0303803477 0.0290346257 0.00142639177
    endloop
  endfacet
  facet normal -0.382573277 0.923646867 0.0226741489
    outer loop
      vertex 0.0291711893 0.0285688099 -2.5014224e-09
      vertex 0.0303803477 0.0290346257 0.00142639177
      vertex 0.0303803477 0.0290696416 -2.59905519e-09
    endloop
  endfacet
  facet normal 0.382596642 0.92141211 0.0679676682
    outer loop
      vertex 0.0303803477 0.0290346257 0.00142639177
      vertex 0.0303803459 0.028929662 0.00284935674
      vertex 0.0315894932 0.0284312107 0.00280026509
    endloop
  endfacet
  facet normal 0.382596046 0.921412349 0.0679682568
    outer loop
      vertex 0.0303803477 0.0290346257 0.00142639177
      vertex 0.0315894932 0.0284312107 0.00280026509
      vertex 0.0315894932 0.0285343677 0.00140181649
    endloop
  endfacet
  facet normal 0.923843622 0.381732941 0.0281586535
    outer loop
      vertex 0.0315894932 0.0285343677 0.00140181649
      vertex 0.0315894932 0.0284312107 0.00280026509
      vertex 0.0320903249 0.0272278748 0.00268174731
    endloop
  endfacet
  facet normal 0.923842549 0.381735235 0.0281613842
    outer loop
      vertex 0.0315894932 0.0285343677 0.00140181649
      vertex 0.0320903249 0.0272278748 0.00268174731
      vertex 0.0320903286 0.0273266658 0.00134248624
    endloop
  endfacet
  facet normal 0.923834324 -0.38175559 -0.028157739
    outer loop
      vertex 0.0320903286 0.0273266658 0.00134248624
      vertex 0.0320903249 0.0272278748 0.00268174731
      vertex 0.0315894634 0.0260245502 0.00256322999
    endloop
  endfacet
  facet normal 0.923834324 -0.381755471 -0.0281576049
    outer loop
      vertex 0.0320903286 0.0273266658 0.00134248624
      vertex 0.0315894634 0.0260245502 0.00256322999
      vertex 0.0315894671 0.0261189751 0.00128315622
    endloop
  endfacet
  facet normal 0.382573009 -0.921421885 -0.0679677799
    outer loop
      vertex 0.0315894671 0.0261189751 0.00128315622
      vertex 0.0315894634 0.0260245502 0.00256322999
      vertex 0.0303803049 0.0255261306 0.00251413835
    endloop
  endfacet
  facet normal 0.382573903 -0.921421587 -0.0679668114
    outer loop
      vertex 0.0315894671 0.0261189751 0.00128315622
      vertex 0.0303803049 0.0255261306 0.00251413835
      vertex 0.0303803068 0.025618745 0.00125858095
    endloop
  endfacet
  facet normal -0.382595897 -0.921412408 -0.0679672658
    outer loop
      vertex 0.0303803068 0.025618745 0.00125858095
      vertex 0.0303803049 0.0255261306 0.00251413835
      vertex 0.0291711595 0.02602458 0.00256322999
    endloop
  endfacet
  facet normal -0.382596761 -0.921412051 -0.0679681674
    outer loop
      vertex 0.0303803068 0.025618745 0.00125858095
      vertex 0.0291711595 0.02602458 0.00256322999
      vertex 0.0291711595 0.0261190049 0.00128315634
    endloop
  endfacet
  facet normal -0.923843086 -0.381734133 -0.0281587094
    outer loop
      vertex 0.0291711595 0.0261190049 0.00128315634
      vertex 0.0291711595 0.02602458 0.00256322999
      vertex 0.0286703259 0.0272279158 0.00268174754
    endloop
  endfacet
  facet normal -0.923843682 -0.381732911 -0.0281599294
    outer loop
      vertex 0.0291711595 0.0261190049 0.00128315634
      vertex 0.0286703259 0.0272279158 0.00268174754
      vertex 0.0286703277 0.0273267068 0.00134248647
    endloop
  endfacet
  facet normal -0.923834324 0.381755471 0.0281590149
    outer loop
      vertex 0.0286703277 0.0273267068 0.00134248647
      vertex 0.0286703259 0.0272279158 0.00268174754
      vertex 0.0291711874 0.0284312405 0.00280026509
    endloop
  endfacet
  facet normal -0.923834324 0.381755382 0.028159095
    outer loop
      vertex 0.0286703277 0.0273267068 0.00134248647
      vertex 0.0291711874 0.0284312405 0.00280026509
      vertex 0.0291711893 0.0285343975 0.00140181661
    endloop
  endfacet
  facet normal -0.38257423 0.921421409 0.0679684356
    outer loop
      vertex 0.0291711893 0.0285343975 0.00140181661
      vertex 0.0291711874 0.0284312405 0.00280026509
      vertex 0.0303803459 0.028929662 0.00284935674
    endloop
  endfacet
  facet normal -0.382573128 0.921421826 0.0679673851
    outer loop
      vertex 0.0291711893 0.0285343975 0.00140181661
      vertex 0.0303803459 0.028929662 0.00284935674
      vertex 0.0303803477 0.0290346257 0.00142639177
    endloop
  endfacet
  facet normal 0.382596552 0.916967273 0.113097548
    outer loop
      vertex 0.0303803459 0.028929662 0.00284935674
      vertex 0.030380344 0.0287550036 0.00426545041
      vertex 0.0315894894 0.0282595623 0.00419196114
    endloop
  endfacet
  facet normal 0.382596612 0.916967213 0.113097489
    outer loop
      vertex 0.0303803459 0.028929662 0.00284935674
      vertex 0.0315894894 0.0282595623 0.00419196114
      vertex 0.0315894932 0.0284312107 0.00280026509
    endloop
  endfacet
  facet normal 0.923842669 0.379893482 0.046857588
    outer loop
      vertex 0.0315894932 0.0284312107 0.00280026509
      vertex 0.0315894894 0.0282595623 0.00419196114
      vertex 0.0320903249 0.0270634908 0.00401454186
    endloop
  endfacet
  facet normal 0.923843563 0.379891515 0.0468550213
    outer loop
      vertex 0.0315894932 0.0284312107 0.00280026509
      vertex 0.0320903249 0.0270634908 0.00401454186
      vertex 0.0320903249 0.0272278748 0.00268174731
    endloop
  endfacet
  facet normal 0.923834383 -0.379913658 -0.0468577333
    outer loop
      vertex 0.0320903249 0.0272278748 0.00268174731
      vertex 0.0320903249 0.0270634908 0.00401454186
      vertex 0.0315894634 0.0258674305 0.00383712258
    endloop
  endfacet
  facet normal 0.923834324 -0.379913807 -0.0468579084
    outer loop
      vertex 0.0320903249 0.0272278748 0.00268174731
      vertex 0.0315894634 0.0258674305 0.00383712258
      vertex 0.0315894634 0.0260245502 0.00256322999
    endloop
  endfacet
  facet normal 0.382572025 -0.916977346 -0.113098398
    outer loop
      vertex 0.0315894634 0.0260245502 0.00256322999
      vertex 0.0315894634 0.0258674305 0.00383712258
      vertex 0.030380303 0.0253720209 0.00376363308
    endloop
  endfacet
  facet normal 0.382573068 -0.916976988 -0.113097183
    outer loop
      vertex 0.0315894634 0.0260245502 0.00256322999
      vertex 0.030380303 0.0253720209 0.00376363308
      vertex 0.0303803049 0.0255261306 0.00251413835
    endloop
  endfacet
  facet normal -0.38259536 -0.91696775 -0.113097176
    outer loop
      vertex 0.0303803049 0.0255261306 0.00251413835
      vertex 0.030380303 0.0253720209 0.00376363308
      vertex 0.0291711576 0.0258674603 0.00383712258
    endloop
  endfacet
  facet normal -0.382595867 -0.916967452 -0.113097735
    outer loop
      vertex 0.0303803049 0.0255261306 0.00251413835
      vertex 0.0291711576 0.0258674603 0.00383712258
      vertex 0.0291711595 0.02602458 0.00256322999
    endloop
  endfacet
  facet normal -0.923843145 -0.379892379 -0.0468566194
    outer loop
      vertex 0.0291711595 0.02602458 0.00256322999
      vertex 0.0291711576 0.0258674603 0.00383712258
      vertex 0.028670324 0.0270635318 0.00401454186
    endloop
  endfacet
  facet normal -0.923843145 -0.379892617 -0.0468564294
    outer loop
      vertex 0.0291711595 0.02602458 0.00256322999
      vertex 0.028670324 0.0270635318 0.00401454186
      vertex 0.0286703259 0.0272279158 0.00268174754
    endloop
  endfacet
  facet normal -0.923834383 0.379913837 0.0468564779
    outer loop
      vertex 0.0286703259 0.0272279158 0.00268174754
      vertex 0.028670324 0.0270635318 0.00401454186
      vertex 0.0291711856 0.0282595921 0.00419196161
    endloop
  endfacet
  facet normal -0.923834324 0.379913926 0.0468563624
    outer loop
      vertex 0.0286703259 0.0272279158 0.00268174754
      vertex 0.0291711856 0.0282595921 0.00419196161
      vertex 0.0291711874 0.0284312405 0.00280026509
    endloop
  endfacet
  facet normal -0.382573634 0.91697681 0.113097094
    outer loop
      vertex 0.0291711874 0.0284312405 0.00280026509
      vertex 0.0291711856 0.0282595921 0.00419196161
      vertex 0.030380344 0.0287550036 0.00426545041
    endloop
  endfacet
  facet normal -0.38257432 0.916976511 0.113097675
    outer loop
      vertex 0.0291711874 0.0284312405 0.00280026509
      vertex 0.030380344 0.0287550036 0.00426545041
      vertex 0.0303803459 0.028929662 0.00284935674
    endloop
  endfacet
  facet normal 0.382596374 0.910313308 0.157954916
    outer loop
      vertex 0.030380344 0.0287550036 0.00426545041
      vertex 0.0303803422 0.0285110697 0.00567127531
      vertex 0.0315894894 0.0280198306 0.00557356514
    endloop
  endfacet
  facet normal 0.382596433 0.910313249 0.157954827
    outer loop
      vertex 0.030380344 0.0287550036 0.00426545041
      vertex 0.0315894894 0.0280198306 0.00557356514
      vertex 0.0315894894 0.0282595623 0.00419196114
    endloop
  endfacet
  facet normal 0.923843503 0.377135038 0.0654393286
    outer loop
      vertex 0.0315894894 0.0282595623 0.00419196114
      vertex 0.0315894894 0.0280198306 0.00557356514
      vertex 0.0320903212 0.0268339068 0.00533767091
    endloop
  endfacet
  facet normal 0.923842609 0.377136737 0.0654418394
    outer loop
      vertex 0.0315894894 0.0282595623 0.00419196114
      vertex 0.0320903212 0.0268339068 0.00533767091
      vertex 0.0320903249 0.0270634908 0.00401454186
    endloop
  endfacet
  facet normal 0.923834503 -0.377157211 -0.0654402077
    outer loop
      vertex 0.0320903249 0.0270634908 0.00401454186
      vertex 0.0320903212 0.0268339068 0.00533767091
      vertex 0.0315894596 0.0256479923 0.00510177668
    endloop
  endfacet
  facet normal 0.923834383 -0.377157182 -0.0654402152
    outer loop
      vertex 0.0320903249 0.0270634908 0.00401454186
      vertex 0.0315894596 0.0256479923 0.00510177668
      vertex 0.0315894634 0.0258674305 0.00383712258
    endloop
  endfacet
  facet normal 0.382572979 -0.910323203 -0.157954887
    outer loop
      vertex 0.0315894634 0.0258674305 0.00383712258
      vertex 0.0315894596 0.0256479923 0.00510177668
      vertex 0.0303803012 0.0251567848 0.00500406651
    endloop
  endfacet
  facet normal 0.382572085 -0.910323322 -0.157955855
    outer loop
      vertex 0.0315894634 0.0258674305 0.00383712258
      vertex 0.0303803012 0.0251567848 0.00500406651
      vertex 0.030380303 0.0253720209 0.00376363308
    endloop
  endfacet
  facet normal -0.382595181 -0.910313785 -0.157955348
    outer loop
      vertex 0.030380303 0.0253720209 0.00376363308
      vertex 0.0303803012 0.0251567848 0.00500406651
      vertex 0.0291711539 0.0256480221 0.00510177668
    endloop
  endfacet
  facet normal -0.382595271 -0.910313666 -0.157955468
    outer loop
      vertex 0.030380303 0.0253720209 0.00376363308
      vertex 0.0291711539 0.0256480221 0.00510177668
      vertex 0.0291711576 0.0258674603 0.00383712258
    endloop
  endfacet
  facet normal -0.923843801 -0.377134085 -0.065441668
    outer loop
      vertex 0.0291711576 0.0258674603 0.00383712258
      vertex 0.0291711539 0.0256480221 0.00510177668
      vertex 0.0286703221 0.0268339477 0.00533767091
    endloop
  endfacet
  facet normal -0.923843205 -0.377135754 -0.065440394
    outer loop
      vertex 0.0291711576 0.0258674603 0.00383712258
      vertex 0.0286703221 0.0268339477 0.00533767091
      vertex 0.028670324 0.0270635318 0.00401454186
    endloop
  endfacet
  facet normal -0.923834145 0.37715742 0.0654415414
    outer loop
      vertex 0.028670324 0.0270635318 0.00401454186
      vertex 0.0286703221 0.0268339477 0.00533767091
      vertex 0.0291711837 0.0280198604 0.00557356514
    endloop
  endfacet
  facet normal -0.923834443 0.377156913 0.0654419065
    outer loop
      vertex 0.028670324 0.0270635318 0.00401454186
      vertex 0.0291711837 0.0280198604 0.00557356514
      vertex 0.0291711856 0.0282595921 0.00419196161
    endloop
  endfacet
  facet normal -0.382574171 0.910322428 0.157955945
    outer loop
      vertex 0.0291711856 0.0282595921 0.00419196161
      vertex 0.0291711837 0.0280198604 0.00557356514
      vertex 0.0303803422 0.0285110697 0.00567127531
    endloop
  endfacet
  facet normal -0.382573724 0.910322666 0.157955542
    outer loop
      vertex 0.0291711856 0.0282595921 0.00419196161
      vertex 0.0303803422 0.0285110697 0.00567127531
      vertex 0.030380344 0.0287550036 0.00426545041
    endloop
  endfacet
  facet normal 0.382594615 0.901466966 0.202432171
    outer loop
      vertex 0.0303803422 0.0285110697 0.00567127531
      vertex 0.0303803384 0.0281984508 0.00706343073
      vertex 0.0315894857 0.0277126003 0.00694173528
    endloop
  endfacet
  facet normal 0.382596195 0.901466548 0.202430457
    outer loop
      vertex 0.0303803422 0.0285110697 0.00567127531
      vertex 0.0315894857 0.0277126003 0.00694173528
      vertex 0.0315894894 0.0280198306 0.00557356514
    endloop
  endfacet
  facet normal 0.923843801 0.373468965 0.0838670656
    outer loop
      vertex 0.0315894894 0.0280198306 0.00557356514
      vertex 0.0315894857 0.0277126003 0.00694173528
      vertex 0.0320903175 0.0265396778 0.00664793514
    endloop
  endfacet
  facet normal 0.923843503 0.373469383 0.0838678032
    outer loop
      vertex 0.0315894894 0.0280198306 0.00557356514
      vertex 0.0320903175 0.0265396778 0.00664793514
      vertex 0.0320903212 0.0268339068 0.00533767091
    endloop
  endfacet
  facet normal 0.923834205 -0.373492301 -0.083867684
    outer loop
      vertex 0.0320903212 0.0268339068 0.00533767091
      vertex 0.0320903175 0.0265396778 0.00664793514
      vertex 0.0315894559 0.0253667682 0.006354135
    endloop
  endfacet
  facet normal 0.923834503 -0.373491883 -0.0838669538
    outer loop
      vertex 0.0320903212 0.0268339068 0.00533767091
      vertex 0.0315894559 0.0253667682 0.006354135
      vertex 0.0315894596 0.0256479923 0.00510177668
    endloop
  endfacet
  facet normal 0.382574946 -0.901475668 -0.202430218
    outer loop
      vertex 0.0315894596 0.0256479923 0.00510177668
      vertex 0.0315894559 0.0253667682 0.006354135
      vertex 0.0303802975 0.0248809438 0.00623243907
    endloop
  endfacet
  facet normal 0.382573068 -0.901475906 -0.202432528
    outer loop
      vertex 0.0315894596 0.0256479923 0.00510177668
      vertex 0.0303802975 0.0248809438 0.00623243907
      vertex 0.0303803012 0.0251567848 0.00500406651
    endloop
  endfacet
  facet normal -0.382596344 -0.901466072 -0.202432632
    outer loop
      vertex 0.0303803012 0.0251567848 0.00500406651
      vertex 0.0303802975 0.0248809438 0.00623243907
      vertex 0.029171152 0.0253667962 0.006354135
    endloop
  endfacet
  facet normal -0.382595062 -0.901466966 -0.202431351
    outer loop
      vertex 0.0303803012 0.0251567848 0.00500406651
      vertex 0.029171152 0.0253667962 0.006354135
      vertex 0.0291711539 0.0256480221 0.00510177668
    endloop
  endfacet
  facet normal -0.923843324 -0.373470277 -0.0838667601
    outer loop
      vertex 0.0291711539 0.0256480221 0.00510177668
      vertex 0.029171152 0.0253667962 0.006354135
      vertex 0.0286703184 0.0265397187 0.00664793514
    endloop
  endfacet
  facet normal -0.923843741 -0.373468935 -0.083867684
    outer loop
      vertex 0.0291711539 0.0256480221 0.00510177668
      vertex 0.0286703184 0.0265397187 0.00664793514
      vertex 0.0286703221 0.0268339477 0.00533767091
    endloop
  endfacet
  facet normal -0.923834205 0.373492301 0.0838676915
    outer loop
      vertex 0.0286703221 0.0268339477 0.00533767091
      vertex 0.0286703184 0.0265397187 0.00664793514
      vertex 0.02917118 0.0277126282 0.00694173528
    endloop
  endfacet
  facet normal -0.923834264 0.373492211 0.0838677883
    outer loop
      vertex 0.0286703221 0.0268339477 0.00533767091
      vertex 0.02917118 0.0277126282 0.00694173528
      vertex 0.0291711837 0.0280198604 0.00557356514
    endloop
  endfacet
  facet normal -0.382573754 0.901475847 0.202431649
    outer loop
      vertex 0.0291711837 0.0280198604 0.00557356514
      vertex 0.02917118 0.0277126282 0.00694173528
      vertex 0.0303803384 0.0281984508 0.00706343073
    endloop
  endfacet
  facet normal -0.38257426 0.901475608 0.202432066
    outer loop
      vertex 0.0291711837 0.0280198604 0.00557356514
      vertex 0.0303803384 0.0281984508 0.00706343073
      vertex 0.0303803422 0.0285110697 0.00567127531
    endloop
  endfacet
  facet normal 0.382593066 0.890448451 0.246422634
    outer loop
      vertex 0.0303803384 0.0281984508 0.00706343073
      vertex 0.0303803328 0.0278178956 0.00843857601
      vertex 0.031589482 0.0273386035 0.00829318725
    endloop
  endfacet
  facet normal 0.382594496 0.890448332 0.246421099
    outer loop
      vertex 0.0303803384 0.0281984508 0.00706343073
      vertex 0.031589482 0.0273386035 0.00829318725
      vertex 0.0315894857 0.0277126003 0.00694173528
    endloop
  endfacet
  facet normal 0.92384392 0.36890325 0.102091722
    outer loop
      vertex 0.0315894857 0.0277126003 0.00694173528
      vertex 0.031589482 0.0273386035 0.00829318725
      vertex 0.0320903137 0.0261815079 0.00794218853
    endloop
  endfacet
  facet normal 0.923843682 0.368903697 0.102092542
    outer loop
      vertex 0.0315894857 0.0277126003 0.00694173528
      vertex 0.0320903137 0.0261815079 0.00794218853
      vertex 0.0320903175 0.0265396778 0.00664793514
    endloop
  endfacet
  facet normal 0.923834085 -0.368927538 -0.102093838
    outer loop
      vertex 0.0320903175 0.0265396778 0.00664793514
      vertex 0.0320903137 0.0261815079 0.00794218853
      vertex 0.0315894522 0.025024429 0.00759119075
    endloop
  endfacet
  facet normal 0.923834264 -0.368927091 -0.102093048
    outer loop
      vertex 0.0320903175 0.0265396778 0.00664793514
      vertex 0.0315894522 0.025024429 0.00759119075
      vertex 0.0315894559 0.0253667682 0.006354135
    endloop
  endfacet
  facet normal 0.382575154 -0.890456498 -0.246421233
    outer loop
      vertex 0.0315894559 0.0253667682 0.006354135
      vertex 0.0315894522 0.025024429 0.00759119075
      vertex 0.0303802937 0.0245451611 0.00744580245
    endloop
  endfacet
  facet normal 0.382575184 -0.890456557 -0.246421233
    outer loop
      vertex 0.0315894559 0.0253667682 0.006354135
      vertex 0.0303802937 0.0245451611 0.00744580245
      vertex 0.0303802975 0.0248809438 0.00623243907
    endloop
  endfacet
  facet normal -0.382595778 -0.890447736 -0.246421188
    outer loop
      vertex 0.0303802975 0.0248809438 0.00623243907
      vertex 0.0303802937 0.0245451611 0.00744580245
      vertex 0.0291711465 0.0250244569 0.00759119075
    endloop
  endfacet
  facet normal -0.382596165 -0.890447378 -0.24642159
    outer loop
      vertex 0.0303802975 0.0248809438 0.00623243907
      vertex 0.0291711465 0.0250244569 0.00759119075
      vertex 0.029171152 0.0253667962 0.006354135
    endloop
  endfacet
  facet normal -0.923843563 -0.368903697 -0.102093525
    outer loop
      vertex 0.029171152 0.0253667962 0.006354135
      vertex 0.0291711465 0.0250244569 0.00759119075
      vertex 0.0286703147 0.0261815488 0.00794218946
    endloop
  endfacet
  facet normal -0.923843205 -0.368904889 -0.102092825
    outer loop
      vertex 0.029171152 0.0253667962 0.006354135
      vertex 0.0286703147 0.0261815488 0.00794218946
      vertex 0.0286703184 0.0265397187 0.00664793514
    endloop
  endfacet
  facet normal -0.92383492 0.368925422 0.102093183
    outer loop
      vertex 0.0286703184 0.0265397187 0.00664793514
      vertex 0.0286703147 0.0261815488 0.00794218946
      vertex 0.0291711744 0.0273386315 0.00829318725
    endloop
  endfacet
  facet normal -0.923834324 0.368927419 0.102092043
    outer loop
      vertex 0.0286703184 0.0265397187 0.00664793514
      vertex 0.0291711744 0.0273386315 0.00829318725
      vertex 0.02917118 0.0277126282 0.00694173528
    endloop
  endfacet
  facet normal -0.382572919 0.890457511 0.246420979
    outer loop
      vertex 0.02917118 0.0277126282 0.00694173528
      vertex 0.0291711744 0.0273386315 0.00829318725
      vertex 0.0303803328 0.0278178956 0.00843857601
    endloop
  endfacet
  facet normal -0.382573873 0.890456915 0.246421859
    outer loop
      vertex 0.02917118 0.0277126282 0.00694173528
      vertex 0.0303803328 0.0278178956 0.00843857601
      vertex 0.0303803384 0.0281984508 0.00706343073
    endloop
  endfacet
  facet normal 0.382594734 0.877284408 0.289816111
    outer loop
      vertex 0.0303803328 0.0278178956 0.00843857601
      vertex 0.0303803291 0.0273703281 0.00979338493
      vertex 0.0315894745 0.0268987454 0.00962465536
    endloop
  endfacet
  facet normal 0.382592857 0.877284527 0.289818078
    outer loop
      vertex 0.0303803328 0.0278178956 0.00843857601
      vertex 0.0315894745 0.0268987454 0.00962465536
      vertex 0.031589482 0.0273386035 0.00829318725
    endloop
  endfacet
  facet normal 0.923842967 0.363451153 0.120073326
    outer loop
      vertex 0.031589482 0.0273386035 0.00829318725
      vertex 0.0315894745 0.0268987454 0.00962465536
      vertex 0.03209031 0.0257602669 0.00921730418
    endloop
  endfacet
  facet normal 0.92384398 0.363449603 0.120070122
    outer loop
      vertex 0.031589482 0.0273386035 0.00829318725
      vertex 0.03209031 0.0257602669 0.00921730418
      vertex 0.0320903137 0.0261815079 0.00794218853
    endloop
  endfacet
  facet normal 0.923834205 -0.363473475 -0.120072603
    outer loop
      vertex 0.0320903137 0.0261815079 0.00794218853
      vertex 0.03209031 0.0257602669 0.00921730418
      vertex 0.0315894485 0.0246218033 0.008809953
    endloop
  endfacet
  facet normal 0.923834085 -0.363473624 -0.120072924
    outer loop
      vertex 0.0320903137 0.0261815079 0.00794218853
      vertex 0.0315894485 0.0246218033 0.008809953
      vertex 0.0315894522 0.025024429 0.00759119075
    endloop
  endfacet
  facet normal 0.382575005 -0.877292395 -0.28981781
    outer loop
      vertex 0.0315894522 0.025024429 0.00759119075
      vertex 0.0315894485 0.0246218033 0.008809953
      vertex 0.03038029 0.0241502468 0.00864122342
    endloop
  endfacet
  facet normal 0.382575303 -0.877292395 -0.289817512
    outer loop
      vertex 0.0315894522 0.025024429 0.00759119075
      vertex 0.03038029 0.0241502468 0.00864122342
      vertex 0.0303802937 0.0245451611 0.00744580245
    endloop
  endfacet
  facet normal -0.38259536 -0.877283871 -0.289817065
    outer loop
      vertex 0.0303802937 0.0245451611 0.00744580245
      vertex 0.03038029 0.0241502468 0.00864122342
      vertex 0.0291711427 0.0246218313 0.008809953
    endloop
  endfacet
  facet normal -0.382595628 -0.877283573 -0.289817214
    outer loop
      vertex 0.0303802937 0.0245451611 0.00744580245
      vertex 0.0291711427 0.0246218313 0.008809953
      vertex 0.0291711465 0.0250244569 0.00759119075
    endloop
  endfacet
  facet normal -0.923843205 -0.363451034 -0.120071121
    outer loop
      vertex 0.0291711465 0.0250244569 0.00759119075
      vertex 0.0291711427 0.0246218313 0.008809953
      vertex 0.0286703091 0.0257603079 0.00921730511
    endloop
  endfacet
  facet normal -0.923843503 -0.36345011 -0.120071642
    outer loop
      vertex 0.0291711465 0.0250244569 0.00759119075
      vertex 0.0286703091 0.0257603079 0.00921730511
      vertex 0.0286703147 0.0261815488 0.00794218946
    endloop
  endfacet
  facet normal -0.923834324 0.363473505 0.12007127
    outer loop
      vertex 0.0286703147 0.0261815488 0.00794218946
      vertex 0.0286703091 0.0257603079 0.00921730511
      vertex 0.0291711707 0.0268987734 0.00962465536
    endloop
  endfacet
  facet normal -0.92383498 0.363471568 0.120072305
    outer loop
      vertex 0.0286703147 0.0261815488 0.00794218946
      vertex 0.0291711707 0.0268987734 0.00962465536
      vertex 0.0291711744 0.0273386315 0.00829318725
    endloop
  endfacet
  facet normal -0.382573873 0.877292931 0.289817661
    outer loop
      vertex 0.0291711744 0.0273386315 0.00829318725
      vertex 0.0291711707 0.0268987734 0.00962465536
      vertex 0.0303803291 0.0273703281 0.00979338493
    endloop
  endfacet
  facet normal -0.382573098 0.877293527 0.289817005
    outer loop
      vertex 0.0291711744 0.0273386315 0.00829318725
      vertex 0.0303803291 0.0273703281 0.00979338493
      vertex 0.0303803328 0.0278178956 0.00843857601
    endloop
  endfacet
  facet normal 0.382594734 0.862006962 0.332513571
    outer loop
      vertex 0.0303803291 0.0273703281 0.00979338493
      vertex 0.0303803217 0.0268568229 0.0111246025
      vertex 0.0315894708 0.026394086 0.0109329363
    endloop
  endfacet
  facet normal 0.382594556 0.862006962 0.332513809
    outer loop
      vertex 0.0303803291 0.0273703281 0.00979338493
      vertex 0.0315894708 0.026394086 0.0109329363
      vertex 0.0315894745 0.0268987454 0.00962465536
    endloop
  endfacet
  facet normal 0.923843861 0.357120365 0.137759119
    outer loop
      vertex 0.0315894745 0.0268987454 0.00962465536
      vertex 0.0315894708 0.026394086 0.0109329363
      vertex 0.0320903026 0.0252769664 0.0104702143
    endloop
  endfacet
  facet normal 0.923842788 0.357121825 0.137762502
    outer loop
      vertex 0.0315894745 0.0268987454 0.00962465536
      vertex 0.0320903026 0.0252769664 0.0104702143
      vertex 0.03209031 0.0257602669 0.00921730418
    endloop
  endfacet
  facet normal 0.923834205 -0.357144892 -0.137760431
    outer loop
      vertex 0.03209031 0.0257602669 0.00921730418
      vertex 0.0320903026 0.0252769664 0.0104702143
      vertex 0.031589441 0.0241598617 0.0100074923
    endloop
  endfacet
  facet normal 0.923834324 -0.357144803 -0.137760147
    outer loop
      vertex 0.03209031 0.0257602669 0.00921730418
      vertex 0.031589441 0.0241598617 0.0100074923
      vertex 0.0315894485 0.0246218033 0.008809953
    endloop
  endfacet
  facet normal 0.382575452 -0.862015545 -0.332513511
    outer loop
      vertex 0.0315894485 0.0246218033 0.008809953
      vertex 0.031589441 0.0241598617 0.0100074923
      vertex 0.0303802844 0.0236971527 0.00981582701
    endloop
  endfacet
  facet normal 0.382575184 -0.862015486 -0.332513869
    outer loop
      vertex 0.0315894485 0.0246218033 0.008809953
      vertex 0.0303802844 0.0236971527 0.00981582701
      vertex 0.03038029 0.0241502468 0.00864122342
    endloop
  endfacet
  facet normal -0.382595003 -0.862006664 -0.332514048
    outer loop
      vertex 0.03038029 0.0241502468 0.00864122342
      vertex 0.0303802844 0.0236971527 0.00981582701
      vertex 0.0291711371 0.0241598897 0.0100074923
    endloop
  endfacet
  facet normal -0.382595152 -0.862006485 -0.332514167
    outer loop
      vertex 0.03038029 0.0241502468 0.00864122342
      vertex 0.0291711371 0.0241598897 0.0100074923
      vertex 0.0291711427 0.0246218313 0.008809953
    endloop
  endfacet
  facet normal -0.923843384 -0.357120872 -0.137760952
    outer loop
      vertex 0.0291711427 0.0246218313 0.008809953
      vertex 0.0291711371 0.0241598897 0.0100074923
      vertex 0.0286703035 0.0252770092 0.0104702152
    endloop
  endfacet
  facet normal -0.923843145 -0.357121646 -0.13776055
    outer loop
      vertex 0.0291711427 0.0246218313 0.008809953
      vertex 0.0286703035 0.0252770092 0.0104702152
      vertex 0.0286703091 0.0257603079 0.00921730511
    endloop
  endfacet
  facet normal -0.923834741 0.357143521 0.137760729
    outer loop
      vertex 0.0286703091 0.0257603079 0.00921730511
      vertex 0.0286703035 0.0252770092 0.0104702152
      vertex 0.0291711632 0.0263941139 0.0109329373
    endloop
  endfacet
  facet normal -0.923834503 0.357144266 0.137760326
    outer loop
      vertex 0.0286703091 0.0257603079 0.00921730511
      vertex 0.0291711632 0.0263941139 0.0109329373
      vertex 0.0291711707 0.0268987734 0.00962465536
    endloop
  endfacet
  facet normal -0.382574975 0.862015724 0.332513601
    outer loop
      vertex 0.0291711707 0.0268987734 0.00962465536
      vertex 0.0291711632 0.0263941139 0.0109329373
      vertex 0.0303803217 0.0268568229 0.0111246025
    endloop
  endfacet
  facet normal -0.382574081 0.86201638 0.332512915
    outer loop
      vertex 0.0291711707 0.0268987734 0.00962465536
      vertex 0.0303803217 0.0268568229 0.0111246025
      vertex 0.0303803291 0.0273703281 0.00979338493
    endloop
  endfacet
  facet normal 0.38259533 0.844652236 0.374410778
    outer loop
      vertex 0.0303803217 0.0268568229 0.0111246025
      vertex 0.0303803161 0.0262786113 0.012429025
      vertex 0.0315894634 0.0258258358 0.0122148851
    endloop
  endfacet
  facet normal 0.382594466 0.844652176 0.374411732
    outer loop
      vertex 0.0303803217 0.0268568229 0.0111246025
      vertex 0.0315894634 0.0258258358 0.0122148851
      vertex 0.0315894708 0.026394086 0.0109329363
    endloop
  endfacet
  facet normal 0.923843503 0.349930465 0.15511927
    outer loop
      vertex 0.0315894708 0.026394086 0.0109329363
      vertex 0.0315894634 0.0258258358 0.0122148851
      vertex 0.0320902951 0.0247327704 0.011697907
    endloop
  endfacet
  facet normal 0.923843741 0.349930018 0.155118138
    outer loop
      vertex 0.0315894708 0.026394086 0.0109329363
      vertex 0.0320902951 0.0247327704 0.011697907
      vertex 0.0320903026 0.0252769664 0.0104702143
    endloop
  endfacet
  facet normal 0.923835397 -0.349952638 -0.155116946
    outer loop
      vertex 0.0320903026 0.0252769664 0.0104702143
      vertex 0.0320902951 0.0247327704 0.011697907
      vertex 0.0315894373 0.0236397143 0.011180927
    endloop
  endfacet
  facet normal 0.923834264 -0.349953949 -0.155120879
    outer loop
      vertex 0.0320903026 0.0252769664 0.0104702143
      vertex 0.0315894373 0.0236397143 0.011180927
      vertex 0.031589441 0.0241598617 0.0100074923
    endloop
  endfacet
  facet normal 0.38257435 -0.844661653 -0.374411166
    outer loop
      vertex 0.031589441 0.0241598617 0.0100074923
      vertex 0.0315894373 0.0236397143 0.011180927
      vertex 0.0303802788 0.0231869686 0.010966788
    endloop
  endfacet
  facet normal 0.382575661 -0.844661653 -0.374409556
    outer loop
      vertex 0.031589441 0.0241598617 0.0100074923
      vertex 0.0303802788 0.0231869686 0.010966788
      vertex 0.0303802844 0.0236971527 0.00981582701
    endloop
  endfacet
  facet normal -0.382593989 -0.844653368 -0.374409556
    outer loop
      vertex 0.0303802844 0.0236971527 0.00981582701
      vertex 0.0303802788 0.0231869686 0.010966788
      vertex 0.0291711316 0.0236397423 0.011180927
    endloop
  endfacet
  facet normal -0.382594794 -0.844652772 -0.374410272
    outer loop
      vertex 0.0303802844 0.0236971527 0.00981582701
      vertex 0.0291711316 0.0236397423 0.011180927
      vertex 0.0291711371 0.0241598897 0.0100074923
    endloop
  endfacet
  facet normal -0.923842907 -0.349932253 -0.155118555
    outer loop
      vertex 0.0291711371 0.0241598897 0.0100074923
      vertex 0.0291711316 0.0236397423 0.011180927
      vertex 0.0286702961 0.0247328114 0.011697907
    endloop
  endfacet
  facet normal -0.923843265 -0.349930823 -0.155119151
    outer loop
      vertex 0.0291711371 0.0241598897 0.0100074923
      vertex 0.0286702961 0.0247328114 0.011697907
      vertex 0.0286703035 0.0252770092 0.0104702152
    endloop
  endfacet
  facet normal -0.923833907 0.349955529 0.155118868
    outer loop
      vertex 0.0286703035 0.0252770092 0.0104702152
      vertex 0.0286702961 0.0247328114 0.011697907
      vertex 0.0291711576 0.0258258637 0.012214886
    endloop
  endfacet
  facet normal -0.923834741 0.349953055 0.155119881
    outer loop
      vertex 0.0286703035 0.0252770092 0.0104702152
      vertex 0.0291711576 0.0258258637 0.012214886
      vertex 0.0291711632 0.0263941139 0.0109329373
    endloop
  endfacet
  facet normal -0.382575363 0.844660819 0.374411613
    outer loop
      vertex 0.0291711632 0.0263941139 0.0109329373
      vertex 0.0291711576 0.0258258637 0.012214886
      vertex 0.0303803161 0.0262786113 0.012429025
    endloop
  endfacet
  facet normal -0.382575095 0.844661057 0.374411434
    outer loop
      vertex 0.0291711632 0.0263941139 0.0109329373
      vertex 0.0303803161 0.0262786113 0.012429025
      vertex 0.0303803217 0.0268568229 0.0111246025
    endloop
  endfacet
  facet normal 0.382594198 0.825263858 0.415404886
    outer loop
      vertex 0.0303803161 0.0262786113 0.012429025
      vertex 0.0303803068 0.0256370958 0.0137034999
      vertex 0.0315894559 0.0251953732 0.0134674031
    endloop
  endfacet
  facet normal 0.382595122 0.825263858 0.415403843
    outer loop
      vertex 0.0303803161 0.0262786113 0.012429025
      vertex 0.0315894559 0.0251953732 0.0134674031
      vertex 0.0315894634 0.0258258358 0.0122148851
    endloop
  endfacet
  facet normal 0.923843563 0.341897607 0.172101736
    outer loop
      vertex 0.0315894634 0.0258258358 0.0122148851
      vertex 0.0315894559 0.0251953732 0.0134674031
      vertex 0.0320902877 0.0241289902 0.0128974123
    endloop
  endfacet
  facet normal 0.923843324 0.341897905 0.172102675
    outer loop
      vertex 0.0315894634 0.0258258358 0.0122148851
      vertex 0.0320902877 0.0241289902 0.0128974123
      vertex 0.0320902951 0.0247327704 0.011697907
    endloop
  endfacet
  facet normal 0.923835337 -0.34191969 -0.172102138
    outer loop
      vertex 0.0320902951 0.0247327704 0.011697907
      vertex 0.0320902877 0.0241289902 0.0128974123
      vertex 0.0315894298 0.0230626184 0.0123274215
    endloop
  endfacet
  facet normal 0.923835516 -0.341919512 -0.172101542
    outer loop
      vertex 0.0320902951 0.0247327704 0.011697907
      vertex 0.0315894298 0.0230626184 0.0123274215
      vertex 0.0315894373 0.0236397143 0.011180927
    endloop
  endfacet
  facet normal 0.382574558 -0.825273216 -0.415404499
    outer loop
      vertex 0.0315894373 0.0236397143 0.011180927
      vertex 0.0315894298 0.0230626184 0.0123274215
      vertex 0.0303802714 0.0226209257 0.0120913237
    endloop
  endfacet
  facet normal 0.382574499 -0.825273156 -0.415404528
    outer loop
      vertex 0.0315894373 0.0236397143 0.011180927
      vertex 0.0303802714 0.0226209257 0.0120913237
      vertex 0.0303802788 0.0231869686 0.010966788
    endloop
  endfacet
  facet normal -0.38259384 -0.825263917 -0.415404946
    outer loop
      vertex 0.0303802788 0.0231869686 0.010966788
      vertex 0.0303802714 0.0226209257 0.0120913237
      vertex 0.0291711241 0.0230626464 0.0123274215
    endloop
  endfacet
  facet normal -0.382593721 -0.825264096 -0.415404826
    outer loop
      vertex 0.0303802788 0.0231869686 0.010966788
      vertex 0.0291711241 0.0230626464 0.0123274215
      vertex 0.0291711316 0.0236397423 0.011180927
    endloop
  endfacet
  facet normal -0.923842788 -0.341899067 -0.172103256
    outer loop
      vertex 0.0291711316 0.0236397423 0.011180927
      vertex 0.0291711241 0.0230626464 0.0123274215
      vertex 0.0286702886 0.0241290312 0.0128974123
    endloop
  endfacet
  facet normal -0.923842788 -0.341899097 -0.172103241
    outer loop
      vertex 0.0291711316 0.0236397423 0.011180927
      vertex 0.0286702886 0.0241290312 0.0128974123
      vertex 0.0286702961 0.0247328114 0.011697907
    endloop
  endfacet
  facet normal -0.923834145 0.341922283 0.172103465
    outer loop
      vertex 0.0286702961 0.0247328114 0.011697907
      vertex 0.0286702886 0.0241290312 0.0128974123
      vertex 0.0291711502 0.0251954012 0.0134674031
    endloop
  endfacet
  facet normal -0.923834085 0.341922432 0.17210339
    outer loop
      vertex 0.0286702961 0.0247328114 0.011697907
      vertex 0.0291711502 0.0251954012 0.0134674031
      vertex 0.0291711576 0.0258258637 0.012214886
    endloop
  endfacet
  facet normal -0.38257584 0.825272739 0.415404052
    outer loop
      vertex 0.0291711576 0.0258258637 0.012214886
      vertex 0.0291711502 0.0251954012 0.0134674031
      vertex 0.0303803068 0.0256370958 0.0137034999
    endloop
  endfacet
  facet normal -0.382575601 0.825273037 0.415403932
    outer loop
      vertex 0.0291711576 0.0258258637 0.012214886
      vertex 0.0303803068 0.0256370958 0.0137034999
      vertex 0.0303803161 0.0262786113 0.012429025
    endloop
  endfacet
  facet normal 0.382593244 0.803886592 0.455399483
    outer loop
      vertex 0.0303803068 0.0256370958 0.0137034999
      vertex 0.0303802993 0.024933815 0.0149449613
      vertex 0.0315894485 0.0245042108 0.0146874748
    endloop
  endfacet
  facet normal 0.38259393 0.803886771 0.455398768
    outer loop
      vertex 0.0303803068 0.0256370958 0.0137034999
      vertex 0.0315894485 0.0245042108 0.0146874748
      vertex 0.0315894559 0.0251953732 0.0134674031
    endloop
  endfacet
  facet normal 0.923843801 0.333040595 0.188670889
    outer loop
      vertex 0.0315894559 0.0251953732 0.0134674031
      vertex 0.0315894485 0.0245042108 0.0146874748
      vertex 0.0320902802 0.0234670788 0.0140658459
    endloop
  endfacet
  facet normal 0.923843503 0.333040744 0.188671693
    outer loop
      vertex 0.0315894559 0.0251953732 0.0134674031
      vertex 0.0320902802 0.0234670788 0.0140658459
      vertex 0.0320902877 0.0241289902 0.0128974123
    endloop
  endfacet
  facet normal 0.923835278 -0.333063036 -0.188672572
    outer loop
      vertex 0.0320902877 0.0241289902 0.0128974123
      vertex 0.0320902802 0.0234670788 0.0140658459
      vertex 0.0315894224 0.0224299598 0.0134442179
    endloop
  endfacet
  facet normal 0.923835516 -0.333062947 -0.188672051
    outer loop
      vertex 0.0320902877 0.0241289902 0.0128974123
      vertex 0.0315894224 0.0224299598 0.0134442179
      vertex 0.0315894298 0.0230626184 0.0123274215
    endloop
  endfacet
  facet normal 0.382574052 -0.803895712 -0.455399632
    outer loop
      vertex 0.0315894298 0.0230626184 0.0123274215
      vertex 0.0315894224 0.0224299598 0.0134442179
      vertex 0.0303802639 0.0220003854 0.0131867304
    endloop
  endfacet
  facet normal 0.382574826 -0.803895891 -0.455398768
    outer loop
      vertex 0.0315894298 0.0230626184 0.0123274215
      vertex 0.0303802639 0.0220003854 0.0131867304
      vertex 0.0303802714 0.0226209257 0.0120913237
    endloop
  endfacet
  facet normal -0.382592976 -0.803887069 -0.455398977
    outer loop
      vertex 0.0303802714 0.0226209257 0.0120913237
      vertex 0.0303802639 0.0220003854 0.0131867304
      vertex 0.0291711167 0.0224299878 0.0134442179
    endloop
  endfacet
  facet normal -0.382593662 -0.803886473 -0.455399513
    outer loop
      vertex 0.0303802714 0.0226209257 0.0120913237
      vertex 0.0291711167 0.0224299878 0.0134442179
      vertex 0.0291711241 0.0230626464 0.0123274215
    endloop
  endfacet
  facet normal -0.923842669 -0.333042413 -0.188672721
    outer loop
      vertex 0.0291711241 0.0230626464 0.0123274215
      vertex 0.0291711167 0.0224299878 0.0134442179
      vertex 0.0286702812 0.0234671198 0.0140658459
    endloop
  endfacet
  facet normal -0.923842669 -0.333042502 -0.188672721
    outer loop
      vertex 0.0291711241 0.0230626464 0.0123274215
      vertex 0.0286702812 0.0234671198 0.0140658459
      vertex 0.0286702886 0.0241290312 0.0128974123
    endloop
  endfacet
  facet normal -0.92383486 0.33306402 0.188673109
    outer loop
      vertex 0.0286702886 0.0241290312 0.0128974123
      vertex 0.0286702812 0.0234671198 0.0140658459
      vertex 0.0291711409 0.0245042387 0.0146874748
    endloop
  endfacet
  facet normal -0.923834264 0.333065897 0.188672543
    outer loop
      vertex 0.0286702886 0.0241290312 0.0128974123
      vertex 0.0291711409 0.0245042387 0.0146874748
      vertex 0.0291711502 0.0251954012 0.0134674031
    endloop
  endfacet
  facet normal -0.382574826 0.803895831 0.455398679
    outer loop
      vertex 0.0291711502 0.0251954012 0.0134674031
      vertex 0.0291711409 0.0245042387 0.0146874748
      vertex 0.0303802993 0.024933815 0.0149449613
    endloop
  endfacet
  facet normal -0.382576078 0.803894818 0.455399543
    outer loop
      vertex 0.0291711502 0.0251954012 0.0134674031
      vertex 0.0303802993 0.024933815 0.0149449613
      vertex 0.0303803068 0.0256370958 0.0137034999
    endloop
  endfacet
  facet normal 0.382593185 0.78057313 0.494295508
    outer loop
      vertex 0.0303802993 0.024933815 0.0149449613
      vertex 0.03038029 0.0241704639 0.0161504243
      vertex 0.0315894373 0.0237540118 0.0158721693
    endloop
  endfacet
  facet normal 0.382592946 0.78057307 0.494295746
    outer loop
      vertex 0.0303802993 0.024933815 0.0149449613
      vertex 0.0315894373 0.0237540118 0.0158721693
      vertex 0.0315894485 0.0245042108 0.0146874748
    endloop
  endfacet
  facet normal 0.923842609 0.323382854 0.204788506
    outer loop
      vertex 0.0315894485 0.0245042108 0.0146874748
      vertex 0.0315894373 0.0237540118 0.0158721693
      vertex 0.0320902728 0.0227486324 0.0152003998
    endloop
  endfacet
  facet normal 0.923843682 0.323382139 0.204785019
    outer loop
      vertex 0.0315894485 0.0245042108 0.0146874748
      vertex 0.0320902728 0.0227486324 0.0152003998
      vertex 0.0320902802 0.0234670788 0.0140658459
    endloop
  endfacet
  facet normal 0.923835456 -0.323404402 -0.204786971
    outer loop
      vertex 0.0320902802 0.0234670788 0.0140658459
      vertex 0.0320902728 0.0227486324 0.0152003998
      vertex 0.0315894149 0.021743264 0.0145286303
    endloop
  endfacet
  facet normal 0.923835337 -0.323404402 -0.204786986
    outer loop
      vertex 0.0320902802 0.0234670788 0.0140658459
      vertex 0.0315894149 0.021743264 0.0145286303
      vertex 0.0315894224 0.0224299598 0.0134442179
    endloop
  endfacet
  facet normal 0.382574707 -0.780582368 -0.49429512
    outer loop
      vertex 0.0315894224 0.0224299598 0.0134442179
      vertex 0.0315894149 0.021743264 0.0145286303
      vertex 0.0303802565 0.0213268399 0.0142503753
    endloop
  endfacet
  facet normal 0.382574379 -0.780582368 -0.494295508
    outer loop
      vertex 0.0315894224 0.0224299598 0.0134442179
      vertex 0.0303802565 0.0213268399 0.0142503753
      vertex 0.0303802639 0.0220003854 0.0131867304
    endloop
  endfacet
  facet normal -0.382593185 -0.780573308 -0.49429515
    outer loop
      vertex 0.0303802639 0.0220003854 0.0131867304
      vertex 0.0303802565 0.0213268399 0.0142503753
      vertex 0.0291711092 0.021743292 0.0145286303
    endloop
  endfacet
  facet normal -0.382592767 -0.780573726 -0.494294882
    outer loop
      vertex 0.0303802639 0.0220003854 0.0131867304
      vertex 0.0291711092 0.021743292 0.0145286303
      vertex 0.0291711167 0.0224299878 0.0134442179
    endloop
  endfacet
  facet normal -0.923842728 -0.3233836 -0.204786524
    outer loop
      vertex 0.0291711167 0.0224299878 0.0134442179
      vertex 0.0291711092 0.021743292 0.0145286303
      vertex 0.0286702737 0.0227486733 0.0152003998
    endloop
  endfacet
  facet normal -0.923842609 -0.323384285 -0.20478636
    outer loop
      vertex 0.0291711167 0.0224299878 0.0134442179
      vertex 0.0286702737 0.0227486733 0.0152003998
      vertex 0.0286702812 0.0234671198 0.0140658459
    endloop
  endfacet
  facet normal -0.923835456 0.323404431 0.204786986
    outer loop
      vertex 0.0286702812 0.0234671198 0.0140658459
      vertex 0.0286702737 0.0227486733 0.0152003998
      vertex 0.0291711316 0.0237540416 0.0158721693
    endloop
  endfacet
  facet normal -0.92383492 0.323405892 0.204786599
    outer loop
      vertex 0.0286702812 0.0234671198 0.0140658459
      vertex 0.0291711316 0.0237540416 0.0158721693
      vertex 0.0291711409 0.0245042387 0.0146874748
    endloop
  endfacet
  facet normal -0.382573664 0.780583441 0.494294435
    outer loop
      vertex 0.0291711409 0.0245042387 0.0146874748
      vertex 0.0291711316 0.0237540416 0.0158721693
      vertex 0.03038029 0.0241704639 0.0161504243
    endloop
  endfacet
  facet normal -0.382575095 0.78058213 0.494295299
    outer loop
      vertex 0.0291711409 0.0245042387 0.0146874748
      vertex 0.03038029 0.0241704639 0.0161504243
      vertex 0.0303802993 0.024933815 0.0149449613
    endloop
  endfacet
  facet normal 0.382594258 0.75537926 0.531999767
    outer loop
      vertex 0.03038029 0.0241704639 0.0161504243
      vertex 0.0303802807 0.0233488847 0.0173169803
      vertex 0.0315894298 0.022946585 0.0170186255
    endloop
  endfacet
  facet normal 0.382592887 0.755379021 0.532001197
    outer loop
      vertex 0.03038029 0.0241704639 0.0161504243
      vertex 0.0315894298 0.022946585 0.0170186255
      vertex 0.0315894373 0.0237540118 0.0158721693
    endloop
  endfacet
  facet normal 0.92384243 0.312946379 0.220408052
    outer loop
      vertex 0.0315894373 0.0237540118 0.0158721693
      vertex 0.0315894298 0.022946585 0.0170186255
      vertex 0.0320902653 0.0219753794 0.016298335
    endloop
  endfacet
  facet normal 0.92384249 0.312946349 0.220407844
    outer loop
      vertex 0.0315894373 0.0237540118 0.0158721693
      vertex 0.0320902653 0.0219753794 0.016298335
      vertex 0.0320902728 0.0227486324 0.0152003998
    endloop
  endfacet
  facet normal 0.923834383 -0.312968284 -0.220410749
    outer loop
      vertex 0.0320902728 0.0227486324 0.0152003998
      vertex 0.0320902653 0.0219753794 0.016298335
      vertex 0.0315894037 0.0210041851 0.0155780427
    endloop
  endfacet
  facet normal 0.923835516 -0.312967688 -0.220406681
    outer loop
      vertex 0.0320902728 0.0227486324 0.0152003998
      vertex 0.0315894037 0.0210041851 0.0155780427
      vertex 0.0315894149 0.021743264 0.0145286303
    endloop
  endfacet
  facet normal 0.382575959 -0.755388379 -0.532000005
    outer loop
      vertex 0.0315894149 0.021743264 0.0145286303
      vertex 0.0315894037 0.0210041851 0.0155780427
      vertex 0.0303802472 0.0206019152 0.0152796889
    endloop
  endfacet
  facet normal 0.382575005 -0.755388081 -0.532001078
    outer loop
      vertex 0.0315894149 0.021743264 0.0145286303
      vertex 0.0303802472 0.0206019152 0.0152796889
      vertex 0.0303802565 0.0213268399 0.0142503753
    endloop
  endfacet
  facet normal -0.382594466 -0.755378306 -0.532001138
    outer loop
      vertex 0.0303802565 0.0213268399 0.0142503753
      vertex 0.0303802472 0.0206019152 0.0152796889
      vertex 0.0291710999 0.0210042149 0.0155780427
    endloop
  endfacet
  facet normal -0.382592857 -0.755379796 -0.532000065
    outer loop
      vertex 0.0303802565 0.0213268399 0.0142503753
      vertex 0.0291710999 0.0210042149 0.0155780427
      vertex 0.0291711092 0.021743292 0.0145286303
    endloop
  endfacet
  facet normal -0.923842549 -0.312945575 -0.220408604
    outer loop
      vertex 0.0291711092 0.021743292 0.0145286303
      vertex 0.0291710999 0.0210042149 0.0155780427
      vertex 0.0286702644 0.0219754204 0.016298335
    endloop
  endfacet
  facet normal -0.923842609 -0.312945276 -0.220408678
    outer loop
      vertex 0.0291711092 0.021743292 0.0145286303
      vertex 0.0286702644 0.0219754204 0.016298335
      vertex 0.0286702737 0.0227486733 0.0152003998
    endloop
  endfacet
  facet normal -0.923835278 0.312967241 0.220408455
    outer loop
      vertex 0.0286702737 0.0227486733 0.0152003998
      vertex 0.0286702644 0.0219754204 0.016298335
      vertex 0.0291711222 0.0229466148 0.0170186255
    endloop
  endfacet
  facet normal -0.923835576 0.312966406 0.220408648
    outer loop
      vertex 0.0286702737 0.0227486733 0.0152003998
      vertex 0.0291711222 0.0229466148 0.0170186255
      vertex 0.0291711316 0.0237540416 0.0158721693
    endloop
  endfacet
  facet normal -0.38257581 0.755387366 0.532001555
    outer loop
      vertex 0.0291711316 0.0237540416 0.0158721693
      vertex 0.0291711222 0.0229466148 0.0170186255
      vertex 0.0303802807 0.0233488847 0.0173169803
    endloop
  endfacet
  facet normal -0.382574022 0.755389035 0.532000482
    outer loop
      vertex 0.0291711316 0.0237540416 0.0158721693
      vertex 0.0303802807 0.0233488847 0.0173169803
      vertex 0.03038029 0.0241704639 0.0161504243
    endloop
  endfacet
  facet normal 0.382593364 0.728364468 0.568425477
    outer loop
      vertex 0.0303802807 0.0233488847 0.0173169803
      vertex 0.0303802695 0.0224710573 0.0184418112
      vertex 0.0315894186 0.0220838822 0.0181240775
    endloop
  endfacet
  facet normal 0.38259396 0.728364706 0.56842494
    outer loop
      vertex 0.0303802807 0.0233488847 0.0173169803
      vertex 0.0315894186 0.0220838822 0.0181240775
      vertex 0.0315894298 0.022946585 0.0170186255
    endloop
  endfacet
  facet normal 0.923842609 0.301752895 0.235499471
    outer loop
      vertex 0.0315894298 0.022946585 0.0170186255
      vertex 0.0315894186 0.0220838822 0.0181240775
      vertex 0.0320902541 0.0211491883 0.0173569992
    endloop
  endfacet
  facet normal 0.923842311 0.301753014 0.235500529
    outer loop
      vertex 0.0315894298 0.022946585 0.0170186255
      vertex 0.0320902541 0.0211491883 0.0173569992
      vertex 0.0320902653 0.0219753794 0.016298335
    endloop
  endfacet
  facet normal 0.923835337 -0.301775843 -0.23549886
    outer loop
      vertex 0.0320902653 0.0219753794 0.016298335
      vertex 0.0320902541 0.0211491883 0.0173569992
      vertex 0.0315893963 0.0202145074 0.016589921
    endloop
  endfacet
  facet normal 0.923834443 -0.301776022 -0.235501602
    outer loop
      vertex 0.0320902653 0.0219753794 0.016298335
      vertex 0.0315893963 0.0202145074 0.016589921
      vertex 0.0315894037 0.0210041851 0.0155780427
    endloop
  endfacet
  facet normal 0.382575482 -0.728373647 -0.568425715
    outer loop
      vertex 0.0315894037 0.0210041851 0.0155780427
      vertex 0.0315893963 0.0202145074 0.016589921
      vertex 0.0303802378 0.0198273621 0.0162721872
    endloop
  endfacet
  facet normal 0.382576257 -0.728373945 -0.568424881
    outer loop
      vertex 0.0315894037 0.0210041851 0.0155780427
      vertex 0.0303802378 0.0198273621 0.0162721872
      vertex 0.0303802472 0.0206019152 0.0152796889
    endloop
  endfacet
  facet normal -0.38259393 -0.728364706 -0.568424821
    outer loop
      vertex 0.0303802472 0.0206019152 0.0152796889
      vertex 0.0303802378 0.0198273621 0.0162721872
      vertex 0.0291710906 0.0202145372 0.016589921
    endloop
  endfacet
  facet normal -0.382594079 -0.728364527 -0.568424881
    outer loop
      vertex 0.0303802472 0.0206019152 0.0152796889
      vertex 0.0291710906 0.0202145372 0.016589921
      vertex 0.0291710999 0.0210042149 0.0155780427
    endloop
  endfacet
  facet normal -0.923842013 -0.301754564 -0.235500112
    outer loop
      vertex 0.0291710999 0.0210042149 0.0155780427
      vertex 0.0291710906 0.0202145372 0.016589921
      vertex 0.0286702532 0.0211492293 0.0173569992
    endloop
  endfacet
  facet normal -0.92384243 -0.301752806 -0.235500365
    outer loop
      vertex 0.0291710999 0.0210042149 0.0155780427
      vertex 0.0286702532 0.0211492293 0.0173569992
      vertex 0.0286702644 0.0219754204 0.016298335
    endloop
  endfacet
  facet normal -0.92383492 0.301776469 0.235499337
    outer loop
      vertex 0.0286702644 0.0219754204 0.016298335
      vertex 0.0286702532 0.0211492293 0.0173569992
      vertex 0.0291711129 0.022083912 0.0181240775
    endloop
  endfacet
  facet normal -0.923835397 0.301774919 0.235499546
    outer loop
      vertex 0.0286702644 0.0219754204 0.016298335
      vertex 0.0291711129 0.022083912 0.0181240775
      vertex 0.0291711222 0.0229466148 0.0170186255
    endloop
  endfacet
  facet normal -0.382575959 0.728373945 0.568425059
    outer loop
      vertex 0.0291711222 0.0229466148 0.0170186255
      vertex 0.0291711129 0.022083912 0.0181240775
      vertex 0.0303802695 0.0224710573 0.0184418112
    endloop
  endfacet
  facet normal -0.382576168 0.728373826 0.568425119
    outer loop
      vertex 0.0291711222 0.0229466148 0.0170186255
      vertex 0.0303802695 0.0224710573 0.0184418112
      vertex 0.0303802807 0.0233488847 0.0173169803
    endloop
  endfacet
  facet normal 0.382592976 0.699596286 0.603479624
    outer loop
      vertex 0.0303802695 0.0224710573 0.0184418112
      vertex 0.0303802583 0.0215390939 0.0195222162
      vertex 0.0315894075 0.0211679768 0.0191858672
    endloop
  endfacet
  facet normal 0.382593036 0.699596345 0.603479564
    outer loop
      vertex 0.0303802695 0.0224710573 0.0184418112
      vertex 0.0315894075 0.0211679768 0.0191858672
      vertex 0.0315894186 0.0220838822 0.0181240775
    endloop
  endfacet
  facet normal 0.92384249 0.289834321 0.250022352
    outer loop
      vertex 0.0315894186 0.0220838822 0.0181240775
      vertex 0.0315894075 0.0211679768 0.0191858672
      vertex 0.032090243 0.0202720482 0.0183738507
    endloop
  endfacet
  facet normal 0.92384249 0.289834321 0.250022352
    outer loop
      vertex 0.0315894186 0.0220838822 0.0181240775
      vertex 0.032090243 0.0202720482 0.0183738507
      vertex 0.0320902541 0.0211491883 0.0173569992
    endloop
  endfacet
  facet normal 0.923835516 -0.28985709 -0.250021726
    outer loop
      vertex 0.0320902541 0.0211491883 0.0173569992
      vertex 0.032090243 0.0202720482 0.0183738507
      vertex 0.0315893851 0.0193761308 0.0175618324
    endloop
  endfacet
  facet normal 0.923835397 -0.28985709 -0.250021815
    outer loop
      vertex 0.0320902541 0.0211491883 0.0173569992
      vertex 0.0315893851 0.0193761308 0.0175618324
      vertex 0.0315893963 0.0202145074 0.016589921
    endloop
  endfacet
  facet normal 0.382576317 -0.699605584 -0.603479445
    outer loop
      vertex 0.0315893963 0.0202145074 0.016589921
      vertex 0.0315893851 0.0193761308 0.0175618324
      vertex 0.0303802285 0.0190050416 0.0172254853
    endloop
  endfacet
  facet normal 0.38257584 -0.699605286 -0.603479981
    outer loop
      vertex 0.0315893963 0.0202145074 0.016589921
      vertex 0.0303802285 0.0190050416 0.0172254853
      vertex 0.0303802378 0.0198273621 0.0162721872
    endloop
  endfacet
  facet normal -0.382593066 -0.699596226 -0.603479624
    outer loop
      vertex 0.0303802378 0.0198273621 0.0162721872
      vertex 0.0303802285 0.0190050416 0.0172254853
      vertex 0.0291710794 0.0193761606 0.0175618324
    endloop
  endfacet
  facet normal -0.382593513 -0.699595749 -0.603479862
    outer loop
      vertex 0.0303802378 0.0198273621 0.0162721872
      vertex 0.0291710794 0.0193761606 0.0175618324
      vertex 0.0291710906 0.0202145372 0.016589921
    endloop
  endfacet
  facet normal -0.923842669 -0.289833516 -0.250022739
    outer loop
      vertex 0.0291710906 0.0202145372 0.016589921
      vertex 0.0291710794 0.0193761606 0.0175618324
      vertex 0.0286702439 0.0202720892 0.0183738507
    endloop
  endfacet
  facet normal -0.923841834 -0.289836317 -0.250022411
    outer loop
      vertex 0.0291710906 0.0202145372 0.016589921
      vertex 0.0286702439 0.0202720892 0.0183738507
      vertex 0.0286702532 0.0211492293 0.0173569992
    endloop
  endfacet
  facet normal -0.923835397 0.289856523 0.250022888
    outer loop
      vertex 0.0286702532 0.0211492293 0.0173569992
      vertex 0.0286702439 0.0202720892 0.0183738507
      vertex 0.0291711017 0.0211680066 0.0191858672
    endloop
  endfacet
  facet normal -0.923835039 0.289857358 0.250022799
    outer loop
      vertex 0.0286702532 0.0211492293 0.0173569992
      vertex 0.0291711017 0.0211680066 0.0191858672
      vertex 0.0291711129 0.022083912 0.0181240775
    endloop
  endfacet
  facet normal -0.382576168 0.699605584 0.603479564
    outer loop
      vertex 0.0291711129 0.022083912 0.0181240775
      vertex 0.0291711017 0.0211680066 0.0191858672
      vertex 0.0303802583 0.0215390939 0.0195222162
    endloop
  endfacet
  facet normal -0.382576317 0.699605405 0.603479564
    outer loop
      vertex 0.0291711129 0.022083912 0.0181240775
      vertex 0.0303802583 0.0215390939 0.0195222162
      vertex 0.0303802695 0.0224710573 0.0184418112
    endloop
  endfacet
  facet normal 0.382592618 0.669141531 0.637081146
    outer loop
      vertex 0.0303802583 0.0215390939 0.0195222162
      vertex 0.0303802472 0.0205552354 0.0205555931
      vertex 0.0315893963 0.0202010684 0.0202014409
    endloop
  endfacet
  facet normal 0.382592589 0.669141591 0.637081206
    outer loop
      vertex 0.0303802583 0.0215390939 0.0195222162
      vertex 0.0315893963 0.0202010684 0.0202014409
      vertex 0.0315894075 0.0211679768 0.0191858672
    endloop
  endfacet
  facet normal 0.92384249 0.277216852 0.263943046
    outer loop
      vertex 0.0315894075 0.0211679768 0.0191858672
      vertex 0.0315893963 0.0202010684 0.0202014409
      vertex 0.0320902318 0.019346064 0.0193464402
    endloop
  endfacet
  facet normal 0.923842311 0.277216852 0.263943583
    outer loop
      vertex 0.0315894075 0.0211679768 0.0191858672
      vertex 0.0320902318 0.019346064 0.0193464402
      vertex 0.032090243 0.0202720482 0.0183738507
    endloop
  endfacet
  facet normal 0.923835456 -0.277239531 -0.26394397
    outer loop
      vertex 0.032090243 0.0202720482 0.0183738507
      vertex 0.0320902318 0.019346064 0.0193464402
      vertex 0.0315893739 0.0184910689 0.0184914414
    endloop
  endfacet
  facet normal 0.923835635 -0.277239561 -0.263943076
    outer loop
      vertex 0.032090243 0.0202720482 0.0183738507
      vertex 0.0315893739 0.0184910689 0.0184914414
      vertex 0.0315893851 0.0193761308 0.0175618324
    endloop
  endfacet
  facet normal 0.382576525 -0.669151187 -0.637080729
    outer loop
      vertex 0.0315893851 0.0193761308 0.0175618324
      vertex 0.0315893739 0.0184910689 0.0184914414
      vertex 0.0303802174 0.0181369316 0.0181372892
    endloop
  endfacet
  facet normal 0.382576644 -0.669151247 -0.63708061
    outer loop
      vertex 0.0315893851 0.0193761308 0.0175618324
      vertex 0.0303802174 0.0181369316 0.0181372892
      vertex 0.0303802285 0.0190050416 0.0172254853
    endloop
  endfacet
  facet normal -0.382593215 -0.66914165 -0.637080789
    outer loop
      vertex 0.0303802285 0.0190050416 0.0172254853
      vertex 0.0303802174 0.0181369316 0.0181372892
      vertex 0.0291710701 0.0184910987 0.0184914414
    endloop
  endfacet
  facet normal -0.382592708 -0.669142127 -0.63708061
    outer loop
      vertex 0.0303802285 0.0190050416 0.0172254853
      vertex 0.0291710701 0.0184910987 0.0184914414
      vertex 0.0291710794 0.0193761606 0.0175618324
    endloop
  endfacet
  facet normal -0.923841953 -0.277218312 -0.263943225
    outer loop
      vertex 0.0291710794 0.0193761606 0.0175618324
      vertex 0.0291710701 0.0184910987 0.0184914414
      vertex 0.0286702327 0.0193461049 0.0193464402
    endloop
  endfacet
  facet normal -0.92384249 -0.277216583 -0.263943344
    outer loop
      vertex 0.0291710794 0.0193761606 0.0175618324
      vertex 0.0286702327 0.0193461049 0.0193464402
      vertex 0.0286702439 0.0202720892 0.0183738507
    endloop
  endfacet
  facet normal -0.923835397 0.277239531 0.26394397
    outer loop
      vertex 0.0286702439 0.0202720892 0.0183738507
      vertex 0.0286702327 0.0193461049 0.0193464402
      vertex 0.0291710906 0.0202010982 0.0202014409
    endloop
  endfacet
  facet normal -0.923835456 0.277239144 0.26394397
    outer loop
      vertex 0.0286702439 0.0202720892 0.0183738507
      vertex 0.0291710906 0.0202010982 0.0202014409
      vertex 0.0291711017 0.0211680066 0.0191858672
    endloop
  endfacet
  facet normal -0.382576466 0.669150651 0.637081265
    outer loop
      vertex 0.0291711017 0.0211680066 0.0191858672
      vertex 0.0291710906 0.0202010982 0.0202014409
      vertex 0.0303802472 0.0205552354 0.0205555931
    endloop
  endfacet
  facet normal -0.382576555 0.669150531 0.637081385
    outer loop
      vertex 0.0291711017 0.0211680066 0.0191858672
      vertex 0.0303802472 0.0205552354 0.0205555931
      vertex 0.0303802583 0.0215390939 0.0195222162
    endloop
  endfacet
  facet normal 0.382592022 0.637075901 0.669146955
    outer loop
      vertex 0.0303802472 0.0205552354 0.0205555931
      vertex 0.0303802341 0.0195218623 0.021539446
      vertex 0.0315893814 0.0191855002 0.0211683437
    endloop
  endfacet
  facet normal 0.382592291 0.63707608 0.669146717
    outer loop
      vertex 0.0303802472 0.0205552354 0.0205555931
      vertex 0.0315893814 0.0191855002 0.0211683437
      vertex 0.0315893963 0.0202010684 0.0202014409
    endloop
  endfacet
  facet normal 0.923841596 0.263932049 0.277230293
    outer loop
      vertex 0.0315893963 0.0202010684 0.0202014409
      vertex 0.0315893814 0.0191855002 0.0211683437
      vertex 0.0320902206 0.0183734763 0.0202724207
    endloop
  endfacet
  facet normal 0.923842251 0.263932109 0.27722767
    outer loop
      vertex 0.0315893963 0.0202010684 0.0202014409
      vertex 0.0320902206 0.0183734763 0.0202724207
      vertex 0.0320902318 0.019346064 0.0193464402
    endloop
  endfacet
  facet normal 0.923835397 -0.263954818 -0.27722922
    outer loop
      vertex 0.0320902318 0.019346064 0.0193464402
      vertex 0.0320902206 0.0183734763 0.0202724207
      vertex 0.0315893628 0.0175614655 0.0193764977
    endloop
  endfacet
  facet normal 0.923835516 -0.263954818 -0.277228653
    outer loop
      vertex 0.0320902318 0.019346064 0.0193464402
      vertex 0.0315893628 0.0175614655 0.0193764977
      vertex 0.0315893739 0.0184910689 0.0184914414
    endloop
  endfacet
  facet normal 0.382577747 -0.63708508 -0.669146359
    outer loop
      vertex 0.0315893739 0.0184910689 0.0184914414
      vertex 0.0315893628 0.0175614655 0.0193764977
      vertex 0.0303802062 0.0172251314 0.0190053936
    endloop
  endfacet
  facet normal 0.382576913 -0.637084663 -0.669147253
    outer loop
      vertex 0.0315893739 0.0184910689 0.0184914414
      vertex 0.0303802062 0.0172251314 0.0190053936
      vertex 0.0303802174 0.0181369316 0.0181372892
    endloop
  endfacet
  facet normal -0.382593721 -0.637075007 -0.669146836
    outer loop
      vertex 0.0303802174 0.0181369316 0.0181372892
      vertex 0.0303802062 0.0172251314 0.0190053936
      vertex 0.0291710589 0.0175614953 0.0193764977
    endloop
  endfacet
  facet normal -0.382592797 -0.63707602 -0.669146478
    outer loop
      vertex 0.0303802174 0.0181369316 0.0181372892
      vertex 0.0291710589 0.0175614953 0.0193764977
      vertex 0.0291710701 0.0184910987 0.0184914414
    endloop
  endfacet
  facet normal -0.923841953 -0.263932586 -0.277228594
    outer loop
      vertex 0.0291710701 0.0184910987 0.0184914414
      vertex 0.0291710589 0.0175614953 0.0193764977
      vertex 0.0286702216 0.0183735173 0.0202724207
    endloop
  endfacet
  facet normal -0.923841774 -0.263932973 -0.277228564
    outer loop
      vertex 0.0291710701 0.0184910987 0.0184914414
      vertex 0.0286702216 0.0183735173 0.0202724207
      vertex 0.0286702327 0.0193461049 0.0193464402
    endloop
  endfacet
  facet normal -0.923836052 0.263953716 0.277228057
    outer loop
      vertex 0.0286702327 0.0193461049 0.0193464402
      vertex 0.0286702216 0.0183735173 0.0202724207
      vertex 0.0291710775 0.01918553 0.0211683437
    endloop
  endfacet
  facet normal -0.923835635 0.263955355 0.277228117
    outer loop
      vertex 0.0286702327 0.0193461049 0.0193464402
      vertex 0.0291710775 0.01918553 0.0211683437
      vertex 0.0291710906 0.0202010982 0.0202014409
    endloop
  endfacet
  facet normal -0.382576019 0.637086153 0.669146299
    outer loop
      vertex 0.0291710906 0.0202010982 0.0202014409
      vertex 0.0291710775 0.01918553 0.0211683437
      vertex 0.0303802341 0.0195218623 0.021539446
    endloop
  endfacet
  facet normal -0.382576883 0.637085259 0.669146657
    outer loop
      vertex 0.0291710906 0.0202010982 0.0202014409
      vertex 0.0303802341 0.0195218623 0.021539446
      vertex 0.0303802472 0.0205552354 0.0205555931
    endloop
  endfacet
  facet normal 0.382592082 0.603475571 0.699600339
    outer loop
      vertex 0.0303802341 0.0195218623 0.021539446
      vertex 0.0303802211 0.0184414592 0.0224714093
      vertex 0.0315893702 0.0181237105 0.0220842492
    endloop
  endfacet
  facet normal 0.382591605 0.603475332 0.699600756
    outer loop
      vertex 0.0303802341 0.0195218623 0.021539446
      vertex 0.0315893702 0.0181237105 0.0220842492
      vertex 0.0315893814 0.0191855002 0.0211683437
    endloop
  endfacet
  facet normal 0.923841476 0.250012666 0.289845645
    outer loop
      vertex 0.0315893814 0.0191855002 0.0211683437
      vertex 0.0315893702 0.0181237105 0.0220842492
      vertex 0.0320902094 0.0173566267 0.0211495608
    endloop
  endfacet
  facet normal 0.923841357 0.250012666 0.289846063
    outer loop
      vertex 0.0315893814 0.0191855002 0.0211683437
      vertex 0.0320902094 0.0173566267 0.0211495608
      vertex 0.0320902206 0.0183734763 0.0202724207
    endloop
  endfacet
  facet normal 0.923835456 -0.250033796 -0.289847016
    outer loop
      vertex 0.0320902206 0.0183734763 0.0202724207
      vertex 0.0320902094 0.0173566267 0.0211495608
      vertex 0.0315893516 0.016589554 0.0202148743
    endloop
  endfacet
  facet normal 0.923835576 -0.250033855 -0.28984645
    outer loop
      vertex 0.0320902206 0.0183734763 0.0202724207
      vertex 0.0315893516 0.016589554 0.0202148743
      vertex 0.0315893628 0.0175614655 0.0193764977
    endloop
  endfacet
  facet normal 0.3825773 -0.603484273 -0.699600875
    outer loop
      vertex 0.0315893628 0.0175614655 0.0193764977
      vertex 0.0315893516 0.016589554 0.0202148743
      vertex 0.030380195 0.0162718352 0.0198277142
    endloop
  endfacet
  facet normal 0.382578164 -0.60348475 -0.699599981
    outer loop
      vertex 0.0315893628 0.0175614655 0.0193764977
      vertex 0.030380195 0.0162718352 0.0198277142
      vertex 0.0303802062 0.0172251314 0.0190053936
    endloop
  endfacet
  facet normal -0.382592082 -0.603475809 -0.699600041
    outer loop
      vertex 0.0303802062 0.0172251314 0.0190053936
      vertex 0.030380195 0.0162718352 0.0198277142
      vertex 0.0291710459 0.0165895838 0.0202148743
    endloop
  endfacet
  facet normal -0.382593304 -0.603474438 -0.699600577
    outer loop
      vertex 0.0303802062 0.0172251314 0.0190053936
      vertex 0.0291710459 0.0165895838 0.0202148743
      vertex 0.0291710589 0.0175614953 0.0193764977
    endloop
  endfacet
  facet normal -0.923841894 -0.250010699 -0.289846271
    outer loop
      vertex 0.0291710589 0.0175614953 0.0193764977
      vertex 0.0291710459 0.0165895838 0.0202148743
      vertex 0.0286702085 0.0173566677 0.0211495608
    endloop
  endfacet
  facet normal -0.923841774 -0.250011116 -0.289846241
    outer loop
      vertex 0.0291710589 0.0175614953 0.0193764977
      vertex 0.0286702085 0.0173566677 0.0211495608
      vertex 0.0286702216 0.0183735173 0.0202724207
    endloop
  endfacet
  facet normal -0.923836052 0.250033736 0.28984499
    outer loop
      vertex 0.0286702216 0.0183735173 0.0202724207
      vertex 0.0286702085 0.0173566677 0.0211495608
      vertex 0.0291710645 0.0181237403 0.0220842492
    endloop
  endfacet
  facet normal -0.923836172 0.25003317 0.28984496
    outer loop
      vertex 0.0286702216 0.0183735173 0.0202724207
      vertex 0.0291710645 0.0181237403 0.0220842492
      vertex 0.0291710775 0.01918553 0.0211683437
    endloop
  endfacet
  facet normal -0.38257727 0.603484154 0.699600875
    outer loop
      vertex 0.0291710775 0.01918553 0.0211683437
      vertex 0.0291710645 0.0181237403 0.0220842492
      vertex 0.0303802211 0.0184414592 0.0224714093
    endloop
  endfacet
  facet normal -0.382576466 0.603485048 0.699600637
    outer loop
      vertex 0.0291710775 0.01918553 0.0211683437
      vertex 0.0303802211 0.0184414592 0.0224714093
      vertex 0.0303802341 0.0195218623 0.021539446
    endloop
  endfacet
  facet normal 0.382591814 0.568420529 0.728369117
    outer loop
      vertex 0.0303802211 0.0184414592 0.0224714093
      vertex 0.030380208 0.0173166227 0.0233492404
      vertex 0.031589359 0.017018253 0.0229469556
    endloop
  endfacet
  facet normal 0.382591665 0.56842041 0.728369355
    outer loop
      vertex 0.0303802211 0.0184414592 0.0224714093
      vertex 0.031589359 0.017018253 0.0229469556
      vertex 0.0315893702 0.0181237105 0.0220842492
    endloop
  endfacet
  facet normal 0.923842311 0.235488176 0.301762581
    outer loop
      vertex 0.0315893702 0.0181237105 0.0220842492
      vertex 0.031589359 0.017018253 0.0229469556
      vertex 0.0320901945 0.0162979569 0.0219757557
    endloop
  endfacet
  facet normal 0.923841357 0.235487729 0.301765949
    outer loop
      vertex 0.0315893702 0.0181237105 0.0220842492
      vertex 0.0320901945 0.0162979569 0.0219757557
      vertex 0.0320902094 0.0173566267 0.0211495608
    endloop
  endfacet
  facet normal 0.92383647 -0.235511184 -0.3017627
    outer loop
      vertex 0.0320902094 0.0173566267 0.0211495608
      vertex 0.0320901945 0.0162979569 0.0219757557
      vertex 0.0315893404 0.0155776711 0.0210045557
    endloop
  endfacet
  facet normal 0.923835576 -0.235510662 -0.301765859
    outer loop
      vertex 0.0320902094 0.0173566267 0.0211495608
      vertex 0.0315893404 0.0155776711 0.0210045557
      vertex 0.0315893516 0.016589554 0.0202148743
    endloop
  endfacet
  facet normal 0.382578343 -0.56842941 -0.728369296
    outer loop
      vertex 0.0315893516 0.016589554 0.0202148743
      vertex 0.0315893404 0.0155776711 0.0210045557
      vertex 0.0303801838 0.0152793312 0.020602271
    endloop
  endfacet
  facet normal 0.382577747 -0.568429053 -0.728369892
    outer loop
      vertex 0.0315893516 0.016589554 0.0202148743
      vertex 0.0303801838 0.0152793312 0.020602271
      vertex 0.030380195 0.0162718352 0.0198277142
    endloop
  endfacet
  facet normal -0.38259232 -0.568419993 -0.728369236
    outer loop
      vertex 0.030380195 0.0162718352 0.0198277142
      vertex 0.0303801838 0.0152793312 0.020602271
      vertex 0.0291710347 0.0155777009 0.0210045557
    endloop
  endfacet
  facet normal -0.382591635 -0.568420768 -0.728369057
    outer loop
      vertex 0.030380195 0.0162718352 0.0198277142
      vertex 0.0291710347 0.0155777009 0.0210045557
      vertex 0.0291710459 0.0165895838 0.0202148743
    endloop
  endfacet
  facet normal -0.923841357 -0.235489279 -0.301764607
    outer loop
      vertex 0.0291710459 0.0165895838 0.0202148743
      vertex 0.0291710347 0.0155777009 0.0210045557
      vertex 0.0286701955 0.0162979979 0.0219757557
    endloop
  endfacet
  facet normal -0.923841715 -0.235488191 -0.301764518
    outer loop
      vertex 0.0291710459 0.0165895838 0.0202148743
      vertex 0.0286701955 0.0162979979 0.0219757557
      vertex 0.0286702085 0.0173566677 0.0211495608
    endloop
  endfacet
  facet normal -0.923835933 0.235511005 0.301764578
    outer loop
      vertex 0.0286702085 0.0173566677 0.0211495608
      vertex 0.0286701955 0.0162979979 0.0219757557
      vertex 0.0291710515 0.0170182828 0.0229469556
    endloop
  endfacet
  facet normal -0.923836231 0.235509858 0.301764429
    outer loop
      vertex 0.0286702085 0.0173566677 0.0211495608
      vertex 0.0291710515 0.0170182828 0.0229469556
      vertex 0.0291710645 0.0181237403 0.0220842492
    endloop
  endfacet
  facet normal -0.382578313 0.568429053 0.728369653
    outer loop
      vertex 0.0291710645 0.0181237403 0.0220842492
      vertex 0.0291710515 0.0170182828 0.0229469556
      vertex 0.030380208 0.0173166227 0.0233492404
    endloop
  endfacet
  facet normal -0.382577717 0.568429589 0.728369474
    outer loop
      vertex 0.0291710645 0.0181237403 0.0220842492
      vertex 0.030380208 0.0173166227 0.0233492404
      vertex 0.0303802211 0.0184414592 0.0224714093
    endloop
  endfacet
  facet normal 0.382591039 0.531996429 0.755383253
    outer loop
      vertex 0.030380208 0.0173166227 0.0233492404
      vertex 0.030380195 0.0161500666 0.0241708215
      vertex 0.0315893441 0.0158717968 0.0237543825
    endloop
  endfacet
  facet normal 0.382591307 0.531996608 0.755382955
    outer loop
      vertex 0.030380208 0.0173166227 0.0233492404
      vertex 0.0315893441 0.0158717968 0.0237543825
      vertex 0.031589359 0.017018253 0.0229469556
    endloop
  endfacet
  facet normal 0.923841417 0.220397457 0.312956899
    outer loop
      vertex 0.031589359 0.017018253 0.0229469556
      vertex 0.0315893441 0.0158717968 0.0237543825
      vertex 0.0320901833 0.0152000226 0.0227490086
    endloop
  endfacet
  facet normal 0.923842192 0.220397964 0.312954307
    outer loop
      vertex 0.031589359 0.017018253 0.0229469556
      vertex 0.0320901833 0.0152000226 0.0227490086
      vertex 0.0320901945 0.0162979569 0.0219757557
    endloop
  endfacet
  facet normal 0.923835576 -0.220419809 -0.312958598
    outer loop
      vertex 0.0320901945 0.0162979569 0.0219757557
      vertex 0.0320901833 0.0152000226 0.0227490086
      vertex 0.0315893255 0.0145282596 0.0217436347
    endloop
  endfacet
  facet normal 0.923836708 -0.220420629 -0.312954634
    outer loop
      vertex 0.0320901945 0.0162979569 0.0219757557
      vertex 0.0315893255 0.0145282596 0.0217436347
      vertex 0.0315893404 0.0155776711 0.0210045557
    endloop
  endfacet
  facet normal 0.382579029 -0.532005966 -0.755382657
    outer loop
      vertex 0.0315893404 0.0155776711 0.0210045557
      vertex 0.0315893255 0.0145282596 0.0217436347
      vertex 0.0303801708 0.0142500177 0.0213271957
    endloop
  endfacet
  facet normal 0.38257876 -0.532005787 -0.755382895
    outer loop
      vertex 0.0315893404 0.0155776711 0.0210045557
      vertex 0.0303801708 0.0142500177 0.0213271957
      vertex 0.0303801838 0.0152793312 0.020602271
    endloop
  endfacet
  facet normal -0.382591397 -0.53199631 -0.755383253
    outer loop
      vertex 0.0303801838 0.0152793312 0.020602271
      vertex 0.0303801708 0.0142500177 0.0213271957
      vertex 0.0291710217 0.0145282885 0.0217436347
    endloop
  endfacet
  facet normal -0.382591873 -0.531995773 -0.755383372
    outer loop
      vertex 0.0303801838 0.0152793312 0.020602271
      vertex 0.0291710217 0.0145282885 0.0217436347
      vertex 0.0291710347 0.0155777009 0.0210045557
    endloop
  endfacet
  facet normal -0.923841536 -0.220397368 -0.31295678
    outer loop
      vertex 0.0291710347 0.0155777009 0.0210045557
      vertex 0.0291710217 0.0145282885 0.0217436347
      vertex 0.0286701825 0.0152000636 0.0227490086
    endloop
  endfacet
  facet normal -0.923841178 -0.220398232 -0.312956899
    outer loop
      vertex 0.0291710347 0.0155777009 0.0210045557
      vertex 0.0286701825 0.0152000636 0.0227490086
      vertex 0.0286701955 0.0162979979 0.0219757557
    endloop
  endfacet
  facet normal -0.923835933 0.220420152 0.31295687
    outer loop
      vertex 0.0286701955 0.0162979979 0.0219757557
      vertex 0.0286701825 0.0152000636 0.0227490086
      vertex 0.0291710384 0.0158718266 0.0237543825
    endloop
  endfacet
  facet normal -0.923836052 0.220419928 0.31295681
    outer loop
      vertex 0.0286701955 0.0162979979 0.0219757557
      vertex 0.0291710384 0.0158718266 0.0237543825
      vertex 0.0291710515 0.0170182828 0.0229469556
    endloop
  endfacet
  facet normal -0.382577747 0.532006085 0.755383193
    outer loop
      vertex 0.0291710515 0.0170182828 0.0229469556
      vertex 0.0291710384 0.0158718266 0.0237543825
      vertex 0.030380195 0.0161500666 0.0241708215
    endloop
  endfacet
  facet normal -0.382578731 0.532005131 0.755383432
    outer loop
      vertex 0.0291710515 0.0170182828 0.0229469556
      vertex 0.030380195 0.0161500666 0.0241708215
      vertex 0.030380208 0.0173166227 0.0233492404
    endloop
  endfacet
  facet normal 0.382591069 0.494291186 0.780577004
    outer loop
      vertex 0.030380195 0.0161500666 0.0241708215
      vertex 0.0303801801 0.0149446148 0.024934167
      vertex 0.0315893292 0.0146871135 0.0245045759
    endloop
  endfacet
  facet normal 0.382590652 0.494290948 0.780577302
    outer loop
      vertex 0.030380195 0.0161500666 0.0241708215
      vertex 0.0315893292 0.0146871135 0.0245045759
      vertex 0.0315893441 0.0158717968 0.0237543825
    endloop
  endfacet
  facet normal 0.923841476 0.204775795 0.323394269
    outer loop
      vertex 0.0315893441 0.0158717968 0.0237543825
      vertex 0.0315893292 0.0146871135 0.0245045759
      vertex 0.0320901684 0.014065478 0.0234674513
    endloop
  endfacet
  facet normal 0.923841119 0.204775617 0.323395044
    outer loop
      vertex 0.0315893441 0.0158717968 0.0237543825
      vertex 0.0320901684 0.014065478 0.0234674513
      vertex 0.0320901833 0.0152000226 0.0227490086
    endloop
  endfacet
  facet normal 0.923836648 -0.204798833 -0.323393434
    outer loop
      vertex 0.0320901833 0.0152000226 0.0227490086
      vertex 0.0320901684 0.014065478 0.0234674513
      vertex 0.0315893143 0.0134438556 0.0224303249
    endloop
  endfacet
  facet normal 0.923835695 -0.204797953 -0.323396802
    outer loop
      vertex 0.0320901833 0.0152000226 0.0227490086
      vertex 0.0315893143 0.0134438556 0.0224303249
      vertex 0.0315893255 0.0145282596 0.0217436347
    endloop
  endfacet
  facet normal 0.382577866 -0.494298965 -0.780578434
    outer loop
      vertex 0.0315893255 0.0145282596 0.0217436347
      vertex 0.0315893143 0.0134438556 0.0224303249
      vertex 0.0303801578 0.0131863831 0.0220007356
    endloop
  endfacet
  facet normal 0.382579476 -0.494300157 -0.780577004
    outer loop
      vertex 0.0315893255 0.0145282596 0.0217436347
      vertex 0.0303801578 0.0131863831 0.0220007356
      vertex 0.0303801708 0.0142500177 0.0213271957
    endloop
  endfacet
  facet normal -0.382590026 -0.494291097 -0.78057754
    outer loop
      vertex 0.0303801708 0.0142500177 0.0213271957
      vertex 0.0303801578 0.0131863831 0.0220007356
      vertex 0.0291710086 0.0134438844 0.0224303249
    endloop
  endfacet
  facet normal -0.38259092 -0.494289964 -0.78057766
    outer loop
      vertex 0.0303801708 0.0142500177 0.0213271957
      vertex 0.0291710086 0.0134438844 0.0224303249
      vertex 0.0291710217 0.0145282885 0.0217436347
    endloop
  endfacet
  facet normal -0.923841536 -0.204775572 -0.323394001
    outer loop
      vertex 0.0291710217 0.0145282885 0.0217436347
      vertex 0.0291710086 0.0134438844 0.0224303249
      vertex 0.0286701694 0.014065519 0.0234674513
    endloop
  endfacet
  facet normal -0.923841298 -0.204776615 -0.323394269
    outer loop
      vertex 0.0291710217 0.0145282885 0.0217436347
      vertex 0.0286701694 0.014065519 0.0234674513
      vertex 0.0286701825 0.0152000636 0.0227490086
    endloop
  endfacet
  facet normal -0.923836529 0.204797864 0.323394328
    outer loop
      vertex 0.0286701825 0.0152000636 0.0227490086
      vertex 0.0286701694 0.014065519 0.0234674513
      vertex 0.0291710235 0.0146871423 0.0245045759
    endloop
  endfacet
  facet normal -0.923836172 0.204799056 0.323394537
    outer loop
      vertex 0.0286701825 0.0152000636 0.0227490086
      vertex 0.0291710235 0.0146871423 0.0245045759
      vertex 0.0291710384 0.0158718266 0.0237543825
    endloop
  endfacet
  facet normal -0.38257888 0.494300127 0.780577302
    outer loop
      vertex 0.0291710384 0.0158718266 0.0237543825
      vertex 0.0291710235 0.0146871423 0.0245045759
      vertex 0.0303801801 0.0149446148 0.024934167
    endloop
  endfacet
  facet normal -0.382578284 0.494300783 0.780577123
    outer loop
      vertex 0.0291710384 0.0158718266 0.0237543825
      vertex 0.0303801801 0.0149446148 0.024934167
      vertex 0.030380195 0.0161500666 0.0241708215
    endloop
  endfacet
  facet normal 0.382590294 0.455393314 0.80389148
    outer loop
      vertex 0.0303801801 0.0149446148 0.024934167
      vertex 0.0303801652 0.0137031479 0.0256374478
      vertex 0.0315893143 0.0134670362 0.0251957402
    endloop
  endfacet
  facet normal 0.382590503 0.455393493 0.803891301
    outer loop
      vertex 0.0303801801 0.0149446148 0.024934167
      vertex 0.0315893143 0.0134670362 0.0251957402
      vertex 0.0315893292 0.0146871135 0.0245045759
    endloop
  endfacet
  facet normal 0.923841417 0.188660622 0.333052963
    outer loop
      vertex 0.0315893292 0.0146871135 0.0245045759
      vertex 0.0315893143 0.0134670362 0.0251957402
      vertex 0.0320901535 0.0128970398 0.0241293628
    endloop
  endfacet
  facet normal 0.923841238 0.188660473 0.33305341
    outer loop
      vertex 0.0315893292 0.0146871135 0.0245045759
      vertex 0.0320901535 0.0128970398 0.0241293628
      vertex 0.0320901684 0.014065478 0.0234674513
    endloop
  endfacet
  facet normal 0.92383647 -0.188683912 -0.333053201
    outer loop
      vertex 0.0320901684 0.014065478 0.0234674513
      vertex 0.0320901535 0.0128970398 0.0241293628
      vertex 0.0315892994 0.0123270554 0.0230629854
    endloop
  endfacet
  facet normal 0.923836827 -0.1886843 -0.333052039
    outer loop
      vertex 0.0320901684 0.014065478 0.0234674513
      vertex 0.0315892994 0.0123270554 0.0230629854
      vertex 0.0315893143 0.0134438556 0.0224303249
    endloop
  endfacet
  facet normal 0.382579744 -0.455404162 -0.803890467
    outer loop
      vertex 0.0315893143 0.0134438556 0.0224303249
      vertex 0.0315892994 0.0123270554 0.0230629854
      vertex 0.0303801447 0.0120909717 0.0226212777
    endloop
  endfacet
  facet normal 0.382578284 -0.45540303 -0.803891778
    outer loop
      vertex 0.0315893143 0.0134438556 0.0224303249
      vertex 0.0303801447 0.0120909717 0.0226212777
      vertex 0.0303801578 0.0131863831 0.0220007356
    endloop
  endfacet
  facet normal -0.382590592 -0.455393583 -0.803891122
    outer loop
      vertex 0.0303801578 0.0131863831 0.0220007356
      vertex 0.0303801447 0.0120909717 0.0226212777
      vertex 0.0291709956 0.0123270843 0.0230629854
    endloop
  endfacet
  facet normal -0.382589519 -0.455394924 -0.803891063
    outer loop
      vertex 0.0303801578 0.0131863831 0.0220007356
      vertex 0.0291709956 0.0123270843 0.0230629854
      vertex 0.0291710086 0.0134438844 0.0224303249
    endloop
  endfacet
  facet normal -0.92384088 -0.188662022 -0.333053559
    outer loop
      vertex 0.0291710086 0.0134438844 0.0224303249
      vertex 0.0291709956 0.0123270843 0.0230629854
      vertex 0.0286701545 0.0128970807 0.0241293628
    endloop
  endfacet
  facet normal -0.923841357 -0.188660309 -0.333053112
    outer loop
      vertex 0.0291710086 0.0134438844 0.0224303249
      vertex 0.0286701545 0.0128970807 0.0241293628
      vertex 0.0286701694 0.014065519 0.0234674513
    endloop
  endfacet
  facet normal -0.923836529 0.188683912 0.333053231
    outer loop
      vertex 0.0286701694 0.014065519 0.0234674513
      vertex 0.0286701545 0.0128970807 0.0241293628
      vertex 0.0291710086 0.0134670651 0.0251957402
    endloop
  endfacet
  facet normal -0.923836648 0.188683257 0.333053023
    outer loop
      vertex 0.0286701694 0.014065519 0.0234674513
      vertex 0.0291710086 0.0134670651 0.0251957402
      vertex 0.0291710235 0.0146871423 0.0245045759
    endloop
  endfacet
  facet normal -0.382578939 0.455402911 0.80389148
    outer loop
      vertex 0.0291710235 0.0146871423 0.0245045759
      vertex 0.0291710086 0.0134670651 0.0251957402
      vertex 0.0303801652 0.0137031479 0.0256374478
    endloop
  endfacet
  facet normal -0.382579356 0.455402553 0.80389154
    outer loop
      vertex 0.0291710235 0.0146871423 0.0245045759
      vertex 0.0303801652 0.0137031479 0.0256374478
      vertex 0.0303801801 0.0149446148 0.024934167
    endloop
  endfacet
  facet normal 0.382590085 0.415400565 0.825267911
    outer loop
      vertex 0.0303801652 0.0137031479 0.0256374478
      vertex 0.0303801503 0.0124286683 0.026278967
      vertex 0.0315892994 0.0122145144 0.0258262064
    endloop
  endfacet
  facet normal 0.382589847 0.415400445 0.825268209
    outer loop
      vertex 0.0303801652 0.0137031479 0.0256374478
      vertex 0.0315892994 0.0122145144 0.0258262064
      vertex 0.0315893143 0.0134670362 0.0251957402
    endloop
  endfacet
  facet normal 0.923840463 0.172092363 0.34191075
    outer loop
      vertex 0.0315893143 0.0134670362 0.0251957402
      vertex 0.0315892994 0.0122145144 0.0258262064
      vertex 0.0320901424 0.011697528 0.0247331448
    endloop
  endfacet
  facet normal 0.923841178 0.172093183 0.341908395
    outer loop
      vertex 0.0315893143 0.0134670362 0.0251957402
      vertex 0.0320901424 0.011697528 0.0247331448
      vertex 0.0320901535 0.0128970398 0.0241293628
    endloop
  endfacet
  facet normal 0.92383635 -0.172112092 -0.341911793
    outer loop
      vertex 0.0320901535 0.0128970398 0.0241293628
      vertex 0.0320901424 0.011697528 0.0247331448
      vertex 0.0315892883 0.0111805554 0.023640085
    endloop
  endfacet
  facet normal 0.923836708 -0.17211245 -0.341910869
    outer loop
      vertex 0.0320901535 0.0128970398 0.0241293628
      vertex 0.0315892883 0.0111805554 0.023640085
      vertex 0.0315892994 0.0123270554 0.0230629854
    endloop
  endfacet
  facet normal 0.382579803 -0.415408999 -0.825268447
    outer loop
      vertex 0.0315892994 0.0123270554 0.0230629854
      vertex 0.0315892883 0.0111805554 0.023640085
      vertex 0.0303801317 0.0109664295 0.0231873244
    endloop
  endfacet
  facet normal 0.382580191 -0.415409267 -0.825268209
    outer loop
      vertex 0.0315892994 0.0123270554 0.0230629854
      vertex 0.0303801317 0.0109664295 0.0231873244
      vertex 0.0303801447 0.0120909717 0.0226212777
    endloop
  endfacet
  facet normal -0.382590353 -0.415400267 -0.825267911
    outer loop
      vertex 0.0303801447 0.0120909717 0.0226212777
      vertex 0.0303801317 0.0109664295 0.0231873244
      vertex 0.0291709825 0.0111805843 0.023640085
    endloop
  endfacet
  facet normal -0.382590145 -0.415400654 -0.825267911
    outer loop
      vertex 0.0303801447 0.0120909717 0.0226212777
      vertex 0.0291709825 0.0111805843 0.023640085
      vertex 0.0291709956 0.0123270843 0.0230629854
    endloop
  endfacet
  facet normal -0.923840702 -0.172092587 -0.341910094
    outer loop
      vertex 0.0291709956 0.0123270843 0.0230629854
      vertex 0.0291709825 0.0111805843 0.023640085
      vertex 0.0286701415 0.0116975689 0.0247331448
    endloop
  endfacet
  facet normal -0.923840761 -0.172092587 -0.341910064
    outer loop
      vertex 0.0291709956 0.0123270843 0.0230629854
      vertex 0.0286701415 0.0116975689 0.0247331448
      vertex 0.0286701545 0.0128970807 0.0241293628
    endloop
  endfacet
  facet normal -0.923837185 0.172112405 0.341909528
    outer loop
      vertex 0.0286701545 0.0128970807 0.0241293628
      vertex 0.0286701415 0.0116975689 0.0247331448
      vertex 0.0291709937 0.0122145433 0.0258262064
    endloop
  endfacet
  facet normal -0.923836708 0.172114 0.341910034
    outer loop
      vertex 0.0286701545 0.0128970807 0.0241293628
      vertex 0.0291709937 0.0122145433 0.0258262064
      vertex 0.0291710086 0.0134670651 0.0251957402
    endloop
  endfacet
  facet normal -0.382579535 0.415409595 0.825268328
    outer loop
      vertex 0.0291710086 0.0134670651 0.0251957402
      vertex 0.0291709937 0.0122145433 0.0258262064
      vertex 0.0303801503 0.0124286683 0.026278967
    endloop
  endfacet
  facet normal -0.382579416 0.415409684 0.825268328
    outer loop
      vertex 0.0291710086 0.0134670651 0.0251957402
      vertex 0.0303801503 0.0124286683 0.026278967
      vertex 0.0303801652 0.0137031479 0.0256374478
    endloop
  endfacet
  facet normal 0.382588863 0.374406457 0.844657004
    outer loop
      vertex 0.0303801503 0.0124286683 0.026278967
      vertex 0.0303801335 0.0111242589 0.0268571731
      vertex 0.0315892845 0.0109325787 0.026394451
    endloop
  endfacet
  facet normal 0.382589638 0.374407053 0.844656408
    outer loop
      vertex 0.0303801503 0.0124286683 0.026278967
      vertex 0.0315892845 0.0109325787 0.026394451
      vertex 0.0315892994 0.0122145144 0.0258262064
    endloop
  endfacet
  facet normal 0.923840463 0.15510872 0.349942923
    outer loop
      vertex 0.0315892994 0.0122145144 0.0258262064
      vertex 0.0315892845 0.0109325787 0.026394451
      vertex 0.0320901275 0.0104698483 0.0252773389
    endloop
  endfacet
  facet normal 0.923840225 0.155108422 0.349943578
    outer loop
      vertex 0.0315892994 0.0122145144 0.0258262064
      vertex 0.0320901275 0.0104698483 0.0252773389
      vertex 0.0320901424 0.011697528 0.0247331448
    endloop
  endfacet
  facet normal 0.92383647 -0.155130893 -0.349943668
    outer loop
      vertex 0.0320901424 0.011697528 0.0247331448
      vertex 0.0320901275 0.0104698483 0.0252773389
      vertex 0.0315892734 0.0100071318 0.0241602287
    endloop
  endfacet
  facet normal 0.923836648 -0.155131117 -0.34994325
    outer loop
      vertex 0.0320901424 0.011697528 0.0247331448
      vertex 0.0315892734 0.0100071318 0.0241602287
      vertex 0.0315892883 0.0111805554 0.023640085
    endloop
  endfacet
  facet normal 0.382579088 -0.374416202 -0.844657183
    outer loop
      vertex 0.0315892883 0.0111805554 0.023640085
      vertex 0.0315892734 0.0100071318 0.0241602287
      vertex 0.0303801186 0.00981548056 0.0236975085
    endloop
  endfacet
  facet normal 0.38258028 -0.374417245 -0.844656169
    outer loop
      vertex 0.0315892883 0.0111805554 0.023640085
      vertex 0.0303801186 0.00981548056 0.0236975085
      vertex 0.0303801317 0.0109664295 0.0231873244
    endloop
  endfacet
  facet normal -0.382588863 -0.374408603 -0.844656169
    outer loop
      vertex 0.0303801317 0.0109664295 0.0231873244
      vertex 0.0303801186 0.00981548056 0.0236975085
      vertex 0.0291709676 0.0100071607 0.0241602305
    endloop
  endfacet
  facet normal -0.382589817 -0.374407351 -0.844656169
    outer loop
      vertex 0.0303801317 0.0109664295 0.0231873244
      vertex 0.0291709676 0.0100071607 0.0241602305
      vertex 0.0291709825 0.0111805843 0.023640085
    endloop
  endfacet
  facet normal -0.923840761 -0.15510796 -0.349942654
    outer loop
      vertex 0.0291709825 0.0111805843 0.023640085
      vertex 0.0291709676 0.0100071607 0.0241602305
      vertex 0.0286701266 0.0104698893 0.0252773408
    endloop
  endfacet
  facet normal -0.923840463 -0.155108646 -0.349942863
    outer loop
      vertex 0.0291709825 0.0111805843 0.023640085
      vertex 0.0286701266 0.0104698893 0.0252773408
      vertex 0.0286701415 0.0116975689 0.0247331448
    endloop
  endfacet
  facet normal -0.923837185 0.15513058 0.34994176
    outer loop
      vertex 0.0286701415 0.0116975689 0.0247331448
      vertex 0.0286701266 0.0104698893 0.0252773408
      vertex 0.0291709788 0.0109326076 0.0263944529
    endloop
  endfacet
  facet normal -0.923837364 0.155130118 0.349941581
    outer loop
      vertex 0.0286701415 0.0116975689 0.0247331448
      vertex 0.0291709788 0.0109326076 0.0263944529
      vertex 0.0291709937 0.0122145433 0.0258262064
    endloop
  endfacet
  facet normal -0.382579029 0.374417305 0.844656765
    outer loop
      vertex 0.0291709937 0.0122145433 0.0258262064
      vertex 0.0291709788 0.0109326076 0.0263944529
      vertex 0.0303801335 0.0111242589 0.0268571731
    endloop
  endfacet
  facet normal -0.382580072 0.374416173 0.844656765
    outer loop
      vertex 0.0291709937 0.0122145433 0.0258262064
      vertex 0.0303801335 0.0111242589 0.0268571731
      vertex 0.0303801503 0.0124286683 0.026278967
    endloop
  endfacet
  facet normal 0.382588863 0.332511842 0.8620103
    outer loop
      vertex 0.0303801335 0.0111242589 0.0268571731
      vertex 0.0303801186 0.00979303569 0.0273706857
      vertex 0.0315892696 0.00962429028 0.0268991161
    endloop
  endfacet
  facet normal 0.382588387 0.332511485 0.862010539
    outer loop
      vertex 0.0303801335 0.0111242589 0.0268571731
      vertex 0.0315892696 0.00962429028 0.0268991161
      vertex 0.0315892845 0.0109325787 0.026394451
    endloop
  endfacet
  facet normal 0.923840463 0.137751341 0.357132375
    outer loop
      vertex 0.0315892845 0.0109325787 0.026394451
      vertex 0.0315892696 0.00962429028 0.0268991161
      vertex 0.0320901126 0.00921693258 0.025760645
    endloop
  endfacet
  facet normal 0.923840225 0.137751192 0.357132643
    outer loop
      vertex 0.0315892845 0.0109325787 0.026394451
      vertex 0.0320901126 0.00921693258 0.025760645
      vertex 0.0320901275 0.0104698483 0.0252773389
    endloop
  endfacet
  facet normal 0.923836708 -0.137773484 -0.357133448
    outer loop
      vertex 0.0320901275 0.0104698483 0.0252773389
      vertex 0.0320901126 0.00921693258 0.025760645
      vertex 0.0315892585 0.00880958792 0.024622174
    endloop
  endfacet
  facet normal 0.923836708 -0.137773529 -0.357133359
    outer loop
      vertex 0.0320901275 0.0104698483 0.0252773389
      vertex 0.0315892585 0.00880958792 0.024622174
      vertex 0.0315892734 0.0100071318 0.0241602287
    endloop
  endfacet
  facet normal 0.382580996 -0.332520157 -0.862010598
    outer loop
      vertex 0.0315892734 0.0100071318 0.0241602287
      vertex 0.0315892585 0.00880958792 0.024622174
      vertex 0.0303801037 0.00864087138 0.0241506044
    endloop
  endfacet
  facet normal 0.382579535 -0.332518816 -0.862011731
    outer loop
      vertex 0.0315892734 0.0100071318 0.0241602287
      vertex 0.0303801037 0.00864087138 0.0241506044
      vertex 0.0303801186 0.00981548056 0.0236975085
    endloop
  endfacet
  facet normal -0.382588834 -0.332508981 -0.862011373
    outer loop
      vertex 0.0303801186 0.00981548056 0.0236975085
      vertex 0.0303801037 0.00864087138 0.0241506044
      vertex 0.0291709527 0.00880961679 0.024622174
    endloop
  endfacet
  facet normal -0.382588357 -0.332509488 -0.862011373
    outer loop
      vertex 0.0303801186 0.00981548056 0.0236975085
      vertex 0.0291709527 0.00880961679 0.024622174
      vertex 0.0291709676 0.0100071607 0.0241602305
    endloop
  endfacet
  facet normal -0.92384088 -0.137749419 -0.357131898
    outer loop
      vertex 0.0291709676 0.0100071607 0.0241602305
      vertex 0.0291709527 0.00880961679 0.024622174
      vertex 0.0286701117 0.00921697356 0.025760645
    endloop
  endfacet
  facet normal -0.923840582 -0.137750521 -0.357132345
    outer loop
      vertex 0.0291709676 0.0100071607 0.0241602305
      vertex 0.0286701117 0.00921697356 0.025760645
      vertex 0.0286701266 0.0104698893 0.0252773408
    endloop
  endfacet
  facet normal -0.923837185 0.137772515 0.357132375
    outer loop
      vertex 0.0286701266 0.0104698893 0.0252773408
      vertex 0.0286701117 0.00921697356 0.025760645
      vertex 0.0291709639 0.00962431915 0.0268991161
    endloop
  endfacet
  facet normal -0.923837423 0.137771741 0.357132018
    outer loop
      vertex 0.0286701266 0.0104698893 0.0252773408
      vertex 0.0291709639 0.00962431915 0.0268991161
      vertex 0.0291709788 0.0109326076 0.0263944529
    endloop
  endfacet
  facet normal -0.382580996 0.332519114 0.862010896
    outer loop
      vertex 0.0291709788 0.0109326076 0.0263944529
      vertex 0.0291709639 0.00962431915 0.0268991161
      vertex 0.0303801186 0.00979303569 0.0273706857
    endloop
  endfacet
  facet normal -0.382579595 0.332520634 0.862010956
    outer loop
      vertex 0.0291709788 0.0109326076 0.0263944529
      vertex 0.0303801186 0.00979303569 0.0273706857
      vertex 0.0303801335 0.0111242589 0.0268571731
    endloop
  endfacet
  facet normal 0.382588923 0.289811343 0.87728852
    outer loop
      vertex 0.0303801186 0.00979303569 0.0273706857
      vertex 0.0303801019 0.00843821932 0.0278182551
      vertex 0.031589251 0.00829281658 0.0273389742
    endloop
  endfacet
  facet normal 0.382588297 0.289810836 0.877288938
    outer loop
      vertex 0.0303801186 0.00979303569 0.0273706857
      vertex 0.031589251 0.00829281658 0.0273389742
      vertex 0.0315892696 0.00962429028 0.0268991161
    endloop
  endfacet
  facet normal 0.923839331 0.120059296 0.363464981
    outer loop
      vertex 0.0315892696 0.00962429028 0.0268991161
      vertex 0.031589251 0.00829281658 0.0273389742
      vertex 0.0320900977 0.00794181135 0.0261818878
    endloop
  endfacet
  facet normal 0.923840165 0.120060764 0.36346215
    outer loop
      vertex 0.0315892696 0.00962429028 0.0268991161
      vertex 0.0320900977 0.00794181135 0.0261818878
      vertex 0.0320901126 0.00921693258 0.025760645
    endloop
  endfacet
  facet normal 0.923836589 -0.12008296 -0.363463968
    outer loop
      vertex 0.0320901126 0.00921693258 0.025760645
      vertex 0.0320900977 0.00794181135 0.0261818878
      vertex 0.0315892436 0.00759081915 0.0250248015
    endloop
  endfacet
  facet normal 0.923836946 -0.120083466 -0.363463044
    outer loop
      vertex 0.0320901126 0.00921693258 0.025760645
      vertex 0.0315892436 0.00759081915 0.0250248015
      vertex 0.0315892585 0.00880958792 0.024622174
    endloop
  endfacet
  facet normal 0.3825818 -0.289822012 -0.877288043
    outer loop
      vertex 0.0315892585 0.00880958792 0.024622174
      vertex 0.0315892436 0.00759081915 0.0250248015
      vertex 0.0303800907 0.00744544575 0.0245455205
    endloop
  endfacet
  facet normal 0.382581502 -0.289821714 -0.877288282
    outer loop
      vertex 0.0315892585 0.00880958792 0.024622174
      vertex 0.0303800907 0.00744544575 0.0245455205
      vertex 0.0303801037 0.00864087138 0.0241506044
    endloop
  endfacet
  facet normal -0.382588238 -0.28981328 -0.877288163
    outer loop
      vertex 0.0303801037 0.00864087138 0.0241506044
      vertex 0.0303800907 0.00744544575 0.0245455205
      vertex 0.0291709397 0.00759084802 0.0250248015
    endloop
  endfacet
  facet normal -0.382588357 -0.28981331 -0.877288163
    outer loop
      vertex 0.0303801037 0.00864087138 0.0241506044
      vertex 0.0291709397 0.00759084802 0.0250248015
      vertex 0.0291709527 0.00880961679 0.024622174
    endloop
  endfacet
  facet normal -0.923840165 -0.12006183 -0.363461614
    outer loop
      vertex 0.0291709527 0.00880961679 0.024622174
      vertex 0.0291709397 0.00759084802 0.0250248015
      vertex 0.0286700968 0.00794185326 0.0261818878
    endloop
  endfacet
  facet normal -0.923840642 -0.120060496 -0.363461077
    outer loop
      vertex 0.0291709527 0.00880961679 0.024622174
      vertex 0.0286700968 0.00794185326 0.0261818878
      vertex 0.0286701117 0.00921697356 0.025760645
    endloop
  endfacet
  facet normal -0.923837602 0.120082282 0.363461584
    outer loop
      vertex 0.0286701117 0.00921697356 0.025760645
      vertex 0.0286700968 0.00794185326 0.0261818878
      vertex 0.0291709471 0.00829284545 0.0273389742
    endloop
  endfacet
  facet normal -0.923837483 0.120082803 0.363461882
    outer loop
      vertex 0.0286701117 0.00921697356 0.025760645
      vertex 0.0291709471 0.00829284545 0.0273389742
      vertex 0.0291709639 0.00962431915 0.0268991161
    endloop
  endfacet
  facet normal -0.382581413 0.28982088 0.87728864
    outer loop
      vertex 0.0291709639 0.00962431915 0.0268991161
      vertex 0.0291709471 0.00829284545 0.0273389742
      vertex 0.0303801019 0.00843821932 0.0278182551
    endloop
  endfacet
  facet normal -0.382581472 0.28982079 0.87728858
    outer loop
      vertex 0.0291709639 0.00962431915 0.0268991161
      vertex 0.0303801019 0.00843821932 0.0278182551
      vertex 0.0303801186 0.00979303569 0.0273706857
    endloop
  endfacet
  facet normal 0.38258782 0.246417269 0.890452206
    outer loop
      vertex 0.0303801019 0.00843821932 0.0278182551
      vertex 0.0303800851 0.00706307311 0.0281988103
      vertex 0.0315892361 0.00694136322 0.0277129728
    endloop
  endfacet
  facet normal 0.382588357 0.246417761 0.890451789
    outer loop
      vertex 0.0303801019 0.00843821932 0.0278182551
      vertex 0.0315892361 0.00694136322 0.0277129728
      vertex 0.031589251 0.00829281658 0.0273389742
    endloop
  endfacet
  facet normal 0.923840404 0.102082603 0.368914783
    outer loop
      vertex 0.031589251 0.00829281658 0.0273389742
      vertex 0.0315892361 0.00694136322 0.0277129728
      vertex 0.032090079 0.00664755702 0.0265400559
    endloop
  endfacet
  facet normal 0.923838973 0.102080204 0.368918836
    outer loop
      vertex 0.031589251 0.00829281658 0.0273389742
      vertex 0.032090079 0.00664755702 0.0265400559
      vertex 0.0320900977 0.00794181135 0.0261818878
    endloop
  endfacet
  facet normal 0.923837602 -0.102105819 -0.368915379
    outer loop
      vertex 0.0320900977 0.00794181135 0.0261818878
      vertex 0.032090079 0.00664755702 0.0265400559
      vertex 0.0315892287 0.00635376293 0.0253671408
    endloop
  endfacet
  facet normal 0.923836827 -0.102104314 -0.368917704
    outer loop
      vertex 0.0320900977 0.00794181135 0.0261818878
      vertex 0.0315892287 0.00635376293 0.0253671408
      vertex 0.0315892436 0.00759081915 0.0250248015
    endloop
  endfacet
  facet normal 0.382582217 -0.246425733 -0.890452325
    outer loop
      vertex 0.0315892436 0.00759081915 0.0250248015
      vertex 0.0315892287 0.00635376293 0.0253671408
      vertex 0.0303800758 0.00623208191 0.0248813033
    endloop
  endfacet
  facet normal 0.382582307 -0.246425807 -0.890452147
    outer loop
      vertex 0.0315892436 0.00759081915 0.0250248015
      vertex 0.0303800758 0.00623208191 0.0248813033
      vertex 0.0303800907 0.00744544575 0.0245455205
    endloop
  endfacet
  facet normal -0.38258782 -0.246416479 -0.890452385
    outer loop
      vertex 0.0303800907 0.00744544575 0.0245455205
      vertex 0.0303800758 0.00623208191 0.0248813033
      vertex 0.0291709248 0.0063537918 0.0253671408
    endloop
  endfacet
  facet normal -0.38258779 -0.246416539 -0.890452445
    outer loop
      vertex 0.0303800907 0.00744544575 0.0245455205
      vertex 0.0291709248 0.0063537918 0.0253671408
      vertex 0.0291709397 0.00759084802 0.0250248015
    endloop
  endfacet
  facet normal -0.923839688 -0.102081798 -0.36891678
    outer loop
      vertex 0.0291709397 0.00759084802 0.0250248015
      vertex 0.0291709248 0.0063537918 0.0253671408
      vertex 0.02867008 0.006647598 0.0265400559
    endloop
  endfacet
  facet normal -0.923839986 -0.102080695 -0.368916184
    outer loop
      vertex 0.0291709397 0.00759084802 0.0250248015
      vertex 0.02867008 0.006647598 0.0265400559
      vertex 0.0286700968 0.00794185326 0.0261818878
    endloop
  endfacet
  facet normal -0.923837781 0.102104358 0.368915141
    outer loop
      vertex 0.0286700968 0.00794185326 0.0261818878
      vertex 0.02867008 0.006647598 0.0265400559
      vertex 0.0291709304 0.00694139209 0.0277129728
    endloop
  endfacet
  facet normal -0.923837841 0.102104336 0.368915141
    outer loop
      vertex 0.0286700968 0.00794185326 0.0261818878
      vertex 0.0291709304 0.00694139209 0.0277129728
      vertex 0.0291709471 0.00829284545 0.0273389742
    endloop
  endfacet
  facet normal -0.382581741 0.246426806 0.890452206
    outer loop
      vertex 0.0291709471 0.00829284545 0.0273389742
      vertex 0.0291709304 0.00694139209 0.0277129728
      vertex 0.0303800851 0.00706307311 0.0281988103
    endloop
  endfacet
  facet normal -0.382581919 0.246426567 0.890452147
    outer loop
      vertex 0.0291709471 0.00829284545 0.0273389742
      vertex 0.0303800851 0.00706307311 0.0281988103
      vertex 0.0303801019 0.00843821932 0.0278182551
    endloop
  endfacet
  facet normal 0.382587373 0.202427283 0.901471078
    outer loop
      vertex 0.0303800851 0.00706307311 0.0281988103
      vertex 0.0303800683 0.00567092467 0.0285114273
      vertex 0.0315892212 0.0055731996 0.0280202031
    endloop
  endfacet
  facet normal 0.382587284 0.202427179 0.901471078
    outer loop
      vertex 0.0303800851 0.00706307311 0.0281988103
      vertex 0.0315892212 0.0055731996 0.0280202031
      vertex 0.0315892361 0.00694136322 0.0277129728
    endloop
  endfacet
  facet normal 0.923840165 0.0838573873 0.373480052
    outer loop
      vertex 0.0315892361 0.00694136322 0.0277129728
      vertex 0.0315892212 0.0055731996 0.0280202031
      vertex 0.0320900641 0.00533729931 0.0268342849
    endloop
  endfacet
  facet normal 0.923840165 0.0838574395 0.373479992
    outer loop
      vertex 0.0315892361 0.00694136322 0.0277129728
      vertex 0.0320900641 0.00533729931 0.0268342849
      vertex 0.032090079 0.00664755702 0.0265400559
    endloop
  endfacet
  facet normal 0.923837841 -0.0838786811 -0.373480976
    outer loop
      vertex 0.032090079 0.00664755702 0.0265400559
      vertex 0.0320900641 0.00533729931 0.0268342849
      vertex 0.0315892138 0.00510141114 0.0256483648
    endloop
  endfacet
  facet normal 0.9238379 -0.0838786736 -0.373480976
    outer loop
      vertex 0.032090079 0.00664755702 0.0265400559
      vertex 0.0315892138 0.00510141114 0.0256483648
      vertex 0.0315892287 0.00635376293 0.0253671408
    endloop
  endfacet
  facet normal 0.382581949 -0.202436015 -0.901471436
    outer loop
      vertex 0.0315892287 0.00635376293 0.0253671408
      vertex 0.0315892138 0.00510141114 0.0256483648
      vertex 0.0303800609 0.0050037154 0.0251571424
    endloop
  endfacet
  facet normal 0.382582754 -0.202436849 -0.9014709
    outer loop
      vertex 0.0315892287 0.00635376293 0.0253671408
      vertex 0.0303800609 0.0050037154 0.0251571424
      vertex 0.0303800758 0.00623208191 0.0248813033
    endloop
  endfacet
  facet normal -0.382586658 -0.20242767 -0.901471317
    outer loop
      vertex 0.0303800758 0.00623208191 0.0248813033
      vertex 0.0303800609 0.0050037154 0.0251571424
      vertex 0.0291709099 0.00510144001 0.0256483648
    endloop
  endfacet
  facet normal -0.382587314 -0.202426866 -0.901471198
    outer loop
      vertex 0.0303800758 0.00623208191 0.0248813033
      vertex 0.0291709099 0.00510144001 0.0256483648
      vertex 0.0291709248 0.0063537918 0.0253671408
    endloop
  endfacet
  facet normal -0.923839808 -0.083856672 -0.373480946
    outer loop
      vertex 0.0291709248 0.0063537918 0.0253671408
      vertex 0.0291709099 0.00510144001 0.0256483648
      vertex 0.0286700651 0.00533734029 0.0268342849
    endloop
  endfacet
  facet normal -0.92383939 -0.0838578194 -0.373481572
    outer loop
      vertex 0.0291709248 0.0063537918 0.0253671408
      vertex 0.0286700651 0.00533734029 0.0268342849
      vertex 0.02867008 0.006647598 0.0265400559
    endloop
  endfacet
  facet normal -0.923837602 0.0838787779 0.373481363
    outer loop
      vertex 0.02867008 0.006647598 0.0265400559
      vertex 0.0286700651 0.00533734029 0.0268342849
      vertex 0.0291709155 0.00557322893 0.0280202031
    endloop
  endfacet
  facet normal -0.923838019 0.0838776827 0.373480707
    outer loop
      vertex 0.02867008 0.006647598 0.0265400559
      vertex 0.0291709155 0.00557322893 0.0280202031
      vertex 0.0291709304 0.00694139209 0.0277129728
    endloop
  endfacet
  facet normal -0.382583141 0.202435583 0.901471019
    outer loop
      vertex 0.0291709304 0.00694139209 0.0277129728
      vertex 0.0291709155 0.00557322893 0.0280202031
      vertex 0.0303800683 0.00567092467 0.0285114273
    endloop
  endfacet
  facet normal -0.382582247 0.202436477 0.901471138
    outer loop
      vertex 0.0291709304 0.00694139209 0.0277129728
      vertex 0.0303800683 0.00567092467 0.0285114273
      vertex 0.0303800851 0.00706307311 0.0281988103
    endloop
  endfacet
  facet normal 0.382587105 0.157950759 0.910317898
    outer loop
      vertex 0.0303800683 0.00567092467 0.0285114273
      vertex 0.0303800516 0.0042651007 0.0287553612
      vertex 0.0315892026 0.00419159606 0.0282599349
    endloop
  endfacet
  facet normal 0.382586867 0.157950521 0.910318017
    outer loop
      vertex 0.0303800683 0.00567092467 0.0285114273
      vertex 0.0315892026 0.00419159606 0.0282599349
      vertex 0.0315892212 0.0055731996 0.0280202031
    endloop
  endfacet
  facet normal 0.923839271 0.0654290244 0.377147317
    outer loop
      vertex 0.0315892212 0.0055731996 0.0280202031
      vertex 0.0315892026 0.00419159606 0.0282599349
      vertex 0.0320900492 0.00401417073 0.0270638689
    endloop
  endfacet
  facet normal 0.923839927 0.065430373 0.377145439
    outer loop
      vertex 0.0315892212 0.0055731996 0.0280202031
      vertex 0.0320900492 0.00401417073 0.0270638689
      vertex 0.0320900641 0.00533729931 0.0268342849
    endloop
  endfacet
  facet normal 0.923837781 -0.0654514432 -0.37714687
    outer loop
      vertex 0.0320900641 0.00533729931 0.0268342849
      vertex 0.0320900492 0.00401417073 0.0270638689
      vertex 0.0315891989 0.00383675704 0.025867803
    endloop
  endfacet
  facet normal 0.923838079 -0.0654519573 -0.377146274
    outer loop
      vertex 0.0320900641 0.00533729931 0.0268342849
      vertex 0.0315891989 0.00383675704 0.025867803
      vertex 0.0315892138 0.00510141114 0.0256483648
    endloop
  endfacet
  facet normal 0.382582009 -0.157959685 -0.910318375
    outer loop
      vertex 0.0315892138 0.00510141114 0.0256483648
      vertex 0.0315891989 0.00383675704 0.025867803
      vertex 0.030380046 0.00376328197 0.0253723785
    endloop
  endfacet
  facet normal 0.382582456 -0.157960132 -0.910318136
    outer loop
      vertex 0.0315892138 0.00510141114 0.0256483648
      vertex 0.030380046 0.00376328197 0.0253723785
      vertex 0.0303800609 0.0050037154 0.0251571424
    endloop
  endfacet
  facet normal -0.382585317 -0.157950997 -0.910318613
    outer loop
      vertex 0.0303800609 0.0050037154 0.0251571424
      vertex 0.030380046 0.00376328197 0.0253723785
      vertex 0.0291708931 0.00383678591 0.025867803
    endloop
  endfacet
  facet normal -0.382586122 -0.157950088 -0.910318434
    outer loop
      vertex 0.0303800609 0.0050037154 0.0251571424
      vertex 0.0291708931 0.00383678591 0.025867803
      vertex 0.0291709099 0.00510144001 0.0256483648
    endloop
  endfacet
  facet normal -0.923839808 -0.065428786 -0.377146095
    outer loop
      vertex 0.0291709099 0.00510144001 0.0256483648
      vertex 0.0291708931 0.00383678591 0.025867803
      vertex 0.0286700483 0.00401421171 0.0270638689
    endloop
  endfacet
  facet normal -0.923839629 -0.0654292554 -0.377146393
    outer loop
      vertex 0.0291709099 0.00510144001 0.0256483648
      vertex 0.0286700483 0.00401421171 0.0270638689
      vertex 0.0286700651 0.00533734029 0.0268342849
    endloop
  endfacet
  facet normal -0.923837841 0.0654527098 0.377146691
    outer loop
      vertex 0.0286700651 0.00533734029 0.0268342849
      vertex 0.0286700483 0.00401421171 0.0270638689
      vertex 0.0291708987 0.0041916254 0.0282599349
    endloop
  endfacet
  facet normal -0.9238379 0.0654525757 0.377146631
    outer loop
      vertex 0.0286700651 0.00533734029 0.0268342849
      vertex 0.0291708987 0.0041916254 0.0282599349
      vertex 0.0291709155 0.00557322893 0.0280202031
    endloop
  endfacet
  facet normal -0.382583261 0.157960281 0.910317779
    outer loop
      vertex 0.0291709155 0.00557322893 0.0280202031
      vertex 0.0291708987 0.0041916254 0.0282599349
      vertex 0.0303800516 0.0042651007 0.0287553612
    endloop
  endfacet
  facet normal -0.382583678 0.157959849 0.910317779
    outer loop
      vertex 0.0291709155 0.00557322893 0.0280202031
      vertex 0.0303800516 0.0042651007 0.0287553612
      vertex 0.0303800683 0.00567092467 0.0285114273
    endloop
  endfacet
  facet normal 0.382586658 0.113092512 0.916972041
    outer loop
      vertex 0.0303800516 0.0042651007 0.0287553612
      vertex 0.0303800348 0.00284899957 0.0289300196
      vertex 0.0315891877 0.0027998935 0.0284315832
    endloop
  endfacet
  facet normal 0.382586539 0.113092422 0.916972041
    outer loop
      vertex 0.0303800516 0.0042651007 0.0287553612
      vertex 0.0315891877 0.0027998935 0.0284315832
      vertex 0.0315892026 0.00419159606 0.0282599349
    endloop
  endfacet
  facet normal 0.923839092 0.0468462408 0.379903466
    outer loop
      vertex 0.0315892026 0.00419159606 0.0282599349
      vertex 0.0315891877 0.0027998935 0.0284315832
      vertex 0.0320900343 0.00268136966 0.027228253
    endloop
  endfacet
  facet normal 0.923839033 0.0468459651 0.379903823
    outer loop
      vertex 0.0315892026 0.00419159606 0.0282599349
      vertex 0.0320900343 0.00268136966 0.027228253
      vertex 0.0320900492 0.00401417073 0.0270638689
    endloop
  endfacet
  facet normal 0.923837781 -0.0468666703 -0.37990424
    outer loop
      vertex 0.0320900492 0.00401417073 0.0270638689
      vertex 0.0320900343 0.00268136966 0.027228253
      vertex 0.031589184 0.00256285816 0.0260249227
    endloop
  endfacet
  facet normal 0.923838019 -0.0468672439 -0.379903615
    outer loop
      vertex 0.0320900492 0.00401417073 0.0270638689
      vertex 0.031589184 0.00256285816 0.0260249227
      vertex 0.0315891989 0.00383675704 0.025867803
    endloop
  endfacet
  facet normal 0.382582992 -0.113101691 -0.91697228
    outer loop
      vertex 0.0315891989 0.00383675704 0.025867803
      vertex 0.031589184 0.00256285816 0.0260249227
      vertex 0.0303800311 0.00251378119 0.0255264882
    endloop
  endfacet
  facet normal 0.382582545 -0.113101184 -0.916972578
    outer loop
      vertex 0.0315891989 0.00383675704 0.025867803
      vertex 0.0303800311 0.00251378119 0.0255264882
      vertex 0.030380046 0.00376328197 0.0253723785
    endloop
  endfacet
  facet normal -0.382585377 -0.113092065 -0.916972518
    outer loop
      vertex 0.030380046 0.00376328197 0.0253723785
      vertex 0.0303800311 0.00251378119 0.0255264882
      vertex 0.0291708782 0.00256288704 0.0260249227
    endloop
  endfacet
  facet normal -0.38258481 -0.113092817 -0.916972697
    outer loop
      vertex 0.030380046 0.00376328197 0.0253723785
      vertex 0.0291708782 0.00256288704 0.0260249227
      vertex 0.0291708931 0.00383678591 0.025867803
    endloop
  endfacet
  facet normal -0.923839629 -0.0468454547 -0.379902303
    outer loop
      vertex 0.0291708931 0.00383678591 0.025867803
      vertex 0.0291708782 0.00256288704 0.0260249227
      vertex 0.0286700334 0.00268141087 0.027228253
    endloop
  endfacet
  facet normal -0.923839569 -0.0468458347 -0.379902601
    outer loop
      vertex 0.0291708931 0.00383678591 0.025867803
      vertex 0.0286700334 0.00268141087 0.027228253
      vertex 0.0286700483 0.00401421171 0.0270638689
    endloop
  endfacet
  facet normal -0.923838317 0.0468665324 0.379903048
    outer loop
      vertex 0.0286700483 0.00401421171 0.0270638689
      vertex 0.0286700334 0.00268141087 0.027228253
      vertex 0.029170882 0.00279992237 0.0284315832
    endloop
  endfacet
  facet normal -0.92383796 0.0468672477 0.379903585
    outer loop
      vertex 0.0286700483 0.00401421171 0.0270638689
      vertex 0.029170882 0.00279992237 0.0284315832
      vertex 0.0291708987 0.0041916254 0.0282599349
    endloop
  endfacet
  facet normal -0.382584274 0.11310108 0.916971922
    outer loop
      vertex 0.0291708987 0.0041916254 0.0282599349
      vertex 0.029170882 0.00279992237 0.0284315832
      vertex 0.0303800348 0.00284899957 0.0289300196
    endloop
  endfacet
  facet normal -0.382583767 0.113101579 0.916971982
    outer loop
      vertex 0.0291708987 0.0041916254 0.0282599349
      vertex 0.0303800348 0.00284899957 0.0289300196
      vertex 0.0303800516 0.0042651007 0.0287553612
    endloop
  endfacet
  facet normal 0.382585615 0.0679636821 0.921416938
    outer loop
      vertex 0.0303800348 0.00284899957 0.0289300196
      vertex 0.0303800181 0.00142604846 0.0290349834
      vertex 0.0315891691 0.0014014584 0.0285347402
    endloop
  endfacet
  facet normal 0.382586092 0.0679641664 0.9214167
    outer loop
      vertex 0.0303800348 0.00284899957 0.0289300196
      vertex 0.0315891691 0.0014014584 0.0285347402
      vertex 0.0315891877 0.0027998935 0.0284315832
    endloop
  endfacet
  facet normal 0.923839211 0.0281474851 0.381744653
    outer loop
      vertex 0.0315891877 0.0027998935 0.0284315832
      vertex 0.0315891691 0.0014014584 0.0285347402
      vertex 0.0320900157 0.00134212174 0.0273270439
    endloop
  endfacet
  facet normal 0.923838854 0.0281469449 0.381745189
    outer loop
      vertex 0.0315891877 0.0027998935 0.0284315832
      vertex 0.0320900157 0.00134212174 0.0273270439
      vertex 0.0320900343 0.00268136966 0.027228253
    endloop
  endfacet
  facet normal 0.923838854 -0.0281725451 -0.38174358
    outer loop
      vertex 0.0320900343 0.00268136966 0.027228253
      vertex 0.0320900157 0.00134212174 0.0273270439
      vertex 0.0315891691 0.00128279696 0.0261193477
    endloop
  endfacet
  facet normal 0.923838019 -0.0281706005 -0.381745636
    outer loop
      vertex 0.0320900343 0.00268136966 0.027228253
      vertex 0.0315891691 0.00128279696 0.0261193477
      vertex 0.031589184 0.00256285816 0.0260249227
    endloop
  endfacet
  facet normal 0.38258484 -0.0679736212 -0.921416581
    outer loop
      vertex 0.031589184 0.00256285816 0.0260249227
      vertex 0.0315891691 0.00128279696 0.0261193477
      vertex 0.0303800162 0.00125823601 0.0256191026
    endloop
  endfacet
  facet normal 0.382583559 -0.0679722577 -0.921417177
    outer loop
      vertex 0.031589184 0.00256285816 0.0260249227
      vertex 0.0303800162 0.00125823601 0.0256191026
      vertex 0.0303800311 0.00251378119 0.0255264882
    endloop
  endfacet
  facet normal -0.38258633 -0.0679631457 -0.921416759
    outer loop
      vertex 0.0303800311 0.00251378119 0.0255264882
      vertex 0.0303800162 0.00125823601 0.0256191026
      vertex 0.0291708633 0.00128282607 0.0261193477
    endloop
  endfacet
  facet normal -0.38258487 -0.0679647475 -0.921417117
    outer loop
      vertex 0.0303800311 0.00251378119 0.0255264882
      vertex 0.0291708633 0.00128282607 0.0261193477
      vertex 0.0291708782 0.00256288704 0.0260249227
    endloop
  endfacet
  facet normal -0.923839152 -0.0281490032 -0.381744564
    outer loop
      vertex 0.0291708782 0.00256288704 0.0260249227
      vertex 0.0291708633 0.00128282607 0.0261193477
      vertex 0.0286700167 0.00134216272 0.0273270439
    endloop
  endfacet
  facet normal -0.92383939 -0.0281481557 -0.381743878
    outer loop
      vertex 0.0291708782 0.00256288704 0.0260249227
      vertex 0.0286700167 0.00134216272 0.0273270439
      vertex 0.0286700334 0.00268141087 0.027228253
    endloop
  endfacet
  facet normal -0.923838317 0.028171353 0.381744832
    outer loop
      vertex 0.0286700334 0.00268141087 0.027228253
      vertex 0.0286700167 0.00134216272 0.0273270439
      vertex 0.0291708652 0.00140148751 0.0285347402
    endloop
  endfacet
  facet normal -0.923838556 0.0281708688 0.381744415
    outer loop
      vertex 0.0286700334 0.00268141087 0.027228253
      vertex 0.0291708652 0.00140148751 0.0285347402
      vertex 0.029170882 0.00279992237 0.0284315832
    endloop
  endfacet
  facet normal -0.382583618 0.067973882 0.921417058
    outer loop
      vertex 0.029170882 0.00279992237 0.0284315832
      vertex 0.0291708652 0.00140148751 0.0285347402
      vertex 0.0303800181 0.00142604846 0.0290349834
    endloop
  endfacet
  facet normal -0.38258478 0.0679726452 0.92141664
    outer loop
      vertex 0.029170882 0.00279992237 0.0284315832
      vertex 0.0303800181 0.00142604846 0.0290349834
      vertex 0.0303800348 0.00284899957 0.0289300196
    endloop
  endfacet
  facet normal 0.38258478 0.0226694401 0.923642278
    outer loop
      vertex 0.0303800181 0.00142604846 0.0290349834
      vertex 0.0303800013 -3.52834093e-07 0.0290699992
      vertex 0.0315891542 -3.67422217e-07 0.0285691526
    endloop
  endfacet
  facet normal 0.382585019 0.0226697177 0.923642039
    outer loop
      vertex 0.0303800181 0.00142604846 0.0290349834
      vertex 0.0315891542 -3.67422217e-07 0.0285691526
      vertex 0.0315891691 0.0014014584 0.0285347402
    endloop
  endfacet
  facet normal 0.923839092 0.0093839597 0.382665932
    outer loop
      vertex 0.0315891691 0.0014014584 0.0285347402
      vertex 0.0315891542 -3.67422217e-07 0.0285691526
      vertex 0.0320900008 -3.73629973e-07 0.0273599997
    endloop
  endfacet
  facet normal 0.923838913 0.00938348845 0.382666469
    outer loop
      vertex 0.0315891691 0.0014014584 0.0285347402
      vertex 0.0320900008 -3.73629973e-07 0.0273599997
      vertex 0.0320900157 0.00134212174 0.0273270439
    endloop
  endfacet
  facet normal 0.923838854 -0.00940399803 -0.382665932
    outer loop
      vertex 0.0320900157 0.00134212174 0.0273270439
      vertex 0.0320900008 -3.73629973e-07 0.0273599997
      vertex 0.0315891542 -3.67821002e-07 0.0261508469
    endloop
  endfacet
  facet normal 0.923839152 -0.00940440223 -0.382665634
    outer loop
      vertex 0.0320900157 0.00134212174 0.0273270439
      vertex 0.0315891542 -3.67821002e-07 0.0261508469
      vertex 0.0315891691 0.00128279696 0.0261193477
    endloop
  endfacet
  facet normal 0.382584244 -0.0226780586 -0.923642278
    outer loop
      vertex 0.0315891691 0.00128279696 0.0261193477
      vertex 0.0315891542 -3.67821002e-07 0.0261508469
      vertex 0.0303800013 -3.53398065e-07 0.0256500002
    endloop
  endfacet
  facet normal 0.382585347 -0.0226793382 -0.923641682
    outer loop
      vertex 0.0315891691 0.00128279696 0.0261193477
      vertex 0.0303800013 -3.53398065e-07 0.0256500002
      vertex 0.0303800162 0.00125823601 0.0256191026
    endloop
  endfacet
  facet normal -0.38258478 -0.0226702914 -0.923642278
    outer loop
      vertex 0.0303800162 0.00125823601 0.0256191026
      vertex 0.0303800013 -3.53398065e-07 0.0256500002
      vertex 0.0291708484 -3.38809969e-07 0.0261508469
    endloop
  endfacet
  facet normal -0.382585794 -0.0226691831 -0.92364186
    outer loop
      vertex 0.0303800162 0.00125823601 0.0256191026
      vertex 0.0291708484 -3.38809969e-07 0.0261508469
      vertex 0.0291708633 0.00128282607 0.0261193477
    endloop
  endfacet
  facet normal -0.923838615 -0.00938300509 -0.382667214
    outer loop
      vertex 0.0291708633 0.00128282607 0.0261193477
      vertex 0.0291708484 -3.38809969e-07 0.0261508469
      vertex 0.0286699999 -3.32602212e-07 0.0273599997
    endloop
  endfacet
  facet normal -0.923838913 -0.0093822265 -0.382666528
    outer loop
      vertex 0.0291708633 0.00128282607 0.0261193477
      vertex 0.0286699999 -3.32602212e-07 0.0273599997
      vertex 0.0286700167 0.00134216272 0.0273270439
    endloop
  endfacet
  facet normal -0.923838377 0.00940530933 0.382667243
    outer loop
      vertex 0.0286700167 0.00134216272 0.0273270439
      vertex 0.0286699999 -3.32602212e-07 0.0273599997
      vertex 0.0291708484 -3.38411184e-07 0.0285691526
    endloop
  endfacet
  facet normal -0.923838556 0.00940483902 0.382666796
    outer loop
      vertex 0.0286700167 0.00134216272 0.0273270439
      vertex 0.0291708484 -3.38411184e-07 0.0285691526
      vertex 0.0291708652 0.00140148751 0.0285347402
    endloop
  endfacet
  facet normal -0.382584184 0.0226783715 0.923642218
    outer loop
      vertex 0.0291708652 0.00140148751 0.0285347402
      vertex 0.0291708484 -3.38411184e-07 0.0285691526
      vertex 0.0303800013 -3.52834093e-07 0.0290699992
    endloop
  endfacet
  facet normal -0.382584155 0.0226784181 0.923642218
    outer loop
      vertex 0.0291708652 0.00140148751 0.0285347402
      vertex 0.0303800013 -3.52834093e-07 0.0290699992
      vertex 0.0303800181 0.00142604846 0.0290349834
    endloop
  endfacet
  facet normal 0.382584155 -0.0226789322 0.923642218
    outer loop
      vertex 0.0303800013 -3.52834093e-07 0.0290699992
      vertex 0.0303799827 -0.00142675417 0.0290349834
      vertex 0.0315891355 -0.00140219333 0.0285347402
    endloop
  endfacet
  facet normal 0.382584244 -0.0226788595 0.923642278
    outer loop
      vertex 0.0303800013 -3.52834093e-07 0.0290699992
      vertex 0.0315891355 -0.00140219333 0.0285347402
      vertex 0.0315891542 -3.67422217e-07 0.0285691526
    endloop
  endfacet
  facet normal 0.923838019 -0.00940610189 0.382667929
    outer loop
      vertex 0.0315891542 -3.67422217e-07 0.0285691526
      vertex 0.0315891355 -0.00140219333 0.0285347402
      vertex 0.0320899859 -0.00134286901 0.0273270439
    endloop
  endfacet
  facet normal 0.923838854 -0.00940399896 0.382665962
    outer loop
      vertex 0.0315891542 -3.67422217e-07 0.0285691526
      vertex 0.0320899859 -0.00134286901 0.0273270439
      vertex 0.0320900008 -3.73629973e-07 0.0273599997
    endloop
  endfacet
  facet normal 0.923838913 0.00938350055 -0.382666439
    outer loop
      vertex 0.0320900008 -3.73629973e-07 0.0273599997
      vertex 0.0320899859 -0.00134286901 0.0273270439
      vertex 0.0315891393 -0.00128353282 0.0261193477
    endloop
  endfacet
  facet normal 0.923839092 0.00938297249 -0.382665992
    outer loop
      vertex 0.0320900008 -3.73629973e-07 0.0273599997
      vertex 0.0315891393 -0.00128353282 0.0261193477
      vertex 0.0315891542 -3.67821002e-07 0.0261508469
    endloop
  endfacet
  facet normal 0.382585257 0.0226691645 -0.923642039
    outer loop
      vertex 0.0315891542 -3.67821002e-07 0.0261508469
      vertex 0.0315891393 -0.00128353282 0.0261193477
      vertex 0.0303799845 -0.00125894288 0.0256191026
    endloop
  endfacet
  facet normal 0.38258478 0.0226697568 -0.923642278
    outer loop
      vertex 0.0315891542 -3.67821002e-07 0.0261508469
      vertex 0.0303799845 -0.00125894288 0.0256191026
      vertex 0.0303800013 -3.53398065e-07 0.0256500002
    endloop
  endfacet
  facet normal -0.382585377 0.0226799008 -0.923641682
    outer loop
      vertex 0.0303800013 -3.53398065e-07 0.0256500002
      vertex 0.0303799845 -0.00125894288 0.0256191026
      vertex 0.0291708317 -0.00128350372 0.0261193477
    endloop
  endfacet
  facet normal -0.382584184 0.0226786043 -0.923642278
    outer loop
      vertex 0.0303800013 -3.53398065e-07 0.0256500002
      vertex 0.0291708317 -0.00128350372 0.0261193477
      vertex 0.0291708484 -3.38809969e-07 0.0261508469
    endloop
  endfacet
  facet normal -0.923839092 0.00940576103 -0.382665545
    outer loop
      vertex 0.0291708484 -3.38809969e-07 0.0261508469
      vertex 0.0291708317 -0.00128350372 0.0261193477
      vertex 0.028669985 -0.00134282804 0.0273270439
    endloop
  endfacet
  facet normal -0.923838317 0.00940402504 -0.382667184
    outer loop
      vertex 0.0291708484 -3.38809969e-07 0.0261508469
      vertex 0.028669985 -0.00134282804 0.0273270439
      vertex 0.0286699999 -3.32602212e-07 0.0273599997
    endloop
  endfacet
  facet normal -0.923838913 -0.00938350055 0.382666439
    outer loop
      vertex 0.0286699999 -3.32602212e-07 0.0273599997
      vertex 0.028669985 -0.00134282804 0.0273270439
      vertex 0.0291708317 -0.00140216423 0.0285347402
    endloop
  endfacet
  facet normal -0.923838615 -0.00938277785 0.382667214
    outer loop
      vertex 0.0286699999 -3.32602212e-07 0.0273599997
      vertex 0.0291708317 -0.00140216423 0.0285347402
      vertex 0.0291708484 -3.38411184e-07 0.0285691526
    endloop
  endfacet
  facet normal -0.382585049 -0.0226692222 0.923642159
    outer loop
      vertex 0.0291708484 -3.38411184e-07 0.0285691526
      vertex 0.0291708317 -0.00140216423 0.0285347402
      vertex 0.0303799827 -0.00142675417 0.0290349834
    endloop
  endfacet
  facet normal -0.382584721 -0.0226689428 0.923642218
    outer loop
      vertex 0.0291708484 -3.38411184e-07 0.0285691526
      vertex 0.0303799827 -0.00142675417 0.0290349834
      vertex 0.0303800013 -3.52834093e-07 0.0290699992
    endloop
  endfacet
  facet normal 0.382584244 -0.0679720342 0.921416879
    outer loop
      vertex 0.0303799827 -0.00142675417 0.0290349834
      vertex 0.0303799659 -0.00284971902 0.0289300196
      vertex 0.0315891206 -0.00280064181 0.0284315832
    endloop
  endfacet
  facet normal 0.382583648 -0.0679727122 0.921417117
    outer loop
      vertex 0.0303799827 -0.00142675417 0.0290349834
      vertex 0.0315891206 -0.00280064181 0.0284315832
      vertex 0.0315891355 -0.00140219333 0.0285347402
    endloop
  endfacet
  facet normal 0.923839033 -0.0281692669 0.381743371
    outer loop
      vertex 0.0315891355 -0.00140219333 0.0285347402
      vertex 0.0315891206 -0.00280064181 0.0284315832
      vertex 0.0320899673 -0.00268213032 0.027228253
    endloop
  endfacet
  facet normal 0.923837781 -0.0281724352 0.381745964
    outer loop
      vertex 0.0315891355 -0.00140219333 0.0285347402
      vertex 0.0320899673 -0.00268213032 0.027228253
      vertex 0.0320899859 -0.00134286901 0.0273270439
    endloop
  endfacet
  facet normal 0.923838973 0.0281466935 -0.381745249
    outer loop
      vertex 0.0320899859 -0.00134286901 0.0273270439
      vertex 0.0320899673 -0.00268213032 0.027228253
      vertex 0.0315891206 -0.00256360625 0.0260249227
    endloop
  endfacet
  facet normal 0.923839152 0.0281460453 -0.381744742
    outer loop
      vertex 0.0320899859 -0.00134286901 0.0273270439
      vertex 0.0315891206 -0.00256360625 0.0260249227
      vertex 0.0315891393 -0.00128353282 0.0261193477
    endloop
  endfacet
  facet normal 0.382585377 0.0679629967 -0.921417058
    outer loop
      vertex 0.0315891393 -0.00128353282 0.0261193477
      vertex 0.0315891206 -0.00256360625 0.0260249227
      vertex 0.0303799696 -0.00251450017 0.0255264882
    endloop
  endfacet
  facet normal 0.382585794 0.0679624975 -0.921416938
    outer loop
      vertex 0.0315891393 -0.00128353282 0.0261193477
      vertex 0.0303799696 -0.00251450017 0.0255264882
      vertex 0.0303799845 -0.00125894288 0.0256191026
    endloop
  endfacet
  facet normal -0.382583559 0.0679716021 -0.921417177
    outer loop
      vertex 0.0303799845 -0.00125894288 0.0256191026
      vertex 0.0303799696 -0.00251450017 0.0255264882
      vertex 0.0291708168 -0.00256357738 0.0260249227
    endloop
  endfacet
  facet normal -0.38258481 0.0679729432 -0.921416521
    outer loop
      vertex 0.0303799845 -0.00125894288 0.0256191026
      vertex 0.0291708168 -0.00256357738 0.0260249227
      vertex 0.0291708317 -0.00128350372 0.0261193477
    endloop
  endfacet
  facet normal -0.923838496 0.0281702224 -0.381744444
    outer loop
      vertex 0.0291708317 -0.00128350372 0.0261193477
      vertex 0.0291708168 -0.00256357738 0.0260249227
      vertex 0.0286699682 -0.00268208911 0.027228253
    endloop
  endfacet
  facet normal -0.923838854 0.0281709842 -0.38174361
    outer loop
      vertex 0.0291708317 -0.00128350372 0.0261193477
      vertex 0.0286699682 -0.00268208911 0.027228253
      vertex 0.028669985 -0.00134282804 0.0273270439
    endloop
  endfacet
  facet normal -0.923838913 -0.0281479713 0.38174513
    outer loop
      vertex 0.028669985 -0.00134282804 0.0273270439
      vertex 0.0286699682 -0.00268208911 0.027228253
      vertex 0.0291708149 -0.00280061294 0.0284315832
    endloop
  endfacet
  facet normal -0.923839152 -0.0281484369 0.381744593
    outer loop
      vertex 0.028669985 -0.00134282804 0.0273270439
      vertex 0.0291708149 -0.00280061294 0.0284315832
      vertex 0.0291708317 -0.00140216423 0.0285347402
    endloop
  endfacet
  facet normal -0.382586598 -0.0679640025 0.921416521
    outer loop
      vertex 0.0291708317 -0.00140216423 0.0285347402
      vertex 0.0291708149 -0.00280061294 0.0284315832
      vertex 0.0303799659 -0.00284971902 0.0289300196
    endloop
  endfacet
  facet normal -0.382585585 -0.0679629892 0.921416938
    outer loop
      vertex 0.0291708317 -0.00140216423 0.0285347402
      vertex 0.0303799659 -0.00284971902 0.0289300196
      vertex 0.0303799827 -0.00142675417 0.0290349834
    endloop
  endfacet
  facet normal 0.382583797 -0.113102674 0.916971982
    outer loop
      vertex 0.0303799659 -0.00284971902 0.0289300196
      vertex 0.0303799491 -0.00426580617 0.0287553612
      vertex 0.031589102 -0.00419233134 0.0282599349
    endloop
  endfacet
  facet normal 0.382583767 -0.113102697 0.916971922
    outer loop
      vertex 0.0303799659 -0.00284971902 0.0289300196
      vertex 0.031589102 -0.00419233134 0.0282599349
      vertex 0.0315891206 -0.00280064181 0.0284315832
    endloop
  endfacet
  facet normal 0.923838019 -0.0468689241 0.379903376
    outer loop
      vertex 0.0315891206 -0.00280064181 0.0284315832
      vertex 0.031589102 -0.00419233134 0.0282599349
      vertex 0.0320899524 -0.00401491811 0.0270638689
    endloop
  endfacet
  facet normal 0.923838794 -0.0468668379 0.379901767
    outer loop
      vertex 0.0315891206 -0.00280064181 0.0284315832
      vertex 0.0320899524 -0.00401491811 0.0270638689
      vertex 0.0320899673 -0.00268213032 0.027228253
    endloop
  endfacet
  facet normal 0.923839033 0.0468464233 -0.379903764
    outer loop
      vertex 0.0320899673 -0.00268213032 0.027228253
      vertex 0.0320899524 -0.00401491811 0.0270638689
      vertex 0.0315891057 -0.00383749255 0.025867803
    endloop
  endfacet
  facet normal 0.923839152 0.0468460582 -0.379903525
    outer loop
      vertex 0.0320899673 -0.00268213032 0.027228253
      vertex 0.0315891057 -0.00383749255 0.025867803
      vertex 0.0315891206 -0.00256360625 0.0260249227
    endloop
  endfacet
  facet normal 0.382585317 0.113093868 -0.916972399
    outer loop
      vertex 0.0315891206 -0.00256360625 0.0260249227
      vertex 0.0315891057 -0.00383749255 0.025867803
      vertex 0.0303799547 -0.00376398885 0.0253723785
    endloop
  endfacet
  facet normal 0.382585913 0.113093123 -0.91697216
    outer loop
      vertex 0.0315891206 -0.00256360625 0.0260249227
      vertex 0.0303799547 -0.00376398885 0.0253723785
      vertex 0.0303799696 -0.00251450017 0.0255264882
    endloop
  endfacet
  facet normal -0.382582545 0.113102287 -0.916972518
    outer loop
      vertex 0.0303799696 -0.00251450017 0.0255264882
      vertex 0.0303799547 -0.00376398885 0.0253723785
      vertex 0.0291708019 -0.00383746368 0.025867803
    endloop
  endfacet
  facet normal -0.382583052 0.113102801 -0.91697216
    outer loop
      vertex 0.0303799696 -0.00251450017 0.0255264882
      vertex 0.0291708019 -0.00383746368 0.025867803
      vertex 0.0291708168 -0.00256357738 0.0260249227
    endloop
  endfacet
  facet normal -0.923838496 0.0468675345 -0.379902333
    outer loop
      vertex 0.0291708168 -0.00256357738 0.0260249227
      vertex 0.0291708019 -0.00383746368 0.025867803
      vertex 0.0286699533 -0.00401487714 0.0270638689
    endloop
  endfacet
  facet normal -0.923838258 0.0468669981 -0.379903018
    outer loop
      vertex 0.0291708168 -0.00256357738 0.0260249227
      vertex 0.0286699533 -0.00401487714 0.0270638689
      vertex 0.0286699682 -0.00268208911 0.027228253
    endloop
  endfacet
  facet normal -0.92383945 -0.0468462631 0.379902542
    outer loop
      vertex 0.0286699682 -0.00268208911 0.027228253
      vertex 0.0286699533 -0.00401487714 0.0270638689
      vertex 0.0291707981 -0.004192302 0.0282599349
    endloop
  endfacet
  facet normal -0.923839152 -0.0468454845 0.379903555
    outer loop
      vertex 0.0286699682 -0.00268208911 0.027228253
      vertex 0.0291707981 -0.004192302 0.0282599349
      vertex 0.0291708149 -0.00280061294 0.0284315832
    endloop
  endfacet
  facet normal -0.382586539 -0.113093011 0.916971982
    outer loop
      vertex 0.0291708149 -0.00280061294 0.0284315832
      vertex 0.0291707981 -0.004192302 0.0282599349
      vertex 0.0303799491 -0.00426580617 0.0287553612
    endloop
  endfacet
  facet normal -0.382587135 -0.11309357 0.916971684
    outer loop
      vertex 0.0291708149 -0.00280061294 0.0284315832
      vertex 0.0303799491 -0.00426580617 0.0287553612
      vertex 0.0303799659 -0.00284971902 0.0289300196
    endloop
  endfacet
  facet normal 0.382583231 -0.157959789 0.910317957
    outer loop
      vertex 0.0303799491 -0.00426580617 0.0287553612
      vertex 0.0303799324 -0.00567163108 0.0285114273
      vertex 0.0315890871 -0.00557393488 0.0280202031
    endloop
  endfacet
  facet normal 0.382583171 -0.157959789 0.910317898
    outer loop
      vertex 0.0303799491 -0.00426580617 0.0287553612
      vertex 0.0315890871 -0.00557393488 0.0280202031
      vertex 0.031589102 -0.00419233134 0.0282599349
    endloop
  endfacet
  facet normal 0.923837841 -0.0654513687 0.37714684
    outer loop
      vertex 0.031589102 -0.00419233134 0.0282599349
      vertex 0.0315890871 -0.00557393488 0.0280202031
      vertex 0.0320899375 -0.00533804717 0.0268342849
    endloop
  endfacet
  facet normal 0.9238379 -0.0654514357 0.37714693
    outer loop
      vertex 0.031589102 -0.00419233134 0.0282599349
      vertex 0.0320899375 -0.00533804717 0.0268342849
      vertex 0.0320899524 -0.00401491811 0.0270638689
    endloop
  endfacet
  facet normal 0.923839092 0.0654306859 -0.377147317
    outer loop
      vertex 0.0320899524 -0.00401491811 0.0270638689
      vertex 0.0320899375 -0.00533804717 0.0268342849
      vertex 0.0315890908 -0.00510214688 0.0256483648
    endloop
  endfacet
  facet normal 0.923839271 0.0654303133 -0.377147108
    outer loop
      vertex 0.0320899524 -0.00401491811 0.0270638689
      vertex 0.0315890908 -0.00510214688 0.0256483648
      vertex 0.0315891057 -0.00383749255 0.025867803
    endloop
  endfacet
  facet normal 0.382586151 0.157950625 -0.910318375
    outer loop
      vertex 0.0315891057 -0.00383749255 0.025867803
      vertex 0.0315890908 -0.00510214688 0.0256483648
      vertex 0.0303799398 -0.00500442227 0.0251571424
    endloop
  endfacet
  facet normal 0.382585794 0.157950953 -0.910318375
    outer loop
      vertex 0.0315891057 -0.00383749255 0.025867803
      vertex 0.0303799398 -0.00500442227 0.0251571424
      vertex 0.0303799547 -0.00376398885 0.0253723785
    endloop
  endfacet
  facet normal -0.382582456 0.157960132 -0.910318255
    outer loop
      vertex 0.0303799547 -0.00376398885 0.0253723785
      vertex 0.0303799398 -0.00500442227 0.0251571424
      vertex 0.029170787 -0.00510211801 0.0256483648
    endloop
  endfacet
  facet normal -0.382582009 0.157959655 -0.910318434
    outer loop
      vertex 0.0303799547 -0.00376398885 0.0253723785
      vertex 0.029170787 -0.00510211801 0.0256483648
      vertex 0.0291708019 -0.00383746368 0.025867803
    endloop
  endfacet
  facet normal -0.923838079 0.0654519349 -0.377146244
    outer loop
      vertex 0.0291708019 -0.00383746368 0.025867803
      vertex 0.029170787 -0.00510211801 0.0256483648
      vertex 0.0286699366 -0.00533800619 0.0268342849
    endloop
  endfacet
  facet normal -0.923838317 0.0654525012 -0.377145529
    outer loop
      vertex 0.0291708019 -0.00383746368 0.025867803
      vertex 0.0286699366 -0.00533800619 0.0268342849
      vertex 0.0286699533 -0.00401487714 0.0270638689
    endloop
  endfacet
  facet normal -0.92383939 -0.0654293224 0.37714693
    outer loop
      vertex 0.0286699533 -0.00401487714 0.0270638689
      vertex 0.0286699366 -0.00533800619 0.0268342849
      vertex 0.0291707814 -0.00557390554 0.0280202031
    endloop
  endfacet
  facet normal -0.923839688 -0.0654300377 0.377145946
    outer loop
      vertex 0.0286699533 -0.00401487714 0.0270638689
      vertex 0.0291707814 -0.00557390554 0.0280202031
      vertex 0.0291707981 -0.004192302 0.0282599349
    endloop
  endfacet
  facet normal -0.382587433 -0.157950997 0.910317779
    outer loop
      vertex 0.0291707981 -0.004192302 0.0282599349
      vertex 0.0291707814 -0.00557390554 0.0280202031
      vertex 0.0303799324 -0.00567163108 0.0285114273
    endloop
  endfacet
  facet normal -0.382587075 -0.157950655 0.910317957
    outer loop
      vertex 0.0291707981 -0.004192302 0.0282599349
      vertex 0.0303799324 -0.00567163108 0.0285114273
      vertex 0.0303799491 -0.00426580617 0.0287553612
    endloop
  endfacet
  facet normal 0.382582843 -0.202436894 0.9014709
    outer loop
      vertex 0.0303799324 -0.00567163108 0.0285114273
      vertex 0.0303799156 -0.00706379302 0.0281988066
      vertex 0.0315890685 -0.00694211153 0.0277129691
    endloop
  endfacet
  facet normal 0.382582664 -0.202437043 0.9014709
    outer loop
      vertex 0.0303799324 -0.00567163108 0.0285114273
      vertex 0.0315890685 -0.00694211153 0.0277129691
      vertex 0.0315890871 -0.00557393488 0.0280202031
    endloop
  endfacet
  facet normal 0.923836768 -0.0838808715 0.373482853
    outer loop
      vertex 0.0315890871 -0.00557393488 0.0280202031
      vertex 0.0315890685 -0.00694211153 0.0277129691
      vertex 0.0320899226 -0.00664831698 0.026540054
    endloop
  endfacet
  facet normal 0.923837602 -0.0838785395 0.373481482
    outer loop
      vertex 0.0315890871 -0.00557393488 0.0280202031
      vertex 0.0320899226 -0.00664831698 0.026540054
      vertex 0.0320899375 -0.00533804717 0.0268342849
    endloop
  endfacet
  facet normal 0.923839092 0.0838577449 -0.373482347
    outer loop
      vertex 0.0320899375 -0.00533804717 0.0268342849
      vertex 0.0320899226 -0.00664831698 0.026540054
      vertex 0.0315890759 -0.00635451078 0.025367137
    endloop
  endfacet
  facet normal 0.92383939 0.0838572159 -0.373482078
    outer loop
      vertex 0.0320899375 -0.00533804717 0.0268342849
      vertex 0.0315890759 -0.00635451078 0.025367137
      vertex 0.0315890908 -0.00510214688 0.0256483648
    endloop
  endfacet
  facet normal 0.382586151 0.20242767 -0.901471496
    outer loop
      vertex 0.0315890908 -0.00510214688 0.0256483648
      vertex 0.0315890759 -0.00635451078 0.025367137
      vertex 0.0303799249 -0.00623280043 0.0248813014
    endloop
  endfacet
  facet normal 0.382586658 0.202427134 -0.901471436
    outer loop
      vertex 0.0315890908 -0.00510214688 0.0256483648
      vertex 0.0303799249 -0.00623280043 0.0248813014
      vertex 0.0303799398 -0.00500442227 0.0251571424
    endloop
  endfacet
  facet normal -0.382581651 0.202436417 -0.901471436
    outer loop
      vertex 0.0303799398 -0.00500442227 0.0251571424
      vertex 0.0303799249 -0.00623280043 0.0248813014
      vertex 0.0291707721 -0.00635448191 0.025367137
    endloop
  endfacet
  facet normal -0.382581919 0.2024367 -0.901471257
    outer loop
      vertex 0.0303799398 -0.00500442227 0.0251571424
      vertex 0.0291707721 -0.00635448191 0.025367137
      vertex 0.029170787 -0.00510211801 0.0256483648
    endloop
  endfacet
  facet normal -0.923838079 0.0838788301 -0.373480409
    outer loop
      vertex 0.029170787 -0.00510211801 0.0256483648
      vertex 0.0291707721 -0.00635448191 0.025367137
      vertex 0.0286699217 -0.006648276 0.026540054
    endloop
  endfacet
  facet normal -0.9238379 0.0838784575 -0.373480976
    outer loop
      vertex 0.029170787 -0.00510211801 0.0256483648
      vertex 0.0286699217 -0.006648276 0.026540054
      vertex 0.0286699366 -0.00533800619 0.0268342849
    endloop
  endfacet
  facet normal -0.923839986 -0.0838573277 0.373480469
    outer loop
      vertex 0.0286699366 -0.00533800619 0.0268342849
      vertex 0.0286699217 -0.006648276 0.026540054
      vertex 0.0291707646 -0.00694208266 0.0277129691
    endloop
  endfacet
  facet normal -0.923839629 -0.0838566273 0.373481482
    outer loop
      vertex 0.0286699366 -0.00533800619 0.0268342849
      vertex 0.0291707646 -0.00694208266 0.0277129691
      vertex 0.0291707814 -0.00557390554 0.0280202031
    endloop
  endfacet
  facet normal -0.382587373 -0.202427134 0.901471138
    outer loop
      vertex 0.0291707814 -0.00557390554 0.0280202031
      vertex 0.0291707646 -0.00694208266 0.0277129691
      vertex 0.0303799156 -0.00706379302 0.0281988066
    endloop
  endfacet
  facet normal -0.382587969 -0.202427641 0.901470721
    outer loop
      vertex 0.0291707814 -0.00557390554 0.0280202031
      vertex 0.0303799156 -0.00706379302 0.0281988066
      vertex 0.0303799324 -0.00567163108 0.0285114273
    endloop
  endfacet
  facet normal 0.382581741 -0.246425703 0.890452445
    outer loop
      vertex 0.0303799156 -0.00706379302 0.0281988066
      vertex 0.0303798988 -0.00843892433 0.027818257
      vertex 0.0315890536 -0.00829355139 0.027338976
    endloop
  endfacet
  facet normal 0.382582337 -0.246425137 0.890452325
    outer loop
      vertex 0.0303799156 -0.00706379302 0.0281988066
      vertex 0.0315890536 -0.00829355139 0.027338976
      vertex 0.0315890685 -0.00694211153 0.0277129691
    endloop
  endfacet
  facet normal 0.923837781 -0.102102719 0.368915707
    outer loop
      vertex 0.0315890685 -0.00694211153 0.0277129691
      vertex 0.0315890536 -0.00829355139 0.027338976
      vertex 0.032089904 -0.00794256013 0.0261818897
    endloop
  endfacet
  facet normal 0.923836648 -0.102106258 0.368917674
    outer loop
      vertex 0.0315890685 -0.00694211153 0.0277129691
      vertex 0.032089904 -0.00794256013 0.0261818897
      vertex 0.0320899226 -0.00664831698 0.026540054
    endloop
  endfacet
  facet normal 0.923840165 0.102079257 -0.368916124
    outer loop
      vertex 0.0320899226 -0.00664831698 0.026540054
      vertex 0.032089904 -0.00794256013 0.0261818897
      vertex 0.031589061 -0.0075915549 0.0250248015
    endloop
  endfacet
  facet normal 0.923839331 0.102081895 -0.368917465
    outer loop
      vertex 0.0320899226 -0.00664831698 0.026540054
      vertex 0.031589061 -0.0075915549 0.0250248015
      vertex 0.0315890759 -0.00635451078 0.025367137
    endloop
  endfacet
  facet normal 0.382587194 0.24641636 -0.890452683
    outer loop
      vertex 0.0315890759 -0.00635451078 0.025367137
      vertex 0.031589061 -0.0075915549 0.0250248015
      vertex 0.0303799119 -0.00744615216 0.0245455224
    endloop
  endfacet
  facet normal 0.382586747 0.246416941 -0.890452802
    outer loop
      vertex 0.0315890759 -0.00635451078 0.025367137
      vertex 0.0303799119 -0.00744615216 0.0245455224
      vertex 0.0303799249 -0.00623280043 0.0248813014
    endloop
  endfacet
  facet normal -0.382580727 0.246425211 -0.890453041
    outer loop
      vertex 0.0303799249 -0.00623280043 0.0248813014
      vertex 0.0303799119 -0.00744615216 0.0245455224
      vertex 0.0291707572 -0.00759152602 0.0250248015
    endloop
  endfacet
  facet normal -0.382581145 0.246425584 -0.890452743
    outer loop
      vertex 0.0303799249 -0.00623280043 0.0248813014
      vertex 0.0291707572 -0.00759152602 0.0250248015
      vertex 0.0291707721 -0.00635448191 0.025367137
    endloop
  endfacet
  facet normal -0.923837423 0.102103755 -0.368916065
    outer loop
      vertex 0.0291707721 -0.00635448191 0.025367137
      vertex 0.0291707572 -0.00759152602 0.0250248015
      vertex 0.0286699049 -0.00794251822 0.0261818897
    endloop
  endfacet
  facet normal -0.923837781 0.102104336 -0.368915141
    outer loop
      vertex 0.0291707721 -0.00635448191 0.025367137
      vertex 0.0286699049 -0.00794251822 0.0261818897
      vertex 0.0286699217 -0.006648276 0.026540054
    endloop
  endfacet
  facet normal -0.923839986 -0.102080695 0.368916243
    outer loop
      vertex 0.0286699217 -0.006648276 0.026540054
      vertex 0.0286699049 -0.00794251822 0.0261818897
      vertex 0.0291707478 -0.00829352252 0.027338976
    endloop
  endfacet
  facet normal -0.923840165 -0.102081075 0.368915647
    outer loop
      vertex 0.0286699217 -0.006648276 0.026540054
      vertex 0.0291707478 -0.00829352252 0.027338976
      vertex 0.0291707646 -0.00694208266 0.0277129691
    endloop
  endfacet
  facet normal -0.382587671 -0.246416181 0.890452504
    outer loop
      vertex 0.0291707646 -0.00694208266 0.0277129691
      vertex 0.0291707478 -0.00829352252 0.027338976
      vertex 0.0303798988 -0.00843892433 0.027818257
    endloop
  endfacet
  facet normal -0.38258791 -0.24641636 0.890452445
    outer loop
      vertex 0.0291707646 -0.00694208266 0.0277129691
      vertex 0.0303798988 -0.00843892433 0.027818257
      vertex 0.0303799156 -0.00706379302 0.0281988066
    endloop
  endfacet
  facet normal 0.382581085 -0.289821446 0.87728852
    outer loop
      vertex 0.0303798988 -0.00843892433 0.027818257
      vertex 0.0303798839 -0.0097937407 0.0273706857
      vertex 0.0315890387 -0.00962502602 0.0268991161
    endloop
  endfacet
  facet normal 0.382581204 -0.289821357 0.87728858
    outer loop
      vertex 0.0303798988 -0.00843892433 0.027818257
      vertex 0.0315890387 -0.00962502602 0.0268991161
      vertex 0.0315890536 -0.00829355139 0.027338976
    endloop
  endfacet
  facet normal 0.92383796 -0.120081693 0.363461077
    outer loop
      vertex 0.0315890536 -0.00829355139 0.027338976
      vertex 0.0315890387 -0.00962502602 0.0268991161
      vertex 0.032089889 -0.00921768136 0.025760645
    endloop
  endfacet
  facet normal 0.923837543 -0.120082691 0.363461554
    outer loop
      vertex 0.0315890536 -0.00829355139 0.027338976
      vertex 0.032089889 -0.00921768136 0.025760645
      vertex 0.032089904 -0.00794256013 0.0261818897
    endloop
  endfacet
  facet normal 0.923840225 0.120061256 -0.363462001
    outer loop
      vertex 0.032089904 -0.00794256013 0.0261818897
      vertex 0.032089889 -0.00921768136 0.025760645
      vertex 0.0315890461 -0.00881032366 0.024622174
    endloop
  endfacet
  facet normal 0.923840463 0.120060429 -0.363461614
    outer loop
      vertex 0.032089904 -0.00794256013 0.0261818897
      vertex 0.0315890461 -0.00881032366 0.024622174
      vertex 0.031589061 -0.0075915549 0.0250248015
    endloop
  endfacet
  facet normal 0.382588655 0.289812714 -0.877288163
    outer loop
      vertex 0.031589061 -0.0075915549 0.0250248015
      vertex 0.0315890461 -0.00881032366 0.024622174
      vertex 0.030379897 -0.00864157919 0.0241506044
    endloop
  endfacet
  facet normal 0.382587701 0.289813757 -0.877288222
    outer loop
      vertex 0.031589061 -0.0075915549 0.0250248015
      vertex 0.030379897 -0.00864157919 0.0241506044
      vertex 0.0303799119 -0.00744615216 0.0245455224
    endloop
  endfacet
  facet normal -0.382581353 0.289823234 -0.877287924
    outer loop
      vertex 0.0303799119 -0.00744615216 0.0245455224
      vertex 0.030379897 -0.00864157919 0.0241506044
      vertex 0.0291707423 -0.00881029479 0.024622174
    endloop
  endfacet
  facet normal -0.382580251 0.289822251 -0.877288699
    outer loop
      vertex 0.0303799119 -0.00744615216 0.0245455224
      vertex 0.0291707423 -0.00881029479 0.024622174
      vertex 0.0291707572 -0.00759152602 0.0250248015
    endloop
  endfacet
  facet normal -0.923837423 0.120083056 -0.363461792
    outer loop
      vertex 0.0291707572 -0.00759152602 0.0250248015
      vertex 0.0291707423 -0.00881029479 0.024622174
      vertex 0.02866989 -0.00921764039 0.025760645
    endloop
  endfacet
  facet normal -0.923837304 0.120082848 -0.36346224
    outer loop
      vertex 0.0291707572 -0.00759152602 0.0250248015
      vertex 0.02866989 -0.00921764039 0.025760645
      vertex 0.0286699049 -0.00794251822 0.0261818897
    endloop
  endfacet
  facet normal -0.923840225 -0.120061196 0.36346209
    outer loop
      vertex 0.0286699049 -0.00794251822 0.0261818897
      vertex 0.02866989 -0.00921764039 0.025760645
      vertex 0.0291707329 -0.00962499715 0.0268991161
    endloop
  endfacet
  facet normal -0.923840165 -0.120061271 0.363461882
    outer loop
      vertex 0.0286699049 -0.00794251822 0.0261818897
      vertex 0.0291707329 -0.00962499715 0.0268991161
      vertex 0.0291707478 -0.00829352252 0.027338976
    endloop
  endfacet
  facet normal -0.38258791 -0.289812744 0.877288461
    outer loop
      vertex 0.0291707478 -0.00829352252 0.027338976
      vertex 0.0291707329 -0.00962499715 0.0268991161
      vertex 0.0303798839 -0.0097937407 0.0273706857
    endloop
  endfacet
  facet normal -0.382588178 -0.289812922 0.877288222
    outer loop
      vertex 0.0291707478 -0.00829352252 0.027338976
      vertex 0.0303798839 -0.0097937407 0.0273706857
      vertex 0.0303798988 -0.00843892433 0.027818257
    endloop
  endfacet
  facet normal 0.382581085 -0.332517743 0.862011433
    outer loop
      vertex 0.0303798839 -0.0097937407 0.0273706857
      vertex 0.0303798672 -0.0111249639 0.0268571787
      vertex 0.0315890238 -0.0109333135 0.0263944548
    endloop
  endfacet
  facet normal 0.382580578 -0.332518339 0.862011433
    outer loop
      vertex 0.0303798839 -0.0097937407 0.0273706857
      vertex 0.0315890238 -0.0109333135 0.0263944548
      vertex 0.0315890387 -0.00962502602 0.0268991161
    endloop
  endfacet
  facet normal 0.9238379 -0.137771025 0.357131302
    outer loop
      vertex 0.0315890387 -0.00962502602 0.0268991161
      vertex 0.0315890238 -0.0109333135 0.0263944548
      vertex 0.0320898741 -0.0104705971 0.0252773426
    endloop
  endfacet
  facet normal 0.923837721 -0.137771666 0.357131541
    outer loop
      vertex 0.0315890387 -0.00962502602 0.0268991161
      vertex 0.0320898741 -0.0104705971 0.0252773426
      vertex 0.032089889 -0.00921768136 0.025760645
    endloop
  endfacet
  facet normal 0.923840284 0.137750313 -0.35713312
    outer loop
      vertex 0.032089889 -0.00921768136 0.025760645
      vertex 0.0320898741 -0.0104705971 0.0252773426
      vertex 0.0315890312 -0.0100078676 0.0241602305
    endloop
  endfacet
  facet normal 0.923840404 0.137749806 -0.357132912
    outer loop
      vertex 0.032089889 -0.00921768136 0.025760645
      vertex 0.0315890312 -0.0100078676 0.0241602305
      vertex 0.0315890461 -0.00881032366 0.024622174
    endloop
  endfacet
  facet normal 0.382587492 0.332509696 -0.862011611
    outer loop
      vertex 0.0315890461 -0.00881032366 0.024622174
      vertex 0.0315890312 -0.0100078676 0.0241602305
      vertex 0.0303798821 -0.00981618837 0.0236975104
    endloop
  endfacet
  facet normal 0.382589161 0.33250773 -0.862011731
    outer loop
      vertex 0.0315890461 -0.00881032366 0.024622174
      vertex 0.0303798821 -0.00981618837 0.0236975104
      vertex 0.030379897 -0.00864157919 0.0241506044
    endloop
  endfacet
  facet normal -0.382580429 0.332517475 -0.862011731
    outer loop
      vertex 0.030379897 -0.00864157919 0.0241506044
      vertex 0.0303798821 -0.00981618837 0.0236975104
      vertex 0.0291707274 -0.0100078387 0.0241602324
    endloop
  endfacet
  facet normal -0.382580817 0.332517833 -0.862011552
    outer loop
      vertex 0.030379897 -0.00864157919 0.0241506044
      vertex 0.0291707274 -0.0100078387 0.0241602324
      vertex 0.0291707423 -0.00881029479 0.024622174
    endloop
  endfacet
  facet normal -0.923837423 0.137771919 -0.357132077
    outer loop
      vertex 0.0291707423 -0.00881029479 0.024622174
      vertex 0.0291707274 -0.0100078387 0.0241602324
      vertex 0.0286698751 -0.0104705561 0.0252773445
    endloop
  endfacet
  facet normal -0.923837185 0.137771606 -0.357132733
    outer loop
      vertex 0.0291707423 -0.00881029479 0.024622174
      vertex 0.0286698751 -0.0104705561 0.0252773445
      vertex 0.02866989 -0.00921764039 0.025760645
    endloop
  endfacet
  facet normal -0.923840642 -0.137749434 0.357132226
    outer loop
      vertex 0.02866989 -0.00921764039 0.025760645
      vertex 0.0286698751 -0.0104705561 0.0252773445
      vertex 0.0291707162 -0.0109332846 0.0263944566
    endloop
  endfacet
  facet normal -0.923840404 -0.137748957 0.357133389
    outer loop
      vertex 0.02866989 -0.00921764039 0.025760645
      vertex 0.0291707162 -0.0109332846 0.0263944566
      vertex 0.0291707329 -0.00962499715 0.0268991161
    endloop
  endfacet
  facet normal -0.382588148 -0.332508057 0.862011969
    outer loop
      vertex 0.0291707329 -0.00962499715 0.0268991161
      vertex 0.0291707162 -0.0109332846 0.0263944566
      vertex 0.0303798672 -0.0111249639 0.0268571787
    endloop
  endfacet
  facet normal -0.382588446 -0.332508296 0.86201185
    outer loop
      vertex 0.0291707329 -0.00962499715 0.0268991161
      vertex 0.0303798672 -0.0111249639 0.0268571787
      vertex 0.0303798839 -0.0097937407 0.0273706857
    endloop
  endfacet
  facet normal 0.382581055 -0.374415249 0.844656706
    outer loop
      vertex 0.0303798672 -0.0111249639 0.0268571787
      vertex 0.0303798523 -0.0124293873 0.026278967
      vertex 0.0315890051 -0.0122152623 0.0258262064
    endloop
  endfacet
  facet normal 0.382580519 -0.374415815 0.844656706
    outer loop
      vertex 0.0303798672 -0.0111249639 0.0268571787
      vertex 0.0315890051 -0.0122152623 0.0258262064
      vertex 0.0315890238 -0.0109333135 0.0263944548
    endloop
  endfacet
  facet normal 0.923836648 -0.155132174 0.349942565
    outer loop
      vertex 0.0315890238 -0.0109333135 0.0263944548
      vertex 0.0315890051 -0.0122152623 0.0258262064
      vertex 0.0320898592 -0.0116982888 0.0247331467
    endloop
  endfacet
  facet normal 0.923837721 -0.155128911 0.349941403
    outer loop
      vertex 0.0315890238 -0.0109333135 0.0263944548
      vertex 0.0320898592 -0.0116982888 0.0247331467
      vertex 0.0320898741 -0.0104705971 0.0252773426
    endloop
  endfacet
  facet normal 0.923841357 0.155106649 -0.34994179
    outer loop
      vertex 0.0320898741 -0.0104705971 0.0252773426
      vertex 0.0320898592 -0.0116982888 0.0247331467
      vertex 0.03158902 -0.0111813024 0.023640085
    endloop
  endfacet
  facet normal 0.923840463 0.155109435 -0.349942714
    outer loop
      vertex 0.0320898741 -0.0104705971 0.0252773426
      vertex 0.03158902 -0.0111813024 0.023640085
      vertex 0.0315890312 -0.0100078676 0.0241602305
    endloop
  endfacet
  facet normal 0.382588834 0.374405593 -0.844657481
    outer loop
      vertex 0.0315890312 -0.0100078676 0.0241602305
      vertex 0.03158902 -0.0111813024 0.023640085
      vertex 0.030379869 -0.0109671494 0.0231873244
    endloop
  endfacet
  facet normal 0.382587999 0.374406576 -0.844657421
    outer loop
      vertex 0.0315890312 -0.0100078676 0.0241602305
      vertex 0.030379869 -0.0109671494 0.0231873244
      vertex 0.0303798821 -0.00981618837 0.0236975104
    endloop
  endfacet
  facet normal -0.38258031 0.374415129 -0.844657063
    outer loop
      vertex 0.0303798821 -0.00981618837 0.0236975104
      vertex 0.030379869 -0.0109671494 0.0231873244
      vertex 0.0291707143 -0.0111812735 0.023640085
    endloop
  endfacet
  facet normal -0.382579923 0.374414772 -0.844657421
    outer loop
      vertex 0.0303798821 -0.00981618837 0.0236975104
      vertex 0.0291707143 -0.0111812735 0.023640085
      vertex 0.0291707274 -0.0100078387 0.0241602324
    endloop
  endfacet
  facet normal -0.923836887 0.155129328 -0.34994331
    outer loop
      vertex 0.0291707274 -0.0100078387 0.0241602324
      vertex 0.0291707143 -0.0111812735 0.023640085
      vertex 0.0286698602 -0.0116982479 0.0247331467
    endloop
  endfacet
  facet normal -0.923837245 0.155129805 -0.349942207
    outer loop
      vertex 0.0291707274 -0.0100078387 0.0241602324
      vertex 0.0286698602 -0.0116982479 0.0247331467
      vertex 0.0286698751 -0.0104705561 0.0252773445
    endloop
  endfacet
  facet normal -0.923840582 -0.155107781 0.349943131
    outer loop
      vertex 0.0286698751 -0.0104705561 0.0252773445
      vertex 0.0286698602 -0.0116982479 0.0247331467
      vertex 0.0291707013 -0.0122152334 0.0258262064
    endloop
  endfacet
  facet normal -0.92384094 -0.155108273 0.349942058
    outer loop
      vertex 0.0286698751 -0.0104705561 0.0252773445
      vertex 0.0291707013 -0.0122152334 0.0258262064
      vertex 0.0291707162 -0.0109332846 0.0263944566
    endloop
  endfacet
  facet normal -0.382589102 -0.374406993 0.844656706
    outer loop
      vertex 0.0291707162 -0.0109332846 0.0263944566
      vertex 0.0291707013 -0.0122152334 0.0258262064
      vertex 0.0303798523 -0.0124293873 0.026278967
    endloop
  endfacet
  facet normal -0.382588625 -0.374406666 0.844657063
    outer loop
      vertex 0.0291707162 -0.0109332846 0.0263944566
      vertex 0.0303798523 -0.0124293873 0.026278967
      vertex 0.0303798672 -0.0111249639 0.0268571787
    endloop
  endfacet
  facet normal 0.382580221 -0.415409952 0.825267732
    outer loop
      vertex 0.0303798523 -0.0124293873 0.026278967
      vertex 0.0303798355 -0.0137038557 0.0256374534
      vertex 0.0315889902 -0.0134677719 0.0251957458
    endloop
  endfacet
  facet normal 0.382580549 -0.415409684 0.825267792
    outer loop
      vertex 0.0303798523 -0.0124293873 0.026278967
      vertex 0.0315889902 -0.0134677719 0.0251957458
      vertex 0.0315890051 -0.0122152623 0.0258262064
    endloop
  endfacet
  facet normal 0.923836708 -0.172114104 0.341910005
    outer loop
      vertex 0.0315890051 -0.0122152623 0.0258262064
      vertex 0.0315889902 -0.0134677719 0.0251957458
      vertex 0.0320898443 -0.0128977876 0.0241293684
    endloop
  endfacet
  facet normal 0.92383647 -0.172115028 0.341910303
    outer loop
      vertex 0.0315890051 -0.0122152623 0.0258262064
      vertex 0.0320898443 -0.0128977876 0.0241293684
      vertex 0.0320898592 -0.0116982888 0.0247331467
    endloop
  endfacet
  facet normal 0.923841178 0.172091499 -0.34190917
    outer loop
      vertex 0.0320898592 -0.0116982888 0.0247331467
      vertex 0.0320898443 -0.0128977876 0.0241293684
      vertex 0.0315890051 -0.0123277903 0.023062991
    endloop
  endfacet
  facet normal 0.923841476 0.17209062 -0.341908902
    outer loop
      vertex 0.0320898592 -0.0116982888 0.0247331467
      vertex 0.0315890051 -0.0123277903 0.023062991
      vertex 0.03158902 -0.0111813024 0.023640085
    endloop
  endfacet
  facet normal 0.382589519 0.415400475 -0.825268209
    outer loop
      vertex 0.03158902 -0.0111813024 0.023640085
      vertex 0.0315890051 -0.0123277903 0.023062991
      vertex 0.030379856 -0.0120916795 0.0226212833
    endloop
  endfacet
  facet normal 0.38258931 0.415400803 -0.825268149
    outer loop
      vertex 0.03158902 -0.0111813024 0.023640085
      vertex 0.030379856 -0.0120916795 0.0226212833
      vertex 0.030379869 -0.0109671494 0.0231873244
    endloop
  endfacet
  facet normal -0.382579148 0.415409774 -0.825268388
    outer loop
      vertex 0.030379869 -0.0109671494 0.0231873244
      vertex 0.030379856 -0.0120916795 0.0226212833
      vertex 0.0291706994 -0.0123277614 0.023062991
    endloop
  endfacet
  facet normal -0.382579774 0.41541028 -0.825267911
    outer loop
      vertex 0.030379869 -0.0109671494 0.0231873244
      vertex 0.0291706994 -0.0123277614 0.023062991
      vertex 0.0291707143 -0.0111812735 0.023640085
    endloop
  endfacet
  facet normal -0.923836708 0.172114894 -0.341909409
    outer loop
      vertex 0.0291707143 -0.0111812735 0.023640085
      vertex 0.0291706994 -0.0123277614 0.023062991
      vertex 0.0286698453 -0.0128977466 0.0241293684
    endloop
  endfacet
  facet normal -0.923836648 0.172114775 -0.341909766
    outer loop
      vertex 0.0291707143 -0.0111812735 0.023640085
      vertex 0.0286698453 -0.0128977466 0.0241293684
      vertex 0.0286698602 -0.0116982479 0.0247331467
    endloop
  endfacet
  facet normal -0.923840702 -0.17209211 0.341910362
    outer loop
      vertex 0.0286698602 -0.0116982479 0.0247331467
      vertex 0.0286698453 -0.0128977466 0.0241293684
      vertex 0.0291706864 -0.0134677431 0.0251957458
    endloop
  endfacet
  facet normal -0.923840702 -0.172092184 0.341910124
    outer loop
      vertex 0.0286698602 -0.0116982479 0.0247331467
      vertex 0.0291706864 -0.0134677431 0.0251957458
      vertex 0.0291707013 -0.0122152334 0.0258262064
    endloop
  endfacet
  facet normal -0.382590115 -0.415400565 0.825267911
    outer loop
      vertex 0.0291707013 -0.0122152334 0.0258262064
      vertex 0.0291706864 -0.0134677431 0.0251957458
      vertex 0.0303798355 -0.0137038557 0.0256374534
    endloop
  endfacet
  facet normal -0.382589638 -0.415400267 0.825268388
    outer loop
      vertex 0.0291707013 -0.0122152334 0.0258262064
      vertex 0.0303798355 -0.0137038557 0.0256374534
      vertex 0.0303798523 -0.0124293873 0.026278967
    endloop
  endfacet
  facet normal 0.38257876 -0.455403537 0.803891182
    outer loop
      vertex 0.0303798355 -0.0137038557 0.0256374534
      vertex 0.0303798206 -0.0149453226 0.0249341708
      vertex 0.0315889753 -0.0146878501 0.0245045815
    endloop
  endfacet
  facet normal 0.382579774 -0.455402553 0.803891361
    outer loop
      vertex 0.0303798355 -0.0137038557 0.0256374534
      vertex 0.0315889753 -0.0146878501 0.0245045815
      vertex 0.0315889902 -0.0134677719 0.0251957458
    endloop
  endfacet
  facet normal 0.923835695 -0.188684404 0.333055347
    outer loop
      vertex 0.0315889902 -0.0134677719 0.0251957458
      vertex 0.0315889753 -0.0146878501 0.0245045815
      vertex 0.0320898332 -0.0140662277 0.0234674569
    endloop
  endfacet
  facet normal 0.923836589 -0.188681453 0.333054572
    outer loop
      vertex 0.0315889902 -0.0134677719 0.0251957458
      vertex 0.0320898332 -0.0140662277 0.0234674569
      vertex 0.0320898443 -0.0128977876 0.0241293684
    endloop
  endfacet
  facet normal 0.923840463 0.188663438 -0.333053976
    outer loop
      vertex 0.0320898443 -0.0128977876 0.0241293684
      vertex 0.0320898332 -0.0140662277 0.0234674569
      vertex 0.0315889902 -0.0134445922 0.0224303305
    endloop
  endfacet
  facet normal 0.923841476 0.188659936 -0.333053172
    outer loop
      vertex 0.0320898443 -0.0128977876 0.0241293684
      vertex 0.0315889902 -0.0134445922 0.0224303305
      vertex 0.0315890051 -0.0123277903 0.023062991
    endloop
  endfacet
  facet normal 0.382589728 0.455393821 -0.80389154
    outer loop
      vertex 0.0315890051 -0.0123277903 0.023062991
      vertex 0.0315889902 -0.0134445922 0.0224303305
      vertex 0.030379843 -0.0131870918 0.0220007412
    endloop
  endfacet
  facet normal 0.382590026 0.455393493 -0.803891599
    outer loop
      vertex 0.0315890051 -0.0123277903 0.023062991
      vertex 0.030379843 -0.0131870918 0.0220007412
      vertex 0.030379856 -0.0120916795 0.0226212833
    endloop
  endfacet
  facet normal -0.382578015 0.455402762 -0.803892016
    outer loop
      vertex 0.030379856 -0.0120916795 0.0226212833
      vertex 0.030379843 -0.0131870918 0.0220007412
      vertex 0.0291706864 -0.0134445634 0.0224303305
    endloop
  endfacet
  facet normal -0.382578611 0.455403328 -0.80389148
    outer loop
      vertex 0.030379856 -0.0120916795 0.0226212833
      vertex 0.0291706864 -0.0134445634 0.0224303305
      vertex 0.0291706994 -0.0123277614 0.023062991
    endloop
  endfacet
  facet normal -0.923836887 0.188682854 -0.333052784
    outer loop
      vertex 0.0291706994 -0.0123277614 0.023062991
      vertex 0.0291706864 -0.0134445634 0.0224303305
      vertex 0.0286698323 -0.0140661867 0.0234674569
    endloop
  endfacet
  facet normal -0.923836529 0.188682482 -0.333053857
    outer loop
      vertex 0.0291706994 -0.0123277614 0.023062991
      vertex 0.0286698323 -0.0140661867 0.0234674569
      vertex 0.0286698453 -0.0128977466 0.0241293684
    endloop
  endfacet
  facet normal -0.923841178 -0.188661426 0.333053052
    outer loop
      vertex 0.0286698453 -0.0128977466 0.0241293684
      vertex 0.0286698323 -0.0140661867 0.0234674569
      vertex 0.0291706715 -0.0146878213 0.0245045815
    endloop
  endfacet
  facet normal -0.92384088 -0.188661098 0.333054066
    outer loop
      vertex 0.0286698453 -0.0128977466 0.0241293684
      vertex 0.0291706715 -0.0146878213 0.0245045815
      vertex 0.0291706864 -0.0134677431 0.0251957458
    endloop
  endfacet
  facet normal -0.382589489 -0.455393434 0.803891838
    outer loop
      vertex 0.0291706864 -0.0134677431 0.0251957458
      vertex 0.0291706715 -0.0146878213 0.0245045815
      vertex 0.0303798206 -0.0149453226 0.0249341708
    endloop
  endfacet
  facet normal -0.382590622 -0.455394208 0.803890944
    outer loop
      vertex 0.0291706864 -0.0134677431 0.0251957458
      vertex 0.0303798206 -0.0149453226 0.0249341708
      vertex 0.0303798355 -0.0137038557 0.0256374534
    endloop
  endfacet
  facet normal 0.382578939 -0.494299352 0.78057766
    outer loop
      vertex 0.0303798206 -0.0149453226 0.0249341708
      vertex 0.0303798076 -0.0161507744 0.0241708271
      vertex 0.0315889642 -0.0158725325 0.0237543881
    endloop
  endfacet
  facet normal 0.382578343 -0.494299948 0.7805776
    outer loop
      vertex 0.0303798206 -0.0149453226 0.0249341708
      vertex 0.0315889642 -0.0158725325 0.0237543881
      vertex 0.0315889753 -0.0146878501 0.0245045815
    endloop
  endfacet
  facet normal 0.923836648 -0.204796597 0.323394746
    outer loop
      vertex 0.0315889753 -0.0146878501 0.0245045815
      vertex 0.0315889642 -0.0158725325 0.0237543881
      vertex 0.0320898183 -0.0152007695 0.0227490142
    endloop
  endfacet
  facet normal 0.923835397 -0.20480071 0.32339558
    outer loop
      vertex 0.0315889753 -0.0146878501 0.0245045815
      vertex 0.0320898183 -0.0152007695 0.0227490142
      vertex 0.0320898332 -0.0140662277 0.0234674569
    endloop
  endfacet
  facet normal 0.923841238 0.204775885 -0.323394686
    outer loop
      vertex 0.0320898332 -0.0140662277 0.0234674569
      vertex 0.0320898183 -0.0152007695 0.0227490142
      vertex 0.0315889791 -0.0145289944 0.0217436403
    endloop
  endfacet
  facet normal 0.923840642 0.204778224 -0.323395163
    outer loop
      vertex 0.0320898332 -0.0140662277 0.0234674569
      vertex 0.0315889791 -0.0145289944 0.0217436403
      vertex 0.0315889902 -0.0134445922 0.0224303305
    endloop
  endfacet
  facet normal 0.382590622 0.494291127 -0.780577183
    outer loop
      vertex 0.0315889902 -0.0134445922 0.0224303305
      vertex 0.0315889791 -0.0145289944 0.0217436403
      vertex 0.0303798299 -0.0142507246 0.0213272013
    endloop
  endfacet
  facet normal 0.382590175 0.494291663 -0.780577064
    outer loop
      vertex 0.0315889902 -0.0134445922 0.0224303305
      vertex 0.0303798299 -0.0142507246 0.0213272013
      vertex 0.030379843 -0.0131870918 0.0220007412
    endloop
  endfacet
  facet normal -0.382578611 0.494300932 -0.780576885
    outer loop
      vertex 0.030379843 -0.0131870918 0.0220007412
      vertex 0.0303798299 -0.0142507246 0.0213272013
      vertex 0.0291706733 -0.0145289656 0.0217436403
    endloop
  endfacet
  facet normal -0.382577509 0.494300157 -0.780577898
    outer loop
      vertex 0.030379843 -0.0131870918 0.0220007412
      vertex 0.0291706733 -0.0145289656 0.0217436403
      vertex 0.0291706864 -0.0134445634 0.0224303305
    endloop
  endfacet
  facet normal -0.923836231 0.204798669 -0.323394865
    outer loop
      vertex 0.0291706864 -0.0134445634 0.0224303305
      vertex 0.0291706733 -0.0145289656 0.0217436403
      vertex 0.0286698174 -0.0152007286 0.0227490142
    endloop
  endfacet
  facet normal -0.923836648 0.204799116 -0.323393077
    outer loop
      vertex 0.0291706864 -0.0134445634 0.0224303305
      vertex 0.0286698174 -0.0152007286 0.0227490142
      vertex 0.0286698323 -0.0140661867 0.0234674569
    endloop
  endfacet
  facet normal -0.923841238 -0.204775959 0.323394835
    outer loop
      vertex 0.0286698323 -0.0140661867 0.0234674569
      vertex 0.0286698174 -0.0152007286 0.0227490142
      vertex 0.0291706566 -0.0158725027 0.0237543881
    endloop
  endfacet
  facet normal -0.923841357 -0.204776123 0.323394269
    outer loop
      vertex 0.0286698323 -0.0140661867 0.0234674569
      vertex 0.0291706566 -0.0158725027 0.0237543881
      vertex 0.0291706715 -0.0146878213 0.0245045815
    endloop
  endfacet
  facet normal -0.382590741 -0.494291425 0.780576885
    outer loop
      vertex 0.0291706715 -0.0146878213 0.0245045815
      vertex 0.0291706566 -0.0158725027 0.0237543881
      vertex 0.0303798076 -0.0161507744 0.0241708271
    endloop
  endfacet
  facet normal -0.382589966 -0.494290948 0.78057754
    outer loop
      vertex 0.0291706715 -0.0146878213 0.0245045815
      vertex 0.0303798076 -0.0161507744 0.0241708271
      vertex 0.0303798206 -0.0149453226 0.0249341708
    endloop
  endfacet
  facet normal 0.382578045 -0.532004833 0.755383968
    outer loop
      vertex 0.0303798076 -0.0161507744 0.0241708271
      vertex 0.0303797927 -0.0173173305 0.0233492479
      vertex 0.0315889493 -0.0170189925 0.0229469631
    endloop
  endfacet
  facet normal 0.382578492 -0.532004356 0.755384028
    outer loop
      vertex 0.0303798076 -0.0161507744 0.0241708271
      vertex 0.0315889493 -0.0170189925 0.0229469631
      vertex 0.0315889642 -0.0158725325 0.0237543881
    endloop
  endfacet
  facet normal 0.923836648 -0.220419243 0.312955469
    outer loop
      vertex 0.0315889642 -0.0158725325 0.0237543881
      vertex 0.0315889493 -0.0170189925 0.0229469631
      vertex 0.0320898034 -0.0162987057 0.0219757631
    endloop
  endfacet
  facet normal 0.92383647 -0.220419899 0.312955588
    outer loop
      vertex 0.0315889642 -0.0158725325 0.0237543881
      vertex 0.0320898034 -0.0162987057 0.0219757631
      vertex 0.0320898183 -0.0152007695 0.0227490142
    endloop
  endfacet
  facet normal 0.92384243 0.220394969 -0.312955797
    outer loop
      vertex 0.0320898183 -0.0152007695 0.0227490142
      vertex 0.0320898034 -0.0162987057 0.0219757631
      vertex 0.0315889679 -0.0155784087 0.0210045613
    endloop
  endfacet
  facet normal 0.923841417 0.220398203 -0.312956214
    outer loop
      vertex 0.0320898183 -0.0152007695 0.0227490142
      vertex 0.0315889679 -0.0155784087 0.0210045613
      vertex 0.0315889791 -0.0145289944 0.0217436403
    endloop
  endfacet
  facet normal 0.382590026 0.531996071 -0.755384088
    outer loop
      vertex 0.0315889791 -0.0145289944 0.0217436403
      vertex 0.0315889679 -0.0155784087 0.0210045613
      vertex 0.0303798169 -0.01528004 0.0206022784
    endloop
  endfacet
  facet normal 0.382591128 0.53199482 -0.755384445
    outer loop
      vertex 0.0315889791 -0.0145289944 0.0217436403
      vertex 0.0303798169 -0.01528004 0.0206022784
      vertex 0.0303798299 -0.0142507246 0.0213272013
    endloop
  endfacet
  facet normal -0.38257736 0.532004535 -0.755384445
    outer loop
      vertex 0.0303798299 -0.0142507246 0.0213272013
      vertex 0.0303798169 -0.01528004 0.0206022784
      vertex 0.0291706603 -0.0155783789 0.0210045613
    endloop
  endfacet
  facet normal -0.382578105 0.532005072 -0.75538373
    outer loop
      vertex 0.0303798299 -0.0142507246 0.0213272013
      vertex 0.0291706603 -0.0155783789 0.0210045613
      vertex 0.0291706733 -0.0145289656 0.0217436403
    endloop
  endfacet
  facet normal -0.923836291 0.22041975 -0.312956274
    outer loop
      vertex 0.0291706733 -0.0145289656 0.0217436403
      vertex 0.0291706603 -0.0155783789 0.0210045613
      vertex 0.0286698043 -0.0162986647 0.0219757631
    endloop
  endfacet
  facet normal -0.923836052 0.220419541 -0.312957287
    outer loop
      vertex 0.0291706733 -0.0145289656 0.0217436403
      vertex 0.0286698043 -0.0162986647 0.0219757631
      vertex 0.0286698174 -0.0152007286 0.0227490142
    endloop
  endfacet
  facet normal -0.923841298 -0.220397547 0.312957197
    outer loop
      vertex 0.0286698174 -0.0152007286 0.0227490142
      vertex 0.0286698043 -0.0162986647 0.0219757631
      vertex 0.0291706435 -0.0170189627 0.0229469631
    endloop
  endfacet
  facet normal -0.923841357 -0.220397636 0.31295675
    outer loop
      vertex 0.0286698174 -0.0152007286 0.0227490142
      vertex 0.0291706435 -0.0170189627 0.0229469631
      vertex 0.0291706566 -0.0158725027 0.0237543881
    endloop
  endfacet
  facet normal -0.382591218 -0.531995118 0.755384207
    outer loop
      vertex 0.0291706566 -0.0158725027 0.0237543881
      vertex 0.0291706435 -0.0170189627 0.0229469631
      vertex 0.0303797927 -0.0173173305 0.0233492479
    endloop
  endfacet
  facet normal -0.382591277 -0.531995177 0.755384088
    outer loop
      vertex 0.0291706566 -0.0158725027 0.0237543881
      vertex 0.0303797927 -0.0173173305 0.0233492479
      vertex 0.0303798076 -0.0161507744 0.0241708271
    endloop
  endfacet
  facet normal 0.382578254 -0.56842953 0.728369296
    outer loop
      vertex 0.0303797927 -0.0173173305 0.0233492479
      vertex 0.0303797796 -0.018442167 0.0224714167
      vertex 0.0315889344 -0.0181244481 0.0220842566
    endloop
  endfacet
  facet normal 0.382577538 -0.568430185 0.728369057
    outer loop
      vertex 0.0303797927 -0.0173173305 0.0233492479
      vertex 0.0315889344 -0.0181244481 0.0220842566
      vertex 0.0315889493 -0.0170189925 0.0229469631
    endloop
  endfacet
  facet normal 0.923835695 -0.23551178 0.301764399
    outer loop
      vertex 0.0315889493 -0.0170189925 0.0229469631
      vertex 0.0315889344 -0.0181244481 0.0220842566
      vertex 0.0320897922 -0.0173573755 0.0211495683
    endloop
  endfacet
  facet normal 0.923836529 -0.235509023 0.301764131
    outer loop
      vertex 0.0315889493 -0.0170189925 0.0229469631
      vertex 0.0320897922 -0.0173573755 0.0211495683
      vertex 0.0320898034 -0.0162987057 0.0219757631
    endloop
  endfacet
  facet normal 0.923841238 0.235489979 -0.301764667
    outer loop
      vertex 0.0320898034 -0.0162987057 0.0219757631
      vertex 0.0320897922 -0.0173573755 0.0211495683
      vertex 0.031588953 -0.0165902916 0.0202148817
    endloop
  endfacet
  facet normal 0.923842549 0.235485032 -0.30176425
    outer loop
      vertex 0.0320898034 -0.0162987057 0.0219757631
      vertex 0.031588953 -0.0165902916 0.0202148817
      vertex 0.0315889679 -0.0155784087 0.0210045613
    endloop
  endfacet
  facet normal 0.382592112 0.56841892 -0.72837019
    outer loop
      vertex 0.0315889679 -0.0155784087 0.0210045613
      vertex 0.031588953 -0.0165902916 0.0202148817
      vertex 0.0303798057 -0.016272543 0.0198277216
    endloop
  endfacet
  facet normal 0.382590473 0.568420768 -0.728369653
    outer loop
      vertex 0.0315889679 -0.0155784087 0.0210045613
      vertex 0.0303798057 -0.016272543 0.0198277216
      vertex 0.0303798169 -0.01528004 0.0206022784
    endloop
  endfacet
  facet normal -0.382577747 0.568429351 -0.728369594
    outer loop
      vertex 0.0303798169 -0.01528004 0.0206022784
      vertex 0.0303798057 -0.016272543 0.0198277216
      vertex 0.0291706491 -0.0165902618 0.0202148817
    endloop
  endfacet
  facet normal -0.382576972 0.568428934 -0.728370368
    outer loop
      vertex 0.0303798169 -0.01528004 0.0206022784
      vertex 0.0291706491 -0.0165902618 0.0202148817
      vertex 0.0291706603 -0.0155783789 0.0210045613
    endloop
  endfacet
  facet normal -0.923835516 0.235510319 -0.301766127
    outer loop
      vertex 0.0291706603 -0.0155783789 0.0210045613
      vertex 0.0291706491 -0.0165902618 0.0202148817
      vertex 0.0286697913 -0.0173573345 0.0211495683
    endloop
  endfacet
  facet normal -0.923836172 0.235510662 -0.301764131
    outer loop
      vertex 0.0291706603 -0.0155783789 0.0210045613
      vertex 0.0286697913 -0.0173573345 0.0211495683
      vertex 0.0286698043 -0.0162986647 0.0219757631
    endloop
  endfacet
  facet normal -0.923841357 -0.235488713 0.301765144
    outer loop
      vertex 0.0286698043 -0.0162986647 0.0219757631
      vertex 0.0286697913 -0.0173573345 0.0211495683
      vertex 0.0291706305 -0.0181244183 0.0220842566
    endloop
  endfacet
  facet normal -0.923841417 -0.235488787 0.301764786
    outer loop
      vertex 0.0286698043 -0.0162986647 0.0219757631
      vertex 0.0291706305 -0.0181244183 0.0220842566
      vertex 0.0291706435 -0.0170189627 0.0229469631
    endloop
  endfacet
  facet normal -0.382591635 -0.568420649 0.728369176
    outer loop
      vertex 0.0291706435 -0.0170189627 0.0229469631
      vertex 0.0291706305 -0.0181244183 0.0220842566
      vertex 0.0303797796 -0.018442167 0.0224714167
    endloop
  endfacet
  facet normal -0.382591546 -0.568420529 0.728369236
    outer loop
      vertex 0.0291706435 -0.0170189627 0.0229469631
      vertex 0.0303797796 -0.018442167 0.0224714167
      vertex 0.0303797927 -0.0173173305 0.0233492479
    endloop
  endfacet
  facet normal 0.382576466 -0.603485346 0.699600399
    outer loop
      vertex 0.0303797796 -0.018442167 0.0224714167
      vertex 0.0303797666 -0.0195225757 0.0215394478
      vertex 0.0315889232 -0.0191862434 0.0211683456
    endloop
  endfacet
  facet normal 0.382577777 -0.603483975 0.699600875
    outer loop
      vertex 0.0303797796 -0.018442167 0.0224714167
      vertex 0.0315889232 -0.0191862434 0.0211683456
      vertex 0.0315889344 -0.0181244481 0.0220842566
    endloop
  endfacet
  facet normal 0.923835695 -0.25003314 0.289846599
    outer loop
      vertex 0.0315889344 -0.0181244481 0.0220842566
      vertex 0.0315889232 -0.0191862434 0.0211683456
      vertex 0.032089781 -0.0183742307 0.0202724226
    endloop
  endfacet
  facet normal 0.923835516 -0.250033647 0.289846629
    outer loop
      vertex 0.0315889344 -0.0181244481 0.0220842566
      vertex 0.032089781 -0.0183742307 0.0202724226
      vertex 0.0320897922 -0.0173573755 0.0211495683
    endloop
  endfacet
  facet normal 0.923841298 0.250012994 -0.289846182
    outer loop
      vertex 0.0320897922 -0.0173573755 0.0211495683
      vertex 0.032089781 -0.0183742307 0.0202724226
      vertex 0.0315889418 -0.0175622087 0.0193764996
    endloop
  endfacet
  facet normal 0.923841357 0.250012636 -0.289846182
    outer loop
      vertex 0.0320897922 -0.0173573755 0.0211495683
      vertex 0.0315889418 -0.0175622087 0.0193764996
      vertex 0.031588953 -0.0165902916 0.0202148817
    endloop
  endfacet
  facet normal 0.38259235 0.603475392 -0.69960022
    outer loop
      vertex 0.031588953 -0.0165902916 0.0202148817
      vertex 0.0315889418 -0.0175622087 0.0193764996
      vertex 0.0303797945 -0.0172258448 0.0190053973
    endloop
  endfacet
  facet normal 0.382592559 0.603475213 -0.699600339
    outer loop
      vertex 0.031588953 -0.0165902916 0.0202148817
      vertex 0.0303797945 -0.0172258448 0.0190053973
      vertex 0.0303798057 -0.016272543 0.0198277216
    endloop
  endfacet
  facet normal -0.382576704 0.603484631 -0.699600756
    outer loop
      vertex 0.0303798057 -0.016272543 0.0198277216
      vertex 0.0303797945 -0.0172258448 0.0190053973
      vertex 0.0291706361 -0.0175621789 0.0193764996
    endloop
  endfacet
  facet normal -0.3825773 0.603484988 -0.699600279
    outer loop
      vertex 0.0303798057 -0.016272543 0.0198277216
      vertex 0.0291706361 -0.0175621789 0.0193764996
      vertex 0.0291706491 -0.0165902618 0.0202148817
    endloop
  endfacet
  facet normal -0.923836112 0.250034183 -0.289844483
    outer loop
      vertex 0.0291706491 -0.0165902618 0.0202148817
      vertex 0.0291706361 -0.0175621789 0.0193764996
      vertex 0.0286697801 -0.0183741897 0.0202724226
    endloop
  endfacet
  facet normal -0.923835397 0.250033915 -0.289846927
    outer loop
      vertex 0.0291706491 -0.0165902618 0.0202148817
      vertex 0.0286697801 -0.0183741897 0.0202724226
      vertex 0.0286697913 -0.0173573345 0.0211495683
    endloop
  endfacet
  facet normal -0.923841834 -0.250011981 0.28984502
    outer loop
      vertex 0.0286697913 -0.0173573345 0.0211495683
      vertex 0.0286697801 -0.0183741897 0.0202724226
      vertex 0.0291706175 -0.0191862136 0.0211683456
    endloop
  endfacet
  facet normal -0.923841536 -0.250011861 0.289846361
    outer loop
      vertex 0.0286697913 -0.0173573345 0.0211495683
      vertex 0.0291706175 -0.0191862136 0.0211683456
      vertex 0.0291706305 -0.0181244183 0.0220842566
    endloop
  endfacet
  facet normal -0.382591099 -0.603475332 0.699600935
    outer loop
      vertex 0.0291706305 -0.0181244183 0.0220842566
      vertex 0.0291706175 -0.0191862136 0.0211683456
      vertex 0.0303797666 -0.0195225757 0.0215394478
    endloop
  endfacet
  facet normal -0.382592022 -0.603475809 0.699599981
    outer loop
      vertex 0.0291706305 -0.0181244183 0.0220842566
      vertex 0.0303797666 -0.0195225757 0.0215394478
      vertex 0.0303797796 -0.018442167 0.0224714167
    endloop
  endfacet
  facet normal 0.382576436 -0.637085497 0.669146717
    outer loop
      vertex 0.0303797666 -0.0195225757 0.0215394478
      vertex 0.0303797536 -0.0205559544 0.0205555893
      vertex 0.031588912 -0.0202018172 0.0202014372
    endloop
  endfacet
  facet normal 0.382576078 -0.637085974 0.669146597
    outer loop
      vertex 0.0303797666 -0.0195225757 0.0215394478
      vertex 0.031588912 -0.0202018172 0.0202014372
      vertex 0.0315889232 -0.0191862434 0.0211683456
    endloop
  endfacet
  facet normal 0.923835456 -0.26395452 0.277228951
    outer loop
      vertex 0.0315889232 -0.0191862434 0.0211683456
      vertex 0.031588912 -0.0202018172 0.0202014372
      vertex 0.0320897698 -0.0193468221 0.0193464383
    endloop
  endfacet
  facet normal 0.923835576 -0.26395458 0.277228951
    outer loop
      vertex 0.0315889232 -0.0191862434 0.0211683456
      vertex 0.0320897698 -0.0193468221 0.0193464383
      vertex 0.032089781 -0.0183742307 0.0202724226
    endloop
  endfacet
  facet normal 0.923841476 0.263933599 -0.27722919
    outer loop
      vertex 0.032089781 -0.0183742307 0.0202724226
      vertex 0.0320897698 -0.0193468221 0.0193464383
      vertex 0.0315889306 -0.0184918158 0.0184914377
    endloop
  endfacet
  facet normal 0.923841357 0.263933718 -0.27722916
    outer loop
      vertex 0.032089781 -0.0183742307 0.0202724226
      vertex 0.0315889306 -0.0184918158 0.0184914377
      vertex 0.0315889418 -0.0175622087 0.0193764996
    endloop
  endfacet
  facet normal 0.382592827 0.637076795 -0.669145644
    outer loop
      vertex 0.0315889418 -0.0175622087 0.0193764996
      vertex 0.0315889306 -0.0184918158 0.0184914377
      vertex 0.0303797834 -0.0181376487 0.0181372855
    endloop
  endfacet
  facet normal 0.382592827 0.637076676 -0.669145763
    outer loop
      vertex 0.0315889418 -0.0175622087 0.0193764996
      vertex 0.0303797834 -0.0181376487 0.0181372855
      vertex 0.0303797945 -0.0172258448 0.0190053973
    endloop
  endfacet
  facet normal -0.382576466 0.637086272 -0.669146001
    outer loop
      vertex 0.0303797945 -0.0172258448 0.0190053973
      vertex 0.0303797834 -0.0181376487 0.0181372855
      vertex 0.0291706249 -0.018491786 0.0184914377
    endloop
  endfacet
  facet normal -0.382576346 0.637086272 -0.669146001
    outer loop
      vertex 0.0303797945 -0.0172258448 0.0190053973
      vertex 0.0291706249 -0.018491786 0.0184914377
      vertex 0.0291706361 -0.0175621789 0.0193764996
    endloop
  endfacet
  facet normal -0.923836231 0.263954073 -0.277227193
    outer loop
      vertex 0.0291706361 -0.0175621789 0.0193764996
      vertex 0.0291706249 -0.018491786 0.0184914377
      vertex 0.0286697689 -0.0193467811 0.0193464383
    endloop
  endfacet
  facet normal -0.923835874 0.263953984 -0.277228326
    outer loop
      vertex 0.0291706361 -0.0175621789 0.0193764996
      vertex 0.0286697689 -0.0193467811 0.0193464383
      vertex 0.0286697801 -0.0183741897 0.0202724226
    endloop
  endfacet
  facet normal -0.923842371 -0.263932168 0.2772277
    outer loop
      vertex 0.0286697801 -0.0183741897 0.0202724226
      vertex 0.0286697689 -0.0193467811 0.0193464383
      vertex 0.0291706044 -0.0202017874 0.0202014372
    endloop
  endfacet
  facet normal -0.923842072 -0.263932139 0.277228504
    outer loop
      vertex 0.0286697801 -0.0183741897 0.0202724226
      vertex 0.0291706044 -0.0202017874 0.0202014372
      vertex 0.0291706175 -0.0191862136 0.0211683456
    endloop
  endfacet
  facet normal -0.382592261 -0.637076437 0.66914624
    outer loop
      vertex 0.0291706175 -0.0191862136 0.0211683456
      vertex 0.0291706044 -0.0202017874 0.0202014372
      vertex 0.0303797536 -0.0205559544 0.0205555893
    endloop
  endfacet
  facet normal -0.382591516 -0.637076139 0.669147015
    outer loop
      vertex 0.0291706175 -0.0191862136 0.0211683456
      vertex 0.0303797536 -0.0205559544 0.0205555893
      vertex 0.0303797666 -0.0195225757 0.0215394478
    endloop
  endfacet
  facet normal 0.382576257 -0.669151425 0.637080669
    outer loop
      vertex 0.0303797536 -0.0205559544 0.0205555893
      vertex 0.0303797424 -0.0215398017 0.0195222218
      vertex 0.0315888971 -0.0211687144 0.0191858746
    endloop
  endfacet
  facet normal 0.382576019 -0.669151664 0.63708061
    outer loop
      vertex 0.0303797536 -0.0205559544 0.0205555893
      vertex 0.0315888971 -0.0211687144 0.0191858746
      vertex 0.031588912 -0.0202018172 0.0202014372
    endloop
  endfacet
  facet normal 0.923834622 -0.277242392 0.263943493
    outer loop
      vertex 0.031588912 -0.0202018172 0.0202014372
      vertex 0.0315888971 -0.0211687144 0.0191858746
      vertex 0.0320897587 -0.020272797 0.0183738563
    endloop
  endfacet
  facet normal 0.923835397 -0.277239829 0.263943613
    outer loop
      vertex 0.031588912 -0.0202018172 0.0202014372
      vertex 0.0320897587 -0.020272797 0.0183738563
      vertex 0.0320897698 -0.0193468221 0.0193464383
    endloop
  endfacet
  facet normal 0.923841298 0.277218908 -0.263944894
    outer loop
      vertex 0.0320897698 -0.0193468221 0.0193464383
      vertex 0.0320897587 -0.020272797 0.0183738563
      vertex 0.0315889195 -0.0193768684 0.0175618399
    endloop
  endfacet
  facet normal 0.923841596 0.277217805 -0.263944983
    outer loop
      vertex 0.0320897698 -0.0193468221 0.0193464383
      vertex 0.0315889195 -0.0193768684 0.0175618399
      vertex 0.0315889306 -0.0184918158 0.0184914377
    endloop
  endfacet
  facet normal 0.382593125 0.669141173 -0.637081325
    outer loop
      vertex 0.0315889306 -0.0184918158 0.0184914377
      vertex 0.0315889195 -0.0193768684 0.0175618399
      vertex 0.0303797722 -0.0190057512 0.0172254909
    endloop
  endfacet
  facet normal 0.382593185 0.669141054 -0.637081385
    outer loop
      vertex 0.0315889306 -0.0184918158 0.0184914377
      vertex 0.0303797722 -0.0190057512 0.0172254909
      vertex 0.0303797834 -0.0181376487 0.0181372855
    endloop
  endfacet
  facet normal -0.382576615 0.66915077 -0.637081206
    outer loop
      vertex 0.0303797834 -0.0181376487 0.0181372855
      vertex 0.0303797722 -0.0190057512 0.0172254909
      vertex 0.0291706156 -0.0193768386 0.0175618399
    endloop
  endfacet
  facet normal -0.382575989 0.669150472 -0.637081802
    outer loop
      vertex 0.0303797834 -0.0181376487 0.0181372855
      vertex 0.0291706156 -0.0193768386 0.0175618399
      vertex 0.0291706249 -0.018491786 0.0184914377
    endloop
  endfacet
  facet normal -0.923835456 0.277238667 -0.263944477
    outer loop
      vertex 0.0291706249 -0.018491786 0.0184914377
      vertex 0.0291706156 -0.0193768386 0.0175618399
      vertex 0.0286697578 -0.020272756 0.0183738563
    endloop
  endfacet
  facet normal -0.923836052 0.277238697 -0.26394254
    outer loop
      vertex 0.0291706249 -0.018491786 0.0184914377
      vertex 0.0286697578 -0.020272756 0.0183738563
      vertex 0.0286697689 -0.0193467811 0.0193464383
    endloop
  endfacet
  facet normal -0.92384243 -0.277216941 0.263943017
    outer loop
      vertex 0.0286697689 -0.0193467811 0.0193464383
      vertex 0.0286697578 -0.020272756 0.0183738563
      vertex 0.0291705932 -0.0211686846 0.0191858746
    endloop
  endfacet
  facet normal -0.92384249 -0.277216911 0.263942957
    outer loop
      vertex 0.0286697689 -0.0193467811 0.0193464383
      vertex 0.0291705932 -0.0211686846 0.0191858746
      vertex 0.0291706044 -0.0202017874 0.0202014372
    endloop
  endfacet
  facet normal -0.382591724 -0.669142008 0.637081206
    outer loop
      vertex 0.0291706044 -0.0202017874 0.0202014372
      vertex 0.0291705932 -0.0211686846 0.0191858746
      vertex 0.0303797424 -0.0215398017 0.0195222218
    endloop
  endfacet
  facet normal -0.382592648 -0.669142306 0.637080371
    outer loop
      vertex 0.0291706044 -0.0202017874 0.0202014372
      vertex 0.0303797424 -0.0215398017 0.0195222218
      vertex 0.0303797536 -0.0205559544 0.0205555893
    endloop
  endfacet
  facet normal 0.382575899 -0.699604809 0.603480637
    outer loop
      vertex 0.0303797424 -0.0215398017 0.0195222218
      vertex 0.0303797312 -0.0224717706 0.0184418131
      vertex 0.0315888897 -0.0220846254 0.0181240793
    endloop
  endfacet
  facet normal 0.382575899 -0.699604809 0.603480697
    outer loop
      vertex 0.0303797424 -0.0215398017 0.0195222218
      vertex 0.0315888897 -0.0220846254 0.0181240793
      vertex 0.0315888971 -0.0211687144 0.0191858746
    endloop
  endfacet
  facet normal 0.923835516 -0.289854825 0.250024021
    outer loop
      vertex 0.0315888971 -0.0211687144 0.0191858746
      vertex 0.0315888897 -0.0220846254 0.0181240793
      vertex 0.0320897475 -0.0211499427 0.0173570011
    endloop
  endfacet
  facet normal 0.923834503 -0.289858609 0.250023693
    outer loop
      vertex 0.0315888971 -0.0211687144 0.0191858746
      vertex 0.0320897475 -0.0211499427 0.0173570011
      vertex 0.0320897587 -0.020272797 0.0183738563
    endloop
  endfacet
  facet normal 0.923842311 0.289834261 -0.250022978
    outer loop
      vertex 0.0320897587 -0.020272797 0.0183738563
      vertex 0.0320897475 -0.0211499427 0.0173570011
      vertex 0.031588912 -0.0202152506 0.0165899228
    endloop
  endfacet
  facet normal 0.923841476 0.289837301 -0.25002265
    outer loop
      vertex 0.0320897587 -0.020272797 0.0183738563
      vertex 0.031588912 -0.0202152506 0.0165899228
      vertex 0.0315889195 -0.0193768684 0.0175618399
    endloop
  endfacet
  facet normal 0.382593036 0.699596345 -0.603479385
    outer loop
      vertex 0.0315889195 -0.0193768684 0.0175618399
      vertex 0.031588912 -0.0202152506 0.0165899228
      vertex 0.0303797629 -0.0198280755 0.0162721891
    endloop
  endfacet
  facet normal 0.382593483 0.699595928 -0.603479683
    outer loop
      vertex 0.0315889195 -0.0193768684 0.0175618399
      vertex 0.0303797629 -0.0198280755 0.0162721891
      vertex 0.0303797722 -0.0190057512 0.0172254909
    endloop
  endfacet
  facet normal -0.38257578 0.699605107 -0.60348022
    outer loop
      vertex 0.0303797722 -0.0190057512 0.0172254909
      vertex 0.0303797629 -0.0198280755 0.0162721891
      vertex 0.0291706044 -0.0202152207 0.0165899228
    endloop
  endfacet
  facet normal -0.382576197 0.699605286 -0.603479803
    outer loop
      vertex 0.0303797722 -0.0190057512 0.0172254909
      vertex 0.0291706044 -0.0202152207 0.0165899228
      vertex 0.0291706156 -0.0193768386 0.0175618399
    endloop
  endfacet
  facet normal -0.923835456 0.28985697 -0.250021964
    outer loop
      vertex 0.0291706156 -0.0193768386 0.0175618399
      vertex 0.0291706044 -0.0202152207 0.0165899228
      vertex 0.0286697466 -0.0211499017 0.0173570011
    endloop
  endfacet
  facet normal -0.923835337 0.289857 -0.250022292
    outer loop
      vertex 0.0291706156 -0.0193768386 0.0175618399
      vertex 0.0286697466 -0.0211499017 0.0173570011
      vertex 0.0286697578 -0.020272756 0.0183738563
    endloop
  endfacet
  facet normal -0.92384243 -0.289833963 0.250022739
    outer loop
      vertex 0.0286697578 -0.020272756 0.0183738563
      vertex 0.0286697466 -0.0211499017 0.0173570011
      vertex 0.0291705821 -0.0220845956 0.0181240793
    endloop
  endfacet
  facet normal -0.923842549 -0.289833903 0.250022203
    outer loop
      vertex 0.0286697578 -0.020272756 0.0183738563
      vertex 0.0291705821 -0.0220845956 0.0181240793
      vertex 0.0291705932 -0.0211686846 0.0191858746
    endloop
  endfacet
  facet normal -0.382593036 -0.699596047 0.603479862
    outer loop
      vertex 0.0291705932 -0.0211686846 0.0191858746
      vertex 0.0291705821 -0.0220845956 0.0181240793
      vertex 0.0303797312 -0.0224717706 0.0184418131
    endloop
  endfacet
  facet normal -0.382592201 -0.699595809 0.603480697
    outer loop
      vertex 0.0291705932 -0.0211686846 0.0191858746
      vertex 0.0303797312 -0.0224717706 0.0184418131
      vertex 0.0303797424 -0.0215398017 0.0195222218
    endloop
  endfacet
  facet normal 0.382575184 -0.728374481 0.568424881
    outer loop
      vertex 0.0303797312 -0.0224717706 0.0184418131
      vertex 0.03037972 -0.0233495925 0.0173169877
      vertex 0.0315888785 -0.0229473244 0.017018633
    endloop
  endfacet
  facet normal 0.382575482 -0.728374243 0.568425
    outer loop
      vertex 0.0303797312 -0.0224717706 0.0184418131
      vertex 0.0315888785 -0.0229473244 0.017018633
      vertex 0.0315888897 -0.0220846254 0.0181240793
    endloop
  endfacet
  facet normal 0.923835695 -0.301775038 0.23549825
    outer loop
      vertex 0.0315888897 -0.0220846254 0.0181240793
      vertex 0.0315888785 -0.0229473244 0.017018633
      vertex 0.0320897363 -0.0219761282 0.0162983406
    endloop
  endfacet
  facet normal 0.923835516 -0.301775903 0.235498145
    outer loop
      vertex 0.0315888897 -0.0220846254 0.0181240793
      vertex 0.0320897363 -0.0219761282 0.0162983406
      vertex 0.0320897475 -0.0211499427 0.0173570011
    endloop
  endfacet
  facet normal 0.92384243 0.301753253 -0.235499978
    outer loop
      vertex 0.0320897475 -0.0211499427 0.0173570011
      vertex 0.0320897363 -0.0219761282 0.0162983406
      vertex 0.0315889008 -0.0210049227 0.0155780492
    endloop
  endfacet
  facet normal 0.92384249 0.301753014 -0.235500038
    outer loop
      vertex 0.0320897475 -0.0211499427 0.0173570011
      vertex 0.0315889008 -0.0210049227 0.0155780492
      vertex 0.031588912 -0.0202152506 0.0165899228
    endloop
  endfacet
  facet normal 0.382593185 0.728365183 -0.568424702
    outer loop
      vertex 0.031588912 -0.0202152506 0.0165899228
      vertex 0.0315889008 -0.0210049227 0.0155780492
      vertex 0.0303797536 -0.0206026249 0.0152796954
    endloop
  endfacet
  facet normal 0.382593364 0.728364885 -0.568424881
    outer loop
      vertex 0.031588912 -0.0202152506 0.0165899228
      vertex 0.0303797536 -0.0206026249 0.0152796954
      vertex 0.0303797629 -0.0198280755 0.0162721891
    endloop
  endfacet
  facet normal -0.382574797 0.728374481 -0.568425119
    outer loop
      vertex 0.0303797629 -0.0198280755 0.0162721891
      vertex 0.0303797536 -0.0206026249 0.0152796954
      vertex 0.0291705951 -0.0210048929 0.0155780492
    endloop
  endfacet
  facet normal -0.382575482 0.72837466 -0.568424404
    outer loop
      vertex 0.0303797629 -0.0198280755 0.0162721891
      vertex 0.0291705951 -0.0210048929 0.0155780492
      vertex 0.0291706044 -0.0202152207 0.0165899228
    endloop
  endfacet
  facet normal -0.923835516 0.301775336 -0.235498756
    outer loop
      vertex 0.0291706044 -0.0202152207 0.0165899228
      vertex 0.0291705951 -0.0210048929 0.0155780492
      vertex 0.0286697373 -0.0219760872 0.0162983406
    endloop
  endfacet
  facet normal -0.923835337 0.301775396 -0.235499367
    outer loop
      vertex 0.0291706044 -0.0202152207 0.0165899228
      vertex 0.0286697373 -0.0219760872 0.0162983406
      vertex 0.0286697466 -0.0211499017 0.0173570011
    endloop
  endfacet
  facet normal -0.923842609 -0.301753581 0.235498622
    outer loop
      vertex 0.0286697466 -0.0211499017 0.0173570011
      vertex 0.0286697373 -0.0219760872 0.0162983406
      vertex 0.0291705728 -0.0229472946 0.017018633
    endloop
  endfacet
  facet normal -0.923842609 -0.301753581 0.235498652
    outer loop
      vertex 0.0286697466 -0.0211499017 0.0173570011
      vertex 0.0291705728 -0.0229472946 0.017018633
      vertex 0.0291705821 -0.0220845956 0.0181240793
    endloop
  endfacet
  facet normal -0.382593483 -0.728364825 0.568424881
    outer loop
      vertex 0.0291705821 -0.0220845956 0.0181240793
      vertex 0.0291705728 -0.0229472946 0.017018633
      vertex 0.03037972 -0.0233495925 0.0173169877
    endloop
  endfacet
  facet normal -0.382593393 -0.728364825 0.568425
    outer loop
      vertex 0.0291705821 -0.0220845956 0.0181240793
      vertex 0.03037972 -0.0233495925 0.0173169877
      vertex 0.0303797312 -0.0224717706 0.0184418131
    endloop
  endfacet
  facet normal 0.382575452 -0.755387366 0.532001734
    outer loop
      vertex 0.03037972 -0.0233495925 0.0173169877
      vertex 0.0303797107 -0.0241711754 0.0161504317
      vertex 0.0315888673 -0.0237547513 0.0158721767
    endloop
  endfacet
  facet normal 0.382574826 -0.755387962 0.532001376
    outer loop
      vertex 0.03037972 -0.0233495925 0.0173169877
      vertex 0.0315888673 -0.0237547513 0.0158721767
      vertex 0.0315888785 -0.0229473244 0.017018633
    endloop
  endfacet
  facet normal 0.923834503 -0.312969029 0.220409006
    outer loop
      vertex 0.0315888785 -0.0229473244 0.017018633
      vertex 0.0315888673 -0.0237547513 0.0158721767
      vertex 0.0320897289 -0.022749383 0.0152004072
    endloop
  endfacet
  facet normal 0.923835576 -0.312965453 0.220409662
    outer loop
      vertex 0.0315888785 -0.0229473244 0.017018633
      vertex 0.0320897289 -0.022749383 0.0152004072
      vertex 0.0320897363 -0.0219761282 0.0162983406
    endloop
  endfacet
  facet normal 0.92384249 0.312945902 -0.220408469
    outer loop
      vertex 0.0320897363 -0.0219761282 0.0162983406
      vertex 0.0320897289 -0.022749383 0.0152004072
      vertex 0.0315888934 -0.0217440035 0.0145286378
    endloop
  endfacet
  facet normal 0.923842609 0.312945873 -0.220408499
    outer loop
      vertex 0.0320897363 -0.0219761282 0.0162983406
      vertex 0.0315888934 -0.0217440035 0.0145286378
      vertex 0.0315889008 -0.0210049227 0.0155780492
    endloop
  endfacet
  facet normal 0.382593691 0.755378366 -0.532001555
    outer loop
      vertex 0.0315889008 -0.0210049227 0.0155780492
      vertex 0.0315888934 -0.0217440035 0.0145286378
      vertex 0.0303797442 -0.0213275496 0.0142503818
    endloop
  endfacet
  facet normal 0.382593483 0.755378604 -0.532001376
    outer loop
      vertex 0.0315889008 -0.0210049227 0.0155780492
      vertex 0.0303797442 -0.0213275496 0.0142503818
      vertex 0.0303797536 -0.0206026249 0.0152796954
    endloop
  endfacet
  facet normal -0.382576317 0.755387664 -0.53200078
    outer loop
      vertex 0.0303797536 -0.0206026249 0.0152796954
      vertex 0.0303797442 -0.0213275496 0.0142503818
      vertex 0.0291705858 -0.0217439756 0.0145286378
    endloop
  endfacet
  facet normal -0.382574469 0.755387127 -0.532002866
    outer loop
      vertex 0.0303797536 -0.0206026249 0.0152796954
      vertex 0.0291705858 -0.0217439756 0.0145286378
      vertex 0.0291705951 -0.0210048929 0.0155780492
    endloop
  endfacet
  facet normal -0.923835397 0.312966704 -0.220408931
    outer loop
      vertex 0.0291705951 -0.0210048929 0.0155780492
      vertex 0.0291705858 -0.0217439756 0.0145286378
      vertex 0.028669728 -0.022749342 0.0152004072
    endloop
  endfacet
  facet normal -0.923835278 0.312966645 -0.220408991
    outer loop
      vertex 0.0291705951 -0.0210048929 0.0155780492
      vertex 0.028669728 -0.022749342 0.0152004072
      vertex 0.0286697373 -0.0219760872 0.0162983406
    endloop
  endfacet
  facet normal -0.92384243 -0.312945187 0.220409513
    outer loop
      vertex 0.0286697373 -0.0219760872 0.0162983406
      vertex 0.028669728 -0.022749342 0.0152004072
      vertex 0.0291705634 -0.0237547215 0.0158721767
    endloop
  endfacet
  facet normal -0.923842728 -0.312945068 0.220408648
    outer loop
      vertex 0.0286697373 -0.0219760872 0.0162983406
      vertex 0.0291705634 -0.0237547215 0.0158721767
      vertex 0.0291705728 -0.0229472946 0.017018633
    endloop
  endfacet
  facet normal -0.38259387 -0.755378366 0.532001436
    outer loop
      vertex 0.0291705728 -0.0229472946 0.017018633
      vertex 0.0291705634 -0.0237547215 0.0158721767
      vertex 0.0303797107 -0.0241711754 0.0161504317
    endloop
  endfacet
  facet normal -0.382593781 -0.755378366 0.532001436
    outer loop
      vertex 0.0291705728 -0.0229472946 0.017018633
      vertex 0.0303797107 -0.0241711754 0.0161504317
      vertex 0.03037972 -0.0233495925 0.0173169877
    endloop
  endfacet
  facet normal 0.382574081 -0.780582964 0.494294643
    outer loop
      vertex 0.0303797107 -0.0241711754 0.0161504317
      vertex 0.0303797014 -0.0249345247 0.0149449687
      vertex 0.0315888599 -0.0245049503 0.0146874823
    endloop
  endfacet
  facet normal 0.382575214 -0.780582011 0.494295359
    outer loop
      vertex 0.0303797107 -0.0241711754 0.0161504317
      vertex 0.0315888599 -0.0245049503 0.0146874823
      vertex 0.0315888673 -0.0237547513 0.0158721767
    endloop
  endfacet
  facet normal 0.923835456 -0.323404044 0.204787388
    outer loop
      vertex 0.0315888673 -0.0237547513 0.0158721767
      vertex 0.0315888599 -0.0245049503 0.0146874823
      vertex 0.0320897177 -0.0234678313 0.0140658533
    endloop
  endfacet
  facet normal 0.923834443 -0.32340765 0.204786494
    outer loop
      vertex 0.0315888673 -0.0237547513 0.0158721767
      vertex 0.0320897177 -0.0234678313 0.0140658533
      vertex 0.0320897289 -0.022749383 0.0152004072
    endloop
  endfacet
  facet normal 0.923842609 0.323382616 -0.204788864
    outer loop
      vertex 0.0320897289 -0.022749383 0.0152004072
      vertex 0.0320897177 -0.0234678313 0.0140658533
      vertex 0.0315888822 -0.0224306993 0.0134442244
    endloop
  endfacet
  facet normal 0.923842669 0.323382646 -0.204788893
    outer loop
      vertex 0.0320897289 -0.022749383 0.0152004072
      vertex 0.0315888822 -0.0224306993 0.0134442244
      vertex 0.0315888934 -0.0217440035 0.0145286378
    endloop
  endfacet
  facet normal 0.38259396 0.780572891 -0.494295269
    outer loop
      vertex 0.0315888934 -0.0217440035 0.0145286378
      vertex 0.0315888822 -0.0224306993 0.0134442244
      vertex 0.0303797368 -0.0220010951 0.0131867379
    endloop
  endfacet
  facet normal 0.382594019 0.780572832 -0.494295269
    outer loop
      vertex 0.0315888934 -0.0217440035 0.0145286378
      vertex 0.0303797368 -0.0220010951 0.0131867379
      vertex 0.0303797442 -0.0213275496 0.0142503818
    endloop
  endfacet
  facet normal -0.382575065 0.780581892 -0.494295657
    outer loop
      vertex 0.0303797442 -0.0213275496 0.0142503818
      vertex 0.0303797368 -0.0220010951 0.0131867379
      vertex 0.0291705783 -0.0224306714 0.0134442244
    endloop
  endfacet
  facet normal -0.382576078 0.78058213 -0.494294554
    outer loop
      vertex 0.0303797442 -0.0213275496 0.0142503818
      vertex 0.0291705783 -0.0224306714 0.0134442244
      vertex 0.0291705858 -0.0217439756 0.0145286378
    endloop
  endfacet
  facet normal -0.92383498 0.323405415 -0.204787448
    outer loop
      vertex 0.0291705858 -0.0217439756 0.0145286378
      vertex 0.0291705783 -0.0224306714 0.0134442244
      vertex 0.0286697187 -0.0234677903 0.0140658533
    endloop
  endfacet
  facet normal -0.923835218 0.323405236 -0.204786494
    outer loop
      vertex 0.0291705858 -0.0217439756 0.0145286378
      vertex 0.0286697187 -0.0234677903 0.0140658533
      vertex 0.028669728 -0.022749342 0.0152004072
    endloop
  endfacet
  facet normal -0.923842669 -0.323383331 0.204787791
    outer loop
      vertex 0.028669728 -0.022749342 0.0152004072
      vertex 0.0286697187 -0.0234677903 0.0140658533
      vertex 0.0291705541 -0.0245049223 0.0146874823
    endloop
  endfacet
  facet normal -0.923842609 -0.323383272 0.204787821
    outer loop
      vertex 0.028669728 -0.022749342 0.0152004072
      vertex 0.0291705541 -0.0245049223 0.0146874823
      vertex 0.0291705634 -0.0237547215 0.0158721767
    endloop
  endfacet
  facet normal -0.38259244 -0.78057301 0.494296312
    outer loop
      vertex 0.0291705634 -0.0237547215 0.0158721767
      vertex 0.0291705541 -0.0245049223 0.0146874823
      vertex 0.0303797014 -0.0249345247 0.0149449687
    endloop
  endfacet
  facet normal -0.382594168 -0.780573308 0.494294405
    outer loop
      vertex 0.0291705634 -0.0237547215 0.0158721767
      vertex 0.0303797014 -0.0249345247 0.0149449687
      vertex 0.0303797107 -0.0241711754 0.0161504317
    endloop
  endfacet
  facet normal 0.382575363 -0.803895116 0.455399513
    outer loop
      vertex 0.0303797014 -0.0249345247 0.0149449687
      vertex 0.0303796921 -0.0256378092 0.0137035018
      vertex 0.0315888487 -0.0251961164 0.0134674041
    endloop
  endfacet
  facet normal 0.382573783 -0.803896487 0.45539847
    outer loop
      vertex 0.0303797014 -0.0249345247 0.0149449687
      vertex 0.0315888487 -0.0251961164 0.0134674041
      vertex 0.0315888599 -0.0245049503 0.0146874823
    endloop
  endfacet
  facet normal 0.923834503 -0.333066136 0.188671261
    outer loop
      vertex 0.0315888599 -0.0245049503 0.0146874823
      vertex 0.0315888487 -0.0251961164 0.0134674041
      vertex 0.0320897102 -0.0241297446 0.0128974132
    endloop
  endfacet
  facet normal 0.923835337 -0.333063126 0.188672096
    outer loop
      vertex 0.0315888599 -0.0245049503 0.0146874823
      vertex 0.0320897102 -0.0241297446 0.0128974132
      vertex 0.0320897177 -0.0234678313 0.0140658533
    endloop
  endfacet
  facet normal 0.923842549 0.333043128 -0.188672543
    outer loop
      vertex 0.0320897177 -0.0234678313 0.0140658533
      vertex 0.0320897102 -0.0241297446 0.0128974132
      vertex 0.0315888748 -0.0230633616 0.0123274224
    endloop
  endfacet
  facet normal 0.923842728 0.333042204 -0.188672781
    outer loop
      vertex 0.0320897177 -0.0234678313 0.0140658533
      vertex 0.0315888748 -0.0230633616 0.0123274224
      vertex 0.0315888822 -0.0224306993 0.0134442244
    endloop
  endfacet
  facet normal 0.382594913 0.803885758 -0.455399543
    outer loop
      vertex 0.0315888822 -0.0224306993 0.0134442244
      vertex 0.0315888748 -0.0230633616 0.0123274224
      vertex 0.0303797293 -0.0226216391 0.0120913256
    endloop
  endfacet
  facet normal 0.382594198 0.803886414 -0.455399007
    outer loop
      vertex 0.0315888822 -0.0224306993 0.0134442244
      vertex 0.0303797293 -0.0226216391 0.0120913256
      vertex 0.0303797368 -0.0220010951 0.0131867379
    endloop
  endfacet
  facet normal -0.382575572 0.803895414 -0.455398887
    outer loop
      vertex 0.0303797368 -0.0220010951 0.0131867379
      vertex 0.0303797293 -0.0226216391 0.0120913256
      vertex 0.0291705709 -0.0230633337 0.0123274224
    endloop
  endfacet
  facet normal -0.382574826 0.803895235 -0.455399781
    outer loop
      vertex 0.0303797368 -0.0220010951 0.0131867379
      vertex 0.0291705709 -0.0230633337 0.0123274224
      vertex 0.0291705783 -0.0224306714 0.0134442244
    endloop
  endfacet
  facet normal -0.923834801 0.333064288 -0.18867299
    outer loop
      vertex 0.0291705783 -0.0224306714 0.0134442244
      vertex 0.0291705709 -0.0230633337 0.0123274224
      vertex 0.0286697112 -0.0241297036 0.0128974132
    endloop
  endfacet
  facet normal -0.92383486 0.333064198 -0.188672706
    outer loop
      vertex 0.0291705783 -0.0224306714 0.0134442244
      vertex 0.0286697112 -0.0241297036 0.0128974132
      vertex 0.0286697187 -0.0234677903 0.0140658533
    endloop
  endfacet
  facet normal -0.923843205 -0.333041638 0.188671723
    outer loop
      vertex 0.0286697187 -0.0234677903 0.0140658533
      vertex 0.0286697112 -0.0241297036 0.0128974132
      vertex 0.0291705448 -0.0251960885 0.0134674041
    endloop
  endfacet
  facet normal -0.923842788 -0.333042026 0.188673154
    outer loop
      vertex 0.0286697187 -0.0234677903 0.0140658533
      vertex 0.0291705448 -0.0251960885 0.0134674041
      vertex 0.0291705541 -0.0245049223 0.0146874823
    endloop
  endfacet
  facet normal -0.382593662 -0.803886533 0.455399275
    outer loop
      vertex 0.0291705541 -0.0245049223 0.0146874823
      vertex 0.0291705448 -0.0251960885 0.0134674041
      vertex 0.0303796921 -0.0256378092 0.0137035018
    endloop
  endfacet
  facet normal -0.382592708 -0.803886414 0.455400288
    outer loop
      vertex 0.0291705541 -0.0245049223 0.0146874823
      vertex 0.0303796921 -0.0256378092 0.0137035018
      vertex 0.0303797014 -0.0249345247 0.0149449687
    endloop
  endfacet
  facet normal 0.382575482 -0.825272381 0.415405035
    outer loop
      vertex 0.0303796921 -0.0256378092 0.0137035018
      vertex 0.0303796846 -0.0262793284 0.0124290222
      vertex 0.0315888412 -0.0258265827 0.0122148814
    endloop
  endfacet
  facet normal 0.382575065 -0.825272858 0.415404767
    outer loop
      vertex 0.0303796921 -0.0256378092 0.0137035018
      vertex 0.0315888412 -0.0258265827 0.0122148814
      vertex 0.0315888487 -0.0251961164 0.0134674041
    endloop
  endfacet
  facet normal 0.923834503 -0.341921598 0.172103181
    outer loop
      vertex 0.0315888487 -0.0251961164 0.0134674041
      vertex 0.0315888412 -0.0258265827 0.0122148814
      vertex 0.0320897028 -0.0247335266 0.0116979023
    endloop
  endfacet
  facet normal 0.923834383 -0.341921985 0.172103032
    outer loop
      vertex 0.0315888487 -0.0251961164 0.0134674041
      vertex 0.0320897028 -0.0247335266 0.0116979023
      vertex 0.0320897102 -0.0241297446 0.0128974132
    endloop
  endfacet
  facet normal 0.92384249 0.341899663 -0.172103256
    outer loop
      vertex 0.0320897102 -0.0241297446 0.0128974132
      vertex 0.0320897028 -0.0247335266 0.0116979023
      vertex 0.0315888673 -0.0236404594 0.0111809233
    endloop
  endfacet
  facet normal 0.923842549 0.341899514 -0.172103345
    outer loop
      vertex 0.0320897102 -0.0241297446 0.0128974132
      vertex 0.0315888673 -0.0236404594 0.0111809233
      vertex 0.0315888748 -0.0230633616 0.0123274224
    endloop
  endfacet
  facet normal 0.382594526 0.825263858 -0.415404409
    outer loop
      vertex 0.0315888748 -0.0230633616 0.0123274224
      vertex 0.0315888673 -0.0236404594 0.0111809233
      vertex 0.0303797219 -0.0231876858 0.0109667834
    endloop
  endfacet
  facet normal 0.382595211 0.825263381 -0.415404975
    outer loop
      vertex 0.0315888748 -0.0230633616 0.0123274224
      vertex 0.0303797219 -0.0231876858 0.0109667834
      vertex 0.0303797293 -0.0226216391 0.0120913256
    endloop
  endfacet
  facet normal -0.382574767 0.825273037 -0.415404737
    outer loop
      vertex 0.0303797293 -0.0226216391 0.0120913256
      vertex 0.0303797219 -0.0231876858 0.0109667834
      vertex 0.0291705634 -0.0236404315 0.0111809233
    endloop
  endfacet
  facet normal -0.382575333 0.825272977 -0.415404081
    outer loop
      vertex 0.0303797293 -0.0226216391 0.0120913256
      vertex 0.0291705634 -0.0236404315 0.0111809233
      vertex 0.0291705709 -0.0230633337 0.0123274224
    endloop
  endfacet
  facet normal -0.923834741 0.341921121 -0.172102228
    outer loop
      vertex 0.0291705709 -0.0230633337 0.0123274224
      vertex 0.0291705634 -0.0236404315 0.0111809233
      vertex 0.0286697038 -0.0247334857 0.0116979023
    endloop
  endfacet
  facet normal -0.923834622 0.34192127 -0.17210266
    outer loop
      vertex 0.0291705709 -0.0230633337 0.0123274224
      vertex 0.0286697038 -0.0247334857 0.0116979023
      vertex 0.0286697112 -0.0241297036 0.0128974132
    endloop
  endfacet
  facet normal -0.923843265 -0.341898084 0.172102481
    outer loop
      vertex 0.0286697112 -0.0241297036 0.0128974132
      vertex 0.0286697038 -0.0247334857 0.0116979023
      vertex 0.0291705374 -0.0258265547 0.0122148823
    endloop
  endfacet
  facet normal -0.923843324 -0.341898084 0.172102481
    outer loop
      vertex 0.0286697112 -0.0241297036 0.0128974132
      vertex 0.0291705374 -0.0258265547 0.0122148823
      vertex 0.0291705448 -0.0251960885 0.0134674041
    endloop
  endfacet
  facet normal -0.382594019 -0.825263798 0.415405005
    outer loop
      vertex 0.0291705448 -0.0251960885 0.0134674041
      vertex 0.0291705374 -0.0258265547 0.0122148823
      vertex 0.0303796846 -0.0262793284 0.0124290222
    endloop
  endfacet
  facet normal -0.38259387 -0.825263798 0.415405214
    outer loop
      vertex 0.0291705448 -0.0251960885 0.0134674041
      vertex 0.0303796846 -0.0262793284 0.0124290222
      vertex 0.0303796921 -0.0256378092 0.0137035018
    endloop
  endfacet
  facet normal 0.382574022 -0.844662189 0.374410033
    outer loop
      vertex 0.0303796846 -0.0262793284 0.0124290222
      vertex 0.0303796772 -0.0268575326 0.0111246118
      vertex 0.0315888375 -0.0263948254 0.0109329447
    endloop
  endfacet
  facet normal 0.382575303 -0.844661295 0.374411017
    outer loop
      vertex 0.0303796846 -0.0262793284 0.0124290222
      vertex 0.0315888375 -0.0263948254 0.0109329447
      vertex 0.0315888412 -0.0258265827 0.0122148814
    endloop
  endfacet
  facet normal 0.923835337 -0.349951595 0.15512
    outer loop
      vertex 0.0315888412 -0.0258265827 0.0122148814
      vertex 0.0315888375 -0.0263948254 0.0109329447
      vertex 0.0320896953 -0.0252777208 0.0104702218
    endloop
  endfacet
  facet normal 0.923834383 -0.349954575 0.155118808
    outer loop
      vertex 0.0315888412 -0.0258265827 0.0122148814
      vertex 0.0320896953 -0.0252777208 0.0104702218
      vertex 0.0320897028 -0.0247335266 0.0116979023
    endloop
  endfacet
  facet normal 0.923843801 0.349929601 -0.155118957
    outer loop
      vertex 0.0320897028 -0.0247335266 0.0116979023
      vertex 0.0320896953 -0.0252777208 0.0104702218
      vertex 0.0315888636 -0.0241606012 0.0100074988
    endloop
  endfacet
  facet normal 0.923842549 0.349933416 -0.155117288
    outer loop
      vertex 0.0320897028 -0.0247335266 0.0116979023
      vertex 0.0315888636 -0.0241606012 0.0100074988
      vertex 0.0315888673 -0.0236404594 0.0111809233
    endloop
  endfacet
  facet normal 0.382592589 0.844654024 -0.374409497
    outer loop
      vertex 0.0315888673 -0.0236404594 0.0111809233
      vertex 0.0315888636 -0.0241606012 0.0100074988
      vertex 0.0303797163 -0.023697868 0.00981583353
    endloop
  endfacet
  facet normal 0.382594764 0.844652236 -0.374411345
    outer loop
      vertex 0.0315888673 -0.0236404594 0.0111809233
      vertex 0.0303797163 -0.023697868 0.00981583353
      vertex 0.0303797219 -0.0231876858 0.0109667834
    endloop
  endfacet
  facet normal -0.382572919 0.844661891 -0.374411911
    outer loop
      vertex 0.0303797219 -0.0231876858 0.0109667834
      vertex 0.0303797163 -0.023697868 0.00981583353
      vertex 0.0291705579 -0.0241605733 0.0100074988
    endloop
  endfacet
  facet normal -0.382574528 0.84466207 -0.374409974
    outer loop
      vertex 0.0303797219 -0.0231876858 0.0109667834
      vertex 0.0291705579 -0.0241605733 0.0100074988
      vertex 0.0291705634 -0.0236404315 0.0111809233
    endloop
  endfacet
  facet normal -0.923834324 0.349954396 -0.15511927
    outer loop
      vertex 0.0291705634 -0.0236404315 0.0111809233
      vertex 0.0291705579 -0.0241605733 0.0100074988
      vertex 0.0286696963 -0.0252776779 0.0104702227
    endloop
  endfacet
  facet normal -0.923834682 0.349954039 -0.155118152
    outer loop
      vertex 0.0291705634 -0.0236404315 0.0111809233
      vertex 0.0286696963 -0.0252776779 0.0104702227
      vertex 0.0286697038 -0.0247334857 0.0116979023
    endloop
  endfacet
  facet normal -0.923843384 -0.349930882 0.155119106
    outer loop
      vertex 0.0286697038 -0.0247334857 0.0116979023
      vertex 0.0286696963 -0.0252776779 0.0104702227
      vertex 0.0291705299 -0.0263947975 0.0109329456
    endloop
  endfacet
  facet normal -0.923843384 -0.349930763 0.155118823
    outer loop
      vertex 0.0286697038 -0.0247334857 0.0116979023
      vertex 0.0291705299 -0.0263947975 0.0109329456
      vertex 0.0291705374 -0.0258265547 0.0122148823
    endloop
  endfacet
  facet normal -0.38259393 -0.844652951 0.374410689
    outer loop
      vertex 0.0291705374 -0.0258265547 0.0122148823
      vertex 0.0291705299 -0.0263947975 0.0109329456
      vertex 0.0303796772 -0.0268575326 0.0111246118
    endloop
  endfacet
  facet normal -0.382594258 -0.844652951 0.374410301
    outer loop
      vertex 0.0291705374 -0.0258265547 0.0122148823
      vertex 0.0303796772 -0.0268575326 0.0111246118
      vertex 0.0303796846 -0.0262793284 0.0124290222
    endloop
  endfacet
  facet normal 0.382575154 -0.862014651 0.332516193
    outer loop
      vertex 0.0303796772 -0.0268575326 0.0111246118
      vertex 0.0303796716 -0.0273710452 0.00979338866
      vertex 0.0315888301 -0.0268994886 0.00962465908
    endloop
  endfacet
  facet normal 0.382573754 -0.862015665 0.332515121
    outer loop
      vertex 0.0303796772 -0.0268575326 0.0111246118
      vertex 0.0315888301 -0.0268994886 0.00962465908
      vertex 0.0315888375 -0.0263948254 0.0109329447
    endloop
  endfacet
  facet normal 0.923834264 -0.357144356 0.137760997
    outer loop
      vertex 0.0315888375 -0.0263948254 0.0109329447
      vertex 0.0315888301 -0.0268994886 0.00962465908
      vertex 0.0320896916 -0.025761025 0.00921730697
    endloop
  endfacet
  facet normal 0.923835158 -0.357141346 0.137762368
    outer loop
      vertex 0.0315888375 -0.0263948254 0.0109329447
      vertex 0.0320896916 -0.025761025 0.00921730697
      vertex 0.0320896953 -0.0252777208 0.0104702218
    endloop
  endfacet
  facet normal 0.923842788 0.357122481 -0.13776058
    outer loop
      vertex 0.0320896953 -0.0252777208 0.0104702218
      vertex 0.0320896916 -0.025761025 0.00921730697
      vertex 0.0315888561 -0.0246225465 0.00880995579
    endloop
  endfacet
  facet normal 0.92384398 0.357118964 -0.137762323
    outer loop
      vertex 0.0320896953 -0.0252777208 0.0104702218
      vertex 0.0315888561 -0.0246225465 0.00880995579
      vertex 0.0315888636 -0.0241606012 0.0100074988
    endloop
  endfacet
  facet normal 0.382594734 0.862006009 -0.332516223
    outer loop
      vertex 0.0315888636 -0.0241606012 0.0100074988
      vertex 0.0315888561 -0.0246225465 0.00880995579
      vertex 0.0303797107 -0.0241509639 0.00864122529
    endloop
  endfacet
  facet normal 0.382592767 0.862007558 -0.332514435
    outer loop
      vertex 0.0315888636 -0.0241606012 0.0100074988
      vertex 0.0303797107 -0.0241509639 0.00864122529
      vertex 0.0303797163 -0.023697868 0.00981583353
    endloop
  endfacet
  facet normal -0.38257426 0.862015903 -0.332514018
    outer loop
      vertex 0.0303797163 -0.023697868 0.00981583353
      vertex 0.0303797107 -0.0241509639 0.00864122529
      vertex 0.0291705523 -0.0246225186 0.00880995579
    endloop
  endfacet
  facet normal -0.38257274 0.862015903 -0.332515895
    outer loop
      vertex 0.0303797163 -0.023697868 0.00981583353
      vertex 0.0291705523 -0.0246225186 0.00880995579
      vertex 0.0291705579 -0.0241605733 0.0100074988
    endloop
  endfacet
  facet normal -0.923834443 0.357143581 -0.137761772
    outer loop
      vertex 0.0291705579 -0.0241605733 0.0100074988
      vertex 0.0291705523 -0.0246225186 0.00880995579
      vertex 0.0286696907 -0.025760984 0.0092173079
    endloop
  endfacet
  facet normal -0.923834205 0.357143819 -0.137762472
    outer loop
      vertex 0.0291705579 -0.0241605733 0.0100074988
      vertex 0.0286696907 -0.025760984 0.0092173079
      vertex 0.0286696963 -0.0252776779 0.0104702227
    endloop
  endfacet
  facet normal -0.923843145 -0.357121259 0.13776201
    outer loop
      vertex 0.0286696963 -0.0252776779 0.0104702227
      vertex 0.0286696907 -0.025760984 0.0092173079
      vertex 0.0291705243 -0.0268994607 0.00962465908
    endloop
  endfacet
  facet normal -0.923843384 -0.357120812 0.137761042
    outer loop
      vertex 0.0286696963 -0.0252776779 0.0104702227
      vertex 0.0291705243 -0.0268994607 0.00962465908
      vertex 0.0291705299 -0.0263947975 0.0109329456
    endloop
  endfacet
  facet normal -0.382595122 -0.862006187 0.332515031
    outer loop
      vertex 0.0291705299 -0.0263947975 0.0109329456
      vertex 0.0291705243 -0.0268994607 0.00962465908
      vertex 0.0303796716 -0.0273710452 0.00979338866
    endloop
  endfacet
  facet normal -0.382594109 -0.862006247 0.332516193
    outer loop
      vertex 0.0291705299 -0.0263947975 0.0109329456
      vertex 0.0303796716 -0.0273710452 0.00979338866
      vertex 0.0303796772 -0.0268575326 0.0111246118
    endloop
  endfacet
  facet normal 0.382574588 -0.877293527 0.289815277
    outer loop
      vertex 0.0303796716 -0.0273710452 0.00979338866
      vertex 0.030379666 -0.027818609 0.00843858533
      vertex 0.0315888226 -0.027339343 0.00829319749
    endloop
  endfacet
  facet normal 0.382575035 -0.877293169 0.289815634
    outer loop
      vertex 0.0303796716 -0.0273710452 0.00979338866
      vertex 0.0315888226 -0.027339343 0.00829319749
      vertex 0.0315888301 -0.0268994886 0.00962465908
    endloop
  endfacet
  facet normal 0.923834324 -0.363473833 0.120070048
    outer loop
      vertex 0.0315888301 -0.0268994886 0.00962465908
      vertex 0.0315888226 -0.027339343 0.00829319749
      vertex 0.0320896842 -0.0261822622 0.00794219784
    endloop
  endfacet
  facet normal 0.923834205 -0.363474399 0.120069772
    outer loop
      vertex 0.0315888301 -0.0268994886 0.00962465908
      vertex 0.0320896842 -0.0261822622 0.00794219784
      vertex 0.0320896916 -0.025761025 0.00921730697
    endloop
  endfacet
  facet normal 0.923843682 0.363449395 -0.120072305
    outer loop
      vertex 0.0320896916 -0.025761025 0.00921730697
      vertex 0.0320896842 -0.0261822622 0.00794219784
      vertex 0.0315888524 -0.0250251684 0.00759119913
    endloop
  endfacet
  facet normal 0.923842788 0.363451928 -0.120070875
    outer loop
      vertex 0.0320896916 -0.025761025 0.00921730697
      vertex 0.0315888524 -0.0250251684 0.00759119913
      vertex 0.0315888561 -0.0246225465 0.00880995579
    endloop
  endfacet
  facet normal 0.382594496 0.877284467 -0.289816171
    outer loop
      vertex 0.0315888561 -0.0246225465 0.00880995579
      vertex 0.0315888524 -0.0250251684 0.00759119913
      vertex 0.0303797051 -0.0245458744 0.00744581083
    endloop
  endfacet
  facet normal 0.382594883 0.87728411 -0.289816558
    outer loop
      vertex 0.0315888561 -0.0246225465 0.00880995579
      vertex 0.0303797051 -0.0245458744 0.00744581083
      vertex 0.0303797107 -0.0241509639 0.00864122529
    endloop
  endfacet
  facet normal -0.382574201 0.877293408 -0.289816052
    outer loop
      vertex 0.0303797107 -0.0241509639 0.00864122529
      vertex 0.0303797051 -0.0245458744 0.00744581083
      vertex 0.0291705467 -0.0250251405 0.00759119913
    endloop
  endfacet
  facet normal -0.382574052 0.877293408 -0.289816201
    outer loop
      vertex 0.0303797107 -0.0241509639 0.00864122529
      vertex 0.0291705467 -0.0250251405 0.00759119913
      vertex 0.0291705523 -0.0246225186 0.00880995579
    endloop
  endfacet
  facet normal -0.923834324 0.363473564 -0.120070949
    outer loop
      vertex 0.0291705523 -0.0246225186 0.00880995579
      vertex 0.0291705467 -0.0250251405 0.00759119913
      vertex 0.0286696851 -0.0261822212 0.00794219878
    endloop
  endfacet
  facet normal -0.923834443 0.363473535 -0.120070852
    outer loop
      vertex 0.0291705523 -0.0246225186 0.00880995579
      vertex 0.0286696851 -0.0261822212 0.00794219878
      vertex 0.0286696907 -0.025760984 0.0092173079
    endloop
  endfacet
  facet normal -0.923843205 -0.363450944 0.120071463
    outer loop
      vertex 0.0286696907 -0.025760984 0.0092173079
      vertex 0.0286696851 -0.0261822212 0.00794219878
      vertex 0.0291705187 -0.027339315 0.00829319749
    endloop
  endfacet
  facet normal -0.923843145 -0.363450944 0.120071538
    outer loop
      vertex 0.0286696907 -0.025760984 0.0092173079
      vertex 0.0291705187 -0.027339315 0.00829319749
      vertex 0.0291705243 -0.0268994607 0.00962465908
    endloop
  endfacet
  facet normal -0.382594377 -0.877284408 0.289816469
    outer loop
      vertex 0.0291705243 -0.0268994607 0.00962465908
      vertex 0.0291705187 -0.027339315 0.00829319749
      vertex 0.030379666 -0.027818609 0.00843858533
    endloop
  endfacet
  facet normal -0.38259536 -0.877284348 0.289815396
    outer loop
      vertex 0.0291705243 -0.0268994607 0.00962465908
      vertex 0.030379666 -0.027818609 0.00843858533
      vertex 0.0303796716 -0.0273710452 0.00979338866
    endloop
  endfacet
  facet normal 0.382575691 -0.89045608 0.246422067
    outer loop
      vertex 0.030379666 -0.027818609 0.00843858533
      vertex 0.0303796623 -0.0281991642 0.00706343958
      vertex 0.0315888189 -0.0277133398 0.00694174366
    endloop
  endfacet
  facet normal 0.382574409 -0.890456915 0.246421009
    outer loop
      vertex 0.030379666 -0.027818609 0.00843858533
      vertex 0.0315888189 -0.0277133398 0.00694174366
      vertex 0.0315888226 -0.027339343 0.00829319749
    endloop
  endfacet
  facet normal 0.923834145 -0.368927598 0.102093235
    outer loop
      vertex 0.0315888226 -0.027339343 0.00829319749
      vertex 0.0315888189 -0.0277133398 0.00694174366
      vertex 0.0320896804 -0.0265404321 0.00664794352
    endloop
  endfacet
  facet normal 0.923834264 -0.368926972 0.102093615
    outer loop
      vertex 0.0315888226 -0.027339343 0.00829319749
      vertex 0.0320896804 -0.0265404321 0.00664794352
      vertex 0.0320896842 -0.0261822622 0.00794219784
    endloop
  endfacet
  facet normal 0.92384392 0.36890322 -0.102092355
    outer loop
      vertex 0.0320896842 -0.0261822622 0.00794219784
      vertex 0.0320896804 -0.0265404321 0.00664794352
      vertex 0.0315888487 -0.0253675077 0.00635414291
    endloop
  endfacet
  facet normal 0.923843741 0.368903637 -0.10209205
    outer loop
      vertex 0.0320896842 -0.0261822622 0.00794219784
      vertex 0.0315888487 -0.0253675077 0.00635414291
      vertex 0.0315888524 -0.0250251684 0.00759119913
    endloop
  endfacet
  facet normal 0.382593364 0.89044863 -0.246421292
    outer loop
      vertex 0.0315888524 -0.0250251684 0.00759119913
      vertex 0.0315888487 -0.0253675077 0.00635414291
      vertex 0.0303797014 -0.0248816591 0.00623244699
    endloop
  endfacet
  facet normal 0.382594615 0.890447795 -0.246422455
    outer loop
      vertex 0.0315888524 -0.0250251684 0.00759119913
      vertex 0.0303797014 -0.0248816591 0.00623244699
      vertex 0.0303797051 -0.0245458744 0.00744581083
    endloop
  endfacet
  facet normal -0.38257283 0.890457094 -0.246422693
    outer loop
      vertex 0.0303797051 -0.0245458744 0.00744581083
      vertex 0.0303797014 -0.0248816591 0.00623244699
      vertex 0.029170543 -0.0253674798 0.00635414291
    endloop
  endfacet
  facet normal -0.382573992 0.890456975 -0.246421307
    outer loop
      vertex 0.0303797051 -0.0245458744 0.00744581083
      vertex 0.029170543 -0.0253674798 0.00635414291
      vertex 0.0291705467 -0.0250251405 0.00759119913
    endloop
  endfacet
  facet normal -0.923834562 0.368926644 -0.102092884
    outer loop
      vertex 0.0291705467 -0.0250251405 0.00759119913
      vertex 0.029170543 -0.0253674798 0.00635414291
      vertex 0.0286696814 -0.0265403911 0.00664794352
    endloop
  endfacet
  facet normal -0.923834324 0.368927002 -0.102093562
    outer loop
      vertex 0.0291705467 -0.0250251405 0.00759119913
      vertex 0.0286696814 -0.0265403911 0.00664794352
      vertex 0.0286696851 -0.0261822212 0.00794219878
    endloop
  endfacet
  facet normal -0.923842967 -0.368905365 0.10209287
    outer loop
      vertex 0.0286696851 -0.0261822212 0.00794219878
      vertex 0.0286696814 -0.0265403911 0.00664794352
      vertex 0.029170515 -0.0277133118 0.00694174366
    endloop
  endfacet
  facet normal -0.923843265 -0.368904918 0.10209205
    outer loop
      vertex 0.0286696851 -0.0261822212 0.00794219878
      vertex 0.029170515 -0.0277133118 0.00694174366
      vertex 0.0291705187 -0.027339315 0.00829319749
    endloop
  endfacet
  facet normal -0.382595778 -0.890447855 0.246420607
    outer loop
      vertex 0.0291705187 -0.027339315 0.00829319749
      vertex 0.029170515 -0.0277133118 0.00694174366
      vertex 0.0303796623 -0.0281991642 0.00706343958
    endloop
  endfacet
  facet normal -0.382594526 -0.890447974 0.246421844
    outer loop
      vertex 0.0291705187 -0.027339315 0.00829319749
      vertex 0.0303796623 -0.0281991642 0.00706343958
      vertex 0.030379666 -0.027818609 0.00843858533
    endloop
  endfacet
  facet normal 0.382573634 -0.901475787 0.202432364
    outer loop
      vertex 0.0303796623 -0.0281991642 0.00706343958
      vertex 0.0303796586 -0.028511785 0.00567127764
      vertex 0.0315888152 -0.0280205775 0.005573567
    endloop
  endfacet
  facet normal 0.382575512 -0.901474535 0.202434048
    outer loop
      vertex 0.0303796623 -0.0281991642 0.00706343958
      vertex 0.0315888152 -0.0280205775 0.005573567
      vertex 0.0315888189 -0.0277133398 0.00694174366
    endloop
  endfacet
  facet normal 0.923834503 -0.373491526 0.0838687494
    outer loop
      vertex 0.0315888189 -0.0277133398 0.00694174366
      vertex 0.0315888152 -0.0280205775 0.005573567
      vertex 0.0320896767 -0.026834663 0.00533767324
    endloop
  endfacet
  facet normal 0.923834026 -0.373492777 0.0838679224
    outer loop
      vertex 0.0315888189 -0.0277133398 0.00694174366
      vertex 0.0320896767 -0.026834663 0.00533767324
      vertex 0.0320896804 -0.0265404321 0.00664794352
    endloop
  endfacet
  facet normal 0.923843503 0.373469353 -0.0838679299
    outer loop
      vertex 0.0320896804 -0.0265404321 0.00664794352
      vertex 0.0320896767 -0.026834663 0.00533767324
      vertex 0.031588845 -0.0256487392 0.00510177901
    endloop
  endfacet
  facet normal 0.923844039 0.373467952 -0.0838689134
    outer loop
      vertex 0.0320896804 -0.0265404321 0.00664794352
      vertex 0.031588845 -0.0256487392 0.00510177901
      vertex 0.0315888487 -0.0253675077 0.00635414291
    endloop
  endfacet
  facet normal 0.382594973 0.901466131 -0.202434823
    outer loop
      vertex 0.0315888487 -0.0253675077 0.00635414291
      vertex 0.031588845 -0.0256487392 0.00510177901
      vertex 0.0303796977 -0.0251575019 0.00500406884
    endloop
  endfacet
  facet normal 0.382593513 0.901467144 -0.202433318
    outer loop
      vertex 0.0315888487 -0.0253675077 0.00635414291
      vertex 0.0303796977 -0.0251575019 0.00500406884
      vertex 0.0303797014 -0.0248816591 0.00623244699
    endloop
  endfacet
  facet normal -0.382573068 0.901475847 -0.20243296
    outer loop
      vertex 0.0303797014 -0.0248816591 0.00623244699
      vertex 0.0303796977 -0.0251575019 0.00500406884
      vertex 0.0291705392 -0.0256487094 0.00510177901
    endloop
  endfacet
  facet normal -0.382572681 0.901475966 -0.202433407
    outer loop
      vertex 0.0303797014 -0.0248816591 0.00623244699
      vertex 0.0291705392 -0.0256487094 0.00510177901
      vertex 0.029170543 -0.0253674798 0.00635414291
    endloop
  endfacet
  facet normal -0.923834264 0.373492092 -0.0838682726
    outer loop
      vertex 0.029170543 -0.0253674798 0.00635414291
      vertex 0.0291705392 -0.0256487094 0.00510177901
      vertex 0.0286696777 -0.026834622 0.00533767324
    endloop
  endfacet
  facet normal -0.923834443 0.373491794 -0.0838677213
    outer loop
      vertex 0.029170543 -0.0253674798 0.00635414291
      vertex 0.0286696777 -0.026834622 0.00533767324
      vertex 0.0286696814 -0.0265403911 0.00664794352
    endloop
  endfacet
  facet normal -0.923843265 -0.373470128 0.0838681012
    outer loop
      vertex 0.0286696814 -0.0265403911 0.00664794352
      vertex 0.0286696777 -0.026834622 0.00533767324
      vertex 0.0291705113 -0.0280205477 0.005573567
    endloop
  endfacet
  facet normal -0.923843086 -0.373470366 0.0838684738
    outer loop
      vertex 0.0286696814 -0.0265403911 0.00664794352
      vertex 0.0291705113 -0.0280205477 0.005573567
      vertex 0.029170515 -0.0277133118 0.00694174366
    endloop
  endfacet
  facet normal -0.382595092 -0.901466548 0.202433124
    outer loop
      vertex 0.029170515 -0.0277133118 0.00694174366
      vertex 0.0291705113 -0.0280205477 0.005573567
      vertex 0.0303796586 -0.028511785 0.00567127764
    endloop
  endfacet
  facet normal -0.382595867 -0.90146631 0.202432275
    outer loop
      vertex 0.029170515 -0.0277133118 0.00694174366
      vertex 0.0303796586 -0.028511785 0.00567127764
      vertex 0.0303796623 -0.0281991642 0.00706343958
    endloop
  endfacet
  facet normal 0.382574409 -0.910322487 0.15795511
    outer loop
      vertex 0.0303796586 -0.028511785 0.00567127764
      vertex 0.0303796548 -0.0287557188 0.00426545367
      vertex 0.0315888114 -0.0282603074 0.00419196347
    endloop
  endfacet
  facet normal 0.382573515 -0.910323024 0.157954291
    outer loop
      vertex 0.0303796586 -0.028511785 0.00567127764
      vertex 0.0315888114 -0.0282603074 0.00419196347
      vertex 0.0315888152 -0.0280205775 0.005573567
    endloop
  endfacet
  facet normal 0.92383343 -0.377159625 0.0654406101
    outer loop
      vertex 0.0315888152 -0.0280205775 0.005573567
      vertex 0.0315888114 -0.0282603074 0.00419196347
      vertex 0.0320896767 -0.0270642471 0.00401454419
    endloop
  endfacet
  facet normal 0.923834383 -0.377156705 0.0654427409
    outer loop
      vertex 0.0315888152 -0.0280205775 0.005573567
      vertex 0.0320896767 -0.0270642471 0.00401454419
      vertex 0.0320896767 -0.026834663 0.00533767324
    endloop
  endfacet
  facet normal 0.923842728 0.377137154 -0.0654393286
    outer loop
      vertex 0.0320896767 -0.026834663 0.00533767324
      vertex 0.0320896767 -0.0270642471 0.00401454419
      vertex 0.0315888412 -0.0258681756 0.00383712491
    endloop
  endfacet
  facet normal 0.923843563 0.377134651 -0.0654412061
    outer loop
      vertex 0.0320896767 -0.026834663 0.00533767324
      vertex 0.0315888412 -0.0258681756 0.00383712491
      vertex 0.031588845 -0.0256487392 0.00510177901
    endloop
  endfacet
  facet normal 0.382595271 0.910313845 -0.157954171
    outer loop
      vertex 0.031588845 -0.0256487392 0.00510177901
      vertex 0.0315888412 -0.0258681756 0.00383712491
      vertex 0.0303796958 -0.0253727362 0.00376363541
    endloop
  endfacet
  facet normal 0.382595152 0.910313964 -0.157954022
    outer loop
      vertex 0.031588845 -0.0256487392 0.00510177901
      vertex 0.0303796958 -0.0253727362 0.00376363541
      vertex 0.0303796977 -0.0251575019 0.00500406884
    endloop
  endfacet
  facet normal -0.382572621 0.910323322 -0.157954499
    outer loop
      vertex 0.0303796977 -0.0251575019 0.00500406884
      vertex 0.0303796958 -0.0253727362 0.00376363541
      vertex 0.0291705374 -0.0258681457 0.00383712491
    endloop
  endfacet
  facet normal -0.382572979 0.910323262 -0.157954112
    outer loop
      vertex 0.0303796977 -0.0251575019 0.00500406884
      vertex 0.0291705374 -0.0258681457 0.00383712491
      vertex 0.0291705392 -0.0256487094 0.00510177901
    endloop
  endfacet
  facet normal -0.923834503 0.377157092 -0.0654410273
    outer loop
      vertex 0.0291705392 -0.0256487094 0.00510177901
      vertex 0.0291705374 -0.0258681457 0.00383712491
      vertex 0.0286696758 -0.0270642061 0.00401454419
    endloop
  endfacet
  facet normal -0.923834145 0.37715742 -0.0654415563
    outer loop
      vertex 0.0291705392 -0.0256487094 0.00510177901
      vertex 0.0286696758 -0.0270642061 0.00401454419
      vertex 0.0286696777 -0.026834622 0.00533767324
    endloop
  endfacet
  facet normal -0.923843682 -0.377134532 0.0654401779
    outer loop
      vertex 0.0286696777 -0.026834622 0.00533767324
      vertex 0.0286696758 -0.0270642061 0.00401454419
      vertex 0.0291705076 -0.0282602776 0.00419196393
    endloop
  endfacet
  facet normal -0.923843205 -0.377135396 0.0654413924
    outer loop
      vertex 0.0286696777 -0.026834622 0.00533767324
      vertex 0.0291705076 -0.0282602776 0.00419196393
      vertex 0.0291705113 -0.0280205477 0.005573567
    endloop
  endfacet
  facet normal -0.382595986 -0.910313547 0.157954752
    outer loop
      vertex 0.0291705113 -0.0280205477 0.005573567
      vertex 0.0291705076 -0.0282602776 0.00419196393
      vertex 0.0303796548 -0.0287557188 0.00426545367
    endloop
  endfacet
  facet normal -0.382595211 -0.910313666 0.157955587
    outer loop
      vertex 0.0291705113 -0.0280205477 0.005573567
      vertex 0.0303796548 -0.0287557188 0.00426545367
      vertex 0.0303796586 -0.028511785 0.00567127764
    endloop
  endfacet
  facet normal 0.38257423 -0.916976333 0.113098271
    outer loop
      vertex 0.0303796548 -0.0287557188 0.00426545367
      vertex 0.030379653 -0.0289303791 0.00284935255
      vertex 0.0315888114 -0.0284319576 0.00280026114
    endloop
  endfacet
  facet normal 0.38257429 -0.916976452 0.113098316
    outer loop
      vertex 0.0303796548 -0.0287557188 0.00426545367
      vertex 0.0315888114 -0.0284319576 0.00280026114
      vertex 0.0315888114 -0.0282603074 0.00419196347
    endloop
  endfacet
  facet normal 0.923834324 -0.379913807 0.0468579195
    outer loop
      vertex 0.0315888114 -0.0282603074 0.00419196347
      vertex 0.0315888114 -0.0284319576 0.00280026114
      vertex 0.032089673 -0.0272286329 0.00268174359
    endloop
  endfacet
  facet normal 0.923833311 -0.37991637 0.0468557924
    outer loop
      vertex 0.0315888114 -0.0282603074 0.00419196347
      vertex 0.032089673 -0.0272286329 0.00268174359
      vertex 0.0320896767 -0.0270642471 0.00401454419
    endloop
  endfacet
  facet normal 0.923843622 0.379891247 -0.0468578748
    outer loop
      vertex 0.0320896767 -0.0270642471 0.00401454419
      vertex 0.032089673 -0.0272286329 0.00268174359
      vertex 0.0315888412 -0.0260252971 0.00256322627
    endloop
  endfacet
  facet normal 0.923842669 0.37989375 -0.0468557589
    outer loop
      vertex 0.0320896767 -0.0270642471 0.00401454419
      vertex 0.0315888412 -0.0260252971 0.00256322627
      vertex 0.0315888412 -0.0258681756 0.00383712491
    endloop
  endfacet
  facet normal 0.38259536 0.91696763 -0.113098003
    outer loop
      vertex 0.0315888412 -0.0258681756 0.00383712491
      vertex 0.0315888412 -0.0260252971 0.00256322627
      vertex 0.030379694 -0.0255268477 0.00251413486
    endloop
  endfacet
  facet normal 0.38259533 0.91696763 -0.113097988
    outer loop
      vertex 0.0315888412 -0.0258681756 0.00383712491
      vertex 0.030379694 -0.0255268477 0.00251413486
      vertex 0.0303796958 -0.0253727362 0.00376363541
    endloop
  endfacet
  facet normal -0.382573068 0.916976929 -0.113097996
    outer loop
      vertex 0.0303796958 -0.0253727362 0.00376363541
      vertex 0.030379694 -0.0255268477 0.00251413486
      vertex 0.0291705355 -0.0260252673 0.00256322627
    endloop
  endfacet
  facet normal -0.382572532 0.916977108 -0.113098606
    outer loop
      vertex 0.0303796958 -0.0253727362 0.00376363541
      vertex 0.0291705355 -0.0260252673 0.00256322627
      vertex 0.0291705374 -0.0258681457 0.00383712491
    endloop
  endfacet
  facet normal -0.923833847 0.379915088 -0.0468570478
    outer loop
      vertex 0.0291705374 -0.0258681457 0.00383712491
      vertex 0.0291705355 -0.0260252673 0.00256322627
      vertex 0.0286696721 -0.027228592 0.00268174382
    endloop
  endfacet
  facet normal -0.923834383 0.379914016 -0.0468555018
    outer loop
      vertex 0.0291705374 -0.0258681457 0.00383712491
      vertex 0.0286696721 -0.027228592 0.00268174382
      vertex 0.0286696758 -0.0270642061 0.00401454419
    endloop
  endfacet
  facet normal -0.923843086 -0.379892439 0.0468580276
    outer loop
      vertex 0.0286696758 -0.0270642061 0.00401454419
      vertex 0.0286696721 -0.027228592 0.00268174382
      vertex 0.0291705057 -0.0284319278 0.00280026114
    endloop
  endfacet
  facet normal -0.923843682 -0.379891187 0.0468563549
    outer loop
      vertex 0.0286696758 -0.0270642061 0.00401454419
      vertex 0.0291705057 -0.0284319278 0.00280026114
      vertex 0.0291705076 -0.0282602776 0.00419196393
    endloop
  endfacet
  facet normal -0.382596552 -0.916967213 0.113097653
    outer loop
      vertex 0.0291705076 -0.0282602776 0.00419196393
      vertex 0.0291705057 -0.0284319278 0.00280026114
      vertex 0.030379653 -0.0289303791 0.00284935255
    endloop
  endfacet
  facet normal -0.382596046 -0.916967273 0.113098159
    outer loop
      vertex 0.0291705076 -0.0282602776 0.00419196393
      vertex 0.030379653 -0.0289303791 0.00284935255
      vertex 0.0303796548 -0.0287557188 0.00426545367
    endloop
  endfacet
  facet normal 0.382572681 -0.921422124 0.0679668561
    outer loop
      vertex 0.030379653 -0.0289303791 0.00284935255
      vertex 0.0303796511 -0.029035341 0.00142640132
      vertex 0.0315888114 -0.0285351127 0.00140182581
    endloop
  endfacet
  facet normal 0.38257423 -0.921421349 0.0679683685
    outer loop
      vertex 0.030379653 -0.0289303791 0.00284935255
      vertex 0.0315888114 -0.0285351127 0.00140182581
      vertex 0.0315888114 -0.0284319576 0.00280026114
    endloop
  endfacet
  facet normal 0.923834324 -0.381755292 0.0281600635
    outer loop
      vertex 0.0315888114 -0.0284319576 0.00280026114
      vertex 0.0315888114 -0.0285351127 0.00140182581
      vertex 0.032089673 -0.0273274221 0.0013424952
    endloop
  endfacet
  facet normal 0.923834324 -0.381755382 0.0281600449
    outer loop
      vertex 0.0315888114 -0.0284319576 0.00280026114
      vertex 0.032089673 -0.0273274221 0.0013424952
      vertex 0.032089673 -0.0272286329 0.00268174359
    endloop
  endfacet
  facet normal 0.923842609 0.381735355 -0.0281585529
    outer loop
      vertex 0.032089673 -0.0272286329 0.00268174359
      vertex 0.032089673 -0.0273274221 0.0013424952
      vertex 0.0315888375 -0.0261197202 0.00128316483
    endloop
  endfacet
  facet normal 0.923843563 0.381732702 -0.0281609837
    outer loop
      vertex 0.032089673 -0.0272286329 0.00268174359
      vertex 0.0315888375 -0.0261197202 0.00128316483
      vertex 0.0315888412 -0.0260252971 0.00256322627
    endloop
  endfacet
  facet normal 0.382597297 0.921411753 -0.0679685846
    outer loop
      vertex 0.0315888412 -0.0260252971 0.00256322627
      vertex 0.0315888375 -0.0261197202 0.00128316483
      vertex 0.0303796921 -0.0256194603 0.00125858944
    endloop
  endfacet
  facet normal 0.38259542 0.921412706 -0.0679665729
    outer loop
      vertex 0.0315888412 -0.0260252971 0.00256322627
      vertex 0.0303796921 -0.0256194603 0.00125858944
      vertex 0.030379694 -0.0255268477 0.00251413486
    endloop
  endfacet
  facet normal -0.382574379 0.921421409 -0.0679660812
    outer loop
      vertex 0.030379694 -0.0255268477 0.00251413486
      vertex 0.0303796921 -0.0256194603 0.00125858944
      vertex 0.0291705336 -0.0261196904 0.00128316495
    endloop
  endfacet
  facet normal -0.382573009 0.921421885 -0.0679676682
    outer loop
      vertex 0.030379694 -0.0255268477 0.00251413486
      vertex 0.0291705336 -0.0261196904 0.00128316495
      vertex 0.0291705355 -0.0260252673 0.00256322627
    endloop
  endfacet
  facet normal -0.923834324 0.381755412 -0.0281586461
    outer loop
      vertex 0.0291705355 -0.0260252673 0.00256322627
      vertex 0.0291705336 -0.0261196904 0.00128316495
      vertex 0.0286696721 -0.0273273811 0.00134249544
    endloop
  endfacet
  facet normal -0.923833787 0.381756604 -0.0281601269
    outer loop
      vertex 0.0291705355 -0.0260252673 0.00256322627
      vertex 0.0286696721 -0.0273273811 0.00134249544
      vertex 0.0286696721 -0.027228592 0.00268174382
    endloop
  endfacet
  facet normal -0.923843682 -0.38173297 0.028158376
    outer loop
      vertex 0.0286696721 -0.027228592 0.00268174382
      vertex 0.0286696721 -0.0273273811 0.00134249544
      vertex 0.0291705038 -0.0285350829 0.00140182592
    endloop
  endfacet
  facet normal -0.923843145 -0.381734073 0.0281597432
    outer loop
      vertex 0.0286696721 -0.027228592 0.00268174382
      vertex 0.0291705038 -0.0285350829 0.00140182592
      vertex 0.0291705057 -0.0284319278 0.00280026114
    endloop
  endfacet
  facet normal -0.382595569 -0.921412528 0.067968227
    outer loop
      vertex 0.0291705057 -0.0284319278 0.00280026114
      vertex 0.0291705038 -0.0285350829 0.00140182592
      vertex 0.0303796511 -0.029035341 0.00142640132
    endloop
  endfacet
  facet normal -0.382596612 -0.92141211 0.0679671392
    outer loop
      vertex 0.0291705057 -0.0284319278 0.00280026114
      vertex 0.0303796511 -0.029035341 0.00142640132
      vertex 0.030379653 -0.0289303791 0.00284935255
    endloop
  endfacet
  facet normal 0.382573754 -0.923646629 0.0226741266
    outer loop
      vertex 0.0303796511 -0.029035341 0.00142640132
      vertex 0.0303796511 -0.0290703569 5.14043519e-09
      vertex 0.0315888077 -0.0285695251 4.99901676e-09
    endloop
  endfacet
  facet normal 0.382572621 -0.923647225 0.0226729754
    outer loop
      vertex 0.0303796511 -0.029035341 0.00142640132
      vertex 0.0315888077 -0.0285695251 4.99901676e-09
      vertex 0.0315888114 -0.0285351127 0.00140182581
    endloop
  endfacet
  facet normal 0.92383337 -0.382679671 0.0093916934
    outer loop
      vertex 0.0315888114 -0.0285351127 0.00140182581
      vertex 0.0315888077 -0.0285695251 4.99901676e-09
      vertex 0.032089673 -0.0273603778 4.76331019e-09
    endloop
  endfacet
  facet normal 0.923834324 -0.382677257 0.00939403381
    outer loop
      vertex 0.0315888114 -0.0285351127 0.00140182581
      vertex 0.032089673 -0.0273603778 4.76331019e-09
      vertex 0.032089673 -0.0273274221 0.0013424952
    endloop
  endfacet
  facet normal 0.923842669 0.3826572 -0.00939356163
    outer loop
      vertex 0.032089673 -0.0273274221 0.0013424952
      vertex 0.032089673 -0.0273603778 4.76331019e-09
      vertex 0.0315888375 -0.0261512194 4.57138905e-09
    endloop
  endfacet
  facet normal 0.923842609 0.38265723 -0.0093935281
    outer loop
      vertex 0.032089673 -0.0273274221 0.0013424952
      vertex 0.0315888375 -0.0261512194 4.57138905e-09
      vertex 0.0315888375 -0.0261197202 0.00128316483
    endloop
  endfacet
  facet normal 0.382596254 0.92363745 -0.0226735771
    outer loop
      vertex 0.0315888375 -0.0261197202 0.00128316483
      vertex 0.0315888375 -0.0261512194 4.57138905e-09
      vertex 0.0303796921 -0.0256503578 4.5356785e-09
    endloop
  endfacet
  facet normal 0.382597327 0.923636973 -0.0226747468
    outer loop
      vertex 0.0315888375 -0.0261197202 0.00128316483
      vertex 0.0303796921 -0.0256503578 4.5356785e-09
      vertex 0.0303796921 -0.0256194603 0.00125858944
    endloop
  endfacet
  facet normal -0.382573247 0.923646867 -0.022675015
    outer loop
      vertex 0.0303796921 -0.0256194603 0.00125858944
      vertex 0.0303796921 -0.0256503578 4.5356785e-09
      vertex 0.0291705336 -0.0261511896 4.67709693e-09
    endloop
  endfacet
  facet normal -0.38257435 0.92364651 -0.0226738118
    outer loop
      vertex 0.0303796921 -0.0256194603 0.00125858944
      vertex 0.0291705336 -0.0261511896 4.67709693e-09
      vertex 0.0291705336 -0.0261196904 0.00128316495
    endloop
  endfacet
  facet normal -0.923834324 0.382677227 -0.00939401239
    outer loop
      vertex 0.0291705336 -0.0261196904 0.00128316495
      vertex 0.0291705336 -0.0261511896 4.67709693e-09
      vertex 0.0286696721 -0.0273603369 4.9128035e-09
    endloop
  endfacet
  facet normal -0.923834324 0.382677257 -0.00939406548
    outer loop
      vertex 0.0291705336 -0.0261196904 0.00128316495
      vertex 0.0286696721 -0.0273603369 4.9128035e-09
      vertex 0.0286696721 -0.0273273811 0.00134249544
    endloop
  endfacet
  facet normal -0.923843682 -0.382654786 0.00939350203
    outer loop
      vertex 0.0286696721 -0.0273273811 0.00134249544
      vertex 0.0286696721 -0.0273603369 4.9128035e-09
      vertex 0.0291705038 -0.0285694953 5.10472464e-09
    endloop
  endfacet
  facet normal -0.923843682 -0.382654816 0.00939354207
    outer loop
      vertex 0.0286696721 -0.0273273811 0.00134249544
      vertex 0.0291705038 -0.0285694953 5.10472464e-09
      vertex 0.0291705038 -0.0285350829 0.00140182592
    endloop
  endfacet
  facet normal -0.382595718 -0.923637569 0.0226737671
    outer loop
      vertex 0.0291705038 -0.0285350829 0.00140182592
      vertex 0.0291705038 -0.0285694953 5.10472464e-09
      vertex 0.0303796511 -0.0290703569 5.14043519e-09
    endloop
  endfacet
  facet normal -0.382595599 -0.923637688 0.0226739217
    outer loop
      vertex 0.0291705038 -0.0285350829 0.00140182592
      vertex 0.0303796511 -0.0290703569 5.14043519e-09
      vertex 0.0303796511 -0.029035341 0.00142640132
    endloop
  endfacet
  facet normal 0.382572621 -0.923647165 -0.0226742756
    outer loop
      vertex 0.0303796511 -0.0290703569 5.14043519e-09
      vertex 0.0303796511 -0.029035341 -0.00142638246
      vertex 0.0315888114 -0.0285351127 -0.0014018073
    endloop
  endfacet
  facet normal 0.382573783 -0.923646688 -0.0226731114
    outer loop
      vertex 0.0303796511 -0.0290703569 5.14043519e-09
      vertex 0.0315888114 -0.0285351127 -0.0014018073
      vertex 0.0315888077 -0.0285695251 4.99901676e-09
    endloop
  endfacet
  facet normal 0.923834324 -0.382677376 -0.00939169433
    outer loop
      vertex 0.0315888077 -0.0285695251 4.99901676e-09
      vertex 0.0315888114 -0.0285351127 -0.0014018073
      vertex 0.032089673 -0.0273274221 -0.00134247763
    endloop
  endfacet
  facet normal 0.92383337 -0.382679671 -0.0093941763
    outer loop
      vertex 0.0315888077 -0.0285695251 4.99901676e-09
      vertex 0.032089673 -0.0273274221 -0.00134247763
      vertex 0.032089673 -0.0273603778 4.76331019e-09
    endloop
  endfacet
  facet normal 0.923842609 0.38265723 0.00939361844
    outer loop
      vertex 0.032089673 -0.0273603778 4.76331019e-09
      vertex 0.032089673 -0.0273274221 -0.00134247763
      vertex 0.0315888375 -0.0261197202 -0.00128314784
    endloop
  endfacet
  facet normal 0.923842669 0.38265717 0.00939358491
    outer loop
      vertex 0.032089673 -0.0273603778 4.76331019e-09
      vertex 0.0315888375 -0.0261197202 -0.00128314784
      vertex 0.0315888375 -0.0261512194 4.57138905e-09
    endloop
  endfacet
  facet normal 0.382597297 0.923636973 0.0226737056
    outer loop
      vertex 0.0315888375 -0.0261512194 4.57138905e-09
      vertex 0.0315888375 -0.0261197202 -0.00128314784
      vertex 0.0303796921 -0.0256194603 -0.00125857268
    endloop
  endfacet
  facet normal 0.382596195 0.923637331 0.0226749294
    outer loop
      vertex 0.0315888375 -0.0261512194 4.57138905e-09
      vertex 0.0303796921 -0.0256194603 -0.00125857268
      vertex 0.0303796921 -0.0256503578 4.5356785e-09
    endloop
  endfacet
  facet normal -0.382574379 0.92364645 0.0226751436
    outer loop
      vertex 0.0303796921 -0.0256503578 4.5356785e-09
      vertex 0.0303796921 -0.0256194603 -0.00125857268
      vertex 0.0291705336 -0.0261196904 -0.00128314772
    endloop
  endfacet
  facet normal -0.382573247 0.923646927 0.0226739589
    outer loop
      vertex 0.0303796921 -0.0256503578 4.5356785e-09
      vertex 0.0291705336 -0.0261196904 -0.00128314772
      vertex 0.0291705336 -0.0261511896 4.67709693e-09
    endloop
  endfacet
  facet normal -0.923834324 0.382677257 0.00939407106
    outer loop
      vertex 0.0291705336 -0.0261511896 4.67709693e-09
      vertex 0.0291705336 -0.0261196904 -0.00128314772
      vertex 0.0286696721 -0.0273273811 -0.00134247739
    endloop
  endfacet
  facet normal -0.923834383 0.382677257 0.00939412322
    outer loop
      vertex 0.0291705336 -0.0261511896 4.67709693e-09
      vertex 0.0286696721 -0.0273273811 -0.00134247739
      vertex 0.0286696721 -0.0273603369 4.9128035e-09
    endloop
  endfacet
  facet normal -0.923843622 -0.382654816 -0.0093935607
    outer loop
      vertex 0.0286696721 -0.0273603369 4.9128035e-09
      vertex 0.0286696721 -0.0273273811 -0.00134247739
      vertex 0.0291705038 -0.0285350829 -0.00140180718
    endloop
  endfacet
  facet normal -0.923843563 -0.382654756 -0.00939359702
    outer loop
      vertex 0.0286696721 -0.0273603369 4.9128035e-09
      vertex 0.0291705038 -0.0285350829 -0.00140180718
      vertex 0.0291705038 -0.0285694953 5.10472464e-09
    endloop
  endfacet
  facet normal -0.382595569 -0.923637629 -0.0226739049
    outer loop
      vertex 0.0291705038 -0.0285694953 5.10472464e-09
      vertex 0.0291705038 -0.0285350829 -0.00140180718
      vertex 0.0303796511 -0.029035341 -0.00142638246
    endloop
  endfacet
  facet normal -0.382595718 -0.923637629 -0.0226740558
    outer loop
      vertex 0.0291705038 -0.0285694953 5.10472464e-09
      vertex 0.0303796511 -0.029035341 -0.00142638246
      vertex 0.0303796511 -0.0290703569 5.14043519e-09
    endloop
  endfacet
  facet normal 0.38257423 -0.921421528 -0.0679661557
    outer loop
      vertex 0.0303796511 -0.029035341 -0.00142638246
      vertex 0.030379653 -0.0289303791 -0.00284934742
      vertex 0.0315888114 -0.0284319576 -0.00280025601
    endloop
  endfacet
  facet normal 0.382572621 -0.921422064 -0.067967765
    outer loop
      vertex 0.0303796511 -0.029035341 -0.00142638246
      vertex 0.0315888114 -0.0284319576 -0.00280025601
      vertex 0.0315888114 -0.0285351127 -0.0014018073
    endloop
  endfacet
  facet normal 0.923834324 -0.381755412 -0.0281598009
    outer loop
      vertex 0.0315888114 -0.0285351127 -0.0014018073
      vertex 0.0315888114 -0.0284319576 -0.00280025601
      vertex 0.032089673 -0.0272286329 -0.00268173893
    endloop
  endfacet
  facet normal 0.923834383 -0.381755382 -0.028159773
    outer loop
      vertex 0.0315888114 -0.0285351127 -0.0014018073
      vertex 0.032089673 -0.0272286329 -0.00268173893
      vertex 0.032089673 -0.0273274221 -0.00134247763
    endloop
  endfacet
  facet normal 0.923843682 0.38173303 0.0281581096
    outer loop
      vertex 0.032089673 -0.0273274221 -0.00134247763
      vertex 0.032089673 -0.0272286329 -0.00268173893
      vertex 0.0315888412 -0.0260252971 -0.00256322161
    endloop
  endfacet
  facet normal 0.923842609 0.381735265 0.0281609539
    outer loop
      vertex 0.032089673 -0.0273274221 -0.00134247763
      vertex 0.0315888412 -0.0260252971 -0.00256322161
      vertex 0.0315888375 -0.0261197202 -0.00128314784
    endloop
  endfacet
  facet normal 0.38259542 0.921412587 0.0679679811
    outer loop
      vertex 0.0315888375 -0.0261197202 -0.00128314784
      vertex 0.0315888412 -0.0260252971 -0.00256322161
      vertex 0.030379694 -0.0255268477 -0.0025141302
    endloop
  endfacet
  facet normal 0.382597268 0.921411872 0.0679658651
    outer loop
      vertex 0.0315888375 -0.0261197202 -0.00128314784
      vertex 0.030379694 -0.0255268477 -0.0025141302
      vertex 0.0303796921 -0.0256194603 -0.00125857268
    endloop
  endfacet
  facet normal -0.382572472 0.921422184 0.0679654852
    outer loop
      vertex 0.0303796921 -0.0256194603 -0.00125857268
      vertex 0.030379694 -0.0255268477 -0.0025141302
      vertex 0.0291705336 -0.0260252673 -0.00256322161
    endloop
  endfacet
  facet normal -0.382574379 0.921421409 0.0679675117
    outer loop
      vertex 0.0303796921 -0.0256194603 -0.00125857268
      vertex 0.0291705336 -0.0260252673 -0.00256322161
      vertex 0.0291705336 -0.0261196904 -0.00128314772
    endloop
  endfacet
  facet normal -0.923834264 0.381755412 0.0281597152
    outer loop
      vertex 0.0291705336 -0.0261196904 -0.00128314772
      vertex 0.0291705336 -0.0260252673 -0.00256322161
      vertex 0.0286696721 -0.027228592 -0.0026817387
    endloop
  endfacet
  facet normal -0.923834324 0.381755352 0.0281597394
    outer loop
      vertex 0.0291705336 -0.0261196904 -0.00128314772
      vertex 0.0286696721 -0.027228592 -0.0026817387
      vertex 0.0286696721 -0.0273273811 -0.00134247739
    endloop
  endfacet
  facet normal -0.923843086 -0.381734192 -0.0281581953
    outer loop
      vertex 0.0286696721 -0.0273273811 -0.00134247739
      vertex 0.0286696721 -0.027228592 -0.0026817387
      vertex 0.0291705057 -0.0284319278 -0.00280025601
    endloop
  endfacet
  facet normal -0.923843622 -0.381732881 -0.0281593576
    outer loop
      vertex 0.0286696721 -0.0273273811 -0.00134247739
      vertex 0.0291705057 -0.0284319278 -0.00280025601
      vertex 0.0291705038 -0.0285350829 -0.00140180718
    endloop
  endfacet
  facet normal -0.382596612 -0.921412051 -0.0679675266
    outer loop
      vertex 0.0291705038 -0.0285350829 -0.00140180718
      vertex 0.0291705057 -0.0284319278 -0.00280025601
      vertex 0.030379653 -0.0289303791 -0.00284934742
    endloop
  endfacet
  facet normal -0.382595539 -0.921412587 -0.0679665133
    outer loop
      vertex 0.0291705038 -0.0285350829 -0.00140180718
      vertex 0.030379653 -0.0289303791 -0.00284934742
      vertex 0.0303796511 -0.029035341 -0.00142638246
    endloop
  endfacet
  facet normal 0.382574171 -0.916976333 -0.113098308
    outer loop
      vertex 0.030379653 -0.0289303791 -0.00284934742
      vertex 0.0303796548 -0.0287557188 -0.00426544808
      vertex 0.0315888114 -0.0282603074 -0.00419195881
    endloop
  endfacet
  facet normal 0.38257429 -0.916976452 -0.113098264
    outer loop
      vertex 0.030379653 -0.0289303791 -0.00284934742
      vertex 0.0315888114 -0.0282603074 -0.00419195881
      vertex 0.0315888114 -0.0284319576 -0.00280025601
    endloop
  endfacet
  facet normal 0.923834324 -0.379913628 -0.0468578823
    outer loop
      vertex 0.0315888114 -0.0284319576 -0.00280025601
      vertex 0.0315888114 -0.0282603074 -0.00419195881
      vertex 0.032089673 -0.0270642471 -0.00401453953
    endloop
  endfacet
  facet normal 0.923834324 -0.379913807 -0.0468580686
    outer loop
      vertex 0.0315888114 -0.0284319576 -0.00280025601
      vertex 0.032089673 -0.0270642471 -0.00401453953
      vertex 0.032089673 -0.0272286329 -0.00268173893
    endloop
  endfacet
  facet normal 0.923843682 0.379891336 0.0468553007
    outer loop
      vertex 0.032089673 -0.0272286329 -0.00268173893
      vertex 0.032089673 -0.0270642471 -0.00401453953
      vertex 0.0315888412 -0.0258681756 -0.00383712025
    endloop
  endfacet
  facet normal 0.923843622 0.379891545 0.0468554944
    outer loop
      vertex 0.032089673 -0.0272286329 -0.00268173893
      vertex 0.0315888412 -0.0258681756 -0.00383712025
      vertex 0.0315888412 -0.0260252971 -0.00256322161
    endloop
  endfacet
  facet normal 0.38259536 0.91696763 0.11309801
    outer loop
      vertex 0.0315888412 -0.0260252971 -0.00256322161
      vertex 0.0315888412 -0.0258681756 -0.00383712025
      vertex 0.0303796958 -0.0253727362 -0.00376363075
    endloop
  endfacet
  facet normal 0.38259536 0.91696763 0.113097973
    outer loop
      vertex 0.0315888412 -0.0260252971 -0.00256322161
      vertex 0.0303796958 -0.0253727362 -0.00376363075
      vertex 0.030379694 -0.0255268477 -0.0025141302
    endloop
  endfacet
  facet normal -0.382572025 0.916977406 0.113098048
    outer loop
      vertex 0.030379694 -0.0255268477 -0.0025141302
      vertex 0.0303796958 -0.0253727362 -0.00376363075
      vertex 0.0291705355 -0.0258681457 -0.00383712025
    endloop
  endfacet
  facet normal -0.382572562 0.916977108 0.113098614
    outer loop
      vertex 0.030379694 -0.0255268477 -0.0025141302
      vertex 0.0291705355 -0.0258681457 -0.00383712025
      vertex 0.0291705336 -0.0260252673 -0.00256322161
    endloop
  endfacet
  facet normal -0.923834324 0.379913747 0.0468568876
    outer loop
      vertex 0.0291705336 -0.0260252673 -0.00256322161
      vertex 0.0291705355 -0.0258681457 -0.00383712025
      vertex 0.0286696739 -0.0270642061 -0.00401453953
    endloop
  endfacet
  facet normal -0.923834383 0.379913956 0.0468567684
    outer loop
      vertex 0.0291705336 -0.0260252673 -0.00256322161
      vertex 0.0286696739 -0.0270642061 -0.00401453953
      vertex 0.0286696721 -0.027228592 -0.0026817387
    endloop
  endfacet
  facet normal -0.923843205 -0.379892379 -0.0468567125
    outer loop
      vertex 0.0286696721 -0.027228592 -0.0026817387
      vertex 0.0286696739 -0.0270642061 -0.00401453953
      vertex 0.0291705076 -0.0282602776 -0.00419195835
    endloop
  endfacet
  facet normal -0.923843145 -0.379892617 -0.0468565486
    outer loop
      vertex 0.0286696721 -0.027228592 -0.0026817387
      vertex 0.0291705076 -0.0282602776 -0.00419195835
      vertex 0.0291705057 -0.0284319278 -0.00280025601
    endloop
  endfacet
  facet normal -0.382596046 -0.916967332 -0.113097712
    outer loop
      vertex 0.0291705057 -0.0284319278 -0.00280025601
      vertex 0.0291705076 -0.0282602776 -0.00419195835
      vertex 0.0303796548 -0.0287557188 -0.00426544808
    endloop
  endfacet
  facet normal -0.382596552 -0.916967154 -0.113098189
    outer loop
      vertex 0.0291705057 -0.0284319278 -0.00280025601
      vertex 0.0303796548 -0.0287557188 -0.00426544808
      vertex 0.030379653 -0.0289303791 -0.00284934742
    endloop
  endfacet
  facet normal 0.382573009 -0.910323024 -0.157955587
    outer loop
      vertex 0.0303796548 -0.0287557188 -0.00426544808
      vertex 0.0303796567 -0.028511785 -0.00567127299
      vertex 0.0315888152 -0.0280205775 -0.00557356235
    endloop
  endfacet
  facet normal 0.38257429 -0.910322726 -0.157954246
    outer loop
      vertex 0.0303796548 -0.0287557188 -0.00426544808
      vertex 0.0315888152 -0.0280205775 -0.00557356235
      vertex 0.0315888114 -0.0282603074 -0.00419195881
    endloop
  endfacet
  facet normal 0.923834443 -0.377157182 -0.0654401928
    outer loop
      vertex 0.0315888114 -0.0282603074 -0.00419195881
      vertex 0.0315888152 -0.0280205775 -0.00557356235
      vertex 0.0320896767 -0.026834663 -0.00533766858
    endloop
  endfacet
  facet normal 0.923834383 -0.377157211 -0.0654402077
    outer loop
      vertex 0.0315888114 -0.0282603074 -0.00419195881
      vertex 0.0320896767 -0.026834663 -0.00533766858
      vertex 0.032089673 -0.0270642471 -0.00401453953
    endloop
  endfacet
  facet normal 0.923843622 0.377134621 0.0654414967
    outer loop
      vertex 0.032089673 -0.0270642471 -0.00401453953
      vertex 0.0320896767 -0.026834663 -0.00533766858
      vertex 0.031588845 -0.0256487392 -0.00510177435
    endloop
  endfacet
  facet normal 0.923843622 0.377134353 0.0654411688
    outer loop
      vertex 0.032089673 -0.0270642471 -0.00401453953
      vertex 0.031588845 -0.0256487392 -0.00510177435
      vertex 0.0315888412 -0.0258681756 -0.00383712025
    endloop
  endfacet
  facet normal 0.382595122 0.910313964 0.157954186
    outer loop
      vertex 0.0315888412 -0.0258681756 -0.00383712025
      vertex 0.031588845 -0.0256487392 -0.00510177435
      vertex 0.0303796977 -0.0251575019 -0.00500406418
    endloop
  endfacet
  facet normal 0.382595271 0.910313904 0.157954022
    outer loop
      vertex 0.0315888412 -0.0258681756 -0.00383712025
      vertex 0.0303796977 -0.0251575019 -0.00500406418
      vertex 0.0303796958 -0.0253727362 -0.00376363075
    endloop
  endfacet
  facet normal -0.382572949 0.910323203 0.157954454
    outer loop
      vertex 0.0303796958 -0.0253727362 -0.00376363075
      vertex 0.0303796977 -0.0251575019 -0.00500406418
      vertex 0.0291705392 -0.0256487094 -0.00510177435
    endloop
  endfacet
  facet normal -0.382572114 0.910323679 0.15795362
    outer loop
      vertex 0.0303796958 -0.0253727362 -0.00376363075
      vertex 0.0291705392 -0.0256487094 -0.00510177435
      vertex 0.0291705355 -0.0258681457 -0.00383712025
    endloop
  endfacet
  facet normal -0.923834264 0.377157778 0.0654397905
    outer loop
      vertex 0.0291705355 -0.0258681457 -0.00383712025
      vertex 0.0291705392 -0.0256487094 -0.00510177435
      vertex 0.0286696777 -0.026834622 -0.00533766858
    endloop
  endfacet
  facet normal -0.923834383 0.377157211 0.0654402077
    outer loop
      vertex 0.0291705355 -0.0258681457 -0.00383712025
      vertex 0.0286696777 -0.026834622 -0.00533766858
      vertex 0.0286696739 -0.0270642061 -0.00401453953
    endloop
  endfacet
  facet normal -0.923843205 -0.377135366 -0.0654416159
    outer loop
      vertex 0.0286696739 -0.0270642061 -0.00401453953
      vertex 0.0286696777 -0.026834622 -0.00533766858
      vertex 0.0291705113 -0.0280205477 -0.00557356235
    endloop
  endfacet
  facet normal -0.923843145 -0.377135605 -0.0654413998
    outer loop
      vertex 0.0286696739 -0.0270642061 -0.00401453953
      vertex 0.0291705113 -0.0280205477 -0.00557356235
      vertex 0.0291705076 -0.0282602776 -0.00419195835
    endloop
  endfacet
  facet normal -0.382595688 -0.910313666 -0.157954663
    outer loop
      vertex 0.0291705076 -0.0282602776 -0.00419195835
      vertex 0.0291705113 -0.0280205477 -0.00557356235
      vertex 0.0303796567 -0.028511785 -0.00567127299
    endloop
  endfacet
  facet normal -0.382596016 -0.910313487 -0.157954946
    outer loop
      vertex 0.0291705076 -0.0282602776 -0.00419195835
      vertex 0.0303796567 -0.028511785 -0.00567127299
      vertex 0.0303796548 -0.0287557188 -0.00426544808
    endloop
  endfacet
  facet normal 0.382573873 -0.901475728 -0.202432349
    outer loop
      vertex 0.0303796567 -0.028511785 -0.00567127299
      vertex 0.0303796604 -0.0281991642 -0.00706343492
      vertex 0.0315888189 -0.0277133416 -0.006941739
    endloop
  endfacet
  facet normal 0.382573098 -0.901475787 -0.202433124
    outer loop
      vertex 0.0303796567 -0.028511785 -0.00567127299
      vertex 0.0315888189 -0.0277133416 -0.006941739
      vertex 0.0315888152 -0.0280205775 -0.00557356235
    endloop
  endfacet
  facet normal 0.923834264 -0.373492151 -0.083868362
    outer loop
      vertex 0.0315888152 -0.0280205775 -0.00557356235
      vertex 0.0315888189 -0.0277133416 -0.006941739
      vertex 0.0320896804 -0.0265404321 -0.00664793886
    endloop
  endfacet
  facet normal 0.923834443 -0.373491764 -0.0838677064
    outer loop
      vertex 0.0315888152 -0.0280205775 -0.00557356235
      vertex 0.0320896804 -0.0265404321 -0.00664793886
      vertex 0.0320896767 -0.026834663 -0.00533766858
    endloop
  endfacet
  facet normal 0.923843741 0.373468727 0.0838677883
    outer loop
      vertex 0.0320896767 -0.026834663 -0.00533766858
      vertex 0.0320896804 -0.0265404321 -0.00664793886
      vertex 0.0315888487 -0.0253675096 -0.00635413826
    endloop
  endfacet
  facet normal 0.923843563 0.373469234 0.0838686451
    outer loop
      vertex 0.0320896767 -0.026834663 -0.00533766858
      vertex 0.0315888487 -0.0253675096 -0.00635413826
      vertex 0.031588845 -0.0256487392 -0.00510177435
    endloop
  endfacet
  facet normal 0.382594705 0.901466608 0.202433601
    outer loop
      vertex 0.031588845 -0.0256487392 -0.00510177435
      vertex 0.0315888487 -0.0253675096 -0.00635413826
      vertex 0.0303797014 -0.0248816591 -0.00623244233
    endloop
  endfacet
  facet normal 0.382595032 0.901466548 0.202433184
    outer loop
      vertex 0.031588845 -0.0256487392 -0.00510177435
      vertex 0.0303797014 -0.0248816591 -0.00623244233
      vertex 0.0303796977 -0.0251575019 -0.00500406418
    endloop
  endfacet
  facet normal -0.382573843 0.901475489 0.202432901
    outer loop
      vertex 0.0303796977 -0.0251575019 -0.00500406418
      vertex 0.0303797014 -0.0248816591 -0.00623244233
      vertex 0.029170543 -0.0253674816 -0.00635413826
    endloop
  endfacet
  facet normal -0.382573009 0.901476026 0.202432111
    outer loop
      vertex 0.0303796977 -0.0251575019 -0.00500406418
      vertex 0.029170543 -0.0253674816 -0.00635413826
      vertex 0.0291705392 -0.0256487094 -0.00510177435
    endloop
  endfacet
  facet normal -0.923834264 0.373492301 0.083867766
    outer loop
      vertex 0.0291705392 -0.0256487094 -0.00510177435
      vertex 0.029170543 -0.0253674816 -0.00635413826
      vertex 0.0286696814 -0.0265403911 -0.00664793886
    endloop
  endfacet
  facet normal -0.923834324 0.373492241 0.083867833
    outer loop
      vertex 0.0291705392 -0.0256487094 -0.00510177435
      vertex 0.0286696814 -0.0265403911 -0.00664793886
      vertex 0.0286696777 -0.026834622 -0.00533766858
    endloop
  endfacet
  facet normal -0.923843801 -0.373468757 -0.0838677958
    outer loop
      vertex 0.0286696777 -0.026834622 -0.00533766858
      vertex 0.0286696814 -0.0265403911 -0.00664793886
      vertex 0.0291705132 -0.0277133137 -0.006941739
    endloop
  endfacet
  facet normal -0.923843145 -0.373470336 -0.0838667229
    outer loop
      vertex 0.0286696777 -0.026834622 -0.00533766858
      vertex 0.0291705132 -0.0277133137 -0.006941739
      vertex 0.0291705113 -0.0280205477 -0.00557356235
    endloop
  endfacet
  facet normal -0.382594645 -0.901467025 -0.202431485
    outer loop
      vertex 0.0291705113 -0.0280205477 -0.00557356235
      vertex 0.0291705132 -0.0277133137 -0.006941739
      vertex 0.0303796604 -0.0281991642 -0.00706343492
    endloop
  endfacet
  facet normal -0.382595599 -0.901466429 -0.202432305
    outer loop
      vertex 0.0291705113 -0.0280205477 -0.00557356235
      vertex 0.0303796604 -0.0281991642 -0.00706343492
      vertex 0.0303796567 -0.028511785 -0.00567127299
    endloop
  endfacet
  facet normal 0.382574439 -0.890457034 -0.246420681
    outer loop
      vertex 0.0303796604 -0.0281991642 -0.00706343492
      vertex 0.030379666 -0.0278186146 -0.0084385667
      vertex 0.0315888226 -0.0273393486 -0.00829317886
    endloop
  endfacet
  facet normal 0.382574022 -0.890457094 -0.246421129
    outer loop
      vertex 0.0303796604 -0.0281991642 -0.00706343492
      vertex 0.0315888226 -0.0273393486 -0.00829317886
      vertex 0.0315888189 -0.0277133416 -0.006941739
    endloop
  endfacet
  facet normal 0.923834264 -0.3689273 -0.102093197
    outer loop
      vertex 0.0315888189 -0.0277133416 -0.006941739
      vertex 0.0315888226 -0.0273393486 -0.00829317886
      vertex 0.0320896842 -0.0261822678 -0.00794218201
    endloop
  endfacet
  facet normal 0.923834383 -0.368927181 -0.102092974
    outer loop
      vertex 0.0315888189 -0.0277133416 -0.006941739
      vertex 0.0320896842 -0.0261822678 -0.00794218201
      vertex 0.0320896804 -0.0265404321 -0.00664793886
    endloop
  endfacet
  facet normal 0.923843801 0.368903697 0.102091774
    outer loop
      vertex 0.0320896804 -0.0265404321 -0.00664793886
      vertex 0.0320896842 -0.0261822678 -0.00794218201
      vertex 0.0315888524 -0.025025174 -0.00759118283
    endloop
  endfacet
  facet normal 0.923843741 0.368903816 0.102091961
    outer loop
      vertex 0.0320896804 -0.0265404321 -0.00664793886
      vertex 0.0315888524 -0.025025174 -0.00759118283
      vertex 0.0315888487 -0.0253675096 -0.00635413826
    endloop
  endfacet
  facet normal 0.382594615 0.890448272 0.24642083
    outer loop
      vertex 0.0315888487 -0.0253675096 -0.00635413826
      vertex 0.0315888524 -0.025025174 -0.00759118283
      vertex 0.0303797051 -0.02454588 -0.00744579453
    endloop
  endfacet
  facet normal 0.382594526 0.890448272 0.24642086
    outer loop
      vertex 0.0315888487 -0.0253675096 -0.00635413826
      vertex 0.0303797051 -0.02454588 -0.00744579453
      vertex 0.0303797014 -0.0248816591 -0.00623244233
    endloop
  endfacet
  facet normal -0.382573992 0.890457094 0.246420935
    outer loop
      vertex 0.0303797014 -0.0248816591 -0.00623244233
      vertex 0.0303797051 -0.02454588 -0.00744579453
      vertex 0.0291705467 -0.0250251461 -0.00759118283
    endloop
  endfacet
  facet normal -0.382573992 0.890457153 0.246420979
    outer loop
      vertex 0.0303797014 -0.0248816591 -0.00623244233
      vertex 0.0291705467 -0.0250251461 -0.00759118283
      vertex 0.029170543 -0.0253674816 -0.00635413826
    endloop
  endfacet
  facet normal -0.923834205 0.36892727 0.102092899
    outer loop
      vertex 0.029170543 -0.0253674816 -0.00635413826
      vertex 0.0291705467 -0.0250251461 -0.00759118283
      vertex 0.0286696851 -0.0261822268 -0.00794218108
    endloop
  endfacet
  facet normal -0.923834264 0.368927121 0.102093011
    outer loop
      vertex 0.029170543 -0.0253674816 -0.00635413826
      vertex 0.0286696851 -0.0261822268 -0.00794218108
      vertex 0.0286696814 -0.0265403911 -0.00664793886
    endloop
  endfacet
  facet normal -0.923843265 -0.368904948 -0.102092192
    outer loop
      vertex 0.0286696814 -0.0265403911 -0.00664793886
      vertex 0.0286696851 -0.0261822268 -0.00794218108
      vertex 0.0291705187 -0.0273393206 -0.00829317886
    endloop
  endfacet
  facet normal -0.923843682 -0.368903577 -0.102092996
    outer loop
      vertex 0.0286696814 -0.0265403911 -0.00664793886
      vertex 0.0291705187 -0.0273393206 -0.00829317886
      vertex 0.0291705132 -0.0277133137 -0.006941739
    endloop
  endfacet
  facet normal -0.382594526 -0.890448213 -0.246421322
    outer loop
      vertex 0.0291705132 -0.0277133137 -0.006941739
      vertex 0.0291705187 -0.0273393206 -0.00829317886
      vertex 0.030379666 -0.0278186146 -0.0084385667
    endloop
  endfacet
  facet normal -0.382594585 -0.890448213 -0.246421352
    outer loop
      vertex 0.0291705132 -0.0277133137 -0.006941739
      vertex 0.030379666 -0.0278186146 -0.0084385667
      vertex 0.0303796604 -0.0281991642 -0.00706343492
    endloop
  endfacet
  facet normal 0.382573396 -0.877293587 -0.289816648
    outer loop
      vertex 0.030379666 -0.0278186146 -0.0084385667
      vertex 0.0303796697 -0.0273710452 -0.00979338307
      vertex 0.0315888301 -0.0268994905 -0.0096246535
    endloop
  endfacet
  facet normal 0.382574528 -0.877293348 -0.289815307
    outer loop
      vertex 0.030379666 -0.0278186146 -0.0084385667
      vertex 0.0315888301 -0.0268994905 -0.0096246535
      vertex 0.0315888226 -0.0273393486 -0.00829317886
    endloop
  endfacet
  facet normal 0.923834383 -0.363473982 -0.120069936
    outer loop
      vertex 0.0315888226 -0.0273393486 -0.00829317886
      vertex 0.0315888301 -0.0268994905 -0.0096246535
      vertex 0.0320896916 -0.025761025 -0.00921730325
    endloop
  endfacet
  facet normal 0.923834324 -0.363474071 -0.120070115
    outer loop
      vertex 0.0315888226 -0.0273393486 -0.00829317886
      vertex 0.0320896916 -0.025761025 -0.00921730325
      vertex 0.0320896842 -0.0261822678 -0.00794218201
    endloop
  endfacet
  facet normal 0.923842728 0.36345154 0.120073475
    outer loop
      vertex 0.0320896842 -0.0261822678 -0.00794218201
      vertex 0.0320896916 -0.025761025 -0.00921730325
      vertex 0.0315888561 -0.0246225484 -0.00880995207
    endloop
  endfacet
  facet normal 0.923843741 0.363450021 0.120070107
    outer loop
      vertex 0.0320896842 -0.0261822678 -0.00794218201
      vertex 0.0315888561 -0.0246225484 -0.00880995207
      vertex 0.0315888524 -0.025025174 -0.00759118283
    endloop
  endfacet
  facet normal 0.382595509 0.87728411 0.289815724
    outer loop
      vertex 0.0315888524 -0.025025174 -0.00759118283
      vertex 0.0315888561 -0.0246225484 -0.00880995207
      vertex 0.0303797089 -0.0241509639 -0.00864122156
    endloop
  endfacet
  facet normal 0.382594436 0.877284169 0.289817065
    outer loop
      vertex 0.0315888524 -0.025025174 -0.00759118283
      vertex 0.0303797089 -0.0241509639 -0.00864122156
      vertex 0.0303797051 -0.02454588 -0.00744579453
    endloop
  endfacet
  facet normal -0.382575184 0.877292454 0.289817363
    outer loop
      vertex 0.0303797051 -0.02454588 -0.00744579453
      vertex 0.0303797089 -0.0241509639 -0.00864122156
      vertex 0.0291705504 -0.0246225204 -0.00880995207
    endloop
  endfacet
  facet normal -0.382574201 0.877293289 0.289816439
    outer loop
      vertex 0.0303797051 -0.02454588 -0.00744579453
      vertex 0.0291705504 -0.0246225204 -0.00880995207
      vertex 0.0291705467 -0.0250251461 -0.00759118283
    endloop
  endfacet
  facet normal -0.923834682 0.363472521 0.120071881
    outer loop
      vertex 0.0291705467 -0.0250251461 -0.00759118283
      vertex 0.0291705504 -0.0246225204 -0.00880995207
      vertex 0.0286696907 -0.025760984 -0.00921730231
    endloop
  endfacet
  facet normal -0.923834324 0.363473564 0.120071307
    outer loop
      vertex 0.0291705467 -0.0250251461 -0.00759118283
      vertex 0.0286696907 -0.025760984 -0.00921730231
      vertex 0.0286696851 -0.0261822268 -0.00794218108
    endloop
  endfacet
  facet normal -0.923843384 -0.363450408 -0.120071739
    outer loop
      vertex 0.0286696851 -0.0261822268 -0.00794218108
      vertex 0.0286696907 -0.025760984 -0.00921730231
      vertex 0.0291705243 -0.0268994626 -0.0096246535
    endloop
  endfacet
  facet normal -0.923843086 -0.363451004 -0.120071381
    outer loop
      vertex 0.0286696851 -0.0261822268 -0.00794218108
      vertex 0.0291705243 -0.0268994626 -0.0096246535
      vertex 0.0291705187 -0.0273393206 -0.00829317886
    endloop
  endfacet
  facet normal -0.382594705 -0.877284408 -0.289816082
    outer loop
      vertex 0.0291705187 -0.0273393206 -0.00829317886
      vertex 0.0291705243 -0.0268994626 -0.0096246535
      vertex 0.0303796697 -0.0273710452 -0.00979338307
    endloop
  endfacet
  facet normal -0.382594377 -0.877284706 -0.289815813
    outer loop
      vertex 0.0291705187 -0.0273393206 -0.00829317886
      vertex 0.0303796697 -0.0273710452 -0.00979338307
      vertex 0.030379666 -0.0278186146 -0.0084385667
    endloop
  endfacet
  facet normal 0.382575452 -0.862015724 -0.332513064
    outer loop
      vertex 0.0303796697 -0.0273710452 -0.00979338307
      vertex 0.0303796772 -0.0268575419 -0.0111245941
      vertex 0.0315888338 -0.0263948329 -0.0109329289
    endloop
  endfacet
  facet normal 0.382573545 -0.862015784 -0.33251521
    outer loop
      vertex 0.0303796697 -0.0273710452 -0.00979338307
      vertex 0.0315888338 -0.0263948329 -0.0109329289
      vertex 0.0315888301 -0.0268994905 -0.0096246535
    endloop
  endfacet
  facet normal 0.923834205 -0.357143849 -0.137762979
    outer loop
      vertex 0.0315888301 -0.0268994905 -0.0096246535
      vertex 0.0315888338 -0.0263948329 -0.0109329289
      vertex 0.0320896953 -0.0252777282 -0.0104702068
    endloop
  endfacet
  facet normal 0.923834443 -0.357143551 -0.137762308
    outer loop
      vertex 0.0315888301 -0.0268994905 -0.0096246535
      vertex 0.0320896953 -0.0252777282 -0.0104702068
      vertex 0.0320896916 -0.025761025 -0.00921730325
    endloop
  endfacet
  facet normal 0.923843861 0.357120454 0.137758911
    outer loop
      vertex 0.0320896916 -0.025761025 -0.00921730325
      vertex 0.0320896953 -0.0252777282 -0.0104702068
      vertex 0.0315888636 -0.0241606086 -0.0100074848
    endloop
  endfacet
  facet normal 0.923842549 0.357122093 0.137763038
    outer loop
      vertex 0.0320896916 -0.025761025 -0.00921730325
      vertex 0.0315888636 -0.0241606086 -0.0100074848
      vertex 0.0315888561 -0.0246225484 -0.00880995207
    endloop
  endfacet
  facet normal 0.382594764 0.862006366 0.33251521
    outer loop
      vertex 0.0315888561 -0.0246225484 -0.00880995207
      vertex 0.0315888636 -0.0241606086 -0.0100074848
      vertex 0.0303797144 -0.0236978717 -0.00981581863
    endloop
  endfacet
  facet normal 0.38259539 0.862006307 0.332514405
    outer loop
      vertex 0.0315888561 -0.0246225484 -0.00880995207
      vertex 0.0303797144 -0.0236978717 -0.00981581863
      vertex 0.0303797089 -0.0241509639 -0.00864122156
    endloop
  endfacet
  facet normal -0.382575184 0.862015307 0.332514226
    outer loop
      vertex 0.0303797089 -0.0241509639 -0.00864122156
      vertex 0.0303797144 -0.0236978717 -0.00981581863
      vertex 0.029170556 -0.0241605807 -0.0100074848
    endloop
  endfacet
  facet normal -0.382575363 0.862015188 0.332514405
    outer loop
      vertex 0.0303797089 -0.0241509639 -0.00864122156
      vertex 0.029170556 -0.0241605807 -0.0100074848
      vertex 0.0291705504 -0.0246225204 -0.00880995207
    endloop
  endfacet
  facet normal -0.923834682 0.357143402 0.137761205
    outer loop
      vertex 0.0291705504 -0.0246225204 -0.00880995207
      vertex 0.029170556 -0.0241605807 -0.0100074848
      vertex 0.0286696963 -0.0252776854 -0.0104702059
    endloop
  endfacet
  facet normal -0.923834741 0.357143164 0.13776131
    outer loop
      vertex 0.0291705504 -0.0246225204 -0.00880995207
      vertex 0.0286696963 -0.0252776854 -0.0104702059
      vertex 0.0286696907 -0.025760984 -0.00921730231
    endloop
  endfacet
  facet normal -0.923843384 -0.357120901 -0.137760982
    outer loop
      vertex 0.0286696907 -0.025760984 -0.00921730231
      vertex 0.0286696963 -0.0252776854 -0.0104702059
      vertex 0.0291705299 -0.0263948049 -0.010932928
    endloop
  endfacet
  facet normal -0.923843324 -0.35712114 -0.137760907
    outer loop
      vertex 0.0286696907 -0.025760984 -0.00921730231
      vertex 0.0291705299 -0.0263948049 -0.010932928
      vertex 0.0291705243 -0.0268994626 -0.0096246535
    endloop
  endfacet
  facet normal -0.382595211 -0.862006366 -0.332514495
    outer loop
      vertex 0.0291705243 -0.0268994626 -0.0096246535
      vertex 0.0291705299 -0.0263948049 -0.010932928
      vertex 0.0303796772 -0.0268575419 -0.0111245941
    endloop
  endfacet
  facet normal -0.382594526 -0.862006903 -0.332513928
    outer loop
      vertex 0.0291705243 -0.0268994626 -0.0096246535
      vertex 0.0303796772 -0.0268575419 -0.0111245941
      vertex 0.0303796697 -0.0273710452 -0.00979338307
    endloop
  endfacet
  facet normal 0.382575423 -0.844661415 -0.374410391
    outer loop
      vertex 0.0303796772 -0.0268575419 -0.0111245941
      vertex 0.0303796828 -0.0262793321 -0.0124290166
      vertex 0.0315888412 -0.0258265845 -0.0122148776
    endloop
  endfacet
  facet normal 0.382575631 -0.844661415 -0.374410123
    outer loop
      vertex 0.0303796772 -0.0268575419 -0.0111245941
      vertex 0.0315888412 -0.0258265845 -0.0122148776
      vertex 0.0315888338 -0.0263948329 -0.0109329289
    endloop
  endfacet
  facet normal 0.923834205 -0.349955082 -0.155118912
    outer loop
      vertex 0.0315888338 -0.0263948329 -0.0109329289
      vertex 0.0315888412 -0.0258265845 -0.0122148776
      vertex 0.0320897028 -0.0247335304 -0.0116978986
    endloop
  endfacet
  facet normal 0.923834205 -0.349954933 -0.15511857
    outer loop
      vertex 0.0315888338 -0.0263948329 -0.0109329289
      vertex 0.0320897028 -0.0247335304 -0.0116978986
      vertex 0.0320896953 -0.0252777282 -0.0104702068
    endloop
  endfacet
  facet normal 0.923842847 0.349931836 0.155119583
    outer loop
      vertex 0.0320896953 -0.0252777282 -0.0104702068
      vertex 0.0320897028 -0.0247335304 -0.0116978986
      vertex 0.0315888673 -0.0236404613 -0.0111809196
    endloop
  endfacet
  facet normal 0.923843801 0.349930793 0.155116424
    outer loop
      vertex 0.0320896953 -0.0252777282 -0.0104702068
      vertex 0.0315888673 -0.0236404613 -0.0111809196
      vertex 0.0315888636 -0.0241606086 -0.0100074848
    endloop
  endfacet
  facet normal 0.382593155 0.844653547 0.374410063
    outer loop
      vertex 0.0315888636 -0.0241606086 -0.0100074848
      vertex 0.0315888673 -0.0236404613 -0.0111809196
      vertex 0.03037972 -0.0231876895 -0.0109667797
    endloop
  endfacet
  facet normal 0.382594556 0.844653606 0.374408334
    outer loop
      vertex 0.0315888636 -0.0241606086 -0.0100074848
      vertex 0.03037972 -0.0231876895 -0.0109667797
      vertex 0.0303797144 -0.0236978717 -0.00981581863
    endloop
  endfacet
  facet normal -0.382573903 0.844662845 0.374408722
    outer loop
      vertex 0.0303797144 -0.0236978717 -0.00981581863
      vertex 0.03037972 -0.0231876895 -0.0109667797
      vertex 0.0291705634 -0.0236404333 -0.0111809196
    endloop
  endfacet
  facet normal -0.382575333 0.844661593 0.374409974
    outer loop
      vertex 0.0303797144 -0.0236978717 -0.00981581863
      vertex 0.0291705634 -0.0236404333 -0.0111809196
      vertex 0.029170556 -0.0241605807 -0.0100074848
    endloop
  endfacet
  facet normal -0.923834264 0.349954814 0.155118287
    outer loop
      vertex 0.029170556 -0.0241605807 -0.0100074848
      vertex 0.0291705634 -0.0236404333 -0.0111809196
      vertex 0.0286697019 -0.0247334894 -0.0116978986
    endloop
  endfacet
  facet normal -0.923834682 0.349953592 0.155118793
    outer loop
      vertex 0.029170556 -0.0241605807 -0.0100074848
      vertex 0.0286697019 -0.0247334894 -0.0116978986
      vertex 0.0286696963 -0.0252776854 -0.0104702059
    endloop
  endfacet
  facet normal -0.923842609 -0.349933147 -0.155118138
    outer loop
      vertex 0.0286696963 -0.0252776854 -0.0104702059
      vertex 0.0286697019 -0.0247334894 -0.0116978986
      vertex 0.0291705374 -0.0258265566 -0.0122148767
    endloop
  endfacet
  facet normal -0.923843265 -0.349931002 -0.155119002
    outer loop
      vertex 0.0286696963 -0.0252776854 -0.0104702059
      vertex 0.0291705374 -0.0258265566 -0.0122148767
      vertex 0.0291705299 -0.0263948049 -0.010932928
    endloop
  endfacet
  facet normal -0.382595837 -0.844652116 -0.37441045
    outer loop
      vertex 0.0291705299 -0.0263948049 -0.010932928
      vertex 0.0291705374 -0.0258265566 -0.0122148767
      vertex 0.0303796828 -0.0262793321 -0.0124290166
    endloop
  endfacet
  facet normal -0.382595003 -0.844652772 -0.374409795
    outer loop
      vertex 0.0291705299 -0.0263948049 -0.010932928
      vertex 0.0303796828 -0.0262793321 -0.0124290166
      vertex 0.0303796772 -0.0268575419 -0.0111245941
    endloop
  endfacet
  facet normal 0.382576138 -0.825272679 -0.415404052
    outer loop
      vertex 0.0303796828 -0.0262793321 -0.0124290166
      vertex 0.0303796921 -0.0256378129 -0.0137034981
      vertex 0.0315888487 -0.0251961183 -0.0134674003
    endloop
  endfacet
  facet normal 0.382575572 -0.82527262 -0.415404618
    outer loop
      vertex 0.0303796828 -0.0262793321 -0.0124290166
      vertex 0.0315888487 -0.0251961183 -0.0134674003
      vertex 0.0315888412 -0.0258265845 -0.0122148776
    endloop
  endfacet
  facet normal 0.923834145 -0.341922253 -0.172103509
    outer loop
      vertex 0.0315888412 -0.0258265845 -0.0122148776
      vertex 0.0315888487 -0.0251961183 -0.0134674003
      vertex 0.0320897102 -0.0241297483 -0.0128974095
    endloop
  endfacet
  facet normal 0.923834264 -0.341922134 -0.172103077
    outer loop
      vertex 0.0315888412 -0.0258265845 -0.0122148776
      vertex 0.0320897102 -0.0241297483 -0.0128974095
      vertex 0.0320897028 -0.0247335304 -0.0116978986
    endloop
  endfacet
  facet normal 0.923842788 0.341899186 0.172103032
    outer loop
      vertex 0.0320897028 -0.0247335304 -0.0116978986
      vertex 0.0320897102 -0.0241297483 -0.0128974095
      vertex 0.0315888748 -0.0230633635 -0.0123274187
    endloop
  endfacet
  facet normal 0.923842728 0.341899216 0.172103196
    outer loop
      vertex 0.0320897028 -0.0247335304 -0.0116978986
      vertex 0.0315888748 -0.0230633635 -0.0123274187
      vertex 0.0315888673 -0.0236404613 -0.0111809196
    endloop
  endfacet
  facet normal 0.382593572 0.825264215 0.415404648
    outer loop
      vertex 0.0315888673 -0.0236404613 -0.0111809196
      vertex 0.0315888748 -0.0230633635 -0.0123274187
      vertex 0.0303797275 -0.0226216428 -0.0120913219
    endloop
  endfacet
  facet normal 0.382592976 0.825264215 0.415405452
    outer loop
      vertex 0.0315888673 -0.0236404613 -0.0111809196
      vertex 0.0303797275 -0.0226216428 -0.0120913219
      vertex 0.03037972 -0.0231876895 -0.0109667797
    endloop
  endfacet
  facet normal -0.38257426 0.825273097 0.415404826
    outer loop
      vertex 0.03037972 -0.0231876895 -0.0109667797
      vertex 0.0303797275 -0.0226216428 -0.0120913219
      vertex 0.029170569 -0.0230633356 -0.0123274187
    endloop
  endfacet
  facet normal -0.38257423 0.825273156 0.415404767
    outer loop
      vertex 0.03037972 -0.0231876895 -0.0109667797
      vertex 0.029170569 -0.0230633356 -0.0123274187
      vertex 0.0291705634 -0.0236404333 -0.0111809196
    endloop
  endfacet
  facet normal -0.92383492 0.341920435 0.172103375
    outer loop
      vertex 0.0291705634 -0.0236404333 -0.0111809196
      vertex 0.029170569 -0.0230633356 -0.0123274187
      vertex 0.0286697093 -0.0241297074 -0.0128974095
    endloop
  endfacet
  facet normal -0.923834443 0.341921717 0.172102913
    outer loop
      vertex 0.0291705634 -0.0236404333 -0.0111809196
      vertex 0.0286697093 -0.0241297074 -0.0128974095
      vertex 0.0286697019 -0.0247334894 -0.0116978986
    endloop
  endfacet
  facet normal -0.923842549 -0.341899544 -0.172103211
    outer loop
      vertex 0.0286697019 -0.0247334894 -0.0116978986
      vertex 0.0286697093 -0.0241297074 -0.0128974095
      vertex 0.0291705448 -0.0251960903 -0.0134674003
    endloop
  endfacet
  facet normal -0.923842549 -0.341899872 -0.172103137
    outer loop
      vertex 0.0286697019 -0.0247334894 -0.0116978986
      vertex 0.0291705448 -0.0251960903 -0.0134674003
      vertex 0.0291705374 -0.0258265566 -0.0122148767
    endloop
  endfacet
  facet normal -0.382594973 -0.825263798 -0.415404379
    outer loop
      vertex 0.0291705374 -0.0258265566 -0.0122148767
      vertex 0.0291705448 -0.0251960903 -0.0134674003
      vertex 0.0303796921 -0.0256378129 -0.0137034981
    endloop
  endfacet
  facet normal -0.382595628 -0.825263262 -0.415404826
    outer loop
      vertex 0.0291705374 -0.0258265566 -0.0122148767
      vertex 0.0303796921 -0.0256378129 -0.0137034981
      vertex 0.0303796828 -0.0262793321 -0.0124290166
    endloop
  endfacet
  facet normal 0.382575303 -0.803894937 -0.45539999
    outer loop
      vertex 0.0303796921 -0.0256378129 -0.0137034981
      vertex 0.0303796995 -0.0249345284 -0.014944965
      vertex 0.0315888561 -0.0245049521 -0.0146874785
    endloop
  endfacet
  facet normal 0.382576406 -0.803895056 -0.455398858
    outer loop
      vertex 0.0303796921 -0.0256378129 -0.0137034981
      vertex 0.0315888561 -0.0245049521 -0.0146874785
      vertex 0.0315888487 -0.0251961183 -0.0134674003
    endloop
  endfacet
  facet normal 0.923834145 -0.33306554 -0.18867375
    outer loop
      vertex 0.0315888487 -0.0251961183 -0.0134674003
      vertex 0.0315888561 -0.0245049521 -0.0146874785
      vertex 0.0320897177 -0.023467835 -0.0140658496
    endloop
  endfacet
  facet normal 0.923834264 -0.33306545 -0.188673377
    outer loop
      vertex 0.0315888487 -0.0251961183 -0.0134674003
      vertex 0.0320897177 -0.023467835 -0.0140658496
      vertex 0.0320897102 -0.0241297483 -0.0128974095
    endloop
  endfacet
  facet normal 0.923842967 0.333042204 0.188672006
    outer loop
      vertex 0.0320897102 -0.0241297483 -0.0128974095
      vertex 0.0320897177 -0.023467835 -0.0140658496
      vertex 0.0315888822 -0.0224307012 -0.0134442206
    endloop
  endfacet
  facet normal 0.923842669 0.333042383 0.18867287
    outer loop
      vertex 0.0320897102 -0.0241297483 -0.0128974095
      vertex 0.0315888822 -0.0224307012 -0.0134442206
      vertex 0.0315888748 -0.0230633635 -0.0123274187
    endloop
  endfacet
  facet normal 0.382592708 0.803886592 0.45539996
    outer loop
      vertex 0.0315888748 -0.0230633635 -0.0123274187
      vertex 0.0315888822 -0.0224307012 -0.0134442206
      vertex 0.0303797349 -0.0220010988 -0.0131867342
    endloop
  endfacet
  facet normal 0.382593364 0.803886712 0.455399215
    outer loop
      vertex 0.0315888748 -0.0230633635 -0.0123274187
      vertex 0.0303797349 -0.0220010988 -0.0131867342
      vertex 0.0303797275 -0.0226216428 -0.0120913219
    endloop
  endfacet
  facet normal -0.382573813 0.80389601 0.455399305
    outer loop
      vertex 0.0303797275 -0.0226216428 -0.0120913219
      vertex 0.0303797349 -0.0220010988 -0.0131867342
      vertex 0.0291705765 -0.0224306732 -0.0134442206
    endloop
  endfacet
  facet normal -0.382574469 0.803895354 0.455399811
    outer loop
      vertex 0.0303797275 -0.0226216428 -0.0120913219
      vertex 0.0291705765 -0.0224306732 -0.0134442206
      vertex 0.029170569 -0.0230633356 -0.0123274187
    endloop
  endfacet
  facet normal -0.923835039 0.333063722 0.188672647
    outer loop
      vertex 0.029170569 -0.0230633356 -0.0123274187
      vertex 0.0291705765 -0.0224306732 -0.0134442206
      vertex 0.0286697168 -0.0234677941 -0.0140658496
    endloop
  endfacet
  facet normal -0.92383498 0.33306399 0.188672557
    outer loop
      vertex 0.029170569 -0.0230633356 -0.0123274187
      vertex 0.0286697168 -0.0234677941 -0.0140658496
      vertex 0.0286697093 -0.0241297074 -0.0128974095
    endloop
  endfacet
  facet normal -0.92384249 -0.333042949 -0.188672423
    outer loop
      vertex 0.0286697093 -0.0241297074 -0.0128974095
      vertex 0.0286697168 -0.0234677941 -0.0140658496
      vertex 0.0291705523 -0.0245049242 -0.0146874785
    endloop
  endfacet
  facet normal -0.923842549 -0.333043218 -0.188672394
    outer loop
      vertex 0.0286697093 -0.0241297074 -0.0128974095
      vertex 0.0291705523 -0.0245049242 -0.0146874785
      vertex 0.0291705448 -0.0251960903 -0.0134674003
    endloop
  endfacet
  facet normal -0.382593751 -0.803886712 -0.455398828
    outer loop
      vertex 0.0291705448 -0.0251960903 -0.0134674003
      vertex 0.0291705523 -0.0245049242 -0.0146874785
      vertex 0.0303796995 -0.0249345284 -0.014944965
    endloop
  endfacet
  facet normal -0.382594705 -0.803885937 -0.455399454
    outer loop
      vertex 0.0291705448 -0.0251960903 -0.0134674003
      vertex 0.0303796995 -0.0249345284 -0.014944965
      vertex 0.0303796921 -0.0256378129 -0.0137034981
    endloop
  endfacet
  facet normal 0.382574707 -0.780582786 -0.494294524
    outer loop
      vertex 0.0303796995 -0.0249345284 -0.014944965
      vertex 0.0303797089 -0.0241711792 -0.016150428
      vertex 0.0315888673 -0.023754755 -0.015872173
    endloop
  endfacet
  facet normal 0.382575631 -0.780583024 -0.494293541
    outer loop
      vertex 0.0303796995 -0.0249345284 -0.014944965
      vertex 0.0315888673 -0.023754755 -0.015872173
      vertex 0.0315888561 -0.0245049521 -0.0146874785
    endloop
  endfacet
  facet normal 0.923835397 -0.323405713 -0.204785049
    outer loop
      vertex 0.0315888561 -0.0245049521 -0.0146874785
      vertex 0.0315888673 -0.023754755 -0.015872173
      vertex 0.0320897251 -0.0227493867 -0.0152004035
    endloop
  endfacet
  facet normal 0.923834264 -0.323406488 -0.204788789
    outer loop
      vertex 0.0315888561 -0.0245049521 -0.0146874785
      vertex 0.0320897251 -0.0227493867 -0.0152004035
      vertex 0.0320897177 -0.023467835 -0.0140658496
    endloop
  endfacet
  facet normal 0.923842788 0.323383719 0.204786509
    outer loop
      vertex 0.0320897177 -0.023467835 -0.0140658496
      vertex 0.0320897251 -0.0227493867 -0.0152004035
      vertex 0.0315888897 -0.0217440054 -0.014528634
    endloop
  endfacet
  facet normal 0.923842847 0.323383659 0.20478636
    outer loop
      vertex 0.0320897177 -0.023467835 -0.0140658496
      vertex 0.0315888897 -0.0217440054 -0.014528634
      vertex 0.0315888822 -0.0224307012 -0.0134442206
    endloop
  endfacet
  facet normal 0.382593483 0.780573666 0.494294494
    outer loop
      vertex 0.0315888822 -0.0224307012 -0.0134442206
      vertex 0.0315888897 -0.0217440054 -0.014528634
      vertex 0.0303797424 -0.0213275533 -0.0142503781
    endloop
  endfacet
  facet normal 0.38259244 0.780573428 0.494295627
    outer loop
      vertex 0.0315888822 -0.0224307012 -0.0134442206
      vertex 0.0303797424 -0.0213275533 -0.0142503781
      vertex 0.0303797349 -0.0220010988 -0.0131867342
    endloop
  endfacet
  facet normal -0.382575542 0.780581772 0.494295567
    outer loop
      vertex 0.0303797349 -0.0220010988 -0.0131867342
      vertex 0.0303797424 -0.0213275533 -0.0142503781
      vertex 0.0291705858 -0.0217439774 -0.014528634
    endloop
  endfacet
  facet normal -0.382574052 0.780583084 0.494294494
    outer loop
      vertex 0.0303797349 -0.0220010988 -0.0131867342
      vertex 0.0291705858 -0.0217439774 -0.014528634
      vertex 0.0291705765 -0.0224306732 -0.0134442206
    endloop
  endfacet
  facet normal -0.92383486 0.323406249 0.20478639
    outer loop
      vertex 0.0291705765 -0.0224306732 -0.0134442206
      vertex 0.0291705858 -0.0217439774 -0.014528634
      vertex 0.0286697261 -0.0227493457 -0.0152004035
    endloop
  endfacet
  facet normal -0.923835099 0.323405385 0.204786628
    outer loop
      vertex 0.0291705765 -0.0224306732 -0.0134442206
      vertex 0.0286697261 -0.0227493457 -0.0152004035
      vertex 0.0286697168 -0.0234677941 -0.0140658496
    endloop
  endfacet
  facet normal -0.923842609 -0.323383301 -0.204787806
    outer loop
      vertex 0.0286697168 -0.0234677941 -0.0140658496
      vertex 0.0286697261 -0.0227493457 -0.0152004035
      vertex 0.0291705616 -0.0237547252 -0.015872173
    endloop
  endfacet
  facet normal -0.92384249 -0.323383898 -0.204787716
    outer loop
      vertex 0.0286697168 -0.0234677941 -0.0140658496
      vertex 0.0291705616 -0.0237547252 -0.015872173
      vertex 0.0291705523 -0.0245049242 -0.0146874785
    endloop
  endfacet
  facet normal -0.382594198 -0.780572891 -0.494295001
    outer loop
      vertex 0.0291705523 -0.0245049242 -0.0146874785
      vertex 0.0291705616 -0.0237547252 -0.015872173
      vertex 0.0303797089 -0.0241711792 -0.016150428
    endloop
  endfacet
  facet normal -0.382593513 -0.780573666 -0.494294614
    outer loop
      vertex 0.0291705523 -0.0245049242 -0.0146874785
      vertex 0.0303797089 -0.0241711792 -0.016150428
      vertex 0.0303796995 -0.0249345284 -0.014944965
    endloop
  endfacet
  facet normal 0.382575661 -0.755387366 -0.532001734
    outer loop
      vertex 0.0303797089 -0.0241711792 -0.016150428
      vertex 0.0303797182 -0.0233496055 -0.017316971
      vertex 0.0315888748 -0.0229473356 -0.0170186181
    endloop
  endfacet
  facet normal 0.382574975 -0.755387247 -0.532002389
    outer loop
      vertex 0.0303797089 -0.0241711792 -0.016150428
      vertex 0.0315888748 -0.0229473356 -0.0170186181
      vertex 0.0315888673 -0.023754755 -0.015872173
    endloop
  endfacet
  facet normal 0.923834443 -0.312967837 -0.220411286
    outer loop
      vertex 0.0315888673 -0.023754755 -0.015872173
      vertex 0.0315888748 -0.0229473356 -0.0170186181
      vertex 0.0320897363 -0.0219761413 -0.0162983257
    endloop
  endfacet
  facet normal 0.923835576 -0.312967241 -0.220407367
    outer loop
      vertex 0.0315888673 -0.023754755 -0.015872173
      vertex 0.0320897363 -0.0219761413 -0.0162983257
      vertex 0.0320897251 -0.0227493867 -0.0152004035
    endloop
  endfacet
  facet normal 0.923842669 0.312944353 0.220410094
    outer loop
      vertex 0.0320897251 -0.0227493867 -0.0152004035
      vertex 0.0320897363 -0.0219761413 -0.0162983257
      vertex 0.0315889008 -0.0210049339 -0.0155780353
    endloop
  endfacet
  facet normal 0.923842609 0.312944382 0.220410049
    outer loop
      vertex 0.0320897251 -0.0227493867 -0.0152004035
      vertex 0.0315889008 -0.0210049339 -0.0155780353
      vertex 0.0315888897 -0.0217440054 -0.014528634
    endloop
  endfacet
  facet normal 0.382592916 0.755378664 0.532001555
    outer loop
      vertex 0.0315888897 -0.0217440054 -0.014528634
      vertex 0.0315889008 -0.0210049339 -0.0155780353
      vertex 0.0303797517 -0.020602636 -0.0152796814
    endloop
  endfacet
  facet normal 0.382593215 0.755378783 0.532001317
    outer loop
      vertex 0.0315888897 -0.0217440054 -0.014528634
      vertex 0.0303797517 -0.020602636 -0.0152796814
      vertex 0.0303797424 -0.0213275533 -0.0142503781
    endloop
  endfacet
  facet normal -0.382574469 0.755388319 0.532001078
    outer loop
      vertex 0.0303797424 -0.0213275533 -0.0142503781
      vertex 0.0303797517 -0.020602636 -0.0152796814
      vertex 0.0291705932 -0.0210049041 -0.0155780353
    endloop
  endfacet
  facet normal -0.38257587 0.755387068 0.532002091
    outer loop
      vertex 0.0303797424 -0.0213275533 -0.0142503781
      vertex 0.0291705932 -0.0210049041 -0.0155780353
      vertex 0.0291705858 -0.0217439774 -0.014528634
    endloop
  endfacet
  facet normal -0.923835456 0.312965989 0.220409468
    outer loop
      vertex 0.0291705858 -0.0217439774 -0.014528634
      vertex 0.0291705932 -0.0210049041 -0.0155780353
      vertex 0.0286697354 -0.0219761003 -0.0162983257
    endloop
  endfacet
  facet normal -0.923835099 0.312967479 0.22040914
    outer loop
      vertex 0.0291705858 -0.0217439774 -0.014528634
      vertex 0.0286697354 -0.0219761003 -0.0162983257
      vertex 0.0286697261 -0.0227493457 -0.0152004035
    endloop
  endfacet
  facet normal -0.923842549 -0.312945217 -0.220409125
    outer loop
      vertex 0.0286697261 -0.0227493457 -0.0152004035
      vertex 0.0286697354 -0.0219761003 -0.0162983257
      vertex 0.0291705709 -0.0229473058 -0.0170186181
    endloop
  endfacet
  facet normal -0.92384249 -0.312945545 -0.220409065
    outer loop
      vertex 0.0286697261 -0.0227493457 -0.0152004035
      vertex 0.0291705709 -0.0229473058 -0.0170186181
      vertex 0.0291705616 -0.0237547252 -0.015872173
    endloop
  endfacet
  facet normal -0.382594049 -0.755378067 -0.532001495
    outer loop
      vertex 0.0291705616 -0.0237547252 -0.015872173
      vertex 0.0291705709 -0.0229473058 -0.0170186181
      vertex 0.0303797182 -0.0233496055 -0.017316971
    endloop
  endfacet
  facet normal -0.38259387 -0.755378366 -0.532001376
    outer loop
      vertex 0.0291705616 -0.0237547252 -0.015872173
      vertex 0.0303797182 -0.0233496055 -0.017316971
      vertex 0.0303797089 -0.0241711792 -0.016150428
    endloop
  endfacet
  facet normal 0.382575035 -0.728374362 -0.568425119
    outer loop
      vertex 0.0303797182 -0.0233496055 -0.017316971
      vertex 0.0303797293 -0.0224717818 -0.0184417982
      vertex 0.0315888859 -0.0220846385 -0.0181240644
    endloop
  endfacet
  facet normal 0.382575929 -0.7283746 -0.568424165
    outer loop
      vertex 0.0303797182 -0.0233496055 -0.017316971
      vertex 0.0315888859 -0.0220846385 -0.0181240644
      vertex 0.0315888748 -0.0229473356 -0.0170186181
    endloop
  endfacet
  facet normal 0.923835456 -0.301775724 -0.235498294
    outer loop
      vertex 0.0315888748 -0.0229473356 -0.0170186181
      vertex 0.0315888859 -0.0220846385 -0.0181240644
      vertex 0.0320897438 -0.0211499557 -0.0173569862
    endloop
  endfacet
  facet normal 0.923834503 -0.301776081 -0.235501543
    outer loop
      vertex 0.0315888748 -0.0229473356 -0.0170186181
      vertex 0.0320897438 -0.0211499557 -0.0173569862
      vertex 0.0320897363 -0.0219761413 -0.0162983257
    endloop
  endfacet
  facet normal 0.923842609 0.301754415 0.235497653
    outer loop
      vertex 0.0320897363 -0.0219761413 -0.0162983257
      vertex 0.0320897438 -0.0211499557 -0.0173569862
      vertex 0.0315889083 -0.0202152617 -0.0165899079
    endloop
  endfacet
  facet normal 0.92384243 0.301754445 0.235497952
    outer loop
      vertex 0.0320897363 -0.0219761413 -0.0162983257
      vertex 0.0315889083 -0.0202152617 -0.0165899079
      vertex 0.0315889008 -0.0210049339 -0.0155780353
    endloop
  endfacet
  facet normal 0.38259393 0.728365421 0.568423986
    outer loop
      vertex 0.0315889008 -0.0210049339 -0.0155780353
      vertex 0.0315889083 -0.0202152617 -0.0165899079
      vertex 0.030379761 -0.0198280867 -0.0162721742
    endloop
  endfacet
  facet normal 0.382592648 0.728364885 0.568425417
    outer loop
      vertex 0.0315889008 -0.0210049339 -0.0155780353
      vertex 0.030379761 -0.0198280867 -0.0162721742
      vertex 0.0303797517 -0.020602636 -0.0152796814
    endloop
  endfacet
  facet normal -0.382575989 0.728373766 0.568425179
    outer loop
      vertex 0.0303797517 -0.020602636 -0.0152796814
      vertex 0.030379761 -0.0198280867 -0.0162721742
      vertex 0.0291706044 -0.0202152319 -0.0165899079
    endloop
  endfacet
  facet normal -0.382574826 0.728374958 0.568424404
    outer loop
      vertex 0.0303797517 -0.020602636 -0.0152796814
      vertex 0.0291706044 -0.0202152319 -0.0165899079
      vertex 0.0291705932 -0.0210049041 -0.0155780353
    endloop
  endfacet
  facet normal -0.92383492 0.301777065 0.235498592
    outer loop
      vertex 0.0291705932 -0.0210049041 -0.0155780353
      vertex 0.0291706044 -0.0202152319 -0.0165899079
      vertex 0.0286697447 -0.0211499147 -0.0173569862
    endloop
  endfacet
  facet normal -0.923835516 0.301774859 0.23549898
    outer loop
      vertex 0.0291705932 -0.0210049041 -0.0155780353
      vertex 0.0286697447 -0.0211499147 -0.0173569862
      vertex 0.0286697354 -0.0219761003 -0.0162983257
    endloop
  endfacet
  facet normal -0.923842609 -0.30175361 -0.235498637
    outer loop
      vertex 0.0286697354 -0.0219761003 -0.0162983257
      vertex 0.0286697447 -0.0211499147 -0.0173569862
      vertex 0.0291705802 -0.0220846087 -0.0181240644
    endloop
  endfacet
  facet normal -0.92384249 -0.301754147 -0.235498562
    outer loop
      vertex 0.0286697354 -0.0219761003 -0.0162983257
      vertex 0.0291705802 -0.0220846087 -0.0181240644
      vertex 0.0291705709 -0.0229473058 -0.0170186181
    endloop
  endfacet
  facet normal -0.38259244 -0.728365839 -0.568424404
    outer loop
      vertex 0.0291705709 -0.0229473058 -0.0170186181
      vertex 0.0291705802 -0.0220846087 -0.0181240644
      vertex 0.0303797293 -0.0224717818 -0.0184417982
    endloop
  endfacet
  facet normal -0.382593691 -0.728364587 -0.568425059
    outer loop
      vertex 0.0291705709 -0.0229473058 -0.0170186181
      vertex 0.0303797293 -0.0224717818 -0.0184417982
      vertex 0.0303797182 -0.0233496055 -0.017316971
    endloop
  endfacet
  facet normal 0.382576168 -0.699605882 -0.603479207
    outer loop
      vertex 0.0303797293 -0.0224717818 -0.0184417982
      vertex 0.0303797405 -0.0215398148 -0.0195222087
      vertex 0.0315888971 -0.0211687274 -0.0191858597
    endloop
  endfacet
  facet normal 0.382575423 -0.699605584 -0.603479981
    outer loop
      vertex 0.0303797293 -0.0224717818 -0.0184417982
      vertex 0.0315888971 -0.0211687274 -0.0191858597
      vertex 0.0315888859 -0.0220846385 -0.0181240644
    endloop
  endfacet
  facet normal 0.923835516 -0.289856523 -0.250022292
    outer loop
      vertex 0.0315888859 -0.0220846385 -0.0181240644
      vertex 0.0315888971 -0.0211687274 -0.0191858597
      vertex 0.0320897549 -0.0202728081 -0.0183738433
    endloop
  endfacet
  facet normal 0.923835635 -0.289856523 -0.250021964
    outer loop
      vertex 0.0315888859 -0.0220846385 -0.0181240644
      vertex 0.0320897549 -0.0202728081 -0.0183738433
      vertex 0.0320897438 -0.0211499557 -0.0173569862
    endloop
  endfacet
  facet normal 0.92384249 0.289833903 0.250022769
    outer loop
      vertex 0.0320897438 -0.0211499557 -0.0173569862
      vertex 0.0320897549 -0.0202728081 -0.0183738433
      vertex 0.0315889195 -0.0193768796 -0.0175618269
    endloop
  endfacet
  facet normal 0.92384243 0.289833933 0.250022799
    outer loop
      vertex 0.0320897438 -0.0211499557 -0.0173569862
      vertex 0.0315889195 -0.0193768796 -0.0175618269
      vertex 0.0315889083 -0.0202152617 -0.0165899079
    endloop
  endfacet
  facet normal 0.382592976 0.699596167 0.603479624
    outer loop
      vertex 0.0315889083 -0.0202152617 -0.0165899079
      vertex 0.0315889195 -0.0193768796 -0.0175618269
      vertex 0.0303797703 -0.0190057624 -0.0172254778
    endloop
  endfacet
  facet normal 0.382593513 0.699596405 0.603479028
    outer loop
      vertex 0.0315889083 -0.0202152617 -0.0165899079
      vertex 0.0303797703 -0.0190057624 -0.0172254778
      vertex 0.030379761 -0.0198280867 -0.0162721742
    endloop
  endfacet
  facet normal -0.382576168 0.699605584 0.603479445
    outer loop
      vertex 0.030379761 -0.0198280867 -0.0162721742
      vertex 0.0303797703 -0.0190057624 -0.0172254778
      vertex 0.0291706137 -0.0193768498 -0.0175618269
    endloop
  endfacet
  facet normal -0.382576376 0.699605525 0.603479505
    outer loop
      vertex 0.030379761 -0.0198280867 -0.0162721742
      vertex 0.0291706137 -0.0193768498 -0.0175618269
      vertex 0.0291706044 -0.0202152319 -0.0165899079
    endloop
  endfacet
  facet normal -0.923835397 0.289856523 0.250022858
    outer loop
      vertex 0.0291706044 -0.0202152319 -0.0165899079
      vertex 0.0291706137 -0.0193768498 -0.0175618269
      vertex 0.0286697559 -0.0202727672 -0.0183738433
    endloop
  endfacet
  facet normal -0.923835158 0.289857417 0.250022769
    outer loop
      vertex 0.0291706044 -0.0202152319 -0.0165899079
      vertex 0.0286697559 -0.0202727672 -0.0183738433
      vertex 0.0286697447 -0.0211499147 -0.0173569862
    endloop
  endfacet
  facet normal -0.923842609 -0.289833605 -0.250022531
    outer loop
      vertex 0.0286697447 -0.0211499147 -0.0173569862
      vertex 0.0286697559 -0.0202727672 -0.0183738433
      vertex 0.0291705914 -0.0211686976 -0.0191858597
    endloop
  endfacet
  facet normal -0.92384243 -0.289834201 -0.250022471
    outer loop
      vertex 0.0286697447 -0.0211499147 -0.0173569862
      vertex 0.0291705914 -0.0211686976 -0.0191858597
      vertex 0.0291705802 -0.0220846087 -0.0181240644
    endloop
  endfacet
  facet normal -0.382592946 -0.699596047 -0.603479803
    outer loop
      vertex 0.0291705802 -0.0220846087 -0.0181240644
      vertex 0.0291705914 -0.0211686976 -0.0191858597
      vertex 0.0303797405 -0.0215398148 -0.0195222087
    endloop
  endfacet
  facet normal -0.382592142 -0.699597001 -0.603479445
    outer loop
      vertex 0.0291705802 -0.0220846087 -0.0181240644
      vertex 0.0303797405 -0.0215398148 -0.0195222087
      vertex 0.0303797293 -0.0224717818 -0.0184417982
    endloop
  endfacet
  facet normal 0.382576525 -0.669151247 -0.637080789
    outer loop
      vertex 0.0303797405 -0.0215398148 -0.0195222087
      vertex 0.0303797517 -0.0205559582 -0.0205555856
      vertex 0.0315889083 -0.0202018209 -0.0202014334
    endloop
  endfacet
  facet normal 0.382576585 -0.669151187 -0.637080669
    outer loop
      vertex 0.0303797405 -0.0215398148 -0.0195222087
      vertex 0.0315889083 -0.0202018209 -0.0202014334
      vertex 0.0315888971 -0.0211687274 -0.0191858597
    endloop
  endfacet
  facet normal 0.923835456 -0.277239621 -0.263943911
    outer loop
      vertex 0.0315888971 -0.0211687274 -0.0191858597
      vertex 0.0315889083 -0.0202018209 -0.0202014334
      vertex 0.0320897661 -0.0193468258 -0.0193464346
    endloop
  endfacet
  facet normal 0.923835635 -0.277239591 -0.263942957
    outer loop
      vertex 0.0315888971 -0.0211687274 -0.0191858597
      vertex 0.0320897661 -0.0193468258 -0.0193464346
      vertex 0.0320897549 -0.0202728081 -0.0183738433
    endloop
  endfacet
  facet normal 0.923842609 0.277216822 0.26394251
    outer loop
      vertex 0.0320897549 -0.0202728081 -0.0183738433
      vertex 0.0320897661 -0.0193468258 -0.0193464346
      vertex 0.0315889306 -0.0184918195 -0.0184914339
    endloop
  endfacet
  facet normal 0.923842371 0.277216822 0.263943642
    outer loop
      vertex 0.0320897549 -0.0202728081 -0.0183738433
      vertex 0.0315889306 -0.0184918195 -0.0184914339
      vertex 0.0315889195 -0.0193768796 -0.0175618269
    endloop
  endfacet
  facet normal 0.382592618 0.669141769 0.637080848
    outer loop
      vertex 0.0315889195 -0.0193768796 -0.0175618269
      vertex 0.0315889306 -0.0184918195 -0.0184914339
      vertex 0.0303797815 -0.0181376524 -0.0181372818
    endloop
  endfacet
  facet normal 0.382592618 0.669141829 0.637080967
    outer loop
      vertex 0.0315889195 -0.0193768796 -0.0175618269
      vertex 0.0303797815 -0.0181376524 -0.0181372818
      vertex 0.0303797703 -0.0190057624 -0.0172254778
    endloop
  endfacet
  facet normal -0.382576525 0.669151247 0.637080669
    outer loop
      vertex 0.0303797703 -0.0190057624 -0.0172254778
      vertex 0.0303797815 -0.0181376524 -0.0181372818
      vertex 0.0291706249 -0.0184917897 -0.0184914339
    endloop
  endfacet
  facet normal -0.382576585 0.669151187 0.637080729
    outer loop
      vertex 0.0303797703 -0.0190057624 -0.0172254778
      vertex 0.0291706249 -0.0184917897 -0.0184914339
      vertex 0.0291706137 -0.0193768498 -0.0175618269
    endloop
  endfacet
  facet normal -0.923835516 0.27723974 0.263943225
    outer loop
      vertex 0.0291706137 -0.0193768498 -0.0175618269
      vertex 0.0291706249 -0.0184917897 -0.0184914339
      vertex 0.0286697671 -0.0193467848 -0.0193464346
    endloop
  endfacet
  facet normal -0.923835516 0.277239889 0.263943225
    outer loop
      vertex 0.0291706137 -0.0193768498 -0.0175618269
      vertex 0.0286697671 -0.0193467848 -0.0193464346
      vertex 0.0286697559 -0.0202727672 -0.0183738433
    endloop
  endfacet
  facet normal -0.923842013 -0.277217984 -0.263943613
    outer loop
      vertex 0.0286697559 -0.0202727672 -0.0183738433
      vertex 0.0286697671 -0.0193467848 -0.0193464346
      vertex 0.0291706044 -0.0202017911 -0.0202014334
    endloop
  endfacet
  facet normal -0.92384249 -0.277216285 -0.263943672
    outer loop
      vertex 0.0286697559 -0.0202727672 -0.0183738433
      vertex 0.0291706044 -0.0202017911 -0.0202014334
      vertex 0.0291705914 -0.0211686976 -0.0191858597
    endloop
  endfacet
  facet normal -0.382593185 -0.66914171 -0.637080729
    outer loop
      vertex 0.0291705914 -0.0211686976 -0.0191858597
      vertex 0.0291706044 -0.0202017911 -0.0202014334
      vertex 0.0303797517 -0.0205559582 -0.0205555856
    endloop
  endfacet
  facet normal -0.382592648 -0.669142246 -0.637080491
    outer loop
      vertex 0.0291705914 -0.0211686976 -0.0191858597
      vertex 0.0303797517 -0.0205559582 -0.0205555856
      vertex 0.0303797405 -0.0215398148 -0.0195222087
    endloop
  endfacet
  facet normal 0.382576525 -0.637085497 -0.669146657
    outer loop
      vertex 0.0303797517 -0.0205559582 -0.0205555856
      vertex 0.0303797647 -0.0195225794 -0.0215394441
      vertex 0.0315889195 -0.0191862471 -0.0211683419
    endloop
  endfacet
  facet normal 0.382576883 -0.637085676 -0.669146299
    outer loop
      vertex 0.0303797517 -0.0205559582 -0.0205555856
      vertex 0.0315889195 -0.0191862471 -0.0211683419
      vertex 0.0315889083 -0.0202018209 -0.0202014334
    endloop
  endfacet
  facet normal 0.923835516 -0.26395455 -0.277228951
    outer loop
      vertex 0.0315889083 -0.0202018209 -0.0202014334
      vertex 0.0315889195 -0.0191862471 -0.0211683419
      vertex 0.0320897773 -0.0183742344 -0.0202724189
    endloop
  endfacet
  facet normal 0.923835576 -0.26395455 -0.277228951
    outer loop
      vertex 0.0315889083 -0.0202018209 -0.0202014334
      vertex 0.0320897773 -0.0183742344 -0.0202724189
      vertex 0.0320897661 -0.0193468258 -0.0193464346
    endloop
  endfacet
  facet normal 0.92384249 0.263932019 0.277227521
    outer loop
      vertex 0.0320897661 -0.0193468258 -0.0193464346
      vertex 0.0320897773 -0.0183742344 -0.0202724189
      vertex 0.0315889418 -0.0175622124 -0.0193764959
    endloop
  endfacet
  facet normal 0.92384249 0.26393199 0.277227342
    outer loop
      vertex 0.0320897661 -0.0193468258 -0.0193464346
      vertex 0.0315889418 -0.0175622124 -0.0193764959
      vertex 0.0315889306 -0.0184918195 -0.0184914339
    endloop
  endfacet
  facet normal 0.38259235 0.637076914 0.669145823
    outer loop
      vertex 0.0315889306 -0.0184918195 -0.0184914339
      vertex 0.0315889418 -0.0175622124 -0.0193764959
      vertex 0.0303797927 -0.0172258485 -0.0190053936
    endloop
  endfacet
  facet normal 0.382592291 0.637076914 0.669145882
    outer loop
      vertex 0.0315889306 -0.0184918195 -0.0184914339
      vertex 0.0303797927 -0.0172258485 -0.0190053936
      vertex 0.0303797815 -0.0181376524 -0.0181372818
    endloop
  endfacet
  facet normal -0.382576883 0.637086153 0.669145882
    outer loop
      vertex 0.0303797815 -0.0181376524 -0.0181372818
      vertex 0.0303797927 -0.0172258485 -0.0190053936
      vertex 0.0291706361 -0.0175621826 -0.0193764959
    endloop
  endfacet
  facet normal -0.382576913 0.637086153 0.669145823
    outer loop
      vertex 0.0303797815 -0.0181376524 -0.0181372818
      vertex 0.0291706361 -0.0175621826 -0.0193764959
      vertex 0.0291706249 -0.0184917897 -0.0184914339
    endloop
  endfacet
  facet normal -0.923835397 0.263955414 0.277228653
    outer loop
      vertex 0.0291706249 -0.0184917897 -0.0184914339
      vertex 0.0291706361 -0.0175621826 -0.0193764959
      vertex 0.0286697783 -0.0183741935 -0.0202724189
    endloop
  endfacet
  facet normal -0.923835695 0.263954312 0.277228624
    outer loop
      vertex 0.0291706249 -0.0184917897 -0.0184914339
      vertex 0.0286697783 -0.0183741935 -0.0202724189
      vertex 0.0286697671 -0.0193467848 -0.0193464346
    endloop
  endfacet
  facet normal -0.923842072 -0.263932586 -0.277228087
    outer loop
      vertex 0.0286697671 -0.0193467848 -0.0193464346
      vertex 0.0286697783 -0.0183741935 -0.0202724189
      vertex 0.0291706156 -0.0191862173 -0.0211683419
    endloop
  endfacet
  facet normal -0.923841774 -0.26393342 -0.277228117
    outer loop
      vertex 0.0286697671 -0.0193467848 -0.0193464346
      vertex 0.0291706156 -0.0191862173 -0.0211683419
      vertex 0.0291706044 -0.0202017911 -0.0202014334
    endloop
  endfacet
  facet normal -0.382591516 -0.637077034 -0.669146121
    outer loop
      vertex 0.0291706044 -0.0202017911 -0.0202014334
      vertex 0.0291706156 -0.0191862173 -0.0211683419
      vertex 0.0303797647 -0.0195225794 -0.0215394441
    endloop
  endfacet
  facet normal -0.382592767 -0.637075841 -0.669146597
    outer loop
      vertex 0.0291706044 -0.0202017911 -0.0202014334
      vertex 0.0303797647 -0.0195225794 -0.0215394441
      vertex 0.0303797517 -0.0205559582 -0.0205555856
    endloop
  endfacet
  facet normal 0.38257724 -0.603485107 -0.699600101
    outer loop
      vertex 0.0303797647 -0.0195225794 -0.0215394441
      vertex 0.0303797778 -0.0184421707 -0.022471413
      vertex 0.0315889344 -0.0181244519 -0.0220842529
    endloop
  endfacet
  facet normal 0.382576942 -0.603484988 -0.699600458
    outer loop
      vertex 0.0303797647 -0.0195225794 -0.0215394441
      vertex 0.0315889344 -0.0181244519 -0.0220842529
      vertex 0.0315889195 -0.0191862471 -0.0211683419
    endloop
  endfacet
  facet normal 0.92383647 -0.250033677 -0.28984341
    outer loop
      vertex 0.0315889195 -0.0191862471 -0.0211683419
      vertex 0.0315889344 -0.0181244519 -0.0220842529
      vertex 0.0320897885 -0.0173573792 -0.0211495645
    endloop
  endfacet
  facet normal 0.923835695 -0.250033438 -0.289846361
    outer loop
      vertex 0.0315889195 -0.0191862471 -0.0211683419
      vertex 0.0320897885 -0.0173573792 -0.0211495645
      vertex 0.0320897773 -0.0183742344 -0.0202724189
    endloop
  endfacet
  facet normal 0.923842371 0.250011235 0.289844185
    outer loop
      vertex 0.0320897773 -0.0183742344 -0.0202724189
      vertex 0.0320897885 -0.0173573792 -0.0211495645
      vertex 0.031588953 -0.0165902954 -0.020214878
    endloop
  endfacet
  facet normal 0.923842311 0.250011206 0.289844543
    outer loop
      vertex 0.0320897773 -0.0183742344 -0.0202724189
      vertex 0.031588953 -0.0165902954 -0.020214878
      vertex 0.0315889418 -0.0175622124 -0.0193764959
    endloop
  endfacet
  facet normal 0.382592112 0.603475511 0.699600399
    outer loop
      vertex 0.0315889418 -0.0175622124 -0.0193764959
      vertex 0.031588953 -0.0165902954 -0.020214878
      vertex 0.0303798039 -0.0162725467 -0.0198277179
    endloop
  endfacet
  facet normal 0.382591903 0.603475451 0.699600518
    outer loop
      vertex 0.0315889418 -0.0175622124 -0.0193764959
      vertex 0.0303798039 -0.0162725467 -0.0198277179
      vertex 0.0303797927 -0.0172258485 -0.0190053936
    endloop
  endfacet
  facet normal -0.3825773 0.603484571 0.699600637
    outer loop
      vertex 0.0303797927 -0.0172258485 -0.0190053936
      vertex 0.0303798039 -0.0162725467 -0.0198277179
      vertex 0.0291706473 -0.0165902656 -0.020214878
    endloop
  endfacet
  facet normal -0.38257724 0.603484511 0.699600637
    outer loop
      vertex 0.0303797927 -0.0172258485 -0.0190053936
      vertex 0.0291706473 -0.0165902656 -0.020214878
      vertex 0.0291706361 -0.0175621826 -0.0193764959
    endloop
  endfacet
  facet normal -0.923835397 0.250034302 0.289846629
    outer loop
      vertex 0.0291706361 -0.0175621826 -0.0193764959
      vertex 0.0291706473 -0.0165902656 -0.020214878
      vertex 0.0286697894 -0.0173573382 -0.0211495645
    endloop
  endfacet
  facet normal -0.923835456 0.250033647 0.289846569
    outer loop
      vertex 0.0291706361 -0.0175621826 -0.0193764959
      vertex 0.0286697894 -0.0173573382 -0.0211495645
      vertex 0.0286697783 -0.0183741935 -0.0202724189
    endloop
  endfacet
  facet normal -0.923841476 -0.250012577 -0.289845705
    outer loop
      vertex 0.0286697783 -0.0183741935 -0.0202724189
      vertex 0.0286697894 -0.0173573382 -0.0211495645
      vertex 0.0291706286 -0.0181244221 -0.0220842529
    endloop
  endfacet
  facet normal -0.923841894 -0.250011265 -0.289845645
    outer loop
      vertex 0.0286697783 -0.0183741935 -0.0202724189
      vertex 0.0291706286 -0.0181244221 -0.0220842529
      vertex 0.0291706156 -0.0191862173 -0.0211683419
    endloop
  endfacet
  facet normal -0.382592052 -0.603475034 -0.699600637
    outer loop
      vertex 0.0291706156 -0.0191862173 -0.0211683419
      vertex 0.0291706286 -0.0181244221 -0.0220842529
      vertex 0.0303797778 -0.0184421707 -0.022471413
    endloop
  endfacet
  facet normal -0.382591099 -0.603476107 -0.699600279
    outer loop
      vertex 0.0291706156 -0.0191862173 -0.0211683419
      vertex 0.0303797778 -0.0184421707 -0.022471413
      vertex 0.0303797647 -0.0195225794 -0.0215394441
    endloop
  endfacet
  facet normal 0.382578075 -0.56842953 -0.728369355
    outer loop
      vertex 0.0303797778 -0.0184421707 -0.022471413
      vertex 0.0303797908 -0.0173173342 -0.0233492441
      vertex 0.0315889455 -0.0170189962 -0.0229469594
    endloop
  endfacet
  facet normal 0.382577717 -0.568429351 -0.728369653
    outer loop
      vertex 0.0303797778 -0.0184421707 -0.022471413
      vertex 0.0315889455 -0.0170189962 -0.0229469594
      vertex 0.0315889344 -0.0181244519 -0.0220842529
    endloop
  endfacet
  facet normal 0.923835516 -0.235510185 -0.301766306
    outer loop
      vertex 0.0315889344 -0.0181244519 -0.0220842529
      vertex 0.0315889455 -0.0170189962 -0.0229469594
      vertex 0.0320898034 -0.0162987094 -0.0219757594
    endloop
  endfacet
  facet normal 0.923836768 -0.235510737 -0.301762164
    outer loop
      vertex 0.0315889344 -0.0181244519 -0.0220842529
      vertex 0.0320898034 -0.0162987094 -0.0219757594
      vertex 0.0320897885 -0.0173573792 -0.0211495645
    endloop
  endfacet
  facet normal 0.923841596 0.235487401 0.301765531
    outer loop
      vertex 0.0320897885 -0.0173573792 -0.0211495645
      vertex 0.0320898034 -0.0162987094 -0.0219757594
      vertex 0.0315889642 -0.0155784125 -0.0210045576
    endloop
  endfacet
  facet normal 0.923842192 0.235487744 0.301763356
    outer loop
      vertex 0.0320897885 -0.0173573792 -0.0211495645
      vertex 0.0315889642 -0.0155784125 -0.0210045576
      vertex 0.031588953 -0.0165902954 -0.020214878
    endloop
  endfacet
  facet normal 0.382591009 0.568420053 0.728369892
    outer loop
      vertex 0.031588953 -0.0165902954 -0.020214878
      vertex 0.0315889642 -0.0155784125 -0.0210045576
      vertex 0.030379815 -0.0152800437 -0.0206022747
    endloop
  endfacet
  facet normal 0.382591635 0.568420529 0.728369236
    outer loop
      vertex 0.031588953 -0.0165902954 -0.020214878
      vertex 0.030379815 -0.0152800437 -0.0206022747
      vertex 0.0303798039 -0.0162725467 -0.0198277179
    endloop
  endfacet
  facet normal -0.382576942 0.568429589 0.728369772
    outer loop
      vertex 0.0303798039 -0.0162725467 -0.0198277179
      vertex 0.030379815 -0.0152800437 -0.0206022747
      vertex 0.0291706584 -0.0155783826 -0.0210045576
    endloop
  endfacet
  facet normal -0.382577777 0.568428814 0.72837019
    outer loop
      vertex 0.0303798039 -0.0162725467 -0.0198277179
      vertex 0.0291706584 -0.0155783826 -0.0210045576
      vertex 0.0291706473 -0.0165902656 -0.020214878
    endloop
  endfacet
  facet normal -0.923836112 0.235509455 0.301765025
    outer loop
      vertex 0.0291706473 -0.0165902656 -0.020214878
      vertex 0.0291706584 -0.0155783826 -0.0210045576
      vertex 0.0286698025 -0.0162986685 -0.0219757594
    endloop
  endfacet
  facet normal -0.923835516 0.235511482 0.301765144
    outer loop
      vertex 0.0291706473 -0.0165902656 -0.020214878
      vertex 0.0286698025 -0.0162986685 -0.0219757594
      vertex 0.0286697894 -0.0173573382 -0.0211495645
    endloop
  endfacet
  facet normal -0.923841476 -0.235488549 -0.301764935
    outer loop
      vertex 0.0286697894 -0.0173573382 -0.0211495645
      vertex 0.0286698025 -0.0162986685 -0.0219757594
      vertex 0.0291706417 -0.0170189664 -0.0229469594
    endloop
  endfacet
  facet normal -0.923841357 -0.235488921 -0.301764995
    outer loop
      vertex 0.0286697894 -0.0173573382 -0.0211495645
      vertex 0.0291706417 -0.0170189664 -0.0229469594
      vertex 0.0291706286 -0.0181244221 -0.0220842529
    endloop
  endfacet
  facet normal -0.382591575 -0.568420649 -0.728369176
    outer loop
      vertex 0.0291706286 -0.0181244221 -0.0220842529
      vertex 0.0291706417 -0.0170189664 -0.0229469594
      vertex 0.0303797908 -0.0173173342 -0.0233492441
    endloop
  endfacet
  facet normal -0.382591635 -0.568420529 -0.728369236
    outer loop
      vertex 0.0291706286 -0.0181244221 -0.0220842529
      vertex 0.0303797908 -0.0173173342 -0.0233492441
      vertex 0.0303797778 -0.0184421707 -0.022471413
    endloop
  endfacet
  facet normal 0.382578492 -0.53200531 -0.755383432
    outer loop
      vertex 0.0303797908 -0.0173173342 -0.0233492441
      vertex 0.0303798039 -0.0161508024 -0.0241708085
      vertex 0.0315889604 -0.0158725604 -0.0237543695
    endloop
  endfacet
  facet normal 0.382578492 -0.53200525 -0.755383313
    outer loop
      vertex 0.0303797908 -0.0173173342 -0.0233492441
      vertex 0.0315889604 -0.0158725604 -0.0237543695
      vertex 0.0315889455 -0.0170189962 -0.0229469594
    endloop
  endfacet
  facet normal 0.923836529 -0.220419824 -0.312955439
    outer loop
      vertex 0.0315889455 -0.0170189962 -0.0229469594
      vertex 0.0315889604 -0.0158725604 -0.0237543695
      vertex 0.0320898145 -0.0152007965 -0.0227489956
    endloop
  endfacet
  facet normal 0.923835695 -0.220419243 -0.312958539
    outer loop
      vertex 0.0315889455 -0.0170189962 -0.0229469594
      vertex 0.0320898145 -0.0152007965 -0.0227489956
      vertex 0.0320898034 -0.0162987094 -0.0219757594
    endloop
  endfacet
  facet normal 0.923841298 0.220398784 0.312956125
    outer loop
      vertex 0.0320898034 -0.0162987094 -0.0219757594
      vertex 0.0320898145 -0.0152007965 -0.0227489956
      vertex 0.0315889753 -0.0145290205 -0.0217436235
    endloop
  endfacet
  facet normal 0.923841357 0.220398813 0.312955946
    outer loop
      vertex 0.0320898034 -0.0162987094 -0.0219757594
      vertex 0.0315889753 -0.0145290205 -0.0217436235
      vertex 0.0315889642 -0.0155784125 -0.0210045576
    endloop
  endfacet
  facet normal 0.382591933 0.531996846 0.755382597
    outer loop
      vertex 0.0315889642 -0.0155784125 -0.0210045576
      vertex 0.0315889753 -0.0145290205 -0.0217436235
      vertex 0.0303798281 -0.0142507497 -0.0213271845
    endloop
  endfacet
  facet normal 0.382590503 0.531995952 0.755383968
    outer loop
      vertex 0.0315889642 -0.0155784125 -0.0210045576
      vertex 0.0303798281 -0.0142507497 -0.0213271845
      vertex 0.030379815 -0.0152800437 -0.0206022747
    endloop
  endfacet
  facet normal -0.382578462 0.53200525 0.755383313
    outer loop
      vertex 0.030379815 -0.0152800437 -0.0206022747
      vertex 0.0303798281 -0.0142507497 -0.0213271845
      vertex 0.0291706715 -0.0145289917 -0.0217436235
    endloop
  endfacet
  facet normal -0.382577389 0.532006562 0.755383074
    outer loop
      vertex 0.030379815 -0.0152800437 -0.0206022747
      vertex 0.0291706715 -0.0145289917 -0.0217436235
      vertex 0.0291706584 -0.0155783826 -0.0210045576
    endloop
  endfacet
  facet normal -0.923835933 0.220420897 0.312956721
    outer loop
      vertex 0.0291706584 -0.0155783826 -0.0210045576
      vertex 0.0291706715 -0.0145289917 -0.0217436235
      vertex 0.0286698155 -0.0152007556 -0.0227489956
    endloop
  endfacet
  facet normal -0.923836291 0.220419437 0.312956512
    outer loop
      vertex 0.0291706584 -0.0155783826 -0.0210045576
      vertex 0.0286698155 -0.0152007556 -0.0227489956
      vertex 0.0286698025 -0.0162986685 -0.0219757594
    endloop
  endfacet
  facet normal -0.923841476 -0.220397547 -0.312956601
    outer loop
      vertex 0.0286698025 -0.0162986685 -0.0219757594
      vertex 0.0286698155 -0.0152007556 -0.0227489956
      vertex 0.0291706547 -0.0158725306 -0.0237543695
    endloop
  endfacet
  facet normal -0.923841298 -0.220398217 -0.31295675
    outer loop
      vertex 0.0286698025 -0.0162986685 -0.0219757594
      vertex 0.0291706547 -0.0158725306 -0.0237543695
      vertex 0.0291706417 -0.0170189664 -0.0229469594
    endloop
  endfacet
  facet normal -0.382591754 -0.531995952 -0.755383193
    outer loop
      vertex 0.0291706417 -0.0170189664 -0.0229469594
      vertex 0.0291706547 -0.0158725306 -0.0237543695
      vertex 0.0303798039 -0.0161508024 -0.0241708085
    endloop
  endfacet
  facet normal -0.382591188 -0.531996489 -0.755383193
    outer loop
      vertex 0.0291706417 -0.0170189664 -0.0229469594
      vertex 0.0303798039 -0.0161508024 -0.0241708085
      vertex 0.0303797908 -0.0173173342 -0.0233492441
    endloop
  endfacet
  facet normal 0.38257882 -0.494300514 -0.780576944
    outer loop
      vertex 0.0303798039 -0.0161508024 -0.0241708085
      vertex 0.0303798188 -0.0149453385 -0.0249341615
      vertex 0.0315889753 -0.014687866 -0.0245045703
    endloop
  endfacet
  facet normal 0.382578909 -0.494300544 -0.780576885
    outer loop
      vertex 0.0303798039 -0.0161508024 -0.0241708085
      vertex 0.0315889753 -0.014687866 -0.0245045703
      vertex 0.0315889604 -0.0158725604 -0.0237543695
    endloop
  endfacet
  facet normal 0.92383647 -0.204798788 -0.323393703
    outer loop
      vertex 0.0315889604 -0.0158725604 -0.0237543695
      vertex 0.0315889753 -0.014687866 -0.0245045703
      vertex 0.0320898294 -0.0140662426 -0.0234674457
    endloop
  endfacet
  facet normal 0.923836708 -0.204798982 -0.323392987
    outer loop
      vertex 0.0315889604 -0.0158725604 -0.0237543695
      vertex 0.0320898294 -0.0140662426 -0.0234674457
      vertex 0.0320898145 -0.0152007965 -0.0227489956
    endloop
  endfacet
  facet normal 0.923841417 0.204775691 0.323394477
    outer loop
      vertex 0.0320898145 -0.0152007965 -0.0227489956
      vertex 0.0320898294 -0.0140662426 -0.0234674457
      vertex 0.0315889902 -0.0134446081 -0.0224303212
    endloop
  endfacet
  facet normal 0.923841178 0.204775468 0.323395312
    outer loop
      vertex 0.0320898145 -0.0152007965 -0.0227489956
      vertex 0.0315889902 -0.0134446081 -0.0224303212
      vertex 0.0315889753 -0.0145290205 -0.0217436235
    endloop
  endfacet
  facet normal 0.382591337 0.494290531 0.780577183
    outer loop
      vertex 0.0315889753 -0.0145290205 -0.0217436235
      vertex 0.0315889902 -0.0134446081 -0.0224303212
      vertex 0.0303798411 -0.0131871058 -0.02200073
    endloop
  endfacet
  facet normal 0.382591426 0.49429059 0.780577064
    outer loop
      vertex 0.0315889753 -0.0145290205 -0.0217436235
      vertex 0.0303798411 -0.0131871058 -0.02200073
      vertex 0.0303798281 -0.0142507497 -0.0213271845
    endloop
  endfacet
  facet normal -0.382579237 0.494300038 0.780577183
    outer loop
      vertex 0.0303798281 -0.0142507497 -0.0213271845
      vertex 0.0303798411 -0.0131871058 -0.02200073
      vertex 0.0291706845 -0.0134445792 -0.0224303212
    endloop
  endfacet
  facet normal -0.382578939 0.494300336 0.780577004
    outer loop
      vertex 0.0303798281 -0.0142507497 -0.0213271845
      vertex 0.0291706845 -0.0134445792 -0.0224303212
      vertex 0.0291706715 -0.0145289917 -0.0217436235
    endloop
  endfacet
  facet normal -0.923836529 0.20479849 0.32339412
    outer loop
      vertex 0.0291706715 -0.0145289917 -0.0217436235
      vertex 0.0291706845 -0.0134445792 -0.0224303212
      vertex 0.0286698304 -0.0140662016 -0.0234674457
    endloop
  endfacet
  facet normal -0.923836112 0.204799861 0.323394388
    outer loop
      vertex 0.0291706715 -0.0145289917 -0.0217436235
      vertex 0.0286698304 -0.0140662016 -0.0234674457
      vertex 0.0286698155 -0.0152007556 -0.0227489956
    endloop
  endfacet
  facet normal -0.923841476 -0.204775631 -0.323394388
    outer loop
      vertex 0.0286698155 -0.0152007556 -0.0227489956
      vertex 0.0286698304 -0.0140662016 -0.0234674457
      vertex 0.0291706696 -0.0146878371 -0.0245045703
    endloop
  endfacet
  facet normal -0.923841298 -0.204776198 -0.323394507
    outer loop
      vertex 0.0286698155 -0.0152007556 -0.0227489956
      vertex 0.0291706696 -0.0146878371 -0.0245045703
      vertex 0.0291706547 -0.0158725306 -0.0237543695
    endloop
  endfacet
  facet normal -0.382591009 -0.494291306 -0.780576825
    outer loop
      vertex 0.0291706547 -0.0158725306 -0.0237543695
      vertex 0.0291706696 -0.0146878371 -0.0245045703
      vertex 0.0303798188 -0.0149453385 -0.0249341615
    endloop
  endfacet
  facet normal -0.382591277 -0.494291008 -0.780576885
    outer loop
      vertex 0.0291706547 -0.0158725306 -0.0237543695
      vertex 0.0303798188 -0.0149453385 -0.0249341615
      vertex 0.0303798039 -0.0161508024 -0.0241708085
    endloop
  endfacet
  facet normal 0.382578939 -0.455403477 -0.803891182
    outer loop
      vertex 0.0303798188 -0.0149453385 -0.0249341615
      vertex 0.0303798337 -0.0137038715 -0.0256374441
      vertex 0.0315889902 -0.0134677887 -0.0251957364
    endloop
  endfacet
  facet normal 0.382579356 -0.455403775 -0.803890824
    outer loop
      vertex 0.0303798188 -0.0149453385 -0.0249341615
      vertex 0.0315889902 -0.0134677887 -0.0251957364
      vertex 0.0315889753 -0.014687866 -0.0245045703
    endloop
  endfacet
  facet normal 0.923836589 -0.188683748 -0.333053023
    outer loop
      vertex 0.0315889753 -0.014687866 -0.0245045703
      vertex 0.0315889902 -0.0134677887 -0.0251957364
      vertex 0.0320898443 -0.0128978025 -0.0241293591
    endloop
  endfacet
  facet normal 0.923836768 -0.188683838 -0.333052695
    outer loop
      vertex 0.0315889753 -0.014687866 -0.0245045703
      vertex 0.0320898443 -0.0128978025 -0.0241293591
      vertex 0.0320898294 -0.0140662426 -0.0234674457
    endloop
  endfacet
  facet normal 0.923840404 0.18866165 0.333055109
    outer loop
      vertex 0.0320898294 -0.0140662426 -0.0234674457
      vertex 0.0320898443 -0.0128978025 -0.0241293591
      vertex 0.0315890014 -0.0123278061 -0.0230629817
    endloop
  endfacet
  facet normal 0.923841238 0.188662559 0.333052307
    outer loop
      vertex 0.0320898294 -0.0140662426 -0.0234674457
      vertex 0.0315890014 -0.0123278061 -0.0230629817
      vertex 0.0315889902 -0.0134446081 -0.0224303212
    endloop
  endfacet
  facet normal 0.382591099 0.455394477 0.803890467
    outer loop
      vertex 0.0315889902 -0.0134446081 -0.0224303212
      vertex 0.0315890014 -0.0123278061 -0.0230629817
      vertex 0.0303798541 -0.0120916935 -0.022621274
    endloop
  endfacet
  facet normal 0.38259089 0.455394328 0.803890646
    outer loop
      vertex 0.0315889902 -0.0134446081 -0.0224303212
      vertex 0.0303798541 -0.0120916935 -0.022621274
      vertex 0.0303798411 -0.0131871058 -0.02200073
    endloop
  endfacet
  facet normal -0.382579237 0.455403537 0.803890944
    outer loop
      vertex 0.0303798411 -0.0131871058 -0.02200073
      vertex 0.0303798541 -0.0120916935 -0.022621274
      vertex 0.0291706976 -0.0123277772 -0.0230629817
    endloop
  endfacet
  facet normal -0.382579654 0.455403119 0.803891063
    outer loop
      vertex 0.0303798411 -0.0131871058 -0.02200073
      vertex 0.0291706976 -0.0123277772 -0.0230629817
      vertex 0.0291706845 -0.0134445792 -0.0224303212
    endloop
  endfacet
  facet normal -0.92383647 0.188683286 0.333053559
    outer loop
      vertex 0.0291706845 -0.0134445792 -0.0224303212
      vertex 0.0291706976 -0.0123277772 -0.0230629817
      vertex 0.0286698435 -0.0128977615 -0.0241293591
    endloop
  endfacet
  facet normal -0.923836648 0.188682824 0.33305347
    outer loop
      vertex 0.0291706845 -0.0134445792 -0.0224303212
      vertex 0.0286698435 -0.0128977615 -0.0241293591
      vertex 0.0286698304 -0.0140662016 -0.0234674457
    endloop
  endfacet
  facet normal -0.923841 -0.188662082 -0.333053261
    outer loop
      vertex 0.0286698304 -0.0140662016 -0.0234674457
      vertex 0.0286698435 -0.0128977615 -0.0241293591
      vertex 0.0291706845 -0.0134677598 -0.0251957364
    endloop
  endfacet
  facet normal -0.923841238 -0.188661158 -0.333052993
    outer loop
      vertex 0.0286698304 -0.0140662016 -0.0234674457
      vertex 0.0291706845 -0.0134677598 -0.0251957364
      vertex 0.0291706696 -0.0146878371 -0.0245045703
    endloop
  endfacet
  facet normal -0.382590324 -0.455394506 -0.803890944
    outer loop
      vertex 0.0291706696 -0.0146878371 -0.0245045703
      vertex 0.0291706845 -0.0134677598 -0.0251957364
      vertex 0.0303798337 -0.0137038715 -0.0256374441
    endloop
  endfacet
  facet normal -0.382590562 -0.455394179 -0.803890944
    outer loop
      vertex 0.0291706696 -0.0146878371 -0.0245045703
      vertex 0.0303798337 -0.0137038715 -0.0256374441
      vertex 0.0303798188 -0.0149453385 -0.0249341615
    endloop
  endfacet
  facet normal 0.382579803 -0.415409863 -0.82526803
    outer loop
      vertex 0.0303798337 -0.0137038715 -0.0256374441
      vertex 0.0303798486 -0.0124293929 -0.0262789633
      vertex 0.0315890051 -0.0122152669 -0.0258262027
    endloop
  endfacet
  facet normal 0.382579416 -0.415409595 -0.825268388
    outer loop
      vertex 0.0303798337 -0.0137038715 -0.0256374441
      vertex 0.0315890051 -0.0122152669 -0.0258262027
      vertex 0.0315889902 -0.0134677887 -0.0251957364
    endloop
  endfacet
  facet normal 0.92383647 -0.172114253 -0.341910541
    outer loop
      vertex 0.0315889902 -0.0134677887 -0.0251957364
      vertex 0.0315890051 -0.0122152669 -0.0258262027
      vertex 0.0320898592 -0.0116982926 -0.0247331429
    endloop
  endfacet
  facet normal 0.923836887 -0.172114611 -0.341909468
    outer loop
      vertex 0.0315889902 -0.0134677887 -0.0251957364
      vertex 0.0320898592 -0.0116982926 -0.0247331429
      vertex 0.0320898443 -0.0128978025 -0.0241293591
    endloop
  endfacet
  facet normal 0.923840463 0.172092378 0.341910899
    outer loop
      vertex 0.0320898443 -0.0128978025 -0.0241293591
      vertex 0.0320898592 -0.0116982926 -0.0247331429
      vertex 0.0315890163 -0.011181307 -0.0236400813
    endloop
  endfacet
  facet normal 0.923840165 0.17209205 0.341911793
    outer loop
      vertex 0.0320898443 -0.0128978025 -0.0241293591
      vertex 0.0315890163 -0.011181307 -0.0236400813
      vertex 0.0315890014 -0.0123278061 -0.0230629817
    endloop
  endfacet
  facet normal 0.382590055 0.415400416 0.825267971
    outer loop
      vertex 0.0315890014 -0.0123278061 -0.0230629817
      vertex 0.0315890163 -0.011181307 -0.0236400813
      vertex 0.0303798672 -0.0109671531 -0.0231873207
    endloop
  endfacet
  facet normal 0.382590622 0.415400833 0.825267553
    outer loop
      vertex 0.0315890014 -0.0123278061 -0.0230629817
      vertex 0.0303798672 -0.0109671531 -0.0231873207
      vertex 0.0303798541 -0.0120916935 -0.022621274
    endloop
  endfacet
  facet normal -0.382580072 0.415409893 0.825267911
    outer loop
      vertex 0.0303798541 -0.0120916935 -0.022621274
      vertex 0.0303798672 -0.0109671531 -0.0231873207
      vertex 0.0291707125 -0.0111812782 -0.0236400813
    endloop
  endfacet
  facet normal -0.382579714 0.415410221 0.825267851
    outer loop
      vertex 0.0303798541 -0.0120916935 -0.022621274
      vertex 0.0291707125 -0.0111812782 -0.0236400813
      vertex 0.0291706976 -0.0123277772 -0.0230629817
    endloop
  endfacet
  facet normal -0.923836648 0.172115073 0.341909796
    outer loop
      vertex 0.0291706976 -0.0123277772 -0.0230629817
      vertex 0.0291707125 -0.0111812782 -0.0236400813
      vertex 0.0286698584 -0.0116982516 -0.0247331429
    endloop
  endfacet
  facet normal -0.923836708 0.172114715 0.341909647
    outer loop
      vertex 0.0291706976 -0.0123277772 -0.0230629817
      vertex 0.0286698584 -0.0116982516 -0.0247331429
      vertex 0.0286698435 -0.0128977615 -0.0241293591
    endloop
  endfacet
  facet normal -0.923840761 -0.172091961 -0.341910094
    outer loop
      vertex 0.0286698435 -0.0128977615 -0.0241293591
      vertex 0.0286698584 -0.0116982516 -0.0247331429
      vertex 0.0291706994 -0.0122152381 -0.0258262027
    endloop
  endfacet
  facet normal -0.923840821 -0.172092035 -0.341910154
    outer loop
      vertex 0.0286698435 -0.0128977615 -0.0241293591
      vertex 0.0291706994 -0.0122152381 -0.0258262027
      vertex 0.0291706845 -0.0134677598 -0.0251957364
    endloop
  endfacet
  facet normal -0.382590353 -0.415400296 -0.825267911
    outer loop
      vertex 0.0291706845 -0.0134677598 -0.0251957364
      vertex 0.0291706994 -0.0122152381 -0.0258262027
      vertex 0.0303798486 -0.0124293929 -0.0262789633
    endloop
  endfacet
  facet normal -0.382589817 -0.415400863 -0.825267911
    outer loop
      vertex 0.0291706845 -0.0134677598 -0.0251957364
      vertex 0.0303798486 -0.0124293929 -0.0262789633
      vertex 0.0303798337 -0.0137038715 -0.0256374441
    endloop
  endfacet
  facet normal 0.382579118 -0.374416053 -0.844657302
    outer loop
      vertex 0.0303798486 -0.0124293929 -0.0262789633
      vertex 0.0303798653 -0.0111249695 -0.0268571749
      vertex 0.03158902 -0.0109333182 -0.0263944548
    endloop
  endfacet
  facet normal 0.38258028 -0.374416947 -0.844656229
    outer loop
      vertex 0.0303798486 -0.0124293929 -0.0262789633
      vertex 0.03158902 -0.0109333182 -0.0263944548
      vertex 0.0315890051 -0.0122152669 -0.0258262027
    endloop
  endfacet
  facet normal 0.923836648 -0.155130729 -0.349943131
    outer loop
      vertex 0.0315890051 -0.0122152669 -0.0258262027
      vertex 0.03158902 -0.0109333182 -0.0263944548
      vertex 0.0320898741 -0.0104706008 -0.0252773426
    endloop
  endfacet
  facet normal 0.923836648 -0.155130729 -0.349943101
    outer loop
      vertex 0.0315890051 -0.0122152669 -0.0258262027
      vertex 0.0320898741 -0.0104706008 -0.0252773426
      vertex 0.0320898592 -0.0116982926 -0.0247331429
    endloop
  endfacet
  facet normal 0.923840344 0.155108348 0.34994325
    outer loop
      vertex 0.0320898592 -0.0116982926 -0.0247331429
      vertex 0.0320898741 -0.0104706008 -0.0252773426
      vertex 0.0315890312 -0.0100078722 -0.0241602305
    endloop
  endfacet
  facet normal 0.923840165 0.155108094 0.349943817
    outer loop
      vertex 0.0320898592 -0.0116982926 -0.0247331429
      vertex 0.0315890312 -0.0100078722 -0.0241602305
      vertex 0.0315890163 -0.011181307 -0.0236400813
    endloop
  endfacet
  facet normal 0.382587731 0.374406964 0.844657302
    outer loop
      vertex 0.0315890163 -0.011181307 -0.0236400813
      vertex 0.0315890312 -0.0100078722 -0.0241602305
      vertex 0.0303798802 -0.00981619209 -0.0236975104
    endloop
  endfacet
  facet normal 0.382589638 0.374408603 0.844655812
    outer loop
      vertex 0.0315890163 -0.011181307 -0.0236400813
      vertex 0.0303798802 -0.00981619209 -0.0236975104
      vertex 0.0303798672 -0.0109671531 -0.0231873207
    endloop
  endfacet
  facet normal -0.382577986 0.374417782 0.844657004
    outer loop
      vertex 0.0303798672 -0.0109671531 -0.0231873207
      vertex 0.0303798802 -0.00981619209 -0.0236975104
      vertex 0.0291707255 -0.0100078434 -0.0241602287
    endloop
  endfacet
  facet normal -0.382580519 0.374414653 0.844657242
    outer loop
      vertex 0.0303798672 -0.0109671531 -0.0231873207
      vertex 0.0291707255 -0.0100078434 -0.0241602287
      vertex 0.0291707125 -0.0111812782 -0.0236400813
    endloop
  endfacet
  facet normal -0.923837185 0.155129015 0.349942595
    outer loop
      vertex 0.0291707125 -0.0111812782 -0.0236400813
      vertex 0.0291707255 -0.0100078434 -0.0241602287
      vertex 0.0286698733 -0.0104705598 -0.0252773408
    endloop
  endfacet
  facet normal -0.923836768 0.155130163 0.349943012
    outer loop
      vertex 0.0291707125 -0.0111812782 -0.0236400813
      vertex 0.0286698733 -0.0104705598 -0.0252773408
      vertex 0.0286698584 -0.0116982516 -0.0247331429
    endloop
  endfacet
  facet normal -0.923841 -0.155107379 -0.349942237
    outer loop
      vertex 0.0286698584 -0.0116982516 -0.0247331429
      vertex 0.0286698733 -0.0104705598 -0.0252773408
      vertex 0.0291707143 -0.0109332893 -0.0263944529
    endloop
  endfacet
  facet normal -0.923840642 -0.155108571 -0.349942684
    outer loop
      vertex 0.0286698584 -0.0116982516 -0.0247331429
      vertex 0.0291707143 -0.0109332893 -0.0263944529
      vertex 0.0291706994 -0.0122152381 -0.0258262027
    endloop
  endfacet
  facet normal -0.382588893 -0.374407083 -0.844656765
    outer loop
      vertex 0.0291706994 -0.0122152381 -0.0258262027
      vertex 0.0291707143 -0.0109332893 -0.0263944529
      vertex 0.0303798653 -0.0111249695 -0.0268571749
    endloop
  endfacet
  facet normal -0.382589847 -0.37440598 -0.844656765
    outer loop
      vertex 0.0291706994 -0.0122152381 -0.0258262027
      vertex 0.0303798653 -0.0111249695 -0.0268571749
      vertex 0.0303798486 -0.0124293929 -0.0262789633
    endloop
  endfacet
  facet normal 0.382580757 -0.332519412 -0.862010837
    outer loop
      vertex 0.0303798653 -0.0111249695 -0.0268571749
      vertex 0.0303798802 -0.00979374629 -0.0273706857
      vertex 0.0315890349 -0.00962503068 -0.0268991161
    endloop
  endfacet
  facet normal 0.382579565 -0.332518458 -0.86201185
    outer loop
      vertex 0.0303798653 -0.0111249695 -0.0268571749
      vertex 0.0315890349 -0.00962503068 -0.0268991161
      vertex 0.03158902 -0.0109333182 -0.0263944548
    endloop
  endfacet
  facet normal 0.923836768 -0.137772039 -0.357133865
    outer loop
      vertex 0.03158902 -0.0109333182 -0.0263944548
      vertex 0.0315890349 -0.00962503068 -0.0268991161
      vertex 0.032089889 -0.00921768509 -0.025760645
    endloop
  endfacet
  facet normal 0.923836946 -0.137772322 -0.35713324
    outer loop
      vertex 0.03158902 -0.0109333182 -0.0263944548
      vertex 0.032089889 -0.00921768509 -0.025760645
      vertex 0.0320898741 -0.0104706008 -0.0252773426
    endloop
  endfacet
  facet normal 0.923840284 0.137750208 0.357132822
    outer loop
      vertex 0.0320898741 -0.0104706008 -0.0252773426
      vertex 0.032089889 -0.00921768509 -0.025760645
      vertex 0.0315890461 -0.00881032832 -0.024622174
    endloop
  endfacet
  facet normal 0.923840225 0.137749985 0.357133359
    outer loop
      vertex 0.0320898741 -0.0104706008 -0.0252773426
      vertex 0.0315890461 -0.00881032832 -0.024622174
      vertex 0.0315890312 -0.0100078722 -0.0241602305
    endloop
  endfacet
  facet normal 0.382588863 0.332509458 0.862011194
    outer loop
      vertex 0.0315890312 -0.0100078722 -0.0241602305
      vertex 0.0315890461 -0.00881032832 -0.024622174
      vertex 0.0303798951 -0.00864158291 -0.0241506044
    endloop
  endfacet
  facet normal 0.382587224 0.332507998 0.862012386
    outer loop
      vertex 0.0315890312 -0.0100078722 -0.0241602305
      vertex 0.0303798951 -0.00864158291 -0.0241506044
      vertex 0.0303798802 -0.00981619209 -0.0236975104
    endloop
  endfacet
  facet normal -0.382580996 0.332517385 0.862011552
    outer loop
      vertex 0.0303798802 -0.00981619209 -0.0236975104
      vertex 0.0303798951 -0.00864158291 -0.0241506044
      vertex 0.0291707404 -0.00881029945 -0.024622174
    endloop
  endfacet
  facet normal -0.382578403 0.332520485 0.862011552
    outer loop
      vertex 0.0303798802 -0.00981619209 -0.0236975104
      vertex 0.0291707404 -0.00881029945 -0.024622174
      vertex 0.0291707255 -0.0100078434 -0.0241602287
    endloop
  endfacet
  facet normal -0.923837125 0.137773111 0.357132286
    outer loop
      vertex 0.0291707255 -0.0100078434 -0.0241602287
      vertex 0.0291707404 -0.00881029945 -0.024622174
      vertex 0.0286698882 -0.00921764411 -0.025760645
    endloop
  endfacet
  facet normal -0.923837423 0.137772381 0.357131988
    outer loop
      vertex 0.0291707255 -0.0100078434 -0.0241602287
      vertex 0.0286698882 -0.00921764411 -0.025760645
      vertex 0.0286698733 -0.0104705598 -0.0252773408
    endloop
  endfacet
  facet normal -0.923840404 -0.137750655 -0.357132584
    outer loop
      vertex 0.0286698733 -0.0104705598 -0.0252773408
      vertex 0.0286698882 -0.00921764411 -0.025760645
      vertex 0.0291707311 -0.00962500181 -0.0268991161
    endloop
  endfacet
  facet normal -0.923840761 -0.137749508 -0.357132137
    outer loop
      vertex 0.0286698733 -0.0104705598 -0.0252773408
      vertex 0.0291707311 -0.00962500181 -0.0268991161
      vertex 0.0291707143 -0.0109332893 -0.0263944529
    endloop
  endfacet
  facet normal -0.382589132 -0.332510024 -0.862010777
    outer loop
      vertex 0.0291707143 -0.0109332893 -0.0263944529
      vertex 0.0291707311 -0.00962500181 -0.0268991161
      vertex 0.0303798802 -0.00979374629 -0.0273706857
    endloop
  endfacet
  facet normal -0.382588357 -0.332510859 -0.862010777
    outer loop
      vertex 0.0291707143 -0.0109332893 -0.0263944529
      vertex 0.0303798802 -0.00979374629 -0.0273706857
      vertex 0.0303798653 -0.0111249695 -0.0268571749
    endloop
  endfacet
  facet normal 0.38258189 -0.289821804 -0.877288043
    outer loop
      vertex 0.0303798802 -0.00979374629 -0.0273706857
      vertex 0.030379897 -0.00843892992 -0.027818257
      vertex 0.0315890498 -0.00829355605 -0.027338976
    endloop
  endfacet
  facet normal 0.382581294 -0.289821357 -0.87728852
    outer loop
      vertex 0.0303798802 -0.00979374629 -0.0273706857
      vertex 0.0315890498 -0.00829355605 -0.027338976
      vertex 0.0315890349 -0.00962503068 -0.0268991161
    endloop
  endfacet
  facet normal 0.923836589 -0.120082706 -0.363464147
    outer loop
      vertex 0.0315890349 -0.00962503068 -0.0268991161
      vertex 0.0315890498 -0.00829355605 -0.027338976
      vertex 0.032089904 -0.00794256479 -0.0261818897
    endloop
  endfacet
  facet normal 0.923836946 -0.120083265 -0.363463014
    outer loop
      vertex 0.0315890349 -0.00962503068 -0.0268991161
      vertex 0.032089904 -0.00794256479 -0.0261818897
      vertex 0.032089889 -0.00921768509 -0.025760645
    endloop
  endfacet
  facet normal 0.923840404 0.120061129 0.363461345
    outer loop
      vertex 0.032089889 -0.00921768509 -0.025760645
      vertex 0.032089904 -0.00794256479 -0.0261818897
      vertex 0.031589061 -0.00759155955 -0.0250248015
    endloop
  endfacet
  facet normal 0.923840106 0.120060615 0.36346224
    outer loop
      vertex 0.032089889 -0.00921768509 -0.025760645
      vertex 0.031589061 -0.00759155955 -0.0250248015
      vertex 0.0315890461 -0.00881032832 -0.024622174
    endloop
  endfacet
  facet normal 0.382586718 0.289812922 0.877288878
    outer loop
      vertex 0.0315890461 -0.00881032832 -0.024622174
      vertex 0.031589061 -0.00759155955 -0.0250248015
      vertex 0.0303799082 -0.00744615681 -0.0245455224
    endloop
  endfacet
  facet normal 0.382588327 0.289814442 0.877287745
    outer loop
      vertex 0.0315890461 -0.00881032832 -0.024622174
      vertex 0.0303799082 -0.00744615681 -0.0245455224
      vertex 0.0303798951 -0.00864158291 -0.0241506044
    endloop
  endfacet
  facet normal -0.382580757 0.289822996 0.877288282
    outer loop
      vertex 0.0303798951 -0.00864158291 -0.0241506044
      vertex 0.0303799082 -0.00744615681 -0.0245455224
      vertex 0.0291707553 -0.00759153068 -0.0250248015
    endloop
  endfacet
  facet normal -0.382581472 0.289822012 0.877288222
    outer loop
      vertex 0.0303798951 -0.00864158291 -0.0241506044
      vertex 0.0291707553 -0.00759153068 -0.0250248015
      vertex 0.0291707404 -0.00881029945 -0.024622174
    endloop
  endfacet
  facet normal -0.923837245 0.120083153 0.36346209
    outer loop
      vertex 0.0291707404 -0.00881029945 -0.024622174
      vertex 0.0291707553 -0.00759153068 -0.0250248015
      vertex 0.0286699031 -0.00794252288 -0.0261818897
    endloop
  endfacet
  facet normal -0.923837364 0.120082825 0.363461971
    outer loop
      vertex 0.0291707404 -0.00881029945 -0.024622174
      vertex 0.0286699031 -0.00794252288 -0.0261818897
      vertex 0.0286698882 -0.00921764411 -0.025760645
    endloop
  endfacet
  facet normal -0.923840165 -0.120061226 -0.363461912
    outer loop
      vertex 0.0286698882 -0.00921764411 -0.025760645
      vertex 0.0286699031 -0.00794252288 -0.0261818897
      vertex 0.029170746 -0.00829352718 -0.027338976
    endloop
  endfacet
  facet normal -0.923840165 -0.120061301 -0.363461941
    outer loop
      vertex 0.0286698882 -0.00921764411 -0.025760645
      vertex 0.029170746 -0.00829352718 -0.027338976
      vertex 0.0291707311 -0.00962500181 -0.0268991161
    endloop
  endfacet
  facet normal -0.382588357 -0.289812684 -0.877288222
    outer loop
      vertex 0.0291707311 -0.00962500181 -0.0268991161
      vertex 0.029170746 -0.00829352718 -0.027338976
      vertex 0.030379897 -0.00843892992 -0.027818257
    endloop
  endfacet
  facet normal -0.382588625 -0.289812446 -0.877288282
    outer loop
      vertex 0.0291707311 -0.00962500181 -0.0268991161
      vertex 0.030379897 -0.00843892992 -0.027818257
      vertex 0.0303798802 -0.00979374629 -0.0273706857
    endloop
  endfacet
  facet normal 0.38258189 -0.246425554 -0.890452385
    outer loop
      vertex 0.030379897 -0.00843892992 -0.027818257
      vertex 0.0303799137 -0.00706381118 -0.0281988028
      vertex 0.0315890685 -0.00694212923 -0.0277129654
    endloop
  endfacet
  facet normal 0.382582426 -0.246426016 -0.890452087
    outer loop
      vertex 0.030379897 -0.00843892992 -0.027818257
      vertex 0.0315890685 -0.00694212923 -0.0277129654
      vertex 0.0315890498 -0.00829355605 -0.027338976
    endloop
  endfacet
  facet normal 0.923837602 -0.102105148 -0.368915409
    outer loop
      vertex 0.0315890498 -0.00829355605 -0.027338976
      vertex 0.0315890685 -0.00694212923 -0.0277129654
      vertex 0.0320899189 -0.00664833467 -0.0265400503
    endloop
  endfacet
  facet normal 0.923836708 -0.102103658 -0.368917972
    outer loop
      vertex 0.0315890498 -0.00829355605 -0.027338976
      vertex 0.0320899189 -0.00664833467 -0.0265400503
      vertex 0.032089904 -0.00794256479 -0.0261818897
    endloop
  endfacet
  facet normal 0.923840225 0.102081694 0.368915439
    outer loop
      vertex 0.032089904 -0.00794256479 -0.0261818897
      vertex 0.0320899189 -0.00664833467 -0.0265400503
      vertex 0.0315890759 -0.00635452755 -0.0253671352
    endloop
  endfacet
  facet normal 0.923840165 0.102081753 0.368915319
    outer loop
      vertex 0.032089904 -0.00794256479 -0.0261818897
      vertex 0.0315890759 -0.00635452755 -0.0253671352
      vertex 0.031589061 -0.00759155955 -0.0250248015
    endloop
  endfacet
  facet normal 0.382587403 0.246417344 0.890452325
    outer loop
      vertex 0.031589061 -0.00759155955 -0.0250248015
      vertex 0.0315890759 -0.00635452755 -0.0253671352
      vertex 0.0303799231 -0.00623281719 -0.0248812977
    endloop
  endfacet
  facet normal 0.382586151 0.246416166 0.89045316
    outer loop
      vertex 0.031589061 -0.00759155955 -0.0250248015
      vertex 0.0303799231 -0.00623281719 -0.0248812977
      vertex 0.0303799082 -0.00744615681 -0.0245455224
    endloop
  endfacet
  facet normal -0.382582307 0.246425316 0.890452266
    outer loop
      vertex 0.0303799082 -0.00744615681 -0.0245455224
      vertex 0.0303799231 -0.00623281719 -0.0248812977
      vertex 0.0291707702 -0.00635449868 -0.0253671352
    endloop
  endfacet
  facet normal -0.382581264 0.246426523 0.890452385
    outer loop
      vertex 0.0303799082 -0.00744615681 -0.0245455224
      vertex 0.0291707702 -0.00635449868 -0.0253671352
      vertex 0.0291707553 -0.00759153068 -0.0250248015
    endloop
  endfacet
  facet normal -0.923837125 0.102104411 0.36891681
    outer loop
      vertex 0.0291707553 -0.00759153068 -0.0250248015
      vertex 0.0291707702 -0.00635449868 -0.0253671352
      vertex 0.028669918 -0.0066482937 -0.0265400503
    endloop
  endfacet
  facet normal -0.923837483 0.102103263 0.368916243
    outer loop
      vertex 0.0291707553 -0.00759153068 -0.0250248015
      vertex 0.028669918 -0.0066482937 -0.0265400503
      vertex 0.0286699031 -0.00794252288 -0.0261818897
    endloop
  endfacet
  facet normal -0.923839629 -0.102082096 -0.368916631
    outer loop
      vertex 0.0286699031 -0.00794252288 -0.0261818897
      vertex 0.028669918 -0.0066482937 -0.0265400503
      vertex 0.0291707627 -0.00694210036 -0.0277129654
    endloop
  endfacet
  facet normal -0.923840046 -0.102081142 -0.368916154
    outer loop
      vertex 0.0286699031 -0.00794252288 -0.0261818897
      vertex 0.0291707627 -0.00694210036 -0.0277129654
      vertex 0.029170746 -0.00829352718 -0.027338976
    endloop
  endfacet
  facet normal -0.382587999 -0.246416077 -0.890452385
    outer loop
      vertex 0.029170746 -0.00829352718 -0.027338976
      vertex 0.0291707627 -0.00694210036 -0.0277129654
      vertex 0.0303799137 -0.00706381118 -0.0281988028
    endloop
  endfacet
  facet normal -0.38258785 -0.246416226 -0.890452385
    outer loop
      vertex 0.029170746 -0.00829352718 -0.027338976
      vertex 0.0303799137 -0.00706381118 -0.0281988028
      vertex 0.030379897 -0.00843892992 -0.027818257
    endloop
  endfacet
  facet normal 0.382583112 -0.202437997 -0.901470482
    outer loop
      vertex 0.0303799137 -0.00706381118 -0.0281988028
      vertex 0.0303799305 -0.00567164924 -0.0285114255
      vertex 0.0315890834 -0.0055739535 -0.0280202013
    endloop
  endfacet
  facet normal 0.382582396 -0.202437371 -0.9014709
    outer loop
      vertex 0.0303799137 -0.00706381118 -0.0281988028
      vertex 0.0315890834 -0.0055739535 -0.0280202013
      vertex 0.0315890685 -0.00694212923 -0.0277129654
    endloop
  endfacet
  facet normal 0.923837662 -0.0838785917 -0.373481452
    outer loop
      vertex 0.0315890685 -0.00694212923 -0.0277129654
      vertex 0.0315890834 -0.0055739535 -0.0280202013
      vertex 0.0320899338 -0.00533806486 -0.026834283
    endloop
  endfacet
  facet normal 0.923837841 -0.0838789642 -0.373480886
    outer loop
      vertex 0.0315890685 -0.00694212923 -0.0277129654
      vertex 0.0320899338 -0.00533806486 -0.026834283
      vertex 0.0320899189 -0.00664833467 -0.0265400503
    endloop
  endfacet
  facet normal 0.923840344 0.0838576257 0.373479486
    outer loop
      vertex 0.0320899189 -0.00664833467 -0.0265400503
      vertex 0.0320899338 -0.00533806486 -0.026834283
      vertex 0.0315890908 -0.00510216411 -0.0256483629
    endloop
  endfacet
  facet normal 0.923840046 0.0838569179 0.373480529
    outer loop
      vertex 0.0320899189 -0.00664833467 -0.0265400503
      vertex 0.0315890908 -0.00510216411 -0.0256483629
      vertex 0.0315890759 -0.00635452755 -0.0253671352
    endloop
  endfacet
  facet normal 0.382586211 0.202427745 0.901471496
    outer loop
      vertex 0.0315890759 -0.00635452755 -0.0253671352
      vertex 0.0315890908 -0.00510216411 -0.0256483629
      vertex 0.030379938 -0.00500443904 -0.0251571406
    endloop
  endfacet
  facet normal 0.382586926 0.202428401 0.901471078
    outer loop
      vertex 0.0315890759 -0.00635452755 -0.0253671352
      vertex 0.030379938 -0.00500443904 -0.0251571406
      vertex 0.0303799231 -0.00623281719 -0.0248812977
    endloop
  endfacet
  facet normal -0.382582039 0.202437699 0.901471019
    outer loop
      vertex 0.0303799231 -0.00623281719 -0.0248812977
      vertex 0.030379938 -0.00500443904 -0.0251571406
      vertex 0.0291707851 -0.00510213524 -0.0256483629
    endloop
  endfacet
  facet normal -0.382582814 0.202436715 0.9014709
    outer loop
      vertex 0.0303799231 -0.00623281719 -0.0248812977
      vertex 0.0291707851 -0.00510213524 -0.0256483629
      vertex 0.0291707702 -0.00635449868 -0.0253671352
    endloop
  endfacet
  facet normal -0.923837841 0.0838789567 0.373480797
    outer loop
      vertex 0.0291707702 -0.00635449868 -0.0253671352
      vertex 0.0291707851 -0.00510213524 -0.0256483629
      vertex 0.0286699347 -0.00533802388 -0.026834283
    endloop
  endfacet
  facet normal -0.923837364 0.0838804692 0.37348178
    outer loop
      vertex 0.0291707702 -0.00635449868 -0.0253671352
      vertex 0.0286699347 -0.00533802388 -0.026834283
      vertex 0.028669918 -0.0066482937 -0.0265400503
    endloop
  endfacet
  facet normal -0.923839629 -0.083856754 -0.373481393
    outer loop
      vertex 0.028669918 -0.0066482937 -0.0265400503
      vertex 0.0286699347 -0.00533802388 -0.026834283
      vertex 0.0291707795 -0.00557392417 -0.0280202013
    endloop
  endfacet
  facet normal -0.92383945 -0.0838572383 -0.373481721
    outer loop
      vertex 0.028669918 -0.0066482937 -0.0265400503
      vertex 0.0291707795 -0.00557392417 -0.0280202013
      vertex 0.0291707627 -0.00694210036 -0.0277129654
    endloop
  endfacet
  facet normal -0.38258788 -0.202428371 -0.901470602
    outer loop
      vertex 0.0291707627 -0.00694210036 -0.0277129654
      vertex 0.0291707795 -0.00557392417 -0.0280202013
      vertex 0.0303799305 -0.00567164924 -0.0285114255
    endloop
  endfacet
  facet normal -0.382587433 -0.202428848 -0.901470602
    outer loop
      vertex 0.0291707627 -0.00694210036 -0.0277129654
      vertex 0.0303799305 -0.00567164924 -0.0285114255
      vertex 0.0303799137 -0.00706381118 -0.0281988028
    endloop
  endfacet
  facet normal 0.382582694 -0.157959864 -0.910318196
    outer loop
      vertex 0.0303799305 -0.00567164924 -0.0285114255
      vertex 0.0303799473 -0.0042658248 -0.0287553594
      vertex 0.031589102 -0.00419234997 -0.028259933
    endloop
  endfacet
  facet normal 0.382583648 -0.157960773 -0.9103176
    outer loop
      vertex 0.0303799305 -0.00567164924 -0.0285114255
      vertex 0.031589102 -0.00419234997 -0.028259933
      vertex 0.0315890834 -0.0055739535 -0.0280202013
    endloop
  endfacet
  facet normal 0.923838913 -0.0654533803 -0.377144098
    outer loop
      vertex 0.0315890834 -0.0055739535 -0.0280202013
      vertex 0.031589102 -0.00419234997 -0.028259933
      vertex 0.0320899487 -0.00401493534 -0.0270638671
    endloop
  endfacet
  facet normal 0.9238379 -0.0654513836 -0.37714687
    outer loop
      vertex 0.0315890834 -0.0055739535 -0.0280202013
      vertex 0.0320899487 -0.00401493534 -0.0270638671
      vertex 0.0320899338 -0.00533806486 -0.026834283
    endloop
  endfacet
  facet normal 0.923840225 0.0654301941 0.377144605
    outer loop
      vertex 0.0320899338 -0.00533806486 -0.026834283
      vertex 0.0320899487 -0.00401493534 -0.0270638671
      vertex 0.0315891057 -0.00383750931 -0.0258678012
    endloop
  endfacet
  facet normal 0.923840106 0.0654299483 0.377145022
    outer loop
      vertex 0.0320899338 -0.00533806486 -0.026834283
      vertex 0.0315891057 -0.00383750931 -0.0258678012
      vertex 0.0315890908 -0.00510216411 -0.0256483629
    endloop
  endfacet
  facet normal 0.382585347 0.157950625 0.910318613
    outer loop
      vertex 0.0315890908 -0.00510216411 -0.0256483629
      vertex 0.0315891057 -0.00383750931 -0.0258678012
      vertex 0.0303799529 -0.00376400538 -0.0253723767
    endloop
  endfacet
  facet normal 0.382585645 0.157950968 0.910318375
    outer loop
      vertex 0.0315890908 -0.00510216411 -0.0256483629
      vertex 0.0303799529 -0.00376400538 -0.0253723767
      vertex 0.030379938 -0.00500443904 -0.0251571406
    endloop
  endfacet
  facet normal -0.382582039 0.157960147 0.910318375
    outer loop
      vertex 0.030379938 -0.00500443904 -0.0251571406
      vertex 0.0303799529 -0.00376400538 -0.0253723767
      vertex 0.0291708 -0.00383748044 -0.0258678012
    endloop
  endfacet
  facet normal -0.382582486 0.157959551 0.910318255
    outer loop
      vertex 0.030379938 -0.00500443904 -0.0251571406
      vertex 0.0291708 -0.00383748044 -0.0258678012
      vertex 0.0291707851 -0.00510213524 -0.0256483629
    endloop
  endfacet
  facet normal -0.923837781 0.065452002 0.37714678
    outer loop
      vertex 0.0291707851 -0.00510213524 -0.0256483629
      vertex 0.0291708 -0.00383748044 -0.0258678012
      vertex 0.0286699496 -0.00401489437 -0.0270638671
    endloop
  endfacet
  facet normal -0.923838019 0.0654513016 0.377146333
    outer loop
      vertex 0.0291707851 -0.00510213524 -0.0256483629
      vertex 0.0286699496 -0.00401489437 -0.0270638671
      vertex 0.0286699347 -0.00533802388 -0.026834283
    endloop
  endfacet
  facet normal -0.923839808 -0.0654304102 -0.377145857
    outer loop
      vertex 0.0286699347 -0.00533802388 -0.026834283
      vertex 0.0286699496 -0.00401489437 -0.0270638671
      vertex 0.0291707944 -0.00419232063 -0.028259933
    endloop
  endfacet
  facet normal -0.92383945 -0.0654313564 -0.377146482
    outer loop
      vertex 0.0286699347 -0.00533802388 -0.026834283
      vertex 0.0291707944 -0.00419232063 -0.028259933
      vertex 0.0291707795 -0.00557392417 -0.0280202013
    endloop
  endfacet
  facet normal -0.382586569 -0.157951549 -0.910318077
    outer loop
      vertex 0.0291707795 -0.00557392417 -0.0280202013
      vertex 0.0291707944 -0.00419232063 -0.028259933
      vertex 0.0303799473 -0.0042658248 -0.0287553594
    endloop
  endfacet
  facet normal -0.382587403 -0.157950684 -0.910317838
    outer loop
      vertex 0.0291707795 -0.00557392417 -0.0280202013
      vertex 0.0303799473 -0.0042658248 -0.0287553594
      vertex 0.0303799305 -0.00567164924 -0.0285114255
    endloop
  endfacet
  facet normal 0.382584244 -0.113102771 -0.916971743
    outer loop
      vertex 0.0303799473 -0.0042658248 -0.0287553594
      vertex 0.030379964 -0.00284972414 -0.0289300196
      vertex 0.0315891169 -0.00280064694 -0.0284315832
    endloop
  endfacet
  facet normal 0.382583231 -0.113101833 -0.91697228
    outer loop
      vertex 0.0303799473 -0.0042658248 -0.0287553594
      vertex 0.0315891169 -0.00280064694 -0.0284315832
      vertex 0.031589102 -0.00419234997 -0.028259933
    endloop
  endfacet
  facet normal 0.923837781 -0.0468666106 -0.37990424
    outer loop
      vertex 0.031589102 -0.00419234997 -0.028259933
      vertex 0.0315891169 -0.00280064694 -0.0284315832
      vertex 0.0320899673 -0.00268213521 -0.027228253
    endloop
  endfacet
  facet normal 0.923839092 -0.0468694009 -0.379900813
    outer loop
      vertex 0.031589102 -0.00419234997 -0.028259933
      vertex 0.0320899673 -0.00268213521 -0.027228253
      vertex 0.0320899487 -0.00401493534 -0.0270638671
    endloop
  endfacet
  facet normal 0.923839152 0.0468439274 0.379903734
    outer loop
      vertex 0.0320899487 -0.00401493534 -0.0270638671
      vertex 0.0320899673 -0.00268213521 -0.027228253
      vertex 0.0315891206 -0.00256361091 -0.0260249227
    endloop
  endfacet
  facet normal 0.923840046 0.0468459018 0.379901379
    outer loop
      vertex 0.0320899487 -0.00401493534 -0.0270638671
      vertex 0.0315891206 -0.00256361091 -0.0260249227
      vertex 0.0315891057 -0.00383750931 -0.0258678012
    endloop
  endfacet
  facet normal 0.382585406 0.113094114 0.91697228
    outer loop
      vertex 0.0315891057 -0.00383750931 -0.0258678012
      vertex 0.0315891206 -0.00256361091 -0.0260249227
      vertex 0.0303799678 -0.00251450483 -0.0255264882
    endloop
  endfacet
  facet normal 0.38258481 0.113093488 0.916972578
    outer loop
      vertex 0.0315891057 -0.00383750931 -0.0258678012
      vertex 0.0303799678 -0.00251450483 -0.0255264882
      vertex 0.0303799529 -0.00376400538 -0.0253723767
    endloop
  endfacet
  facet normal -0.382583052 0.113102548 0.91697216
    outer loop
      vertex 0.0303799529 -0.00376400538 -0.0253723767
      vertex 0.0303799678 -0.00251450483 -0.0255264882
      vertex 0.0291708149 -0.00256358203 -0.0260249227
    endloop
  endfacet
  facet normal -0.382582605 0.113103054 0.916972339
    outer loop
      vertex 0.0303799529 -0.00376400538 -0.0253723767
      vertex 0.0291708149 -0.00256358203 -0.0260249227
      vertex 0.0291708 -0.00383748044 -0.0258678012
    endloop
  endfacet
  facet normal -0.923838258 0.0468677133 0.379902929
    outer loop
      vertex 0.0291708 -0.00383748044 -0.0258678012
      vertex 0.0291708149 -0.00256358203 -0.0260249227
      vertex 0.0286699664 -0.002682094 -0.027228253
    endloop
  endfacet
  facet normal -0.923838019 0.0468684062 0.379903406
    outer loop
      vertex 0.0291708 -0.00383748044 -0.0258678012
      vertex 0.0286699664 -0.002682094 -0.027228253
      vertex 0.0286699496 -0.00401489437 -0.0270638671
    endloop
  endfacet
  facet normal -0.923839688 -0.0468450524 -0.379902393
    outer loop
      vertex 0.0286699496 -0.00401489437 -0.0270638671
      vertex 0.0286699664 -0.002682094 -0.027228253
      vertex 0.0291708112 -0.00280061807 -0.0284315832
    endloop
  endfacet
  facet normal -0.923839569 -0.0468454324 -0.379902691
    outer loop
      vertex 0.0286699496 -0.00401489437 -0.0270638671
      vertex 0.0291708112 -0.00280061807 -0.0284315832
      vertex 0.0291707944 -0.00419232063 -0.028259933
    endloop
  endfacet
  facet normal -0.382586628 -0.11309313 -0.916971862
    outer loop
      vertex 0.0291707944 -0.00419232063 -0.028259933
      vertex 0.0291708112 -0.00280061807 -0.0284315832
      vertex 0.030379964 -0.00284972414 -0.0289300196
    endloop
  endfacet
  facet normal -0.382586032 -0.113093756 -0.916972041
    outer loop
      vertex 0.0291707944 -0.00419232063 -0.028259933
      vertex 0.030379964 -0.00284972414 -0.0289300196
      vertex 0.0303799473 -0.0042658248 -0.0287553594
    endloop
  endfacet
  facet normal 0.382583112 -0.067972064 -0.921417415
    outer loop
      vertex 0.030379964 -0.00284972414 -0.0289300196
      vertex 0.0303799808 -0.00142675929 -0.0290349834
      vertex 0.0315891355 -0.00140219845 -0.0285347402
    endloop
  endfacet
  facet normal 0.38258481 -0.0679737106 -0.921416581
    outer loop
      vertex 0.030379964 -0.00284972414 -0.0289300196
      vertex 0.0315891355 -0.00140219845 -0.0285347402
      vertex 0.0315891169 -0.00280064694 -0.0284315832
    endloop
  endfacet
  facet normal 0.923838854 -0.0281717479 -0.38174358
    outer loop
      vertex 0.0315891169 -0.00280064694 -0.0284315832
      vertex 0.0315891355 -0.00140219845 -0.0285347402
      vertex 0.0320899822 -0.0013428739 -0.0273270439
    endloop
  endfacet
  facet normal 0.923838019 -0.0281698573 -0.381745726
    outer loop
      vertex 0.0315891169 -0.00280064694 -0.0284315832
      vertex 0.0320899822 -0.0013428739 -0.0273270439
      vertex 0.0320899673 -0.00268213521 -0.027228253
    endloop
  endfacet
  facet normal 0.923839092 0.0281492081 0.381744534
    outer loop
      vertex 0.0320899673 -0.00268213521 -0.027228253
      vertex 0.0320899822 -0.0013428739 -0.0273270439
      vertex 0.0315891355 -0.00128353748 -0.0261193477
    endloop
  endfacet
  facet normal 0.923838973 0.0281487461 0.38174504
    outer loop
      vertex 0.0320899673 -0.00268213521 -0.027228253
      vertex 0.0315891355 -0.00128353748 -0.0261193477
      vertex 0.0315891206 -0.00256361091 -0.0260249227
    endloop
  endfacet
  facet normal 0.3825863 0.0679640695 0.92141664
    outer loop
      vertex 0.0315891206 -0.00256361091 -0.0260249227
      vertex 0.0315891355 -0.00128353748 -0.0261193477
      vertex 0.0303799827 -0.00125894754 -0.0256191026
    endloop
  endfacet
  facet normal 0.38258487 0.0679625124 0.921417356
    outer loop
      vertex 0.0315891206 -0.00256361091 -0.0260249227
      vertex 0.0303799827 -0.00125894754 -0.0256191026
      vertex 0.0303799678 -0.00251450483 -0.0255264882
    endloop
  endfacet
  facet normal -0.38258481 0.0679715648 0.92141664
    outer loop
      vertex 0.0303799678 -0.00251450483 -0.0255264882
      vertex 0.0303799827 -0.00125894754 -0.0256191026
      vertex 0.0291708298 -0.00128350838 -0.0261193477
    endloop
  endfacet
  facet normal -0.382583588 0.0679730028 0.921417117
    outer loop
      vertex 0.0303799678 -0.00251450483 -0.0255264882
      vertex 0.0291708298 -0.00128350838 -0.0261193477
      vertex 0.0291708149 -0.00256358203 -0.0260249227
    endloop
  endfacet
  facet normal -0.923838258 0.0281702522 0.381744832
    outer loop
      vertex 0.0291708149 -0.00256358203 -0.0260249227
      vertex 0.0291708298 -0.00128350838 -0.0261193477
      vertex 0.0286699813 -0.00134283293 -0.0273270439
    endloop
  endfacet
  facet normal -0.923838496 0.0281697456 0.381744474
    outer loop
      vertex 0.0291708149 -0.00256358203 -0.0260249227
      vertex 0.0286699813 -0.00134283293 -0.0273270439
      vertex 0.0286699664 -0.002682094 -0.027228253
    endloop
  endfacet
  facet normal -0.923839092 -0.0281492136 -0.381744534
    outer loop
      vertex 0.0286699664 -0.002682094 -0.027228253
      vertex 0.0286699813 -0.00134283293 -0.0273270439
      vertex 0.0291708279 -0.00140216935 -0.0285347402
    endloop
  endfacet
  facet normal -0.92383945 -0.0281483848 -0.381743848
    outer loop
      vertex 0.0286699664 -0.002682094 -0.027228253
      vertex 0.0291708279 -0.00140216935 -0.0285347402
      vertex 0.0291708112 -0.00280061807 -0.0284315832
    endloop
  endfacet
  facet normal -0.382585078 -0.0679640397 -0.921417117
    outer loop
      vertex 0.0291708112 -0.00280061807 -0.0284315832
      vertex 0.0291708279 -0.00140216935 -0.0285347402
      vertex 0.0303799808 -0.00142675929 -0.0290349834
    endloop
  endfacet
  facet normal -0.382586092 -0.0679629892 -0.921416879
    outer loop
      vertex 0.0291708112 -0.00280061807 -0.0284315832
      vertex 0.0303799808 -0.00142675929 -0.0290349834
      vertex 0.030379964 -0.00284972414 -0.0289300196
    endloop
  endfacet
  facet normal 0.382584214 -0.0226784348 -0.923642278
    outer loop
      vertex 0.0303799808 -0.00142675929 -0.0290349834
      vertex 0.0303799976 -3.58032196e-07 -0.0290699992
      vertex 0.0315891504 -3.72530735e-07 -0.0285691526
    endloop
  endfacet
  facet normal 0.382583618 -0.0226778742 -0.923642516
    outer loop
      vertex 0.0303799808 -0.00142675929 -0.0290349834
      vertex 0.0315891504 -3.72530735e-07 -0.0285691526
      vertex 0.0315891355 -0.00140219845 -0.0285347402
    endloop
  endfacet
  facet normal 0.923838913 -0.00940359849 -0.382665992
    outer loop
      vertex 0.0315891355 -0.00140219845 -0.0285347402
      vertex 0.0315891504 -3.72530735e-07 -0.0285691526
      vertex 0.0320899971 -3.78522287e-07 -0.0273599997
    endloop
  endfacet
  facet normal 0.923839092 -0.00940396916 -0.382665604
    outer loop
      vertex 0.0315891355 -0.00140219845 -0.0285347402
      vertex 0.0320899971 -3.78522287e-07 -0.0273599997
      vertex 0.0320899822 -0.0013428739 -0.0273270439
    endloop
  endfacet
  facet normal 0.923839152 0.00938348845 0.382666022
    outer loop
      vertex 0.0320899822 -0.0013428739 -0.0273270439
      vertex 0.0320899971 -3.78522287e-07 -0.0273599997
      vertex 0.0315891504 -3.72497084e-07 -0.0261508469
    endloop
  endfacet
  facet normal 0.923838913 0.00938297156 0.382666469
    outer loop
      vertex 0.0320899822 -0.0013428739 -0.0273270439
      vertex 0.0315891504 -3.72497084e-07 -0.0261508469
      vertex 0.0315891355 -0.00128353748 -0.0261193477
    endloop
  endfacet
  facet normal 0.38258478 0.0226691682 0.923642218
    outer loop
      vertex 0.0315891355 -0.00128353748 -0.0261193477
      vertex 0.0315891504 -3.72497084e-07 -0.0261508469
      vertex 0.0303799976 -3.57984618e-07 -0.0256500002
    endloop
  endfacet
  facet normal 0.382585794 0.0226702914 0.92364186
    outer loop
      vertex 0.0315891355 -0.00128353748 -0.0261193477
      vertex 0.0303799976 -3.57984618e-07 -0.0256500002
      vertex 0.0303799827 -0.00125894754 -0.0256191026
    endloop
  endfacet
  facet normal -0.382584691 0.022679342 0.923642039
    outer loop
      vertex 0.0303799827 -0.00125894754 -0.0256191026
      vertex 0.0303799976 -3.57984618e-07 -0.0256500002
      vertex 0.0291708466 -3.43486079e-07 -0.0261508469
    endloop
  endfacet
  facet normal -0.382585377 0.0226785988 0.923641801
    outer loop
      vertex 0.0303799827 -0.00125894754 -0.0256191026
      vertex 0.0291708466 -3.43486079e-07 -0.0261508469
      vertex 0.0291708298 -0.00128350838 -0.0261193477
    endloop
  endfacet
  facet normal -0.923838377 0.009405802 0.382667184
    outer loop
      vertex 0.0291708298 -0.00128350838 -0.0261193477
      vertex 0.0291708466 -3.43486079e-07 -0.0261508469
      vertex 0.028669998 -3.37494498e-07 -0.0273599997
    endloop
  endfacet
  facet normal -0.923838615 0.00940529071 0.382666767
    outer loop
      vertex 0.0291708298 -0.00128350838 -0.0261193477
      vertex 0.028669998 -3.37494498e-07 -0.0273599997
      vertex 0.0286699813 -0.00134283293 -0.0273270439
    endloop
  endfacet
  facet normal -0.923839152 -0.00938220602 -0.382665962
    outer loop
      vertex 0.0286699813 -0.00134283293 -0.0273270439
      vertex 0.028669998 -3.37494498e-07 -0.0273599997
      vertex 0.0291708447 -3.43519702e-07 -0.0285691526
    endloop
  endfacet
  facet normal -0.923838913 -0.00938275177 -0.382666498
    outer loop
      vertex 0.0286699813 -0.00134283293 -0.0273270439
      vertex 0.0291708447 -3.43519702e-07 -0.0285691526
      vertex 0.0291708279 -0.00140216935 -0.0285347402
    endloop
  endfacet
  facet normal -0.38258478 -0.0226692259 -0.923642278
    outer loop
      vertex 0.0291708279 -0.00140216935 -0.0285347402
      vertex 0.0291708447 -3.43519702e-07 -0.0285691526
      vertex 0.0303799976 -3.58032196e-07 -0.0290699992
    endloop
  endfacet
  facet normal -0.382584542 -0.0226694271 -0.923642278
    outer loop
      vertex 0.0291708279 -0.00140216935 -0.0285347402
      vertex 0.0303799976 -3.58032196e-07 -0.0290699992
      vertex 0.0303799808 -0.00142675929 -0.0290349834
    endloop
  endfacet
  facet normal 0.382584542 0.0226689428 -0.923642278
    outer loop
      vertex 0.0303799976 -3.58032196e-07 -0.0290699992
      vertex 0.0303800162 0.00142604334 -0.0290349834
      vertex 0.0315891691 0.00140145328 -0.0285347402
    endloop
  endfacet
  facet normal 0.38258478 0.0226687025 -0.923642278
    outer loop
      vertex 0.0303799976 -3.58032196e-07 -0.0290699992
      vertex 0.0315891691 0.00140145328 -0.0285347402
      vertex 0.0315891504 -3.72530735e-07 -0.0285691526
    endloop
  endfacet
  facet normal 0.923838854 0.00938151777 -0.382666528
    outer loop
      vertex 0.0315891504 -3.72530735e-07 -0.0285691526
      vertex 0.0315891691 0.00140145328 -0.0285347402
      vertex 0.0320900157 0.00134211686 -0.0273270439
    endloop
  endfacet
  facet normal 0.923839152 0.00938093383 -0.382666022
    outer loop
      vertex 0.0315891504 -3.72530735e-07 -0.0285691526
      vertex 0.0320900157 0.00134211686 -0.0273270439
      vertex 0.0320899971 -3.78522287e-07 -0.0273599997
    endloop
  endfacet
  facet normal 0.923838019 -0.0094066076 0.382667869
    outer loop
      vertex 0.0320899971 -3.78522287e-07 -0.0273599997
      vertex 0.0320900157 0.00134211686 -0.0273270439
      vertex 0.0315891653 0.00128279231 -0.0261193477
    endloop
  endfacet
  facet normal 0.923838913 -0.00940443389 0.382666022
    outer loop
      vertex 0.0320899971 -3.78522287e-07 -0.0273599997
      vertex 0.0315891653 0.00128279231 -0.0261193477
      vertex 0.0315891504 -3.72497084e-07 -0.0261508469
    endloop
  endfacet
  facet normal 0.382585913 -0.0226780418 0.923641622
    outer loop
      vertex 0.0315891504 -3.72497084e-07 -0.0261508469
      vertex 0.0315891653 0.00128279231 -0.0261193477
      vertex 0.0303800143 0.00125823135 -0.0256191026
    endloop
  endfacet
  facet normal 0.382584184 -0.0226799343 0.923642278
    outer loop
      vertex 0.0315891504 -3.72497084e-07 -0.0261508469
      vertex 0.0303800143 0.00125823135 -0.0256191026
      vertex 0.0303799976 -3.57984618e-07 -0.0256500002
    endloop
  endfacet
  facet normal -0.382585794 -0.0226697177 0.92364186
    outer loop
      vertex 0.0303799976 -3.57984618e-07 -0.0256500002
      vertex 0.0303800143 0.00125823135 -0.0256191026
      vertex 0.0291708615 0.00128282141 -0.0261193477
    endloop
  endfacet
  facet normal -0.382585257 -0.022669157 0.92364198
    outer loop
      vertex 0.0303799976 -3.57984618e-07 -0.0256500002
      vertex 0.0291708615 0.00128282141 -0.0261193477
      vertex 0.0291708466 -3.43486079e-07 -0.0261508469
    endloop
  endfacet
  facet normal -0.923838913 -0.0093829846 0.382666469
    outer loop
      vertex 0.0291708466 -3.43486079e-07 -0.0261508469
      vertex 0.0291708615 0.00128282141 -0.0261193477
      vertex 0.0286700148 0.00134215783 -0.0273270439
    endloop
  endfacet
  facet normal -0.923838675 -0.00938225444 0.382667243
    outer loop
      vertex 0.0291708466 -3.43486079e-07 -0.0261508469
      vertex 0.0286700148 0.00134215783 -0.0273270439
      vertex 0.028669998 -3.37494498e-07 -0.0273599997
    endloop
  endfacet
  facet normal -0.923839092 0.00940526836 -0.382665575
    outer loop
      vertex 0.028669998 -3.37494498e-07 -0.0273599997
      vertex 0.0286700148 0.00134215783 -0.0273270439
      vertex 0.0291708615 0.00140148238 -0.0285347402
    endloop
  endfacet
  facet normal -0.923838854 0.00940481015 -0.382665962
    outer loop
      vertex 0.028669998 -3.37494498e-07 -0.0273599997
      vertex 0.0291708615 0.00140148238 -0.0285347402
      vertex 0.0291708447 -3.43519702e-07 -0.0285691526
    endloop
  endfacet
  facet normal -0.382583648 0.0226783771 -0.923642457
    outer loop
      vertex 0.0291708447 -3.43519702e-07 -0.0285691526
      vertex 0.0291708615 0.00140148238 -0.0285347402
      vertex 0.0303800162 0.00142604334 -0.0290349834
    endloop
  endfacet
  facet normal -0.382584214 0.0226789284 -0.923642218
    outer loop
      vertex 0.0291708447 -3.43519702e-07 -0.0285691526
      vertex 0.0303800162 0.00142604334 -0.0290349834
      vertex 0.0303799976 -3.58032196e-07 -0.0290699992
    endloop
  endfacet
  facet normal 0.382586598 0.067963101 -0.92141664
    outer loop
      vertex 0.0303800162 0.00142604334 -0.0290349834
      vertex 0.030380033 0.00284898072 -0.0289300214
      vertex 0.031589184 0.0027998751 -0.0284315851
    endloop
  endfacet
  facet normal 0.382585078 0.0679646134 -0.921417058
    outer loop
      vertex 0.0303800162 0.00142604334 -0.0290349834
      vertex 0.031589184 0.0027998751 -0.0284315851
      vertex 0.0315891691 0.00140145328 -0.0285347402
    endloop
  endfacet
  facet normal 0.923838973 0.0281497296 -0.381744981
    outer loop
      vertex 0.0315891691 0.00140145328 -0.0285347402
      vertex 0.031589184 0.0027998751 -0.0284315851
      vertex 0.0320900306 0.00268135197 -0.0272282548
    endloop
  endfacet
  facet normal 0.923839152 0.0281492304 -0.381744534
    outer loop
      vertex 0.0315891691 0.00140145328 -0.0285347402
      vertex 0.0320900306 0.00268135197 -0.0272282548
      vertex 0.0320900157 0.00134211686 -0.0273270439
    endloop
  endfacet
  facet normal 0.923838019 -0.0281698741 0.381745726
    outer loop
      vertex 0.0320900157 0.00134211686 -0.0273270439
      vertex 0.0320900306 0.00268135197 -0.0272282548
      vertex 0.0315891802 0.00256284117 -0.0260249246
    endloop
  endfacet
  facet normal 0.923837781 -0.0281703584 0.381746113
    outer loop
      vertex 0.0320900157 0.00134211686 -0.0273270439
      vertex 0.0315891802 0.00256284117 -0.0260249246
      vertex 0.0315891653 0.00128279231 -0.0261193477
    endloop
  endfacet
  facet normal 0.382584035 -0.0679729581 0.921416879
    outer loop
      vertex 0.0315891653 0.00128279231 -0.0261193477
      vertex 0.0315891802 0.00256284117 -0.0260249246
      vertex 0.0303800292 0.00251376443 -0.0255264901
    endloop
  endfacet
  facet normal 0.382585347 -0.0679714754 0.921416521
    outer loop
      vertex 0.0315891653 0.00128279231 -0.0261193477
      vertex 0.0303800292 0.00251376443 -0.0255264901
      vertex 0.0303800143 0.00125823135 -0.0256191026
    endloop
  endfacet
  facet normal -0.38258484 -0.0679624751 0.921417356
    outer loop
      vertex 0.0303800143 0.00125823135 -0.0256191026
      vertex 0.0303800292 0.00251376443 -0.0255264901
      vertex 0.0291708764 0.00256287004 -0.0260249246
    endloop
  endfacet
  facet normal -0.382586271 -0.0679640546 0.92141664
    outer loop
      vertex 0.0303800143 0.00125823135 -0.0256191026
      vertex 0.0291708764 0.00256287004 -0.0260249246
      vertex 0.0291708615 0.00128282141 -0.0261193477
    endloop
  endfacet
  facet normal -0.923838913 -0.0281487536 0.38174507
    outer loop
      vertex 0.0291708615 0.00128282141 -0.0261193477
      vertex 0.0291708764 0.00256287004 -0.0260249246
      vertex 0.0286700297 0.00268139318 -0.0272282548
    endloop
  endfacet
  facet normal -0.923839092 -0.028149223 0.381744504
    outer loop
      vertex 0.0291708615 0.00128282141 -0.0261193477
      vertex 0.0286700297 0.00268139318 -0.0272282548
      vertex 0.0286700148 0.00134215783 -0.0273270439
    endloop
  endfacet
  facet normal -0.923838556 0.0281697828 -0.381744534
    outer loop
      vertex 0.0286700148 0.00134215783 -0.0273270439
      vertex 0.0286700297 0.00268139318 -0.0272282548
      vertex 0.0291708782 0.00279990397 -0.0284315851
    endloop
  endfacet
  facet normal -0.923838794 0.0281705558 -0.38174364
    outer loop
      vertex 0.0286700148 0.00134215783 -0.0273270439
      vertex 0.0291708782 0.00279990397 -0.0284315851
      vertex 0.0291708615 0.00140148238 -0.0285347402
    endloop
  endfacet
  facet normal -0.382584274 0.0679732785 -0.921416819
    outer loop
      vertex 0.0291708615 0.00140148238 -0.0285347402
      vertex 0.0291708782 0.00279990397 -0.0284315851
      vertex 0.030380033 0.00284898072 -0.0289300214
    endloop
  endfacet
  facet normal -0.382583141 0.0679721609 -0.921417356
    outer loop
      vertex 0.0291708615 0.00140148238 -0.0285347402
      vertex 0.030380033 0.00284898072 -0.0289300214
      vertex 0.0303800162 0.00142604334 -0.0290349834
    endloop
  endfacet
  facet normal 0.382585973 0.113092594 -0.91697222
    outer loop
      vertex 0.030380033 0.00284898072 -0.0289300214
      vertex 0.0303800497 0.00426508114 -0.0287553631
      vertex 0.0315892026 0.00419157743 -0.0282599367
    endloop
  endfacet
  facet normal 0.382587135 0.113091409 -0.916971922
    outer loop
      vertex 0.030380033 0.00284898072 -0.0289300214
      vertex 0.0315892026 0.00419157743 -0.0282599367
      vertex 0.031589184 0.0027998751 -0.0284315851
    endloop
  endfacet
  facet normal 0.923840046 0.046843566 -0.379901767
    outer loop
      vertex 0.031589184 0.0027998751 -0.0284315851
      vertex 0.0315892026 0.00419157743 -0.0282599367
      vertex 0.0320900455 0.00401415303 -0.0270638708
    endloop
  endfacet
  facet normal 0.923839152 0.0468459278 -0.379903555
    outer loop
      vertex 0.031589184 0.0027998751 -0.0284315851
      vertex 0.0320900455 0.00401415303 -0.0270638708
      vertex 0.0320900306 0.00268135197 -0.0272282548
    endloop
  endfacet
  facet normal 0.923838019 -0.0468666069 0.379903704
    outer loop
      vertex 0.0320900306 0.00268135197 -0.0272282548
      vertex 0.0320900455 0.00401415303 -0.0270638708
      vertex 0.0315891951 0.00383673981 -0.0258678049
    endloop
  endfacet
  facet normal 0.923837841 -0.0468673296 0.37990424
    outer loop
      vertex 0.0320900306 0.00268135197 -0.0272282548
      vertex 0.0315891951 0.00383673981 -0.0258678049
      vertex 0.0315891802 0.00256284117 -0.0260249246
    endloop
  endfacet
  facet normal 0.382584244 -0.113101654 0.916971803
    outer loop
      vertex 0.0315891802 0.00256284117 -0.0260249246
      vertex 0.0315891951 0.00383673981 -0.0258678049
      vertex 0.0303800441 0.00376326521 -0.0253723785
    endloop
  endfacet
  facet normal 0.382583529 -0.113102503 0.916972041
    outer loop
      vertex 0.0315891802 0.00256284117 -0.0260249246
      vertex 0.0303800441 0.00376326521 -0.0253723785
      vertex 0.0303800292 0.00251376443 -0.0255264901
    endloop
  endfacet
  facet normal -0.382585973 -0.113093384 0.916972101
    outer loop
      vertex 0.0303800292 0.00251376443 -0.0255264901
      vertex 0.0303800441 0.00376326521 -0.0253723785
      vertex 0.0291708913 0.00383676868 -0.0258678049
    endloop
  endfacet
  facet normal -0.382585436 -0.113092773 0.916972518
    outer loop
      vertex 0.0303800292 0.00251376443 -0.0255264901
      vertex 0.0291708913 0.00383676868 -0.0258678049
      vertex 0.0291708764 0.00256287004 -0.0260249246
    endloop
  endfacet
  facet normal -0.923839569 -0.0468455069 0.379902661
    outer loop
      vertex 0.0291708764 0.00256287004 -0.0260249246
      vertex 0.0291708913 0.00383676868 -0.0258678049
      vertex 0.0286700465 0.00401419401 -0.0270638708
    endloop
  endfacet
  facet normal -0.923839152 -0.0468446687 0.379903615
    outer loop
      vertex 0.0291708764 0.00256287004 -0.0260249246
      vertex 0.0286700465 0.00401419401 -0.0270638708
      vertex 0.0286700297 0.00268139318 -0.0272282548
    endloop
  endfacet
  facet normal -0.923838496 0.0468677357 -0.379902333
    outer loop
      vertex 0.0286700297 0.00268139318 -0.0272282548
      vertex 0.0286700465 0.00401419401 -0.0270638708
      vertex 0.029170895 0.00419160677 -0.0282599367
    endloop
  endfacet
  facet normal -0.923838258 0.0468671955 -0.379902989
    outer loop
      vertex 0.0286700297 0.00268139318 -0.0272282548
      vertex 0.029170895 0.00419160677 -0.0282599367
      vertex 0.0291708782 0.00279990397 -0.0284315851
    endloop
  endfacet
  facet normal -0.382583231 0.113101147 -0.916972339
    outer loop
      vertex 0.0291708782 0.00279990397 -0.0284315851
      vertex 0.029170895 0.00419160677 -0.0282599367
      vertex 0.0303800497 0.00426508114 -0.0287553631
    endloop
  endfacet
  facet normal -0.382583708 0.113101631 -0.916972041
    outer loop
      vertex 0.0291708782 0.00279990397 -0.0284315851
      vertex 0.0303800497 0.00426508114 -0.0287553631
      vertex 0.030380033 0.00284898072 -0.0289300214
    endloop
  endfacet
  facet normal 0.382586241 0.15795067 -0.910318315
    outer loop
      vertex 0.0303800497 0.00426508114 -0.0287553631
      vertex 0.0303800665 0.00567090651 -0.0285114292
      vertex 0.0315892175 0.00557318144 -0.0280202068
    endloop
  endfacet
  facet normal 0.382586479 0.157950282 -0.910318136
    outer loop
      vertex 0.0303800497 0.00426508114 -0.0287553631
      vertex 0.0315892175 0.00557318144 -0.0280202068
      vertex 0.0315892026 0.00419157743 -0.0282599367
    endloop
  endfacet
  facet normal 0.923840046 0.0654305667 -0.377144903
    outer loop
      vertex 0.0315892026 0.00419157743 -0.0282599367
      vertex 0.0315892175 0.00557318144 -0.0280202068
      vertex 0.0320900604 0.00533728208 -0.0268342867
    endloop
  endfacet
  facet normal 0.923840225 0.0654302463 -0.377144665
    outer loop
      vertex 0.0315892026 0.00419157743 -0.0282599367
      vertex 0.0320900604 0.00533728208 -0.0268342867
      vertex 0.0320900455 0.00401415303 -0.0270638708
    endloop
  endfacet
  facet normal 0.923838854 -0.0654510036 0.377144486
    outer loop
      vertex 0.0320900455 0.00401415303 -0.0270638708
      vertex 0.0320900604 0.00533728208 -0.0268342867
      vertex 0.0315892138 0.00510139437 -0.0256483685
    endloop
  endfacet
  facet normal 0.923837841 -0.0654541552 0.377146512
    outer loop
      vertex 0.0320900455 0.00401415303 -0.0270638708
      vertex 0.0315892138 0.00510139437 -0.0256483685
      vertex 0.0315891951 0.00383673981 -0.0258678049
    endloop
  endfacet
  facet normal 0.382583141 -0.157959357 0.910318077
    outer loop
      vertex 0.0315891951 0.00383673981 -0.0258678049
      vertex 0.0315892138 0.00510139437 -0.0256483685
      vertex 0.030380059 0.00500369864 -0.0251571443
    endloop
  endfacet
  facet normal 0.382583708 -0.157958731 0.910318017
    outer loop
      vertex 0.0315891951 0.00383673981 -0.0258678049
      vertex 0.030380059 0.00500369864 -0.0251571443
      vertex 0.0303800441 0.00376326521 -0.0253723785
    endloop
  endfacet
  facet normal -0.382586807 -0.157949582 0.910318196
    outer loop
      vertex 0.0303800441 0.00376326521 -0.0253723785
      vertex 0.030380059 0.00500369864 -0.0251571443
      vertex 0.0291709062 0.00510142324 -0.0256483685
    endloop
  endfacet
  facet normal -0.382586509 -0.157949254 0.910318375
    outer loop
      vertex 0.0303800441 0.00376326521 -0.0253723785
      vertex 0.0291709062 0.00510142324 -0.0256483685
      vertex 0.0291708913 0.00383676868 -0.0258678049
    endloop
  endfacet
  facet normal -0.923839331 -0.065429695 0.37714681
    outer loop
      vertex 0.0291708913 0.00383676868 -0.0258678049
      vertex 0.0291709062 0.00510142324 -0.0256483685
      vertex 0.0286700614 0.00533732306 -0.0268342867
    endloop
  endfacet
  facet normal -0.923839808 -0.0654304326 0.377145886
    outer loop
      vertex 0.0291708913 0.00383676868 -0.0258678049
      vertex 0.0286700614 0.00533732306 -0.0268342867
      vertex 0.0286700465 0.00401419401 -0.0270638708
    endloop
  endfacet
  facet normal -0.923838019 0.0654513389 -0.377146363
    outer loop
      vertex 0.0286700465 0.00401419401 -0.0270638708
      vertex 0.0286700614 0.00533732306 -0.0268342867
      vertex 0.0291709118 0.00557321077 -0.0280202068
    endloop
  endfacet
  facet normal -0.923838377 0.0654518902 -0.377145648
    outer loop
      vertex 0.0286700465 0.00401419401 -0.0270638708
      vertex 0.0291709118 0.00557321077 -0.0280202068
      vertex 0.029170895 0.00419160677 -0.0282599367
    endloop
  endfacet
  facet normal -0.382581949 0.157959133 -0.910318553
    outer loop
      vertex 0.029170895 0.00419160677 -0.0282599367
      vertex 0.0291709118 0.00557321077 -0.0280202068
      vertex 0.0303800665 0.00567090651 -0.0285114292
    endloop
  endfacet
  facet normal -0.382582664 0.157959759 -0.910318315
    outer loop
      vertex 0.029170895 0.00419160677 -0.0282599367
      vertex 0.0303800665 0.00567090651 -0.0285114292
      vertex 0.0303800497 0.00426508114 -0.0287553631
    endloop
  endfacet
  facet normal 0.38258779 0.202426508 -0.901471078
    outer loop
      vertex 0.0303800665 0.00567090651 -0.0285114292
      vertex 0.0303800832 0.00706306845 -0.0281988103
      vertex 0.0315892324 0.00694135856 -0.0277129728
    endloop
  endfacet
  facet normal 0.382586688 0.20242767 -0.901471257
    outer loop
      vertex 0.0303800665 0.00567090651 -0.0285114292
      vertex 0.0315892324 0.00694135856 -0.0277129728
      vertex 0.0315892175 0.00557318144 -0.0280202068
    endloop
  endfacet
  facet normal 0.923839152 0.0838580728 -0.373482287
    outer loop
      vertex 0.0315892175 0.00557318144 -0.0280202068
      vertex 0.0315892324 0.00694135856 -0.0277129728
      vertex 0.032090079 0.00664755236 -0.0265400559
    endloop
  endfacet
  facet normal 0.923840344 0.0838546157 -0.373480171
    outer loop
      vertex 0.0315892175 0.00557318144 -0.0280202068
      vertex 0.032090079 0.00664755236 -0.0265400559
      vertex 0.0320900604 0.00533728208 -0.0268342867
    endloop
  endfacet
  facet normal 0.923837841 -0.0838809237 0.373480439
    outer loop
      vertex 0.0320900604 0.00533728208 -0.0268342867
      vertex 0.032090079 0.00664755236 -0.0265400559
      vertex 0.0315892287 0.00635375828 -0.0253671408
    endloop
  endfacet
  facet normal 0.923838615 -0.0838785172 0.373479009
    outer loop
      vertex 0.0320900604 0.00533728208 -0.0268342867
      vertex 0.0315892287 0.00635375828 -0.0253671408
      vertex 0.0315892138 0.00510139437 -0.0256483685
    endloop
  endfacet
  facet normal 0.382582277 -0.202436686 0.901471198
    outer loop
      vertex 0.0315892138 0.00510139437 -0.0256483685
      vertex 0.0315892287 0.00635375828 -0.0253671408
      vertex 0.0303800739 0.00623207726 -0.0248813033
    endloop
  endfacet
  facet normal 0.382582635 -0.202436283 0.901471078
    outer loop
      vertex 0.0315892138 0.00510139437 -0.0256483685
      vertex 0.0303800739 0.00623207726 -0.0248813033
      vertex 0.030380059 0.00500369864 -0.0251571443
    endloop
  endfacet
  facet normal -0.382586837 -0.202427059 0.901471436
    outer loop
      vertex 0.030380059 0.00500369864 -0.0251571443
      vertex 0.0303800739 0.00623207726 -0.0248813033
      vertex 0.0291709211 0.00635378715 -0.0253671408
    endloop
  endfacet
  facet normal -0.382587343 -0.202427551 0.901471019
    outer loop
      vertex 0.030380059 0.00500369864 -0.0251571443
      vertex 0.0291709211 0.00635378715 -0.0253671408
      vertex 0.0291709062 0.00510142324 -0.0256483685
    endloop
  endfacet
  facet normal -0.923839986 -0.0838568956 0.373480588
    outer loop
      vertex 0.0291709062 0.00510142324 -0.0256483685
      vertex 0.0291709211 0.00635378715 -0.0253671408
      vertex 0.0286700781 0.00664759334 -0.0265400559
    endloop
  endfacet
  facet normal -0.923839629 -0.083856225 0.373481572
    outer loop
      vertex 0.0291709062 0.00510142324 -0.0256483685
      vertex 0.0286700781 0.00664759334 -0.0265400559
      vertex 0.0286700614 0.00533732306 -0.0268342867
    endloop
  endfacet
  facet normal -0.923838079 0.0838795751 -0.373480231
    outer loop
      vertex 0.0286700614 0.00533732306 -0.0268342867
      vertex 0.0286700781 0.00664759334 -0.0265400559
      vertex 0.0291709285 0.00694138743 -0.0277129728
    endloop
  endfacet
  facet normal -0.923837781 0.0838791728 -0.373480827
    outer loop
      vertex 0.0286700614 0.00533732306 -0.0268342867
      vertex 0.0291709285 0.00694138743 -0.0277129728
      vertex 0.0291709118 0.00557321077 -0.0280202068
    endloop
  endfacet
  facet normal -0.382582277 0.202436581 -0.901471138
    outer loop
      vertex 0.0291709118 0.00557321077 -0.0280202068
      vertex 0.0291709285 0.00694138743 -0.0277129728
      vertex 0.0303800832 0.00706306845 -0.0281988103
    endloop
  endfacet
  facet normal -0.382581443 0.202435836 -0.901471674
    outer loop
      vertex 0.0291709118 0.00557321077 -0.0280202068
      vertex 0.0303800832 0.00706306845 -0.0281988103
      vertex 0.0303800665 0.00567090651 -0.0285114292
    endloop
  endfacet
  facet normal 0.382587671 0.246417418 -0.890452147
    outer loop
      vertex 0.0303800832 0.00706306845 -0.0281988103
      vertex 0.0303801 0.00843821373 -0.0278182551
      vertex 0.031589251 0.00829281192 -0.0273389742
    endloop
  endfacet
  facet normal 0.382588297 0.246416762 -0.890452087
    outer loop
      vertex 0.0303800832 0.00706306845 -0.0281988103
      vertex 0.031589251 0.00829281192 -0.0273389742
      vertex 0.0315892324 0.00694135856 -0.0277129728
    endloop
  endfacet
  facet normal 0.923839986 0.102080449 -0.368916214
    outer loop
      vertex 0.0315892324 0.00694135856 -0.0277129728
      vertex 0.031589251 0.00829281192 -0.0273389742
      vertex 0.0320900939 0.00794180669 -0.0261818878
    endloop
  endfacet
  facet normal 0.92383939 0.102082454 -0.368917376
    outer loop
      vertex 0.0315892324 0.00694135856 -0.0277129728
      vertex 0.0320900939 0.00794180669 -0.0261818878
      vertex 0.032090079 0.00664755236 -0.0265400559
    endloop
  endfacet
  facet normal 0.923837841 -0.102103211 0.368915498
    outer loop
      vertex 0.032090079 0.00664755236 -0.0265400559
      vertex 0.0320900939 0.00794180669 -0.0261818878
      vertex 0.0315892436 0.00759081449 -0.0250248015
    endloop
  endfacet
  facet normal 0.923837602 -0.1021038 0.368915826
    outer loop
      vertex 0.032090079 0.00664755236 -0.0265400559
      vertex 0.0315892436 0.00759081449 -0.0250248015
      vertex 0.0315892287 0.00635375828 -0.0253671408
    endloop
  endfacet
  facet normal 0.382581323 -0.246425837 0.890452564
    outer loop
      vertex 0.0315892287 0.00635375828 -0.0253671408
      vertex 0.0315892436 0.00759081449 -0.0250248015
      vertex 0.030380087 0.00744544109 -0.0245455205
    endloop
  endfacet
  facet normal 0.382581741 -0.246425346 0.890452623
    outer loop
      vertex 0.0315892287 0.00635375828 -0.0253671408
      vertex 0.030380087 0.00744544109 -0.0245455205
      vertex 0.0303800739 0.00623207726 -0.0248813033
    endloop
  endfacet
  facet normal -0.382587761 -0.246417046 0.890452266
    outer loop
      vertex 0.0303800739 0.00623207726 -0.0248813033
      vertex 0.030380087 0.00744544109 -0.0245455205
      vertex 0.029170936 0.00759084336 -0.0250248015
    endloop
  endfacet
  facet normal -0.382587314 -0.246416599 0.890452564
    outer loop
      vertex 0.0303800739 0.00623207726 -0.0248813033
      vertex 0.029170936 0.00759084336 -0.0250248015
      vertex 0.0291709211 0.00635378715 -0.0253671408
    endloop
  endfacet
  facet normal -0.923840046 -0.102081582 0.368915945
    outer loop
      vertex 0.0291709211 0.00635378715 -0.0253671408
      vertex 0.029170936 0.00759084336 -0.0250248015
      vertex 0.028670093 0.0079418486 -0.0261818878
    endloop
  endfacet
  facet normal -0.923840165 -0.102081843 0.368915498
    outer loop
      vertex 0.0291709211 0.00635378715 -0.0253671408
      vertex 0.028670093 0.0079418486 -0.0261818878
      vertex 0.0286700781 0.00664759334 -0.0265400559
    endloop
  endfacet
  facet normal -0.923837304 0.102103464 -0.36891672
    outer loop
      vertex 0.0286700781 0.00664759334 -0.0265400559
      vertex 0.028670093 0.0079418486 -0.0261818878
      vertex 0.0291709453 0.00829284079 -0.0273389742
    endloop
  endfacet
  facet normal -0.923837781 0.102104366 -0.36891517
    outer loop
      vertex 0.0286700781 0.00664759334 -0.0265400559
      vertex 0.0291709453 0.00829284079 -0.0273389742
      vertex 0.0291709285 0.00694138743 -0.0277129728
    endloop
  endfacet
  facet normal -0.38258177 0.246426806 -0.890452206
    outer loop
      vertex 0.0291709285 0.00694138743 -0.0277129728
      vertex 0.0291709453 0.00829284079 -0.0273389742
      vertex 0.0303801 0.00843821373 -0.0278182551
    endloop
  endfacet
  facet normal -0.382581711 0.246426746 -0.890452147
    outer loop
      vertex 0.0291709285 0.00694138743 -0.0277129728
      vertex 0.0303801 0.00843821373 -0.0278182551
      vertex 0.0303800832 0.00706306845 -0.0281988103
    endloop
  endfacet
  facet normal 0.382588118 0.28981185 -0.877288699
    outer loop
      vertex 0.0303801 0.00843821373 -0.0278182551
      vertex 0.0303801149 0.0097930301 -0.0273706857
      vertex 0.0315892659 0.00962428562 -0.0268991161
    endloop
  endfacet
  facet normal 0.382588208 0.28981179 -0.877288699
    outer loop
      vertex 0.0303801 0.00843821373 -0.0278182551
      vertex 0.0315892659 0.00962428562 -0.0268991161
      vertex 0.031589251 0.00829281192 -0.0273389742
    endloop
  endfacet
  facet normal 0.923840225 0.120060965 -0.36346221
    outer loop
      vertex 0.031589251 0.00829281192 -0.0273389742
      vertex 0.0315892659 0.00962428562 -0.0268991161
      vertex 0.0320901088 0.00921692885 -0.025760645
    endloop
  endfacet
  facet normal 0.923840165 0.120060645 -0.363462031
    outer loop
      vertex 0.031589251 0.00829281192 -0.0273389742
      vertex 0.0320901088 0.00921692885 -0.025760645
      vertex 0.0320900939 0.00794180669 -0.0261818878
    endloop
  endfacet
  facet normal 0.9238379 -0.120081872 0.363460898
    outer loop
      vertex 0.0320900939 0.00794180669 -0.0261818878
      vertex 0.0320901088 0.00921692885 -0.025760645
      vertex 0.0315892585 0.00880958326 -0.024622174
    endloop
  endfacet
  facet normal 0.923837602 -0.120082945 0.363461405
    outer loop
      vertex 0.0320900939 0.00794180669 -0.0261818878
      vertex 0.0315892585 0.00880958326 -0.024622174
      vertex 0.0315892436 0.00759081449 -0.0250248015
    endloop
  endfacet
  facet normal 0.382580817 -0.289822131 0.87728852
    outer loop
      vertex 0.0315892436 0.00759081449 -0.0250248015
      vertex 0.0315892585 0.00880958326 -0.024622174
      vertex 0.0303801019 0.00864086766 -0.0241506044
    endloop
  endfacet
  facet normal 0.382580787 -0.289822161 0.877288461
    outer loop
      vertex 0.0315892436 0.00759081449 -0.0250248015
      vertex 0.0303801019 0.00864086766 -0.0241506044
      vertex 0.030380087 0.00744544109 -0.0245455205
    endloop
  endfacet
  facet normal -0.382588118 -0.289812565 0.877288342
    outer loop
      vertex 0.030380087 0.00744544109 -0.0245455205
      vertex 0.0303801019 0.00864086766 -0.0241506044
      vertex 0.0291709509 0.00880961213 -0.024622174
    endloop
  endfacet
  facet normal -0.382588297 -0.289812714 0.877288342
    outer loop
      vertex 0.030380087 0.00744544109 -0.0245455205
      vertex 0.0291709509 0.00880961213 -0.024622174
      vertex 0.029170936 0.00759084336 -0.0250248015
    endloop
  endfacet
  facet normal -0.923840642 -0.12006022 0.363461047
    outer loop
      vertex 0.029170936 0.00759084336 -0.0250248015
      vertex 0.0291709509 0.00880961213 -0.024622174
      vertex 0.0286701098 0.00921696983 -0.025760645
    endloop
  endfacet
  facet normal -0.923840284 -0.12005949 0.363462359
    outer loop
      vertex 0.029170936 0.00759084336 -0.0250248015
      vertex 0.0286701098 0.00921696983 -0.025760645
      vertex 0.028670093 0.0079418486 -0.0261818878
    endloop
  endfacet
  facet normal -0.9238379 0.120083183 -0.363460541
    outer loop
      vertex 0.028670093 0.0079418486 -0.0261818878
      vertex 0.0286701098 0.00921696983 -0.025760645
      vertex 0.0291709602 0.00962431449 -0.0268991161
    endloop
  endfacet
  facet normal -0.923837066 0.120081879 -0.363462955
    outer loop
      vertex 0.028670093 0.0079418486 -0.0261818878
      vertex 0.0291709602 0.00962431449 -0.0268991161
      vertex 0.0291709453 0.00829284079 -0.0273389742
    endloop
  endfacet
  facet normal -0.382581323 0.289820433 -0.877288878
    outer loop
      vertex 0.0291709453 0.00829284079 -0.0273389742
      vertex 0.0291709602 0.00962431449 -0.0268991161
      vertex 0.0303801149 0.0097930301 -0.0273706857
    endloop
  endfacet
  facet normal -0.382581204 0.289820343 -0.877288878
    outer loop
      vertex 0.0291709453 0.00829284079 -0.0273389742
      vertex 0.0303801149 0.0097930301 -0.0273706857
      vertex 0.0303801 0.00843821373 -0.0278182551
    endloop
  endfacet
  facet normal 0.382588655 0.332509279 -0.862011254
    outer loop
      vertex 0.0303801149 0.0097930301 -0.0273706857
      vertex 0.0303801317 0.0111242533 -0.0268571768
      vertex 0.0315892808 0.010932574 -0.0263944548
    endloop
  endfacet
  facet normal 0.382588655 0.332509369 -0.862011373
    outer loop
      vertex 0.0303801149 0.0097930301 -0.0273706857
      vertex 0.0315892808 0.010932574 -0.0263944548
      vertex 0.0315892659 0.00962428562 -0.0268991161
    endloop
  endfacet
  facet normal 0.923840225 0.137750551 -0.357132971
    outer loop
      vertex 0.0315892659 0.00962428562 -0.0268991161
      vertex 0.0315892808 0.010932574 -0.0263944548
      vertex 0.0320901237 0.0104698446 -0.0252773426
    endloop
  endfacet
  facet normal 0.923840284 0.137750193 -0.357132852
    outer loop
      vertex 0.0315892659 0.00962428562 -0.0268991161
      vertex 0.0320901237 0.0104698446 -0.0252773426
      vertex 0.0320901088 0.00921692885 -0.025760645
    endloop
  endfacet
  facet normal 0.923836708 -0.137772501 0.357133687
    outer loop
      vertex 0.0320901088 0.00921692885 -0.025760645
      vertex 0.0320901237 0.0104698446 -0.0252773426
      vertex 0.0315892696 0.0100071272 -0.0241602324
    endloop
  endfacet
  facet normal 0.923837781 -0.137769163 0.357132345
    outer loop
      vertex 0.0320901088 0.00921692885 -0.025760645
      vertex 0.0315892696 0.0100071272 -0.0241602324
      vertex 0.0315892585 0.00880958326 -0.024622174
    endloop
  endfacet
  facet normal 0.382582098 -0.332516581 0.862011492
    outer loop
      vertex 0.0315892585 0.00880958326 -0.024622174
      vertex 0.0315892696 0.0100071272 -0.0241602324
      vertex 0.0303801168 0.00981547683 -0.0236975085
    endloop
  endfacet
  facet normal 0.38258031 -0.332518697 0.862011373
    outer loop
      vertex 0.0315892585 0.00880958326 -0.024622174
      vertex 0.0303801168 0.00981547683 -0.0236975085
      vertex 0.0303801019 0.00864086766 -0.0241506044
    endloop
  endfacet
  facet normal -0.382588178 -0.332509071 0.862011671
    outer loop
      vertex 0.0303801019 0.00864086766 -0.0241506044
      vertex 0.0303801168 0.00981547683 -0.0236975085
      vertex 0.0291709658 0.0100071561 -0.0241602305
    endloop
  endfacet
  facet normal -0.382588625 -0.332509488 0.862011254
    outer loop
      vertex 0.0303801019 0.00864086766 -0.0241506044
      vertex 0.0291709658 0.0100071561 -0.0241602305
      vertex 0.0291709509 0.00880961213 -0.024622174
    endloop
  endfacet
  facet normal -0.923840523 -0.137749672 0.357132554
    outer loop
      vertex 0.0291709509 0.00880961213 -0.024622174
      vertex 0.0291709658 0.0100071561 -0.0241602305
      vertex 0.0286701247 0.0104698855 -0.0252773408
    endloop
  endfacet
  facet normal -0.92384088 -0.137750208 0.357131451
    outer loop
      vertex 0.0291709509 0.00880961213 -0.024622174
      vertex 0.0286701247 0.0104698855 -0.0252773408
      vertex 0.0286701098 0.00921696983 -0.025760645
    endloop
  endfacet
  facet normal -0.923837364 0.137772337 -0.357131869
    outer loop
      vertex 0.0286701098 0.00921696983 -0.025760645
      vertex 0.0286701247 0.0104698855 -0.0252773408
      vertex 0.029170977 0.0109326029 -0.0263944529
    endloop
  endfacet
  facet normal -0.923837662 0.137772724 -0.357131124
    outer loop
      vertex 0.0286701098 0.00921696983 -0.025760645
      vertex 0.029170977 0.0109326029 -0.0263944529
      vertex 0.0291709602 0.00962431449 -0.0268991161
    endloop
  endfacet
  facet normal -0.382581592 0.332519531 -0.862010539
    outer loop
      vertex 0.0291709602 0.00962431449 -0.0268991161
      vertex 0.029170977 0.0109326029 -0.0263944529
      vertex 0.0303801317 0.0111242533 -0.0268571768
    endloop
  endfacet
  facet normal -0.382580787 0.332518876 -0.862011135
    outer loop
      vertex 0.0291709602 0.00962431449 -0.0268991161
      vertex 0.0303801317 0.0111242533 -0.0268571768
      vertex 0.0303801149 0.0097930301 -0.0273706857
    endloop
  endfacet
  facet normal 0.38258934 0.374405742 -0.844657123
    outer loop
      vertex 0.0303801317 0.0111242533 -0.0268571768
      vertex 0.0303801466 0.0124286506 -0.0262789782
      vertex 0.0315892957 0.0122144977 -0.0258262176
    endloop
  endfacet
  facet normal 0.382589132 0.37440601 -0.844657183
    outer loop
      vertex 0.0303801317 0.0111242533 -0.0268571768
      vertex 0.0315892957 0.0122144977 -0.0258262176
      vertex 0.0315892808 0.010932574 -0.0263944548
    endloop
  endfacet
  facet normal 0.923840165 0.155108511 -0.349943727
    outer loop
      vertex 0.0315892808 0.010932574 -0.0263944548
      vertex 0.0315892957 0.0122144977 -0.0258262176
      vertex 0.0320901386 0.0116975131 -0.024733156
    endloop
  endfacet
  facet normal 0.923840404 0.155107647 -0.349943459
    outer loop
      vertex 0.0315892808 0.010932574 -0.0263944548
      vertex 0.0320901386 0.0116975131 -0.024733156
      vertex 0.0320901237 0.0104698446 -0.0252773426
    endloop
  endfacet
  facet normal 0.923836887 -0.155129954 0.349943161
    outer loop
      vertex 0.0320901237 0.0104698446 -0.0252773426
      vertex 0.0320901386 0.0116975131 -0.024733156
      vertex 0.0315892845 0.0111805396 -0.0236400943
    endloop
  endfacet
  facet normal 0.923836589 -0.155131072 0.349943548
    outer loop
      vertex 0.0320901237 0.0104698446 -0.0252773426
      vertex 0.0315892845 0.0111805396 -0.0236400943
      vertex 0.0315892696 0.0100071272 -0.0241602324
    endloop
  endfacet
  facet normal 0.38258028 -0.374415606 0.844656885
    outer loop
      vertex 0.0315892696 0.0100071272 -0.0241602324
      vertex 0.0315892845 0.0111805396 -0.0236400943
      vertex 0.0303801298 0.0109664155 -0.0231873337
    endloop
  endfacet
  facet normal 0.382581562 -0.374414086 0.844657004
    outer loop
      vertex 0.0315892696 0.0100071272 -0.0241602324
      vertex 0.0303801298 0.0109664155 -0.0231873337
      vertex 0.0303801168 0.00981547683 -0.0236975085
    endloop
  endfacet
  facet normal -0.38258937 -0.374405563 0.844657302
    outer loop
      vertex 0.0303801168 0.00981547683 -0.0236975085
      vertex 0.0303801298 0.0109664155 -0.0231873337
      vertex 0.0291709807 0.0111805685 -0.0236400943
    endloop
  endfacet
  facet normal -0.382588625 -0.374404937 0.844657779
    outer loop
      vertex 0.0303801168 0.00981547683 -0.0236975085
      vertex 0.0291709807 0.0111805685 -0.0236400943
      vertex 0.0291709658 0.0100071561 -0.0241602305
    endloop
  endfacet
  facet normal -0.923840761 -0.155106857 0.349943101
    outer loop
      vertex 0.0291709658 0.0100071561 -0.0241602305
      vertex 0.0291709807 0.0111805685 -0.0236400943
      vertex 0.0286701396 0.011697554 -0.024733156
    endloop
  endfacet
  facet normal -0.923840821 -0.155106947 0.349942982
    outer loop
      vertex 0.0291709658 0.0100071561 -0.0241602305
      vertex 0.0286701396 0.011697554 -0.024733156
      vertex 0.0286701247 0.0104698855 -0.0252773408
    endloop
  endfacet
  facet normal -0.923837245 0.15512906 -0.349942297
    outer loop
      vertex 0.0286701247 0.0104698855 -0.0252773408
      vertex 0.0286701396 0.011697554 -0.024733156
      vertex 0.0291709919 0.0122145265 -0.0258262176
    endloop
  endfacet
  facet normal -0.923837185 0.155128956 -0.349942535
    outer loop
      vertex 0.0286701247 0.0104698855 -0.0252773408
      vertex 0.0291709919 0.0122145265 -0.0258262176
      vertex 0.029170977 0.0109326029 -0.0263944529
    endloop
  endfacet
  facet normal -0.38258031 0.374413908 -0.844657719
    outer loop
      vertex 0.029170977 0.0109326029 -0.0263944529
      vertex 0.0291709919 0.0122145265 -0.0258262176
      vertex 0.0303801466 0.0124286506 -0.0262789782
    endloop
  endfacet
  facet normal -0.382581055 0.374414474 -0.844657063
    outer loop
      vertex 0.029170977 0.0109326029 -0.0263944529
      vertex 0.0303801466 0.0124286506 -0.0262789782
      vertex 0.0303801317 0.0111242533 -0.0268571768
    endloop
  endfacet
  facet normal 0.38258931 0.41539979 -0.825268686
    outer loop
      vertex 0.0303801466 0.0124286506 -0.0262789782
      vertex 0.0303801633 0.013703132 -0.025637459
      vertex 0.0315893143 0.0134670204 -0.0251957513
    endloop
  endfacet
  facet normal 0.382589817 0.415399253 -0.825268745
    outer loop
      vertex 0.0303801466 0.0124286506 -0.0262789782
      vertex 0.0315893143 0.0134670204 -0.0251957513
      vertex 0.0315892957 0.0122144977 -0.0258262176
    endloop
  endfacet
  facet normal 0.923841178 0.172089338 -0.341910452
    outer loop
      vertex 0.0315892957 0.0122144977 -0.0258262176
      vertex 0.0315893143 0.0134670204 -0.0251957513
      vertex 0.0320901535 0.0128970239 -0.024129374
    endloop
  endfacet
  facet normal 0.923840463 0.172091916 -0.341911286
    outer loop
      vertex 0.0315892957 0.0122144977 -0.0258262176
      vertex 0.0320901535 0.0128970239 -0.024129374
      vertex 0.0320901386 0.0116975131 -0.024733156
    endloop
  endfacet
  facet normal 0.923836887 -0.172113985 0.341909528
    outer loop
      vertex 0.0320901386 0.0116975131 -0.024733156
      vertex 0.0320901535 0.0128970239 -0.024129374
      vertex 0.0315892994 0.0123270396 -0.0230629947
    endloop
  endfacet
  facet normal 0.923836648 -0.172114953 0.341909796
    outer loop
      vertex 0.0320901386 0.0116975131 -0.024733156
      vertex 0.0315892994 0.0123270396 -0.0230629947
      vertex 0.0315892845 0.0111805396 -0.0236400943
    endloop
  endfacet
  facet normal 0.382579446 -0.415410042 0.82526809
    outer loop
      vertex 0.0315892845 0.0111805396 -0.0236400943
      vertex 0.0315892994 0.0123270396 -0.0230629947
      vertex 0.0303801429 0.0120909568 -0.022621287
    endloop
  endfacet
  facet normal 0.382579774 -0.415409654 0.825268149
    outer loop
      vertex 0.0315892845 0.0111805396 -0.0236400943
      vertex 0.0303801429 0.0120909568 -0.022621287
      vertex 0.0303801298 0.0109664155 -0.0231873337
    endloop
  endfacet
  facet normal -0.382589817 -0.415400714 0.825267971
    outer loop
      vertex 0.0303801298 0.0109664155 -0.0231873337
      vertex 0.0303801429 0.0120909568 -0.022621287
      vertex 0.0291709937 0.0123270685 -0.0230629947
    endloop
  endfacet
  facet normal -0.382589787 -0.415400684 0.82526803
    outer loop
      vertex 0.0303801298 0.0109664155 -0.0231873337
      vertex 0.0291709937 0.0123270685 -0.0230629947
      vertex 0.0291709807 0.0111805685 -0.0236400943
    endloop
  endfacet
  facet normal -0.92384094 -0.172092393 0.341909677
    outer loop
      vertex 0.0291709807 0.0111805685 -0.0236400943
      vertex 0.0291709937 0.0123270685 -0.0230629947
      vertex 0.0286701526 0.0128970649 -0.024129374
    endloop
  endfacet
  facet normal -0.92384094 -0.172092438 0.341909498
    outer loop
      vertex 0.0291709807 0.0111805685 -0.0236400943
      vertex 0.0286701526 0.0128970649 -0.024129374
      vertex 0.0286701396 0.011697554 -0.024733156
    endloop
  endfacet
  facet normal -0.923836768 0.172113061 -0.341910571
    outer loop
      vertex 0.0286701396 0.011697554 -0.024733156
      vertex 0.0286701526 0.0128970649 -0.024129374
      vertex 0.0291710068 0.0134670492 -0.0251957513
    endloop
  endfacet
  facet normal -0.923837066 0.172113463 -0.341909319
    outer loop
      vertex 0.0286701396 0.011697554 -0.024733156
      vertex 0.0291710068 0.0134670492 -0.0251957513
      vertex 0.0291709919 0.0122145265 -0.0258262176
    endloop
  endfacet
  facet normal -0.382579416 0.415409356 -0.825268447
    outer loop
      vertex 0.0291709919 0.0122145265 -0.0258262176
      vertex 0.0291710068 0.0134670492 -0.0251957513
      vertex 0.0303801633 0.013703132 -0.025637459
    endloop
  endfacet
  facet normal -0.382579774 0.415409595 -0.82526809
    outer loop
      vertex 0.0291709919 0.0122145265 -0.0258262176
      vertex 0.0303801633 0.013703132 -0.025637459
      vertex 0.0303801466 0.0124286506 -0.0262789782
    endloop
  endfacet
  facet normal 0.382590026 0.455394328 -0.803891182
    outer loop
      vertex 0.0303801633 0.013703132 -0.025637459
      vertex 0.0303801782 0.014944599 -0.0249341764
      vertex 0.0315893255 0.0146870976 -0.0245045871
    endloop
  endfacet
  facet normal 0.382589787 0.455394566 -0.803891122
    outer loop
      vertex 0.0303801633 0.013703132 -0.025637459
      vertex 0.0315893255 0.0146870976 -0.0245045871
      vertex 0.0315893143 0.0134670204 -0.0251957513
    endloop
  endfacet
  facet normal 0.923840404 0.18866393 -0.333053827
    outer loop
      vertex 0.0315893143 0.0134670204 -0.0251957513
      vertex 0.0315893255 0.0146870976 -0.0245045871
      vertex 0.0320901684 0.0140654631 -0.0234674606
    endloop
  endfacet
  facet normal 0.923841417 0.188660562 -0.333052933
    outer loop
      vertex 0.0315893143 0.0134670204 -0.0251957513
      vertex 0.0320901684 0.0140654631 -0.0234674606
      vertex 0.0320901535 0.0128970239 -0.024129374
    endloop
  endfacet
  facet normal 0.923835695 -0.188685238 0.333054841
    outer loop
      vertex 0.0320901535 0.0128970239 -0.024129374
      vertex 0.0320901684 0.0140654631 -0.0234674606
      vertex 0.0315893106 0.0134438407 -0.0224303361
    endloop
  endfacet
  facet normal 0.923836708 -0.188681602 0.333053976
    outer loop
      vertex 0.0320901535 0.0128970239 -0.024129374
      vertex 0.0315893106 0.0134438407 -0.0224303361
      vertex 0.0315892994 0.0123270396 -0.0230629947
    endloop
  endfacet
  facet normal 0.382579565 -0.455401897 0.803891718
    outer loop
      vertex 0.0315892994 0.0123270396 -0.0230629947
      vertex 0.0315893106 0.0134438407 -0.0224303361
      vertex 0.0303801559 0.0131863691 -0.0220007449
    endloop
  endfacet
  facet normal 0.382578939 -0.455402583 0.803891659
    outer loop
      vertex 0.0315892994 0.0123270396 -0.0230629947
      vertex 0.0303801559 0.0131863691 -0.0220007449
      vertex 0.0303801429 0.0120909568 -0.022621287
    endloop
  endfacet
  facet normal -0.382590264 -0.455393404 0.80389154
    outer loop
      vertex 0.0303801429 0.0120909568 -0.022621287
      vertex 0.0303801559 0.0131863691 -0.0220007449
      vertex 0.0291710068 0.0134438695 -0.0224303361
    endloop
  endfacet
  facet normal -0.382590294 -0.455393374 0.80389142
    outer loop
      vertex 0.0303801429 0.0120909568 -0.022621287
      vertex 0.0291710068 0.0134438695 -0.0224303361
      vertex 0.0291709937 0.0123270685 -0.0230629947
    endloop
  endfacet
  facet normal -0.923841178 -0.188661084 0.333053172
    outer loop
      vertex 0.0291709937 0.0123270685 -0.0230629947
      vertex 0.0291710068 0.0134438695 -0.0224303361
      vertex 0.0286701676 0.0140655041 -0.0234674606
    endloop
  endfacet
  facet normal -0.923841 -0.188660964 0.333053589
    outer loop
      vertex 0.0291709937 0.0123270685 -0.0230629947
      vertex 0.0286701676 0.0140655041 -0.0234674606
      vertex 0.0286701526 0.0128970649 -0.024129374
    endloop
  endfacet
  facet normal -0.923836887 0.188683808 -0.333052337
    outer loop
      vertex 0.0286701526 0.0128970649 -0.024129374
      vertex 0.0286701676 0.0140655041 -0.0234674606
      vertex 0.0291710217 0.0146871265 -0.0245045871
    endloop
  endfacet
  facet normal -0.923836529 0.188683495 -0.333053499
    outer loop
      vertex 0.0286701526 0.0128970649 -0.024129374
      vertex 0.0291710217 0.0146871265 -0.0245045871
      vertex 0.0291710068 0.0134670492 -0.0251957513
    endloop
  endfacet
  facet normal -0.382578313 0.45540309 -0.803891718
    outer loop
      vertex 0.0291710068 0.0134670492 -0.0251957513
      vertex 0.0291710217 0.0146871265 -0.0245045871
      vertex 0.0303801782 0.014944599 -0.0249341764
    endloop
  endfacet
  facet normal -0.382578969 0.455403477 -0.803891242
    outer loop
      vertex 0.0291710068 0.0134670492 -0.0251957513
      vertex 0.0303801782 0.014944599 -0.0249341764
      vertex 0.0303801633 0.013703132 -0.025637459
    endloop
  endfacet
  facet normal 0.382590592 0.494290709 -0.780577421
    outer loop
      vertex 0.0303801782 0.014944599 -0.0249341764
      vertex 0.0303801913 0.0161500629 -0.0241708253
      vertex 0.0315893404 0.015871793 -0.0237543862
    endloop
  endfacet
  facet normal 0.382590532 0.494290888 -0.780577421
    outer loop
      vertex 0.0303801782 0.014944599 -0.0249341764
      vertex 0.0315893404 0.015871793 -0.0237543862
      vertex 0.0315893255 0.0146870976 -0.0245045871
    endloop
  endfacet
  facet normal 0.923841238 0.204776049 -0.323394775
    outer loop
      vertex 0.0315893255 0.0146870976 -0.0245045871
      vertex 0.0315893404 0.015871793 -0.0237543862
      vertex 0.0320901796 0.0152000189 -0.0227490123
    endloop
  endfacet
  facet normal 0.923840523 0.204778314 -0.323395193
    outer loop
      vertex 0.0315893255 0.0146870976 -0.0245045871
      vertex 0.0320901796 0.0152000189 -0.0227490123
      vertex 0.0320901684 0.0140654631 -0.0234674606
    endloop
  endfacet
  facet normal 0.923836768 -0.20479627 0.323394835
    outer loop
      vertex 0.0320901684 0.0140654631 -0.0234674606
      vertex 0.0320901796 0.0152000189 -0.0227490123
      vertex 0.0315893255 0.014528255 -0.0217436384
    endloop
  endfacet
  facet normal 0.923835456 -0.20480071 0.32339564
    outer loop
      vertex 0.0320901684 0.0140654631 -0.0234674606
      vertex 0.0315893255 0.014528255 -0.0217436384
      vertex 0.0315893106 0.0134438407 -0.0224303361
    endloop
  endfacet
  facet normal 0.382578582 -0.494300216 0.780577183
    outer loop
      vertex 0.0315893106 0.0134438407 -0.0224303361
      vertex 0.0315893255 0.014528255 -0.0217436384
      vertex 0.0303801689 0.014250014 -0.0213271994
    endloop
  endfacet
  facet normal 0.382579058 -0.49429971 0.780577362
    outer loop
      vertex 0.0315893106 0.0134438407 -0.0224303361
      vertex 0.0303801689 0.014250014 -0.0213271994
      vertex 0.0303801559 0.0131863691 -0.0220007449
    endloop
  endfacet
  facet normal -0.382590592 -0.494290471 0.78057754
    outer loop
      vertex 0.0303801559 0.0131863691 -0.0220007449
      vertex 0.0303801689 0.014250014 -0.0213271994
      vertex 0.0291710198 0.0145282838 -0.0217436384
    endloop
  endfacet
  facet normal -0.382590711 -0.49429059 0.780577481
    outer loop
      vertex 0.0303801559 0.0131863691 -0.0220007449
      vertex 0.0291710198 0.0145282838 -0.0217436384
      vertex 0.0291710068 0.0134438695 -0.0224303361
    endloop
  endfacet
  facet normal -0.923841357 -0.204776108 0.323394418
    outer loop
      vertex 0.0291710068 0.0134438695 -0.0224303361
      vertex 0.0291710198 0.0145282838 -0.0217436384
      vertex 0.0286701806 0.0152000599 -0.0227490123
    endloop
  endfacet
  facet normal -0.923841417 -0.204776168 0.323394209
    outer loop
      vertex 0.0291710068 0.0134438695 -0.0224303361
      vertex 0.0286701806 0.0152000599 -0.0227490123
      vertex 0.0286701676 0.0140655041 -0.0234674606
    endloop
  endfacet
  facet normal -0.923836172 0.204798043 -0.323395252
    outer loop
      vertex 0.0286701676 0.0140655041 -0.0234674606
      vertex 0.0286701806 0.0152000599 -0.0227490123
      vertex 0.0291710366 0.0158718228 -0.0237543862
    endloop
  endfacet
  facet normal -0.923836648 0.204798445 -0.323393643
    outer loop
      vertex 0.0286701676 0.0140655041 -0.0234674606
      vertex 0.0291710366 0.0158718228 -0.0237543862
      vertex 0.0291710217 0.0146871265 -0.0245045871
    endloop
  endfacet
  facet normal -0.38257882 0.494300067 -0.780577302
    outer loop
      vertex 0.0291710217 0.0146871265 -0.0245045871
      vertex 0.0291710366 0.0158718228 -0.0237543862
      vertex 0.0303801913 0.0161500629 -0.0241708253
    endloop
  endfacet
  facet normal -0.382577807 0.494299442 -0.780578077
    outer loop
      vertex 0.0291710217 0.0146871265 -0.0245045871
      vertex 0.0303801913 0.0161500629 -0.0241708253
      vertex 0.0303801782 0.014944599 -0.0249341764
    endloop
  endfacet
  facet normal 0.382591873 0.531995773 -0.755383253
    outer loop
      vertex 0.0303801913 0.0161500629 -0.0241708253
      vertex 0.0303802062 0.0173166189 -0.0233492441
      vertex 0.0315893553 0.0170182493 -0.0229469594
    endloop
  endfacet
  facet normal 0.382591069 0.531996727 -0.755383074
    outer loop
      vertex 0.0303801913 0.0161500629 -0.0241708253
      vertex 0.0315893553 0.0170182493 -0.0229469594
      vertex 0.0315893404 0.015871793 -0.0237543862
    endloop
  endfacet
  facet normal 0.923841178 0.2203978 -0.312957406
    outer loop
      vertex 0.0315893404 0.015871793 -0.0237543862
      vertex 0.0315893553 0.0170182493 -0.0229469594
      vertex 0.0320901945 0.0162979532 -0.0219757594
    endloop
  endfacet
  facet normal 0.923841357 0.220396906 -0.312957257
    outer loop
      vertex 0.0315893404 0.015871793 -0.0237543862
      vertex 0.0320901945 0.0162979532 -0.0219757594
      vertex 0.0320901796 0.0152000189 -0.0227490123
    endloop
  endfacet
  facet normal 0.923835635 -0.220421731 0.31295687
    outer loop
      vertex 0.0320901796 0.0152000189 -0.0227490123
      vertex 0.0320901945 0.0162979532 -0.0219757594
      vertex 0.0315893367 0.0155776674 -0.0210045595
    endloop
  endfacet
  facet normal 0.923836589 -0.220418423 0.312956423
    outer loop
      vertex 0.0320901796 0.0152000189 -0.0227490123
      vertex 0.0315893367 0.0155776674 -0.0210045595
      vertex 0.0315893255 0.014528255 -0.0217436384
    endloop
  endfacet
  facet normal 0.382579237 -0.532004654 0.755383492
    outer loop
      vertex 0.0315893255 0.014528255 -0.0217436384
      vertex 0.0315893367 0.0155776674 -0.0210045595
      vertex 0.030380182 0.0152793275 -0.0206022747
    endloop
  endfacet
  facet normal 0.382578105 -0.532005906 0.755383134
    outer loop
      vertex 0.0315893255 0.014528255 -0.0217436384
      vertex 0.030380182 0.0152793275 -0.0206022747
      vertex 0.0303801689 0.014250014 -0.0213271994
    endloop
  endfacet
  facet normal -0.382591873 -0.531996191 0.755383074
    outer loop
      vertex 0.0303801689 0.014250014 -0.0213271994
      vertex 0.030380182 0.0152793275 -0.0206022747
      vertex 0.0291710328 0.0155776972 -0.0210045595
    endloop
  endfacet
  facet normal -0.382591069 -0.531995595 0.755383849
    outer loop
      vertex 0.0303801689 0.014250014 -0.0213271994
      vertex 0.0291710328 0.0155776972 -0.0210045595
      vertex 0.0291710198 0.0145282838 -0.0217436384
    endloop
  endfacet
  facet normal -0.923841238 -0.220397592 0.312957406
    outer loop
      vertex 0.0291710198 0.0145282838 -0.0217436384
      vertex 0.0291710328 0.0155776972 -0.0210045595
      vertex 0.0286701936 0.0162979942 -0.0219757594
    endloop
  endfacet
  facet normal -0.923841536 -0.2203978 0.312956303
    outer loop
      vertex 0.0291710198 0.0145282838 -0.0217436384
      vertex 0.0286701936 0.0162979942 -0.0219757594
      vertex 0.0286701806 0.0152000599 -0.0227490123
    endloop
  endfacet
  facet normal -0.923836052 0.220420077 -0.312956721
    outer loop
      vertex 0.0286701806 0.0152000599 -0.0227490123
      vertex 0.0286701936 0.0162979942 -0.0219757594
      vertex 0.0291710496 0.0170182791 -0.0229469594
    endloop
  endfacet
  facet normal -0.923835993 0.220420018 -0.312956989
    outer loop
      vertex 0.0286701806 0.0152000599 -0.0227490123
      vertex 0.0291710496 0.0170182791 -0.0229469594
      vertex 0.0291710366 0.0158718228 -0.0237543862
    endloop
  endfacet
  facet normal -0.382578731 0.532005847 -0.755382836
    outer loop
      vertex 0.0291710366 0.0158718228 -0.0237543862
      vertex 0.0291710496 0.0170182791 -0.0229469594
      vertex 0.0303802062 0.0173166189 -0.0233492441
    endloop
  endfacet
  facet normal -0.382578284 0.532005608 -0.755383313
    outer loop
      vertex 0.0291710366 0.0158718228 -0.0237543862
      vertex 0.0303802062 0.0173166189 -0.0233492441
      vertex 0.0303801913 0.0161500629 -0.0241708253
    endloop
  endfacet
  facet normal 0.382591158 0.568420708 -0.728369415
    outer loop
      vertex 0.0303802062 0.0173166189 -0.0233492441
      vertex 0.0303802192 0.0184414554 -0.022471413
      vertex 0.0315893702 0.0181237068 -0.0220842529
    endloop
  endfacet
  facet normal 0.38259232 0.568419337 -0.728369713
    outer loop
      vertex 0.0303802062 0.0173166189 -0.0233492441
      vertex 0.0315893702 0.0181237068 -0.0220842529
      vertex 0.0315893553 0.0170182493 -0.0229469594
    endloop
  endfacet
  facet normal 0.923842311 0.235486224 -0.301764011
    outer loop
      vertex 0.0315893553 0.0170182493 -0.0229469594
      vertex 0.0315893702 0.0181237068 -0.0220842529
      vertex 0.0320902057 0.017356623 -0.0211495645
    endloop
  endfacet
  facet normal 0.923841238 0.235489771 -0.301764429
    outer loop
      vertex 0.0315893553 0.0170182493 -0.0229469594
      vertex 0.0320902057 0.017356623 -0.0211495645
      vertex 0.0320901945 0.0162979532 -0.0219757594
    endloop
  endfacet
  facet normal 0.92383647 -0.235508978 0.301764071
    outer loop
      vertex 0.0320901945 0.0162979532 -0.0219757594
      vertex 0.0320902057 0.017356623 -0.0211495645
      vertex 0.0315893516 0.0165895503 -0.020214878
    endloop
  endfacet
  facet normal 0.923835397 -0.235512912 0.301764399
    outer loop
      vertex 0.0320901945 0.0162979532 -0.0219757594
      vertex 0.0315893516 0.0165895503 -0.020214878
      vertex 0.0315893367 0.0155776674 -0.0210045595
    endloop
  endfacet
  facet normal 0.382577211 -0.568430543 0.728368938
    outer loop
      vertex 0.0315893367 0.0155776674 -0.0210045595
      vertex 0.0315893516 0.0165895503 -0.020214878
      vertex 0.0303801931 0.0162718315 -0.0198277179
    endloop
  endfacet
  facet normal 0.38257879 -0.568428755 0.728369534
    outer loop
      vertex 0.0315893367 0.0155776674 -0.0210045595
      vertex 0.0303801931 0.0162718315 -0.0198277179
      vertex 0.030380182 0.0152793275 -0.0206022747
    endloop
  endfacet
  facet normal -0.382591635 -0.568420172 0.728369534
    outer loop
      vertex 0.030380182 0.0152793275 -0.0206022747
      vertex 0.0303801931 0.0162718315 -0.0198277179
      vertex 0.029171044 0.0165895801 -0.020214878
    endloop
  endfacet
  facet normal -0.38259232 -0.568420649 0.728368819
    outer loop
      vertex 0.030380182 0.0152793275 -0.0206022747
      vertex 0.029171044 0.0165895801 -0.020214878
      vertex 0.0291710328 0.0155776972 -0.0210045595
    endloop
  endfacet
  facet normal -0.923841715 -0.235488847 0.301764041
    outer loop
      vertex 0.0291710328 0.0155776972 -0.0210045595
      vertex 0.029171044 0.0165895801 -0.020214878
      vertex 0.0286702067 0.0173566639 -0.0211495645
    endloop
  endfacet
  facet normal -0.923841417 -0.235488668 0.301765084
    outer loop
      vertex 0.0291710328 0.0155776972 -0.0210045595
      vertex 0.0286702067 0.0173566639 -0.0211495645
      vertex 0.0286701936 0.0162979942 -0.0219757594
    endloop
  endfacet
  facet normal -0.923836172 0.235510498 -0.301763892
    outer loop
      vertex 0.0286701936 0.0162979942 -0.0219757594
      vertex 0.0286702067 0.0173566639 -0.0211495645
      vertex 0.0291710626 0.0181237366 -0.0220842529
    endloop
  endfacet
  facet normal -0.923835933 0.235510334 -0.301765025
    outer loop
      vertex 0.0286701936 0.0162979942 -0.0219757594
      vertex 0.0291710626 0.0181237366 -0.0220842529
      vertex 0.0291710496 0.0170182791 -0.0229469594
    endloop
  endfacet
  facet normal -0.382577717 0.568429172 -0.728369832
    outer loop
      vertex 0.0291710496 0.0170182791 -0.0229469594
      vertex 0.0291710626 0.0181237366 -0.0220842529
      vertex 0.0303802192 0.0184414554 -0.022471413
    endloop
  endfacet
  facet normal -0.382578284 0.56842947 -0.728369236
    outer loop
      vertex 0.0291710496 0.0170182791 -0.0229469594
      vertex 0.0303802192 0.0184414554 -0.022471413
      vertex 0.0303802062 0.0173166189 -0.0233492441
    endloop
  endfacet
  facet normal 0.382591993 0.603475153 -0.699600697
    outer loop
      vertex 0.0303802192 0.0184414554 -0.022471413
      vertex 0.0303802323 0.0195218641 -0.021539446
      vertex 0.0315893814 0.0191855021 -0.0211683419
    endloop
  endfacet
  facet normal 0.382591516 0.603475571 -0.699600518
    outer loop
      vertex 0.0303802192 0.0184414554 -0.022471413
      vertex 0.0315893814 0.0191855021 -0.0211683419
      vertex 0.0315893702 0.0181237068 -0.0220842529
    endloop
  endfacet
  facet normal 0.923841357 0.250012994 -0.289845765
    outer loop
      vertex 0.0315893702 0.0181237068 -0.0220842529
      vertex 0.0315893814 0.0191855021 -0.0211683419
      vertex 0.0320902206 0.0183734782 -0.0202724189
    endloop
  endfacet
  facet normal 0.92384249 0.250009 -0.289845496
    outer loop
      vertex 0.0315893702 0.0181237068 -0.0220842529
      vertex 0.0320902206 0.0183734782 -0.0202724189
      vertex 0.0320902057 0.017356623 -0.0211495645
    endloop
  endfacet
  facet normal 0.923835754 -0.250035346 0.289844632
    outer loop
      vertex 0.0320902057 0.017356623 -0.0211495645
      vertex 0.0320902206 0.0183734782 -0.0202724189
      vertex 0.0315893628 0.0175614655 -0.0193764959
    endloop
  endfacet
  facet normal 0.92383641 -0.250032961 0.289844573
    outer loop
      vertex 0.0320902057 0.017356623 -0.0211495645
      vertex 0.0315893628 0.0175614655 -0.0193764959
      vertex 0.0315893516 0.0165895503 -0.020214878
    endloop
  endfacet
  facet normal 0.382575959 -0.603485584 0.699600339
    outer loop
      vertex 0.0315893516 0.0165895503 -0.020214878
      vertex 0.0315893628 0.0175614655 -0.0193764959
      vertex 0.0303802043 0.0172251333 -0.0190053936
    endloop
  endfacet
  facet normal 0.382576823 -0.603484631 0.699600816
    outer loop
      vertex 0.0315893516 0.0165895503 -0.020214878
      vertex 0.0303802043 0.0172251333 -0.0190053936
      vertex 0.0303801931 0.0162718315 -0.0198277179
    endloop
  endfacet
  facet normal -0.382591575 -0.603475511 0.699600637
    outer loop
      vertex 0.0303801931 0.0162718315 -0.0198277179
      vertex 0.0303802043 0.0172251333 -0.0190053936
      vertex 0.029171057 0.0175614953 -0.0193764959
    endloop
  endfacet
  facet normal -0.382592052 -0.603475749 0.699600101
    outer loop
      vertex 0.0303801931 0.0162718315 -0.0198277179
      vertex 0.029171057 0.0175614953 -0.0193764959
      vertex 0.029171044 0.0165895801 -0.020214878
    endloop
  endfacet
  facet normal -0.923841894 -0.250011027 0.289845854
    outer loop
      vertex 0.029171044 0.0165895801 -0.020214878
      vertex 0.029171057 0.0175614953 -0.0193764959
      vertex 0.0286702197 0.0183735192 -0.0202724189
    endloop
  endfacet
  facet normal -0.923841894 -0.250011057 0.289845914
    outer loop
      vertex 0.029171044 0.0165895801 -0.020214878
      vertex 0.0286702197 0.0183735192 -0.0202724189
      vertex 0.0286702067 0.0173566639 -0.0211495645
    endloop
  endfacet
  facet normal -0.923836172 0.250033587 -0.289844602
    outer loop
      vertex 0.0286702067 0.0173566639 -0.0211495645
      vertex 0.0286702197 0.0183735192 -0.0202724189
      vertex 0.0291710757 0.0191855319 -0.0211683419
    endloop
  endfacet
  facet normal -0.923836112 0.250033557 -0.289845139
    outer loop
      vertex 0.0286702067 0.0173566639 -0.0211495645
      vertex 0.0291710757 0.0191855319 -0.0211683419
      vertex 0.0291710626 0.0181237366 -0.0220842529
    endloop
  endfacet
  facet normal -0.38257736 0.603484452 -0.699600577
    outer loop
      vertex 0.0291710626 0.0181237366 -0.0220842529
      vertex 0.0291710757 0.0191855319 -0.0211683419
      vertex 0.0303802323 0.0195218641 -0.021539446
    endloop
  endfacet
  facet normal -0.3825773 0.603484452 -0.699600697
    outer loop
      vertex 0.0291710626 0.0181237366 -0.0220842529
      vertex 0.0303802323 0.0195218641 -0.021539446
      vertex 0.0303802192 0.0184414554 -0.022471413
    endloop
  endfacet
  facet normal 0.382592767 0.637074888 -0.669147551
    outer loop
      vertex 0.0303802323 0.0195218641 -0.021539446
      vertex 0.0303802453 0.0205552243 -0.020555608
      vertex 0.0315893926 0.0202010572 -0.0202014558
    endloop
  endfacet
  facet normal 0.38259241 0.637075245 -0.669147372
    outer loop
      vertex 0.0303802323 0.0195218641 -0.021539446
      vertex 0.0315893926 0.0202010572 -0.0202014558
      vertex 0.0315893814 0.0191855021 -0.0211683419
    endloop
  endfacet
  facet normal 0.923841417 0.263933361 -0.277229369
    outer loop
      vertex 0.0315893814 0.0191855021 -0.0211683419
      vertex 0.0315893926 0.0202010572 -0.0202014558
      vertex 0.0320902318 0.0193460509 -0.0193464551
    endloop
  endfacet
  facet normal 0.923841596 0.263933003 -0.277229369
    outer loop
      vertex 0.0315893814 0.0191855021 -0.0211683419
      vertex 0.0320902318 0.0193460509 -0.0193464551
      vertex 0.0320902206 0.0183734782 -0.0202724189
    endloop
  endfacet
  facet normal 0.923835516 -0.263954133 0.277229279
    outer loop
      vertex 0.0320902206 0.0183734782 -0.0202724189
      vertex 0.0320902318 0.0193460509 -0.0193464551
      vertex 0.0315893739 0.0184910577 -0.0184914544
    endloop
  endfacet
  facet normal 0.923835516 -0.263954222 0.277229339
    outer loop
      vertex 0.0320902206 0.0183734782 -0.0202724189
      vertex 0.0315893739 0.0184910577 -0.0184914544
      vertex 0.0315893628 0.0175614655 -0.0193764959
    endloop
  endfacet
  facet normal 0.382576376 -0.637083888 0.669148266
    outer loop
      vertex 0.0315893628 0.0175614655 -0.0193764959
      vertex 0.0315893739 0.0184910577 -0.0184914544
      vertex 0.0303802155 0.0181369204 -0.0181373022
    endloop
  endfacet
  facet normal 0.382575572 -0.637084842 0.669147849
    outer loop
      vertex 0.0315893628 0.0175614655 -0.0193764959
      vertex 0.0303802155 0.0181369204 -0.0181373022
      vertex 0.0303802043 0.0172251333 -0.0190053936
    endloop
  endfacet
  facet normal -0.382592738 -0.637075007 0.669147372
    outer loop
      vertex 0.0303802043 0.0172251333 -0.0190053936
      vertex 0.0303802155 0.0181369204 -0.0181373022
      vertex 0.0291710682 0.0184910875 -0.0184914544
    endloop
  endfacet
  facet normal -0.382592052 -0.63707459 0.669148147
    outer loop
      vertex 0.0303802043 0.0172251333 -0.0190053936
      vertex 0.0291710682 0.0184910875 -0.0184914544
      vertex 0.029171057 0.0175614953 -0.0193764959
    endloop
  endfacet
  facet normal -0.923841774 -0.263932079 0.277229428
    outer loop
      vertex 0.029171057 0.0175614953 -0.0193764959
      vertex 0.0291710682 0.0184910875 -0.0184914544
      vertex 0.0286702309 0.0193460919 -0.0193464551
    endloop
  endfacet
  facet normal -0.923842013 -0.263932139 0.277228475
    outer loop
      vertex 0.029171057 0.0175614953 -0.0193764959
      vertex 0.0286702309 0.0193460919 -0.0193464551
      vertex 0.0286702197 0.0183735192 -0.0202724189
    endloop
  endfacet
  facet normal -0.923835695 0.263953924 -0.277229041
    outer loop
      vertex 0.0286702197 0.0183735192 -0.0202724189
      vertex 0.0286702309 0.0193460919 -0.0193464551
      vertex 0.0291710887 0.020201087 -0.0202014558
    endloop
  endfacet
  facet normal -0.923835993 0.263953984 -0.277227879
    outer loop
      vertex 0.0286702197 0.0183735192 -0.0202724189
      vertex 0.0291710887 0.020201087 -0.0202014558
      vertex 0.0291710757 0.0191855319 -0.0211683419
    endloop
  endfacet
  facet normal -0.382576913 0.637084484 -0.669147491
    outer loop
      vertex 0.0291710757 0.0191855319 -0.0211683419
      vertex 0.0291710887 0.020201087 -0.0202014558
      vertex 0.0303802453 0.0205552243 -0.020555608
    endloop
  endfacet
  facet normal -0.382576913 0.637084424 -0.669147432
    outer loop
      vertex 0.0291710757 0.0191855319 -0.0211683419
      vertex 0.0303802453 0.0205552243 -0.020555608
      vertex 0.0303802323 0.0195218641 -0.021539446
    endloop
  endfacet
  facet normal 0.382593155 0.669142604 -0.637079716
    outer loop
      vertex 0.0303802453 0.0205552243 -0.020555608
      vertex 0.0303802565 0.0215390809 -0.0195222292
      vertex 0.0315894037 0.0211679619 -0.0191858821
    endloop
  endfacet
  facet normal 0.382593155 0.669142663 -0.637079716
    outer loop
      vertex 0.0303802453 0.0205552243 -0.020555608
      vertex 0.0315894037 0.0211679619 -0.0191858821
      vertex 0.0315893926 0.0202010572 -0.0202014558
    endloop
  endfacet
  facet normal 0.923841298 0.277219385 -0.263944417
    outer loop
      vertex 0.0315893926 0.0202010572 -0.0202014558
      vertex 0.0315894037 0.0211679619 -0.0191858821
      vertex 0.032090243 0.0202720352 -0.0183738638
    endloop
  endfacet
  facet normal 0.923841596 0.277218282 -0.263944447
    outer loop
      vertex 0.0315893926 0.0202010572 -0.0202014558
      vertex 0.032090243 0.0202720352 -0.0183738638
      vertex 0.0320902318 0.0193460509 -0.0193464551
    endloop
  endfacet
  facet normal 0.923835695 -0.277239352 0.263943285
    outer loop
      vertex 0.0320902318 0.0193460509 -0.0193464551
      vertex 0.032090243 0.0202720352 -0.0183738638
      vertex 0.0315893851 0.0193761177 -0.0175618455
    endloop
  endfacet
  facet normal 0.923835397 -0.277240276 0.263943255
    outer loop
      vertex 0.0320902318 0.0193460509 -0.0193464551
      vertex 0.0315893851 0.0193761177 -0.0175618455
      vertex 0.0315893739 0.0184910577 -0.0184914544
    endloop
  endfacet
  facet normal 0.382576942 -0.669151664 0.637079954
    outer loop
      vertex 0.0315893739 0.0184910577 -0.0184914544
      vertex 0.0315893851 0.0193761177 -0.0175618455
      vertex 0.0303802267 0.0190050285 -0.0172254965
    endloop
  endfacet
  facet normal 0.382575989 -0.669152737 0.637079418
    outer loop
      vertex 0.0315893739 0.0184910577 -0.0184914544
      vertex 0.0303802267 0.0190050285 -0.0172254965
      vertex 0.0303802155 0.0181369204 -0.0181373022
    endloop
  endfacet
  facet normal -0.382594019 -0.669142723 0.637079179
    outer loop
      vertex 0.0303802155 0.0181369204 -0.0181373022
      vertex 0.0303802267 0.0190050285 -0.0172254965
      vertex 0.0291710794 0.0193761475 -0.0175618455
    endloop
  endfacet
  facet normal -0.382593155 -0.669142246 0.637080133
    outer loop
      vertex 0.0303802155 0.0181369204 -0.0181373022
      vertex 0.0291710794 0.0193761475 -0.0175618455
      vertex 0.0291710682 0.0184910875 -0.0184914544
    endloop
  endfacet
  facet normal -0.923842013 -0.277217686 0.26394394
    outer loop
      vertex 0.0291710682 0.0184910875 -0.0184914544
      vertex 0.0291710794 0.0193761475 -0.0175618455
      vertex 0.0286702421 0.0202720761 -0.0183738638
    endloop
  endfacet
  facet normal -0.923842013 -0.277217686 0.263943881
    outer loop
      vertex 0.0291710682 0.0184910875 -0.0184914544
      vertex 0.0286702421 0.0202720761 -0.0183738638
      vertex 0.0286702309 0.0193460919 -0.0193464551
    endloop
  endfacet
  facet normal -0.923835456 0.277239591 -0.263943493
    outer loop
      vertex 0.0286702309 0.0193460919 -0.0193464551
      vertex 0.0286702421 0.0202720761 -0.0183738638
      vertex 0.0291710999 0.0211679917 -0.0191858821
    endloop
  endfacet
  facet normal -0.923835576 0.277239621 -0.263943344
    outer loop
      vertex 0.0286702309 0.0193460919 -0.0193464551
      vertex 0.0291710999 0.0211679917 -0.0191858821
      vertex 0.0291710887 0.020201087 -0.0202014558
    endloop
  endfacet
  facet normal -0.382576644 0.669151783 -0.637080014
    outer loop
      vertex 0.0291710887 0.020201087 -0.0202014558
      vertex 0.0291710999 0.0211679917 -0.0191858821
      vertex 0.0303802565 0.0215390809 -0.0195222292
    endloop
  endfacet
  facet normal -0.382576525 0.669151723 -0.637080133
    outer loop
      vertex 0.0291710887 0.020201087 -0.0202014558
      vertex 0.0303802565 0.0215390809 -0.0195222292
      vertex 0.0303802453 0.0205552243 -0.020555608
    endloop
  endfacet
  facet normal 0.382593513 0.699595928 -0.603479624
    outer loop
      vertex 0.0303802565 0.0215390809 -0.0195222292
      vertex 0.0303802676 0.0224710479 -0.0184418205
      vertex 0.0315894149 0.0220838729 -0.0181240868
    endloop
  endfacet
  facet normal 0.382593602 0.699595928 -0.603479683
    outer loop
      vertex 0.0303802565 0.0215390809 -0.0195222292
      vertex 0.0315894149 0.0220838729 -0.0181240868
      vertex 0.0315894037 0.0211679619 -0.0191858821
    endloop
  endfacet
  facet normal 0.923841238 0.289836317 -0.250024289
    outer loop
      vertex 0.0315894037 0.0211679619 -0.0191858821
      vertex 0.0315894149 0.0220838729 -0.0181240868
      vertex 0.0320902541 0.0211491808 -0.0173570085
    endloop
  endfacet
  facet normal 0.923841476 0.28983584 -0.250024348
    outer loop
      vertex 0.0315894037 0.0211679619 -0.0191858821
      vertex 0.0320902541 0.0211491808 -0.0173570085
      vertex 0.032090243 0.0202720352 -0.0183738638
    endloop
  endfacet
  facet normal 0.923834562 -0.289858371 0.250023484
    outer loop
      vertex 0.032090243 0.0202720352 -0.0183738638
      vertex 0.0320902541 0.0211491808 -0.0173570085
      vertex 0.0315893926 0.020214498 -0.0165899303
    endloop
  endfacet
  facet normal 0.923835456 -0.289855152 0.250023872
    outer loop
      vertex 0.032090243 0.0202720352 -0.0183738638
      vertex 0.0315893926 0.020214498 -0.0165899303
      vertex 0.0315893851 0.0193761177 -0.0175618455
    endloop
  endfacet
  facet normal 0.382577151 -0.699604392 0.603480279
    outer loop
      vertex 0.0315893851 0.0193761177 -0.0175618455
      vertex 0.0315893926 0.020214498 -0.0165899303
      vertex 0.030380236 0.0198273528 -0.0162721947
    endloop
  endfacet
  facet normal 0.382576615 -0.699604928 0.603480041
    outer loop
      vertex 0.0315893851 0.0193761177 -0.0175618455
      vertex 0.030380236 0.0198273528 -0.0162721947
      vertex 0.0303802267 0.0190050285 -0.0172254965
    endloop
  endfacet
  facet normal -0.382594287 -0.69959563 0.603479445
    outer loop
      vertex 0.0303802267 0.0190050285 -0.0172254965
      vertex 0.030380236 0.0198273528 -0.0162721947
      vertex 0.0291710887 0.0202145278 -0.0165899303
    endloop
  endfacet
  facet normal -0.382594407 -0.69959569 0.603479385
    outer loop
      vertex 0.0303802267 0.0190050285 -0.0172254965
      vertex 0.0291710887 0.0202145278 -0.0165899303
      vertex 0.0291710794 0.0193761475 -0.0175618455
    endloop
  endfacet
  facet normal -0.92384249 -0.289834589 0.250022024
    outer loop
      vertex 0.0291710794 0.0193761475 -0.0175618455
      vertex 0.0291710887 0.0202145278 -0.0165899303
      vertex 0.0286702532 0.0211492218 -0.0173570085
    endloop
  endfacet
  facet normal -0.923842072 -0.289834619 0.250023305
    outer loop
      vertex 0.0291710794 0.0193761475 -0.0175618455
      vertex 0.0286702532 0.0211492218 -0.0173570085
      vertex 0.0286702421 0.0202720761 -0.0183738638
    endloop
  endfacet
  facet normal -0.923835456 0.289856851 -0.250022173
    outer loop
      vertex 0.0286702421 0.0202720761 -0.0183738638
      vertex 0.0286702532 0.0211492218 -0.0173570085
      vertex 0.0291711111 0.0220839027 -0.0181240868
    endloop
  endfacet
  facet normal -0.923835337 0.289856881 -0.25002256
    outer loop
      vertex 0.0286702421 0.0202720761 -0.0183738638
      vertex 0.0291711111 0.0220839027 -0.0181240868
      vertex 0.0291710999 0.0211679917 -0.0191858821
    endloop
  endfacet
  facet normal -0.382576317 0.699605346 -0.603479743
    outer loop
      vertex 0.0291710999 0.0211679917 -0.0191858821
      vertex 0.0291711111 0.0220839027 -0.0181240868
      vertex 0.0303802676 0.0224710479 -0.0184418205
    endloop
  endfacet
  facet normal -0.382576317 0.699605286 -0.603479803
    outer loop
      vertex 0.0291710999 0.0211679917 -0.0191858821
      vertex 0.0303802676 0.0224710479 -0.0184418205
      vertex 0.0303802565 0.0215390809 -0.0195222292
    endloop
  endfacet
  facet normal 0.382594407 0.728363693 -0.568425715
    outer loop
      vertex 0.0303802676 0.0224710479 -0.0184418205
      vertex 0.0303802788 0.0233488809 -0.017316984
      vertex 0.0315894261 0.0229465812 -0.0170186292
    endloop
  endfacet
  facet normal 0.38259387 0.72836417 -0.568425357
    outer loop
      vertex 0.0303802676 0.0224710479 -0.0184418205
      vertex 0.0315894261 0.0229465812 -0.0170186292
      vertex 0.0315894149 0.0220838729 -0.0181240868
    endloop
  endfacet
  facet normal 0.923842371 0.301753342 -0.235500172
    outer loop
      vertex 0.0315894149 0.0220838729 -0.0181240868
      vertex 0.0315894261 0.0229465812 -0.0170186292
      vertex 0.0320902616 0.0219753757 -0.0162983388
    endloop
  endfacet
  facet normal 0.923841417 0.301756352 -0.235499725
    outer loop
      vertex 0.0315894149 0.0220838729 -0.0181240868
      vertex 0.0320902616 0.0219753757 -0.0162983388
      vertex 0.0320902541 0.0211491808 -0.0173570085
    endloop
  endfacet
  facet normal 0.923835516 -0.301773906 0.235500425
    outer loop
      vertex 0.0320902541 0.0211491808 -0.0173570085
      vertex 0.0320902616 0.0219753757 -0.0162983388
      vertex 0.0315894037 0.0210041814 -0.0155780464
    endloop
  endfacet
  facet normal 0.923834503 -0.301777661 0.235499814
    outer loop
      vertex 0.0320902541 0.0211491808 -0.0173570085
      vertex 0.0315894037 0.0210041814 -0.0155780464
      vertex 0.0315893926 0.020214498 -0.0165899303
    endloop
  endfacet
  facet normal 0.38257575 -0.728373885 0.568425357
    outer loop
      vertex 0.0315893926 0.020214498 -0.0165899303
      vertex 0.0315894037 0.0210041814 -0.0155780464
      vertex 0.0303802453 0.0206019115 -0.0152796926
    endloop
  endfacet
  facet normal 0.382576764 -0.728372812 0.568425894
    outer loop
      vertex 0.0315893926 0.020214498 -0.0165899303
      vertex 0.0303802453 0.0206019115 -0.0152796926
      vertex 0.030380236 0.0198273528 -0.0162721947
    endloop
  endfacet
  facet normal -0.382594079 -0.728363693 0.568426013
    outer loop
      vertex 0.030380236 0.0198273528 -0.0162721947
      vertex 0.0303802453 0.0206019115 -0.0152796926
      vertex 0.029171098 0.0210042112 -0.0155780464
    endloop
  endfacet
  facet normal -0.382594645 -0.728363931 0.568425357
    outer loop
      vertex 0.030380236 0.0198273528 -0.0162721947
      vertex 0.029171098 0.0210042112 -0.0155780464
      vertex 0.0291710887 0.0202145278 -0.0165899303
    endloop
  endfacet
  facet normal -0.92384243 -0.301753372 0.235499561
    outer loop
      vertex 0.0291710887 0.0202145278 -0.0165899303
      vertex 0.029171098 0.0210042112 -0.0155780464
      vertex 0.0286702625 0.0219754167 -0.0162983388
    endloop
  endfacet
  facet normal -0.923842669 -0.301753312 0.235498965
    outer loop
      vertex 0.0291710887 0.0202145278 -0.0165899303
      vertex 0.0286702625 0.0219754167 -0.0162983388
      vertex 0.0286702532 0.0211492218 -0.0173570085
    endloop
  endfacet
  facet normal -0.92383492 0.301775903 -0.235500336
    outer loop
      vertex 0.0286702532 0.0211492218 -0.0173570085
      vertex 0.0286702625 0.0219754167 -0.0162983388
      vertex 0.0291711222 0.022946611 -0.0170186292
    endloop
  endfacet
  facet normal -0.923835278 0.301775753 -0.23549898
    outer loop
      vertex 0.0286702532 0.0211492218 -0.0173570085
      vertex 0.0291711222 0.022946611 -0.0170186292
      vertex 0.0291711111 0.0220839027 -0.0181240868
    endloop
  endfacet
  facet normal -0.382576644 0.728373587 -0.56842494
    outer loop
      vertex 0.0291711111 0.0220839027 -0.0181240868
      vertex 0.0291711222 0.022946611 -0.0170186292
      vertex 0.0303802788 0.0233488809 -0.017316984
    endloop
  endfacet
  facet normal -0.382576019 0.728373468 -0.568425655
    outer loop
      vertex 0.0291711111 0.0220839027 -0.0181240868
      vertex 0.0303802788 0.0233488809 -0.017316984
      vertex 0.0303802676 0.0224710479 -0.0184418205
    endloop
  endfacet
  facet normal 0.38259238 0.755379975 -0.532000184
    outer loop
      vertex 0.0303802788 0.0233488809 -0.017316984
      vertex 0.0303802881 0.0241704602 -0.016150428
      vertex 0.0315894373 0.0237540081 -0.015872173
    endloop
  endfacet
  facet normal 0.382594824 0.75537771 -0.532001674
    outer loop
      vertex 0.0303802788 0.0233488809 -0.017316984
      vertex 0.0315894373 0.0237540081 -0.015872173
      vertex 0.0315894261 0.0229465812 -0.0170186292
    endloop
  endfacet
  facet normal 0.92384249 0.312944889 -0.220410004
    outer loop
      vertex 0.0315894261 0.0229465812 -0.0170186292
      vertex 0.0315894373 0.0237540081 -0.015872173
      vertex 0.0320902728 0.0227486286 -0.0152004035
    endloop
  endfacet
  facet normal 0.92384243 0.312944919 -0.220410004
    outer loop
      vertex 0.0315894261 0.0229465812 -0.0170186292
      vertex 0.0320902728 0.0227486286 -0.0152004035
      vertex 0.0320902616 0.0219753757 -0.0162983388
    endloop
  endfacet
  facet normal 0.923834324 -0.312969744 0.220408663
    outer loop
      vertex 0.0320902616 0.0219753757 -0.0162983388
      vertex 0.0320902728 0.0227486286 -0.0152004035
      vertex 0.0315894112 0.0217432622 -0.014528634
    endloop
  endfacet
  facet normal 0.923835397 -0.312966138 0.220409438
    outer loop
      vertex 0.0320902616 0.0219753757 -0.0162983388
      vertex 0.0315894112 0.0217432622 -0.014528634
      vertex 0.0315894037 0.0210041814 -0.0155780464
    endloop
  endfacet
  facet normal 0.382576466 -0.755386949 0.532001674
    outer loop
      vertex 0.0315894037 0.0210041814 -0.0155780464
      vertex 0.0315894112 0.0217432622 -0.014528634
      vertex 0.0303802546 0.0213268362 -0.0142503791
    endloop
  endfacet
  facet normal 0.382575423 -0.755387902 0.532000959
    outer loop
      vertex 0.0315894037 0.0210041814 -0.0155780464
      vertex 0.0303802546 0.0213268362 -0.0142503791
      vertex 0.0303802453 0.0206019115 -0.0152796926
    endloop
  endfacet
  facet normal -0.38259384 -0.755378485 0.532001197
    outer loop
      vertex 0.0303802453 0.0206019115 -0.0152796926
      vertex 0.0303802546 0.0213268362 -0.0142503791
      vertex 0.0291711073 0.0217432901 -0.014528634
    endloop
  endfacet
  facet normal -0.382594436 -0.755378604 0.532000601
    outer loop
      vertex 0.0303802453 0.0206019115 -0.0152796926
      vertex 0.0291711073 0.0217432901 -0.014528634
      vertex 0.029171098 0.0210042112 -0.0155780464
    endloop
  endfacet
  facet normal -0.923842549 -0.312945515 0.22040911
    outer loop
      vertex 0.029171098 0.0210042112 -0.0155780464
      vertex 0.0291711073 0.0217432901 -0.014528634
      vertex 0.0286702719 0.0227486696 -0.0152004035
    endloop
  endfacet
  facet normal -0.92384249 -0.312945455 0.220408797
    outer loop
      vertex 0.029171098 0.0210042112 -0.0155780464
      vertex 0.0286702719 0.0227486696 -0.0152004035
      vertex 0.0286702625 0.0219754167 -0.0162983388
    endloop
  endfacet
  facet normal -0.923835039 0.312967718 -0.220408812
    outer loop
      vertex 0.0286702625 0.0219754167 -0.0162983388
      vertex 0.0286702719 0.0227486696 -0.0152004035
      vertex 0.0291711316 0.0237540379 -0.015872173
    endloop
  endfacet
  facet normal -0.923834801 0.312967837 -0.220409676
    outer loop
      vertex 0.0286702625 0.0219754167 -0.0162983388
      vertex 0.0291711316 0.0237540379 -0.015872173
      vertex 0.0291711222 0.022946611 -0.0170186292
    endloop
  endfacet
  facet normal -0.382574439 0.755387783 -0.532001853
    outer loop
      vertex 0.0291711222 0.022946611 -0.0170186292
      vertex 0.0291711316 0.0237540379 -0.015872173
      vertex 0.0303802881 0.0241704602 -0.016150428
    endloop
  endfacet
  facet normal -0.382576317 0.75538826 -0.531999946
    outer loop
      vertex 0.0291711222 0.022946611 -0.0170186292
      vertex 0.0303802881 0.0241704602 -0.016150428
      vertex 0.0303802788 0.0233488809 -0.017316984
    endloop
  endfacet
  facet normal 0.38259244 0.780573368 -0.494295627
    outer loop
      vertex 0.0303802881 0.0241704602 -0.016150428
      vertex 0.0303802975 0.0249338113 -0.014944965
      vertex 0.0315894447 0.0245042089 -0.0146874785
    endloop
  endfacet
  facet normal 0.382592648 0.780573189 -0.494295835
    outer loop
      vertex 0.0303802881 0.0241704602 -0.016150428
      vertex 0.0315894447 0.0245042089 -0.0146874785
      vertex 0.0315894373 0.0237540081 -0.015872173
    endloop
  endfacet
  facet normal 0.923842788 0.32338354 -0.204786539
    outer loop
      vertex 0.0315894373 0.0237540081 -0.015872173
      vertex 0.0315894447 0.0245042089 -0.0146874785
      vertex 0.0320902802 0.0234670751 -0.0140658496
    endloop
  endfacet
  facet normal 0.923842609 0.323384315 -0.20478636
    outer loop
      vertex 0.0315894373 0.0237540081 -0.015872173
      vertex 0.0320902802 0.0234670751 -0.0140658496
      vertex 0.0320902728 0.0227486286 -0.0152004035
    endloop
  endfacet
  facet normal 0.923835158 -0.323404759 0.20478721
    outer loop
      vertex 0.0320902728 0.0227486286 -0.0152004035
      vertex 0.0320902802 0.0234670751 -0.0140658496
      vertex 0.0315894224 0.022429958 -0.0134442216
    endloop
  endfacet
  facet normal 0.923834145 -0.323408335 0.204786271
    outer loop
      vertex 0.0320902728 0.0227486286 -0.0152004035
      vertex 0.0315894224 0.022429958 -0.0134442216
      vertex 0.0315894112 0.0217432622 -0.014528634
    endloop
  endfacet
  facet normal 0.382574946 -0.780582905 0.494294167
    outer loop
      vertex 0.0315894112 0.0217432622 -0.014528634
      vertex 0.0315894224 0.022429958 -0.0134442216
      vertex 0.0303802621 0.0220003817 -0.0131867342
    endloop
  endfacet
  facet normal 0.382576227 -0.780581713 0.49429509
    outer loop
      vertex 0.0315894112 0.0217432622 -0.014528634
      vertex 0.0303802621 0.0220003817 -0.0131867342
      vertex 0.0303802546 0.0213268362 -0.0142503791
    endloop
  endfacet
  facet normal -0.382593781 -0.78057307 0.494295001
    outer loop
      vertex 0.0303802546 0.0213268362 -0.0142503791
      vertex 0.0303802621 0.0220003817 -0.0131867342
      vertex 0.0291711148 0.0224299859 -0.0134442216
    endloop
  endfacet
  facet normal -0.382594138 -0.780573189 0.494294584
    outer loop
      vertex 0.0303802546 0.0213268362 -0.0142503791
      vertex 0.0291711148 0.0224299859 -0.0134442216
      vertex 0.0291711073 0.0217432901 -0.014528634
    endloop
  endfacet
  facet normal -0.923842907 -0.323383391 0.20478636
    outer loop
      vertex 0.0291711073 0.0217432901 -0.014528634
      vertex 0.0291711148 0.0224299859 -0.0134442216
      vertex 0.0286702812 0.0234671161 -0.0140658496
    endloop
  endfacet
  facet normal -0.923842609 -0.32338357 0.204787433
    outer loop
      vertex 0.0291711073 0.0217432901 -0.014528634
      vertex 0.0286702812 0.0234671161 -0.0140658496
      vertex 0.0286702719 0.0227486696 -0.0152004035
    endloop
  endfacet
  facet normal -0.923835099 0.323405653 -0.204786241
    outer loop
      vertex 0.0286702719 0.0227486696 -0.0152004035
      vertex 0.0286702812 0.0234671161 -0.0140658496
      vertex 0.0291711409 0.0245042369 -0.0146874785
    endloop
  endfacet
  facet normal -0.92383492 0.323405832 -0.204787061
    outer loop
      vertex 0.0286702719 0.0227486696 -0.0152004035
      vertex 0.0291711409 0.0245042369 -0.0146874785
      vertex 0.0291711316 0.0237540379 -0.015872173
    endloop
  endfacet
  facet normal -0.382574588 0.780582547 -0.49429512
    outer loop
      vertex 0.0291711316 0.0237540379 -0.015872173
      vertex 0.0291711409 0.0245042369 -0.0146874785
      vertex 0.0303802975 0.0249338113 -0.014944965
    endloop
  endfacet
  facet normal -0.382574171 0.780582428 -0.494295478
    outer loop
      vertex 0.0291711316 0.0237540379 -0.015872173
      vertex 0.0303802975 0.0249338113 -0.014944965
      vertex 0.0303802881 0.0241704602 -0.016150428
    endloop
  endfacet
  facet normal 0.382594138 0.803885877 -0.45539999
    outer loop
      vertex 0.0303802975 0.0249338113 -0.014944965
      vertex 0.0303803068 0.0256370958 -0.0137034981
      vertex 0.0315894522 0.0251953751 -0.0134674003
    endloop
  endfacet
  facet normal 0.382592678 0.803887129 -0.455399007
    outer loop
      vertex 0.0303802975 0.0249338113 -0.014944965
      vertex 0.0315894522 0.0251953751 -0.0134674003
      vertex 0.0315894447 0.0245042089 -0.0146874785
    endloop
  endfacet
  facet normal 0.923842609 0.33304286 -0.1886722
    outer loop
      vertex 0.0315894447 0.0245042089 -0.0146874785
      vertex 0.0315894522 0.0251953751 -0.0134674003
      vertex 0.0320902877 0.0241289902 -0.0128974104
    endloop
  endfacet
  facet normal 0.923842967 0.333041906 -0.188672543
    outer loop
      vertex 0.0315894447 0.0245042089 -0.0146874785
      vertex 0.0320902877 0.0241289902 -0.0128974104
      vertex 0.0320902802 0.0234670751 -0.0140658496
    endloop
  endfacet
  facet normal 0.923835456 -0.333062649 0.188672498
    outer loop
      vertex 0.0320902802 0.0234670751 -0.0140658496
      vertex 0.0320902877 0.0241289902 -0.0128974104
      vertex 0.0315894298 0.0230626184 -0.0123274196
    endloop
  endfacet
  facet normal 0.923835158 -0.333063841 0.188672155
    outer loop
      vertex 0.0320902802 0.0234670751 -0.0140658496
      vertex 0.0315894298 0.0230626184 -0.0123274196
      vertex 0.0315894224 0.022429958 -0.0134442216
    endloop
  endfacet
  facet normal 0.38257429 -0.80389595 0.455398858
    outer loop
      vertex 0.0315894224 0.022429958 -0.0134442216
      vertex 0.0315894298 0.0230626184 -0.0123274196
      vertex 0.0303802695 0.0226209257 -0.0120913219
    endloop
  endfacet
  facet normal 0.382574618 -0.803895712 0.455399096
    outer loop
      vertex 0.0315894224 0.022429958 -0.0134442216
      vertex 0.0303802695 0.0226209257 -0.0120913219
      vertex 0.0303802621 0.0220003817 -0.0131867342
    endloop
  endfacet
  facet normal -0.382593632 -0.803886652 0.455399156
    outer loop
      vertex 0.0303802621 0.0220003817 -0.0131867342
      vertex 0.0303802695 0.0226209257 -0.0120913219
      vertex 0.0291711222 0.0230626464 -0.0123274196
    endloop
  endfacet
  facet normal -0.382594049 -0.803886652 0.455398738
    outer loop
      vertex 0.0303802621 0.0220003817 -0.0131867342
      vertex 0.0291711222 0.0230626464 -0.0123274196
      vertex 0.0291711148 0.0224299859 -0.0134442216
    endloop
  endfacet
  facet normal -0.923843205 -0.333041608 0.188671872
    outer loop
      vertex 0.0291711148 0.0224299859 -0.0134442216
      vertex 0.0291711222 0.0230626464 -0.0123274196
      vertex 0.0286702886 0.0241290312 -0.0128974104
    endloop
  endfacet
  facet normal -0.923842967 -0.333041698 0.188672394
    outer loop
      vertex 0.0291711148 0.0224299859 -0.0134442216
      vertex 0.0286702886 0.0241290312 -0.0128974104
      vertex 0.0286702812 0.0234671161 -0.0140658496
    endloop
  endfacet
  facet normal -0.92383486 0.333063841 -0.188673168
    outer loop
      vertex 0.0286702812 0.0234671161 -0.0140658496
      vertex 0.0286702886 0.0241290312 -0.0128974104
      vertex 0.0291711483 0.025195403 -0.0134674003
    endloop
  endfacet
  facet normal -0.923835039 0.333063692 -0.188672721
    outer loop
      vertex 0.0286702812 0.0234671161 -0.0140658496
      vertex 0.0291711483 0.025195403 -0.0134674003
      vertex 0.0291711409 0.0245042369 -0.0146874785
    endloop
  endfacet
  facet normal -0.382574856 0.803895652 -0.455399156
    outer loop
      vertex 0.0291711409 0.0245042369 -0.0146874785
      vertex 0.0291711483 0.025195403 -0.0134674003
      vertex 0.0303803068 0.0256370958 -0.0137034981
    endloop
  endfacet
  facet normal -0.38257423 0.803895533 -0.455399722
    outer loop
      vertex 0.0291711409 0.0245042369 -0.0146874785
      vertex 0.0303803068 0.0256370958 -0.0137034981
      vertex 0.0303802975 0.0249338113 -0.014944965
    endloop
  endfacet
  facet normal 0.382593453 0.825264037 -0.415405095
    outer loop
      vertex 0.0303803068 0.0256370958 -0.0137034981
      vertex 0.0303803142 0.026278602 -0.0124290437
      vertex 0.0315894596 0.0258258302 -0.0122149037
    endloop
  endfacet
  facet normal 0.382594436 0.825263321 -0.41540578
    outer loop
      vertex 0.0303803068 0.0256370958 -0.0137034981
      vertex 0.0315894596 0.0258258302 -0.0122149037
      vertex 0.0315894522 0.0251953751 -0.0134674003
    endloop
  endfacet
  facet normal 0.923842847 0.341898948 -0.172103301
    outer loop
      vertex 0.0315894522 0.0251953751 -0.0134674003
      vertex 0.0315894596 0.0258258302 -0.0122149037
      vertex 0.0320902951 0.0247327611 -0.0116979228
    endloop
  endfacet
  facet normal 0.923842728 0.341899216 -0.172103226
    outer loop
      vertex 0.0315894522 0.0251953751 -0.0134674003
      vertex 0.0320902951 0.0247327611 -0.0116979228
      vertex 0.0320902877 0.0241289902 -0.0128974104
    endloop
  endfacet
  facet normal 0.923834324 -0.341921926 0.172103167
    outer loop
      vertex 0.0320902877 0.0241289902 -0.0128974104
      vertex 0.0320902951 0.0247327611 -0.0116979228
      vertex 0.0315894336 0.0236397069 -0.0111809429
    endloop
  endfacet
  facet normal 0.923835337 -0.341918468 0.172104448
    outer loop
      vertex 0.0320902877 0.0241289902 -0.0128974104
      vertex 0.0315894336 0.0236397069 -0.0111809429
      vertex 0.0315894298 0.0230626184 -0.0123274196
    endloop
  endfacet
  facet normal 0.382575244 -0.825271964 0.415406168
    outer loop
      vertex 0.0315894298 0.0230626184 -0.0123274196
      vertex 0.0315894336 0.0236397069 -0.0111809429
      vertex 0.030380277 0.0231869612 -0.0109668029
    endloop
  endfacet
  facet normal 0.382574022 -0.825272977 0.415405214
    outer loop
      vertex 0.0315894298 0.0230626184 -0.0123274196
      vertex 0.030380277 0.0231869612 -0.0109668029
      vertex 0.0303802695 0.0226209257 -0.0120913219
    endloop
  endfacet
  facet normal -0.382593989 -0.825263619 0.415405542
    outer loop
      vertex 0.0303802695 0.0226209257 -0.0120913219
      vertex 0.030380277 0.0231869612 -0.0109668029
      vertex 0.0291711297 0.0236397348 -0.0111809429
    endloop
  endfacet
  facet normal -0.3825939 -0.82526356 0.415405661
    outer loop
      vertex 0.0303802695 0.0226209257 -0.0120913219
      vertex 0.0291711297 0.0236397348 -0.0111809429
      vertex 0.0291711222 0.0230626464 -0.0123274196
    endloop
  endfacet
  facet normal -0.923843145 -0.341898263 0.172103286
    outer loop
      vertex 0.0291711222 0.0230626464 -0.0123274196
      vertex 0.0291711297 0.0236397348 -0.0111809429
      vertex 0.0286702961 0.0247328021 -0.0116979228
    endloop
  endfacet
  facet normal -0.923843324 -0.341898024 0.172102615
    outer loop
      vertex 0.0291711222 0.0230626464 -0.0123274196
      vertex 0.0286702961 0.0247328021 -0.0116979228
      vertex 0.0286702886 0.0241290312 -0.0128974104
    endloop
  endfacet
  facet normal -0.923835039 0.341920495 -0.172102422
    outer loop
      vertex 0.0286702886 0.0241290312 -0.0128974104
      vertex 0.0286702961 0.0247328021 -0.0116979228
      vertex 0.0291711558 0.0258258581 -0.0122149028
    endloop
  endfacet
  facet normal -0.923834801 0.341920674 -0.172103137
    outer loop
      vertex 0.0286702886 0.0241290312 -0.0128974104
      vertex 0.0291711558 0.0258258581 -0.0122149028
      vertex 0.0291711483 0.025195403 -0.0134674003
    endloop
  endfacet
  facet normal -0.382573992 0.825272799 -0.415405691
    outer loop
      vertex 0.0291711483 0.025195403 -0.0134674003
      vertex 0.0291711558 0.0258258581 -0.0122149028
      vertex 0.0303803142 0.026278602 -0.0124290437
    endloop
  endfacet
  facet normal -0.382574588 0.825272918 -0.415405035
    outer loop
      vertex 0.0291711483 0.025195403 -0.0134674003
      vertex 0.0303803142 0.026278602 -0.0124290437
      vertex 0.0303803068 0.0256370958 -0.0137034981
    endloop
  endfacet
  facet normal 0.382594407 0.844652355 -0.374411404
    outer loop
      vertex 0.0303803142 0.026278602 -0.0124290437
      vertex 0.0303803217 0.0268568136 -0.0111246211
      vertex 0.0315894671 0.0263940785 -0.010932955
    endloop
  endfacet
  facet normal 0.382593632 0.84465301 -0.374410808
    outer loop
      vertex 0.0303803142 0.026278602 -0.0124290437
      vertex 0.0315894671 0.0263940785 -0.010932955
      vertex 0.0315894596 0.0258258302 -0.0122149037
    endloop
  endfacet
  facet normal 0.923842847 0.349932075 -0.155119449
    outer loop
      vertex 0.0315894596 0.0258258302 -0.0122149037
      vertex 0.0315894671 0.0263940785 -0.010932955
      vertex 0.0320903026 0.0252769589 -0.010470232
    endloop
  endfacet
  facet normal 0.923842967 0.349931657 -0.155119613
    outer loop
      vertex 0.0315894596 0.0258258302 -0.0122149037
      vertex 0.0320903026 0.0252769589 -0.010470232
      vertex 0.0320902951 0.0247327611 -0.0116979228
    endloop
  endfacet
  facet normal 0.923834145 -0.349955142 0.155118808
    outer loop
      vertex 0.0320902951 0.0247327611 -0.0116979228
      vertex 0.0320903026 0.0252769589 -0.010470232
      vertex 0.031589441 0.0241598561 -0.0100075081
    endloop
  endfacet
  facet normal 0.923834264 -0.349954933 0.155118898
    outer loop
      vertex 0.0320902951 0.0247327611 -0.0116979228
      vertex 0.031589441 0.0241598561 -0.0100075081
      vertex 0.0315894336 0.0236397069 -0.0111809429
    endloop
  endfacet
  facet normal 0.38257426 -0.844661534 0.374411315
    outer loop
      vertex 0.0315894336 0.0236397069 -0.0111809429
      vertex 0.031589441 0.0241598561 -0.0100075081
      vertex 0.0303802826 0.023697149 -0.00981584191
    endloop
  endfacet
  facet normal 0.382575035 -0.844660878 0.374411941
    outer loop
      vertex 0.0315894336 0.0236397069 -0.0111809429
      vertex 0.0303802826 0.023697149 -0.00981584191
      vertex 0.030380277 0.0231869612 -0.0109668029
    endloop
  endfacet
  facet normal -0.38259393 -0.844652295 0.374411881
    outer loop
      vertex 0.030380277 0.0231869612 -0.0109668029
      vertex 0.0303802826 0.023697149 -0.00981584191
      vertex 0.0291711353 0.0241598841 -0.0100075081
    endloop
  endfacet
  facet normal -0.382594258 -0.844652355 0.374411464
    outer loop
      vertex 0.030380277 0.0231869612 -0.0109668029
      vertex 0.0291711353 0.0241598841 -0.0100075081
      vertex 0.0291711297 0.0236397348 -0.0111809429
    endloop
  endfacet
  facet normal -0.923843145 -0.349931538 0.155118778
    outer loop
      vertex 0.0291711297 0.0236397348 -0.0111809429
      vertex 0.0291711353 0.0241598841 -0.0100075081
      vertex 0.0286703017 0.0252770018 -0.0104702311
    endloop
  endfacet
  facet normal -0.923843145 -0.349931389 0.155118495
    outer loop
      vertex 0.0291711297 0.0236397348 -0.0111809429
      vertex 0.0286703017 0.0252770018 -0.0104702311
      vertex 0.0286702961 0.0247328021 -0.0116979228
    endloop
  endfacet
  facet normal -0.923834324 0.349954188 -0.155120209
    outer loop
      vertex 0.0286702961 0.0247328021 -0.0116979228
      vertex 0.0286703017 0.0252770018 -0.0104702311
      vertex 0.0291711632 0.0263941064 -0.010932954
    endloop
  endfacet
  facet normal -0.92383498 0.349953413 -0.155118197
    outer loop
      vertex 0.0286702961 0.0247328021 -0.0116979228
      vertex 0.0291711632 0.0263941064 -0.010932954
      vertex 0.0291711558 0.0258258581 -0.0122149028
    endloop
  endfacet
  facet normal -0.382574528 0.844661951 -0.374410301
    outer loop
      vertex 0.0291711558 0.0258258581 -0.0122149028
      vertex 0.0291711632 0.0263941064 -0.010932954
      vertex 0.0303803217 0.0268568136 -0.0111246211
    endloop
  endfacet
  facet normal -0.382573694 0.844661891 -0.374411285
    outer loop
      vertex 0.0291711558 0.0258258581 -0.0122149028
      vertex 0.0303803217 0.0268568136 -0.0111246211
      vertex 0.0303803142 0.026278602 -0.0124290437
    endloop
  endfacet
  facet normal 0.38259536 0.862005711 -0.332515985
    outer loop
      vertex 0.0303803217 0.0268568136 -0.0111246211
      vertex 0.0303803273 0.0273703262 -0.00979339797
      vertex 0.0315894745 0.0268987417 -0.00962466747
    endloop
  endfacet
  facet normal 0.382594585 0.862006366 -0.332515389
    outer loop
      vertex 0.0303803217 0.0268568136 -0.0111246211
      vertex 0.0315894745 0.0268987417 -0.00962466747
      vertex 0.0315894671 0.0263940785 -0.010932955
    endloop
  endfacet
  facet normal 0.923843563 0.357119918 -0.137761891
    outer loop
      vertex 0.0315894671 0.0263940785 -0.010932955
      vertex 0.0315894745 0.0268987417 -0.00962466747
      vertex 0.0320903063 0.0257602651 -0.00921731628
    endloop
  endfacet
  facet normal 0.923842907 0.357122153 -0.137760878
    outer loop
      vertex 0.0315894671 0.0263940785 -0.010932955
      vertex 0.0320903063 0.0257602651 -0.00921731628
      vertex 0.0320903026 0.0252769589 -0.010470232
    endloop
  endfacet
  facet normal 0.923835516 -0.35714063 0.137762502
    outer loop
      vertex 0.0320903026 0.0252769589 -0.010470232
      vertex 0.0320903063 0.0257602651 -0.00921731628
      vertex 0.0315894485 0.0246217996 -0.00880996324
    endloop
  endfacet
  facet normal 0.923834026 -0.35714528 0.137760222
    outer loop
      vertex 0.0320903026 0.0252769589 -0.010470232
      vertex 0.0315894485 0.0246217996 -0.00880996324
      vertex 0.031589441 0.0241598561 -0.0100075081
    endloop
  endfacet
  facet normal 0.382572621 -0.862016737 0.33251375
    outer loop
      vertex 0.031589441 0.0241598561 -0.0100075081
      vertex 0.0315894485 0.0246217996 -0.00880996324
      vertex 0.0303802881 0.0241502468 -0.00864123274
    endloop
  endfacet
  facet normal 0.382574022 -0.862015545 0.332515031
    outer loop
      vertex 0.031589441 0.0241598561 -0.0100075081
      vertex 0.0303802881 0.0241502468 -0.00864123274
      vertex 0.0303802826 0.023697149 -0.00981584191
    endloop
  endfacet
  facet normal -0.382593095 -0.862006962 0.332515329
    outer loop
      vertex 0.0303802826 0.023697149 -0.00981584191
      vertex 0.0303802881 0.0241502468 -0.00864123274
      vertex 0.0291711409 0.0246218275 -0.00880996324
    endloop
  endfacet
  facet normal -0.382594079 -0.862006962 0.332514167
    outer loop
      vertex 0.0303802826 0.023697149 -0.00981584191
      vertex 0.0291711409 0.0246218275 -0.00880996324
      vertex 0.0291711353 0.0241598841 -0.0100075081
    endloop
  endfacet
  facet normal -0.923843384 -0.357121021 0.137760907
    outer loop
      vertex 0.0291711353 0.0241598841 -0.0100075081
      vertex 0.0291711409 0.0246218275 -0.00880996324
      vertex 0.0286703072 0.025760306 -0.00921731535
    endloop
  endfacet
  facet normal -0.923843205 -0.357121199 0.137761354
    outer loop
      vertex 0.0291711353 0.0241598841 -0.0100075081
      vertex 0.0286703072 0.025760306 -0.00921731535
      vertex 0.0286703017 0.0252770018 -0.0104702311
    endloop
  endfacet
  facet normal -0.923834324 0.357144028 -0.137761921
    outer loop
      vertex 0.0286703017 0.0252770018 -0.0104702311
      vertex 0.0286703072 0.025760306 -0.00921731535
      vertex 0.0291711688 0.0268987697 -0.00962466747
    endloop
  endfacet
  facet normal -0.923834264 0.357144117 -0.137762129
    outer loop
      vertex 0.0286703017 0.0252770018 -0.0104702311
      vertex 0.0291711688 0.0268987697 -0.00962466747
      vertex 0.0291711632 0.0263941064 -0.010932954
    endloop
  endfacet
  facet normal -0.382575393 0.862014949 -0.33251515
    outer loop
      vertex 0.0291711632 0.0263941064 -0.010932954
      vertex 0.0291711688 0.0268987697 -0.00962466747
      vertex 0.0303803273 0.0273703262 -0.00979339797
    endloop
  endfacet
  facet normal -0.38257429 0.862015009 -0.332516372
    outer loop
      vertex 0.0291711632 0.0263941064 -0.010932954
      vertex 0.0303803273 0.0273703262 -0.00979339797
      vertex 0.0303803217 0.0268568136 -0.0111246211
    endloop
  endfacet
  facet normal 0.382595062 0.877284229 -0.289816201
    outer loop
      vertex 0.0303803273 0.0273703262 -0.00979339797
      vertex 0.0303803328 0.0278178956 -0.0084385816
      vertex 0.0315894783 0.0273386016 -0.00829319283
    endloop
  endfacet
  facet normal 0.382595569 0.877283871 -0.289816588
    outer loop
      vertex 0.0303803273 0.0273703262 -0.00979339797
      vertex 0.0315894783 0.0273386016 -0.00829319283
      vertex 0.0315894745 0.0268987417 -0.00962466747
    endloop
  endfacet
  facet normal 0.923842728 0.363452375 -0.120071061
    outer loop
      vertex 0.0315894745 0.0268987417 -0.00962466747
      vertex 0.0315894783 0.0273386016 -0.00829319283
      vertex 0.0320903137 0.0261815079 -0.00794219412
    endloop
  endfacet
  facet normal 0.923843741 0.363449335 -0.120072633
    outer loop
      vertex 0.0315894745 0.0268987417 -0.00962466747
      vertex 0.0320903137 0.0261815079 -0.00794219412
      vertex 0.0320903063 0.0257602651 -0.00921731628
    endloop
  endfacet
  facet normal 0.923834324 -0.363473922 0.120069973
    outer loop
      vertex 0.0320903063 0.0257602651 -0.00921731628
      vertex 0.0320903137 0.0261815079 -0.00794219412
      vertex 0.0315894522 0.0250244271 -0.0075911954
    endloop
  endfacet
  facet normal 0.923835456 -0.363470435 0.120071873
    outer loop
      vertex 0.0320903063 0.0257602651 -0.00921731628
      vertex 0.0315894522 0.0250244271 -0.0075911954
      vertex 0.0315894485 0.0246217996 -0.00880996324
    endloop
  endfacet
  facet normal 0.382574141 -0.877292752 0.289817929
    outer loop
      vertex 0.0315894485 0.0246217996 -0.00880996324
      vertex 0.0315894522 0.0250244271 -0.0075911954
      vertex 0.0303802937 0.0245451611 -0.0074458071
    endloop
  endfacet
  facet normal 0.382572353 -0.877294004 0.28981632
    outer loop
      vertex 0.0315894485 0.0246217996 -0.00880996324
      vertex 0.0303802937 0.0245451611 -0.0074458071
      vertex 0.0303802881 0.0241502468 -0.00864123274
    endloop
  endfacet
  facet normal -0.382594436 -0.877284348 0.289816648
    outer loop
      vertex 0.0303802881 0.0241502468 -0.00864123274
      vertex 0.0303802937 0.0245451611 -0.0074458071
      vertex 0.0291711465 0.025024455 -0.0075911954
    endloop
  endfacet
  facet normal -0.382593244 -0.877284408 0.289818078
    outer loop
      vertex 0.0303802881 0.0241502468 -0.00864123274
      vertex 0.0291711465 0.025024455 -0.0075911954
      vertex 0.0291711409 0.0246218275 -0.00880996324
    endloop
  endfacet
  facet normal -0.923843145 -0.363450676 0.120072424
    outer loop
      vertex 0.0291711409 0.0246218275 -0.00880996324
      vertex 0.0291711465 0.025024455 -0.0075911954
      vertex 0.0286703128 0.0261815488 -0.00794219319
    endloop
  endfacet
  facet normal -0.923843384 -0.363450319 0.120071612
    outer loop
      vertex 0.0291711409 0.0246218275 -0.00880996324
      vertex 0.0286703128 0.0261815488 -0.00794219319
      vertex 0.0286703072 0.025760306 -0.00921731535
    endloop
  endfacet
  facet normal -0.923834383 0.363473505 -0.12007118
    outer loop
      vertex 0.0286703072 0.025760306 -0.00921731535
      vertex 0.0286703128 0.0261815488 -0.00794219319
      vertex 0.0291711744 0.0273386296 -0.00829319283
    endloop
  endfacet
  facet normal -0.923834205 0.363473713 -0.120071664
    outer loop
      vertex 0.0286703072 0.025760306 -0.00921731535
      vertex 0.0291711744 0.0273386296 -0.00829319283
      vertex 0.0291711688 0.0268987697 -0.00962466747
    endloop
  endfacet
  facet normal -0.38257426 0.87729311 -0.289816946
    outer loop
      vertex 0.0291711688 0.0268987697 -0.00962466747
      vertex 0.0291711744 0.0273386296 -0.00829319283
      vertex 0.0303803328 0.0278178956 -0.0084385816
    endloop
  endfacet
  facet normal -0.382575214 0.877292991 -0.289815962
    outer loop
      vertex 0.0291711688 0.0268987697 -0.00962466747
      vertex 0.0303803328 0.0278178956 -0.0084385816
      vertex 0.0303803273 0.0273703262 -0.00979339797
    endloop
  endfacet
  facet normal 0.382595181 0.890447855 -0.246421769
    outer loop
      vertex 0.0303803328 0.0278178956 -0.0084385816
      vertex 0.0303803366 0.0281984508 -0.00706343539
      vertex 0.0315894857 0.0277125984 -0.00694173994
    endloop
  endfacet
  facet normal 0.382595211 0.890447795 -0.246421814
    outer loop
      vertex 0.0303803328 0.0278178956 -0.0084385816
      vertex 0.0315894857 0.0277125984 -0.00694173994
      vertex 0.0315894783 0.0273386016 -0.00829319283
    endloop
  endfacet
  facet normal 0.923843503 0.368903726 -0.102094345
    outer loop
      vertex 0.0315894783 0.0273386016 -0.00829319283
      vertex 0.0315894857 0.0277125984 -0.00694173994
      vertex 0.0320903175 0.0265396778 -0.00664793979
    endloop
  endfacet
  facet normal 0.923842788 0.368905872 -0.102093063
    outer loop
      vertex 0.0315894783 0.0273386016 -0.00829319283
      vertex 0.0320903175 0.0265396778 -0.00664793979
      vertex 0.0320903137 0.0261815079 -0.00794219412
    endloop
  endfacet
  facet normal 0.923834503 -0.368926495 0.102093481
    outer loop
      vertex 0.0320903137 0.0261815079 -0.00794219412
      vertex 0.0320903175 0.0265396778 -0.00664793979
      vertex 0.0315894559 0.0253667664 -0.00635413965
    endloop
  endfacet
  facet normal 0.923834324 -0.368927181 0.102093086
    outer loop
      vertex 0.0320903137 0.0261815079 -0.00794219412
      vertex 0.0315894559 0.0253667664 -0.00635413965
      vertex 0.0315894522 0.0250244271 -0.0075911954
    endloop
  endfacet
  facet normal 0.382573962 -0.890456975 0.246421367
    outer loop
      vertex 0.0315894522 0.0250244271 -0.0075911954
      vertex 0.0315894559 0.0253667664 -0.00635413965
      vertex 0.0303802975 0.0248809438 -0.00623244373
    endloop
  endfacet
  facet normal 0.382573992 -0.890456975 0.246421412
    outer loop
      vertex 0.0315894522 0.0250244271 -0.0075911954
      vertex 0.0303802975 0.0248809438 -0.00623244373
      vertex 0.0303802937 0.0245451611 -0.0074458071
    endloop
  endfacet
  facet normal -0.382594526 -0.890448153 0.246421307
    outer loop
      vertex 0.0303802937 0.0245451611 -0.0074458071
      vertex 0.0303802975 0.0248809438 -0.00623244373
      vertex 0.0291711502 0.0253667943 -0.00635413965
    endloop
  endfacet
  facet normal -0.382594615 -0.890448213 0.246421233
    outer loop
      vertex 0.0303802937 0.0245451611 -0.0074458071
      vertex 0.0291711502 0.0253667943 -0.00635413965
      vertex 0.0291711465 0.025024455 -0.0075911954
    endloop
  endfacet
  facet normal -0.92384392 -0.368903309 0.102092035
    outer loop
      vertex 0.0291711465 0.025024455 -0.0075911954
      vertex 0.0291711502 0.0253667943 -0.00635413965
      vertex 0.0286703184 0.0265397187 -0.00664793979
    endloop
  endfacet
  facet normal -0.923843265 -0.368904352 0.102094069
    outer loop
      vertex 0.0291711465 0.025024455 -0.0075911954
      vertex 0.0286703184 0.0265397187 -0.00664793979
      vertex 0.0286703128 0.0261815488 -0.00794219319
    endloop
  endfacet
  facet normal -0.923834503 0.368926585 -0.102092236
    outer loop
      vertex 0.0286703128 0.0261815488 -0.00794219319
      vertex 0.0286703184 0.0265397187 -0.00664793979
      vertex 0.0291711781 0.0277126264 -0.00694173994
    endloop
  endfacet
  facet normal -0.923834264 0.368927062 -0.102093183
    outer loop
      vertex 0.0286703128 0.0261815488 -0.00794219319
      vertex 0.0291711781 0.0277126264 -0.00694173994
      vertex 0.0291711744 0.0273386296 -0.00829319283
    endloop
  endfacet
  facet normal -0.382575065 0.890456617 -0.246421069
    outer loop
      vertex 0.0291711744 0.0273386296 -0.00829319283
      vertex 0.0291711781 0.0277126264 -0.00694173994
      vertex 0.0303803366 0.0281984508 -0.00706343539
    endloop
  endfacet
  facet normal -0.382574052 0.890456736 -0.246422157
    outer loop
      vertex 0.0291711744 0.0273386296 -0.00829319283
      vertex 0.0303803366 0.0281984508 -0.00706343539
      vertex 0.0303803328 0.0278178956 -0.0084385816
    endloop
  endfacet
  facet normal 0.382594496 0.901467085 -0.202431172
    outer loop
      vertex 0.0303803366 0.0281984508 -0.00706343539
      vertex 0.0303803403 0.0285110697 -0.00567127299
      vertex 0.0315894894 0.0280198324 -0.00557356281
    endloop
  endfacet
  facet normal 0.382595301 0.901466668 -0.202431887
    outer loop
      vertex 0.0303803366 0.0281984508 -0.00706343539
      vertex 0.0315894894 0.0280198324 -0.00557356281
      vertex 0.0315894857 0.0277125984 -0.00694173994
    endloop
  endfacet
  facet normal 0.923843682 0.373468935 -0.0838676393
    outer loop
      vertex 0.0315894857 0.0277125984 -0.00694173994
      vertex 0.0315894894 0.0280198324 -0.00557356281
      vertex 0.0320903212 0.0268339068 -0.00533766905
    endloop
  endfacet
  facet normal 0.923843563 0.373469353 -0.0838673711
    outer loop
      vertex 0.0315894857 0.0277125984 -0.00694173994
      vertex 0.0320903212 0.0268339068 -0.00533766905
      vertex 0.0320903175 0.0265396778 -0.00664793979
    endloop
  endfacet
  facet normal 0.923834324 -0.37349236 0.0838672817
    outer loop
      vertex 0.0320903175 0.0265396778 -0.00664793979
      vertex 0.0320903212 0.0268339068 -0.00533766905
      vertex 0.0315894596 0.0256479941 -0.00510177528
    endloop
  endfacet
  facet normal 0.923834383 -0.373491853 0.0838676244
    outer loop
      vertex 0.0320903175 0.0265396778 -0.00664793979
      vertex 0.0315894596 0.0256479941 -0.00510177528
      vertex 0.0315894559 0.0253667664 -0.00635413965
    endloop
  endfacet
  facet normal 0.382573038 -0.901476026 0.202432021
    outer loop
      vertex 0.0315894559 0.0253667664 -0.00635413965
      vertex 0.0315894596 0.0256479941 -0.00510177528
      vertex 0.0303803012 0.0251567867 -0.00500406511
    endloop
  endfacet
  facet normal 0.382573843 -0.901475549 0.202432826
    outer loop
      vertex 0.0315894559 0.0253667664 -0.00635413965
      vertex 0.0303803012 0.0251567867 -0.00500406511
      vertex 0.0303802975 0.0248809438 -0.00623244373
    endloop
  endfacet
  facet normal -0.382595032 -0.901466548 0.202433124
    outer loop
      vertex 0.0303802975 0.0248809438 -0.00623244373
      vertex 0.0303803012 0.0251567867 -0.00500406511
      vertex 0.0291711539 0.0256480239 -0.00510177528
    endloop
  endfacet
  facet normal -0.382594675 -0.901466608 0.202433512
    outer loop
      vertex 0.0303802975 0.0248809438 -0.00623244373
      vertex 0.0291711539 0.0256480239 -0.00510177528
      vertex 0.0291711502 0.0253667943 -0.00635413965
    endloop
  endfacet
  facet normal -0.923842967 -0.373470396 0.0838688686
    outer loop
      vertex 0.0291711502 0.0253667943 -0.00635413965
      vertex 0.0291711539 0.0256480239 -0.00510177528
      vertex 0.0286703203 0.0268339477 -0.00533766905
    endloop
  endfacet
  facet normal -0.92384392 -0.373468667 0.0838659257
    outer loop
      vertex 0.0291711502 0.0253667943 -0.00635413965
      vertex 0.0286703203 0.0268339477 -0.00533766905
      vertex 0.0286703184 0.0265397187 -0.00664793979
    endloop
  endfacet
  facet normal -0.923834443 0.373491615 -0.0838684291
    outer loop
      vertex 0.0286703184 0.0265397187 -0.00664793979
      vertex 0.0286703203 0.0268339477 -0.00533766905
      vertex 0.0291711818 0.0280198622 -0.00557356281
    endloop
  endfacet
  facet normal -0.923834562 0.373491496 -0.0838681906
    outer loop
      vertex 0.0286703184 0.0265397187 -0.00664793979
      vertex 0.0291711818 0.0280198622 -0.00557356281
      vertex 0.0291711781 0.0277126264 -0.00694173994
    endloop
  endfacet
  facet normal -0.382573068 0.901475847 -0.20243305
    outer loop
      vertex 0.0291711781 0.0277126264 -0.00694173994
      vertex 0.0291711818 0.0280198622 -0.00557356281
      vertex 0.0303803403 0.0285110697 -0.00567127299
    endloop
  endfacet
  facet normal -0.382574946 0.90147543 -0.202431023
    outer loop
      vertex 0.0291711781 0.0277126264 -0.00694173994
      vertex 0.0303803403 0.0285110697 -0.00567127299
      vertex 0.0303803366 0.0281984508 -0.00706343539
    endloop
  endfacet
  facet normal 0.382596433 0.91031301 -0.157956675
    outer loop
      vertex 0.0303803403 0.0285110697 -0.00567127299
      vertex 0.030380344 0.0287550054 -0.00426544901
      vertex 0.0315894894 0.0282595642 -0.00419195974
    endloop
  endfacet
  facet normal 0.382594615 0.910313964 -0.157955036
    outer loop
      vertex 0.0303803403 0.0285110697 -0.00567127299
      vertex 0.0315894894 0.0282595642 -0.00419195974
      vertex 0.0315894894 0.0280198324 -0.00557356281
    endloop
  endfacet
  facet normal 0.923842669 0.377137035 -0.0654397234
    outer loop
      vertex 0.0315894894 0.0280198324 -0.00557356281
      vertex 0.0315894894 0.0282595642 -0.00419195974
      vertex 0.0320903249 0.0270634927 -0.00401454
    endloop
  endfacet
  facet normal 0.923843801 0.377134055 -0.0654419214
    outer loop
      vertex 0.0315894894 0.0280198324 -0.00557356281
      vertex 0.0320903249 0.0270634927 -0.00401454
      vertex 0.0320903212 0.0268339068 -0.00533766905
    endloop
  endfacet
  facet normal 0.923834443 -0.377157182 0.0654407293
    outer loop
      vertex 0.0320903212 0.0268339068 -0.00533766905
      vertex 0.0320903249 0.0270634927 -0.00401454
      vertex 0.0315894634 0.0258674324 -0.00383712095
    endloop
  endfacet
  facet normal 0.923834205 -0.377157718 0.0654403418
    outer loop
      vertex 0.0320903212 0.0268339068 -0.00533766905
      vertex 0.0315894634 0.0258674324 -0.00383712095
      vertex 0.0315894596 0.0256479941 -0.00510177528
    endloop
  endfacet
  facet normal 0.382573277 -0.910323024 0.157954827
    outer loop
      vertex 0.0315894596 0.0256479941 -0.00510177528
      vertex 0.0315894634 0.0258674324 -0.00383712095
      vertex 0.030380303 0.0253720209 -0.00376363168
    endloop
  endfacet
  facet normal 0.382572949 -0.910323203 0.157954484
    outer loop
      vertex 0.0315894596 0.0256479941 -0.00510177528
      vertex 0.030380303 0.0253720209 -0.00376363168
      vertex 0.0303803012 0.0251567867 -0.00500406511
    endloop
  endfacet
  facet normal -0.382596463 -0.910313427 0.157953948
    outer loop
      vertex 0.0303803012 0.0251567867 -0.00500406511
      vertex 0.030380303 0.0253720209 -0.00376363168
      vertex 0.0291711576 0.0258674622 -0.00383712095
    endloop
  endfacet
  facet normal -0.382595092 -0.910313666 0.157955438
    outer loop
      vertex 0.0303803012 0.0251567867 -0.00500406511
      vertex 0.0291711576 0.0258674622 -0.00383712095
      vertex 0.0291711539 0.0256480239 -0.00510177528
    endloop
  endfacet
  facet normal -0.923843086 -0.377135515 0.0654419065
    outer loop
      vertex 0.0291711539 0.0256480239 -0.00510177528
      vertex 0.0291711576 0.0258674622 -0.00383712095
      vertex 0.028670324 0.0270635337 -0.00401454
    endloop
  endfacet
  facet normal -0.923843026 -0.377135694 0.0654422194
    outer loop
      vertex 0.0291711539 0.0256480239 -0.00510177528
      vertex 0.028670324 0.0270635337 -0.00401454
      vertex 0.0286703203 0.0268339477 -0.00533766905
    endloop
  endfacet
  facet normal -0.923834383 0.377157122 -0.0654407293
    outer loop
      vertex 0.0286703203 0.0268339477 -0.00533766905
      vertex 0.028670324 0.0270635337 -0.00401454
      vertex 0.0291711856 0.028259594 -0.00419195928
    endloop
  endfacet
  facet normal -0.923834443 0.377157152 -0.0654407144
    outer loop
      vertex 0.0286703203 0.0268339477 -0.00533766905
      vertex 0.0291711856 0.028259594 -0.00419195928
      vertex 0.0291711818 0.0280198622 -0.00557356281
    endloop
  endfacet
  facet normal -0.382573843 0.910322726 -0.157955468
    outer loop
      vertex 0.0291711818 0.0280198622 -0.00557356281
      vertex 0.0291711856 0.028259594 -0.00419195928
      vertex 0.030380344 0.0287550054 -0.00426544901
    endloop
  endfacet
  facet normal -0.382572949 0.910322845 -0.157956347
    outer loop
      vertex 0.0291711818 0.0280198622 -0.00557356281
      vertex 0.030380344 0.0287550054 -0.00426544901
      vertex 0.0303803403 0.0285110697 -0.00567127299
    endloop
  endfacet
  facet normal 0.38259542 0.91696775 -0.113096826
    outer loop
      vertex 0.030380344 0.0287550054 -0.00426544901
      vertex 0.0303803459 0.0289296601 -0.00284937583
      vertex 0.0315894932 0.0284312107 -0.00280028395
    endloop
  endfacet
  facet normal 0.382596552 0.916967213 -0.113097914
    outer loop
      vertex 0.030380344 0.0287550054 -0.00426544901
      vertex 0.0315894932 0.0284312107 -0.00280028395
      vertex 0.0315894894 0.0282595642 -0.00419195974
    endloop
  endfacet
  facet normal 0.923843741 0.37989071 -0.0468574278
    outer loop
      vertex 0.0315894894 0.0282595642 -0.00419195974
      vertex 0.0315894932 0.0284312107 -0.00280028395
      vertex 0.0320903249 0.027227873 -0.00268176547
    endloop
  endfacet
  facet normal 0.923842669 0.379893839 -0.0468549207
    outer loop
      vertex 0.0315894894 0.0282595642 -0.00419195974
      vertex 0.0320903249 0.027227873 -0.00268176547
      vertex 0.0320903249 0.0270634927 -0.00401454
    endloop
  endfacet
  facet normal 0.923834264 -0.379913777 0.0468573943
    outer loop
      vertex 0.0320903249 0.0270634927 -0.00401454
      vertex 0.0320903249 0.027227873 -0.00268176547
      vertex 0.0315894634 0.0260245483 -0.00256324699
    endloop
  endfacet
  facet normal 0.923834383 -0.379913747 0.0468574725
    outer loop
      vertex 0.0320903249 0.0270634927 -0.00401454
      vertex 0.0315894634 0.0260245483 -0.00256324699
      vertex 0.0315894634 0.0258674324 -0.00383712095
    endloop
  endfacet
  facet normal 0.382573128 -0.916977048 0.113097332
    outer loop
      vertex 0.0315894634 0.0258674324 -0.00383712095
      vertex 0.0315894634 0.0260245483 -0.00256324699
      vertex 0.0303803049 0.0255261287 -0.00251415512
    endloop
  endfacet
  facet normal 0.382573158 -0.916976929 0.113097422
    outer loop
      vertex 0.0315894634 0.0258674324 -0.00383712095
      vertex 0.0303803049 0.0255261287 -0.00251415512
      vertex 0.030380303 0.0253720209 -0.00376363168
    endloop
  endfacet
  facet normal -0.382595897 -0.916967571 0.113097422
    outer loop
      vertex 0.030380303 0.0253720209 -0.00376363168
      vertex 0.0303803049 0.0255261287 -0.00251415512
      vertex 0.0291711595 0.0260245781 -0.00256324699
    endloop
  endfacet
  facet normal -0.382596523 -0.916967273 0.113096699
    outer loop
      vertex 0.030380303 0.0253720209 -0.00376363168
      vertex 0.0291711595 0.0260245781 -0.00256324699
      vertex 0.0291711576 0.0258674622 -0.00383712095
    endloop
  endfacet
  facet normal -0.923843145 -0.379892617 0.0468562208
    outer loop
      vertex 0.0291711576 0.0258674622 -0.00383712095
      vertex 0.0291711595 0.0260245781 -0.00256324699
      vertex 0.0286703259 0.027227914 -0.00268176524
    endloop
  endfacet
  facet normal -0.923843205 -0.379892468 0.0468560383
    outer loop
      vertex 0.0291711576 0.0258674622 -0.00383712095
      vertex 0.0286703259 0.027227914 -0.00268176524
      vertex 0.028670324 0.0270635337 -0.00401454
    endloop
  endfacet
  facet normal -0.923834562 0.379913419 -0.0468560494
    outer loop
      vertex 0.028670324 0.0270635337 -0.00401454
      vertex 0.0286703259 0.027227914 -0.00268176524
      vertex 0.0291711874 0.0284312405 -0.00280028395
    endloop
  endfacet
  facet normal -0.923834324 0.379913807 -0.0468565896
    outer loop
      vertex 0.028670324 0.0270635337 -0.00401454
      vertex 0.0291711874 0.0284312405 -0.00280028395
      vertex 0.0291711856 0.028259594 -0.00419195928
    endloop
  endfacet
  facet normal -0.382573128 0.916976988 -0.113097616
    outer loop
      vertex 0.0291711856 0.028259594 -0.00419195928
      vertex 0.0291711874 0.0284312405 -0.00280028395
      vertex 0.0303803459 0.0289296601 -0.00284937583
    endloop
  endfacet
  facet normal -0.382573783 0.91697681 -0.113096945
    outer loop
      vertex 0.0291711856 0.028259594 -0.00419195928
      vertex 0.0303803459 0.0289296601 -0.00284937583
      vertex 0.030380344 0.0287550054 -0.00426544901
    endloop
  endfacet
  facet normal 0.382596076 0.92141217 -0.0679688826
    outer loop
      vertex 0.0303803459 0.0289296601 -0.00284937583
      vertex 0.0303803477 0.0290346257 -0.00142641086
      vertex 0.0315894932 0.0285343677 -0.00140183524
    endloop
  endfacet
  facet normal 0.38259545 0.921412528 -0.0679682866
    outer loop
      vertex 0.0303803459 0.0289296601 -0.00284937583
      vertex 0.0315894932 0.0285343677 -0.00140183524
      vertex 0.0315894932 0.0284312107 -0.00280028395
    endloop
  endfacet
  facet normal 0.923842669 0.381735355 -0.0281588305
    outer loop
      vertex 0.0315894932 0.0284312107 -0.00280028395
      vertex 0.0315894932 0.0285343677 -0.00140183524
      vertex 0.0320903286 0.0273266658 -0.0013425044
    endloop
  endfacet
  facet normal 0.92384392 0.381732136 -0.0281617008
    outer loop
      vertex 0.0315894932 0.0284312107 -0.00280028395
      vertex 0.0320903286 0.0273266658 -0.0013425044
      vertex 0.0320903249 0.027227873 -0.00268176547
    endloop
  endfacet
  facet normal 0.923834383 -0.381755441 0.0281582586
    outer loop
      vertex 0.0320903249 0.027227873 -0.00268176547
      vertex 0.0320903286 0.0273266658 -0.0013425044
      vertex 0.0315894671 0.0261189751 -0.00128317357
    endloop
  endfacet
  facet normal 0.923834264 -0.381755501 0.0281581506
    outer loop
      vertex 0.0320903249 0.027227873 -0.00268176547
      vertex 0.0315894671 0.0261189751 -0.00128317357
      vertex 0.0315894634 0.0260245483 -0.00256324699
    endloop
  endfacet
  facet normal 0.382573843 -0.921421409 0.0679691061
    outer loop
      vertex 0.0315894634 0.0260245483 -0.00256324699
      vertex 0.0315894671 0.0261189751 -0.00128317357
      vertex 0.0303803068 0.025618745 -0.00125859783
    endloop
  endfacet
  facet normal 0.382573038 -0.921421826 0.0679682195
    outer loop
      vertex 0.0315894634 0.0260245483 -0.00256324699
      vertex 0.0303803068 0.025618745 -0.00125859783
      vertex 0.0303803049 0.0255261287 -0.00251415512
    endloop
  endfacet
  facet normal -0.382596821 -0.921411991 0.0679686144
    outer loop
      vertex 0.0303803049 0.0255261287 -0.00251415512
      vertex 0.0303803068 0.025618745 -0.00125859783
      vertex 0.0291711595 0.0261190049 -0.00128317345
    endloop
  endfacet
  facet normal -0.382595986 -0.92141223 0.0679695159
    outer loop
      vertex 0.0303803049 0.0255261287 -0.00251415512
      vertex 0.0291711595 0.0261190049 -0.00128317345
      vertex 0.0291711595 0.0260245781 -0.00256324699
    endloop
  endfacet
  facet normal -0.923843682 -0.381732881 0.0281591751
    outer loop
      vertex 0.0291711595 0.0260245781 -0.00256324699
      vertex 0.0291711595 0.0261190049 -0.00128317345
      vertex 0.0286703277 0.0273267068 -0.00134250417
    endloop
  endfacet
  facet normal -0.923843086 -0.381733984 0.0281605553
    outer loop
      vertex 0.0291711595 0.0260245781 -0.00256324699
      vertex 0.0286703277 0.0273267068 -0.00134250417
      vertex 0.0286703259 0.027227914 -0.00268176524
    endloop
  endfacet
  facet normal -0.923834383 0.381755382 -0.0281595383
    outer loop
      vertex 0.0286703259 0.027227914 -0.00268176524
      vertex 0.0286703277 0.0273267068 -0.00134250417
      vertex 0.0291711893 0.0285343975 -0.00140183512
    endloop
  endfacet
  facet normal -0.923834562 0.381754965 -0.0281590186
    outer loop
      vertex 0.0286703259 0.027227914 -0.00268176524
      vertex 0.0291711893 0.0285343975 -0.00140183512
      vertex 0.0291711874 0.0284312405 -0.00280028395
    endloop
  endfacet
  facet normal -0.382573187 0.921421707 -0.0679684505
    outer loop
      vertex 0.0291711874 0.0284312405 -0.00280028395
      vertex 0.0291711893 0.0285343975 -0.00140183512
      vertex 0.0303803477 0.0290346257 -0.00142641086
    endloop
  endfacet
  facet normal -0.382573038 0.921421766 -0.0679685995
    outer loop
      vertex 0.0291711874 0.0284312405 -0.00280028395
      vertex 0.0303803477 0.0290346257 -0.00142641086
      vertex 0.0303803459 0.0289296601 -0.00284937583
    endloop
  endfacet
  facet normal 0.382596254 0.92363745 -0.0226737075
    outer loop
      vertex 0.0303803477 0.0290346257 -0.00142641086
      vertex 0.0303803477 0.0290696416 -2.59905519e-09
      vertex 0.0315894932 0.02856878 -2.60712985e-09
    endloop
  endfacet
  facet normal 0.382596105 0.92363745 -0.0226735678
    outer loop
      vertex 0.0303803477 0.0290346257 -0.00142641086
      vertex 0.0315894932 0.02856878 -2.60712985e-09
      vertex 0.0315894932 0.0285343677 -0.00140183524
    endloop
  endfacet
  facet normal 0.923842609 0.3826572 -0.00939351786
    outer loop
      vertex 0.0315894932 0.0285343677 -0.00140183524
      vertex 0.0315894932 0.02856878 -2.60712985e-09
      vertex 0.0320903286 0.0273596216 -2.52091614e-09
    endloop
  endfacet
  facet normal 0.923842609 0.38265723 -0.00939349923
    outer loop
      vertex 0.0315894932 0.0285343677 -0.00140183524
      vertex 0.0320903286 0.0273596216 -2.52091614e-09
      vertex 0.0320903286 0.0273266658 -0.0013425044
    endloop
  endfacet
  facet normal 0.923834383 -0.382677227 0.00939397421
    outer loop
      vertex 0.0320903286 0.0273266658 -0.0013425044
      vertex 0.0320903286 0.0273596216 -2.52091614e-09
      vertex 0.0315894671 0.0261504743 -2.39091702e-09
    endloop
  endfacet
  facet normal 0.923834383 -0.382677257 0.00939392578
    outer loop
      vertex 0.0320903286 0.0273266658 -0.0013425044
      vertex 0.0315894671 0.0261504743 -2.39091702e-09
      vertex 0.0315894671 0.0261189751 -0.00128317357
    endloop
  endfacet
  facet normal 0.38257274 -0.923647165 0.0226736236
    outer loop
      vertex 0.0315894671 0.0261189751 -0.00128317357
      vertex 0.0315894671 0.0261504743 -2.39091702e-09
      vertex 0.0303803068 0.0256496426 -2.29328423e-09
    endloop
  endfacet
  facet normal 0.382573813 -0.923646629 0.022674825
    outer loop
      vertex 0.0315894671 0.0261189751 -0.00128317357
      vertex 0.0303803068 0.0256496426 -2.29328423e-09
      vertex 0.0303803068 0.025618745 -0.00125859783
    endloop
  endfacet
  facet normal -0.382596225 -0.92363745 0.0226745941
    outer loop
      vertex 0.0303803068 0.025618745 -0.00125859783
      vertex 0.0303803068 0.0256496426 -2.29328423e-09
      vertex 0.0291711614 0.0261505041 -2.28520958e-09
    endloop
  endfacet
  facet normal -0.382596791 -0.923637152 0.0226739384
    outer loop
      vertex 0.0303803068 0.025618745 -0.00125859783
      vertex 0.0291711614 0.0261505041 -2.28520958e-09
      vertex 0.0291711595 0.0261190049 -0.00128317345
    endloop
  endfacet
  facet normal -0.923843205 -0.382655978 0.00939475279
    outer loop
      vertex 0.0291711595 0.0261190049 -0.00128317345
      vertex 0.0291711614 0.0261505041 -2.28520958e-09
      vertex 0.0286703277 0.0273596626 -2.37142328e-09
    endloop
  endfacet
  facet normal -0.923843622 -0.382654786 0.00939344428
    outer loop
      vertex 0.0291711595 0.0261190049 -0.00128317345
      vertex 0.0286703277 0.0273596626 -2.37142328e-09
      vertex 0.0286703277 0.0273267068 -0.00134250417
    endloop
  endfacet
  facet normal -0.923834443 0.382677227 -0.00939397421
    outer loop
      vertex 0.0286703277 0.0273267068 -0.00134250417
      vertex 0.0286703277 0.0273596626 -2.37142328e-09
      vertex 0.0291711893 0.0285688099 -2.5014224e-09
    endloop
  endfacet
  facet normal -0.923834324 0.382677257 -0.00939401146
    outer loop
      vertex 0.0286703277 0.0273267068 -0.00134250417
      vertex 0.0291711893 0.0285688099 -2.5014224e-09
      vertex 0.0291711893 0.0285343975 -0.00140183512
    endloop
  endfacet
  facet normal -0.382573277 0.923646867 -0.0226738025
    outer loop
      vertex 0.0291711893 0.0285343975 -0.00140183512
      vertex 0.0291711893 0.0285688099 -2.5014224e-09
      vertex 0.0303803477 0.0290696416 -2.59905519e-09
    endloop
  endfacet
  facet normal -0.382573158 0.923646927 -0.0226739291
    outer loop
      vertex 0.0291711893 0.0285343975 -0.00140183512
      vertex 0.0303803477 0.0290696416 -2.59905519e-09
      vertex 0.0303803477 0.0290346257 -0.00142641086
    endloop
  endfacet
endsolid K1_hot_ring_Right_Hip_Pitch
