solid K1_red_ring_Left_Knee_Pitch
  facet normal 0.258757353 0.965651453 0.0237053633
    outer loop
      vertex 0.0266004745 0.039549686 -3.53603835e-09
      vertex 0.0266004726 0.039502047 0.00194061908
      vertex 0.0288754664 0.0388931707 0.00191070815
    endloop
  endfacet
  facet normal 0.258757412 0.965651453 0.0237053223
    outer loop
      vertex 0.0266004745 0.039549686 -3.53603835e-09
      vertex 0.0288754664 0.0388931707 0.00191070815
      vertex 0.0288754664 0.0389400758 -3.58098085e-09
    endloop
  endfacet
  facet normal 0.707009375 0.706991196 0.0173555817
    outer loop
      vertex 0.0288754664 0.0389400758 -3.58098085e-09
      vertex 0.0288754664 0.0388931707 0.00191070815
      vertex 0.0305408612 0.0372297391 0.00182899041
    endloop
  endfacet
  facet normal 0.707008541 0.706991971 0.017357029
    outer loop
      vertex 0.0288754664 0.0389400758 -3.58098085e-09
      vertex 0.0305408612 0.0372297391 0.00182899041
      vertex 0.0305408631 0.0372746401 -3.50487928e-09
    endloop
  endfacet
  facet normal 0.965909302 0.258802593 0.00635446282
    outer loop
      vertex 0.0305408631 0.0372746401 -3.50487928e-09
      vertex 0.0305408612 0.0372297391 0.00182899041
      vertex 0.0311504193 0.0349574722 0.00171736174
    endloop
  endfacet
  facet normal 0.965909541 0.258801728 0.00635324884
    outer loop
      vertex 0.0305408631 0.0372746401 -3.50487928e-09
      vertex 0.0311504193 0.0349574722 0.00171736174
      vertex 0.0311504193 0.0349996313 -3.32812444e-09
    endloop
  endfacet
  facet normal 0.965903163 -0.2588256 -0.00635383697
    outer loop
      vertex 0.0311504193 0.0349996313 -3.32812444e-09
      vertex 0.0311504193 0.0349574722 0.00171736174
      vertex 0.0305408072 0.0326852202 0.00160573318
    endloop
  endfacet
  facet normal 0.965903223 -0.258825451 -0.0063536074
    outer loop
      vertex 0.0311504193 0.0349996313 -3.32812444e-09
      vertex 0.0305408072 0.0326852202 0.00160573318
      vertex 0.0305408072 0.0327246375 -3.09807824e-09
    endloop
  endfacet
  facet normal 0.706991911 -0.7070086 -0.0173555072
    outer loop
      vertex 0.0305408072 0.0327246375 -3.09807824e-09
      vertex 0.0305408072 0.0326852202 0.00160573318
      vertex 0.0288753714 0.0310218297 0.00152401556
    endloop
  endfacet
  facet normal 0.706991553 -0.707008958 -0.0173563249
    outer loop
      vertex 0.0305408072 0.0327246375 -3.09807824e-09
      vertex 0.0288753714 0.0310218297 0.00152401556
      vertex 0.0288753714 0.0310592428 -2.87638091e-09
    endloop
  endfacet
  facet normal 0.258734584 -0.965657532 -0.0237059034
    outer loop
      vertex 0.0288753714 0.0310592428 -2.87638091e-09
      vertex 0.0288753714 0.0310218297 0.00152401556
      vertex 0.0266003646 0.0304130074 0.00149410497
    endloop
  endfacet
  facet normal 0.258734405 -0.965657532 -0.0237061605
    outer loop
      vertex 0.0288753714 0.0310592428 -2.87638091e-09
      vertex 0.0266003646 0.0304130074 0.00149410497
      vertex 0.0266003646 0.0304496866 -2.72243672e-09
    endloop
  endfacet
  facet normal -0.258758068 -0.965651274 -0.0237060059
    outer loop
      vertex 0.0266003646 0.0304496866 -2.72243672e-09
      vertex 0.0266003646 0.0304130074 0.00149410497
      vertex 0.0243253708 0.0310218856 0.0015240158
    endloop
  endfacet
  facet normal -0.258758128 -0.965651214 -0.0237060357
    outer loop
      vertex 0.0266003646 0.0304496866 -2.72243672e-09
      vertex 0.0243253708 0.0310218856 0.0015240158
      vertex 0.0243253727 0.0310592987 -2.67749423e-09
    endloop
  endfacet
  facet normal -0.707009315 -0.706991136 -0.017356772
    outer loop
      vertex 0.0243253727 0.0310592987 -2.67749423e-09
      vertex 0.0243253708 0.0310218856 0.0015240158
      vertex 0.022659976 0.0326853171 0.00160573353
    endloop
  endfacet
  facet normal -0.7070086 -0.70699203 -0.0173550602
    outer loop
      vertex 0.0243253727 0.0310592987 -2.67749423e-09
      vertex 0.022659976 0.0326853171 0.00160573353
      vertex 0.022659976 0.0327247344 -2.75359602e-09
    endloop
  endfacet
  facet normal -0.965909362 -0.258802623 -0.00635303603
    outer loop
      vertex 0.022659976 0.0327247344 -2.75359602e-09
      vertex 0.022659976 0.0326853171 0.00160573353
      vertex 0.022050418 0.034957584 0.0017173622
    endloop
  endfacet
  facet normal -0.965909541 -0.258801699 -0.00635428773
    outer loop
      vertex 0.022659976 0.0327247344 -2.75359602e-09
      vertex 0.022050418 0.034957584 0.0017173622
      vertex 0.0220504198 0.0349997431 -2.93035063e-09
    endloop
  endfacet
  facet normal -0.965903163 0.25882566 0.00635279063
    outer loop
      vertex 0.0220504198 0.0349997431 -2.93035063e-09
      vertex 0.022050418 0.034957584 0.0017173622
      vertex 0.0226600301 0.037229836 0.00182899076
    endloop
  endfacet
  facet normal -0.965903223 0.258825421 0.00635306584
    outer loop
      vertex 0.0220504198 0.0349997431 -2.93035063e-09
      vertex 0.0226600301 0.037229836 0.00182899076
      vertex 0.0226600319 0.0372747369 -3.16039706e-09
    endloop
  endfacet
  facet normal -0.706991196 0.707009375 0.0173560232
    outer loop
      vertex 0.0226600319 0.0372747369 -3.16039706e-09
      vertex 0.0226600301 0.037229836 0.00182899076
      vertex 0.0243254658 0.0388932228 0.00191070838
    endloop
  endfacet
  facet normal -0.706991196 0.707009435 0.0173560325
    outer loop
      vertex 0.0226600319 0.0372747369 -3.16039706e-09
      vertex 0.0243254658 0.0388932228 0.00191070838
      vertex 0.0243254658 0.0389401279 -3.38209416e-09
    endloop
  endfacet
  facet normal -0.258735299 0.965657294 0.0237054508
    outer loop
      vertex 0.0243254658 0.0389401279 -3.38209416e-09
      vertex 0.0243254658 0.0388932228 0.00191070838
      vertex 0.0266004726 0.039502047 0.00194061908
    endloop
  endfacet
  facet normal -0.258734971 0.965657413 0.0237050056
    outer loop
      vertex 0.0243254658 0.0389401279 -3.38209416e-09
      vertex 0.0266004726 0.039502047 0.00194061908
      vertex 0.0266004745 0.039549686 -3.53603835e-09
    endloop
  endfacet
  facet normal 0.258757293 0.963325083 0.0710593909
    outer loop
      vertex 0.0266004726 0.039502047 0.00194061908
      vertex 0.0266004726 0.0393592417 0.00387657573
      vertex 0.0288754646 0.038752567 0.00381682604
    endloop
  endfacet
  facet normal 0.258757323 0.963325083 0.0710593686
    outer loop
      vertex 0.0266004726 0.039502047 0.00194061908
      vertex 0.0288754646 0.038752567 0.00381682604
      vertex 0.0288754664 0.0388931707 0.00191070815
    endloop
  endfacet
  facet normal 0.707008362 0.705288947 0.0520259067
    outer loop
      vertex 0.0288754664 0.0388931707 0.00191070815
      vertex 0.0288754646 0.038752567 0.00381682604
      vertex 0.0305408612 0.0370951518 0.00365358707
    endloop
  endfacet
  facet normal 0.707009315 0.705287993 0.0520239733
    outer loop
      vertex 0.0288754664 0.0388931707 0.00191070815
      vertex 0.0305408612 0.0370951518 0.00365358707
      vertex 0.0305408612 0.0372297391 0.00182899041
    endloop
  endfacet
  facet normal 0.9659096 0.258178055 0.0190439261
    outer loop
      vertex 0.0305408612 0.0372297391 0.00182899041
      vertex 0.0305408612 0.0370951518 0.00365358707
      vertex 0.0311504174 0.0348310955 0.00343059795
    endloop
  endfacet
  facet normal 0.965909302 0.258179069 0.0190456063
    outer loop
      vertex 0.0305408612 0.0372297391 0.00182899041
      vertex 0.0311504174 0.0348310955 0.00343059795
      vertex 0.0311504193 0.0349574722 0.00171736174
    endloop
  endfacet
  facet normal 0.965903163 -0.258202136 -0.0190452114
    outer loop
      vertex 0.0311504193 0.0349574722 0.00171736174
      vertex 0.0311504174 0.0348310955 0.00343059795
      vertex 0.0305408053 0.0325670578 0.00320760906
    endloop
  endfacet
  facet normal 0.965903163 -0.258202106 -0.0190451983
    outer loop
      vertex 0.0311504193 0.0349574722 0.00171736174
      vertex 0.0305408053 0.0325670578 0.00320760906
      vertex 0.0305408072 0.0326852202 0.00160573318
    endloop
  endfacet
  facet normal 0.70699209 -0.705305219 -0.0520260632
    outer loop
      vertex 0.0305408072 0.0326852202 0.00160573318
      vertex 0.0305408053 0.0325670578 0.00320760906
      vertex 0.0288753714 0.0309096817 0.00304436986
    endloop
  endfacet
  facet normal 0.706991971 -0.705305338 -0.0520263873
    outer loop
      vertex 0.0305408072 0.0326852202 0.00160573318
      vertex 0.0288753714 0.0309096817 0.00304436986
      vertex 0.0288753714 0.0310218297 0.00152401556
    endloop
  endfacet
  facet normal 0.258734167 -0.963331342 -0.0710595399
    outer loop
      vertex 0.0288753714 0.0310218297 0.00152401556
      vertex 0.0288753714 0.0309096817 0.00304436986
      vertex 0.0266003627 0.030303061 0.00298462017
    endloop
  endfacet
  facet normal 0.258734614 -0.963331223 -0.0710588545
    outer loop
      vertex 0.0288753714 0.0310218297 0.00152401556
      vertex 0.0266003627 0.030303061 0.00298462017
      vertex 0.0266003646 0.0304130074 0.00149410497
    endloop
  endfacet
  facet normal -0.258758008 -0.963324845 -0.0710590184
    outer loop
      vertex 0.0266003646 0.0304130074 0.00149410497
      vertex 0.0266003627 0.030303061 0.00298462017
      vertex 0.0243253708 0.0309097376 0.0030443701
    endloop
  endfacet
  facet normal -0.258758068 -0.963324904 -0.0710590705
    outer loop
      vertex 0.0266003646 0.0304130074 0.00149410497
      vertex 0.0243253708 0.0309097376 0.0030443701
      vertex 0.0243253708 0.0310218856 0.0015240158
    endloop
  endfacet
  facet normal -0.70700866 -0.705288649 -0.0520251803
    outer loop
      vertex 0.0243253708 0.0310218856 0.0015240158
      vertex 0.0243253708 0.0309097376 0.0030443701
      vertex 0.0226599742 0.0325671546 0.00320760929
    endloop
  endfacet
  facet normal -0.707009315 -0.705287874 -0.0520264469
    outer loop
      vertex 0.0243253708 0.0310218856 0.0015240158
      vertex 0.0226599742 0.0325671546 0.00320760929
      vertex 0.022659976 0.0326853171 0.00160573353
    endloop
  endfacet
  facet normal -0.9659096 -0.258178294 -0.019045664
    outer loop
      vertex 0.022659976 0.0326853171 0.00160573353
      vertex 0.0226599742 0.0325671546 0.00320760929
      vertex 0.022050418 0.0348312072 0.00343059818
    endloop
  endfacet
  facet normal -0.965909302 -0.258179128 -0.0190445688
    outer loop
      vertex 0.022659976 0.0326853171 0.00160573353
      vertex 0.022050418 0.0348312072 0.00343059818
      vertex 0.022050418 0.034957584 0.0017173622
    endloop
  endfacet
  facet normal -0.965903342 0.258201659 0.0190462302
    outer loop
      vertex 0.022050418 0.034957584 0.0017173622
      vertex 0.022050418 0.0348312072 0.00343059818
      vertex 0.0226600301 0.0370952487 0.00365358731
    endloop
  endfacet
  facet normal -0.965903223 0.258202106 0.0190456845
    outer loop
      vertex 0.022050418 0.034957584 0.0017173622
      vertex 0.0226600301 0.0370952487 0.00365358731
      vertex 0.0226600301 0.037229836 0.00182899076
    endloop
  endfacet
  facet normal -0.706990957 0.705306411 0.0520253554
    outer loop
      vertex 0.0226600301 0.037229836 0.00182899076
      vertex 0.0226600301 0.0370952487 0.00365358731
      vertex 0.0243254639 0.0387526192 0.00381682627
    endloop
  endfacet
  facet normal -0.706991196 0.705306172 0.0520258099
    outer loop
      vertex 0.0226600301 0.037229836 0.00182899076
      vertex 0.0243254639 0.0387526192 0.00381682627
      vertex 0.0243254658 0.0388932228 0.00191070838
    endloop
  endfacet
  facet normal -0.258734882 0.963331044 0.0710592791
    outer loop
      vertex 0.0243254658 0.0388932228 0.00191070838
      vertex 0.0243254639 0.0387526192 0.00381682627
      vertex 0.0266004726 0.0393592417 0.00387657573
    endloop
  endfacet
  facet normal -0.258735359 0.963330984 0.0710598305
    outer loop
      vertex 0.0243254658 0.0388932228 0.00191070838
      vertex 0.0266004726 0.0393592417 0.00387657573
      vertex 0.0266004726 0.039502047 0.00194061908
    endloop
  endfacet
  facet normal 0.258757234 0.958677948 0.11824245
    outer loop
      vertex 0.0266004726 0.0393592417 0.00387657573
      vertex 0.0266004689 0.0391216166 0.00580318412
      vertex 0.0288754627 0.0385186039 0.0057137399
    endloop
  endfacet
  facet normal 0.258757204 0.958677888 0.118242465
    outer loop
      vertex 0.0266004726 0.0393592417 0.00387657573
      vertex 0.0288754627 0.0385186039 0.0057137399
      vertex 0.0288754646 0.038752567 0.00381682604
    endloop
  endfacet
  facet normal 0.707008719 0.701886177 0.0865705088
    outer loop
      vertex 0.0288754646 0.038752567 0.00381682604
      vertex 0.0288754627 0.0385186039 0.0057137399
      vertex 0.0305408575 0.0368711948 0.00546937343
    endloop
  endfacet
  facet normal 0.707008302 0.701886594 0.0865713134
    outer loop
      vertex 0.0288754646 0.038752567 0.00381682604
      vertex 0.0305408575 0.0368711948 0.00546937343
      vertex 0.0305408612 0.0370951518 0.00365358707
    endloop
  endfacet
  facet normal 0.965909302 0.256933302 0.0316918381
    outer loop
      vertex 0.0305408612 0.0370951518 0.00365358707
      vertex 0.0305408575 0.0368711948 0.00546937343
      vertex 0.0311504155 0.0346208103 0.00513556134
    endloop
  endfacet
  facet normal 0.96590966 0.256932467 0.0316903554
    outer loop
      vertex 0.0305408612 0.0370951518 0.00365358707
      vertex 0.0311504155 0.0346208103 0.00513556134
      vertex 0.0311504174 0.0348310955 0.00343059795
    endloop
  endfacet
  facet normal 0.965903223 -0.256956667 -0.0316912197
    outer loop
      vertex 0.0311504174 0.0348310955 0.00343059795
      vertex 0.0311504155 0.0346208103 0.00513556134
      vertex 0.0305408034 0.0323704407 0.00480174972
    endloop
  endfacet
  facet normal 0.965903163 -0.256956577 -0.0316912159
    outer loop
      vertex 0.0311504174 0.0348310955 0.00343059795
      vertex 0.0305408034 0.0323704407 0.00480174972
      vertex 0.0305408053 0.0325670578 0.00320760906
    endloop
  endfacet
  facet normal 0.706991732 -0.701903343 -0.0865700841
    outer loop
      vertex 0.0305408053 0.0325670578 0.00320760906
      vertex 0.0305408034 0.0323704407 0.00480174972
      vertex 0.0288753677 0.0307230707 0.00455738325
    endloop
  endfacet
  facet normal 0.706992209 -0.701902986 -0.0865690857
    outer loop
      vertex 0.0305408053 0.0325670578 0.00320760906
      vertex 0.0288753677 0.0307230707 0.00455738325
      vertex 0.0288753714 0.0309096817 0.00304436986
    endloop
  endfacet
  facet normal 0.258734614 -0.958684206 -0.118240878
    outer loop
      vertex 0.0288753714 0.0309096817 0.00304436986
      vertex 0.0288753677 0.0307230707 0.00455738325
      vertex 0.0266003609 0.030120112 0.00446793856
    endloop
  endfacet
  facet normal 0.258734196 -0.958684206 -0.118241526
    outer loop
      vertex 0.0288753714 0.0309096817 0.00304436986
      vertex 0.0266003609 0.030120112 0.00446793856
      vertex 0.0266003627 0.030303061 0.00298462017
    endloop
  endfacet
  facet normal -0.258757442 -0.958678007 -0.118241414
    outer loop
      vertex 0.0266003627 0.030303061 0.00298462017
      vertex 0.0266003609 0.030120112 0.00446793856
      vertex 0.0243253689 0.0307231247 0.00455738325
    endloop
  endfacet
  facet normal -0.258758008 -0.958677828 -0.118242219
    outer loop
      vertex 0.0266003627 0.030303061 0.00298462017
      vertex 0.0243253689 0.0307231247 0.00455738325
      vertex 0.0243253708 0.0309097376 0.0030443701
    endloop
  endfacet
  facet normal -0.707009077 -0.701885819 -0.0865704343
    outer loop
      vertex 0.0243253708 0.0309097376 0.0030443701
      vertex 0.0243253689 0.0307231247 0.00455738325
      vertex 0.0226599723 0.0323705375 0.00480175018
    endloop
  endfacet
  facet normal -0.707008719 -0.701886296 -0.0865696222
    outer loop
      vertex 0.0243253708 0.0309097376 0.0030443701
      vertex 0.0226599723 0.0323705375 0.00480175018
      vertex 0.0226599742 0.0325671546 0.00320760929
    endloop
  endfacet
  facet normal -0.965909302 -0.256933451 -0.0316906162
    outer loop
      vertex 0.0226599742 0.0325671546 0.00320760929
      vertex 0.0226599723 0.0323705375 0.00480175018
      vertex 0.0220504142 0.0346209221 0.00513556181
    endloop
  endfacet
  facet normal -0.965909541 -0.256932735 -0.0316914394
    outer loop
      vertex 0.0226599742 0.0325671546 0.00320760929
      vertex 0.0220504142 0.0346209221 0.00513556181
      vertex 0.022050418 0.0348312072 0.00343059818
    endloop
  endfacet
  facet normal -0.965903223 0.256956756 0.0316901803
    outer loop
      vertex 0.022050418 0.0348312072 0.00343059818
      vertex 0.0220504142 0.0346209221 0.00513556181
      vertex 0.0226600263 0.0368712917 0.00546937343
    endloop
  endfacet
  facet normal -0.965903282 0.256956279 0.0316907093
    outer loop
      vertex 0.022050418 0.0348312072 0.00343059818
      vertex 0.0226600263 0.0368712917 0.00546937343
      vertex 0.0226600301 0.0370952487 0.00365358731
    endloop
  endfacet
  facet normal -0.70699054 0.701904416 0.0865706429
    outer loop
      vertex 0.0226600301 0.0370952487 0.00365358731
      vertex 0.0226600263 0.0368712917 0.00546937343
      vertex 0.0243254621 0.038518656 0.00571374036
    endloop
  endfacet
  facet normal -0.706991017 0.701903999 0.0865712687
    outer loop
      vertex 0.0226600301 0.0370952487 0.00365358731
      vertex 0.0243254621 0.038518656 0.00571374036
      vertex 0.0243254639 0.0387526192 0.00381682627
    endloop
  endfacet
  facet normal -0.258735299 0.958683848 0.118242666
    outer loop
      vertex 0.0243254639 0.0387526192 0.00381682627
      vertex 0.0243254621 0.038518656 0.00571374036
      vertex 0.0266004689 0.0391216166 0.00580318412
    endloop
  endfacet
  facet normal -0.258734941 0.958684027 0.118242204
    outer loop
      vertex 0.0243254639 0.0387526192 0.00381682627
      vertex 0.0266004689 0.0391216166 0.00580318412
      vertex 0.0266004726 0.0393592417 0.00387657573
    endloop
  endfacet
  facet normal 0.258757323 0.951721251 0.165140226
    outer loop
      vertex 0.0266004689 0.0391216166 0.00580318412
      vertex 0.0266004652 0.0387897417 0.00771582173
      vertex 0.028875459 0.0381918438 0.00759689743
    endloop
  endfacet
  facet normal 0.258757144 0.951721311 0.165140465
    outer loop
      vertex 0.0266004689 0.0391216166 0.00580318412
      vertex 0.028875459 0.0381918438 0.00759689743
      vertex 0.0288754627 0.0385186039 0.0057137399
    endloop
  endfacet
  facet normal 0.707008123 0.696793318 0.120906979
    outer loop
      vertex 0.0288754627 0.0385186039 0.0057137399
      vertex 0.028875459 0.0381918438 0.00759689743
      vertex 0.0305408537 0.036558412 0.00727199158
    endloop
  endfacet
  facet normal 0.70700866 0.69679302 0.120906055
    outer loop
      vertex 0.0288754627 0.0385186039 0.0057137399
      vertex 0.0305408537 0.036558412 0.00727199158
      vertex 0.0305408575 0.0368711948 0.00546937343
    endloop
  endfacet
  facet normal 0.965909302 0.255069047 0.0442605168
    outer loop
      vertex 0.0305408575 0.0368711948 0.00546937343
      vertex 0.0305408537 0.036558412 0.00727199158
      vertex 0.0311504118 0.0343271196 0.00682816049
    endloop
  endfacet
  facet normal 0.965909302 0.255068958 0.0442602932
    outer loop
      vertex 0.0305408575 0.0368711948 0.00546937343
      vertex 0.0311504118 0.0343271196 0.00682816049
      vertex 0.0311504155 0.0346208103 0.00513556134
    endloop
  endfacet
  facet normal 0.965903342 -0.255091786 -0.0442600287
    outer loop
      vertex 0.0311504155 0.0346208103 0.00513556134
      vertex 0.0311504118 0.0343271196 0.00682816049
      vertex 0.0305407997 0.0320958346 0.00638432987
    endloop
  endfacet
  facet normal 0.965903223 -0.255092114 -0.0442607775
    outer loop
      vertex 0.0311504155 0.0346208103 0.00513556134
      vertex 0.0305407997 0.0320958346 0.00638432987
      vertex 0.0305408034 0.0323704407 0.00480174972
    endloop
  endfacet
  facet normal 0.706991613 -0.696810007 -0.120907366
    outer loop
      vertex 0.0305408034 0.0323704407 0.00480174972
      vertex 0.0305407997 0.0320958346 0.00638432987
      vertex 0.0288753659 0.030462442 0.00605942355
    endloop
  endfacet
  facet normal 0.706991792 -0.696809888 -0.120907158
    outer loop
      vertex 0.0305408034 0.0323704407 0.00480174972
      vertex 0.0288753659 0.030462442 0.00605942355
      vertex 0.0288753677 0.0307230707 0.00455738325
    endloop
  endfacet
  facet normal 0.258734643 -0.95172745 -0.165140077
    outer loop
      vertex 0.0288753677 0.0307230707 0.00455738325
      vertex 0.0288753659 0.030462442 0.00605942355
      vertex 0.0266003571 0.0298645981 0.00594049972
    endloop
  endfacet
  facet normal 0.258734703 -0.95172739 -0.165139943
    outer loop
      vertex 0.0288753677 0.0307230707 0.00455738325
      vertex 0.0266003571 0.0298645981 0.00594049972
      vertex 0.0266003609 0.030120112 0.00446793856
    endloop
  endfacet
  facet normal -0.258757502 -0.951721251 -0.165140167
    outer loop
      vertex 0.0266003609 0.030120112 0.00446793856
      vertex 0.0266003571 0.0298645981 0.00594049972
      vertex 0.0243253652 0.030462496 0.00605942355
    endloop
  endfacet
  facet normal -0.258757353 -0.951721251 -0.165139958
    outer loop
      vertex 0.0266003609 0.030120112 0.00446793856
      vertex 0.0243253652 0.030462496 0.00605942355
      vertex 0.0243253689 0.0307231247 0.00455738325
    endloop
  endfacet
  facet normal -0.70700866 -0.69679296 -0.12090683
    outer loop
      vertex 0.0243253689 0.0307231247 0.00455738325
      vertex 0.0243253652 0.030462496 0.00605942355
      vertex 0.0226599686 0.0320959315 0.00638433034
    endloop
  endfacet
  facet normal -0.707009077 -0.696792305 -0.12090759
    outer loop
      vertex 0.0243253689 0.0307231247 0.00455738325
      vertex 0.0226599686 0.0320959315 0.00638433034
      vertex 0.0226599723 0.0323705375 0.00480175018
    endloop
  endfacet
  facet normal -0.965909481 -0.255068541 -0.0442612395
    outer loop
      vertex 0.0226599723 0.0323705375 0.00480175018
      vertex 0.0226599686 0.0320959315 0.00638433034
      vertex 0.0220504105 0.0343272276 0.00682816096
    endloop
  endfacet
  facet normal -0.965909302 -0.255068868 -0.0442608707
    outer loop
      vertex 0.0226599723 0.0323705375 0.00480175018
      vertex 0.0220504105 0.0343272276 0.00682816096
      vertex 0.0220504142 0.0346209221 0.00513556181
    endloop
  endfacet
  facet normal -0.965903163 0.255092025 0.0442606285
    outer loop
      vertex 0.0220504142 0.0346209221 0.00513556181
      vertex 0.0220504105 0.0343272276 0.00682816096
      vertex 0.0226600226 0.0365585089 0.00727199158
    endloop
  endfacet
  facet normal -0.965903223 0.255092144 0.0442605391
    outer loop
      vertex 0.0220504142 0.0346209221 0.00513556181
      vertex 0.0226600226 0.0365585089 0.00727199158
      vertex 0.0226600263 0.0368712917 0.00546937343
    endloop
  endfacet
  facet normal -0.706990838 0.696810961 0.120906286
    outer loop
      vertex 0.0226600263 0.0368712917 0.00546937343
      vertex 0.0226600226 0.0365585089 0.00727199158
      vertex 0.0243254583 0.0381918997 0.00759689789
    endloop
  endfacet
  facet normal -0.706990659 0.696811259 0.120905943
    outer loop
      vertex 0.0226600263 0.0368712917 0.00546937343
      vertex 0.0243254583 0.0381918997 0.00759689789
      vertex 0.0243254621 0.038518656 0.00571374036
    endloop
  endfacet
  facet normal -0.258734077 0.951727808 0.165138692
    outer loop
      vertex 0.0243254621 0.038518656 0.00571374036
      vertex 0.0243254583 0.0381918997 0.00759689789
      vertex 0.0266004652 0.0387897417 0.00771582173
    endloop
  endfacet
  facet normal -0.258735389 0.951727211 0.165140226
    outer loop
      vertex 0.0243254621 0.038518656 0.00571374036
      vertex 0.0266004652 0.0387897417 0.00771582173
      vertex 0.0266004689 0.0391216166 0.00580318412
    endloop
  endfacet
  facet normal 0.258756816 0.942472041 0.211639598
    outer loop
      vertex 0.0266004652 0.0387897417 0.00771582173
      vertex 0.0266004596 0.0383644216 0.0096098613
      vertex 0.0288754534 0.0377730802 0.00946174469
    endloop
  endfacet
  facet normal 0.258757234 0.9424721 0.211639017
    outer loop
      vertex 0.0266004652 0.0387897417 0.00771582173
      vertex 0.0288754534 0.0377730802 0.00946174469
      vertex 0.028875459 0.0381918438 0.00759689743
    endloop
  endfacet
  facet normal 0.707007468 0.69002223 0.154951096
    outer loop
      vertex 0.028875459 0.0381918438 0.00759689743
      vertex 0.0288754534 0.0377730802 0.00946174469
      vertex 0.03054085 0.0361575596 0.00905708224
    endloop
  endfacet
  facet normal 0.707008123 0.690021753 0.154949859
    outer loop
      vertex 0.028875459 0.0381918438 0.00759689743
      vertex 0.03054085 0.0361575596 0.00905708224
      vertex 0.0305408537 0.036558412 0.00727199158
    endloop
  endfacet
  facet normal 0.965909421 0.252589613 0.0567224696
    outer loop
      vertex 0.0305408537 0.036558412 0.00727199158
      vertex 0.03054085 0.0361575596 0.00905708224
      vertex 0.0311504081 0.0339507274 0.00850430317
    endloop
  endfacet
  facet normal 0.965909243 0.252590001 0.0567233898
    outer loop
      vertex 0.0305408537 0.036558412 0.00727199158
      vertex 0.0311504081 0.0339507274 0.00850430317
      vertex 0.0311504118 0.0343271196 0.00682816049
    endloop
  endfacet
  facet normal 0.965903103 -0.252613157 -0.0567242987
    outer loop
      vertex 0.0311504118 0.0343271196 0.00682816049
      vertex 0.0311504081 0.0339507274 0.00850430317
      vertex 0.030540796 0.0317439139 0.00795152318
    endloop
  endfacet
  facet normal 0.965903401 -0.25261271 -0.0567230955
    outer loop
      vertex 0.0311504118 0.0343271196 0.00682816049
      vertex 0.030540796 0.0317439139 0.00795152318
      vertex 0.0305407997 0.0320958346 0.00638432987
    endloop
  endfacet
  facet normal 0.706992209 -0.690038145 -0.154949665
    outer loop
      vertex 0.0305407997 0.0320958346 0.00638432987
      vertex 0.030540796 0.0317439139 0.00795152318
      vertex 0.0288753621 0.0301284287 0.00754686026
    endloop
  endfacet
  facet normal 0.706991732 -0.690038323 -0.154950708
    outer loop
      vertex 0.0305407997 0.0320958346 0.00638432987
      vertex 0.0288753621 0.0301284287 0.00754686026
      vertex 0.0288753659 0.030462442 0.00605942355
    endloop
  endfacet
  facet normal 0.258735776 -0.942478001 -0.211638704
    outer loop
      vertex 0.0288753659 0.030462442 0.00605942355
      vertex 0.0288753621 0.0301284287 0.00754686026
      vertex 0.0266003534 0.0295371376 0.00739874318
    endloop
  endfacet
  facet normal 0.258734703 -0.942477942 -0.211640447
    outer loop
      vertex 0.0288753659 0.030462442 0.00605942355
      vertex 0.0266003534 0.0295371376 0.00739874318
      vertex 0.0266003571 0.0298645981 0.00594049972
    endloop
  endfacet
  facet normal -0.258758485 -0.942471504 -0.211640313
    outer loop
      vertex 0.0266003571 0.0298645981 0.00594049972
      vertex 0.0266003534 0.0295371376 0.00739874318
      vertex 0.0243253615 0.0301284827 0.00754686026
    endloop
  endfacet
  facet normal -0.258757383 -0.9424721 -0.211638659
    outer loop
      vertex 0.0266003571 0.0298645981 0.00594049972
      vertex 0.0243253615 0.0301284827 0.00754686026
      vertex 0.0243253652 0.030462496 0.00605942355
    endloop
  endfacet
  facet normal -0.707008243 -0.690021515 -0.154950425
    outer loop
      vertex 0.0243253652 0.030462496 0.00605942355
      vertex 0.0243253615 0.0301284827 0.00754686026
      vertex 0.0226599649 0.031744007 0.00795152318
    endloop
  endfacet
  facet normal -0.707008541 -0.690021157 -0.154950932
    outer loop
      vertex 0.0243253652 0.030462496 0.00605942355
      vertex 0.0226599649 0.031744007 0.00795152318
      vertex 0.0226599686 0.0320959315 0.00638433034
    endloop
  endfacet
  facet normal -0.965909362 -0.252589822 -0.0567231625
    outer loop
      vertex 0.0226599686 0.0320959315 0.00638433034
      vertex 0.0226599649 0.031744007 0.00795152318
      vertex 0.0220504068 0.0339508355 0.00850430317
    endloop
  endfacet
  facet normal -0.965909362 -0.252589643 -0.056723319
    outer loop
      vertex 0.0226599686 0.0320959315 0.00638433034
      vertex 0.0220504068 0.0339508355 0.00850430317
      vertex 0.0220504105 0.0343272276 0.00682816096
    endloop
  endfacet
  facet normal -0.965903282 0.252612799 0.0567242317
    outer loop
      vertex 0.0220504105 0.0343272276 0.00682816096
      vertex 0.0220504068 0.0339508355 0.00850430317
      vertex 0.0226600189 0.0361576527 0.00905708317
    endloop
  endfacet
  facet normal -0.965903223 0.252612889 0.0567241758
    outer loop
      vertex 0.0220504105 0.0343272276 0.00682816096
      vertex 0.0226600189 0.0361576527 0.00905708317
      vertex 0.0226600226 0.0365585089 0.00727199158
    endloop
  endfacet
  facet normal -0.706991851 0.690038085 0.1549519
    outer loop
      vertex 0.0226600226 0.0365585089 0.00727199158
      vertex 0.0226600189 0.0361576527 0.00905708317
      vertex 0.0243254527 0.037773136 0.00946174469
    endloop
  endfacet
  facet normal -0.706990957 0.690039158 0.154950678
    outer loop
      vertex 0.0226600226 0.0365585089 0.00727199158
      vertex 0.0243254527 0.037773136 0.00946174469
      vertex 0.0243254583 0.0381918997 0.00759689789
    endloop
  endfacet
  facet normal -0.258733779 0.942478478 0.211638957
    outer loop
      vertex 0.0243254583 0.0381918997 0.00759689789
      vertex 0.0243254527 0.037773136 0.00946174469
      vertex 0.0266004596 0.0383644216 0.0096098613
    endloop
  endfacet
  facet normal -0.258734226 0.942478299 0.211639464
    outer loop
      vertex 0.0243254583 0.0381918997 0.00759689789
      vertex 0.0266004596 0.0383644216 0.0096098613
      vertex 0.0266004652 0.0387897417 0.00771582173
    endloop
  endfacet
  facet normal 0.258756876 0.930951834 0.257630408
    outer loop
      vertex 0.0266004596 0.0383644216 0.0096098613
      vertex 0.026600454 0.0378466733 0.0114807589
      vertex 0.0288754478 0.0372633114 0.0113038057
    endloop
  endfacet
  facet normal 0.258756638 0.930951893 0.257630736
    outer loop
      vertex 0.0266004596 0.0383644216 0.0096098613
      vertex 0.0288754478 0.0372633114 0.0113038057
      vertex 0.0288754534 0.0377730802 0.00946174469
    endloop
  endfacet
  facet normal 0.707007408 0.681587696 0.188623518
    outer loop
      vertex 0.0288754534 0.0377730802 0.00946174469
      vertex 0.0288754478 0.0372633114 0.0113038057
      vertex 0.0305408426 0.035669595 0.0108203618
    endloop
  endfacet
  facet normal 0.707007349 0.681587696 0.188623488
    outer loop
      vertex 0.0288754534 0.0377730802 0.00946174469
      vertex 0.0305408426 0.035669595 0.0108203618
      vertex 0.03054085 0.0361575596 0.00905708224
    endloop
  endfacet
  facet normal 0.965909243 0.249502346 0.0690506101
    outer loop
      vertex 0.03054085 0.0361575596 0.00905708224
      vertex 0.0305408426 0.035669595 0.0108203618
      vertex 0.0311504025 0.0334925465 0.0101599647
    endloop
  endfacet
  facet normal 0.965909362 0.249501884 0.0690493584
    outer loop
      vertex 0.03054085 0.0361575596 0.00905708224
      vertex 0.0311504025 0.0334925465 0.0101599647
      vertex 0.0311504081 0.0339507274 0.00850430317
    endloop
  endfacet
  facet normal 0.965903223 -0.249525845 -0.0690494925
    outer loop
      vertex 0.0311504081 0.0339507274 0.00850430317
      vertex 0.0311504025 0.0334925465 0.0101599647
      vertex 0.0305407904 0.031315513 0.00949956663
    endloop
  endfacet
  facet normal 0.965903223 -0.24952589 -0.069049567
    outer loop
      vertex 0.0311504081 0.0339507274 0.00850430317
      vertex 0.0305407904 0.031315513 0.00949956663
      vertex 0.030540796 0.0317439139 0.00795152318
    endloop
  endfacet
  facet normal 0.706992626 -0.681603372 -0.188622326
    outer loop
      vertex 0.030540796 0.0317439139 0.00795152318
      vertex 0.0305407904 0.031315513 0.00949956663
      vertex 0.0288753565 0.0297218282 0.00901612174
    endloop
  endfacet
  facet normal 0.706992328 -0.681603372 -0.188622892
    outer loop
      vertex 0.030540796 0.0317439139 0.00795152318
      vertex 0.0288753565 0.0297218282 0.00901612174
      vertex 0.0288753621 0.0301284287 0.00754686026
    endloop
  endfacet
  facet normal 0.258735597 -0.930957735 -0.257630438
    outer loop
      vertex 0.0288753621 0.0301284287 0.00754686026
      vertex 0.0288753565 0.0297218282 0.00901612174
      vertex 0.0266003497 0.0291385185 0.00883916859
    endloop
  endfacet
  facet normal 0.258735925 -0.930957854 -0.257629871
    outer loop
      vertex 0.0288753621 0.0301284287 0.00754686026
      vertex 0.0266003497 0.0291385185 0.00883916859
      vertex 0.0266003534 0.0295371376 0.00739874318
    endloop
  endfacet
  facet normal -0.258757591 -0.930951893 -0.257629544
    outer loop
      vertex 0.0266003534 0.0295371376 0.00739874318
      vertex 0.0266003497 0.0291385185 0.00883916859
      vertex 0.0243253559 0.0297218822 0.00901612174
    endloop
  endfacet
  facet normal -0.258758336 -0.930951476 -0.257630676
    outer loop
      vertex 0.0266003534 0.0295371376 0.00739874318
      vertex 0.0243253559 0.0297218822 0.00901612174
      vertex 0.0243253615 0.0301284827 0.00754686026
    endloop
  endfacet
  facet normal -0.707008541 -0.681586444 -0.188623577
    outer loop
      vertex 0.0243253615 0.0301284827 0.00754686026
      vertex 0.0243253559 0.0297218822 0.00901612174
      vertex 0.0226599593 0.0313156061 0.00949956663
    endloop
  endfacet
  facet normal -0.707008183 -0.68158704 -0.188622922
    outer loop
      vertex 0.0243253615 0.0301284827 0.00754686026
      vertex 0.0226599593 0.0313156061 0.00949956663
      vertex 0.0226599649 0.031744007 0.00795152318
    endloop
  endfacet
  facet normal -0.965909362 -0.24950178 -0.069049865
    outer loop
      vertex 0.0226599649 0.031744007 0.00795152318
      vertex 0.0226599593 0.0313156061 0.00949956663
      vertex 0.0220504012 0.0334926546 0.0101599647
    endloop
  endfacet
  facet normal -0.965909302 -0.249502242 -0.0690494925
    outer loop
      vertex 0.0226599649 0.031744007 0.00795152318
      vertex 0.0220504012 0.0334926546 0.0101599647
      vertex 0.0220504068 0.0339508355 0.00850430317
    endloop
  endfacet
  facet normal -0.965903401 0.249525115 0.0690492913
    outer loop
      vertex 0.0220504068 0.0339508355 0.00850430317
      vertex 0.0220504012 0.0334926546 0.0101599647
      vertex 0.0226600114 0.0356696881 0.0108203627
    endloop
  endfacet
  facet normal -0.965903282 0.249525636 0.0690488666
    outer loop
      vertex 0.0220504068 0.0339508355 0.00850430317
      vertex 0.0226600114 0.0356696881 0.0108203627
      vertex 0.0226600189 0.0361576527 0.00905708317
    endloop
  endfacet
  facet normal -0.706990957 0.681604981 0.188622296
    outer loop
      vertex 0.0226600189 0.0361576527 0.00905708317
      vertex 0.0226600114 0.0356696881 0.0108203627
      vertex 0.0243254472 0.0372633673 0.0113038067
    endloop
  endfacet
  facet normal -0.706991851 0.681603789 0.188623562
    outer loop
      vertex 0.0226600189 0.0361576527 0.00905708317
      vertex 0.0243254472 0.0372633673 0.0113038067
      vertex 0.0243254527 0.037773136 0.00946174469
    endloop
  endfacet
  facet normal -0.258734047 0.930958152 0.257630765
    outer loop
      vertex 0.0243254527 0.037773136 0.00946174469
      vertex 0.0243254472 0.0372633673 0.0113038067
      vertex 0.026600454 0.0378466733 0.0114807589
    endloop
  endfacet
  facet normal -0.258733928 0.930958152 0.257630646
    outer loop
      vertex 0.0243254527 0.037773136 0.00946174469
      vertex 0.026600454 0.0378466733 0.0114807589
      vertex 0.0266004596 0.0383644216 0.0096098613
    endloop
  endfacet
  facet normal 0.258755714 0.917189598 0.302999496
    outer loop
      vertex 0.026600454 0.0378466733 0.0114807589
      vertex 0.0266004466 0.0372377522 0.0133239897
      vertex 0.0288754404 0.0366637781 0.0131186275
    endloop
  endfacet
  facet normal 0.258756757 0.917189717 0.302998215
    outer loop
      vertex 0.026600454 0.0378466733 0.0114807589
      vertex 0.0288754404 0.0366637781 0.0131186275
      vertex 0.0288754478 0.0372633114 0.0113038057
    endloop
  endfacet
  facet normal 0.707007766 0.671511292 0.221839234
    outer loop
      vertex 0.0288754478 0.0372633114 0.0113038057
      vertex 0.0288754404 0.0366637781 0.0131186275
      vertex 0.030540837 0.0350956991 0.0125575662
    endloop
  endfacet
  facet normal 0.707007229 0.671511531 0.221840113
    outer loop
      vertex 0.0288754478 0.0372633114 0.0113038057
      vertex 0.030540837 0.0350956991 0.0125575662
      vertex 0.0305408426 0.035669595 0.0108203618
    endloop
  endfacet
  facet normal 0.965909421 0.245813161 0.0812089518
    outer loop
      vertex 0.0305408426 0.035669595 0.0108203618
      vertex 0.030540837 0.0350956991 0.0125575662
      vertex 0.0311503951 0.0329536758 0.0117911426
    endloop
  endfacet
  facet normal 0.965909064 0.245813683 0.0812106356
    outer loop
      vertex 0.0305408426 0.035669595 0.0108203618
      vertex 0.0311503951 0.0329536758 0.0117911426
      vertex 0.0311504025 0.0334925465 0.0101599647
    endloop
  endfacet
  facet normal 0.965903342 -0.245836586 -0.0812093765
    outer loop
      vertex 0.0311504025 0.0334925465 0.0101599647
      vertex 0.0311503951 0.0329536758 0.0117911426
      vertex 0.0305407848 0.0308116693 0.0110247172
    endloop
  endfacet
  facet normal 0.965903282 -0.245836914 -0.0812102929
    outer loop
      vertex 0.0311504025 0.0334925465 0.0101599647
      vertex 0.0305407848 0.0308116693 0.0110247172
      vertex 0.0305407904 0.031315513 0.00949956663
    endloop
  endfacet
  facet normal 0.706992269 -0.671527088 -0.221840858
    outer loop
      vertex 0.0305407904 0.031315513 0.00949956663
      vertex 0.0305407848 0.0308116693 0.0110247172
      vertex 0.028875351 0.0292436276 0.0104636559
    endloop
  endfacet
  facet normal 0.706992686 -0.671526909 -0.221839786
    outer loop
      vertex 0.0305407904 0.031315513 0.00949956663
      vertex 0.028875351 0.0292436276 0.0104636559
      vertex 0.0288753565 0.0297218282 0.00901612174
    endloop
  endfacet
  facet normal 0.258735448 -0.91719538 -0.302999377
    outer loop
      vertex 0.0288753565 0.0297218282 0.00901612174
      vertex 0.028875351 0.0292436276 0.0104636559
      vertex 0.0266003441 0.0286697038 0.0102582937
    endloop
  endfacet
  facet normal 0.258735776 -0.917195439 -0.302998871
    outer loop
      vertex 0.0288753565 0.0297218282 0.00901612174
      vertex 0.0266003441 0.0286697038 0.0102582937
      vertex 0.0266003497 0.0291385185 0.00883916859
    endloop
  endfacet
  facet normal -0.258757144 -0.917189419 -0.30299893
    outer loop
      vertex 0.0266003497 0.0291385185 0.00883916859
      vertex 0.0266003441 0.0286697038 0.0102582937
      vertex 0.0243253503 0.0292436816 0.0104636559
    endloop
  endfacet
  facet normal -0.258757442 -0.91718924 -0.302999318
    outer loop
      vertex 0.0266003497 0.0291385185 0.00883916859
      vertex 0.0243253503 0.0292436816 0.0104636559
      vertex 0.0243253559 0.0297218822 0.00901612174
    endloop
  endfacet
  facet normal -0.707008481 -0.671510398 -0.221839741
    outer loop
      vertex 0.0243253559 0.0297218822 0.00901612174
      vertex 0.0243253503 0.0292436816 0.0104636559
      vertex 0.0226599537 0.0308117643 0.0110247172
    endloop
  endfacet
  facet normal -0.707008421 -0.671510398 -0.221839711
    outer loop
      vertex 0.0243253559 0.0297218822 0.00901612174
      vertex 0.0226599537 0.0308117643 0.0110247172
      vertex 0.0226599593 0.0313156061 0.00949956663
    endloop
  endfacet
  facet normal -0.965909362 -0.24581334 -0.0812093094
    outer loop
      vertex 0.0226599593 0.0313156061 0.00949956663
      vertex 0.0226599537 0.0308117643 0.0110247172
      vertex 0.0220503956 0.0329537839 0.0117911426
    endloop
  endfacet
  facet normal -0.965909302 -0.245813236 -0.0812093765
    outer loop
      vertex 0.0226599593 0.0313156061 0.00949956663
      vertex 0.0220503956 0.0329537839 0.0117911426
      vertex 0.0220504012 0.0334926546 0.0101599647
    endloop
  endfacet
  facet normal -0.965903521 0.245836139 0.0812103301
    outer loop
      vertex 0.0220504012 0.0334926546 0.0101599647
      vertex 0.0220503956 0.0329537839 0.0117911426
      vertex 0.0226600058 0.0350957923 0.0125575671
    endloop
  endfacet
  facet normal -0.965903401 0.245836124 0.0812103301
    outer loop
      vertex 0.0220504012 0.0334926546 0.0101599647
      vertex 0.0226600058 0.0350957923 0.0125575671
      vertex 0.0226600114 0.0356696881 0.0108203627
    endloop
  endfacet
  facet normal -0.706992269 0.671527088 0.221840739
    outer loop
      vertex 0.0226600114 0.0356696881 0.0108203627
      vertex 0.0226600058 0.0350957923 0.0125575671
      vertex 0.0243254397 0.036663834 0.0131186284
    endloop
  endfacet
  facet normal -0.706991076 0.671528757 0.221839175
    outer loop
      vertex 0.0226600114 0.0356696881 0.0108203627
      vertex 0.0243254397 0.036663834 0.0131186284
      vertex 0.0243254472 0.0372633673 0.0113038067
    endloop
  endfacet
  facet normal -0.258733213 0.917196333 0.302998275
    outer loop
      vertex 0.0243254472 0.0372633673 0.0113038067
      vertex 0.0243254397 0.036663834 0.0131186284
      vertex 0.0266004466 0.0372377522 0.0133239897
    endloop
  endfacet
  facet normal -0.258734226 0.917195737 0.302999407
    outer loop
      vertex 0.0243254472 0.0372633673 0.0113038067
      vertex 0.0266004466 0.0372377522 0.0133239897
      vertex 0.026600454 0.0378466733 0.0114807589
    endloop
  endfacet
  facet normal 0.258756548 0.901217401 0.34763819
    outer loop
      vertex 0.0266004466 0.0372377522 0.0133239897
      vertex 0.0266004391 0.0365391225 0.0151351234
      vertex 0.028875431 0.0359759144 0.0149018457
    endloop
  endfacet
  facet normal 0.258755594 0.901217103 0.347639412
    outer loop
      vertex 0.0266004466 0.0372377522 0.0133239897
      vertex 0.028875431 0.0359759144 0.0149018457
      vertex 0.0288754404 0.0366637781 0.0131186275
    endloop
  endfacet
  facet normal 0.707007229 0.659817159 0.254523456
    outer loop
      vertex 0.0288754404 0.0366637781 0.0131186275
      vertex 0.028875431 0.0359759144 0.0149018457
      vertex 0.0305408295 0.0344372541 0.0142645203
    endloop
  endfacet
  facet normal 0.707007647 0.65981704 0.254522711
    outer loop
      vertex 0.0288754404 0.0366637781 0.0131186275
      vertex 0.0305408295 0.0344372541 0.0142645203
      vertex 0.030540837 0.0350956991 0.0125575662
    endloop
  endfacet
  facet normal 0.965909302 0.241532087 0.0931734592
    outer loop
      vertex 0.030540837 0.0350956991 0.0125575662
      vertex 0.0305408295 0.0344372541 0.0142645203
      vertex 0.0311503876 0.0323354192 0.0133939153
    endloop
  endfacet
  facet normal 0.965909302 0.241532102 0.0931735486
    outer loop
      vertex 0.030540837 0.0350956991 0.0125575662
      vertex 0.0311503876 0.0323354192 0.0133939153
      vertex 0.0311503951 0.0329536758 0.0117911426
    endloop
  endfacet
  facet normal 0.965903699 -0.241555035 -0.0931734219
    outer loop
      vertex 0.0311503951 0.0329536758 0.0117911426
      vertex 0.0311503876 0.0323354192 0.0133939153
      vertex 0.0305407792 0.0302335974 0.0125233103
    endloop
  endfacet
  facet normal 0.965903461 -0.241555378 -0.0931747109
    outer loop
      vertex 0.0311503951 0.0329536758 0.0117911426
      vertex 0.0305407792 0.0302335974 0.0125233103
      vertex 0.0305407848 0.0308116693 0.0110247172
    endloop
  endfacet
  facet normal 0.706991613 -0.659833729 -0.254523635
    outer loop
      vertex 0.0305407848 0.0308116693 0.0110247172
      vertex 0.0305407792 0.0302335974 0.0125233103
      vertex 0.0288753435 0.0286949761 0.0118859829
    endloop
  endfacet
  facet normal 0.706992388 -0.65983361 -0.254521936
    outer loop
      vertex 0.0305407848 0.0308116693 0.0110247172
      vertex 0.0288753435 0.0286949761 0.0118859829
      vertex 0.028875351 0.0292436276 0.0104636559
    endloop
  endfacet
  facet normal 0.258735687 -0.901223302 -0.347638428
    outer loop
      vertex 0.028875351 0.0292436276 0.0104636559
      vertex 0.0288753435 0.0286949761 0.0118859829
      vertex 0.0266003367 0.0281318203 0.0116527053
    endloop
  endfacet
  facet normal 0.258735627 -0.901223302 -0.347638518
    outer loop
      vertex 0.028875351 0.0292436276 0.0104636559
      vertex 0.0266003367 0.0281318203 0.0116527053
      vertex 0.0266003441 0.0286697038 0.0102582937
    endloop
  endfacet
  facet normal -0.258757234 -0.901216924 -0.347638845
    outer loop
      vertex 0.0266003441 0.0286697038 0.0102582937
      vertex 0.0266003367 0.0281318203 0.0116527053
      vertex 0.0243253447 0.0286950301 0.0118859829
    endloop
  endfacet
  facet normal -0.258756965 -0.901217163 -0.347638428
    outer loop
      vertex 0.0266003441 0.0286697038 0.0102582937
      vertex 0.0243253447 0.0286950301 0.0118859829
      vertex 0.0243253503 0.0292436816 0.0104636559
    endloop
  endfacet
  facet normal -0.707008123 -0.659816742 -0.254521906
    outer loop
      vertex 0.0243253503 0.0292436816 0.0104636559
      vertex 0.0243253447 0.0286950301 0.0118859829
      vertex 0.0226599481 0.0302336924 0.0125233103
    endloop
  endfacet
  facet normal -0.707008362 -0.659816384 -0.254522294
    outer loop
      vertex 0.0243253503 0.0292436816 0.0104636559
      vertex 0.0226599481 0.0302336924 0.0125233103
      vertex 0.0226599537 0.0308117643 0.0110247172
    endloop
  endfacet
  facet normal -0.965909243 -0.241532981 -0.0931732878
    outer loop
      vertex 0.0226599537 0.0308117643 0.0110247172
      vertex 0.0226599481 0.0302336924 0.0125233103
      vertex 0.0220503882 0.0323355272 0.0133939153
    endloop
  endfacet
  facet normal -0.965909302 -0.241532415 -0.0931736678
    outer loop
      vertex 0.0226599537 0.0308117643 0.0110247172
      vertex 0.0220503882 0.0323355272 0.0133939153
      vertex 0.0220503956 0.0329537839 0.0117911426
    endloop
  endfacet
  facet normal -0.965903342 0.241555914 0.0931737497
    outer loop
      vertex 0.0220503956 0.0329537839 0.0117911426
      vertex 0.0220503882 0.0323355272 0.0133939153
      vertex 0.0226599984 0.0344373472 0.0142645203
    endloop
  endfacet
  facet normal -0.96590358 0.241555452 0.0931740776
    outer loop
      vertex 0.0220503956 0.0329537839 0.0117911426
      vertex 0.0226599984 0.0344373472 0.0142645203
      vertex 0.0226600058 0.0350957923 0.0125575671
    endloop
  endfacet
  facet normal -0.706992328 0.659833312 0.25452292
    outer loop
      vertex 0.0226600058 0.0350957923 0.0125575671
      vertex 0.0226599984 0.0344373472 0.0142645203
      vertex 0.0243254323 0.0359759703 0.0149018466
    endloop
  endfacet
  facet normal -0.706992328 0.659833193 0.254522979
    outer loop
      vertex 0.0226600058 0.0350957923 0.0125575671
      vertex 0.0243254323 0.0359759703 0.0149018466
      vertex 0.0243254397 0.036663834 0.0131186284
    endloop
  endfacet
  facet normal -0.258734167 0.901223302 0.347639352
    outer loop
      vertex 0.0243254397 0.036663834 0.0131186284
      vertex 0.0243254323 0.0359759703 0.0149018466
      vertex 0.0266004391 0.0365391225 0.0151351234
    endloop
  endfacet
  facet normal -0.258733422 0.901223898 0.347638577
    outer loop
      vertex 0.0243254397 0.036663834 0.0131186284
      vertex 0.0266004391 0.0365391225 0.0151351234
      vertex 0.0266004466 0.0372377522 0.0133239897
    endloop
  endfacet
  facet normal 0.258755922 0.883073509 0.391441464
    outer loop
      vertex 0.0266004391 0.0365391225 0.0151351234
      vertex 0.0266004298 0.0357524604 0.0169098023
      vertex 0.0288754217 0.0352013782 0.0166491717
    endloop
  endfacet
  facet normal 0.25875634 0.883073628 0.391440988
    outer loop
      vertex 0.0266004391 0.0365391225 0.0151351234
      vertex 0.0288754217 0.0352013782 0.0166491717
      vertex 0.028875431 0.0359759144 0.0149018457
    endloop
  endfacet
  facet normal 0.707007408 0.64653343 0.286592305
    outer loop
      vertex 0.028875431 0.0359759144 0.0149018457
      vertex 0.0288754217 0.0352013782 0.0166491717
      vertex 0.0305408202 0.0336958431 0.0159371141
    endloop
  endfacet
  facet normal 0.707006991 0.64653343 0.286592931
    outer loop
      vertex 0.028875431 0.0359759144 0.0149018457
      vertex 0.0305408202 0.0336958431 0.0159371141
      vertex 0.0305408295 0.0344372541 0.0142645203
    endloop
  endfacet
  facet normal 0.965909183 0.23666966 0.104913995
    outer loop
      vertex 0.0305408295 0.0344372541 0.0142645203
      vertex 0.0305408202 0.0336958431 0.0159371141
      vertex 0.0311503801 0.0316392593 0.0149644269
    endloop
  endfacet
  facet normal 0.965909302 0.236669466 0.104912937
    outer loop
      vertex 0.0305408295 0.0344372541 0.0142645203
      vertex 0.0311503801 0.0316392593 0.0149644269
      vertex 0.0311503876 0.0323354192 0.0133939153
    endloop
  endfacet
  facet normal 0.965903401 -0.236692965 -0.104914181
    outer loop
      vertex 0.0311503876 0.0323354192 0.0133939153
      vertex 0.0311503801 0.0316392593 0.0149644269
      vertex 0.0305407699 0.0295826886 0.0139917387
    endloop
  endfacet
  facet normal 0.965903699 -0.236692637 -0.104912393
    outer loop
      vertex 0.0311503876 0.0323354192 0.0133939153
      vertex 0.0305407699 0.0295826886 0.0139917387
      vertex 0.0305407792 0.0302335974 0.0125233103
    endloop
  endfacet
  facet normal 0.706992805 -0.646549881 -0.286590993
    outer loop
      vertex 0.0305407792 0.0302335974 0.0125233103
      vertex 0.0305407699 0.0295826886 0.0139917387
      vertex 0.0288753379 0.0280771907 0.013279682
    endloop
  endfacet
  facet normal 0.706991732 -0.64654994 -0.286593586
    outer loop
      vertex 0.0305407792 0.0302335974 0.0125233103
      vertex 0.0288753379 0.0280771907 0.013279682
      vertex 0.0288753435 0.0286949761 0.0118859829
    endloop
  endfacet
  facet normal 0.258735508 -0.88307941 -0.391441852
    outer loop
      vertex 0.0288753435 0.0286949761 0.0118859829
      vertex 0.0288753379 0.0280771907 0.013279682
      vertex 0.0266003311 0.0275261607 0.0130190514
    endloop
  endfacet
  facet normal 0.258735865 -0.883079529 -0.391441166
    outer loop
      vertex 0.0288753435 0.0286949761 0.0118859829
      vertex 0.0266003311 0.0275261607 0.0130190514
      vertex 0.0266003367 0.0281318203 0.0116527053
    endloop
  endfacet
  facet normal -0.258756459 -0.883073747 -0.391440719
    outer loop
      vertex 0.0266003367 0.0281318203 0.0116527053
      vertex 0.0266003311 0.0275261607 0.0130190514
      vertex 0.0243253373 0.0280772448 0.013279682
    endloop
  endfacet
  facet normal -0.258757025 -0.88307327 -0.391441554
    outer loop
      vertex 0.0266003367 0.0281318203 0.0116527053
      vertex 0.0243253373 0.0280772448 0.013279682
      vertex 0.0243253447 0.0286950301 0.0118859829
    endloop
  endfacet
  facet normal -0.707007945 -0.646532595 -0.286592424
    outer loop
      vertex 0.0243253447 0.0286950301 0.0118859829
      vertex 0.0243253373 0.0280772448 0.013279682
      vertex 0.0226599388 0.0295827836 0.0139917387
    endloop
  endfacet
  facet normal -0.707007945 -0.646532714 -0.286592394
    outer loop
      vertex 0.0243253447 0.0286950301 0.0118859829
      vertex 0.0226599388 0.0295827836 0.0139917387
      vertex 0.0226599481 0.0302336924 0.0125233103
    endloop
  endfacet
  facet normal -0.965909123 -0.236669466 -0.104914367
    outer loop
      vertex 0.0226599481 0.0302336924 0.0125233103
      vertex 0.0226599388 0.0295827836 0.0139917387
      vertex 0.0220503788 0.0316393673 0.0149644269
    endloop
  endfacet
  facet normal -0.965909064 -0.236669719 -0.104914203
    outer loop
      vertex 0.0226599481 0.0302336924 0.0125233103
      vertex 0.0220503788 0.0316393673 0.0149644269
      vertex 0.0220503882 0.0323355272 0.0133939153
    endloop
  endfacet
  facet normal -0.965903342 0.236693591 0.104913332
    outer loop
      vertex 0.0220503882 0.0323355272 0.0133939153
      vertex 0.0220503788 0.0316393673 0.0149644269
      vertex 0.0226599891 0.0336959362 0.0159371141
    endloop
  endfacet
  facet normal -0.965903401 0.236693084 0.104913615
    outer loop
      vertex 0.0220503882 0.0323355272 0.0133939153
      vertex 0.0226599891 0.0336959362 0.0159371141
      vertex 0.0226599984 0.0344373472 0.0142645203
    endloop
  endfacet
  facet normal -0.706992567 0.646549702 0.286592245
    outer loop
      vertex 0.0226599984 0.0344373472 0.0142645203
      vertex 0.0226599891 0.0336959362 0.0159371141
      vertex 0.0243254229 0.035201434 0.0166491717
    endloop
  endfacet
  facet normal -0.706992447 0.646549702 0.286592126
    outer loop
      vertex 0.0226599984 0.0344373472 0.0142645203
      vertex 0.0243254229 0.035201434 0.0166491717
      vertex 0.0243254323 0.0359759703 0.0149018466
    endloop
  endfacet
  facet normal -0.258734167 0.883080125 0.391441256
    outer loop
      vertex 0.0243254323 0.0359759703 0.0149018466
      vertex 0.0243254229 0.035201434 0.0166491717
      vertex 0.0266004298 0.0357524604 0.0169098023
    endloop
  endfacet
  facet normal -0.258734375 0.883079886 0.391441524
    outer loop
      vertex 0.0243254323 0.0359759703 0.0149018466
      vertex 0.0266004298 0.0357524604 0.0169098023
      vertex 0.0266004391 0.0365391225 0.0151351234
    endloop
  endfacet
  facet normal 0.258755684 0.862803221 0.434299618
    outer loop
      vertex 0.0266004298 0.0357524604 0.0169098023
      vertex 0.0266004186 0.0348796733 0.018643735
      vertex 0.0288754124 0.0343420431 0.0183563791
    endloop
  endfacet
  facet normal 0.258755744 0.862803161 0.434299618
    outer loop
      vertex 0.0266004298 0.0357524604 0.0169098023
      vertex 0.0288754124 0.0343420431 0.0183563791
      vertex 0.0288754217 0.0352013782 0.0166491717
    endloop
  endfacet
  facet normal 0.707007468 0.631692171 0.317970634
    outer loop
      vertex 0.0288754217 0.0352013782 0.0166491717
      vertex 0.0288754124 0.0343420431 0.0183563791
      vertex 0.0305408109 0.032873258 0.0175713096
    endloop
  endfacet
  facet normal 0.70700717 0.63169229 0.317971259
    outer loop
      vertex 0.0288754217 0.0352013782 0.0166491717
      vertex 0.0305408109 0.032873258 0.0175713096
      vertex 0.0305408202 0.0336958431 0.0159371141
    endloop
  endfacet
  facet normal 0.965909243 0.231236652 0.116400279
    outer loop
      vertex 0.0305408202 0.0336958431 0.0159371141
      vertex 0.0305408109 0.032873258 0.0175713096
      vertex 0.0311503708 0.0308668781 0.0164988805
    endloop
  endfacet
  facet normal 0.965909064 0.231236741 0.116400972
    outer loop
      vertex 0.0305408202 0.0336958431 0.0159371141
      vertex 0.0311503708 0.0308668781 0.0164988805
      vertex 0.0311503801 0.0316392593 0.0149644269
    endloop
  endfacet
  facet normal 0.965903521 -0.231259778 -0.116400853
    outer loop
      vertex 0.0311503801 0.0316392593 0.0149644269
      vertex 0.0311503708 0.0308668781 0.0164988805
      vertex 0.0305407625 0.0288605131 0.0154264541
    endloop
  endfacet
  facet normal 0.965903461 -0.231259868 -0.116401479
    outer loop
      vertex 0.0311503801 0.0316392593 0.0149644269
      vertex 0.0305407625 0.0288605131 0.0154264541
      vertex 0.0305407699 0.0295826886 0.0139917387
    endloop
  endfacet
  facet normal 0.706992328 -0.631708622 -0.317971855
    outer loop
      vertex 0.0305407699 0.0295826886 0.0139917387
      vertex 0.0305407625 0.0288605131 0.0154264541
      vertex 0.0288753286 0.027391769 0.0146413827
    endloop
  endfacet
  facet normal 0.706992984 -0.631708562 -0.317970186
    outer loop
      vertex 0.0305407699 0.0295826886 0.0139917387
      vertex 0.0288753286 0.027391769 0.0146413827
      vertex 0.0288753379 0.0280771907 0.013279682
    endloop
  endfacet
  facet normal 0.258735806 -0.862809241 -0.434299439
    outer loop
      vertex 0.0288753379 0.0280771907 0.013279682
      vertex 0.0288753286 0.027391769 0.0146413827
      vertex 0.0266003218 0.026854191 0.0143540269
    endloop
  endfacet
  facet normal 0.258735716 -0.862809241 -0.434299529
    outer loop
      vertex 0.0288753379 0.0280771907 0.013279682
      vertex 0.0266003218 0.026854191 0.0143540269
      vertex 0.0266003311 0.0275261607 0.0130190514
    endloop
  endfacet
  facet normal -0.25875634 -0.862802863 -0.434299976
    outer loop
      vertex 0.0266003311 0.0275261607 0.0130190514
      vertex 0.0266003218 0.026854191 0.0143540269
      vertex 0.0243253279 0.027391823 0.0146413827
    endloop
  endfacet
  facet normal -0.25875622 -0.862802923 -0.434299797
    outer loop
      vertex 0.0266003311 0.0275261607 0.0130190514
      vertex 0.0243253279 0.027391823 0.0146413827
      vertex 0.0243253373 0.0280772448 0.013279682
    endloop
  endfacet
  facet normal -0.707008064 -0.631691277 -0.31797114
    outer loop
      vertex 0.0243253373 0.0280772448 0.013279682
      vertex 0.0243253279 0.027391823 0.0146413827
      vertex 0.0226599313 0.0288606081 0.0154264541
    endloop
  endfacet
  facet normal -0.707007885 -0.631691813 -0.317970753
    outer loop
      vertex 0.0243253373 0.0280772448 0.013279682
      vertex 0.0226599313 0.0288606081 0.0154264541
      vertex 0.0226599388 0.0295827836 0.0139917387
    endloop
  endfacet
  facet normal -0.965909004 -0.231237516 -0.116400264
    outer loop
      vertex 0.0226599388 0.0295827836 0.0139917387
      vertex 0.0226599313 0.0288606081 0.0154264541
      vertex 0.0220503695 0.030866988 0.0164988823
    endloop
  endfacet
  facet normal -0.965909064 -0.231236845 -0.116400607
    outer loop
      vertex 0.0226599388 0.0295827836 0.0139917387
      vertex 0.0220503695 0.030866988 0.0164988823
      vertex 0.0220503788 0.0316393673 0.0149644269
    endloop
  endfacet
  facet normal -0.965903342 0.231260672 0.116400883
    outer loop
      vertex 0.0220503788 0.0316393673 0.0149644269
      vertex 0.0220503695 0.030866988 0.0164988823
      vertex 0.0226599798 0.0328733511 0.0175713114
    endloop
  endfacet
  facet normal -0.965903461 0.231260344 0.116401054
    outer loop
      vertex 0.0220503788 0.0316393673 0.0149644269
      vertex 0.0226599798 0.0328733511 0.0175713114
      vertex 0.0226599891 0.0336959362 0.0159371141
    endloop
  endfacet
  facet normal -0.706993103 0.631708324 0.317970932
    outer loop
      vertex 0.0226599891 0.0336959362 0.0159371141
      vertex 0.0226599798 0.0328733511 0.0175713114
      vertex 0.0243254118 0.034342099 0.0183563791
    endloop
  endfacet
  facet normal -0.706992686 0.631708801 0.317970514
    outer loop
      vertex 0.0226599891 0.0336959362 0.0159371141
      vertex 0.0243254118 0.034342099 0.0183563791
      vertex 0.0243254229 0.035201434 0.0166491717
    endloop
  endfacet
  facet normal -0.258734465 0.862809479 0.434299648
    outer loop
      vertex 0.0243254229 0.035201434 0.0166491717
      vertex 0.0243254118 0.034342099 0.0183563791
      vertex 0.0266004186 0.0348796733 0.018643735
    endloop
  endfacet
  facet normal -0.258734405 0.862809539 0.434299529
    outer loop
      vertex 0.0243254229 0.035201434 0.0166491717
      vertex 0.0266004186 0.0348796733 0.018643735
      vertex 0.0266004298 0.0357524604 0.0169098023
    endloop
  endfacet
  facet normal 0.258756608 0.840453267 0.476112664
    outer loop
      vertex 0.0266004186 0.0348796733 0.018643735
      vertex 0.0266004074 0.0339228548 0.0203327555
      vertex 0.0288754012 0.0333999693 0.0200193655
    endloop
  endfacet
  facet normal 0.258755445 0.84045285 0.476114213
    outer loop
      vertex 0.0266004186 0.0348796733 0.018643735
      vertex 0.0288754012 0.0333999693 0.0200193655
      vertex 0.0288754124 0.0343420431 0.0183563791
    endloop
  endfacet
  facet normal 0.707006335 0.615329146 0.348585725
    outer loop
      vertex 0.0288754124 0.0343420431 0.0183563791
      vertex 0.0288754012 0.0333999693 0.0200193655
      vertex 0.0305407997 0.0319714807 0.0191631727
    endloop
  endfacet
  facet normal 0.707007349 0.615329146 0.348583877
    outer loop
      vertex 0.0288754124 0.0343420431 0.0183563791
      vertex 0.0305407997 0.0319714807 0.0191631727
      vertex 0.0305408109 0.032873258 0.0175713096
    endloop
  endfacet
  facet normal 0.965909004 0.225246847 0.127607256
    outer loop
      vertex 0.0305408109 0.032873258 0.0175713096
      vertex 0.0305407997 0.0319714807 0.0191631727
      vertex 0.0311503615 0.0300201382 0.017993588
    endloop
  endfacet
  facet normal 0.965909183 0.225246772 0.127606511
    outer loop
      vertex 0.0305408109 0.032873258 0.0175713096
      vertex 0.0311503615 0.0300201382 0.017993588
      vertex 0.0311503708 0.0308668781 0.0164988805
    endloop
  endfacet
  facet normal 0.96590358 -0.225269958 -0.127607614
    outer loop
      vertex 0.0311503708 0.0308668781 0.0164988805
      vertex 0.0311503615 0.0300201382 0.017993588
      vertex 0.0305407532 0.0280688107 0.016824007
    endloop
  endfacet
  facet normal 0.965903699 -0.225269914 -0.127607152
    outer loop
      vertex 0.0311503708 0.0308668781 0.0164988805
      vertex 0.0305407532 0.0280688107 0.016824007
      vertex 0.0305407625 0.0288605131 0.0154264541
    endloop
  endfacet
  facet normal 0.706992745 -0.615346014 -0.348583817
    outer loop
      vertex 0.0305407625 0.0288605131 0.0154264541
      vertex 0.0305407532 0.0280688107 0.016824007
      vertex 0.0288753193 0.0266403556 0.0159678124
    endloop
  endfacet
  facet normal 0.706992507 -0.615345955 -0.348584324
    outer loop
      vertex 0.0305407625 0.0288605131 0.0154264541
      vertex 0.0288753193 0.0266403556 0.0159678124
      vertex 0.0288753286 0.027391769 0.0146413827
    endloop
  endfacet
  facet normal 0.258736193 -0.840459526 -0.476112813
    outer loop
      vertex 0.0288753286 0.027391769 0.0146413827
      vertex 0.0288753193 0.0266403556 0.0159678124
      vertex 0.0266003143 0.026117526 0.0156544223
    endloop
  endfacet
  facet normal 0.258736074 -0.840459406 -0.476112962
    outer loop
      vertex 0.0288753286 0.027391769 0.0146413827
      vertex 0.0266003143 0.026117526 0.0156544223
      vertex 0.0266003218 0.026854191 0.0143540269
    endloop
  endfacet
  facet normal -0.258756012 -0.840453565 -0.476112545
    outer loop
      vertex 0.0266003218 0.026854191 0.0143540269
      vertex 0.0266003143 0.026117526 0.0156544223
      vertex 0.0243253205 0.0266404096 0.0159678124
    endloop
  endfacet
  facet normal -0.258756071 -0.840453506 -0.476112664
    outer loop
      vertex 0.0266003218 0.026854191 0.0143540269
      vertex 0.0243253205 0.0266404096 0.0159678124
      vertex 0.0243253279 0.027391823 0.0146413827
    endloop
  endfacet
  facet normal -0.707007945 -0.61532861 -0.34858349
    outer loop
      vertex 0.0243253279 0.027391823 0.0146413827
      vertex 0.0243253205 0.0266404096 0.0159678124
      vertex 0.022659922 0.0280689057 0.016824007
    endloop
  endfacet
  facet normal -0.707007825 -0.615328729 -0.34858346
    outer loop
      vertex 0.0243253279 0.027391823 0.0146413827
      vertex 0.022659922 0.0280689057 0.016824007
      vertex 0.0226599313 0.0288606081 0.0154264541
    endloop
  endfacet
  facet normal -0.965908945 -0.225247219 -0.127607167
    outer loop
      vertex 0.0226599313 0.0288606081 0.0154264541
      vertex 0.022659922 0.0280689057 0.016824007
      vertex 0.0220503602 0.0300202463 0.0179935899
    endloop
  endfacet
  facet normal -0.965909004 -0.225247353 -0.127607107
    outer loop
      vertex 0.0226599313 0.0288606081 0.0154264541
      vertex 0.0220503602 0.0300202463 0.0179935899
      vertex 0.0220503695 0.030866988 0.0164988823
    endloop
  endfacet
  facet normal -0.96590358 0.22526966 0.127607718
    outer loop
      vertex 0.0220503695 0.030866988 0.0164988823
      vertex 0.0220503602 0.0300202463 0.0179935899
      vertex 0.0226599686 0.0319715738 0.0191631746
    endloop
  endfacet
  facet normal -0.965903521 0.225270778 0.127607256
    outer loop
      vertex 0.0220503695 0.030866988 0.0164988823
      vertex 0.0226599686 0.0319715738 0.0191631746
      vertex 0.0226599798 0.0328733511 0.0175713114
    endloop
  endfacet
  facet normal -0.70699203 0.61534667 0.348583847
    outer loop
      vertex 0.0226599798 0.0328733511 0.0175713114
      vertex 0.0226599686 0.0319715738 0.0191631746
      vertex 0.0243254006 0.0334000252 0.0200193655
    endloop
  endfacet
  facet normal -0.706993222 0.615344644 0.348585069
    outer loop
      vertex 0.0226599798 0.0328733511 0.0175713114
      vertex 0.0243254006 0.0334000252 0.0200193655
      vertex 0.0243254118 0.034342099 0.0183563791
    endloop
  endfacet
  facet normal -0.258736014 0.84045881 0.476114154
    outer loop
      vertex 0.0243254118 0.034342099 0.0183563791
      vertex 0.0243254006 0.0334000252 0.0200193655
      vertex 0.0266004074 0.0339228548 0.0203327555
    endloop
  endfacet
  facet normal -0.258734792 0.840459883 0.476112992
    outer loop
      vertex 0.0243254118 0.034342099 0.0183563791
      vertex 0.0266004074 0.0339228548 0.0203327555
      vertex 0.0266004186 0.0348796733 0.018643735
    endloop
  endfacet
  facet normal 0.25875625 0.816079736 0.516777575
    outer loop
      vertex 0.0266004074 0.0339228548 0.0203327555
      vertex 0.0266003944 0.0328843109 0.0219727997
      vertex 0.0288753882 0.032377433 0.0216341317
    endloop
  endfacet
  facet normal 0.258756429 0.816079855 0.516777396
    outer loop
      vertex 0.0266004074 0.0339228548 0.0203327555
      vertex 0.0288753882 0.032377433 0.0216341317
      vertex 0.0288754012 0.0333999693 0.0200193655
    endloop
  endfacet
  facet normal 0.707006812 0.597484171 0.378357202
    outer loop
      vertex 0.0288754012 0.0333999693 0.0200193655
      vertex 0.0288753882 0.032377433 0.0216341317
      vertex 0.0305407885 0.0309926718 0.0207088776
    endloop
  endfacet
  facet normal 0.707006097 0.597484052 0.378358424
    outer loop
      vertex 0.0288754012 0.0333999693 0.0200193655
      vertex 0.0305407885 0.0309926718 0.0207088776
      vertex 0.0305407997 0.0319714807 0.0191631727
    endloop
  endfacet
  facet normal 0.965908945 0.218714043 0.138506398
    outer loop
      vertex 0.0305407997 0.0319714807 0.0191631727
      vertex 0.0305407885 0.0309926718 0.0207088776
      vertex 0.0311503503 0.02910107 0.0194449555
    endloop
  endfacet
  facet normal 0.965908945 0.218714043 0.138506562
    outer loop
      vertex 0.0305407997 0.0319714807 0.0191631727
      vertex 0.0311503503 0.02910107 0.0194449555
      vertex 0.0311503615 0.0300201382 0.017993588
    endloop
  endfacet
  facet normal 0.965903699 -0.218737543 -0.138506562
    outer loop
      vertex 0.0311503615 0.0300201382 0.017993588
      vertex 0.0311503503 0.02910107 0.0194449555
      vertex 0.030540742 0.0272094812 0.0181810334
    endloop
  endfacet
  facet normal 0.965903699 -0.218737513 -0.138506353
    outer loop
      vertex 0.0311503615 0.0300201382 0.017993588
      vertex 0.030540742 0.0272094812 0.0181810334
      vertex 0.0305407532 0.0280688107 0.016824007
    endloop
  endfacet
  facet normal 0.706992626 -0.597500443 -0.378357977
    outer loop
      vertex 0.0305407532 0.0280688107 0.016824007
      vertex 0.030540742 0.0272094812 0.0181810334
      vertex 0.02887531 0.025824761 0.0172557794
    endloop
  endfacet
  facet normal 0.706992984 -0.597500503 -0.378357202
    outer loop
      vertex 0.0305407532 0.0280688107 0.016824007
      vertex 0.02887531 0.025824761 0.0172557794
      vertex 0.0288753193 0.0266403556 0.0159678124
    endloop
  endfacet
  facet normal 0.258736759 -0.816085756 -0.516777813
    outer loop
      vertex 0.0288753193 0.0266403556 0.0159678124
      vertex 0.02887531 0.025824761 0.0172557794
      vertex 0.0266003031 0.0253179371 0.0169171114
    endloop
  endfacet
  facet normal 0.258736491 -0.816085637 -0.516778111
    outer loop
      vertex 0.0288753193 0.0266403556 0.0159678124
      vertex 0.0266003031 0.0253179371 0.0169171114
      vertex 0.0266003143 0.026117526 0.0156544223
    endloop
  endfacet
  facet normal -0.25875622 -0.816079021 -0.516778529
    outer loop
      vertex 0.0266003143 0.026117526 0.0156544223
      vertex 0.0266003031 0.0253179371 0.0169171114
      vertex 0.0243253093 0.025824815 0.0172557794
    endloop
  endfacet
  facet normal -0.258755773 -0.816079617 -0.516778052
    outer loop
      vertex 0.0266003143 0.026117526 0.0156544223
      vertex 0.0243253093 0.025824815 0.0172557794
      vertex 0.0243253205 0.0266404096 0.0159678124
    endloop
  endfacet
  facet normal -0.70700717 -0.597483337 -0.378357589
    outer loop
      vertex 0.0243253205 0.0266404096 0.0159678124
      vertex 0.0243253093 0.025824815 0.0172557794
      vertex 0.0226599108 0.0272095762 0.0181810334
    endloop
  endfacet
  facet normal -0.707007647 -0.597482383 -0.378358245
    outer loop
      vertex 0.0243253205 0.0266404096 0.0159678124
      vertex 0.0226599108 0.0272095762 0.0181810334
      vertex 0.022659922 0.0280689057 0.016824007
    endloop
  endfacet
  facet normal -0.965909004 -0.218713507 -0.138507068
    outer loop
      vertex 0.022659922 0.0280689057 0.016824007
      vertex 0.0226599108 0.0272095762 0.0181810334
      vertex 0.022050349 0.0291011781 0.0194449574
    endloop
  endfacet
  facet normal -0.965908945 -0.218714342 -0.13850674
    outer loop
      vertex 0.022659922 0.0280689057 0.016824007
      vertex 0.022050349 0.0291011781 0.0194449574
      vertex 0.0220503602 0.0300202463 0.0179935899
    endloop
  endfacet
  facet normal -0.96590364 0.218737677 0.138506651
    outer loop
      vertex 0.0220503602 0.0300202463 0.0179935899
      vertex 0.022050349 0.0291011781 0.0194449574
      vertex 0.0226599574 0.030992765 0.0207088795
    endloop
  endfacet
  facet normal -0.965903699 0.218736947 0.138506934
    outer loop
      vertex 0.0220503602 0.0300202463 0.0179935899
      vertex 0.0226599574 0.030992765 0.0207088795
      vertex 0.0226599686 0.0319715738 0.0191631746
    endloop
  endfacet
  facet normal -0.706993043 0.597499669 0.378358155
    outer loop
      vertex 0.0226599686 0.0319715738 0.0191631746
      vertex 0.0226599574 0.030992765 0.0207088795
      vertex 0.0243253894 0.0323774889 0.0216341317
    endloop
  endfacet
  facet normal -0.706992209 0.597501159 0.378357381
    outer loop
      vertex 0.0226599686 0.0319715738 0.0191631746
      vertex 0.0243253894 0.0323774889 0.0216341317
      vertex 0.0243254006 0.0334000252 0.0200193655
    endloop
  endfacet
  facet normal -0.258736342 0.816086113 0.516777456
    outer loop
      vertex 0.0243254006 0.0334000252 0.0200193655
      vertex 0.0243253894 0.0323774889 0.0216341317
      vertex 0.0266003944 0.0328843109 0.0219727997
    endloop
  endfacet
  facet normal -0.258736312 0.816086113 0.516777456
    outer loop
      vertex 0.0243254006 0.0334000252 0.0200193655
      vertex 0.0266003944 0.0328843109 0.0219727997
      vertex 0.0266004074 0.0339228548 0.0203327555
    endloop
  endfacet
  facet normal 0.25875631 0.789739311 0.556198597
    outer loop
      vertex 0.0266003944 0.0328843109 0.0219727997
      vertex 0.0266003814 0.031766545 0.0235599075
      vertex 0.0288753752 0.0312768929 0.0231967792
    endloop
  endfacet
  facet normal 0.258755922 0.789739192 0.556199074
    outer loop
      vertex 0.0266003944 0.0328843109 0.0219727997
      vertex 0.0288753752 0.0312768929 0.0231967792
      vertex 0.0288753882 0.032377433 0.0216341317
    endloop
  endfacet
  facet normal 0.707006574 0.578199029 0.40721947
    outer loop
      vertex 0.0288753882 0.032377433 0.0216341317
      vertex 0.0288753752 0.0312768929 0.0231967792
      vertex 0.0305407755 0.0299392007 0.0222046934
    endloop
  endfacet
  facet normal 0.707006514 0.578199029 0.40721938
    outer loop
      vertex 0.0288753882 0.032377433 0.0216341317
      vertex 0.0305407755 0.0299392007 0.0222046934
      vertex 0.0305407885 0.0309926718 0.0207088776
    endloop
  endfacet
  facet normal 0.965908945 0.211654097 0.149071887
    outer loop
      vertex 0.0305407885 0.0309926718 0.0207088776
      vertex 0.0305407755 0.0299392007 0.0222046934
      vertex 0.0311503373 0.0281118955 0.0208494775
    endloop
  endfacet
  facet normal 0.965908885 0.211654097 0.149072394
    outer loop
      vertex 0.0305407885 0.0309926718 0.0207088776
      vertex 0.0311503373 0.0281118955 0.0208494775
      vertex 0.0311503503 0.02910107 0.0194449555
    endloop
  endfacet
  facet normal 0.965903819 -0.211678118 -0.149071351
    outer loop
      vertex 0.0311503503 0.02910107 0.0194449555
      vertex 0.0311503373 0.0281118955 0.0208494775
      vertex 0.0305407308 0.0262846053 0.0194942616
    endloop
  endfacet
  facet normal 0.965903699 -0.211678088 -0.149071723
    outer loop
      vertex 0.0311503503 0.02910107 0.0194449555
      vertex 0.0305407308 0.0262846053 0.0194942616
      vertex 0.030540742 0.0272094812 0.0181810334
    endloop
  endfacet
  facet normal 0.706993461 -0.578216076 -0.407218099
    outer loop
      vertex 0.030540742 0.0272094812 0.0181810334
      vertex 0.0305407308 0.0262846053 0.0194942616
      vertex 0.0288752988 0.0249469504 0.0185021739
    endloop
  endfacet
  facet normal 0.706992745 -0.578215718 -0.40721944
    outer loop
      vertex 0.030540742 0.0272094812 0.0181810334
      vertex 0.0288752988 0.0249469504 0.0185021739
      vertex 0.02887531 0.025824761 0.0172557794
    endloop
  endfacet
  facet normal 0.258736402 -0.789745331 -0.556199491
    outer loop
      vertex 0.02887531 0.025824761 0.0172557794
      vertex 0.0288752988 0.0249469504 0.0185021739
      vertex 0.0266002938 0.024457356 0.0181390457
    endloop
  endfacet
  facet normal 0.258737117 -0.789745867 -0.556198478
    outer loop
      vertex 0.02887531 0.025824761 0.0172557794
      vertex 0.0266002938 0.024457356 0.0181390457
      vertex 0.0266003031 0.0253179371 0.0169171114
    endloop
  endfacet
  facet normal -0.258755714 -0.789739788 -0.55619818
    outer loop
      vertex 0.0266003031 0.0253179371 0.0169171114
      vertex 0.0266002938 0.024457356 0.0181390457
      vertex 0.0243253 0.0249470063 0.0185021739
    endloop
  endfacet
  facet normal -0.258755952 -0.789739609 -0.556198537
    outer loop
      vertex 0.0266003031 0.0253179371 0.0169171114
      vertex 0.0243253 0.0249470063 0.0185021739
      vertex 0.0243253093 0.025824815 0.0172557794
    endloop
  endfacet
  facet normal -0.707006693 -0.578199267 -0.407218575
    outer loop
      vertex 0.0243253093 0.025824815 0.0172557794
      vertex 0.0243253 0.0249470063 0.0185021739
      vertex 0.0226598997 0.0262846984 0.0194942616
    endloop
  endfacet
  facet normal -0.707006991 -0.578198969 -0.407218844
    outer loop
      vertex 0.0243253093 0.025824815 0.0172557794
      vertex 0.0226598997 0.0262846984 0.0194942616
      vertex 0.0226599108 0.0272095762 0.0181810334
    endloop
  endfacet
  facet normal -0.965908945 -0.211654246 -0.149071664
    outer loop
      vertex 0.0226599108 0.0272095762 0.0181810334
      vertex 0.0226598997 0.0262846984 0.0194942616
      vertex 0.0220503379 0.0281120036 0.0208494775
    endloop
  endfacet
  facet normal -0.965908885 -0.211654499 -0.149071559
    outer loop
      vertex 0.0226599108 0.0272095762 0.0181810334
      vertex 0.0220503379 0.0281120036 0.0208494775
      vertex 0.022050349 0.0291011781 0.0194449574
    endloop
  endfacet
  facet normal -0.965903819 0.211677313 0.149072245
    outer loop
      vertex 0.022050349 0.0291011781 0.0194449574
      vertex 0.0220503379 0.0281120036 0.0208494775
      vertex 0.0226599444 0.0299392939 0.0222046953
    endloop
  endfacet
  facet normal -0.965903699 0.211678147 0.149071962
    outer loop
      vertex 0.022050349 0.0291011781 0.0194449574
      vertex 0.0226599444 0.0299392939 0.0222046953
      vertex 0.0226599574 0.030992765 0.0207088795
    endloop
  endfacet
  facet normal -0.706993163 0.578215718 0.407218784
    outer loop
      vertex 0.0226599574 0.030992765 0.0207088795
      vertex 0.0226599444 0.0299392939 0.0222046953
      vertex 0.0243253764 0.0312769488 0.0231967811
    endloop
  endfacet
  facet normal -0.706993282 0.578215718 0.407218903
    outer loop
      vertex 0.0226599574 0.030992765 0.0207088795
      vertex 0.0243253764 0.0312769488 0.0231967811
      vertex 0.0243253894 0.0323774889 0.0216341317
    endloop
  endfacet
  facet normal -0.25873661 0.789745748 0.556198716
    outer loop
      vertex 0.0243253894 0.0323774889 0.0216341317
      vertex 0.0243253764 0.0312769488 0.0231967811
      vertex 0.0266003814 0.031766545 0.0235599075
    endloop
  endfacet
  facet normal -0.25873667 0.789745629 0.556198716
    outer loop
      vertex 0.0243253894 0.0323774889 0.0216341317
      vertex 0.0266003814 0.031766545 0.0235599075
      vertex 0.0266003944 0.0328843109 0.0219727997
    endloop
  endfacet
  facet normal 0.258754194 0.761496305 0.59428066
    outer loop
      vertex 0.0266003814 0.031766545 0.0235599075
      vertex 0.0266003665 0.0305722505 0.025090253
      vertex 0.0288753621 0.0301010106 0.024703538
    endloop
  endfacet
  facet normal 0.258755952 0.761497378 0.594278693
    outer loop
      vertex 0.0266003814 0.031766545 0.0235599075
      vertex 0.0288753621 0.0301010106 0.024703538
      vertex 0.0288753752 0.0312768929 0.0231967792
    endloop
  endfacet
  facet normal 0.707006574 0.55752176 0.435098946
    outer loop
      vertex 0.0288753752 0.0312768929 0.0231967792
      vertex 0.0288753621 0.0301010106 0.024703538
      vertex 0.0305407625 0.028813608 0.0236470103
    endloop
  endfacet
  facet normal 0.707006335 0.557521701 0.435099661
    outer loop
      vertex 0.0288753752 0.0312768929 0.0231967792
      vertex 0.0305407625 0.028813608 0.0236470103
      vertex 0.0305407755 0.0299392007 0.0222046934
    endloop
  endfacet
  facet normal 0.965908766 0.204085231 0.159278065
    outer loop
      vertex 0.0305407755 0.0299392007 0.0222046934
      vertex 0.0305407625 0.028813608 0.0236470103
      vertex 0.0311503261 0.0270550009 0.0222037658
    endloop
  endfacet
  facet normal 0.965908825 0.204085231 0.159277305
    outer loop
      vertex 0.0305407755 0.0299392007 0.0222046934
      vertex 0.0311503261 0.0270550009 0.0222037658
      vertex 0.0311503373 0.0281118955 0.0208494775
    endloop
  endfacet
  facet normal 0.965903819 -0.204107791 -0.159278974
    outer loop
      vertex 0.0311503373 0.0281118955 0.0208494775
      vertex 0.0311503261 0.0270550009 0.0222037658
      vertex 0.0305407196 0.0252964087 0.0207605194
    endloop
  endfacet
  facet normal 0.965903878 -0.204107836 -0.159278676
    outer loop
      vertex 0.0311503373 0.0281118955 0.0208494775
      vertex 0.0305407196 0.0252964087 0.0207605194
      vertex 0.0305407308 0.0262846053 0.0194942616
    endloop
  endfacet
  facet normal 0.706993639 -0.557537556 -0.435099989
    outer loop
      vertex 0.0305407308 0.0262846053 0.0194942616
      vertex 0.0305407196 0.0252964087 0.0207605194
      vertex 0.0288752876 0.0240090434 0.0197039917
    endloop
  endfacet
  facet normal 0.706993699 -0.557537615 -0.435099721
    outer loop
      vertex 0.0305407308 0.0262846053 0.0194942616
      vertex 0.0288752876 0.0240090434 0.0197039917
      vertex 0.0288752988 0.0249469504 0.0185021739
    endloop
  endfacet
  facet normal 0.258737355 -0.761502802 -0.594279766
    outer loop
      vertex 0.0288752988 0.0249469504 0.0185021739
      vertex 0.0288752876 0.0240090434 0.0197039917
      vertex 0.0266002826 0.0235378556 0.0193172749
    endloop
  endfacet
  facet normal 0.25873673 -0.761502326 -0.594280601
    outer loop
      vertex 0.0288752988 0.0249469504 0.0185021739
      vertex 0.0266002826 0.0235378556 0.0193172749
      vertex 0.0266002938 0.024457356 0.0181390457
    endloop
  endfacet
  facet normal -0.258756012 -0.761495948 -0.594280541
    outer loop
      vertex 0.0266002938 0.024457356 0.0181390457
      vertex 0.0266002826 0.0235378556 0.0193172749
      vertex 0.0243252888 0.0240090992 0.0197039917
    endloop
  endfacet
  facet normal -0.258755356 -0.761496663 -0.594279766
    outer loop
      vertex 0.0266002938 0.024457356 0.0181390457
      vertex 0.0243252888 0.0240090992 0.0197039917
      vertex 0.0243253 0.0249470063 0.0185021739
    endloop
  endfacet
  facet normal -0.707006574 -0.557520986 -0.43509987
    outer loop
      vertex 0.0243253 0.0249470063 0.0185021739
      vertex 0.0243252888 0.0240090992 0.0197039917
      vertex 0.0226598885 0.0252965018 0.0207605194
    endloop
  endfacet
  facet normal -0.707006454 -0.557521224 -0.435099781
    outer loop
      vertex 0.0243253 0.0249470063 0.0185021739
      vertex 0.0226598885 0.0252965018 0.0207605194
      vertex 0.0226598997 0.0262846984 0.0194942616
    endloop
  endfacet
  facet normal -0.965908766 -0.204085097 -0.159277976
    outer loop
      vertex 0.0226598997 0.0262846984 0.0194942616
      vertex 0.0226598885 0.0252965018 0.0207605194
      vertex 0.0220503248 0.0270551089 0.0222037658
    endloop
  endfacet
  facet normal -0.965908885 -0.204084635 -0.159278169
    outer loop
      vertex 0.0226598997 0.0262846984 0.0194942616
      vertex 0.0220503248 0.0270551089 0.0222037658
      vertex 0.0220503379 0.0281120036 0.0208494775
    endloop
  endfacet
  facet normal -0.965903819 0.204108447 0.159278154
    outer loop
      vertex 0.0220503379 0.0281120036 0.0208494775
      vertex 0.0220503248 0.0270551089 0.0222037658
      vertex 0.0226599313 0.028813703 0.0236470103
    endloop
  endfacet
  facet normal -0.965903878 0.20410797 0.159278288
    outer loop
      vertex 0.0220503379 0.0281120036 0.0208494775
      vertex 0.0226599313 0.028813703 0.0236470103
      vertex 0.0226599444 0.0299392939 0.0222046953
    endloop
  endfacet
  facet normal -0.706993341 0.557538211 0.435099572
    outer loop
      vertex 0.0226599444 0.0299392939 0.0222046953
      vertex 0.0226599313 0.028813703 0.0236470103
      vertex 0.0243253615 0.0301010646 0.024703538
    endloop
  endfacet
  facet normal -0.706993461 0.557537854 0.435099661
    outer loop
      vertex 0.0226599444 0.0299392939 0.0222046953
      vertex 0.0243253615 0.0301010646 0.024703538
      vertex 0.0243253764 0.0312769488 0.0231967811
    endloop
  endfacet
  facet normal -0.258736342 0.761502981 0.594279945
    outer loop
      vertex 0.0243253764 0.0312769488 0.0231967811
      vertex 0.0243253615 0.0301010646 0.024703538
      vertex 0.0266003665 0.0305722505 0.025090253
    endloop
  endfacet
  facet normal -0.258736879 0.761502445 0.594280422
    outer loop
      vertex 0.0243253764 0.0312769488 0.0231967811
      vertex 0.0266003665 0.0305722505 0.025090253
      vertex 0.0266003814 0.031766545 0.0235599075
    endloop
  endfacet
  facet normal 0.258753777 0.731419504 0.63092941
    outer loop
      vertex 0.0266003665 0.0305722505 0.025090253
      vertex 0.0266003516 0.029304307 0.0265601519
      vertex 0.0288753472 0.0288526099 0.0261507817
    endloop
  endfacet
  facet normal 0.258753866 0.731419563 0.630929291
    outer loop
      vertex 0.0266003665 0.0305722505 0.025090253
      vertex 0.0288753472 0.0288526099 0.0261507817
      vertex 0.0288753621 0.0301010106 0.024703538
    endloop
  endfacet
  facet normal 0.707006633 0.535499811 0.46193248
    outer loop
      vertex 0.0288753621 0.0301010106 0.024703538
      vertex 0.0288753472 0.0288526099 0.0261507817
      vertex 0.0305407476 0.0276185982 0.0250323582
    endloop
  endfacet
  facet normal 0.707006395 0.535499692 0.461933017
    outer loop
      vertex 0.0288753621 0.0301010106 0.024703538
      vertex 0.0305407476 0.0276185982 0.0250323582
      vertex 0.0305407625 0.028813608 0.0236470103
    endloop
  endfacet
  facet normal 0.965908766 0.196023107 0.169101149
    outer loop
      vertex 0.0305407625 0.028813608 0.0236470103
      vertex 0.0305407476 0.0276185982 0.0250323582
      vertex 0.0311503112 0.0259329267 0.0235045608
    endloop
  endfacet
  facet normal 0.965908706 0.196023047 0.169101819
    outer loop
      vertex 0.0305407625 0.028813608 0.0236470103
      vertex 0.0311503112 0.0259329267 0.0235045608
      vertex 0.0311503261 0.0270550009 0.0222037658
    endloop
  endfacet
  facet normal 0.965904057 -0.196047083 -0.169100404
    outer loop
      vertex 0.0311503261 0.0270550009 0.0222037658
      vertex 0.0311503112 0.0259329267 0.0235045608
      vertex 0.0305407066 0.0242472682 0.0219767634
    endloop
  endfacet
  facet normal 0.965903878 -0.196046978 -0.169101104
    outer loop
      vertex 0.0311503261 0.0270550009 0.0222037658
      vertex 0.0305407066 0.0242472682 0.0219767634
      vertex 0.0305407196 0.0252964087 0.0207605194
    endloop
  endfacet
  facet normal 0.706994116 -0.535516262 -0.46193248
    outer loop
      vertex 0.0305407196 0.0252964087 0.0207605194
      vertex 0.0305407066 0.0242472682 0.0219767634
      vertex 0.0288752764 0.0230132956 0.0208583381
    endloop
  endfacet
  facet normal 0.706993818 -0.535516024 -0.461933285
    outer loop
      vertex 0.0305407196 0.0252964087 0.0207605194
      vertex 0.0288752764 0.0230132956 0.0208583381
      vertex 0.0288752876 0.0240090434 0.0197039917
    endloop
  endfacet
  facet normal 0.258737087 -0.731424868 -0.630930007
    outer loop
      vertex 0.0288752876 0.0240090434 0.0197039917
      vertex 0.0288752764 0.0230132956 0.0208583381
      vertex 0.0266002715 0.0225616526 0.020448966
    endloop
  endfacet
  facet normal 0.258737713 -0.731425464 -0.630929112
    outer loop
      vertex 0.0288752876 0.0240090434 0.0197039917
      vertex 0.0266002715 0.0225616526 0.020448966
      vertex 0.0266002826 0.0235378556 0.0193172749
    endloop
  endfacet
  facet normal -0.258754849 -0.731419504 -0.630929112
    outer loop
      vertex 0.0266002826 0.0235378556 0.0193172749
      vertex 0.0266002715 0.0225616526 0.020448966
      vertex 0.0243252758 0.0230133515 0.0208583381
    endloop
  endfacet
  facet normal -0.258755654 -0.73141849 -0.630929947
    outer loop
      vertex 0.0266002826 0.0235378556 0.0193172749
      vertex 0.0243252758 0.0230133515 0.0208583381
      vertex 0.0243252888 0.0240090992 0.0197039917
    endloop
  endfacet
  facet normal -0.707006633 -0.535499036 -0.461933374
    outer loop
      vertex 0.0243252888 0.0240090992 0.0197039917
      vertex 0.0243252758 0.0230133515 0.0208583381
      vertex 0.0226598755 0.0242473613 0.0219767634
    endloop
  endfacet
  facet normal -0.707006335 -0.535499513 -0.461933196
    outer loop
      vertex 0.0243252888 0.0240090992 0.0197039917
      vertex 0.0226598755 0.0242473613 0.0219767634
      vertex 0.0226598885 0.0252965018 0.0207605194
    endloop
  endfacet
  facet normal -0.965908885 -0.196022972 -0.169101119
    outer loop
      vertex 0.0226598885 0.0252965018 0.0207605194
      vertex 0.0226598755 0.0242473613 0.0219767634
      vertex 0.0220503118 0.0259330347 0.0235045608
    endloop
  endfacet
  facet normal -0.965908706 -0.196023643 -0.16910094
    outer loop
      vertex 0.0226598885 0.0252965018 0.0207605194
      vertex 0.0220503118 0.0259330347 0.0235045608
      vertex 0.0220503248 0.0270551089 0.0222037658
    endloop
  endfacet
  facet normal -0.965904057 0.196046367 0.169101194
    outer loop
      vertex 0.0220503248 0.0270551089 0.0222037658
      vertex 0.0220503118 0.0259330347 0.0235045608
      vertex 0.0226599164 0.0276186932 0.0250323582
    endloop
  endfacet
  facet normal -0.965903997 0.196047068 0.16910103
    outer loop
      vertex 0.0220503248 0.0270551089 0.0222037658
      vertex 0.0226599164 0.0276186932 0.0250323582
      vertex 0.0226599313 0.028813703 0.0236470103
    endloop
  endfacet
  facet normal -0.70699358 0.535516918 0.46193257
    outer loop
      vertex 0.0226599313 0.028813703 0.0236470103
      vertex 0.0226599164 0.0276186932 0.0250323582
      vertex 0.0243253466 0.0288526639 0.0261507817
    endloop
  endfacet
  facet normal -0.70699358 0.535516858 0.461932629
    outer loop
      vertex 0.0226599313 0.028813703 0.0236470103
      vertex 0.0243253466 0.0288526639 0.0261507817
      vertex 0.0243253615 0.0301010646 0.024703538
    endloop
  endfacet
  facet normal -0.258736551 0.731425703 0.630929291
    outer loop
      vertex 0.0243253615 0.0301010646 0.024703538
      vertex 0.0243253466 0.0288526639 0.0261507817
      vertex 0.0266003516 0.029304307 0.0265601519
    endloop
  endfacet
  facet normal -0.2587367 0.731425583 0.63092941
    outer loop
      vertex 0.0243253615 0.0301010646 0.024703538
      vertex 0.0266003516 0.029304307 0.0265601519
      vertex 0.0266003665 0.0305722505 0.025090253
    endloop
  endfacet
  facet normal 0.258754402 0.699579835 0.6660586
    outer loop
      vertex 0.0266003516 0.029304307 0.0265601519
      vertex 0.0266003367 0.027965758 0.0279660728
      vertex 0.0288753305 0.0275346916 0.0275350306
    endloop
  endfacet
  facet normal 0.258753419 0.699579179 0.666059792
    outer loop
      vertex 0.0266003516 0.029304307 0.0265601519
      vertex 0.0288753305 0.0275346916 0.0275350306
      vertex 0.0288753472 0.0288526099 0.0261507817
    endloop
  endfacet
  facet normal 0.707005799 0.512188137 0.487653613
    outer loop
      vertex 0.0288753472 0.0288526099 0.0261507817
      vertex 0.0288753305 0.0275346916 0.0275350306
      vertex 0.0305407327 0.0263570454 0.0263574068
    endloop
  endfacet
  facet normal 0.707006395 0.512188435 0.48765257
    outer loop
      vertex 0.0288753472 0.0288526099 0.0261507817
      vertex 0.0305407327 0.0263570454 0.0263574068
      vertex 0.0305407476 0.0276185982 0.0250323582
    endloop
  endfacet
  facet normal 0.965908527 0.187490016 0.178516433
    outer loop
      vertex 0.0305407476 0.0276185982 0.0250323582
      vertex 0.0305407327 0.0263570454 0.0263574068
      vertex 0.0311502982 0.0247483701 0.024748737
    endloop
  endfacet
  facet normal 0.965908706 0.187490076 0.178515896
    outer loop
      vertex 0.0305407476 0.0276185982 0.0250323582
      vertex 0.0311502982 0.0247483701 0.024748737
      vertex 0.0311503112 0.0259329267 0.0235045608
    endloop
  endfacet
  facet normal 0.965904057 -0.18751274 -0.178517208
    outer loop
      vertex 0.0311503112 0.0259329267 0.0235045608
      vertex 0.0311502982 0.0247483701 0.024748737
      vertex 0.0305406936 0.0231397077 0.0231400691
    endloop
  endfacet
  facet normal 0.965904117 -0.18751283 -0.178516462
    outer loop
      vertex 0.0311503112 0.0259329267 0.0235045608
      vertex 0.0305406936 0.0231397077 0.0231400691
      vertex 0.0305407066 0.0242472682 0.0219767634
    endloop
  endfacet
  facet normal 0.706994176 -0.512205184 -0.48765254
    outer loop
      vertex 0.0305407066 0.0242472682 0.0219767634
      vertex 0.0305406936 0.0231397077 0.0231400691
      vertex 0.0288752634 0.0219621006 0.0219624415
    endloop
  endfacet
  facet normal 0.706994414 -0.512205303 -0.487652123
    outer loop
      vertex 0.0305407066 0.0242472682 0.0219767634
      vertex 0.0288752634 0.0219621006 0.0219624415
      vertex 0.0288752764 0.0230132956 0.0208583381
    endloop
  endfacet
  facet normal 0.258737236 -0.699586034 -0.666058898
    outer loop
      vertex 0.0288752764 0.0230132956 0.0208583381
      vertex 0.0288752634 0.0219621006 0.0219624415
      vertex 0.0266002584 0.0215310883 0.0215314012
    endloop
  endfacet
  facet normal 0.258737475 -0.699586213 -0.6660586
    outer loop
      vertex 0.0288752764 0.0230132956 0.0208583381
      vertex 0.0266002584 0.0215310883 0.0215314012
      vertex 0.0266002715 0.0225616526 0.020448966
    endloop
  endfacet
  facet normal -0.258754462 -0.699579835 -0.666058719
    outer loop
      vertex 0.0266002715 0.0225616526 0.020448966
      vertex 0.0266002584 0.0215310883 0.0215314012
      vertex 0.0243252646 0.0219621565 0.0219624415
    endloop
  endfacet
  facet normal -0.258754462 -0.699579775 -0.66605866
    outer loop
      vertex 0.0266002715 0.0225616526 0.020448966
      vertex 0.0243252646 0.0219621565 0.0219624415
      vertex 0.0243252758 0.0230133515 0.0208583381
    endloop
  endfacet
  facet normal -0.707006037 -0.51218909 -0.487652272
    outer loop
      vertex 0.0243252758 0.0230133515 0.0208583381
      vertex 0.0243252646 0.0219621565 0.0219624415
      vertex 0.0226598624 0.0231398009 0.0231400691
    endloop
  endfacet
  facet normal -0.707006335 -0.512188494 -0.48765251
    outer loop
      vertex 0.0243252758 0.0230133515 0.0208583381
      vertex 0.0226598624 0.0231398009 0.0231400691
      vertex 0.0226598755 0.0242473613 0.0219767634
    endloop
  endfacet
  facet normal -0.965908587 -0.187490046 -0.178516418
    outer loop
      vertex 0.0226598755 0.0242473613 0.0219767634
      vertex 0.0226598624 0.0231398009 0.0231400691
      vertex 0.0220502969 0.0247484781 0.024748737
    endloop
  endfacet
  facet normal -0.965908706 -0.187489271 -0.178516552
    outer loop
      vertex 0.0226598755 0.0242473613 0.0219767634
      vertex 0.0220502969 0.0247484781 0.024748737
      vertex 0.0220503118 0.0259330347 0.0235045608
    endloop
  endfacet
  facet normal -0.965904057 0.187513381 0.178516388
    outer loop
      vertex 0.0220503118 0.0259330347 0.0235045608
      vertex 0.0220502969 0.0247484781 0.024748737
      vertex 0.0226599015 0.0263571404 0.0263574068
    endloop
  endfacet
  facet normal -0.965904117 0.18751286 0.178516448
    outer loop
      vertex 0.0220503118 0.0259330347 0.0235045608
      vertex 0.0226599015 0.0263571404 0.0263574068
      vertex 0.0226599164 0.0276186932 0.0250323582
    endloop
  endfacet
  facet normal -0.706993341 0.51220572 0.487653106
    outer loop
      vertex 0.0226599164 0.0276186932 0.0250323582
      vertex 0.0226599015 0.0263571404 0.0263574068
      vertex 0.0243253317 0.0275347456 0.0275350306
    endloop
  endfacet
  facet normal -0.706993818 0.512204885 0.487653404
    outer loop
      vertex 0.0226599164 0.0276186932 0.0250323582
      vertex 0.0243253317 0.0275347456 0.0275350306
      vertex 0.0243253466 0.0288526639 0.0261507817
    endloop
  endfacet
  facet normal -0.258737713 0.69958514 0.666059554
    outer loop
      vertex 0.0243253466 0.0288526639 0.0261507817
      vertex 0.0243253317 0.0275347456 0.0275350306
      vertex 0.0266003367 0.027965758 0.0279660728
    endloop
  endfacet
  facet normal -0.258736968 0.699585974 0.666059017
    outer loop
      vertex 0.0243253466 0.0288526639 0.0261507817
      vertex 0.0266003367 0.027965758 0.0279660728
      vertex 0.0266003516 0.029304307 0.0265601519
    endloop
  endfacet
  facet normal 0.258754343 0.666055977 0.699582458
    outer loop
      vertex 0.0266003367 0.027965758 0.0279660728
      vertex 0.0266003199 0.0265598465 0.0293046143
      vertex 0.0288753137 0.0261504482 0.0288529415
    endloop
  endfacet
  facet normal 0.258754075 0.666055799 0.699582756
    outer loop
      vertex 0.0266003367 0.027965758 0.0279660728
      vertex 0.0288753137 0.0261504482 0.0288529415
      vertex 0.0288753305 0.0275346916 0.0275350306
    endloop
  endfacet
  facet normal 0.70700568 0.487644315 0.512197256
    outer loop
      vertex 0.0288753305 0.0275346916 0.0275350306
      vertex 0.0288753137 0.0261504482 0.0288529415
      vertex 0.0305407159 0.0250320043 0.0276189521
    endloop
  endfacet
  facet normal 0.707005441 0.487644196 0.512197614
    outer loop
      vertex 0.0288753305 0.0275346916 0.0275350306
      vertex 0.0305407159 0.0250320043 0.0276189521
      vertex 0.0305407327 0.0263570454 0.0263574068
    endloop
  endfacet
  facet normal 0.965908349 0.178504869 0.187502146
    outer loop
      vertex 0.0305407327 0.0263570454 0.0263574068
      vertex 0.0305407159 0.0250320043 0.0276189521
      vertex 0.0311502833 0.0235041995 0.025933288
    endloop
  endfacet
  facet normal 0.965908527 0.178505003 0.187501445
    outer loop
      vertex 0.0305407327 0.0263570454 0.0263574068
      vertex 0.0311502833 0.0235041995 0.025933288
      vertex 0.0311502982 0.0247483701 0.024748737
    endloop
  endfacet
  facet normal 0.965904236 -0.178528011 -0.187501341
    outer loop
      vertex 0.0311502982 0.0247483701 0.024748737
      vertex 0.0311502833 0.0235041995 0.025933288
      vertex 0.0305406805 0.0219764095 0.0242476221
    endloop
  endfacet
  facet normal 0.965904176 -0.178527862 -0.187502116
    outer loop
      vertex 0.0311502982 0.0247483701 0.024748737
      vertex 0.0305406805 0.0219764095 0.0242476221
      vertex 0.0305406936 0.0231397077 0.0231400691
    endloop
  endfacet
  facet normal 0.706994355 -0.487660646 -0.512197196
    outer loop
      vertex 0.0305406936 0.0231397077 0.0231400691
      vertex 0.0305406805 0.0219764095 0.0242476221
      vertex 0.0288752504 0.0208580028 0.0230136309
    endloop
  endfacet
  facet normal 0.706994534 -0.487660766 -0.512196898
    outer loop
      vertex 0.0305406936 0.0231397077 0.0231400691
      vertex 0.0288752504 0.0208580028 0.0230136309
      vertex 0.0288752634 0.0219621006 0.0219624415
    endloop
  endfacet
  facet normal 0.258737832 -0.666061878 -0.699582875
    outer loop
      vertex 0.0288752634 0.0219621006 0.0219624415
      vertex 0.0288752504 0.0208580028 0.0230136309
      vertex 0.0266002454 0.0204486586 0.0225619599
    endloop
  endfacet
  facet normal 0.258737594 -0.66606164 -0.699583173
    outer loop
      vertex 0.0288752634 0.0219621006 0.0219624415
      vertex 0.0266002454 0.0204486586 0.0225619599
      vertex 0.0266002584 0.0215310883 0.0215314012
    endloop
  endfacet
  facet normal -0.258754313 -0.666055322 -0.699582994
    outer loop
      vertex 0.0266002584 0.0215310883 0.0215314012
      vertex 0.0266002454 0.0204486586 0.0225619599
      vertex 0.0243252516 0.0208580587 0.0230136309
    endloop
  endfacet
  facet normal -0.258754045 -0.666055679 -0.699582815
    outer loop
      vertex 0.0266002584 0.0215310883 0.0215314012
      vertex 0.0243252516 0.0208580587 0.0230136309
      vertex 0.0243252646 0.0219621565 0.0219624415
    endloop
  endfacet
  facet normal -0.707006156 -0.487643927 -0.512196839
    outer loop
      vertex 0.0243252646 0.0219621565 0.0219624415
      vertex 0.0243252516 0.0208580587 0.0230136309
      vertex 0.0226598494 0.0219765045 0.0242476221
    endloop
  endfacet
  facet normal -0.707005799 -0.487644941 -0.512196541
    outer loop
      vertex 0.0243252646 0.0219621565 0.0219624415
      vertex 0.0226598494 0.0219765045 0.0242476221
      vertex 0.0226598624 0.0231398009 0.0231400691
    endloop
  endfacet
  facet normal -0.965908408 -0.178505659 -0.187501267
    outer loop
      vertex 0.0226598624 0.0231398009 0.0231400691
      vertex 0.0226598494 0.0219765045 0.0242476221
      vertex 0.022050282 0.0235043094 0.025933288
    endloop
  endfacet
  facet normal -0.965908527 -0.178505167 -0.187501311
    outer loop
      vertex 0.0226598624 0.0231398009 0.0231400691
      vertex 0.022050282 0.0235043094 0.025933288
      vertex 0.0220502969 0.0247484781 0.024748737
    endloop
  endfacet
  facet normal -0.965904236 0.178528264 0.187501326
    outer loop
      vertex 0.0220502969 0.0247484781 0.024748737
      vertex 0.022050282 0.0235043094 0.025933288
      vertex 0.0226598848 0.0250320993 0.0276189521
    endloop
  endfacet
  facet normal -0.965904176 0.178528488 0.187501296
    outer loop
      vertex 0.0220502969 0.0247484781 0.024748737
      vertex 0.0226598848 0.0250320993 0.0276189521
      vertex 0.0226599015 0.0263571404 0.0263574068
    endloop
  endfacet
  facet normal -0.70699358 0.487661839 0.512197256
    outer loop
      vertex 0.0226599015 0.0263571404 0.0263574068
      vertex 0.0226598848 0.0250320993 0.0276189521
      vertex 0.0243253149 0.0261505023 0.0288529415
    endloop
  endfacet
  facet normal -0.706993639 0.48766157 0.512197375
    outer loop
      vertex 0.0226599015 0.0263571404 0.0263574068
      vertex 0.0243253149 0.0261505023 0.0288529415
      vertex 0.0243253317 0.0275347456 0.0275350306
    endloop
  endfacet
  facet normal -0.258738399 0.666061938 0.699582636
    outer loop
      vertex 0.0243253317 0.0275347456 0.0275350306
      vertex 0.0243253149 0.0261505023 0.0288529415
      vertex 0.0266003199 0.0265598465 0.0293046143
    endloop
  endfacet
  facet normal -0.25873816 0.666062176 0.699582458
    outer loop
      vertex 0.0243253317 0.0275347456 0.0275350306
      vertex 0.0266003199 0.0265598465 0.0293046143
      vertex 0.0266003367 0.027965758 0.0279660728
    endloop
  endfacet
  facet normal 0.258753836 0.630926013 0.731422424
    outer loop
      vertex 0.0266003199 0.0265598465 0.0293046143
      vertex 0.0266003013 0.0250899475 0.0305725578
      vertex 0.0288752969 0.0247032046 0.0301013421
    endloop
  endfacet
  facet normal 0.258753926 0.630926073 0.731422305
    outer loop
      vertex 0.0266003199 0.0265598465 0.0293046143
      vertex 0.0288752969 0.0247032046 0.0301013421
      vertex 0.0288753137 0.0261504482 0.0288529415
    endloop
  endfacet
  facet normal 0.707005739 0.461924225 0.535508215
    outer loop
      vertex 0.0288753137 0.0261504482 0.0288529415
      vertex 0.0288752969 0.0247032046 0.0301013421
      vertex 0.0305406991 0.0236466564 0.02881396
    endloop
  endfacet
  facet normal 0.707005382 0.461923987 0.535508811
    outer loop
      vertex 0.0288753137 0.0261504482 0.0288529415
      vertex 0.0305406991 0.0236466564 0.02881396
      vertex 0.0305407159 0.0250320043 0.0276189521
    endloop
  endfacet
  facet normal 0.965908289 0.169089451 0.196035445
    outer loop
      vertex 0.0305407159 0.0250320043 0.0276189521
      vertex 0.0305406991 0.0236466564 0.02881396
      vertex 0.0311502665 0.0222034045 0.0270553622
    endloop
  endfacet
  facet normal 0.965908289 0.169089362 0.196035877
    outer loop
      vertex 0.0305407159 0.0250320043 0.0276189521
      vertex 0.0311502665 0.0222034045 0.0270553622
      vertex 0.0311502833 0.0235041995 0.025933288
    endloop
  endfacet
  facet normal 0.965904474 -0.169112921 -0.196034327
    outer loop
      vertex 0.0311502833 0.0235041995 0.025933288
      vertex 0.0311502665 0.0222034045 0.0270553622
      vertex 0.0305406656 0.0207601655 0.0252967626
    endloop
  endfacet
  facet normal 0.965904415 -0.169112816 -0.196034804
    outer loop
      vertex 0.0311502833 0.0235041995 0.025933288
      vertex 0.0305406656 0.0207601655 0.0252967626
      vertex 0.0305406805 0.0219764095 0.0242476221
    endloop
  endfacet
  facet normal 0.706994653 -0.461941481 -0.535507917
    outer loop
      vertex 0.0305406805 0.0219764095 0.0242476221
      vertex 0.0305406656 0.0207601655 0.0252967626
      vertex 0.0288752373 0.0197036583 0.0240093786
    endloop
  endfacet
  facet normal 0.706994772 -0.46194157 -0.53550756
    outer loop
      vertex 0.0305406805 0.0219764095 0.0242476221
      vertex 0.0288752373 0.0197036583 0.0240093786
      vertex 0.0288752504 0.0208580028 0.0230136309
    endloop
  endfacet
  facet normal 0.258739322 -0.630933344 -0.731421232
    outer loop
      vertex 0.0288752504 0.0208580028 0.0230136309
      vertex 0.0288752373 0.0197036583 0.0240093786
      vertex 0.0266002323 0.0193169676 0.0235381629
    endloop
  endfacet
  facet normal 0.25873825 -0.630932212 -0.731422603
    outer loop
      vertex 0.0288752504 0.0208580028 0.0230136309
      vertex 0.0266002323 0.0193169676 0.0235381629
      vertex 0.0266002454 0.0204486586 0.0225619599
    endloop
  endfacet
  facet normal -0.258754313 -0.630926013 -0.731422305
    outer loop
      vertex 0.0266002454 0.0204486586 0.0225619599
      vertex 0.0266002323 0.0193169676 0.0235381629
      vertex 0.0243252367 0.0197037123 0.0240093786
    endloop
  endfacet
  facet normal -0.258753866 -0.630926549 -0.731421947
    outer loop
      vertex 0.0266002454 0.0204486586 0.0225619599
      vertex 0.0243252367 0.0197037123 0.0240093786
      vertex 0.0243252516 0.0208580587 0.0230136309
    endloop
  endfacet
  facet normal -0.707005978 -0.461923987 -0.535507977
    outer loop
      vertex 0.0243252516 0.0208580587 0.0230136309
      vertex 0.0243252367 0.0197037123 0.0240093786
      vertex 0.0226598345 0.0207602605 0.0252967626
    endloop
  endfacet
  facet normal -0.707005858 -0.461924136 -0.535507917
    outer loop
      vertex 0.0243252516 0.0208580587 0.0230136309
      vertex 0.0226598345 0.0207602605 0.0252967626
      vertex 0.0226598494 0.0219765045 0.0242476221
    endloop
  endfacet
  facet normal -0.965908349 -0.169089422 -0.196035117
    outer loop
      vertex 0.0226598494 0.0219765045 0.0242476221
      vertex 0.0226598345 0.0207602605 0.0252967626
      vertex 0.0220502671 0.0222035144 0.0270553622
    endloop
  endfacet
  facet normal -0.965908289 -0.169090018 -0.196035042
    outer loop
      vertex 0.0226598494 0.0219765045 0.0242476221
      vertex 0.0220502671 0.0222035144 0.0270553622
      vertex 0.022050282 0.0235043094 0.025933288
    endloop
  endfacet
  facet normal -0.965904415 0.16911231 0.196035206
    outer loop
      vertex 0.022050282 0.0235043094 0.025933288
      vertex 0.0220502671 0.0222035144 0.0270553622
      vertex 0.022659868 0.0236467514 0.02881396
    endloop
  endfacet
  facet normal -0.965904295 0.169112593 0.196035162
    outer loop
      vertex 0.022050282 0.0235043094 0.025933288
      vertex 0.022659868 0.0236467514 0.02881396
      vertex 0.0226598848 0.0250320993 0.0276189521
    endloop
  endfacet
  facet normal -0.706994355 0.461941004 0.535508692
    outer loop
      vertex 0.0226598848 0.0250320993 0.0276189521
      vertex 0.022659868 0.0236467514 0.02881396
      vertex 0.0243252963 0.0247032586 0.0301013421
    endloop
  endfacet
  facet normal -0.706993878 0.461941838 0.535508513
    outer loop
      vertex 0.0226598848 0.0250320993 0.0276189521
      vertex 0.0243252963 0.0247032586 0.0301013421
      vertex 0.0243253149 0.0261505023 0.0288529415
    endloop
  endfacet
  facet normal -0.258738846 0.630932391 0.731422246
    outer loop
      vertex 0.0243253149 0.0261505023 0.0288529415
      vertex 0.0243252963 0.0247032586 0.0301013421
      vertex 0.0266003013 0.0250899475 0.0305725578
    endloop
  endfacet
  facet normal -0.258738786 0.630932391 0.731422186
    outer loop
      vertex 0.0243253149 0.0261505023 0.0288529415
      vertex 0.0266003013 0.0250899475 0.0305725578
      vertex 0.0266003199 0.0265598465 0.0293046143
    endloop
  endfacet
  facet normal 0.258753538 0.594276965 0.761499465
    outer loop
      vertex 0.0266003013 0.0250899475 0.0305725578
      vertex 0.0266002826 0.0235595983 0.0317668542
      vertex 0.0288752802 0.0231964402 0.0312772319
    endloop
  endfacet
  facet normal 0.258753419 0.594276845 0.761499643
    outer loop
      vertex 0.0266003013 0.0250899475 0.0305725578
      vertex 0.0288752802 0.0231964402 0.0312772319
      vertex 0.0288752969 0.0247032046 0.0301013421
    endloop
  endfacet
  facet normal 0.707005084 0.435091943 0.557529271
    outer loop
      vertex 0.0288752969 0.0247032046 0.0301013421
      vertex 0.0288752802 0.0231964402 0.0312772319
      vertex 0.0305406824 0.0222043358 0.0299395602
    endloop
  endfacet
  facet normal 0.707005322 0.435092211 0.557528675
    outer loop
      vertex 0.0288752969 0.0247032046 0.0301013421
      vertex 0.0305406824 0.0222043358 0.0299395602
      vertex 0.0305406991 0.0236466564 0.02881396
    endloop
  endfacet
  facet normal 0.965908229 0.159267306 0.204096198
    outer loop
      vertex 0.0305406991 0.0236466564 0.02881396
      vertex 0.0305406824 0.0222043358 0.0299395602
      vertex 0.0311502516 0.0208491106 0.0281122606
    endloop
  endfacet
  facet normal 0.96590817 0.159267262 0.204096302
    outer loop
      vertex 0.0305406991 0.0236466564 0.02881396
      vertex 0.0311502516 0.0208491106 0.0281122606
      vertex 0.0311502665 0.0222034045 0.0270553622
    endloop
  endfacet
  facet normal 0.965904415 -0.159289151 -0.204097152
    outer loop
      vertex 0.0311502665 0.0222034045 0.0270553622
      vertex 0.0311502516 0.0208491106 0.0281122606
      vertex 0.0305406507 0.0194939021 0.0262849629
    endloop
  endfacet
  facet normal 0.965904593 -0.159289435 -0.204096258
    outer loop
      vertex 0.0311502665 0.0222034045 0.0270553622
      vertex 0.0305406507 0.0194939021 0.0262849629
      vertex 0.0305406656 0.0207601655 0.0252967626
    endloop
  endfacet
  facet normal 0.706994772 -0.435108125 -0.557529628
    outer loop
      vertex 0.0305406656 0.0207601655 0.0252967626
      vertex 0.0305406507 0.0194939021 0.0262849629
      vertex 0.0288752224 0.0185018349 0.0249472894
    endloop
  endfacet
  facet normal 0.706994951 -0.435108304 -0.55752933
    outer loop
      vertex 0.0305406656 0.0207601655 0.0252967626
      vertex 0.0288752224 0.0185018349 0.0249472894
      vertex 0.0288752373 0.0197036583 0.0240093786
    endloop
  endfacet
  facet normal 0.258739084 -0.594282687 -0.761499882
    outer loop
      vertex 0.0288752373 0.0197036583 0.0240093786
      vertex 0.0288752224 0.0185018349 0.0249472894
      vertex 0.0266002174 0.0181387328 0.024457667
    endloop
  endfacet
  facet normal 0.258739769 -0.594283462 -0.761499166
    outer loop
      vertex 0.0288752373 0.0197036583 0.0240093786
      vertex 0.0266002174 0.0181387328 0.024457667
      vertex 0.0266002323 0.0193169676 0.0235381629
    endloop
  endfacet
  facet normal -0.25875324 -0.594277143 -0.761499465
    outer loop
      vertex 0.0266002323 0.0193169676 0.0235381629
      vertex 0.0266002174 0.0181387328 0.024457667
      vertex 0.0243252218 0.018501889 0.0249472894
    endloop
  endfacet
  facet normal -0.258753866 -0.59427619 -0.761499882
    outer loop
      vertex 0.0266002323 0.0193169676 0.0235381629
      vertex 0.0243252218 0.018501889 0.0249472894
      vertex 0.0243252367 0.0197037123 0.0240093786
    endloop
  endfacet
  facet normal -0.707005858 -0.435090691 -0.557529271
    outer loop
      vertex 0.0243252367 0.0197037123 0.0240093786
      vertex 0.0243252218 0.018501889 0.0249472894
      vertex 0.0226598196 0.0194939971 0.0262849629
    endloop
  endfacet
  facet normal -0.70700568 -0.435091108 -0.557529151
    outer loop
      vertex 0.0243252367 0.0197037123 0.0240093786
      vertex 0.0226598196 0.0194939971 0.0262849629
      vertex 0.0226598345 0.0207602605 0.0252967626
    endloop
  endfacet
  facet normal -0.96590817 -0.159267068 -0.20409672
    outer loop
      vertex 0.0226598345 0.0207602605 0.0252967626
      vertex 0.0226598196 0.0194939971 0.0262849629
      vertex 0.0220502503 0.0208492205 0.0281122606
    endloop
  endfacet
  facet normal -0.965908229 -0.159266293 -0.204096764
    outer loop
      vertex 0.0226598345 0.0207602605 0.0252967626
      vertex 0.0220502503 0.0208492205 0.0281122606
      vertex 0.0220502671 0.0222035144 0.0270553622
    endloop
  endfacet
  facet normal -0.965904534 0.159289822 0.204096287
    outer loop
      vertex 0.0220502671 0.0222035144 0.0270553622
      vertex 0.0220502503 0.0208492205 0.0281122606
      vertex 0.0226598512 0.0222044308 0.0299395602
    endloop
  endfacet
  facet normal -0.965904474 0.159289822 0.204096287
    outer loop
      vertex 0.0220502671 0.0222035144 0.0270553622
      vertex 0.0226598512 0.0222044308 0.0299395602
      vertex 0.022659868 0.0236467514 0.02881396
    endloop
  endfacet
  facet normal -0.706993997 0.435109437 0.557529628
    outer loop
      vertex 0.022659868 0.0236467514 0.02881396
      vertex 0.0226598512 0.0222044308 0.0299395602
      vertex 0.0243252795 0.0231964942 0.0312772319
    endloop
  endfacet
  facet normal -0.706994653 0.435108185 0.557529867
    outer loop
      vertex 0.022659868 0.0236467514 0.02881396
      vertex 0.0243252795 0.0231964942 0.0312772319
      vertex 0.0243252963 0.0247032586 0.0301013421
    endloop
  endfacet
  facet normal -0.25873974 0.594282687 0.761499643
    outer loop
      vertex 0.0243252963 0.0247032586 0.0301013421
      vertex 0.0243252795 0.0231964942 0.0312772319
      vertex 0.0266002826 0.0235595983 0.0317668542
    endloop
  endfacet
  facet normal -0.258739293 0.594283223 0.761499465
    outer loop
      vertex 0.0243252963 0.0247032586 0.0301013421
      vertex 0.0266002826 0.0235595983 0.0317668542
      vertex 0.0266003013 0.0250899475 0.0305725578
    endloop
  endfacet
  facet normal 0.25875327 0.556196392 0.789741874
    outer loop
      vertex 0.0266002826 0.0235595983 0.0317668542
      vertex 0.026600264 0.0219724886 0.0328846239
      vertex 0.0288752597 0.0216337945 0.032377772
    endloop
  endfacet
  facet normal 0.258753061 0.556196272 0.789742172
    outer loop
      vertex 0.0266002826 0.0235595983 0.0317668542
      vertex 0.0288752597 0.0216337945 0.032377772
      vertex 0.0288752802 0.0231964402 0.0312772319
    endloop
  endfacet
  facet normal 0.70700413 0.407211035 0.57820785
    outer loop
      vertex 0.0288752802 0.0231964402 0.0312772319
      vertex 0.0288752597 0.0216337945 0.032377772
      vertex 0.0305406656 0.02070852 0.0309930332
    endloop
  endfacet
  facet normal 0.707004726 0.407211483 0.578206778
    outer loop
      vertex 0.0288752802 0.0231964402 0.0312772319
      vertex 0.0305406656 0.02070852 0.0309930332
      vertex 0.0305406824 0.0222043358 0.0299395602
    endloop
  endfacet
  facet normal 0.96590811 0.149060875 0.211665437
    outer loop
      vertex 0.0305406824 0.0222043358 0.0299395602
      vertex 0.0305406656 0.02070852 0.0309930332
      vertex 0.0311502349 0.0194445886 0.0291014388
    endloop
  endfacet
  facet normal 0.965908051 0.149060741 0.211665884
    outer loop
      vertex 0.0305406824 0.0222043358 0.0299395602
      vertex 0.0311502349 0.0194445886 0.0291014388
      vertex 0.0311502516 0.0208491106 0.0281122606
    endloop
  endfacet
  facet normal 0.965904415 -0.149084046 -0.211666256
    outer loop
      vertex 0.0311502516 0.0208491106 0.0281122606
      vertex 0.0311502349 0.0194445886 0.0291014388
      vertex 0.0305406339 0.0181806739 0.0272098444
    endloop
  endfacet
  facet normal 0.965904534 -0.14908433 -0.211665556
    outer loop
      vertex 0.0311502516 0.0208491106 0.0281122606
      vertex 0.0305406339 0.0181806739 0.0272098444
      vertex 0.0305406507 0.0194939021 0.0262849629
    endloop
  endfacet
  facet normal 0.706995249 -0.407228708 -0.57820636
    outer loop
      vertex 0.0305406507 0.0194939021 0.0262849629
      vertex 0.0305406339 0.0181806739 0.0272098444
      vertex 0.0288752075 0.0172554404 0.0258251019
    endloop
  endfacet
  facet normal 0.70699513 -0.407228619 -0.578206539
    outer loop
      vertex 0.0305406507 0.0194939021 0.0262849629
      vertex 0.0288752075 0.0172554404 0.0258251019
      vertex 0.0288752224 0.0185018349 0.0249472894
    endloop
  endfacet
  facet normal 0.258740544 -0.556203187 -0.789741218
    outer loop
      vertex 0.0288752224 0.0185018349 0.0249472894
      vertex 0.0288752075 0.0172554404 0.0258251019
      vertex 0.0266002044 0.0169167984 0.0253182501
    endloop
  endfacet
  facet normal 0.258739531 -0.556201935 -0.78974241
    outer loop
      vertex 0.0288752224 0.0185018349 0.0249472894
      vertex 0.0266002044 0.0169167984 0.0253182501
      vertex 0.0266002174 0.0181387328 0.024457667
    endloop
  endfacet
  facet normal -0.258753508 -0.556196213 -0.789741993
    outer loop
      vertex 0.0266002174 0.0181387328 0.024457667
      vertex 0.0266002044 0.0169167984 0.0253182501
      vertex 0.0243252069 0.0172554944 0.0258251019
    endloop
  endfacet
  facet normal -0.258752823 -0.556197226 -0.789741457
    outer loop
      vertex 0.0266002174 0.0181387328 0.024457667
      vertex 0.0243252069 0.0172554944 0.0258251019
      vertex 0.0243252218 0.018501889 0.0249472894
    endloop
  endfacet
  facet normal -0.707005203 -0.407211483 -0.578206301
    outer loop
      vertex 0.0243252218 0.018501889 0.0249472894
      vertex 0.0243252069 0.0172554944 0.0258251019
      vertex 0.0226598028 0.0181807689 0.0272098444
    endloop
  endfacet
  facet normal -0.707005441 -0.407210767 -0.57820642
    outer loop
      vertex 0.0243252218 0.018501889 0.0249472894
      vertex 0.0226598028 0.0181807689 0.0272098444
      vertex 0.0226598196 0.0194939971 0.0262849629
    endloop
  endfacet
  facet normal -0.96590817 -0.149060085 -0.211666122
    outer loop
      vertex 0.0226598196 0.0194939971 0.0262849629
      vertex 0.0226598028 0.0181807689 0.0272098444
      vertex 0.0220502336 0.0194446985 0.0291014388
    endloop
  endfacet
  facet normal -0.965908051 -0.149060905 -0.211666107
    outer loop
      vertex 0.0226598196 0.0194939971 0.0262849629
      vertex 0.0220502336 0.0194446985 0.0291014388
      vertex 0.0220502503 0.0208492205 0.0281122606
    endloop
  endfacet
  facet normal -0.965904474 0.149084002 0.211666152
    outer loop
      vertex 0.0220502503 0.0208492205 0.0281122606
      vertex 0.0220502336 0.0194446985 0.0291014388
      vertex 0.0226598345 0.020708615 0.0309930332
    endloop
  endfacet
  facet normal -0.965904593 0.149083048 0.211666137
    outer loop
      vertex 0.0220502503 0.0208492205 0.0281122606
      vertex 0.0226598345 0.020708615 0.0309930332
      vertex 0.0226598512 0.0222044308 0.0299395602
    endloop
  endfacet
  facet normal -0.706995249 0.407227576 0.578207076
    outer loop
      vertex 0.0226598512 0.0222044308 0.0299395602
      vertex 0.0226598345 0.020708615 0.0309930332
      vertex 0.0243252609 0.0216338485 0.0323777758
    endloop
  endfacet
  facet normal -0.706994295 0.407229424 0.578206956
    outer loop
      vertex 0.0226598512 0.0222044308 0.0299395602
      vertex 0.0243252609 0.0216338485 0.0323777758
      vertex 0.0243252795 0.0231964942 0.0312772319
    endloop
  endfacet
  facet normal -0.258738875 0.556204021 0.789741278
    outer loop
      vertex 0.0243252795 0.0231964942 0.0312772319
      vertex 0.0243252609 0.0216338485 0.0323777758
      vertex 0.026600264 0.0219724886 0.0328846239
    endloop
  endfacet
  facet normal -0.258740157 0.556202471 0.789741874
    outer loop
      vertex 0.0243252795 0.0231964942 0.0312772319
      vertex 0.026600264 0.0219724886 0.0328846239
      vertex 0.0266002826 0.0235595983 0.0317668542
    endloop
  endfacet
  facet normal 0.258754611 0.516776204 0.816081047
    outer loop
      vertex 0.026600264 0.0219724886 0.0328846239
      vertex 0.0266002454 0.0203324594 0.033923164
      vertex 0.0288752411 0.0200190414 0.0334003009
    endloop
  endfacet
  facet normal 0.258752823 0.516774535 0.816082776
    outer loop
      vertex 0.026600264 0.0219724886 0.0328846239
      vertex 0.0288752411 0.0200190414 0.0334003009
      vertex 0.0288752597 0.0216337945 0.032377772
    endloop
  endfacet
  facet normal 0.707004368 0.378348798 0.597492218
    outer loop
      vertex 0.0288752597 0.0216337945 0.032377772
      vertex 0.0288752411 0.0200190414 0.0334003009
      vertex 0.030540647 0.0191628281 0.0319718271
    endloop
  endfacet
  facet normal 0.707003832 0.378348202 0.59749341
    outer loop
      vertex 0.0288752597 0.0216337945 0.032377772
      vertex 0.030540647 0.0191628281 0.0319718271
      vertex 0.0305406656 0.02070852 0.0309930332
    endloop
  endfacet
  facet normal 0.965907991 0.138494268 0.218725771
    outer loop
      vertex 0.0305406656 0.02070852 0.0309930332
      vertex 0.030540647 0.0191628281 0.0319718271
      vertex 0.0311502162 0.017993236 0.0300204977
    endloop
  endfacet
  facet normal 0.965907991 0.138494223 0.21872586
    outer loop
      vertex 0.0305406656 0.02070852 0.0309930332
      vertex 0.0311502162 0.017993236 0.0300204977
      vertex 0.0311502349 0.0194445886 0.0291014388
    endloop
  endfacet
  facet normal 0.965904832 -0.138518348 -0.218724817
    outer loop
      vertex 0.0311502349 0.0194445886 0.0291014388
      vertex 0.0311502162 0.017993236 0.0300204977
      vertex 0.030540619 0.0168236587 0.0280691646
    endloop
  endfacet
  facet normal 0.965904534 -0.138517603 -0.218726531
    outer loop
      vertex 0.0311502349 0.0194445886 0.0291014388
      vertex 0.030540619 0.0168236587 0.0280691646
      vertex 0.0305406339 0.0181806739 0.0272098444
    endloop
  endfacet
  facet normal 0.706995726 -0.378365308 -0.597492039
    outer loop
      vertex 0.0305406339 0.0181806739 0.0272098444
      vertex 0.030540619 0.0168236587 0.0280691646
      vertex 0.0288751926 0.0159674846 0.026640689
    endloop
  endfacet
  facet normal 0.706995606 -0.378365159 -0.597492337
    outer loop
      vertex 0.0305406339 0.0181806739 0.0272098444
      vertex 0.0288751926 0.0159674846 0.026640689
      vertex 0.0288752075 0.0172554404 0.0258251019
    endloop
  endfacet
  facet normal 0.258740306 -0.516780615 -0.816082895
    outer loop
      vertex 0.0288752075 0.0172554404 0.0258251019
      vertex 0.0288751926 0.0159674846 0.026640689
      vertex 0.0266001876 0.0156541206 0.0261178315
    endloop
  endfacet
  facet normal 0.258740962 -0.51678139 -0.81608212
    outer loop
      vertex 0.0288752075 0.0172554404 0.0258251019
      vertex 0.0266001876 0.0156541206 0.0261178315
      vertex 0.0266002044 0.0169167984 0.0253182501
    endloop
  endfacet
  facet normal -0.258752763 -0.516774774 -0.816082537
    outer loop
      vertex 0.0266002044 0.0169167984 0.0253182501
      vertex 0.0266001876 0.0156541206 0.0261178315
      vertex 0.024325192 0.0159675386 0.026640689
    endloop
  endfacet
  facet normal -0.258753002 -0.516774476 -0.816082776
    outer loop
      vertex 0.0266002044 0.0169167984 0.0253182501
      vertex 0.024325192 0.0159675386 0.026640689
      vertex 0.0243252069 0.0172554944 0.0258251019
    endloop
  endfacet
  facet normal -0.707005322 -0.378348291 -0.597491503
    outer loop
      vertex 0.0243252069 0.0172554944 0.0258251019
      vertex 0.024325192 0.0159675386 0.026640689
      vertex 0.0226597879 0.0168237537 0.0280691646
    endloop
  endfacet
  facet normal -0.707004786 -0.378349304 -0.597491384
    outer loop
      vertex 0.0243252069 0.0172554944 0.0258251019
      vertex 0.0226597879 0.0168237537 0.0280691646
      vertex 0.0226598028 0.0181807689 0.0272098444
    endloop
  endfacet
  facet normal -0.965907872 -0.138495684 -0.218725398
    outer loop
      vertex 0.0226598028 0.0181807689 0.0272098444
      vertex 0.0226597879 0.0168237537 0.0280691646
      vertex 0.0220502168 0.0179933459 0.0300204977
    endloop
  endfacet
  facet normal -0.965907991 -0.138495177 -0.218725398
    outer loop
      vertex 0.0226598028 0.0181807689 0.0272098444
      vertex 0.0220502168 0.0179933459 0.0300204977
      vertex 0.0220502336 0.0194446985 0.0291014388
    endloop
  endfacet
  facet normal -0.965904593 0.138517857 0.218725964
    outer loop
      vertex 0.0220502336 0.0194446985 0.0291014388
      vertex 0.0220502168 0.0179933459 0.0300204977
      vertex 0.0226598158 0.0191629231 0.0319718309
    endloop
  endfacet
  facet normal -0.965904534 0.138518244 0.218725979
    outer loop
      vertex 0.0220502336 0.0194446985 0.0291014388
      vertex 0.0226598158 0.0191629231 0.0319718309
      vertex 0.0226598345 0.020708615 0.0309930332
    endloop
  endfacet
  facet normal -0.706995666 0.378365755 0.59749192
    outer loop
      vertex 0.0226598345 0.020708615 0.0309930332
      vertex 0.0226598158 0.0191629231 0.0319718309
      vertex 0.0243252404 0.0200190954 0.0334003046
    endloop
  endfacet
  facet normal -0.706995666 0.378365785 0.59749192
    outer loop
      vertex 0.0226598345 0.020708615 0.0309930332
      vertex 0.0243252404 0.0200190954 0.0334003046
      vertex 0.0243252609 0.0216338485 0.0323777758
    endloop
  endfacet
  facet normal -0.258740962 0.516780734 0.816082656
    outer loop
      vertex 0.0243252609 0.0216338485 0.0323777758
      vertex 0.0243252404 0.0200190954 0.0334003046
      vertex 0.0266002454 0.0203324594 0.033923164
    endloop
  endfacet
  facet normal -0.258739352 0.516782641 0.816081882
    outer loop
      vertex 0.0243252609 0.0216338485 0.0323777758
      vertex 0.0266002454 0.0203324594 0.033923164
      vertex 0.026600264 0.0219724886 0.0328846239
    endloop
  endfacet
  facet normal 0.25875175 0.476108491 0.840457141
    outer loop
      vertex 0.0266002454 0.0203324594 0.033923164
      vertex 0.0266002249 0.0186434332 0.0348799825
      vertex 0.0288752206 0.0183560494 0.0343423784
    endloop
  endfacet
  facet normal 0.258754194 0.476110846 0.840455055
    outer loop
      vertex 0.0266002454 0.0203324594 0.033923164
      vertex 0.0288752206 0.0183560494 0.0343423784
      vertex 0.0288752411 0.0200190414 0.0334003009
    endloop
  endfacet
  facet normal 0.707004011 0.348576844 0.615336835
    outer loop
      vertex 0.0288752411 0.0200190414 0.0334003009
      vertex 0.0288752206 0.0183560494 0.0343423784
      vertex 0.0305406265 0.0175709575 0.0328736156
    endloop
  endfacet
  facet normal 0.70700407 0.348576874 0.615336895
    outer loop
      vertex 0.0288752411 0.0200190414 0.0334003009
      vertex 0.0305406265 0.0175709575 0.0328736156
      vertex 0.030540647 0.0191628281 0.0319718271
    endloop
  endfacet
  facet normal 0.965907872 0.127595738 0.225258678
    outer loop
      vertex 0.030540647 0.0191628281 0.0319718271
      vertex 0.0305406265 0.0175709575 0.0328736156
      vertex 0.0311501995 0.0164985228 0.0308672413
    endloop
  endfacet
  facet normal 0.965907931 0.12759608 0.225257933
    outer loop
      vertex 0.030540647 0.0191628281 0.0319718271
      vertex 0.0311501995 0.0164985228 0.0308672413
      vertex 0.0311502162 0.017993236 0.0300204977
    endloop
  endfacet
  facet normal 0.965904832 -0.127618074 -0.225258529
    outer loop
      vertex 0.0311502162 0.017993236 0.0300204977
      vertex 0.0311501995 0.0164985228 0.0308672413
      vertex 0.0305406023 0.0154261012 0.0288608689
    endloop
  endfacet
  facet normal 0.965904951 -0.127618313 -0.225258052
    outer loop
      vertex 0.0311502162 0.017993236 0.0300204977
      vertex 0.0305406023 0.0154261012 0.0288608689
      vertex 0.030540619 0.0168236587 0.0280691646
    endloop
  endfacet
  facet normal 0.706995666 -0.348592073 -0.615337849
    outer loop
      vertex 0.030540619 0.0168236587 0.0280691646
      vertex 0.0305406023 0.0154261012 0.0288608689
      vertex 0.0288751759 0.0146410493 0.0273921043
    endloop
  endfacet
  facet normal 0.706996083 -0.348592579 -0.615337074
    outer loop
      vertex 0.030540619 0.0168236587 0.0280691646
      vertex 0.0288751759 0.0146410493 0.0273921043
      vertex 0.0288751926 0.0159674846 0.026640689
    endloop
  endfacet
  facet normal 0.258740634 -0.476115406 -0.840456665
    outer loop
      vertex 0.0288751926 0.0159674846 0.026640689
      vertex 0.0288751759 0.0146410493 0.0273921043
      vertex 0.0266001727 0.0143537214 0.0268544983
    endloop
  endfacet
  facet normal 0.258740753 -0.476115614 -0.840456545
    outer loop
      vertex 0.0288751926 0.0159674846 0.026640689
      vertex 0.0266001727 0.0143537214 0.0268544983
      vertex 0.0266001876 0.0156541206 0.0261178315
    endloop
  endfacet
  facet normal -0.258752167 -0.476109564 -0.840456367
    outer loop
      vertex 0.0266001876 0.0156541206 0.0261178315
      vertex 0.0266001727 0.0143537214 0.0268544983
      vertex 0.0243251771 0.0146411043 0.0273921043
    endloop
  endfacet
  facet normal -0.258752257 -0.476109445 -0.840456426
    outer loop
      vertex 0.0266001876 0.0156541206 0.0261178315
      vertex 0.0243251771 0.0146411043 0.0273921043
      vertex 0.024325192 0.0159675386 0.026640689
    endloop
  endfacet
  facet normal -0.707004428 -0.34857592 -0.615337014
    outer loop
      vertex 0.024325192 0.0159675386 0.026640689
      vertex 0.0243251771 0.0146411043 0.0273921043
      vertex 0.0226597711 0.0154261962 0.0288608689
    endloop
  endfacet
  facet normal -0.707004964 -0.348574668 -0.615337133
    outer loop
      vertex 0.024325192 0.0159675386 0.026640689
      vertex 0.0226597711 0.0154261962 0.0288608689
      vertex 0.0226597879 0.0168237537 0.0280691646
    endloop
  endfacet
  facet normal -0.965907753 -0.127595574 -0.225258812
    outer loop
      vertex 0.0226597879 0.0168237537 0.0280691646
      vertex 0.0226597711 0.0154261962 0.0288608689
      vertex 0.0220501982 0.0164986327 0.0308672413
    endloop
  endfacet
  facet normal -0.965907872 -0.12759535 -0.225258827
    outer loop
      vertex 0.0226597879 0.0168237537 0.0280691646
      vertex 0.0220501982 0.0164986327 0.0308672413
      vertex 0.0220502168 0.0179933459 0.0300204977
    endloop
  endfacet
  facet normal -0.965904832 0.127618939 0.225257948
    outer loop
      vertex 0.0220502168 0.0179933459 0.0300204977
      vertex 0.0220501982 0.0164986327 0.0308672413
      vertex 0.0226597954 0.0175710525 0.0328736156
    endloop
  endfacet
  facet normal -0.965904713 0.127619728 0.225258037
    outer loop
      vertex 0.0220502168 0.0179933459 0.0300204977
      vertex 0.0226597954 0.0175710525 0.0328736156
      vertex 0.0226598158 0.0191629231 0.0319718309
    endloop
  endfacet
  facet normal -0.706995189 0.348593861 0.615337312
    outer loop
      vertex 0.0226598158 0.0191629231 0.0319718309
      vertex 0.0226597954 0.0175710525 0.0328736156
      vertex 0.0243252218 0.0183561035 0.0343423784
    endloop
  endfacet
  facet normal -0.706995904 0.348592311 0.615337312
    outer loop
      vertex 0.0226598158 0.0191629231 0.0319718309
      vertex 0.0243252218 0.0183561035 0.0343423784
      vertex 0.0243252404 0.0200190954 0.0334003046
    endloop
  endfacet
  facet normal -0.258740336 0.476115853 0.840456545
    outer loop
      vertex 0.0243252404 0.0200190954 0.0334003046
      vertex 0.0243252218 0.0183561035 0.0343423784
      vertex 0.0266002249 0.0186434332 0.0348799825
    endloop
  endfacet
  facet normal -0.258741409 0.476114631 0.840456903
    outer loop
      vertex 0.0243252404 0.0200190954 0.0334003046
      vertex 0.0266002249 0.0186434332 0.0348799825
      vertex 0.0266002454 0.0203324594 0.033923164
    endloop
  endfacet
  facet normal 0.258752763 0.434297323 0.862805188
    outer loop
      vertex 0.0266002249 0.0186434332 0.0348799825
      vertex 0.0266002044 0.0169094913 0.035752777
      vertex 0.0288752001 0.0166488308 0.0352017172
    endloop
  endfacet
  facet normal 0.258751214 0.434295744 0.862806499
    outer loop
      vertex 0.0266002249 0.0186434332 0.0348799825
      vertex 0.0288752001 0.0166488308 0.0352017172
      vertex 0.0288752206 0.0183560494 0.0343423784
    endloop
  endfacet
  facet normal 0.707002878 0.317962289 0.631701529
    outer loop
      vertex 0.0288752206 0.0183560494 0.0343423784
      vertex 0.0288752001 0.0166488308 0.0352017172
      vertex 0.0305406079 0.0159367546 0.0336962044
    endloop
  endfacet
  facet normal 0.707003713 0.317963213 0.631700277
    outer loop
      vertex 0.0288752206 0.0183560494 0.0343423784
      vertex 0.0305406079 0.0159367546 0.0336962044
      vertex 0.0305406265 0.0175709575 0.0328736156
    endloop
  endfacet
  facet normal 0.965907812 0.116389446 0.231247917
    outer loop
      vertex 0.0305406265 0.0175709575 0.0328736156
      vertex 0.0305406079 0.0159367546 0.0336962044
      vertex 0.0311501808 0.0149640599 0.0316396244
    endloop
  endfacet
  facet normal 0.965907574 0.116389029 0.231248766
    outer loop
      vertex 0.0305406265 0.0175709575 0.0328736156
      vertex 0.0311501808 0.0149640599 0.0316396244
      vertex 0.0311501995 0.0164985228 0.0308672413
    endloop
  endfacet
  facet normal 0.965904891 -0.116412491 -0.231248781
    outer loop
      vertex 0.0311501995 0.0164985228 0.0308672413
      vertex 0.0311501808 0.0149640599 0.0316396244
      vertex 0.0305405837 0.0139913792 0.0295830481
    endloop
  endfacet
  facet normal 0.96590507 -0.116413027 -0.231247798
    outer loop
      vertex 0.0311501995 0.0164985228 0.0308672413
      vertex 0.0305405837 0.0139913792 0.0295830481
      vertex 0.0305406023 0.0154261012 0.0288608689
    endloop
  endfacet
  facet normal 0.706996918 -0.31798026 -0.631699264
    outer loop
      vertex 0.0305406023 0.0154261012 0.0288608689
      vertex 0.0305405837 0.0139913792 0.0295830481
      vertex 0.028875161 0.0132793421 0.0280775297
    endloop
  endfacet
  facet normal 0.706996083 -0.317979068 -0.631700933
    outer loop
      vertex 0.0305406023 0.0154261012 0.0288608689
      vertex 0.028875161 0.0132793421 0.0280775297
      vertex 0.0288751759 0.0146410493 0.0273921043
    endloop
  endfacet
  facet normal 0.258740783 -0.434302658 -0.862806082
    outer loop
      vertex 0.0288751759 0.0146410493 0.0273921043
      vertex 0.028875161 0.0132793421 0.0280775297
      vertex 0.026600156 0.0130187394 0.0275264718
    endloop
  endfacet
  facet normal 0.25874117 -0.434303194 -0.862805784
    outer loop
      vertex 0.0288751759 0.0146410493 0.0273921043
      vertex 0.026600156 0.0130187394 0.0275264718
      vertex 0.0266001727 0.0143537214 0.0268544983
    endloop
  endfacet
  facet normal -0.258751601 -0.434296697 -0.862805843
    outer loop
      vertex 0.0266001727 0.0143537214 0.0268544983
      vertex 0.026600156 0.0130187394 0.0275264718
      vertex 0.0243251603 0.013279397 0.0280775297
    endloop
  endfacet
  facet normal -0.25875169 -0.434296578 -0.862805903
    outer loop
      vertex 0.0266001727 0.0143537214 0.0268544983
      vertex 0.0243251603 0.013279397 0.0280775297
      vertex 0.0243251771 0.0146411043 0.0273921043
    endloop
  endfacet
  facet normal -0.70700407 -0.317962319 -0.631700277
    outer loop
      vertex 0.0243251771 0.0146411043 0.0273921043
      vertex 0.0243251603 0.013279397 0.0280775297
      vertex 0.0226597525 0.0139914742 0.0295830481
    endloop
  endfacet
  facet normal -0.707004011 -0.317962378 -0.631700218
    outer loop
      vertex 0.0243251771 0.0146411043 0.0273921043
      vertex 0.0226597525 0.0139914742 0.0295830481
      vertex 0.0226597711 0.0154261962 0.0288608689
    endloop
  endfacet
  facet normal -0.965907753 -0.11638844 -0.231248766
    outer loop
      vertex 0.0226597711 0.0154261962 0.0288608689
      vertex 0.0226597525 0.0139914742 0.0295830481
      vertex 0.0220501795 0.0149641698 0.0316396244
    endloop
  endfacet
  facet normal -0.965907574 -0.116389066 -0.231248826
    outer loop
      vertex 0.0226597711 0.0154261962 0.0288608689
      vertex 0.0220501795 0.0149641698 0.0316396244
      vertex 0.0220501982 0.0164986327 0.0308672413
    endloop
  endfacet
  facet normal -0.965904891 0.116412319 0.231248453
    outer loop
      vertex 0.0220501982 0.0164986327 0.0308672413
      vertex 0.0220501795 0.0149641698 0.0316396244
      vertex 0.0226597767 0.0159368496 0.0336962044
    endloop
  endfacet
  facet normal -0.965904951 0.116411664 0.231248349
    outer loop
      vertex 0.0220501982 0.0164986327 0.0308672413
      vertex 0.0226597767 0.0159368496 0.0336962044
      vertex 0.0226597954 0.0175710525 0.0328736156
    endloop
  endfacet
  facet normal -0.706995308 0.317979842 0.63170141
    outer loop
      vertex 0.0226597954 0.0175710525 0.0328736156
      vertex 0.0226597767 0.0159368496 0.0336962044
      vertex 0.0243252013 0.0166488849 0.0352017172
    endloop
  endfacet
  facet normal -0.706995547 0.317979127 0.631701291
    outer loop
      vertex 0.0226597954 0.0175710525 0.0328736156
      vertex 0.0243252013 0.0166488849 0.0352017172
      vertex 0.0243252218 0.0183561035 0.0343423784
    endloop
  endfacet
  facet normal -0.258742362 0.434301823 0.862806141
    outer loop
      vertex 0.0243252218 0.0183561035 0.0343423784
      vertex 0.0243252013 0.0166488849 0.0352017172
      vertex 0.0266002044 0.0169094913 0.035752777
    endloop
  endfacet
  facet normal -0.258740813 0.434303671 0.862805605
    outer loop
      vertex 0.0243252218 0.0183561035 0.0343423784
      vertex 0.0266002044 0.0169094913 0.035752777
      vertex 0.0266002249 0.0186434332 0.0348799825
    endloop
  endfacet
  facet normal 0.258750796 0.391438127 0.883076489
    outer loop
      vertex 0.0266002044 0.0169094913 0.035752777
      vertex 0.0266001821 0.0151348291 0.0365394317
      vertex 0.0288751796 0.0149015235 0.0359762497
    endloop
  endfacet
  facet normal 0.258752286 0.391439676 0.883075476
    outer loop
      vertex 0.0266002044 0.0169094913 0.035752777
      vertex 0.0288751796 0.0149015235 0.0359762497
      vertex 0.0288752001 0.0166488308 0.0352017172
    endloop
  endfacet
  facet normal 0.707003295 0.286585242 0.64654094
    outer loop
      vertex 0.0288752001 0.0166488308 0.0352017172
      vertex 0.0288751796 0.0149015235 0.0359762497
      vertex 0.0305405874 0.0142641775 0.034437608
    endloop
  endfacet
  facet normal 0.707002461 0.286584258 0.646542251
    outer loop
      vertex 0.0288752001 0.0166488308 0.0352017172
      vertex 0.0305405874 0.0142641775 0.034437608
      vertex 0.0305406079 0.0159367546 0.0336962044
    endloop
  endfacet
  facet normal 0.965907574 0.104902029 0.236681506
    outer loop
      vertex 0.0305406079 0.0159367546 0.0336962044
      vertex 0.0305405874 0.0142641775 0.034437608
      vertex 0.0311501622 0.0133935632 0.0323357806
    endloop
  endfacet
  facet normal 0.965907753 0.104902424 0.23668091
    outer loop
      vertex 0.0305406079 0.0159367546 0.0336962044
      vertex 0.0311501622 0.0133935632 0.0323357806
      vertex 0.0311501808 0.0149640599 0.0316396244
    endloop
  endfacet
  facet normal 0.96590513 -0.104925424 -0.236681163
    outer loop
      vertex 0.0311501808 0.0149640599 0.0316396244
      vertex 0.0311501622 0.0133935632 0.0323357806
      vertex 0.0305405669 0.0125229647 0.0302339513
    endloop
  endfacet
  facet normal 0.965904951 -0.10492491 -0.236681968
    outer loop
      vertex 0.0311501808 0.0149640599 0.0316396244
      vertex 0.0305405669 0.0125229647 0.0302339513
      vertex 0.0305405837 0.0139913792 0.0295830481
    endloop
  endfacet
  facet normal 0.706996739 -0.286600173 -0.646541536
    outer loop
      vertex 0.0305405837 0.0139913792 0.0295830481
      vertex 0.0305405669 0.0125229647 0.0302339513
      vertex 0.0288751442 0.011885657 0.0286953095
    endloop
  endfacet
  facet normal 0.706997335 -0.286601007 -0.646540582
    outer loop
      vertex 0.0305405837 0.0139913792 0.0295830481
      vertex 0.0288751442 0.011885657 0.0286953095
      vertex 0.028875161 0.0132793421 0.0280775297
    endloop
  endfacet
  facet normal 0.25874123 -0.391445011 -0.88307637
    outer loop
      vertex 0.028875161 0.0132793421 0.0280775297
      vertex 0.0288751442 0.011885657 0.0286953095
      vertex 0.0266001411 0.0116524072 0.0281321276
    endloop
  endfacet
  facet normal 0.258741319 -0.39144513 -0.883076191
    outer loop
      vertex 0.028875161 0.0132793421 0.0280775297
      vertex 0.0266001411 0.0116524072 0.0281321276
      vertex 0.026600156 0.0130187394 0.0275264718
    endloop
  endfacet
  facet normal -0.258750618 -0.391439408 -0.883076012
    outer loop
      vertex 0.026600156 0.0130187394 0.0275264718
      vertex 0.0266001411 0.0116524072 0.0281321276
      vertex 0.0243251435 0.0118857119 0.0286953095
    endloop
  endfacet
  facet normal -0.258751124 -0.391438693 -0.883076191
    outer loop
      vertex 0.026600156 0.0130187394 0.0275264718
      vertex 0.0243251435 0.0118857119 0.0286953095
      vertex 0.0243251603 0.013279397 0.0280775297
    endloop
  endfacet
  facet normal -0.707003534 -0.286584288 -0.646541178
    outer loop
      vertex 0.0243251603 0.013279397 0.0280775297
      vertex 0.0243251435 0.0118857119 0.0286953095
      vertex 0.0226597358 0.0125230597 0.0302339513
    endloop
  endfacet
  facet normal -0.707003713 -0.286583871 -0.646541178
    outer loop
      vertex 0.0243251603 0.013279397 0.0280775297
      vertex 0.0226597358 0.0125230597 0.0302339513
      vertex 0.0226597525 0.0139914742 0.0295830481
    endloop
  endfacet
  facet normal -0.965907574 -0.104902498 -0.236681178
    outer loop
      vertex 0.0226597525 0.0139914742 0.0295830481
      vertex 0.0226597358 0.0125230597 0.0302339513
      vertex 0.0220501609 0.0133936731 0.0323357806
    endloop
  endfacet
  facet normal -0.965907574 -0.104902551 -0.236681193
    outer loop
      vertex 0.0226597525 0.0139914742 0.0295830481
      vertex 0.0220501609 0.0133936731 0.0323357806
      vertex 0.0220501795 0.0149641698 0.0316396244
    endloop
  endfacet
  facet normal -0.96590513 0.104925498 0.236681327
    outer loop
      vertex 0.0220501795 0.0149641698 0.0316396244
      vertex 0.0220501609 0.0133936731 0.0323357806
      vertex 0.0226597562 0.0142642716 0.034437608
    endloop
  endfacet
  facet normal -0.965905011 0.104925543 0.236681312
    outer loop
      vertex 0.0220501795 0.0149641698 0.0316396244
      vertex 0.0226597562 0.0142642716 0.034437608
      vertex 0.0226597767 0.0159368496 0.0336962044
    endloop
  endfacet
  facet normal -0.706996679 0.286600977 0.646541297
    outer loop
      vertex 0.0226597767 0.0159368496 0.0336962044
      vertex 0.0226597562 0.0142642716 0.034437608
      vertex 0.0243251789 0.0149015784 0.0359762497
    endloop
  endfacet
  facet normal -0.706995666 0.286602974 0.646541476
    outer loop
      vertex 0.0226597767 0.0159368496 0.0336962044
      vertex 0.0243251789 0.0149015784 0.0359762497
      vertex 0.0243252013 0.0166488849 0.0352017172
    endloop
  endfacet
  facet normal -0.258741349 0.391446322 0.883075655
    outer loop
      vertex 0.0243252013 0.0166488849 0.0352017172
      vertex 0.0243251789 0.0149015784 0.0359762497
      vertex 0.0266001821 0.0151348291 0.0365394317
    endloop
  endfacet
  facet normal -0.258742809 0.391444474 0.883076131
    outer loop
      vertex 0.0243252013 0.0166488849 0.0352017172
      vertex 0.0266001821 0.0151348291 0.0365394317
      vertex 0.0266002044 0.0169094913 0.035752777
    endloop
  endfacet
  facet normal 0.258749574 0.347635776 0.901220381
    outer loop
      vertex 0.0266001821 0.0151348291 0.0365394317
      vertex 0.0266001616 0.0133236879 0.0372380652
      vertex 0.0288751591 0.0131182978 0.0366641171
    endloop
  endfacet
  facet normal 0.25875029 0.347636551 0.901219845
    outer loop
      vertex 0.0266001821 0.0151348291 0.0365394317
      vertex 0.0288751591 0.0131182978 0.0366641171
      vertex 0.0288751796 0.0149015235 0.0359762497
    endloop
  endfacet
  facet normal 0.707003117 0.254514873 0.659824789
    outer loop
      vertex 0.0288751796 0.0149015235 0.0359762497
      vertex 0.0288751591 0.0131182978 0.0366641171
      vertex 0.0305405669 0.0125572169 0.0350960568
    endloop
  endfacet
  facet normal 0.707002938 0.254514664 0.659825027
    outer loop
      vertex 0.0288751796 0.0149015235 0.0359762497
      vertex 0.0305405669 0.0125572169 0.0350960568
      vertex 0.0305405874 0.0142641775 0.034437608
    endloop
  endfacet
  facet normal 0.965907633 0.0931622908 0.24154368
    outer loop
      vertex 0.0305405874 0.0142641775 0.034437608
      vertex 0.0305405669 0.0125572169 0.0350960568
      vertex 0.0311501417 0.0117907841 0.0329540409
    endloop
  endfacet
  facet normal 0.965907395 0.0931616947 0.24154453
    outer loop
      vertex 0.0305405874 0.0142641775 0.034437608
      vertex 0.0311501417 0.0117907841 0.0329540409
      vertex 0.0311501622 0.0133935632 0.0323357806
    endloop
  endfacet
  facet normal 0.965905249 -0.0931860805 -0.24154374
    outer loop
      vertex 0.0311501622 0.0133935632 0.0323357806
      vertex 0.0311501417 0.0117907841 0.0329540409
      vertex 0.0305405483 0.0110243661 0.0308120269
    endloop
  endfacet
  facet normal 0.965905309 -0.0931860879 -0.241543725
    outer loop
      vertex 0.0311501622 0.0133935632 0.0323357806
      vertex 0.0305405483 0.0110243661 0.0308120269
      vertex 0.0305405669 0.0125229647 0.0302339513
    endloop
  endfacet
  facet normal 0.706997097 -0.254532218 -0.659824491
    outer loop
      vertex 0.0305405669 0.0125229647 0.0302339513
      vertex 0.0305405483 0.0110243661 0.0308120269
      vertex 0.0288751256 0.0104633244 0.0292439647
    endloop
  endfacet
  facet normal 0.706997037 -0.254532129 -0.65982461
    outer loop
      vertex 0.0305405669 0.0125229647 0.0302339513
      vertex 0.0288751256 0.0104633244 0.0292439647
      vertex 0.0288751442 0.011885657 0.0286953095
    endloop
  endfacet
  facet normal 0.25874126 -0.347642869 -0.901219964
    outer loop
      vertex 0.0288751442 0.011885657 0.0286953095
      vertex 0.0288751256 0.0104633244 0.0292439647
      vertex 0.0266001243 0.0102579892 0.0286700167
    endloop
  endfacet
  facet normal 0.258741766 -0.347643584 -0.901219487
    outer loop
      vertex 0.0288751442 0.011885657 0.0286953095
      vertex 0.0266001243 0.0102579892 0.0286700167
      vertex 0.0266001411 0.0116524072 0.0281321276
    endloop
  endfacet
  facet normal -0.258750081 -0.347637355 -0.901219487
    outer loop
      vertex 0.0266001411 0.0116524072 0.0281321276
      vertex 0.0266001243 0.0102579892 0.0286700167
      vertex 0.0243251268 0.0104633784 0.0292439666
    endloop
  endfacet
  facet normal -0.258750141 -0.347637236 -0.901219547
    outer loop
      vertex 0.0266001411 0.0116524072 0.0281321276
      vertex 0.0243251268 0.0104633784 0.0292439666
      vertex 0.0243251435 0.0118857119 0.0286953095
    endloop
  endfacet
  facet normal -0.707003176 -0.254515201 -0.65982455
    outer loop
      vertex 0.0243251435 0.0118857119 0.0286953095
      vertex 0.0243251268 0.0104633784 0.0292439666
      vertex 0.0226597171 0.0110244611 0.0308120288
    endloop
  endfacet
  facet normal -0.707003176 -0.254515499 -0.65982461
    outer loop
      vertex 0.0243251435 0.0118857119 0.0286953095
      vertex 0.0226597171 0.0110244611 0.0308120288
      vertex 0.0226597358 0.0125230597 0.0302339513
    endloop
  endfacet
  facet normal -0.965907454 -0.093162477 -0.241543993
    outer loop
      vertex 0.0226597358 0.0125230597 0.0302339513
      vertex 0.0226597171 0.0110244611 0.0308120288
      vertex 0.0220501423 0.011790893 0.0329540409
    endloop
  endfacet
  facet normal -0.965907454 -0.0931625813 -0.241544038
    outer loop
      vertex 0.0226597358 0.0125230597 0.0302339513
      vertex 0.0220501423 0.011790893 0.0329540409
      vertex 0.0220501609 0.0133936731 0.0323357806
    endloop
  endfacet
  facet normal -0.965905368 0.0931849852 0.241543964
    outer loop
      vertex 0.0220501609 0.0133936731 0.0323357806
      vertex 0.0220501423 0.011790893 0.0329540409
      vertex 0.0226597358 0.012557311 0.0350960568
    endloop
  endfacet
  facet normal -0.96590519 0.0931856409 0.241544113
    outer loop
      vertex 0.0220501609 0.0133936731 0.0323357806
      vertex 0.0226597358 0.012557311 0.0350960568
      vertex 0.0226597562 0.0142642716 0.034437608
    endloop
  endfacet
  facet normal -0.706996799 0.254531652 0.659825087
    outer loop
      vertex 0.0226597562 0.0142642716 0.034437608
      vertex 0.0226597358 0.012557311 0.0350960568
      vertex 0.0243251584 0.0131183527 0.0366641171
    endloop
  endfacet
  facet normal -0.706996977 0.254531175 0.659825087
    outer loop
      vertex 0.0226597562 0.0142642716 0.034437608
      vertex 0.0243251584 0.0131183527 0.0366641171
      vertex 0.0243251789 0.0149015784 0.0359762497
    endloop
  endfacet
  facet normal -0.258741111 0.347642601 0.901220083
    outer loop
      vertex 0.0243251789 0.0149015784 0.0359762497
      vertex 0.0243251584 0.0131183527 0.0366641171
      vertex 0.0266001616 0.0133236879 0.0372380652
    endloop
  endfacet
  facet normal -0.258741885 0.347641557 0.901220262
    outer loop
      vertex 0.0243251789 0.0149015784 0.0359762497
      vertex 0.0266001616 0.0133236879 0.0372380652
      vertex 0.0266001821 0.0151348291 0.0365394317
    endloop
  endfacet
  facet normal 0.258750021 0.302996516 0.917192161
    outer loop
      vertex 0.0266001616 0.0133236879 0.0372380652
      vertex 0.0266001392 0.0114804478 0.0378469899
      vertex 0.0288751367 0.0113034667 0.0372636542
    endloop
  endfacet
  facet normal 0.258748978 0.302995324 0.917192876
    outer loop
      vertex 0.0266001616 0.0133236879 0.0372380652
      vertex 0.0288751367 0.0113034667 0.0372636542
      vertex 0.0288751591 0.0131182978 0.0366641171
    endloop
  endfacet
  facet normal 0.70700258 0.221830636 0.671519637
    outer loop
      vertex 0.0288751591 0.0131182978 0.0366641171
      vertex 0.0288751367 0.0113034667 0.0372636542
      vertex 0.0305405464 0.0108200032 0.0356699526
    endloop
  endfacet
  facet normal 0.707002759 0.221830919 0.671519339
    outer loop
      vertex 0.0288751591 0.0131182978 0.0366641171
      vertex 0.0305405464 0.0108200032 0.0356699526
      vertex 0.0305405669 0.0125572169 0.0350960568
    endloop
  endfacet
  facet normal 0.965907395 0.0811979175 0.245824978
    outer loop
      vertex 0.0305405669 0.0125572169 0.0350960568
      vertex 0.0305405464 0.0108200032 0.0356699526
      vertex 0.0311501231 0.0101595977 0.0334929116
    endloop
  endfacet
  facet normal 0.965907454 0.0811983421 0.245824441
    outer loop
      vertex 0.0305405669 0.0125572169 0.0350960568
      vertex 0.0311501231 0.0101595977 0.0334929116
      vertex 0.0311501417 0.0117907841 0.0329540409
    endloop
  endfacet
  facet normal 0.965905309 -0.0812207311 -0.245825499
    outer loop
      vertex 0.0311501417 0.0117907841 0.0329540409
      vertex 0.0311501231 0.0101595977 0.0334929116
      vertex 0.0305405296 0.00949920714 0.0313158706
    endloop
  endfacet
  facet normal 0.965905428 -0.0812212154 -0.245824829
    outer loop
      vertex 0.0311501417 0.0117907841 0.0329540409
      vertex 0.0305405296 0.00949920714 0.0313158706
      vertex 0.0305405483 0.0110243661 0.0308120269
    endloop
  endfacet
  facet normal 0.706997395 -0.221848264 -0.67151922
    outer loop
      vertex 0.0305405483 0.0110243661 0.0308120269
      vertex 0.0305405296 0.00949920714 0.0313158706
      vertex 0.0288751088 0.00901578274 0.029722169
    endloop
  endfacet
  facet normal 0.706997514 -0.221848592 -0.671518922
    outer loop
      vertex 0.0305405483 0.0110243661 0.0308120269
      vertex 0.0288751088 0.00901578274 0.029722169
      vertex 0.0288751256 0.0104633244 0.0292439647
    endloop
  endfacet
  facet normal 0.258742779 -0.303003103 -0.917192101
    outer loop
      vertex 0.0288751256 0.0104633244 0.0292439647
      vertex 0.0288751088 0.00901578274 0.029722169
      vertex 0.0266001076 0.00883885659 0.0291388333
    endloop
  endfacet
  facet normal 0.258741796 -0.303001672 -0.917192757
    outer loop
      vertex 0.0288751256 0.0104633244 0.0292439647
      vertex 0.0266001076 0.00883885659 0.0291388333
      vertex 0.0266001243 0.0102579892 0.0286700167
    endloop
  endfacet
  facet normal -0.258749723 -0.302995503 -0.917192578
    outer loop
      vertex 0.0266001243 0.0102579892 0.0286700167
      vertex 0.0266001076 0.00883885659 0.0291388333
      vertex 0.0243251082 0.00901583675 0.029722169
    endloop
  endfacet
  facet normal -0.258749574 -0.302995771 -0.917192638
    outer loop
      vertex 0.0266001243 0.0102579892 0.0286700167
      vertex 0.0243251082 0.00901583675 0.029722169
      vertex 0.0243251268 0.0104633784 0.0292439666
    endloop
  endfacet
  facet normal -0.707002699 -0.221830666 -0.671519458
    outer loop
      vertex 0.0243251268 0.0104633784 0.0292439666
      vertex 0.0243251082 0.00901583675 0.029722169
      vertex 0.0226596985 0.00949930213 0.0313158706
    endloop
  endfacet
  facet normal -0.707002878 -0.221830294 -0.671519518
    outer loop
      vertex 0.0243251268 0.0104633784 0.0292439666
      vertex 0.0226596985 0.00949930213 0.0313158706
      vertex 0.0226597171 0.0110244611 0.0308120288
    endloop
  endfacet
  facet normal -0.965907395 -0.0811974332 -0.245825171
    outer loop
      vertex 0.0226597171 0.0110244611 0.0308120288
      vertex 0.0226596985 0.00949930213 0.0313158706
      vertex 0.0220501218 0.0101597067 0.0334929116
    endloop
  endfacet
  facet normal -0.965907335 -0.0811974555 -0.245825186
    outer loop
      vertex 0.0226597171 0.0110244611 0.0308120288
      vertex 0.0220501218 0.0101597067 0.0334929116
      vertex 0.0220501423 0.011790893 0.0329540409
    endloop
  endfacet
  facet normal -0.965905309 0.0812217295 0.245825186
    outer loop
      vertex 0.0220501423 0.011790893 0.0329540409
      vertex 0.0220501218 0.0101597067 0.0334929116
      vertex 0.0226597153 0.0108200973 0.0356699526
    endloop
  endfacet
  facet normal -0.965905488 0.0812206864 0.245824859
    outer loop
      vertex 0.0220501423 0.011790893 0.0329540409
      vertex 0.0226597153 0.0108200973 0.0356699526
      vertex 0.0226597358 0.012557311 0.0350960568
    endloop
  endfacet
  facet normal -0.706997395 0.221847624 0.671519458
    outer loop
      vertex 0.0226597358 0.012557311 0.0350960568
      vertex 0.0226597153 0.0108200973 0.0356699526
      vertex 0.0243251361 0.0113035217 0.0372636542
    endloop
  endfacet
  facet normal -0.706997156 0.221847981 0.671519458
    outer loop
      vertex 0.0226597358 0.012557311 0.0350960568
      vertex 0.0243251361 0.0113035217 0.0372636542
      vertex 0.0243251584 0.0131183527 0.0366641171
    endloop
  endfacet
  facet normal -0.258742541 0.303001612 0.917192638
    outer loop
      vertex 0.0243251584 0.0131183527 0.0366641171
      vertex 0.0243251361 0.0113035217 0.0372636542
      vertex 0.0266001392 0.0114804478 0.0378469899
    endloop
  endfacet
  facet normal -0.258741617 0.303002864 0.917192459
    outer loop
      vertex 0.0243251584 0.0131183527 0.0366641171
      vertex 0.0266001392 0.0114804478 0.0378469899
      vertex 0.0266001616 0.0133236879 0.0372380652
    endloop
  endfacet
  facet normal 0.258749276 0.257627308 0.930954874
    outer loop
      vertex 0.0266001392 0.0114804478 0.0378469899
      vertex 0.0266001169 0.00960954931 0.0383647382
      vertex 0.0288751144 0.00946140476 0.0377734229
    endloop
  endfacet
  facet normal 0.258749455 0.257627517 0.930954754
    outer loop
      vertex 0.0266001392 0.0114804478 0.0378469899
      vertex 0.0288751144 0.00946140476 0.0377734229
      vertex 0.0288751367 0.0113034667 0.0372636542
    endloop
  endfacet
  facet normal 0.707002342 0.188614801 0.681595325
    outer loop
      vertex 0.0288751367 0.0113034667 0.0372636542
      vertex 0.0288751144 0.00946140476 0.0377734229
      vertex 0.0305405259 0.00905672368 0.0361579172
    endloop
  endfacet
  facet normal 0.707002103 0.188614488 0.681595564
    outer loop
      vertex 0.0288751367 0.0113034667 0.0372636542
      vertex 0.0305405259 0.00905672368 0.0361579172
      vertex 0.0305405464 0.0108200032 0.0356699526
    endloop
  endfacet
  facet normal 0.965907335 0.0690383166 0.249513254
    outer loop
      vertex 0.0305405464 0.0108200032 0.0356699526
      vertex 0.0305405259 0.00905672368 0.0361579172
      vertex 0.0311501026 0.00850393623 0.0339510962
    endloop
  endfacet
  facet normal 0.965907216 0.0690379664 0.249513656
    outer loop
      vertex 0.0305405464 0.0108200032 0.0356699526
      vertex 0.0311501026 0.00850393623 0.0339510962
      vertex 0.0311501231 0.0101595977 0.0334929116
    endloop
  endfacet
  facet normal 0.965905368 -0.06906192 -0.24951376
    outer loop
      vertex 0.0311501231 0.0101595977 0.0334929116
      vertex 0.0311501026 0.00850393623 0.0339510962
      vertex 0.030540511 0.00795116276 0.0317442752
    endloop
  endfacet
  facet normal 0.965905428 -0.0690618902 -0.249513835
    outer loop
      vertex 0.0311501231 0.0101595977 0.0334929116
      vertex 0.030540511 0.00795116276 0.0317442752
      vertex 0.0305405296 0.00949920714 0.0313158706
    endloop
  endfacet
  facet normal 0.706998408 -0.188632458 -0.681594491
    outer loop
      vertex 0.0305405296 0.00949920714 0.0313158706
      vertex 0.030540511 0.00795116276 0.0317442752
      vertex 0.028875092 0.00754652033 0.0301287696
    endloop
  endfacet
  facet normal 0.706997752 -0.188631326 -0.681595445
    outer loop
      vertex 0.0305405296 0.00949920714 0.0313158706
      vertex 0.028875092 0.00754652033 0.0301287696
      vertex 0.0288751088 0.00901578274 0.029722169
    endloop
  endfacet
  facet normal 0.258743554 -0.257633388 -0.930954874
    outer loop
      vertex 0.0288751088 0.00901578274 0.029722169
      vertex 0.028875092 0.00754652033 0.0301287696
      vertex 0.0266000889 0.00739843072 0.0295374524
    endloop
  endfacet
  facet normal 0.258743286 -0.257632971 -0.930954874
    outer loop
      vertex 0.0288751088 0.00901578274 0.029722169
      vertex 0.0266000889 0.00739843072 0.0295374524
      vertex 0.0266001076 0.00883885659 0.0291388333
    endloop
  endfacet
  facet normal -0.258749962 -0.257626325 -0.930954993
    outer loop
      vertex 0.0266001076 0.00883885659 0.0291388333
      vertex 0.0266000889 0.00739843072 0.0295374524
      vertex 0.0243250914 0.00754657481 0.0301287696
    endloop
  endfacet
  facet normal -0.258749187 -0.257627577 -0.930954874
    outer loop
      vertex 0.0266001076 0.00883885659 0.0291388333
      vertex 0.0243250914 0.00754657481 0.0301287696
      vertex 0.0243251082 0.00901583675 0.029722169
    endloop
  endfacet
  facet normal -0.707002401 -0.188615158 -0.681595087
    outer loop
      vertex 0.0243251082 0.00901583675 0.029722169
      vertex 0.0243250914 0.00754657481 0.0301287696
      vertex 0.0226596799 0.00795125775 0.0317442752
    endloop
  endfacet
  facet normal -0.707002342 -0.188615635 -0.681595206
    outer loop
      vertex 0.0243251082 0.00901583675 0.029722169
      vertex 0.0226596799 0.00795125775 0.0317442752
      vertex 0.0226596985 0.00949930213 0.0313158706
    endloop
  endfacet
  facet normal -0.965907335 -0.0690384805 -0.249513224
    outer loop
      vertex 0.0226596985 0.00949930213 0.0313158706
      vertex 0.0226596799 0.00795125775 0.0317442752
      vertex 0.0220501032 0.0085040452 0.0339510962
    endloop
  endfacet
  facet normal -0.965907216 -0.0690389872 -0.249513373
    outer loop
      vertex 0.0226596985 0.00949930213 0.0313158706
      vertex 0.0220501032 0.0085040452 0.0339510962
      vertex 0.0220501218 0.0101597067 0.0334929116
    endloop
  endfacet
  facet normal -0.965905368 0.0690609142 0.249514043
    outer loop
      vertex 0.0220501218 0.0101597067 0.0334929116
      vertex 0.0220501032 0.0085040452 0.0339510962
      vertex 0.0226596948 0.00905681774 0.0361579172
    endloop
  endfacet
  facet normal -0.965905488 0.0690609813 0.249514103
    outer loop
      vertex 0.0220501218 0.0101597067 0.0334929116
      vertex 0.0226596948 0.00905681774 0.0361579172
      vertex 0.0226597153 0.0108200973 0.0356699526
    endloop
  endfacet
  facet normal -0.706998408 0.188630745 0.681595027
    outer loop
      vertex 0.0226597153 0.0108200973 0.0356699526
      vertex 0.0226596948 0.00905681774 0.0361579172
      vertex 0.0243251137 0.0094614597 0.0377734229
    endloop
  endfacet
  facet normal -0.706997812 0.188631982 0.681595325
    outer loop
      vertex 0.0226597153 0.0108200973 0.0356699526
      vertex 0.0243251137 0.0094614597 0.0377734229
      vertex 0.0243251361 0.0113035217 0.0372636542
    endloop
  endfacet
  facet normal -0.258742869 0.257633805 0.930954874
    outer loop
      vertex 0.0243251361 0.0113035217 0.0372636542
      vertex 0.0243251137 0.0094614597 0.0377734229
      vertex 0.0266001169 0.00960954931 0.0383647382
    endloop
  endfacet
  facet normal -0.258743107 0.257633477 0.930954874
    outer loop
      vertex 0.0243251361 0.0113035217 0.0372636542
      vertex 0.0266001169 0.00960954931 0.0383647382
      vertex 0.0266001392 0.0114804478 0.0378469899
    endloop
  endfacet
  facet normal 0.258749098 0.211635545 0.94247508
    outer loop
      vertex 0.0266001169 0.00960954931 0.0383647382
      vertex 0.0266000945 0.00771551812 0.0387900546
      vertex 0.028875092 0.00759656727 0.0381921828
    endloop
  endfacet
  facet normal 0.25874871 0.211635098 0.942475319
    outer loop
      vertex 0.0266001169 0.00960954931 0.0383647382
      vertex 0.028875092 0.00759656727 0.0381921828
      vertex 0.0288751144 0.00946140476 0.0377734229
    endloop
  endfacet
  facet normal 0.70700103 0.154941872 0.690030813
    outer loop
      vertex 0.0288751144 0.00946140476 0.0377734229
      vertex 0.028875092 0.00759656727 0.0381921828
      vertex 0.0305405036 0.00727164093 0.0365587734
    endloop
  endfacet
  facet normal 0.707001984 0.154943392 0.690029562
    outer loop
      vertex 0.0288751144 0.00946140476 0.0377734229
      vertex 0.0305405036 0.00727164093 0.0365587734
      vertex 0.0305405259 0.00905672368 0.0361579172
    endloop
  endfacet
  facet normal 0.965906918 0.0567118227 0.252601564
    outer loop
      vertex 0.0305405259 0.00905672368 0.0361579172
      vertex 0.0305405036 0.00727164093 0.0365587734
      vertex 0.031150084 0.00682780193 0.0343274847
    endloop
  endfacet
  facet normal 0.965907097 0.0567126274 0.25260067
    outer loop
      vertex 0.0305405259 0.00905672368 0.0361579172
      vertex 0.031150084 0.00682780193 0.0343274847
      vertex 0.0311501026 0.00850393623 0.0339510962
    endloop
  endfacet
  facet normal 0.965905547 -0.0567343794 -0.252601951
    outer loop
      vertex 0.0311501026 0.00850393623 0.0339510962
      vertex 0.031150084 0.00682780193 0.0343274847
      vertex 0.0305404924 0.0063839783 0.032096196
    endloop
  endfacet
  facet normal 0.965905607 -0.056734696 -0.252601594
    outer loop
      vertex 0.0311501026 0.00850393623 0.0339510962
      vertex 0.0305404924 0.0063839783 0.032096196
      vertex 0.030540511 0.00795116276 0.0317442752
    endloop
  endfacet
  facet normal 0.706998587 -0.15495871 -0.690029621
    outer loop
      vertex 0.030540511 0.00795116276 0.0317442752
      vertex 0.0305404924 0.0063839783 0.032096196
      vertex 0.0288750734 0.00605909107 0.030462781
    endloop
  endfacet
  facet normal 0.706998825 -0.154959187 -0.690029263
    outer loop
      vertex 0.030540511 0.00795116276 0.0317442752
      vertex 0.0288750734 0.00605909107 0.030462781
      vertex 0.028875092 0.00754652033 0.0301287696
    endloop
  endfacet
  facet normal 0.258743227 -0.211641878 -0.942475319
    outer loop
      vertex 0.028875092 0.00754652033 0.0301287696
      vertex 0.0288750734 0.00605909107 0.030462781
      vertex 0.0266000722 0.00594019471 0.029864911
    endloop
  endfacet
  facet normal 0.258744091 -0.211643234 -0.942474663
    outer loop
      vertex 0.028875092 0.00754652033 0.0301287696
      vertex 0.0266000722 0.00594019471 0.029864911
      vertex 0.0266000889 0.00739843072 0.0295374524
    endloop
  endfacet
  facet normal -0.258748204 -0.211637348 -0.942474961
    outer loop
      vertex 0.0266000889 0.00739843072 0.0295374524
      vertex 0.0266000722 0.00594019471 0.029864911
      vertex 0.0243250728 0.00605914555 0.030462781
    endloop
  endfacet
  facet normal -0.258749396 -0.211635381 -0.94247508
    outer loop
      vertex 0.0266000889 0.00739843072 0.0295374524
      vertex 0.0243250728 0.00605914555 0.030462781
      vertex 0.0243250914 0.00754657481 0.0301287696
    endloop
  endfacet
  facet normal -0.707002163 -0.154941544 -0.690029681
    outer loop
      vertex 0.0243250914 0.00754657481 0.0301287696
      vertex 0.0243250728 0.00605914555 0.030462781
      vertex 0.0226596612 0.00638407283 0.032096196
    endloop
  endfacet
  facet normal -0.707002103 -0.154941902 -0.69002974
    outer loop
      vertex 0.0243250914 0.00754657481 0.0301287696
      vertex 0.0226596612 0.00638407283 0.032096196
      vertex 0.0226596799 0.00795125775 0.0317442752
    endloop
  endfacet
  facet normal -0.965907216 -0.056711562 -0.252600908
    outer loop
      vertex 0.0226596799 0.00795125775 0.0317442752
      vertex 0.0226596612 0.00638407283 0.032096196
      vertex 0.0220500827 0.00682791136 0.0343274847
    endloop
  endfacet
  facet normal -0.965907097 -0.0567116253 -0.252600908
    outer loop
      vertex 0.0226596799 0.00795125775 0.0317442752
      vertex 0.0220500827 0.00682791136 0.0343274847
      vertex 0.0220501032 0.0085040452 0.0339510962
    endloop
  endfacet
  facet normal -0.965905666 0.0567352548 0.252600968
    outer loop
      vertex 0.0220501032 0.0085040452 0.0339510962
      vertex 0.0220500827 0.00682791136 0.0343274847
      vertex 0.0226596724 0.00727173546 0.0365587734
    endloop
  endfacet
  facet normal -0.965905547 0.056735985 0.252601296
    outer loop
      vertex 0.0220501032 0.0085040452 0.0339510962
      vertex 0.0226596724 0.00727173546 0.0365587734
      vertex 0.0226596948 0.00905681774 0.0361579172
    endloop
  endfacet
  facet normal -0.706997275 0.154961303 0.690030277
    outer loop
      vertex 0.0226596948 0.00905681774 0.0361579172
      vertex 0.0226596724 0.00727173546 0.0365587734
      vertex 0.0243250914 0.00759662176 0.0381921828
    endloop
  endfacet
  facet normal -0.706998765 0.154958457 0.690029442
    outer loop
      vertex 0.0226596948 0.00905681774 0.0361579172
      vertex 0.0243250914 0.00759662176 0.0381921828
      vertex 0.0243251137 0.0094614597 0.0377734229
    endloop
  endfacet
  facet normal -0.258743733 0.211641252 0.942475259
    outer loop
      vertex 0.0243251137 0.0094614597 0.0377734229
      vertex 0.0243250914 0.00759662176 0.0381921828
      vertex 0.0266000945 0.00771551812 0.0387900546
    endloop
  endfacet
  facet normal -0.258743405 0.211641684 0.942475259
    outer loop
      vertex 0.0243251137 0.0094614597 0.0377734229
      vertex 0.0266000945 0.00771551812 0.0387900546
      vertex 0.0266001169 0.00960954931 0.0383647382
    endloop
  endfacet
  facet normal 0.258748293 0.165137082 0.951724291
    outer loop
      vertex 0.0266000945 0.00771551812 0.0387900546
      vertex 0.0266000703 0.0058028819 0.0391219296
      vertex 0.0288750697 0.00571340974 0.0385189429
    endloop
  endfacet
  facet normal 0.258748531 0.165137395 0.951724172
    outer loop
      vertex 0.0266000945 0.00771551812 0.0387900546
      vertex 0.0288750697 0.00571340974 0.0385189429
      vertex 0.028875092 0.00759656727 0.0381921828
    endloop
  endfacet
  facet normal 0.707000852 0.120898731 0.696802139
    outer loop
      vertex 0.028875092 0.00759656727 0.0381921828
      vertex 0.0288750697 0.00571340974 0.0385189429
      vertex 0.0305404831 0.00546902278 0.0368715562
    endloop
  endfacet
  facet normal 0.707000554 0.120898277 0.696802616
    outer loop
      vertex 0.028875092 0.00759656727 0.0381921828
      vertex 0.0305404831 0.00546902278 0.0368715562
      vertex 0.0305405036 0.00727164093 0.0365587734
    endloop
  endfacet
  facet normal 0.965906918 0.044249475 0.255080193
    outer loop
      vertex 0.0305405036 0.00727164093 0.0365587734
      vertex 0.0305404831 0.00546902278 0.0368715562
      vertex 0.0311500635 0.00513520278 0.0346211791
    endloop
  endfacet
  facet normal 0.965906799 0.0442490838 0.255080581
    outer loop
      vertex 0.0305405036 0.00727164093 0.0365587734
      vertex 0.0311500635 0.00513520278 0.0346211791
      vertex 0.031150084 0.00682780193 0.0343274847
    endloop
  endfacet
  facet normal 0.965905666 -0.0442724898 -0.25508073
    outer loop
      vertex 0.031150084 0.00682780193 0.0343274847
      vertex 0.0311500635 0.00513520278 0.0346211791
      vertex 0.0305404738 0.00480139814 0.032370802
    endloop
  endfacet
  facet normal 0.965905726 -0.04427246 -0.255080789
    outer loop
      vertex 0.031150084 0.00682780193 0.0343274847
      vertex 0.0305404738 0.00480139814 0.032370802
      vertex 0.0305404924 0.0063839783 0.032096196
    endloop
  endfacet
  facet normal 0.706999183 -0.120915778 -0.696800888
    outer loop
      vertex 0.0305404924 0.0063839783 0.032096196
      vertex 0.0305404738 0.00480139814 0.032370802
      vertex 0.0288750548 0.00455705076 0.0307234097
    endloop
  endfacet
  facet normal 0.706998885 -0.120915294 -0.696801245
    outer loop
      vertex 0.0305404924 0.0063839783 0.032096196
      vertex 0.0288750548 0.00455705076 0.0307234097
      vertex 0.0288750734 0.00605909107 0.030462781
    endloop
  endfacet
  facet normal 0.258743614 -0.165143117 -0.951724529
    outer loop
      vertex 0.0288750734 0.00605909107 0.030462781
      vertex 0.0288750548 0.00455705076 0.0307234097
      vertex 0.0266000535 0.00446763355 0.0301204249
    endloop
  endfacet
  facet normal 0.258743763 -0.165143341 -0.95172441
    outer loop
      vertex 0.0288750734 0.00605909107 0.030462781
      vertex 0.0266000535 0.00446763355 0.0301204249
      vertex 0.0266000722 0.00594019471 0.029864911
    endloop
  endfacet
  facet normal -0.258747756 -0.165136814 -0.95172447
    outer loop
      vertex 0.0266000722 0.00594019471 0.029864911
      vertex 0.0266000535 0.00446763355 0.0301204249
      vertex 0.024325056 0.00455710571 0.0307234097
    endloop
  endfacet
  facet normal -0.258747637 -0.165137067 -0.95172447
    outer loop
      vertex 0.0266000722 0.00594019471 0.029864911
      vertex 0.024325056 0.00455710571 0.0307234097
      vertex 0.0243250728 0.00605914555 0.030462781
    endloop
  endfacet
  facet normal -0.707002044 -0.120898619 -0.696801007
    outer loop
      vertex 0.0243250728 0.00605914555 0.030462781
      vertex 0.024325056 0.00455710571 0.0307234097
      vertex 0.0226596426 0.00480149267 0.032370802
    endloop
  endfacet
  facet normal -0.707001805 -0.120899186 -0.696801186
    outer loop
      vertex 0.0243250728 0.00605914555 0.030462781
      vertex 0.0226596426 0.00480149267 0.032370802
      vertex 0.0226596612 0.00638407283 0.032096196
    endloop
  endfacet
  facet normal -0.965906918 -0.0442496166 -0.255080134
    outer loop
      vertex 0.0226596612 0.00638407283 0.032096196
      vertex 0.0226596426 0.00480149267 0.032370802
      vertex 0.0220500622 0.00513531221 0.0346211791
    endloop
  endfacet
  facet normal -0.965907037 -0.0442489609 -0.255079895
    outer loop
      vertex 0.0226596612 0.00638407283 0.032096196
      vertex 0.0220500622 0.00513531221 0.0346211791
      vertex 0.0220500827 0.00682791136 0.0343274847
    endloop
  endfacet
  facet normal -0.965905666 0.0442724898 0.25508073
    outer loop
      vertex 0.0220500827 0.00682791136 0.0343274847
      vertex 0.0220500622 0.00513531221 0.0346211791
      vertex 0.0226596519 0.00546911731 0.0368715562
    endloop
  endfacet
  facet normal -0.965905905 0.0442714356 0.255080223
    outer loop
      vertex 0.0220500827 0.00682791136 0.0343274847
      vertex 0.0226596519 0.00546911731 0.0368715562
      vertex 0.0226596724 0.00727173546 0.0365587734
    endloop
  endfacet
  facet normal -0.706998467 0.120914228 0.69680196
    outer loop
      vertex 0.0226596724 0.00727173546 0.0365587734
      vertex 0.0226596519 0.00546911731 0.0368715562
      vertex 0.024325069 0.00571346423 0.0385189429
    endloop
  endfacet
  facet normal -0.706997752 0.120915532 0.696802437
    outer loop
      vertex 0.0226596724 0.00727173546 0.0365587734
      vertex 0.024325069 0.00571346423 0.0385189429
      vertex 0.0243250914 0.00759662176 0.0381921828
    endloop
  endfacet
  facet normal -0.258744359 0.165143535 0.951724231
    outer loop
      vertex 0.0243250914 0.00759662176 0.0381921828
      vertex 0.024325069 0.00571346423 0.0385189429
      vertex 0.0266000703 0.0058028819 0.0391219296
    endloop
  endfacet
  facet normal -0.258744299 0.165143624 0.951724231
    outer loop
      vertex 0.0243250914 0.00759662176 0.0381921828
      vertex 0.0266000703 0.0058028819 0.0391219296
      vertex 0.0266000945 0.00771551812 0.0387900546
    endloop
  endfacet
  facet normal 0.258747518 0.118238702 0.958681047
    outer loop
      vertex 0.0266000703 0.0058028819 0.0391219296
      vertex 0.0266000479 0.00387626328 0.0393595546
      vertex 0.0288750473 0.00381648657 0.038752906
    endloop
  endfacet
  facet normal 0.258747727 0.118238971 0.958680987
    outer loop
      vertex 0.0266000703 0.0058028819 0.0391219296
      vertex 0.0288750473 0.00381648657 0.038752906
      vertex 0.0288750697 0.00571340974 0.0385189429
    endloop
  endfacet
  facet normal 0.707000613 0.0865621865 0.701895356
    outer loop
      vertex 0.0288750697 0.00571340974 0.0385189429
      vertex 0.0288750473 0.00381648657 0.038752906
      vertex 0.0305404607 0.00365322735 0.0370955132
    endloop
  endfacet
  facet normal 0.707000434 0.0865618661 0.701895595
    outer loop
      vertex 0.0288750697 0.00571340974 0.0385189429
      vertex 0.0305404607 0.00365322735 0.0370955132
      vertex 0.0305404831 0.00546902278 0.0368715562
    endloop
  endfacet
  facet normal 0.965906739 0.0316792093 0.256944656
    outer loop
      vertex 0.0305404831 0.00546902278 0.0368715562
      vertex 0.0305404607 0.00365322735 0.0370955132
      vertex 0.031150043 0.00343023124 0.0348314643
    endloop
  endfacet
  facet normal 0.965906739 0.0316790603 0.256944835
    outer loop
      vertex 0.0305404831 0.00546902278 0.0368715562
      vertex 0.031150043 0.00343023124 0.0348314643
      vertex 0.0311500635 0.00513520278 0.0346211791
    endloop
  endfacet
  facet normal 0.965905845 -0.031702321 -0.256945163
    outer loop
      vertex 0.0311500635 0.00513520278 0.0346211791
      vertex 0.031150043 0.00343023124 0.0348314643
      vertex 0.0305404551 0.00320724933 0.0325674191
    endloop
  endfacet
  facet normal 0.965905905 -0.0317020863 -0.256945401
    outer loop
      vertex 0.0311500635 0.00513520278 0.0346211791
      vertex 0.0305404551 0.00320724933 0.0325674191
      vertex 0.0305404738 0.00480139814 0.032370802
    endloop
  endfacet
  facet normal 0.706999481 -0.0865776539 -0.701894701
    outer loop
      vertex 0.0305404738 0.00480139814 0.032370802
      vertex 0.0305404551 0.00320724933 0.0325674191
      vertex 0.028875038 0.0030440304 0.0309100226
    endloop
  endfacet
  facet normal 0.70699966 -0.0865780562 -0.701894462
    outer loop
      vertex 0.0305404738 0.00480139814 0.032370802
      vertex 0.028875038 0.0030440304 0.0309100226
      vertex 0.0288750548 0.00455705076 0.0307234097
    endloop
  endfacet
  facet normal 0.258744657 -0.118244626 -0.958681107
    outer loop
      vertex 0.0288750548 0.00455705076 0.0307234097
      vertex 0.028875038 0.0030440304 0.0309100226
      vertex 0.0266000368 0.00298430794 0.0303033739
    endloop
  endfacet
  facet normal 0.25874418 -0.118243858 -0.958681345
    outer loop
      vertex 0.0288750548 0.00455705076 0.0307234097
      vertex 0.0266000368 0.00298430794 0.0303033739
      vertex 0.0266000535 0.00446763355 0.0301204249
    endloop
  endfacet
  facet normal -0.258747518 -0.11823798 -0.958681166
    outer loop
      vertex 0.0266000535 0.00446763355 0.0301204249
      vertex 0.0266000368 0.00298430794 0.0303033739
      vertex 0.0243250374 0.00304408488 0.0309100226
    endloop
  endfacet
  facet normal -0.25874719 -0.118238539 -0.958681166
    outer loop
      vertex 0.0266000535 0.00446763355 0.0301204249
      vertex 0.0243250374 0.00304408488 0.0309100226
      vertex 0.024325056 0.00455710571 0.0307234097
    endloop
  endfacet
  facet normal -0.707001507 -0.0865615159 -0.701894581
    outer loop
      vertex 0.024325056 0.00455710571 0.0307234097
      vertex 0.0243250374 0.00304408488 0.0309100226
      vertex 0.022659624 0.0032073441 0.0325674191
    endloop
  endfacet
  facet normal -0.707001626 -0.0865611285 -0.701894403
    outer loop
      vertex 0.024325056 0.00455710571 0.0307234097
      vertex 0.022659624 0.0032073441 0.0325674191
      vertex 0.0226596426 0.00480149267 0.032370802
    endloop
  endfacet
  facet normal -0.96590662 -0.0316794813 -0.256945044
    outer loop
      vertex 0.0226596426 0.00480149267 0.032370802
      vertex 0.022659624 0.0032073441 0.0325674191
      vertex 0.0220500417 0.00343034044 0.0348314643
    endloop
  endfacet
  facet normal -0.965906739 -0.0316790603 -0.256944835
    outer loop
      vertex 0.0226596426 0.00480149267 0.032370802
      vertex 0.0220500417 0.00343034044 0.0348314643
      vertex 0.0220500622 0.00513531221 0.0346211791
    endloop
  endfacet
  facet normal -0.965906024 0.0317022651 0.256944776
    outer loop
      vertex 0.0220500622 0.00513531221 0.0346211791
      vertex 0.0220500417 0.00343034044 0.0348314643
      vertex 0.0226596296 0.00365332188 0.0370955132
    endloop
  endfacet
  facet normal -0.965905786 0.03170304 0.256945223
    outer loop
      vertex 0.0220500622 0.00513531221 0.0346211791
      vertex 0.0226596296 0.00365332188 0.0370955132
      vertex 0.0226596519 0.00546911731 0.0368715562
    endloop
  endfacet
  facet normal -0.706998646 0.0865792334 0.701895297
    outer loop
      vertex 0.0226596519 0.00546911731 0.0368715562
      vertex 0.0226596296 0.00365332188 0.0370955132
      vertex 0.0243250467 0.00381654105 0.038752906
    endloop
  endfacet
  facet normal -0.706998885 0.0865788236 0.701895118
    outer loop
      vertex 0.0226596519 0.00546911731 0.0368715562
      vertex 0.0243250467 0.00381654105 0.038752906
      vertex 0.024325069 0.00571346423 0.0385189429
    endloop
  endfacet
  facet normal -0.258744657 0.11824508 0.958681047
    outer loop
      vertex 0.024325069 0.00571346423 0.0385189429
      vertex 0.0243250467 0.00381654105 0.038752906
      vertex 0.0266000479 0.00387626328 0.0393595546
    endloop
  endfacet
  facet normal -0.258744925 0.11824467 0.958681047
    outer loop
      vertex 0.024325069 0.00571346423 0.0385189429
      vertex 0.0266000479 0.00387626328 0.0393595546
      vertex 0.0266000703 0.0058028819 0.0391219296
    endloop
  endfacet
  facet normal 0.258747041 0.0710570663 0.963328004
    outer loop
      vertex 0.0266000479 0.00387626328 0.0393595546
      vertex 0.0266000237 0.00194032548 0.0395023599
      vertex 0.028875025 0.00191038719 0.0388935097
    endloop
  endfacet
  facet normal 0.258746982 0.0710569695 0.963328063
    outer loop
      vertex 0.0266000479 0.00387626328 0.0393595546
      vertex 0.028875025 0.00191038719 0.0388935097
      vertex 0.0288750473 0.00381648657 0.038752906
    endloop
  endfacet
  facet normal 0.70700115 0.0520180091 0.705296814
    outer loop
      vertex 0.0288750473 0.00381648657 0.038752906
      vertex 0.028875025 0.00191038719 0.0388935097
      vertex 0.0305404384 0.00182864885 0.0372301005
    endloop
  endfacet
  facet normal 0.707000196 0.0520165414 0.705297768
    outer loop
      vertex 0.0288750473 0.00381648657 0.038752906
      vertex 0.0305404384 0.00182864885 0.0372301005
      vertex 0.0305404607 0.00365322735 0.0370955132
    endloop
  endfacet
  facet normal 0.965906501 0.0190332215 0.258190781
    outer loop
      vertex 0.0305404607 0.00365322735 0.0370955132
      vertex 0.0305404384 0.00182864885 0.0372301005
      vertex 0.0311500225 0.00171701168 0.034957841
    endloop
  endfacet
  facet normal 0.96590656 0.0190340113 0.258190095
    outer loop
      vertex 0.0305404607 0.00365322735 0.0370955132
      vertex 0.0311500225 0.00171701168 0.034957841
      vertex 0.031150043 0.00343023124 0.0348314643
    endloop
  endfacet
  facet normal 0.965906084 -0.019057136 -0.258190453
    outer loop
      vertex 0.031150043 0.00343023124 0.0348314643
      vertex 0.0311500225 0.00171701168 0.034957841
      vertex 0.0305404365 0.00160538929 0.0326855816
    endloop
  endfacet
  facet normal 0.965906024 -0.0190568622 -0.258190602
    outer loop
      vertex 0.031150043 0.00343023124 0.0348314643
      vertex 0.0305404365 0.00160538929 0.0326855816
      vertex 0.0305404551 0.00320724933 0.0325674191
    endloop
  endfacet
  facet normal 0.706999838 -0.0520349964 -0.705296755
    outer loop
      vertex 0.0305404551 0.00320724933 0.0325674191
      vertex 0.0305404365 0.00160538929 0.0326855816
      vertex 0.0288750194 0.00152369065 0.0310221706
    endloop
  endfacet
  facet normal 0.706999898 -0.0520349517 -0.705296814
    outer loop
      vertex 0.0305404551 0.00320724933 0.0325674191
      vertex 0.0288750194 0.00152369065 0.0310221706
      vertex 0.028875038 0.0030440304 0.0309100226
    endloop
  endfacet
  facet normal 0.258745402 -0.071063146 -0.963327944
    outer loop
      vertex 0.028875038 0.0030440304 0.0309100226
      vertex 0.0288750194 0.00152369065 0.0310221706
      vertex 0.0266000181 0.00149380695 0.0304133203
    endloop
  endfacet
  facet normal 0.258745223 -0.0710628331 -0.963328123
    outer loop
      vertex 0.028875038 0.0030440304 0.0309100226
      vertex 0.0266000181 0.00149380695 0.0304133203
      vertex 0.0266000368 0.00298430794 0.0303033739
    endloop
  endfacet
  facet normal -0.25874728 -0.0710563734 -0.963328004
    outer loop
      vertex 0.0266000368 0.00298430794 0.0303033739
      vertex 0.0266000181 0.00149380695 0.0304133203
      vertex 0.0243250187 0.00152374525 0.0310221706
    endloop
  endfacet
  facet normal -0.258746952 -0.0710568428 -0.963328004
    outer loop
      vertex 0.0266000368 0.00298430794 0.0303033739
      vertex 0.0243250187 0.00152374525 0.0310221706
      vertex 0.0243250374 0.00304408488 0.0309100226
    endloop
  endfacet
  facet normal -0.707001507 -0.0520175993 -0.705296457
    outer loop
      vertex 0.0243250374 0.00304408488 0.0309100226
      vertex 0.0243250187 0.00152374525 0.0310221706
      vertex 0.0226596054 0.00160548382 0.0326855816
    endloop
  endfacet
  facet normal -0.70700109 -0.0520185493 -0.705296814
    outer loop
      vertex 0.0243250374 0.00304408488 0.0309100226
      vertex 0.0226596054 0.00160548382 0.0326855816
      vertex 0.022659624 0.0032073441 0.0325674191
    endloop
  endfacet
  facet normal -0.965906441 -0.0190344118 -0.258190721
    outer loop
      vertex 0.022659624 0.0032073441 0.0325674191
      vertex 0.0226596054 0.00160548382 0.0326855816
      vertex 0.0220500212 0.00171712087 0.034957841
    endloop
  endfacet
  facet normal -0.965906501 -0.019034043 -0.258190483
    outer loop
      vertex 0.022659624 0.0032073441 0.0325674191
      vertex 0.0220500212 0.00171712087 0.034957841
      vertex 0.0220500417 0.00343034044 0.0348314643
    endloop
  endfacet
  facet normal -0.965906084 0.0190571379 0.258190453
    outer loop
      vertex 0.0220500417 0.00343034044 0.0348314643
      vertex 0.0220500212 0.00171712087 0.034957841
      vertex 0.0226596072 0.00182874338 0.0372301005
    endloop
  endfacet
  facet normal -0.965906084 0.0190568455 0.258190244
    outer loop
      vertex 0.0220500417 0.00343034044 0.0348314643
      vertex 0.0226596072 0.00182874338 0.0372301005
      vertex 0.0226596296 0.00365332188 0.0370955132
    endloop
  endfacet
  facet normal -0.706999421 0.0520338528 0.705297232
    outer loop
      vertex 0.0226596296 0.00365332188 0.0370955132
      vertex 0.0226596072 0.00182874338 0.0372301005
      vertex 0.0243250243 0.00191044179 0.0388935097
    endloop
  endfacet
  facet normal -0.706999123 0.0520346165 0.705297649
    outer loop
      vertex 0.0226596296 0.00365332188 0.0370955132
      vertex 0.0243250243 0.00191044179 0.0388935097
      vertex 0.0243250467 0.00381654105 0.038752906
    endloop
  endfacet
  facet normal -0.258745641 0.0710630268 0.963327944
    outer loop
      vertex 0.0243250467 0.00381654105 0.038752906
      vertex 0.0243250243 0.00191044179 0.0388935097
      vertex 0.0266000237 0.00194032548 0.0395023599
    endloop
  endfacet
  facet normal -0.258745223 0.0710635409 0.963328063
    outer loop
      vertex 0.0243250467 0.00381654105 0.038752906
      vertex 0.0266000237 0.00194032548 0.0395023599
      vertex 0.0266000479 0.00387626328 0.0393595546
    endloop
  endfacet
  facet normal 0.258746564 0.0237020943 0.965654314
    outer loop
      vertex 0.0266000237 0.00194032548 0.0395023599
      vertex 0.0266000014 -3.06402427e-07 0.0395499989
      vertex 0.0288750008 -3.33794816e-07 0.0389404148
    endloop
  endfacet
  facet normal 0.258746475 0.0237019937 0.965654433
    outer loop
      vertex 0.0266000237 0.00194032548 0.0395023599
      vertex 0.0288750008 -3.33794816e-07 0.0389404148
      vertex 0.028875025 0.00191038719 0.0388935097
    endloop
  endfacet
  facet normal 0.707000077 0.0173467696 0.707000613
    outer loop
      vertex 0.028875025 0.00191038719 0.0388935097
      vertex 0.0288750008 -3.33794816e-07 0.0389404148
      vertex 0.030540416 -3.54048495e-07 0.0372750014
    endloop
  endfacet
  facet normal 0.707000673 0.0173477754 0.707000077
    outer loop
      vertex 0.028875025 0.00191038719 0.0388935097
      vertex 0.030540416 -3.54048495e-07 0.0372750014
      vertex 0.0305404384 0.00182864885 0.0372301005
    endloop
  endfacet
  facet normal 0.965906322 0.00634193234 0.258814335
    outer loop
      vertex 0.0305404384 0.00182864885 0.0372301005
      vertex 0.030540416 -3.54048495e-07 0.0372750014
      vertex 0.031150002 -3.61736483e-07 0.0350000001
    endloop
  endfacet
  facet normal 0.965906262 0.00634200638 0.258814245
    outer loop
      vertex 0.0305404384 0.00182864885 0.0372301005
      vertex 0.031150002 -3.61736483e-07 0.0350000001
      vertex 0.0311500225 0.00171701168 0.034957841
    endloop
  endfacet
  facet normal 0.965906143 -0.00636505242 -0.258814305
    outer loop
      vertex 0.0311500225 0.00171701168 0.034957841
      vertex 0.031150002 -3.61736483e-07 0.0350000001
      vertex 0.030540416 -3.547988e-07 0.0327249989
    endloop
  endfacet
  facet normal 0.965906262 -0.00636563497 -0.258813947
    outer loop
      vertex 0.0311500225 0.00171701168 0.034957841
      vertex 0.030540416 -3.547988e-07 0.0327249989
      vertex 0.0305404365 0.00160538929 0.0326855816
    endloop
  endfacet
  facet normal 0.707000077 -0.0173642393 -0.707000256
    outer loop
      vertex 0.0305404365 0.00160538929 0.0326855816
      vertex 0.030540416 -3.547988e-07 0.0327249989
      vertex 0.0288750008 -3.35094398e-07 0.0310595836
    endloop
  endfacet
  facet normal 0.707000256 -0.0173647143 -0.707000017
    outer loop
      vertex 0.0305404365 0.00160538929 0.0326855816
      vertex 0.0288750008 -3.35094398e-07 0.0310595836
      vertex 0.0288750194 0.00152369065 0.0310221706
    endloop
  endfacet
  facet normal 0.258745998 -0.0237088744 -0.965654373
    outer loop
      vertex 0.0288750194 0.00152369065 0.0310221706
      vertex 0.0288750008 -3.35094398e-07 0.0310595836
      vertex 0.0266000014 -3.07903065e-07 0.0304499995
    endloop
  endfacet
  facet normal 0.258745968 -0.0237088725 -0.965654373
    outer loop
      vertex 0.0288750194 0.00152369065 0.0310221706
      vertex 0.0266000014 -3.07903065e-07 0.0304499995
      vertex 0.0266000181 0.00149380695 0.0304133203
    endloop
  endfacet
  facet normal -0.258746356 -0.0237030666 -0.965654492
    outer loop
      vertex 0.0266000181 0.00149380695 0.0304133203
      vertex 0.0266000014 -3.07903065e-07 0.0304499995
      vertex 0.0243250001 -2.80510648e-07 0.0310595836
    endloop
  endfacet
  facet normal -0.258746654 -0.02370256 -0.965654314
    outer loop
      vertex 0.0266000181 0.00149380695 0.0304133203
      vertex 0.0243250001 -2.80510648e-07 0.0310595836
      vertex 0.0243250187 0.00152374525 0.0310221706
    endloop
  endfacet
  facet normal -0.707000494 -0.0173474085 -0.707000315
    outer loop
      vertex 0.0243250187 0.00152374525 0.0310221706
      vertex 0.0243250001 -2.80510648e-07 0.0310595836
      vertex 0.0226595849 -2.60256996e-07 0.0327249989
    endloop
  endfacet
  facet normal -0.70700103 -0.0173462033 -0.706999719
    outer loop
      vertex 0.0243250187 0.00152374525 0.0310221706
      vertex 0.0226595849 -2.60256996e-07 0.0327249989
      vertex 0.0226596054 0.00160548382 0.0326855816
    endloop
  endfacet
  facet normal -0.965906501 -0.00634094886 -0.25881359
    outer loop
      vertex 0.0226596054 0.00160548382 0.0326855816
      vertex 0.0226595849 -2.60256996e-07 0.0327249989
      vertex 0.0220500007 -2.52569009e-07 0.0350000001
    endloop
  endfacet
  facet normal -0.965906262 -0.00634200638 -0.258814275
    outer loop
      vertex 0.0226596054 0.00160548382 0.0326855816
      vertex 0.0220500007 -2.52569009e-07 0.0350000001
      vertex 0.0220500212 0.00171712087 0.034957841
    endloop
  endfacet
  facet normal -0.965906322 0.00636503333 0.25881359
    outer loop
      vertex 0.0220500212 0.00171712087 0.034957841
      vertex 0.0220500007 -2.52569009e-07 0.0350000001
      vertex 0.0226595849 -2.59506663e-07 0.0372750014
    endloop
  endfacet
  facet normal -0.965906203 0.00636554696 0.258813918
    outer loop
      vertex 0.0220500212 0.00171712087 0.034957841
      vertex 0.0226595849 -2.59506663e-07 0.0372750014
      vertex 0.0226596072 0.00182874338 0.0372301005
    endloop
  endfacet
  facet normal -0.706999242 0.0173650924 0.70700103
    outer loop
      vertex 0.0226596072 0.00182874338 0.0372301005
      vertex 0.0226595849 -2.59506663e-07 0.0372750014
      vertex 0.024325002 -2.79211065e-07 0.0389404148
    endloop
  endfacet
  facet normal -0.706999838 0.0173639972 0.707000434
    outer loop
      vertex 0.0226596072 0.00182874338 0.0372301005
      vertex 0.024325002 -2.79211065e-07 0.0389404148
      vertex 0.0243250243 0.00191044179 0.0388935097
    endloop
  endfacet
  facet normal -0.258745998 0.0237082932 0.965654492
    outer loop
      vertex 0.0243250243 0.00191044179 0.0388935097
      vertex 0.024325002 -2.79211065e-07 0.0389404148
      vertex 0.0266000014 -3.06402427e-07 0.0395499989
    endloop
  endfacet
  facet normal -0.258746207 0.0237080529 0.965654373
    outer loop
      vertex 0.0243250243 0.00191044179 0.0388935097
      vertex 0.0266000014 -3.06402427e-07 0.0395499989
      vertex 0.0266000237 0.00194032548 0.0395023599
    endloop
  endfacet
  facet normal 0.258745939 -0.0237082969 0.965654373
    outer loop
      vertex 0.0266000014 -3.06402427e-07 0.0395499989
      vertex 0.0265999772 -0.00194093853 0.0395023599
      vertex 0.0288749784 -0.00191105495 0.0388935097
    endloop
  endfacet
  facet normal 0.258745998 -0.0237083044 0.965654433
    outer loop
      vertex 0.0266000014 -3.06402427e-07 0.0395499989
      vertex 0.0288749784 -0.00191105495 0.0388935097
      vertex 0.0288750008 -3.33794816e-07 0.0389404148
    endloop
  endfacet
  facet normal 0.706999898 -0.0173639935 0.707000494
    outer loop
      vertex 0.0288750008 -3.33794816e-07 0.0389404148
      vertex 0.0288749784 -0.00191105495 0.0388935097
      vertex 0.0305403955 -0.00182935689 0.0372301005
    endloop
  endfacet
  facet normal 0.70699966 -0.0173643511 0.707000613
    outer loop
      vertex 0.0288750008 -3.33794816e-07 0.0389404148
      vertex 0.0305403955 -0.00182935689 0.0372301005
      vertex 0.030540416 -3.54048495e-07 0.0372750014
    endloop
  endfacet
  facet normal 0.965906203 -0.00636454811 0.258814007
    outer loop
      vertex 0.030540416 -3.54048495e-07 0.0372750014
      vertex 0.0305403955 -0.00182935689 0.0372301005
      vertex 0.0311499815 -0.00171773531 0.034957841
    endloop
  endfacet
  facet normal 0.965906143 -0.00636504823 0.258814305
    outer loop
      vertex 0.030540416 -3.54048495e-07 0.0372750014
      vertex 0.0311499815 -0.00171773531 0.034957841
      vertex 0.031150002 -3.61736483e-07 0.0350000001
    endloop
  endfacet
  facet normal 0.965906262 0.00634200266 -0.258814245
    outer loop
      vertex 0.031150002 -3.61736483e-07 0.0350000001
      vertex 0.0311499815 -0.00171773531 0.034957841
      vertex 0.0305403974 -0.00160609896 0.0326855816
    endloop
  endfacet
  facet normal 0.965906322 0.00634209206 -0.258814305
    outer loop
      vertex 0.031150002 -3.61736483e-07 0.0350000001
      vertex 0.0305403974 -0.00160609896 0.0326855816
      vertex 0.030540416 -3.547988e-07 0.0327249989
    endloop
  endfacet
  facet normal 0.707000673 0.0173470117 -0.707000077
    outer loop
      vertex 0.030540416 -3.547988e-07 0.0327249989
      vertex 0.0305403974 -0.00160609896 0.0326855816
      vertex 0.0288749821 -0.00152436108 0.0310221706
    endloop
  endfacet
  facet normal 0.707000554 0.0173474383 -0.707000315
    outer loop
      vertex 0.030540416 -3.547988e-07 0.0327249989
      vertex 0.0288749821 -0.00152436108 0.0310221706
      vertex 0.0288750008 -3.35094398e-07 0.0310595836
    endloop
  endfacet
  facet normal 0.258746654 0.0237025432 -0.965654373
    outer loop
      vertex 0.0288750008 -3.35094398e-07 0.0310595836
      vertex 0.0288749821 -0.00152436108 0.0310221706
      vertex 0.0265999828 -0.0014944229 0.0304133203
    endloop
  endfacet
  facet normal 0.258746535 0.0237027481 -0.965654373
    outer loop
      vertex 0.0288750008 -3.35094398e-07 0.0310595836
      vertex 0.0265999828 -0.0014944229 0.0304133203
      vertex 0.0266000014 -3.07903065e-07 0.0304499995
    endloop
  endfacet
  facet normal -0.258746207 0.023709191 -0.965654314
    outer loop
      vertex 0.0266000014 -3.07903065e-07 0.0304499995
      vertex 0.0265999828 -0.0014944229 0.0304133203
      vertex 0.0243249834 -0.00152430648 0.0310221706
    endloop
  endfacet
  facet normal -0.25874576 0.0237085596 -0.965654373
    outer loop
      vertex 0.0266000014 -3.07903065e-07 0.0304499995
      vertex 0.0243249834 -0.00152430648 0.0310221706
      vertex 0.0243250001 -2.80510648e-07 0.0310595836
    endloop
  endfacet
  facet normal -0.707000256 0.0173638184 -0.707000136
    outer loop
      vertex 0.0243250001 -2.80510648e-07 0.0310595836
      vertex 0.0243249834 -0.00152430648 0.0310221706
      vertex 0.0226595663 -0.00160600443 0.0326855816
    endloop
  endfacet
  facet normal -0.707000136 0.0173634011 -0.707000315
    outer loop
      vertex 0.0243250001 -2.80510648e-07 0.0310595836
      vertex 0.0226595663 -0.00160600443 0.0326855816
      vertex 0.0226595849 -2.60256996e-07 0.0327249989
    endloop
  endfacet
  facet normal -0.965906203 0.00636448758 -0.258813977
    outer loop
      vertex 0.0226595849 -2.60256996e-07 0.0327249989
      vertex 0.0226595663 -0.00160600443 0.0326855816
      vertex 0.0220499802 -0.00171762612 0.034957841
    endloop
  endfacet
  facet normal -0.965906322 0.00636502216 -0.25881359
    outer loop
      vertex 0.0226595849 -2.60256996e-07 0.0327249989
      vertex 0.0220499802 -0.00171762612 0.034957841
      vertex 0.0220500007 -2.52569009e-07 0.0350000001
    endloop
  endfacet
  facet normal -0.965906262 -0.00634200312 0.258814305
    outer loop
      vertex 0.0220500007 -2.52569009e-07 0.0350000001
      vertex 0.0220499802 -0.00171762612 0.034957841
      vertex 0.0226595644 -0.00182926236 0.0372301005
    endloop
  endfacet
  facet normal -0.965906501 -0.00634290045 0.25881359
    outer loop
      vertex 0.0220500007 -2.52569009e-07 0.0350000001
      vertex 0.0226595644 -0.00182926236 0.0372301005
      vertex 0.0226595849 -2.59506663e-07 0.0372750014
    endloop
  endfacet
  facet normal -0.707000673 -0.0173485074 0.707000017
    outer loop
      vertex 0.0226595849 -2.59506663e-07 0.0372750014
      vertex 0.0226595644 -0.00182926236 0.0372301005
      vertex 0.0243249778 -0.00191100035 0.0388935097
    endloop
  endfacet
  facet normal -0.70699966 -0.0173467733 0.70700103
    outer loop
      vertex 0.0226595849 -2.59506663e-07 0.0372750014
      vertex 0.0243249778 -0.00191100035 0.0388935097
      vertex 0.024325002 -2.79211065e-07 0.0389404148
    endloop
  endfacet
  facet normal -0.258746684 -0.0237019826 0.965654314
    outer loop
      vertex 0.024325002 -2.79211065e-07 0.0389404148
      vertex 0.0243249778 -0.00191100035 0.0388935097
      vertex 0.0265999772 -0.00194093853 0.0395023599
    endloop
  endfacet
  facet normal -0.258746564 -0.0237018298 0.965654373
    outer loop
      vertex 0.024325002 -2.79211065e-07 0.0389404148
      vertex 0.0265999772 -0.00194093853 0.0395023599
      vertex 0.0266000014 -3.06402427e-07 0.0395499989
    endloop
  endfacet
  facet normal 0.258745253 -0.0710626021 0.963328123
    outer loop
      vertex 0.0265999772 -0.00194093853 0.0395023599
      vertex 0.0265999548 -0.00387689518 0.0393595546
      vertex 0.0288749561 -0.00381717272 0.038752906
    endloop
  endfacet
  facet normal 0.258745432 -0.0710623413 0.963328063
    outer loop
      vertex 0.0265999772 -0.00194093853 0.0395023599
      vertex 0.0288749561 -0.00381717272 0.038752906
      vertex 0.0288749784 -0.00191105495 0.0388935097
    endloop
  endfacet
  facet normal 0.706999063 -0.0520341545 0.705297709
    outer loop
      vertex 0.0288749784 -0.00191105495 0.0388935097
      vertex 0.0288749561 -0.00381717272 0.038752906
      vertex 0.0305403732 -0.00365395355 0.0370955132
    endloop
  endfacet
  facet normal 0.706999481 -0.0520333275 0.705297291
    outer loop
      vertex 0.0288749784 -0.00191105495 0.0388935097
      vertex 0.0305403732 -0.00365395355 0.0370955132
      vertex 0.0305403955 -0.00182935689 0.0372301005
    endloop
  endfacet
  facet normal 0.965906322 -0.0190566033 0.258189529
    outer loop
      vertex 0.0305403955 -0.00182935689 0.0372301005
      vertex 0.0305403732 -0.00365395355 0.0370955132
      vertex 0.0311499592 -0.00343097141 0.0348314643
    endloop
  endfacet
  facet normal 0.965906084 -0.0190580059 0.258190393
    outer loop
      vertex 0.0305403955 -0.00182935689 0.0372301005
      vertex 0.0311499592 -0.00343097141 0.0348314643
      vertex 0.0311499815 -0.00171773531 0.034957841
    endloop
  endfacet
  facet normal 0.965906739 0.0190327596 -0.258189887
    outer loop
      vertex 0.0311499815 -0.00171773531 0.034957841
      vertex 0.0311499592 -0.00343097141 0.0348314643
      vertex 0.0305403788 -0.00320797483 0.0325674191
    endloop
  endfacet
  facet normal 0.965906441 0.0190342236 -0.258190751
    outer loop
      vertex 0.0311499815 -0.00171773531 0.034957841
      vertex 0.0305403788 -0.00320797483 0.0325674191
      vertex 0.0305403974 -0.00160609896 0.0326855816
    endloop
  endfacet
  facet normal 0.707000673 0.0520180762 -0.705297232
    outer loop
      vertex 0.0305403974 -0.00160609896 0.0326855816
      vertex 0.0305403788 -0.00320797483 0.0325674191
      vertex 0.0288749635 -0.00304471515 0.0309100226
    endloop
  endfacet
  facet normal 0.70700109 0.0520171374 -0.705296874
    outer loop
      vertex 0.0305403974 -0.00160609896 0.0326855816
      vertex 0.0288749635 -0.00304471515 0.0309100226
      vertex 0.0288749821 -0.00152436108 0.0310221706
    endloop
  endfacet
  facet normal 0.258746982 0.0710561499 -0.963328063
    outer loop
      vertex 0.0288749821 -0.00152436108 0.0310221706
      vertex 0.0288749635 -0.00304471515 0.0309100226
      vertex 0.0265999641 -0.00298493821 0.0303033739
    endloop
  endfacet
  facet normal 0.25874725 0.0710557103 -0.963328063
    outer loop
      vertex 0.0288749821 -0.00152436108 0.0310221706
      vertex 0.0265999641 -0.00298493821 0.0303033739
      vertex 0.0265999828 -0.0014944229 0.0304133203
    endloop
  endfacet
  facet normal -0.258745402 0.0710621551 -0.963328004
    outer loop
      vertex 0.0265999828 -0.0014944229 0.0304133203
      vertex 0.0265999641 -0.00298493821 0.0303033739
      vertex 0.0243249647 -0.00304466067 0.0309100226
    endloop
  endfacet
  facet normal -0.258745611 0.0710624605 -0.963328004
    outer loop
      vertex 0.0265999828 -0.0014944229 0.0304133203
      vertex 0.0243249647 -0.00304466067 0.0309100226
      vertex 0.0243249834 -0.00152430648 0.0310221706
    endloop
  endfacet
  facet normal -0.706999838 0.0520344563 -0.705296814
    outer loop
      vertex 0.0243249834 -0.00152430648 0.0310221706
      vertex 0.0243249647 -0.00304466067 0.0309100226
      vertex 0.0226595476 -0.00320788007 0.0325674191
    endloop
  endfacet
  facet normal -0.706999838 0.0520344898 -0.705296814
    outer loop
      vertex 0.0243249834 -0.00152430648 0.0310221706
      vertex 0.0226595476 -0.00320788007 0.0325674191
      vertex 0.0226595663 -0.00160600443 0.0326855816
    endloop
  endfacet
  facet normal -0.965905964 0.0190566834 -0.258190632
    outer loop
      vertex 0.0226595663 -0.00160600443 0.0326855816
      vertex 0.0226595476 -0.00320788007 0.0325674191
      vertex 0.0220499597 -0.00343086221 0.0348314643
    endloop
  endfacet
  facet normal -0.965906084 0.0190569665 -0.258190423
    outer loop
      vertex 0.0226595663 -0.00160600443 0.0326855816
      vertex 0.0220499597 -0.00343086221 0.0348314643
      vertex 0.0220499802 -0.00171762612 0.034957841
    endloop
  endfacet
  facet normal -0.96590656 -0.019033825 0.258190125
    outer loop
      vertex 0.0220499802 -0.00171762612 0.034957841
      vertex 0.0220499597 -0.00343086221 0.0348314643
      vertex 0.022659542 -0.00365385902 0.0370955132
    endloop
  endfacet
  facet normal -0.965906382 -0.0190330409 0.258190811
    outer loop
      vertex 0.0220499802 -0.00171762612 0.034957841
      vertex 0.022659542 -0.00365385902 0.0370955132
      vertex 0.0226595644 -0.00182926236 0.0372301005
    endloop
  endfacet
  facet normal -0.707000196 -0.0520160533 0.705297768
    outer loop
      vertex 0.0226595644 -0.00182926236 0.0372301005
      vertex 0.022659542 -0.00365385902 0.0370955132
      vertex 0.0243249554 -0.00381711824 0.038752906
    endloop
  endfacet
  facet normal -0.70700103 -0.0520175062 0.705296874
    outer loop
      vertex 0.0226595644 -0.00182926236 0.0372301005
      vertex 0.0243249554 -0.00381711824 0.038752906
      vertex 0.0243249778 -0.00191100035 0.0388935097
    endloop
  endfacet
  facet normal -0.258746952 -0.0710562766 0.963328123
    outer loop
      vertex 0.0243249778 -0.00191100035 0.0388935097
      vertex 0.0243249554 -0.00381711824 0.038752906
      vertex 0.0265999548 -0.00387689518 0.0393595546
    endloop
  endfacet
  facet normal -0.25874725 -0.0710566267 0.963328004
    outer loop
      vertex 0.0243249778 -0.00191100035 0.0388935097
      vertex 0.0265999548 -0.00387689518 0.0393595546
      vertex 0.0265999772 -0.00194093853 0.0395023599
    endloop
  endfacet
  facet normal 0.258745104 -0.118245892 0.958680809
    outer loop
      vertex 0.0265999548 -0.00387689518 0.0393595546
      vertex 0.0265999325 -0.00580349425 0.0391219296
      vertex 0.0288749319 -0.0057140775 0.0385189429
    endloop
  endfacet
  facet normal 0.258744657 -0.118246421 0.958680868
    outer loop
      vertex 0.0265999548 -0.00387689518 0.0393595546
      vertex 0.0288749319 -0.0057140775 0.0385189429
      vertex 0.0288749561 -0.00381717272 0.038752906
    endloop
  endfacet
  facet normal 0.706998467 -0.0865803808 0.701895297
    outer loop
      vertex 0.0288749561 -0.00381717272 0.038752906
      vertex 0.0288749319 -0.0057140775 0.0385189429
      vertex 0.0305403508 -0.00546973059 0.0368715562
    endloop
  endfacet
  facet normal 0.706998587 -0.0865800679 0.701895118
    outer loop
      vertex 0.0288749561 -0.00381717272 0.038752906
      vertex 0.0305403508 -0.00546973059 0.0368715562
      vertex 0.0305403732 -0.00365395355 0.0370955132
    endloop
  endfacet
  facet normal 0.965906084 -0.0317032859 0.256944448
    outer loop
      vertex 0.0305403732 -0.00365395355 0.0370955132
      vertex 0.0305403508 -0.00546973059 0.0368715562
      vertex 0.0311499387 -0.00513592688 0.0346211791
    endloop
  endfacet
  facet normal 0.965906143 -0.0317024738 0.256944001
    outer loop
      vertex 0.0305403732 -0.00365395355 0.0370955132
      vertex 0.0311499387 -0.00513592688 0.0346211791
      vertex 0.0311499592 -0.00343097141 0.0348314643
    endloop
  endfacet
  facet normal 0.965906799 0.0316793583 -0.256944835
    outer loop
      vertex 0.0311499592 -0.00343097141 0.0348314643
      vertex 0.0311499387 -0.00513592688 0.0346211791
      vertex 0.0305403583 -0.00480210781 0.032370802
    endloop
  endfacet
  facet normal 0.965906858 0.0316785686 -0.256944358
    outer loop
      vertex 0.0311499592 -0.00343097141 0.0348314643
      vertex 0.0305403583 -0.00480210781 0.032370802
      vertex 0.0305403788 -0.00320797483 0.0325674191
    endloop
  endfacet
  facet normal 0.707001984 0.0865610912 -0.701894045
    outer loop
      vertex 0.0305403788 -0.00320797483 0.0325674191
      vertex 0.0305403583 -0.00480210781 0.032370802
      vertex 0.0288749468 -0.00455772132 0.0307234097
    endloop
  endfacet
  facet normal 0.707000971 0.0865632817 -0.70189476
    outer loop
      vertex 0.0305403788 -0.00320797483 0.0325674191
      vertex 0.0288749468 -0.00455772132 0.0307234097
      vertex 0.0288749635 -0.00304471515 0.0309100226
    endloop
  endfacet
  facet normal 0.258747011 0.118239991 -0.958680987
    outer loop
      vertex 0.0288749635 -0.00304471515 0.0309100226
      vertex 0.0288749468 -0.00455772132 0.0307234097
      vertex 0.0265999474 -0.00446824916 0.0301204249
    endloop
  endfacet
  facet normal 0.258747518 0.118239112 -0.958680987
    outer loop
      vertex 0.0288749635 -0.00304471515 0.0309100226
      vertex 0.0265999474 -0.00446824916 0.0301204249
      vertex 0.0265999641 -0.00298493821 0.0303033739
    endloop
  endfacet
  facet normal -0.25874418 0.118244998 -0.958681107
    outer loop
      vertex 0.0265999641 -0.00298493821 0.0303033739
      vertex 0.0265999474 -0.00446824916 0.0301204249
      vertex 0.0243249461 -0.00455766637 0.0307234097
    endloop
  endfacet
  facet normal -0.258744836 0.118246041 -0.958680868
    outer loop
      vertex 0.0265999641 -0.00298493821 0.0303033739
      vertex 0.0243249461 -0.00455766637 0.0307234097
      vertex 0.0243249647 -0.00304466067 0.0309100226
    endloop
  endfacet
  facet normal -0.7069996 0.0865797326 -0.701894164
    outer loop
      vertex 0.0243249647 -0.00304466067 0.0309100226
      vertex 0.0243249461 -0.00455766637 0.0307234097
      vertex 0.0226595271 -0.00480201328 0.032370802
    endloop
  endfacet
  facet normal -0.706999421 0.0865792781 -0.701894462
    outer loop
      vertex 0.0243249647 -0.00304466067 0.0309100226
      vertex 0.0226595271 -0.00480201328 0.032370802
      vertex 0.0226595476 -0.00320788007 0.0325674191
    endloop
  endfacet
  facet normal -0.965906024 0.0317034088 -0.256944448
    outer loop
      vertex 0.0226595476 -0.00320788007 0.0325674191
      vertex 0.0226595271 -0.00480201328 0.032370802
      vertex 0.0220499393 -0.00513581745 0.0346211791
    endloop
  endfacet
  facet normal -0.965905845 0.0317026041 -0.256945103
    outer loop
      vertex 0.0226595476 -0.00320788007 0.0325674191
      vertex 0.0220499393 -0.00513581745 0.0346211791
      vertex 0.0220499597 -0.00343086221 0.0348314643
    endloop
  endfacet
  facet normal -0.965906739 -0.0316793658 0.256944805
    outer loop
      vertex 0.0220499597 -0.00343086221 0.0348314643
      vertex 0.0220499393 -0.00513581745 0.0346211791
      vertex 0.0226595197 -0.00546963606 0.0368715562
    endloop
  endfacet
  facet normal -0.965906739 -0.0316795148 0.256944627
    outer loop
      vertex 0.0220499597 -0.00343086221 0.0348314643
      vertex 0.0226595197 -0.00546963606 0.0368715562
      vertex 0.022659542 -0.00365385902 0.0370955132
    endloop
  endfacet
  facet normal -0.707000494 -0.0865627304 0.701895475
    outer loop
      vertex 0.022659542 -0.00365385902 0.0370955132
      vertex 0.0226595197 -0.00546963606 0.0368715562
      vertex 0.0243249331 -0.00571402302 0.0385189429
    endloop
  endfacet
  facet normal -0.707000673 -0.086563006 0.701895237
    outer loop
      vertex 0.022659542 -0.00365385902 0.0370955132
      vertex 0.0243249331 -0.00571402302 0.0385189429
      vertex 0.0243249554 -0.00381711824 0.038752906
    endloop
  endfacet
  facet normal -0.258747667 -0.118240081 0.958680928
    outer loop
      vertex 0.0243249554 -0.00381711824 0.038752906
      vertex 0.0243249331 -0.00571402302 0.0385189429
      vertex 0.0265999325 -0.00580349425 0.0391219296
    endloop
  endfacet
  facet normal -0.258747548 -0.118239902 0.958680928
    outer loop
      vertex 0.0243249554 -0.00381711824 0.038752906
      vertex 0.0265999325 -0.00580349425 0.0391219296
      vertex 0.0265999548 -0.00387689518 0.0393595546
    endloop
  endfacet
  facet normal 0.258744538 -0.16514349 0.951724231
    outer loop
      vertex 0.0265999325 -0.00580349425 0.0391219296
      vertex 0.0265999082 -0.00771613186 0.0387900546
      vertex 0.0288749095 -0.00759723457 0.0381921828
    endloop
  endfacet
  facet normal 0.258744478 -0.165143564 0.951724172
    outer loop
      vertex 0.0265999325 -0.00580349425 0.0391219296
      vertex 0.0288749095 -0.00759723457 0.0381921828
      vertex 0.0288749319 -0.0057140775 0.0385189429
    endloop
  endfacet
  facet normal 0.706997275 -0.120915659 0.696802795
    outer loop
      vertex 0.0288749319 -0.0057140775 0.0385189429
      vertex 0.0288749095 -0.00759723457 0.0381921828
      vertex 0.0305403303 -0.00727234874 0.0365587734
    endloop
  endfacet
  facet normal 0.70699805 -0.120914258 0.696802318
    outer loop
      vertex 0.0288749319 -0.0057140775 0.0385189429
      vertex 0.0305403303 -0.00727234874 0.0365587734
      vertex 0.0305403508 -0.00546973059 0.0368715562
    endloop
  endfacet
  facet normal 0.965905905 -0.0442714393 0.255080223
    outer loop
      vertex 0.0305403508 -0.00546973059 0.0368715562
      vertex 0.0305403303 -0.00727234874 0.0365587734
      vertex 0.0311499201 -0.00682852603 0.0343274847
    endloop
  endfacet
  facet normal 0.965905845 -0.0442713052 0.255080163
    outer loop
      vertex 0.0305403508 -0.00546973059 0.0368715562
      vertex 0.0311499201 -0.00682852603 0.0343274847
      vertex 0.0311499387 -0.00513592688 0.0346211791
    endloop
  endfacet
  facet normal 0.965906799 0.0442501083 -0.255080372
    outer loop
      vertex 0.0311499387 -0.00513592688 0.0346211791
      vertex 0.0311499201 -0.00682852603 0.0343274847
      vertex 0.0305403396 -0.00638468796 0.032096196
    endloop
  endfacet
  facet normal 0.965906918 0.0442496277 -0.255080134
    outer loop
      vertex 0.0311499387 -0.00513592688 0.0346211791
      vertex 0.0305403396 -0.00638468796 0.032096196
      vertex 0.0305403583 -0.00480210781 0.032370802
    endloop
  endfacet
  facet normal 0.707001805 0.1208992 -0.696801245
    outer loop
      vertex 0.0305403583 -0.00480210781 0.032370802
      vertex 0.0305403396 -0.00638468796 0.032096196
      vertex 0.0288749281 -0.00605976162 0.030462781
    endloop
  endfacet
  facet normal 0.707002461 0.12089771 -0.696800828
    outer loop
      vertex 0.0305403583 -0.00480210781 0.032370802
      vertex 0.0288749281 -0.00605976162 0.030462781
      vertex 0.0288749468 -0.00455772132 0.0307234097
    endloop
  endfacet
  facet normal 0.258747637 0.165136695 -0.951724529
    outer loop
      vertex 0.0288749468 -0.00455772132 0.0307234097
      vertex 0.0288749281 -0.00605976162 0.030462781
      vertex 0.0265999287 -0.00594081031 0.029864911
    endloop
  endfacet
  facet normal 0.258747578 0.165136829 -0.951724529
    outer loop
      vertex 0.0288749468 -0.00455772132 0.0307234097
      vertex 0.0265999287 -0.00594081031 0.029864911
      vertex 0.0265999474 -0.00446824916 0.0301204249
    endloop
  endfacet
  facet normal -0.258743763 0.165143326 -0.95172435
    outer loop
      vertex 0.0265999474 -0.00446824916 0.0301204249
      vertex 0.0265999287 -0.00594081031 0.029864911
      vertex 0.0243249275 -0.00605970714 0.030462781
    endloop
  endfacet
  facet normal -0.258743644 0.165143073 -0.95172447
    outer loop
      vertex 0.0265999474 -0.00446824916 0.0301204249
      vertex 0.0243249275 -0.00605970714 0.030462781
      vertex 0.0243249461 -0.00455766637 0.0307234097
    endloop
  endfacet
  facet normal -0.706998944 0.120915242 -0.696801245
    outer loop
      vertex 0.0243249461 -0.00455766637 0.0307234097
      vertex 0.0243249275 -0.00605970714 0.030462781
      vertex 0.0226595085 -0.00638459343 0.032096196
    endloop
  endfacet
  facet normal -0.706999183 0.120915793 -0.696800888
    outer loop
      vertex 0.0243249461 -0.00455766637 0.0307234097
      vertex 0.0226595085 -0.00638459343 0.032096196
      vertex 0.0226595271 -0.00480201328 0.032370802
    endloop
  endfacet
  facet normal -0.965905845 0.0442723371 -0.255080044
    outer loop
      vertex 0.0226595271 -0.00480201328 0.032370802
      vertex 0.0226595085 -0.00638459343 0.032096196
      vertex 0.0220499188 -0.0068284166 0.0343274847
    endloop
  endfacet
  facet normal -0.965905845 0.0442723744 -0.255080014
    outer loop
      vertex 0.0226595271 -0.00480201328 0.032370802
      vertex 0.0220499188 -0.0068284166 0.0343274847
      vertex 0.0220499393 -0.00513581745 0.0346211791
    endloop
  endfacet
  facet normal -0.965906799 -0.0442490838 0.255080611
    outer loop
      vertex 0.0220499393 -0.00513581745 0.0346211791
      vertex 0.0220499188 -0.0068284166 0.0343274847
      vertex 0.0226594992 -0.00727225421 0.0365587734
    endloop
  endfacet
  facet normal -0.965906799 -0.0442494787 0.255080193
    outer loop
      vertex 0.0220499393 -0.00513581745 0.0346211791
      vertex 0.0226594992 -0.00727225421 0.0365587734
      vertex 0.0226595197 -0.00546963606 0.0368715562
    endloop
  endfacet
  facet normal -0.707000554 -0.120898254 0.696802616
    outer loop
      vertex 0.0226595197 -0.00546963606 0.0368715562
      vertex 0.0226594992 -0.00727225421 0.0365587734
      vertex 0.0243249107 -0.00759718008 0.0381921828
    endloop
  endfacet
  facet normal -0.707000852 -0.120898761 0.696802199
    outer loop
      vertex 0.0226595197 -0.00546963606 0.0368715562
      vertex 0.0243249107 -0.00759718008 0.0381921828
      vertex 0.0243249331 -0.00571402302 0.0385189429
    endloop
  endfacet
  facet normal -0.258748621 -0.16513741 0.951724112
    outer loop
      vertex 0.0243249331 -0.00571402302 0.0385189429
      vertex 0.0243249107 -0.00759718008 0.0381921828
      vertex 0.0265999082 -0.00771613186 0.0387900546
    endloop
  endfacet
  facet normal -0.258748263 -0.165136993 0.95172435
    outer loop
      vertex 0.0243249331 -0.00571402302 0.0385189429
      vertex 0.0265999082 -0.00771613186 0.0387900546
      vertex 0.0265999325 -0.00580349425 0.0391219296
    endloop
  endfacet
  facet normal 0.258743554 -0.21164155 0.942475259
    outer loop
      vertex 0.0265999082 -0.00771613186 0.0387900546
      vertex 0.0265998859 -0.00961018074 0.0383647345
      vertex 0.0288748872 -0.00946209114 0.0377734192
    endloop
  endfacet
  facet normal 0.258744031 -0.211641014 0.942475319
    outer loop
      vertex 0.0265999082 -0.00771613186 0.0387900546
      vertex 0.0288748872 -0.00946209114 0.0377734192
      vertex 0.0288749095 -0.00759723457 0.0381921828
    endloop
  endfacet
  facet normal 0.706998408 -0.154958397 0.69002986
    outer loop
      vertex 0.0288749095 -0.00759723457 0.0381921828
      vertex 0.0288748872 -0.00946209114 0.0377734192
      vertex 0.030540308 -0.00905744825 0.0361579135
    endloop
  endfacet
  facet normal 0.706996918 -0.154961348 0.690030754
    outer loop
      vertex 0.0288749095 -0.00759723457 0.0381921828
      vertex 0.030540308 -0.00905744825 0.0361579135
      vertex 0.0305403303 -0.00727234874 0.0365587734
    endloop
  endfacet
  facet normal 0.965905547 -0.056735944 0.252601266
    outer loop
      vertex 0.0305403303 -0.00727234874 0.0365587734
      vertex 0.030540308 -0.00905744825 0.0361579135
      vertex 0.0311498996 -0.0085046757 0.0339510925
    endloop
  endfacet
  facet normal 0.965905666 -0.0567352884 0.252601027
    outer loop
      vertex 0.0305403303 -0.00727234874 0.0365587734
      vertex 0.0311498996 -0.0085046757 0.0339510925
      vertex 0.0311499201 -0.00682852603 0.0343274847
    endloop
  endfacet
  facet normal 0.965906978 0.0567118116 -0.252601624
    outer loop
      vertex 0.0311499201 -0.00682852603 0.0343274847
      vertex 0.0311498996 -0.0085046757 0.0339510925
      vertex 0.030540321 -0.00795188826 0.0317442715
    endloop
  endfacet
  facet normal 0.965906918 0.0567117557 -0.252601624
    outer loop
      vertex 0.0311499201 -0.00682852603 0.0343274847
      vertex 0.030540321 -0.00795188826 0.0317442715
      vertex 0.0305403396 -0.00638468796 0.032096196
    endloop
  endfacet
  facet normal 0.707002044 0.154941991 -0.690029681
    outer loop
      vertex 0.0305403396 -0.00638468796 0.032096196
      vertex 0.030540321 -0.00795188826 0.0317442715
      vertex 0.0288749095 -0.00754720485 0.0301287659
    endloop
  endfacet
  facet normal 0.707002163 0.154941827 -0.69002974
    outer loop
      vertex 0.0305403396 -0.00638468796 0.032096196
      vertex 0.0288749095 -0.00754720485 0.0301287659
      vertex 0.0288749281 -0.00605976162 0.030462781
    endloop
  endfacet
  facet normal 0.25874868 0.211635739 -0.9424752
    outer loop
      vertex 0.0288749281 -0.00605976162 0.030462781
      vertex 0.0288749095 -0.00754720485 0.0301287659
      vertex 0.026599912 -0.00739906076 0.0295374505
    endloop
  endfacet
  facet normal 0.258748174 0.211636469 -0.94247508
    outer loop
      vertex 0.0288749281 -0.00605976162 0.030462781
      vertex 0.026599912 -0.00739906076 0.0295374505
      vertex 0.0265999287 -0.00594081031 0.029864911
    endloop
  endfacet
  facet normal -0.258743584 0.211642429 -0.94247508
    outer loop
      vertex 0.0265999287 -0.00594081031 0.029864911
      vertex 0.026599912 -0.00739906076 0.0295374505
      vertex 0.0243249107 -0.00754715037 0.0301287659
    endloop
  endfacet
  facet normal -0.258743286 0.211641937 -0.942475319
    outer loop
      vertex 0.0265999287 -0.00594081031 0.029864911
      vertex 0.0243249107 -0.00754715037 0.0301287659
      vertex 0.0243249275 -0.00605970714 0.030462781
    endloop
  endfacet
  facet normal -0.706998348 0.154958665 -0.69002974
    outer loop
      vertex 0.0243249275 -0.00605970714 0.030462781
      vertex 0.0243249107 -0.00754715037 0.0301287659
      vertex 0.0226594899 -0.00795179326 0.0317442715
    endloop
  endfacet
  facet normal -0.706998527 0.154958829 -0.690029621
    outer loop
      vertex 0.0243249275 -0.00605970714 0.030462781
      vertex 0.0226594899 -0.00795179326 0.0317442715
      vertex 0.0226595085 -0.00638459343 0.032096196
    endloop
  endfacet
  facet normal -0.965905547 0.0567347258 -0.252601594
    outer loop
      vertex 0.0226595085 -0.00638459343 0.032096196
      vertex 0.0226594899 -0.00795179326 0.0317442715
      vertex 0.0220498983 -0.00850456674 0.0339510925
    endloop
  endfacet
  facet normal -0.965905666 0.056735266 -0.252600968
    outer loop
      vertex 0.0226595085 -0.00638459343 0.032096196
      vertex 0.0220498983 -0.00850456674 0.0339510925
      vertex 0.0220499188 -0.0068284166 0.0343274847
    endloop
  endfacet
  facet normal -0.965906858 -0.0567117929 0.252601624
    outer loop
      vertex 0.0220499188 -0.0068284166 0.0343274847
      vertex 0.0220498983 -0.00850456674 0.0339510925
      vertex 0.0226594768 -0.00905735418 0.0361579135
    endloop
  endfacet
  facet normal -0.965906978 -0.0567118339 0.252601624
    outer loop
      vertex 0.0220499188 -0.0068284166 0.0343274847
      vertex 0.0226594768 -0.00905735418 0.0361579135
      vertex 0.0226594992 -0.00727225421 0.0365587734
    endloop
  endfacet
  facet normal -0.707002044 -0.154943332 0.690029562
    outer loop
      vertex 0.0226594992 -0.00727225421 0.0365587734
      vertex 0.0226594768 -0.00905735418 0.0361579135
      vertex 0.0243248884 -0.00946203619 0.0377734192
    endloop
  endfacet
  facet normal -0.707000971 -0.154941708 0.690030932
    outer loop
      vertex 0.0226594992 -0.00727225421 0.0365587734
      vertex 0.0243248884 -0.00946203619 0.0377734192
      vertex 0.0243249107 -0.00759718008 0.0381921828
    endloop
  endfacet
  facet normal -0.25874871 -0.211634889 0.942475379
    outer loop
      vertex 0.0243249107 -0.00759718008 0.0381921828
      vertex 0.0243248884 -0.00946203619 0.0377734192
      vertex 0.0265998859 -0.00961018074 0.0383647345
    endloop
  endfacet
  facet normal -0.258749157 -0.211635426 0.942475021
    outer loop
      vertex 0.0243249107 -0.00759718008 0.0381921828
      vertex 0.0265998859 -0.00961018074 0.0383647345
      vertex 0.0265999082 -0.00771613186 0.0387900546
    endloop
  endfacet
  facet normal 0.258743197 -0.257632405 0.930955172
    outer loop
      vertex 0.0265998859 -0.00961018074 0.0383647345
      vertex 0.0265998635 -0.0114810606 0.0378469937
      vertex 0.0288748648 -0.0113041354 0.0372636579
    endloop
  endfacet
  facet normal 0.258743078 -0.257632613 0.930955172
    outer loop
      vertex 0.0265998859 -0.00961018074 0.0383647345
      vertex 0.0288748648 -0.0113041354 0.0372636579
      vertex 0.0288748872 -0.00946209114 0.0377734192
    endloop
  endfacet
  facet normal 0.706997275 -0.188631177 0.681595922
    outer loop
      vertex 0.0288748872 -0.00946209114 0.0377734192
      vertex 0.0288748648 -0.0113041354 0.0372636579
      vertex 0.0305402875 -0.010820711 0.0356699564
    endloop
  endfacet
  facet normal 0.706997991 -0.188629821 0.681595564
    outer loop
      vertex 0.0288748872 -0.00946209114 0.0377734192
      vertex 0.0305402875 -0.010820711 0.0356699564
      vertex 0.030540308 -0.00905744825 0.0361579135
    endloop
  endfacet
  facet normal 0.965905607 -0.0690604299 0.249513507
    outer loop
      vertex 0.030540308 -0.00905744825 0.0361579135
      vertex 0.0305402875 -0.010820711 0.0356699564
      vertex 0.0311498791 -0.0101603214 0.0334929153
    endloop
  endfacet
  facet normal 0.965905368 -0.0690614954 0.249513894
    outer loop
      vertex 0.030540308 -0.00905744825 0.0361579135
      vertex 0.0311498791 -0.0101603214 0.0334929153
      vertex 0.0311498996 -0.0085046757 0.0339510925
    endloop
  endfacet
  facet normal 0.965907156 0.0690375566 -0.249513805
    outer loop
      vertex 0.0311498996 -0.0085046757 0.0339510925
      vertex 0.0311498791 -0.0101603214 0.0334929153
      vertex 0.0305403024 -0.00949991681 0.0313158743
    endloop
  endfacet
  facet normal 0.965907097 0.0690381899 -0.249514028
    outer loop
      vertex 0.0311498996 -0.0085046757 0.0339510925
      vertex 0.0305403024 -0.00949991681 0.0313158743
      vertex 0.030540321 -0.00795188826 0.0317442715
    endloop
  endfacet
  facet normal 0.707002521 0.188614279 -0.681595206
    outer loop
      vertex 0.030540321 -0.00795188826 0.0317442715
      vertex 0.0305403024 -0.00949991681 0.0313158743
      vertex 0.0288748927 -0.00901645236 0.0297221709
    endloop
  endfacet
  facet normal 0.707002521 0.188614473 -0.681595266
    outer loop
      vertex 0.030540321 -0.00795188826 0.0317442715
      vertex 0.0288748927 -0.00901645236 0.0297221709
      vertex 0.0288749095 -0.00754720485 0.0301287659
    endloop
  endfacet
  facet normal 0.258749366 0.257626623 -0.930955052
    outer loop
      vertex 0.0288749095 -0.00754720485 0.0301287659
      vertex 0.0288748927 -0.00901645236 0.0297221709
      vertex 0.0265998952 -0.0088394722 0.0291388351
    endloop
  endfacet
  facet normal 0.258749247 0.257626861 -0.930955052
    outer loop
      vertex 0.0288749095 -0.00754720485 0.0301287659
      vertex 0.0265998952 -0.0088394722 0.0291388351
      vertex 0.026599912 -0.00739906076 0.0295374505
    endloop
  endfacet
  facet normal -0.258743078 0.257632852 -0.930955052
    outer loop
      vertex 0.026599912 -0.00739906076 0.0295374505
      vertex 0.0265998952 -0.0088394722 0.0291388351
      vertex 0.0243248921 -0.00901639834 0.0297221709
    endloop
  endfacet
  facet normal -0.258743048 0.257632792 -0.930955052
    outer loop
      vertex 0.026599912 -0.00739906076 0.0295374505
      vertex 0.0243248921 -0.00901639834 0.0297221709
      vertex 0.0243249107 -0.00754715037 0.0301287659
    endloop
  endfacet
  facet normal -0.70699811 0.1886314 -0.681595147
    outer loop
      vertex 0.0243249107 -0.00754715037 0.0301287659
      vertex 0.0243248921 -0.00901639834 0.0297221709
      vertex 0.0226594713 -0.00949982181 0.0313158743
    endloop
  endfacet
  facet normal -0.706997991 0.188631266 -0.681595206
    outer loop
      vertex 0.0243249107 -0.00754715037 0.0301287659
      vertex 0.0226594713 -0.00949982181 0.0313158743
      vertex 0.0226594899 -0.00795179326 0.0317442715
    endloop
  endfacet
  facet normal -0.965905666 0.069061242 -0.249513268
    outer loop
      vertex 0.0226594899 -0.00795179326 0.0317442715
      vertex 0.0226594713 -0.00949982181 0.0313158743
      vertex 0.0220498797 -0.0101602124 0.0334929153
    endloop
  endfacet
  facet normal -0.965905488 0.0690604821 -0.249514148
    outer loop
      vertex 0.0226594899 -0.00795179326 0.0317442715
      vertex 0.0220498797 -0.0101602124 0.0334929153
      vertex 0.0220498983 -0.00850456674 0.0339510925
    endloop
  endfacet
  facet normal -0.965907156 -0.0690385625 0.249513477
    outer loop
      vertex 0.0220498983 -0.00850456674 0.0339510925
      vertex 0.0220498797 -0.0101602124 0.0334929153
      vertex 0.0226594564 -0.010820617 0.0356699564
    endloop
  endfacet
  facet normal -0.965907097 -0.0690381229 0.249514028
    outer loop
      vertex 0.0220498983 -0.00850456674 0.0339510925
      vertex 0.0226594564 -0.010820617 0.0356699564
      vertex 0.0226594768 -0.00905735418 0.0361579135
    endloop
  endfacet
  facet normal -0.707002103 -0.188613459 0.681595862
    outer loop
      vertex 0.0226594768 -0.00905735418 0.0361579135
      vertex 0.0226594564 -0.010820617 0.0356699564
      vertex 0.024324866 -0.0113040805 0.0372636579
    endloop
  endfacet
  facet normal -0.707002401 -0.188613892 0.681595445
    outer loop
      vertex 0.0226594768 -0.00905735418 0.0361579135
      vertex 0.024324866 -0.0113040805 0.0372636579
      vertex 0.0243248884 -0.00946203619 0.0377734192
    endloop
  endfacet
  facet normal -0.258749366 -0.257626325 0.930955172
    outer loop
      vertex 0.0243248884 -0.00946203619 0.0377734192
      vertex 0.024324866 -0.0113040805 0.0372636579
      vertex 0.0265998635 -0.0114810606 0.0378469937
    endloop
  endfacet
  facet normal -0.258749276 -0.257626206 0.930955112
    outer loop
      vertex 0.0243248884 -0.00946203619 0.0377734192
      vertex 0.0265998635 -0.0114810606 0.0378469937
      vertex 0.0265998859 -0.00961018074 0.0383647345
    endloop
  endfacet
  facet normal 0.258741617 -0.303004533 0.917191982
    outer loop
      vertex 0.0265998635 -0.0114810606 0.0378469937
      vertex 0.0265998412 -0.0133243008 0.0372380652
      vertex 0.0288748443 -0.0131189656 0.0366641171
    endloop
  endfacet
  facet normal 0.25874263 -0.303003222 0.917192042
    outer loop
      vertex 0.0265998635 -0.0114810606 0.0378469937
      vertex 0.0288748443 -0.0131189656 0.0366641171
      vertex 0.0288748648 -0.0113041354 0.0372636579
    endloop
  endfacet
  facet normal 0.706997514 -0.221848592 0.671518922
    outer loop
      vertex 0.0288748648 -0.0113041354 0.0372636579
      vertex 0.0288748443 -0.0131189656 0.0366641171
      vertex 0.0305402651 -0.0125579247 0.0350960568
    endloop
  endfacet
  facet normal 0.706996977 -0.22184971 0.67151922
    outer loop
      vertex 0.0288748648 -0.0113041354 0.0372636579
      vertex 0.0305402651 -0.0125579247 0.0350960568
      vertex 0.0305402875 -0.010820711 0.0356699564
    endloop
  endfacet
  facet normal 0.965905309 -0.0812223032 0.245825067
    outer loop
      vertex 0.0305402875 -0.010820711 0.0356699564
      vertex 0.0305402651 -0.0125579247 0.0350960568
      vertex 0.0311498605 -0.0117915077 0.0329540409
    endloop
  endfacet
  facet normal 0.965905428 -0.0812209994 0.245824665
    outer loop
      vertex 0.0305402875 -0.010820711 0.0356699564
      vertex 0.0311498605 -0.0117915077 0.0329540409
      vertex 0.0311498791 -0.0101603214 0.0334929153
    endloop
  endfacet
  facet normal 0.965907097 0.0811991766 -0.245825335
    outer loop
      vertex 0.0311498791 -0.0101603214 0.0334929153
      vertex 0.0311498605 -0.0117915077 0.0329540409
      vertex 0.0305402838 -0.0110250758 0.0308120288
    endloop
  endfacet
  facet normal 0.965907276 0.0811979696 -0.245824978
    outer loop
      vertex 0.0311498791 -0.0101603214 0.0334929153
      vertex 0.0305402838 -0.0110250758 0.0308120288
      vertex 0.0305403024 -0.00949991681 0.0313158743
    endloop
  endfacet
  facet normal 0.707003236 0.22183162 -0.671518624
    outer loop
      vertex 0.0305403024 -0.00949991681 0.0313158743
      vertex 0.0305402838 -0.0110250758 0.0308120288
      vertex 0.028874876 -0.010463994 0.0292439666
    endloop
  endfacet
  facet normal 0.707002938 0.221832171 -0.671518624
    outer loop
      vertex 0.0305403024 -0.00949991681 0.0313158743
      vertex 0.028874876 -0.010463994 0.0292439666
      vertex 0.0288748927 -0.00901645236 0.0297221709
    endloop
  endfacet
  facet normal 0.258749574 0.302997112 -0.917192101
    outer loop
      vertex 0.0288748927 -0.00901645236 0.0297221709
      vertex 0.028874876 -0.010463994 0.0292439666
      vertex 0.0265998784 -0.0102586048 0.0286700167
    endloop
  endfacet
  facet normal 0.258749932 0.302996576 -0.91719228
    outer loop
      vertex 0.0288748927 -0.00901645236 0.0297221709
      vertex 0.0265998784 -0.0102586048 0.0286700167
      vertex 0.0265998952 -0.0088394722 0.0291388351
    endloop
  endfacet
  facet normal -0.258743018 0.303002715 -0.917192161
    outer loop
      vertex 0.0265998952 -0.0088394722 0.0291388351
      vertex 0.0265998784 -0.0102586048 0.0286700167
      vertex 0.0243248753 -0.01046394 0.0292439684
    endloop
  endfacet
  facet normal -0.258742571 0.30300203 -0.917192459
    outer loop
      vertex 0.0265998952 -0.0088394722 0.0291388351
      vertex 0.0243248753 -0.01046394 0.0292439684
      vertex 0.0243248921 -0.00901639834 0.0297221709
    endloop
  endfacet
  facet normal -0.706997514 0.221847862 -0.671519279
    outer loop
      vertex 0.0243248921 -0.00901639834 0.0297221709
      vertex 0.0243248753 -0.01046394 0.0292439684
      vertex 0.0226594526 -0.0110249808 0.0308120307
    endloop
  endfacet
  facet normal -0.706997633 0.221848175 -0.671518981
    outer loop
      vertex 0.0243248921 -0.00901639834 0.0297221709
      vertex 0.0226594526 -0.0110249808 0.0308120307
      vertex 0.0226594713 -0.00949982181 0.0313158743
    endloop
  endfacet
  facet normal -0.965905249 0.0812213346 -0.245825171
    outer loop
      vertex 0.0226594713 -0.00949982181 0.0313158743
      vertex 0.0226594526 -0.0110249808 0.0308120307
      vertex 0.0220498592 -0.0117913987 0.0329540409
    endloop
  endfacet
  facet normal -0.965905428 0.0812220201 -0.245824292
    outer loop
      vertex 0.0226594713 -0.00949982181 0.0313158743
      vertex 0.0220498592 -0.0117913987 0.0329540409
      vertex 0.0220498797 -0.0101602124 0.0334929153
    endloop
  endfacet
  facet normal -0.965907335 -0.081197843 0.245824635
    outer loop
      vertex 0.0220498797 -0.0101602124 0.0334929153
      vertex 0.0220498592 -0.0117913987 0.0329540409
      vertex 0.022659434 -0.0125578307 0.0350960568
    endloop
  endfacet
  facet normal -0.965907276 -0.0811974779 0.245825112
    outer loop
      vertex 0.0220498797 -0.0101602124 0.0334929153
      vertex 0.022659434 -0.0125578307 0.0350960568
      vertex 0.0226594564 -0.010820617 0.0356699564
    endloop
  endfacet
  facet normal -0.707002282 -0.221831664 0.671519458
    outer loop
      vertex 0.0226594564 -0.010820617 0.0356699564
      vertex 0.022659434 -0.0125578307 0.0350960568
      vertex 0.0243248437 -0.0131189106 0.0366641171
    endloop
  endfacet
  facet normal -0.70700258 -0.221831992 0.67151916
    outer loop
      vertex 0.0226594564 -0.010820617 0.0356699564
      vertex 0.0243248437 -0.0131189106 0.0366641171
      vertex 0.024324866 -0.0113040805 0.0372636579
    endloop
  endfacet
  facet normal -0.258749008 -0.302997172 0.91719228
    outer loop
      vertex 0.024324866 -0.0113040805 0.0372636579
      vertex 0.0243248437 -0.0131189106 0.0366641171
      vertex 0.0265998412 -0.0133243008 0.0372380652
    endloop
  endfacet
  facet normal -0.258749932 -0.302998215 0.917191744
    outer loop
      vertex 0.024324866 -0.0113040805 0.0372636579
      vertex 0.0265998412 -0.0133243008 0.0372380652
      vertex 0.0265998635 -0.0114810606 0.0378469937
    endloop
  endfacet
  facet normal 0.258741707 -0.347641796 0.901220143
    outer loop
      vertex 0.0265998412 -0.0133243008 0.0372380652
      vertex 0.0265998188 -0.0151354419 0.0365394317
      vertex 0.028874822 -0.0149021922 0.0359762497
    endloop
  endfacet
  facet normal 0.258741081 -0.34764269 0.901220083
    outer loop
      vertex 0.0265998412 -0.0133243008 0.0372380652
      vertex 0.028874822 -0.0149021922 0.0359762497
      vertex 0.0288748443 -0.0131189656 0.0366641171
    endloop
  endfacet
  facet normal 0.706996977 -0.254531741 0.659824848
    outer loop
      vertex 0.0288748443 -0.0131189656 0.0366641171
      vertex 0.028874822 -0.0149021922 0.0359762497
      vertex 0.0305402447 -0.0142648853 0.034437608
    endloop
  endfacet
  facet normal 0.706997156 -0.254531562 0.659824789
    outer loop
      vertex 0.0288748443 -0.0131189656 0.0366641171
      vertex 0.0305402447 -0.0142648853 0.034437608
      vertex 0.0305402651 -0.0125579247 0.0350960568
    endloop
  endfacet
  facet normal 0.96590513 -0.0931857899 0.2415445
    outer loop
      vertex 0.0305402651 -0.0125579247 0.0350960568
      vertex 0.0305402447 -0.0142648853 0.034437608
      vertex 0.03114984 -0.0133942878 0.0323357843
    endloop
  endfacet
  facet normal 0.96590513 -0.0931857601 0.241544455
    outer loop
      vertex 0.0305402651 -0.0125579247 0.0350960568
      vertex 0.03114984 -0.0133942878 0.0323357843
      vertex 0.0311498605 -0.0117915077 0.0329540409
    endloop
  endfacet
  facet normal 0.965907633 0.0931609273 -0.241544142
    outer loop
      vertex 0.0311498605 -0.0117915077 0.0329540409
      vertex 0.03114984 -0.0133942878 0.0323357843
      vertex 0.030540267 -0.0125236753 0.0302339569
    endloop
  endfacet
  facet normal 0.965907276 0.0931629911 -0.241544619
    outer loop
      vertex 0.0311498605 -0.0117915077 0.0329540409
      vertex 0.030540267 -0.0125236753 0.0302339569
      vertex 0.0305402838 -0.0110250758 0.0308120288
    endloop
  endfacet
  facet normal 0.70700264 0.254514188 -0.659825623
    outer loop
      vertex 0.0305402838 -0.0110250758 0.0308120288
      vertex 0.030540267 -0.0125236753 0.0302339569
      vertex 0.0288748574 -0.0118863285 0.0286953151
    endloop
  endfacet
  facet normal 0.707003653 0.254511923 -0.659825444
    outer loop
      vertex 0.0305402838 -0.0110250758 0.0308120288
      vertex 0.0288748574 -0.0118863285 0.0286953151
      vertex 0.028874876 -0.010463994 0.0292439666
    endloop
  endfacet
  facet normal 0.258750468 0.34763363 -0.901220858
    outer loop
      vertex 0.028874876 -0.010463994 0.0292439666
      vertex 0.0288748574 -0.0118863285 0.0286953151
      vertex 0.0265998617 -0.0116530228 0.0281321332
    endloop
  endfacet
  facet normal 0.258750111 0.347634226 -0.901220739
    outer loop
      vertex 0.028874876 -0.010463994 0.0292439666
      vertex 0.0265998617 -0.0116530228 0.0281321332
      vertex 0.0265998784 -0.0102586048 0.0286700167
    endloop
  endfacet
  facet normal -0.258741856 0.347640395 -0.901220679
    outer loop
      vertex 0.0265998784 -0.0102586048 0.0286700167
      vertex 0.0265998617 -0.0116530228 0.0281321332
      vertex 0.0243248586 -0.0118862735 0.0286953151
    endloop
  endfacet
  facet normal -0.258742481 0.34764123 -0.901220262
    outer loop
      vertex 0.0265998784 -0.0102586048 0.0286700167
      vertex 0.0243248586 -0.0118862735 0.0286953151
      vertex 0.0243248753 -0.01046394 0.0292439684
    endloop
  endfacet
  facet normal -0.706996977 0.25453046 -0.659825325
    outer loop
      vertex 0.0243248753 -0.01046394 0.0292439684
      vertex 0.0243248586 -0.0118862735 0.0286953151
      vertex 0.0226594359 -0.0125235803 0.0302339569
    endloop
  endfacet
  facet normal -0.706997097 0.254530579 -0.659825146
    outer loop
      vertex 0.0243248753 -0.01046394 0.0292439684
      vertex 0.0226594359 -0.0125235803 0.0302339569
      vertex 0.0226594526 -0.0110249808 0.0308120307
    endloop
  endfacet
  facet normal -0.965905249 0.0931848213 -0.241544485
    outer loop
      vertex 0.0226594526 -0.0110249808 0.0308120307
      vertex 0.0226594359 -0.0125235803 0.0302339569
      vertex 0.0220498405 -0.0133941779 0.0323357843
    endloop
  endfacet
  facet normal -0.96590519 0.0931847319 -0.241544634
    outer loop
      vertex 0.0226594526 -0.0110249808 0.0308120307
      vertex 0.0220498405 -0.0133941779 0.0323357843
      vertex 0.0220498592 -0.0117913987 0.0329540409
    endloop
  endfacet
  facet normal -0.965907454 -0.0931620598 0.241544038
    outer loop
      vertex 0.0220498592 -0.0117913987 0.0329540409
      vertex 0.0220498405 -0.0133941779 0.0323357843
      vertex 0.0226594135 -0.0142647913 0.034437608
    endloop
  endfacet
  facet normal -0.965907574 -0.0931622833 0.241543666
    outer loop
      vertex 0.0220498592 -0.0117913987 0.0329540409
      vertex 0.0226594135 -0.0142647913 0.034437608
      vertex 0.022659434 -0.0125578307 0.0350960568
    endloop
  endfacet
  facet normal -0.707003057 -0.254514664 0.659825087
    outer loop
      vertex 0.022659434 -0.0125578307 0.0350960568
      vertex 0.0226594135 -0.0142647913 0.034437608
      vertex 0.0243248213 -0.0149021372 0.0359762497
    endloop
  endfacet
  facet normal -0.70700264 -0.254514277 0.659825504
    outer loop
      vertex 0.022659434 -0.0125578307 0.0350960568
      vertex 0.0243248213 -0.0149021372 0.0359762497
      vertex 0.0243248437 -0.0131189106 0.0366641171
    endloop
  endfacet
  facet normal -0.25875017 -0.347636193 0.901219964
    outer loop
      vertex 0.0243248437 -0.0131189106 0.0366641171
      vertex 0.0243248213 -0.0149021372 0.0359762497
      vertex 0.0265998188 -0.0151354419 0.0365394317
    endloop
  endfacet
  facet normal -0.258749545 -0.347635478 0.901220322
    outer loop
      vertex 0.0243248437 -0.0131189106 0.0366641171
      vertex 0.0265998188 -0.0151354419 0.0365394317
      vertex 0.0265998412 -0.0133243008 0.0372380652
    endloop
  endfacet
  facet normal 0.258742213 -0.391442746 0.883077025
    outer loop
      vertex 0.0265998188 -0.0151354419 0.0365394317
      vertex 0.0265997984 -0.0169101208 0.0357527733
      vertex 0.0288748015 -0.0166495182 0.0352017134
    endloop
  endfacet
  facet normal 0.25874123 -0.391444027 0.883076727
    outer loop
      vertex 0.0265998188 -0.0151354419 0.0365394317
      vertex 0.0288748015 -0.0166495182 0.0352017134
      vertex 0.028874822 -0.0149021922 0.0359762497
    endloop
  endfacet
  facet normal 0.70699656 -0.286600471 0.646541655
    outer loop
      vertex 0.028874822 -0.0149021922 0.0359762497
      vertex 0.0288748015 -0.0166495182 0.0352017134
      vertex 0.030540226 -0.0159374811 0.033696197
    endloop
  endfacet
  facet normal 0.70699656 -0.286600173 0.646541655
    outer loop
      vertex 0.028874822 -0.0149021922 0.0359762497
      vertex 0.030540226 -0.0159374811 0.033696197
      vertex 0.0305402447 -0.0142648853 0.034437608
    endloop
  endfacet
  facet normal 0.96590519 -0.104924425 0.236681357
    outer loop
      vertex 0.0305402447 -0.0142648853 0.034437608
      vertex 0.030540226 -0.0159374811 0.033696197
      vertex 0.0311498214 -0.0149648003 0.0316396207
    endloop
  endfacet
  facet normal 0.965904951 -0.104925692 0.23668164
    outer loop
      vertex 0.0305402447 -0.0142648853 0.034437608
      vertex 0.0311498214 -0.0149648003 0.0316396207
      vertex 0.03114984 -0.0133942878 0.0323357843
    endloop
  endfacet
  facet normal 0.965907514 0.104902714 -0.236681461
    outer loop
      vertex 0.03114984 -0.0133942878 0.0323357843
      vertex 0.0311498214 -0.0149648003 0.0316396207
      vertex 0.0305402484 -0.0139921037 0.0295830481
    endloop
  endfacet
  facet normal 0.965907693 0.10490118 -0.236681178
    outer loop
      vertex 0.03114984 -0.0133942878 0.0323357843
      vertex 0.0305402484 -0.0139921037 0.0295830481
      vertex 0.030540267 -0.0125236753 0.0302339569
    endloop
  endfacet
  facet normal 0.707003951 0.286582768 -0.646541297
    outer loop
      vertex 0.030540267 -0.0125236753 0.0302339569
      vertex 0.0305402484 -0.0139921037 0.0295830481
      vertex 0.0288748425 -0.0132800275 0.0280775297
    endloop
  endfacet
  facet normal 0.707002997 0.286584973 -0.646541417
    outer loop
      vertex 0.030540267 -0.0125236753 0.0302339569
      vertex 0.0288748425 -0.0132800275 0.0280775297
      vertex 0.0288748574 -0.0118863285 0.0286953151
    endloop
  endfacet
  facet normal 0.258751065 0.391438693 -0.883076251
    outer loop
      vertex 0.0288748574 -0.0118863285 0.0286953151
      vertex 0.0288748425 -0.0132800275 0.0280775297
      vertex 0.0265998449 -0.013019369 0.0275264718
    endloop
  endfacet
  facet normal 0.258751005 0.391438752 -0.883076251
    outer loop
      vertex 0.0288748574 -0.0118863285 0.0286953151
      vertex 0.0265998449 -0.013019369 0.0275264718
      vertex 0.0265998617 -0.0116530228 0.0281321332
    endloop
  endfacet
  facet normal -0.258741677 0.3914451 -0.883076131
    outer loop
      vertex 0.0265998617 -0.0116530228 0.0281321332
      vertex 0.0265998449 -0.013019369 0.0275264718
      vertex 0.0243248418 -0.0132799726 0.0280775297
    endloop
  endfacet
  facet normal -0.258741379 0.391444623 -0.883076429
    outer loop
      vertex 0.0265998617 -0.0116530228 0.0281321332
      vertex 0.0243248418 -0.0132799726 0.0280775297
      vertex 0.0243248586 -0.0118862735 0.0286953151
    endloop
  endfacet
  facet normal -0.706996739 0.286600947 -0.646541119
    outer loop
      vertex 0.0243248586 -0.0118862735 0.0286953151
      vertex 0.0243248418 -0.0132799726 0.0280775297
      vertex 0.0226594172 -0.0139920088 0.0295830481
    endloop
  endfacet
  facet normal -0.70699662 0.286600709 -0.646541417
    outer loop
      vertex 0.0243248586 -0.0118862735 0.0286953151
      vertex 0.0226594172 -0.0139920088 0.0295830481
      vertex 0.0226594359 -0.0125235803 0.0302339569
    endloop
  endfacet
  facet normal -0.96590507 0.104925662 -0.236681134
    outer loop
      vertex 0.0226594359 -0.0125235803 0.0302339569
      vertex 0.0226594172 -0.0139920088 0.0295830481
      vertex 0.0220498219 -0.0149646904 0.0316396207
    endloop
  endfacet
  facet normal -0.96590513 0.104925573 -0.236681342
    outer loop
      vertex 0.0226594359 -0.0125235803 0.0302339569
      vertex 0.0220498219 -0.0149646904 0.0316396207
      vertex 0.0220498405 -0.0133941779 0.0323357843
    endloop
  endfacet
  facet normal -0.965907574 -0.10490258 0.236681163
    outer loop
      vertex 0.0220498405 -0.0133941779 0.0323357843
      vertex 0.0220498219 -0.0149646904 0.0316396207
      vertex 0.0226593949 -0.0159373861 0.033696197
    endloop
  endfacet
  facet normal -0.965907633 -0.104902759 0.23668088
    outer loop
      vertex 0.0220498405 -0.0133941779 0.0323357843
      vertex 0.0226593949 -0.0159373861 0.033696197
      vertex 0.0226594135 -0.0142647913 0.034437608
    endloop
  endfacet
  facet normal -0.707003832 -0.286584288 0.64654088
    outer loop
      vertex 0.0226594135 -0.0142647913 0.034437608
      vertex 0.0226593949 -0.0159373861 0.033696197
      vertex 0.0243248008 -0.0166494641 0.0352017134
    endloop
  endfacet
  facet normal -0.707003295 -0.286583692 0.646541536
    outer loop
      vertex 0.0226594135 -0.0142647913 0.034437608
      vertex 0.0243248008 -0.0166494641 0.0352017134
      vertex 0.0243248213 -0.0149021372 0.0359762497
    endloop
  endfacet
  facet normal -0.258751452 -0.39143768 0.883076549
    outer loop
      vertex 0.0243248213 -0.0149021372 0.0359762497
      vertex 0.0243248008 -0.0166494641 0.0352017134
      vertex 0.0265997984 -0.0169101208 0.0357527733
    endloop
  endfacet
  facet normal -0.258750707 -0.391436875 0.883077145
    outer loop
      vertex 0.0243248213 -0.0149021372 0.0359762497
      vertex 0.0265997984 -0.0169101208 0.0357527733
      vertex 0.0265998188 -0.0151354419 0.0365394317
    endloop
  endfacet
  facet normal 0.258740515 -0.434304088 0.862805486
    outer loop
      vertex 0.0265997984 -0.0169101208 0.0357527733
      vertex 0.0265997779 -0.018644046 0.0348799862
      vertex 0.028874781 -0.0183567181 0.0343423821
    endloop
  endfacet
  facet normal 0.258741677 -0.434302658 0.862805903
    outer loop
      vertex 0.0265997984 -0.0169101208 0.0357527733
      vertex 0.028874781 -0.0183567181 0.0343423821
      vertex 0.0288748015 -0.0166495182 0.0352017134
    endloop
  endfacet
  facet normal 0.706996679 -0.317979217 0.631699979
    outer loop
      vertex 0.0288748015 -0.0166495182 0.0352017134
      vertex 0.028874781 -0.0183567181 0.0343423821
      vertex 0.0305402055 -0.0175716672 0.0328736156
    endloop
  endfacet
  facet normal 0.706996024 -0.317980438 0.631700039
    outer loop
      vertex 0.0288748015 -0.0166495182 0.0352017134
      vertex 0.0305402055 -0.0175716672 0.0328736156
      vertex 0.030540226 -0.0159374811 0.033696197
    endloop
  endfacet
  facet normal 0.965904891 -0.1164129 0.231248304
    outer loop
      vertex 0.030540226 -0.0159374811 0.033696197
      vertex 0.0305402055 -0.0175716672 0.0328736156
      vertex 0.0311498027 -0.0164992474 0.0308672469
    endloop
  endfacet
  facet normal 0.96590507 -0.116411977 0.2312482
    outer loop
      vertex 0.030540226 -0.0159374811 0.033696197
      vertex 0.0311498027 -0.0164992474 0.0308672469
      vertex 0.0311498214 -0.0149648003 0.0316396207
    endloop
  endfacet
  facet normal 0.965907753 0.116388589 -0.231248304
    outer loop
      vertex 0.0311498214 -0.0149648003 0.0316396207
      vertex 0.0311498027 -0.0164992474 0.0308672469
      vertex 0.0305402316 -0.0154268118 0.0288608745
    endloop
  endfacet
  facet normal 0.965907693 0.116389789 -0.231248498
    outer loop
      vertex 0.0311498214 -0.0149648003 0.0316396207
      vertex 0.0305402316 -0.0154268118 0.0288608745
      vertex 0.0305402484 -0.0139921037 0.0295830481
    endloop
  endfacet
  facet normal 0.707003951 0.31796366 -0.631699741
    outer loop
      vertex 0.0305402484 -0.0139921037 0.0295830481
      vertex 0.0305402316 -0.0154268118 0.0288608745
      vertex 0.0288748257 -0.0146417208 0.0273921099
    endloop
  endfacet
  facet normal 0.707004309 0.317962766 -0.631699741
    outer loop
      vertex 0.0305402484 -0.0139921037 0.0295830481
      vertex 0.0288748257 -0.0146417208 0.0273921099
      vertex 0.0288748425 -0.0132800275 0.0280775297
    endloop
  endfacet
  facet normal 0.25875169 0.434297353 -0.862805545
    outer loop
      vertex 0.0288748425 -0.0132800275 0.0280775297
      vertex 0.0288748257 -0.0146417208 0.0273921099
      vertex 0.0265998282 -0.014354337 0.0268545039
    endloop
  endfacet
  facet normal 0.258751571 0.434297472 -0.862805486
    outer loop
      vertex 0.0288748425 -0.0132800275 0.0280775297
      vertex 0.0265998282 -0.014354337 0.0268545039
      vertex 0.0265998449 -0.013019369 0.0275264718
    endloop
  endfacet
  facet normal -0.258741349 0.43430388 -0.862805367
    outer loop
      vertex 0.0265998449 -0.013019369 0.0275264718
      vertex 0.0265998282 -0.014354337 0.0268545039
      vertex 0.024324825 -0.0146416659 0.0273921099
    endloop
  endfacet
  facet normal -0.25874117 0.434303701 -0.862805486
    outer loop
      vertex 0.0265998449 -0.013019369 0.0275264718
      vertex 0.024324825 -0.0146416659 0.0273921099
      vertex 0.0243248418 -0.0132799726 0.0280775297
    endloop
  endfacet
  facet normal -0.706996322 0.31798023 -0.63169992
    outer loop
      vertex 0.0243248418 -0.0132799726 0.0280775297
      vertex 0.024324825 -0.0146416659 0.0273921099
      vertex 0.0226594005 -0.0154267168 0.0288608745
    endloop
  endfacet
  facet normal -0.706996322 0.31798023 -0.63169986
    outer loop
      vertex 0.0243248418 -0.0132799726 0.0280775297
      vertex 0.0226594005 -0.0154267168 0.0288608745
      vertex 0.0226594172 -0.0139920088 0.0295830481
    endloop
  endfacet
  facet normal -0.965904951 0.116412222 -0.23124823
    outer loop
      vertex 0.0226594172 -0.0139920088 0.0295830481
      vertex 0.0226594005 -0.0154267168 0.0288608745
      vertex 0.0220498033 -0.0164991375 0.0308672469
    endloop
  endfacet
  facet normal -0.965904891 0.116412111 -0.231248453
    outer loop
      vertex 0.0226594172 -0.0139920088 0.0295830481
      vertex 0.0220498033 -0.0164991375 0.0308672469
      vertex 0.0220498219 -0.0149646904 0.0316396207
    endloop
  endfacet
  facet normal -0.965907753 -0.116388768 0.231248662
    outer loop
      vertex 0.0220498219 -0.0149646904 0.0316396207
      vertex 0.0220498033 -0.0164991375 0.0308672469
      vertex 0.0226593744 -0.0175715722 0.0328736156
    endloop
  endfacet
  facet normal -0.965907753 -0.11638882 0.231248617
    outer loop
      vertex 0.0220498219 -0.0149646904 0.0316396207
      vertex 0.0226593744 -0.0175715722 0.0328736156
      vertex 0.0226593949 -0.0159373861 0.033696197
    endloop
  endfacet
  facet normal -0.707004428 -0.317962557 0.6316998
    outer loop
      vertex 0.0226593949 -0.0159373861 0.033696197
      vertex 0.0226593744 -0.0175715722 0.0328736156
      vertex 0.0243247803 -0.0183566641 0.0343423821
    endloop
  endfacet
  facet normal -0.707004189 -0.317962319 0.631700158
    outer loop
      vertex 0.0226593949 -0.0159373861 0.033696197
      vertex 0.0243247803 -0.0183566641 0.0343423821
      vertex 0.0243248008 -0.0166494641 0.0352017134
    endloop
  endfacet
  facet normal -0.258750677 -0.434296578 0.862806201
    outer loop
      vertex 0.0243248008 -0.0166494641 0.0352017134
      vertex 0.0243247803 -0.0183566641 0.0343423821
      vertex 0.0265997779 -0.018644046 0.0348799862
    endloop
  endfacet
  facet normal -0.258751929 -0.43429783 0.862805188
    outer loop
      vertex 0.0243248008 -0.0166494641 0.0352017134
      vertex 0.0265997779 -0.018644046 0.0348799862
      vertex 0.0265997984 -0.0169101208 0.0357527733
    endloop
  endfacet
  facet normal 0.258739591 -0.47611627 0.840456605
    outer loop
      vertex 0.0265997779 -0.018644046 0.0348799862
      vertex 0.0265997574 -0.0203330722 0.033923164
      vertex 0.0288747605 -0.0200197119 0.0334003083
    endloop
  endfacet
  facet normal 0.258739978 -0.476115733 0.840456605
    outer loop
      vertex 0.0265997779 -0.018644046 0.0348799862
      vertex 0.0288747605 -0.0200197119 0.0334003083
      vertex 0.028874781 -0.0183567181 0.0343423821
    endloop
  endfacet
  facet normal 0.706995726 -0.348592788 0.615337372
    outer loop
      vertex 0.028874781 -0.0183567181 0.0343423821
      vertex 0.0288747605 -0.0200197119 0.0334003083
      vertex 0.0305401869 -0.0191635378 0.0319718346
    endloop
  endfacet
  facet normal 0.706996322 -0.348591566 0.615337372
    outer loop
      vertex 0.028874781 -0.0183567181 0.0343423821
      vertex 0.0305401869 -0.0191635378 0.0319718346
      vertex 0.0305402055 -0.0175716672 0.0328736156
    endloop
  endfacet
  facet normal 0.965904653 -0.127618596 0.225259006
    outer loop
      vertex 0.0305402055 -0.0175716672 0.0328736156
      vertex 0.0305401869 -0.0191635378 0.0319718346
      vertex 0.031149786 -0.0179939624 0.0300205033
    endloop
  endfacet
  facet normal 0.965904772 -0.127618164 0.225258991
    outer loop
      vertex 0.0305402055 -0.0175716672 0.0328736156
      vertex 0.031149786 -0.0179939624 0.0300205033
      vertex 0.0311498027 -0.0164992474 0.0308672469
    endloop
  endfacet
  facet normal 0.965907812 0.12759614 -0.225258335
    outer loop
      vertex 0.0311498027 -0.0164992474 0.0308672469
      vertex 0.031149786 -0.0179939624 0.0300205033
      vertex 0.0305402149 -0.0168243703 0.0280691702
    endloop
  endfacet
  facet normal 0.965907931 0.127595171 -0.225258246
    outer loop
      vertex 0.0311498027 -0.0164992474 0.0308672469
      vertex 0.0305402149 -0.0168243703 0.0280691702
      vertex 0.0305402316 -0.0154268118 0.0288608745
    endloop
  endfacet
  facet normal 0.707004547 0.348574728 -0.615337551
    outer loop
      vertex 0.0305402316 -0.0154268118 0.0288608745
      vertex 0.0305402149 -0.0168243703 0.0280691702
      vertex 0.0288748089 -0.0159681551 0.0266406946
    endloop
  endfacet
  facet normal 0.707004309 0.348575175 -0.615337491
    outer loop
      vertex 0.0305402316 -0.0154268118 0.0288608745
      vertex 0.0288748089 -0.0159681551 0.0266406946
      vertex 0.0288748257 -0.0146417208 0.0273921099
    endloop
  endfacet
  facet normal 0.258751899 0.476109236 -0.840456665
    outer loop
      vertex 0.0288748257 -0.0146417208 0.0273921099
      vertex 0.0288748089 -0.0159681551 0.0266406946
      vertex 0.0265998133 -0.015654739 0.0261178371
    endloop
  endfacet
  facet normal 0.258752167 0.476108789 -0.840456843
    outer loop
      vertex 0.0288748257 -0.0146417208 0.0273921099
      vertex 0.0265998133 -0.015654739 0.0261178371
      vertex 0.0265998282 -0.014354337 0.0268545039
    endloop
  endfacet
  facet normal -0.258740425 0.476114899 -0.840457082
    outer loop
      vertex 0.0265998282 -0.014354337 0.0268545039
      vertex 0.0265998133 -0.015654739 0.0261178371
      vertex 0.0243248083 -0.0159681011 0.0266406946
    endloop
  endfacet
  facet normal -0.258740813 0.476115376 -0.840456545
    outer loop
      vertex 0.0265998282 -0.014354337 0.0268545039
      vertex 0.0243248083 -0.0159681011 0.0266406946
      vertex 0.024324825 -0.0146416659 0.0273921099
    endloop
  endfacet
  facet normal -0.7069965 0.348592401 -0.615336716
    outer loop
      vertex 0.024324825 -0.0146416659 0.0273921099
      vertex 0.0243248083 -0.0159681011 0.0266406946
      vertex 0.0226593837 -0.0168242753 0.0280691702
    endloop
  endfacet
  facet normal -0.706995964 0.348591715 -0.61533767
    outer loop
      vertex 0.024324825 -0.0146416659 0.0273921099
      vertex 0.0226593837 -0.0168242753 0.0280691702
      vertex 0.0226594005 -0.0154267168 0.0288608745
    endloop
  endfacet
  facet normal -0.965904713 0.127618626 -0.225258708
    outer loop
      vertex 0.0226594005 -0.0154267168 0.0288608745
      vertex 0.0226593837 -0.0168242753 0.0280691702
      vertex 0.0220497847 -0.0179938525 0.0300205033
    endloop
  endfacet
  facet normal -0.965904832 0.127618894 -0.225258172
    outer loop
      vertex 0.0226594005 -0.0154267168 0.0288608745
      vertex 0.0220497847 -0.0179938525 0.0300205033
      vertex 0.0220498033 -0.0164991375 0.0308672469
    endloop
  endfacet
  facet normal -0.965907753 -0.127595186 0.225258797
    outer loop
      vertex 0.0220498033 -0.0164991375 0.0308672469
      vertex 0.0220497847 -0.0179938525 0.0300205033
      vertex 0.0226593558 -0.0191634428 0.0319718383
    endloop
  endfacet
  facet normal -0.965907872 -0.127595291 0.225258678
    outer loop
      vertex 0.0220498033 -0.0164991375 0.0308672469
      vertex 0.0226593558 -0.0191634428 0.0319718383
      vertex 0.0226593744 -0.0175715722 0.0328736156
    endloop
  endfacet
  facet normal -0.707004607 -0.348573953 0.615337968
    outer loop
      vertex 0.0226593744 -0.0175715722 0.0328736156
      vertex 0.0226593558 -0.0191634428 0.0319718383
      vertex 0.0243247598 -0.0200196579 0.0334003121
    endloop
  endfacet
  facet normal -0.707004786 -0.348574162 0.61533767
    outer loop
      vertex 0.0226593744 -0.0175715722 0.0328736156
      vertex 0.0243247598 -0.0200196579 0.0334003121
      vertex 0.0243247803 -0.0183566641 0.0343423821
    endloop
  endfacet
  facet normal -0.258749425 -0.476108253 0.840458035
    outer loop
      vertex 0.0243247803 -0.0183566641 0.0343423821
      vertex 0.0243247598 -0.0200196579 0.0334003121
      vertex 0.0265997574 -0.0203330722 0.033923164
    endloop
  endfacet
  facet normal -0.258751154 -0.476109952 0.840456486
    outer loop
      vertex 0.0243247803 -0.0183566641 0.0343423821
      vertex 0.0265997574 -0.0203330722 0.033923164
      vertex 0.0265997779 -0.018644046 0.0348799862
    endloop
  endfacet
  facet normal 0.258739978 -0.516780496 0.816083014
    outer loop
      vertex 0.0265997574 -0.0203330722 0.033923164
      vertex 0.0265997369 -0.0219730996 0.0328846313
      vertex 0.0288747419 -0.0216344614 0.0323777795
    endloop
  endfacet
  facet normal 0.258739054 -0.516781569 0.816082597
    outer loop
      vertex 0.0265997574 -0.0203330722 0.033923164
      vertex 0.0288747419 -0.0216344614 0.0323777795
      vertex 0.0288747605 -0.0200197119 0.0334003083
    endloop
  endfacet
  facet normal 0.706995308 -0.378365934 0.597492158
    outer loop
      vertex 0.0288747605 -0.0200197119 0.0334003083
      vertex 0.0288747419 -0.0216344614 0.0323777795
      vertex 0.0305401683 -0.0207092278 0.0309930388
    endloop
  endfacet
  facet normal 0.706995368 -0.378365725 0.597492218
    outer loop
      vertex 0.0288747605 -0.0200197119 0.0334003083
      vertex 0.0305401683 -0.0207092278 0.0309930388
      vertex 0.0305401869 -0.0191635378 0.0319718346
    endloop
  endfacet
  facet normal 0.965904772 -0.138517827 0.218725502
    outer loop
      vertex 0.0305401869 -0.0191635378 0.0319718346
      vertex 0.0305401683 -0.0207092278 0.0309930388
      vertex 0.0311497673 -0.0194453131 0.0291014444
    endloop
  endfacet
  facet normal 0.965904593 -0.138519034 0.218725607
    outer loop
      vertex 0.0305401869 -0.0191635378 0.0319718346
      vertex 0.0311497673 -0.0194453131 0.0291014444
      vertex 0.031149786 -0.0179939624 0.0300205033
    endloop
  endfacet
  facet normal 0.965907991 0.138494417 -0.21872586
    outer loop
      vertex 0.031149786 -0.0179939624 0.0300205033
      vertex 0.0311497673 -0.0194453131 0.0291014444
      vertex 0.0305401981 -0.0181813836 0.02720985
    endloop
  endfacet
  facet normal 0.965907991 0.138494864 -0.218725905
    outer loop
      vertex 0.031149786 -0.0179939624 0.0300205033
      vertex 0.0305401981 -0.0181813836 0.02720985
      vertex 0.0305402149 -0.0168243703 0.0280691702
    endloop
  endfacet
  facet normal 0.707004786 0.378349006 -0.597491503
    outer loop
      vertex 0.0305402149 -0.0168243703 0.0280691702
      vertex 0.0305401981 -0.0181813836 0.02720985
      vertex 0.028874794 -0.017256109 0.0258251075
    endloop
  endfacet
  facet normal 0.707004905 0.378348857 -0.597491562
    outer loop
      vertex 0.0305402149 -0.0168243703 0.0280691702
      vertex 0.028874794 -0.017256109 0.0258251075
      vertex 0.0288748089 -0.0159681551 0.0266406946
    endloop
  endfacet
  facet normal 0.258752763 0.516775012 -0.816082418
    outer loop
      vertex 0.0288748089 -0.0159681551 0.0266406946
      vertex 0.028874794 -0.017256109 0.0258251075
      vertex 0.0265997984 -0.016917415 0.0253182556
    endloop
  endfacet
  facet normal 0.258752376 0.516775668 -0.81608212
    outer loop
      vertex 0.0288748089 -0.0159681551 0.0266406946
      vertex 0.0265997984 -0.016917415 0.0253182556
      vertex 0.0265998133 -0.015654739 0.0261178371
    endloop
  endfacet
  facet normal -0.258740395 0.516781807 -0.81608206
    outer loop
      vertex 0.0265998133 -0.015654739 0.0261178371
      vertex 0.0265997984 -0.016917415 0.0253182556
      vertex 0.0243247934 -0.017256055 0.0258251075
    endloop
  endfacet
  facet normal -0.258739918 0.516781211 -0.816082597
    outer loop
      vertex 0.0265998133 -0.015654739 0.0261178371
      vertex 0.0243247934 -0.017256055 0.0258251075
      vertex 0.0243248083 -0.0159681011 0.0266406946
    endloop
  endfacet
  facet normal -0.706995606 0.378365546 -0.597492039
    outer loop
      vertex 0.0243248083 -0.0159681011 0.0266406946
      vertex 0.0243247934 -0.017256055 0.0258251075
      vertex 0.022659367 -0.0181812886 0.02720985
    endloop
  endfacet
  facet normal -0.706996083 0.378366202 -0.597491026
    outer loop
      vertex 0.0243248083 -0.0159681011 0.0266406946
      vertex 0.022659367 -0.0181812886 0.02720985
      vertex 0.0226593837 -0.0168242753 0.0280691702
    endloop
  endfacet
  facet normal -0.965904772 0.138518289 -0.21872519
    outer loop
      vertex 0.0226593837 -0.0168242753 0.0280691702
      vertex 0.022659367 -0.0181812886 0.02720985
      vertex 0.0220497679 -0.0194452032 0.0291014444
    endloop
  endfacet
  facet normal -0.965904653 0.138517991 -0.21872589
    outer loop
      vertex 0.0226593837 -0.0168242753 0.0280691702
      vertex 0.0220497679 -0.0194452032 0.0291014444
      vertex 0.0220497847 -0.0179938525 0.0300205033
    endloop
  endfacet
  facet normal -0.965907991 -0.138495266 0.218725294
    outer loop
      vertex 0.0220497847 -0.0179938525 0.0300205033
      vertex 0.0220497679 -0.0194452032 0.0291014444
      vertex 0.0226593371 -0.0207091328 0.0309930388
    endloop
  endfacet
  facet normal -0.965908051 -0.138495177 0.218725666
    outer loop
      vertex 0.0220497847 -0.0179938525 0.0300205033
      vertex 0.0226593371 -0.0207091328 0.0309930388
      vertex 0.0226593558 -0.0191634428 0.0319718383
    endloop
  endfacet
  facet normal -0.707005203 -0.378349304 0.597491026
    outer loop
      vertex 0.0226593558 -0.0191634428 0.0319718383
      vertex 0.0226593371 -0.0207091328 0.0309930388
      vertex 0.0243247412 -0.0216344073 0.0323777832
    endloop
  endfacet
  facet normal -0.707005024 -0.378349125 0.597491384
    outer loop
      vertex 0.0226593558 -0.0191634428 0.0319718383
      vertex 0.0243247412 -0.0216344073 0.0323777832
      vertex 0.0243247598 -0.0200196579 0.0334003121
    endloop
  endfacet
  facet normal -0.258751184 -0.516775608 0.816082597
    outer loop
      vertex 0.0243247598 -0.0200196579 0.0334003121
      vertex 0.0243247412 -0.0216344073 0.0323777832
      vertex 0.0265997369 -0.0219730996 0.0328846313
    endloop
  endfacet
  facet normal -0.258749902 -0.516774416 0.81608367
    outer loop
      vertex 0.0243247598 -0.0200196579 0.0334003121
      vertex 0.0265997369 -0.0219730996 0.0328846313
      vertex 0.0265997574 -0.0203330722 0.033923164
    endloop
  endfacet
  facet normal 0.258739114 -0.556201041 0.789743304
    outer loop
      vertex 0.0265997369 -0.0219730996 0.0328846313
      vertex 0.0265997183 -0.0235602111 0.0317668654
      vertex 0.0288747232 -0.0231971107 0.031277243
    endloop
  endfacet
  facet normal 0.258739531 -0.556200504 0.789743602
    outer loop
      vertex 0.0265997369 -0.0219730996 0.0328846313
      vertex 0.0288747232 -0.0231971107 0.031277243
      vertex 0.0288747419 -0.0216344614 0.0323777795
    endloop
  endfacet
  facet normal 0.706995606 -0.407226175 0.578207672
    outer loop
      vertex 0.0288747419 -0.0216344614 0.0323777795
      vertex 0.0288747232 -0.0231971107 0.031277243
      vertex 0.0305401497 -0.0222050454 0.0299395677
    endloop
  endfacet
  facet normal 0.706994951 -0.407227516 0.578207552
    outer loop
      vertex 0.0288747419 -0.0216344614 0.0323777795
      vertex 0.0305401497 -0.0222050454 0.0299395677
      vertex 0.0305401683 -0.0207092278 0.0309930388
    endloop
  endfacet
  facet normal 0.965904534 -0.149083674 0.211666003
    outer loop
      vertex 0.0305401683 -0.0207092278 0.0309930388
      vertex 0.0305401497 -0.0222050454 0.0299395677
      vertex 0.0311497506 -0.020849837 0.0281122699
    endloop
  endfacet
  facet normal 0.965904653 -0.149083138 0.211666003
    outer loop
      vertex 0.0305401683 -0.0207092278 0.0309930388
      vertex 0.0311497506 -0.020849837 0.0281122699
      vertex 0.0311497673 -0.0194453131 0.0291014444
    endloop
  endfacet
  facet normal 0.965908229 0.149059877 -0.211665735
    outer loop
      vertex 0.0311497673 -0.0194453131 0.0291014444
      vertex 0.0311497506 -0.020849837 0.0281122699
      vertex 0.0305401832 -0.0194946136 0.0262849703
    endloop
  endfacet
  facet normal 0.965908051 0.149060667 -0.21166572
    outer loop
      vertex 0.0311497673 -0.0194453131 0.0291014444
      vertex 0.0305401832 -0.0194946136 0.0262849703
      vertex 0.0305401981 -0.0181813836 0.02720985
    endloop
  endfacet
  facet normal 0.707005084 0.407210678 -0.578206956
    outer loop
      vertex 0.0305401981 -0.0181813836 0.02720985
      vertex 0.0305401832 -0.0194946136 0.0262849703
      vertex 0.0288747791 -0.0185025055 0.0249472968
    endloop
  endfacet
  facet normal 0.707005143 0.407210439 -0.578206956
    outer loop
      vertex 0.0305401981 -0.0181813836 0.02720985
      vertex 0.0288747791 -0.0185025055 0.0249472968
      vertex 0.028874794 -0.017256109 0.0258251075
    endloop
  endfacet
  facet normal 0.258752406 0.556195855 -0.789742589
    outer loop
      vertex 0.028874794 -0.017256109 0.0258251075
      vertex 0.0288747791 -0.0185025055 0.0249472968
      vertex 0.0265997835 -0.0181393512 0.0244576745
    endloop
  endfacet
  facet normal 0.2587533 0.556194603 -0.789743245
    outer loop
      vertex 0.028874794 -0.017256109 0.0258251075
      vertex 0.0265997835 -0.0181393512 0.0244576745
      vertex 0.0265997984 -0.016917415 0.0253182556
    endloop
  endfacet
  facet normal -0.258739084 0.556200981 -0.789743364
    outer loop
      vertex 0.0265997984 -0.016917415 0.0253182556
      vertex 0.0265997835 -0.0181393512 0.0244576745
      vertex 0.0243247785 -0.0185024515 0.0249472968
    endloop
  endfacet
  facet normal -0.258739948 0.556201935 -0.789742351
    outer loop
      vertex 0.0265997984 -0.016917415 0.0253182556
      vertex 0.0243247785 -0.0185024515 0.0249472968
      vertex 0.0243247934 -0.017256055 0.0258251075
    endloop
  endfacet
  facet normal -0.706995487 0.407227337 -0.578206897
    outer loop
      vertex 0.0243247934 -0.017256055 0.0258251075
      vertex 0.0243247785 -0.0185024515 0.0249472968
      vertex 0.022659352 -0.0194945186 0.0262849703
    endloop
  endfacet
  facet normal -0.706995249 0.407227099 -0.578207374
    outer loop
      vertex 0.0243247934 -0.017256055 0.0258251075
      vertex 0.022659352 -0.0194945186 0.0262849703
      vertex 0.022659367 -0.0181812886 0.02720985
    endloop
  endfacet
  facet normal -0.965904593 0.149083003 -0.211666301
    outer loop
      vertex 0.022659367 -0.0181812886 0.02720985
      vertex 0.022659352 -0.0194945186 0.0262849703
      vertex 0.0220497511 -0.0208497271 0.0281122699
    endloop
  endfacet
  facet normal -0.965904653 0.149083108 -0.211665988
    outer loop
      vertex 0.022659367 -0.0181812886 0.02720985
      vertex 0.0220497511 -0.0208497271 0.0281122699
      vertex 0.0220497679 -0.0194452032 0.0291014444
    endloop
  endfacet
  facet normal -0.965908229 -0.149059981 0.211665899
    outer loop
      vertex 0.0220497679 -0.0194452032 0.0291014444
      vertex 0.0220497511 -0.0208497271 0.0281122699
      vertex 0.0226593185 -0.0222049505 0.0299395677
    endloop
  endfacet
  facet normal -0.96590811 -0.149059817 0.211666271
    outer loop
      vertex 0.0220497679 -0.0194452032 0.0291014444
      vertex 0.0226593185 -0.0222049505 0.0299395677
      vertex 0.0226593371 -0.0207091328 0.0309930388
    endloop
  endfacet
  facet normal -0.707005143 -0.407209784 0.578207433
    outer loop
      vertex 0.0226593371 -0.0207091328 0.0309930388
      vertex 0.0226593185 -0.0222049505 0.0299395677
      vertex 0.0243247226 -0.0231970567 0.031277243
    endloop
  endfacet
  facet normal -0.70700556 -0.407210141 0.578206897
    outer loop
      vertex 0.0226593371 -0.0207091328 0.0309930388
      vertex 0.0243247226 -0.0231970567 0.031277243
      vertex 0.0243247412 -0.0216344073 0.0323777832
    endloop
  endfacet
  facet normal -0.258752406 -0.556195676 0.789742768
    outer loop
      vertex 0.0243247412 -0.0216344073 0.0323777832
      vertex 0.0243247226 -0.0231970567 0.031277243
      vertex 0.0265997183 -0.0235602111 0.0317668654
    endloop
  endfacet
  facet normal -0.258751631 -0.556194961 0.789743423
    outer loop
      vertex 0.0243247412 -0.0216344073 0.0323777832
      vertex 0.0265997183 -0.0235602111 0.0317668654
      vertex 0.0265997369 -0.0219730996 0.0328846313
    endloop
  endfacet
  facet normal 0.258738756 -0.594283581 0.761499405
    outer loop
      vertex 0.0265997183 -0.0235602111 0.0317668654
      vertex 0.0265996996 -0.025090564 0.0305725653
      vertex 0.0288747046 -0.0247038752 0.0301013514
    endloop
  endfacet
  facet normal 0.258738607 -0.594283581 0.761499286
    outer loop
      vertex 0.0265997183 -0.0235602111 0.0317668654
      vertex 0.0288747046 -0.0247038752 0.0301013514
      vertex 0.0288747232 -0.0231971107 0.031277243
    endloop
  endfacet
  facet normal 0.706994653 -0.435109109 0.557529032
    outer loop
      vertex 0.0288747232 -0.0231971107 0.031277243
      vertex 0.0288747046 -0.0247038752 0.0301013514
      vertex 0.0305401329 -0.023647368 0.0288139693
    endloop
  endfacet
  facet normal 0.706995249 -0.435107797 0.557529211
    outer loop
      vertex 0.0288747232 -0.0231971107 0.031277243
      vertex 0.0305401329 -0.023647368 0.0288139693
      vertex 0.0305401497 -0.0222050454 0.0299395677
    endloop
  endfacet
  facet normal 0.965904534 -0.159289375 0.204096302
    outer loop
      vertex 0.0305401497 -0.0222050454 0.0299395677
      vertex 0.0305401329 -0.023647368 0.0288139693
      vertex 0.0311497338 -0.022204129 0.0270553697
    endloop
  endfacet
  facet normal 0.965904355 -0.159290284 0.204096243
    outer loop
      vertex 0.0305401497 -0.0222050454 0.0299395677
      vertex 0.0311497338 -0.022204129 0.0270553697
      vertex 0.0311497506 -0.020849837 0.0281122699
    endloop
  endfacet
  facet normal 0.965908229 0.159266651 -0.2040966
    outer loop
      vertex 0.0311497506 -0.020849837 0.0281122699
      vertex 0.0311497338 -0.022204129 0.0270553697
      vertex 0.0305401664 -0.0207608771 0.02529677
    endloop
  endfacet
  facet normal 0.965908349 0.159265622 -0.204096675
    outer loop
      vertex 0.0311497506 -0.020849837 0.0281122699
      vertex 0.0305401664 -0.0207608771 0.02529677
      vertex 0.0305401832 -0.0194946136 0.0262849703
    endloop
  endfacet
  facet normal 0.70700562 0.435090393 -0.557529688
    outer loop
      vertex 0.0305401832 -0.0194946136 0.0262849703
      vertex 0.0305401664 -0.0207608771 0.02529677
      vertex 0.0288747642 -0.0197043288 0.0240093861
    endloop
  endfacet
  facet normal 0.707005382 0.435090899 -0.557529509
    outer loop
      vertex 0.0305401832 -0.0194946136 0.0262849703
      vertex 0.0288747642 -0.0197043288 0.0240093861
      vertex 0.0288747791 -0.0185025055 0.0249472968
    endloop
  endfacet
  facet normal 0.258753389 0.594276309 -0.761500001
    outer loop
      vertex 0.0288747791 -0.0185025055 0.0249472968
      vertex 0.0288747642 -0.0197043288 0.0240093861
      vertex 0.0265997685 -0.019317586 0.0235381704
    endloop
  endfacet
  facet normal 0.258752823 0.594277263 -0.761499584
    outer loop
      vertex 0.0288747791 -0.0185025055 0.0249472968
      vertex 0.0265997685 -0.019317586 0.0235381704
      vertex 0.0265997835 -0.0181393512 0.0244576745
    endloop
  endfacet
  facet normal -0.258739293 0.594283521 -0.761499166
    outer loop
      vertex 0.0265997835 -0.0181393512 0.0244576745
      vertex 0.0265997685 -0.019317586 0.0235381704
      vertex 0.0243247636 -0.0197042748 0.0240093861
    endloop
  endfacet
  facet normal -0.258738667 0.594282806 -0.761500061
    outer loop
      vertex 0.0265997835 -0.0181393512 0.0244576745
      vertex 0.0243247636 -0.0197042748 0.0240093861
      vertex 0.0243247785 -0.0185024515 0.0249472968
    endloop
  endfacet
  facet normal -0.706994951 0.435108274 -0.55752933
    outer loop
      vertex 0.0243247785 -0.0185024515 0.0249472968
      vertex 0.0243247636 -0.0197042748 0.0240093861
      vertex 0.0226593353 -0.0207607821 0.02529677
    endloop
  endfacet
  facet normal -0.70699513 0.435108572 -0.557528853
    outer loop
      vertex 0.0243247785 -0.0185024515 0.0249472968
      vertex 0.0226593353 -0.0207607821 0.02529677
      vertex 0.022659352 -0.0194945186 0.0262849703
    endloop
  endfacet
  facet normal -0.965904534 0.159290373 -0.204095647
    outer loop
      vertex 0.022659352 -0.0194945186 0.0262849703
      vertex 0.0226593353 -0.0207607821 0.02529677
      vertex 0.0220497344 -0.0222040191 0.0270553697
    endloop
  endfacet
  facet normal -0.965904355 0.159290195 -0.204096138
    outer loop
      vertex 0.022659352 -0.0194945186 0.0262849703
      vertex 0.0220497344 -0.0222040191 0.0270553697
      vertex 0.0220497511 -0.0208497271 0.0281122699
    endloop
  endfacet
  facet normal -0.96590817 -0.159266576 0.204096511
    outer loop
      vertex 0.0220497511 -0.0208497271 0.0281122699
      vertex 0.0220497344 -0.0222040191 0.0270553697
      vertex 0.0226593018 -0.023647273 0.0288139693
    endloop
  endfacet
  facet normal -0.965908289 -0.159266695 0.204096019
    outer loop
      vertex 0.0220497511 -0.0208497271 0.0281122699
      vertex 0.0226593018 -0.023647273 0.0288139693
      vertex 0.0226593185 -0.0222049505 0.0299395677
    endloop
  endfacet
  facet normal -0.707005382 -0.435091466 0.557529271
    outer loop
      vertex 0.0226593185 -0.0222049505 0.0299395677
      vertex 0.0226593018 -0.023647273 0.0288139693
      vertex 0.024324704 -0.0247038212 0.0301013514
    endloop
  endfacet
  facet normal -0.707005501 -0.435091585 0.557528913
    outer loop
      vertex 0.0226593185 -0.0222049505 0.0299395677
      vertex 0.024324704 -0.0247038212 0.0301013514
      vertex 0.0243247226 -0.0231970567 0.031277243
    endloop
  endfacet
  facet normal -0.258752853 -0.594277382 0.761499465
    outer loop
      vertex 0.0243247226 -0.0231970567 0.031277243
      vertex 0.024324704 -0.0247038212 0.0301013514
      vertex 0.0265996996 -0.025090564 0.0305725653
    endloop
  endfacet
  facet normal -0.258752793 -0.594277322 0.761499524
    outer loop
      vertex 0.0243247226 -0.0231970567 0.031277243
      vertex 0.0265996996 -0.025090564 0.0305725653
      vertex 0.0265997183 -0.0235602111 0.0317668654
    endloop
  endfacet
  facet normal 0.258739293 -0.630931914 0.731422484
    outer loop
      vertex 0.0265996996 -0.025090564 0.0305725653
      vertex 0.0265996829 -0.0265604705 0.0293046162
      vertex 0.0288746879 -0.0261511244 0.0288529433
    endloop
  endfacet
  facet normal 0.258738309 -0.630932987 0.731421888
    outer loop
      vertex 0.0265996996 -0.025090564 0.0305725653
      vertex 0.0288746879 -0.0261511244 0.0288529433
      vertex 0.0288747046 -0.0247038752 0.0301013514
    endloop
  endfacet
  facet normal 0.706994236 -0.4619416 0.535508156
    outer loop
      vertex 0.0288747046 -0.0247038752 0.0301013514
      vertex 0.0288746879 -0.0261511244 0.0288529433
      vertex 0.0305401161 -0.0250327215 0.027618954
    endloop
  endfacet
  facet normal 0.706994236 -0.46194154 0.535508156
    outer loop
      vertex 0.0288747046 -0.0247038752 0.0301013514
      vertex 0.0305401161 -0.0250327215 0.027618954
      vertex 0.0305401329 -0.023647368 0.0288139693
    endloop
  endfacet
  facet normal 0.965904295 -0.169112787 0.196034968
    outer loop
      vertex 0.0305401329 -0.023647368 0.0288139693
      vertex 0.0305401161 -0.0250327215 0.027618954
      vertex 0.0311497189 -0.0235049315 0.0259332899
    endloop
  endfacet
  facet normal 0.965904415 -0.169112056 0.196035057
    outer loop
      vertex 0.0305401329 -0.023647368 0.0288139693
      vertex 0.0311497189 -0.0235049315 0.0259332899
      vertex 0.0311497338 -0.022204129 0.0270553697
    endloop
  endfacet
  facet normal 0.965908468 0.169089481 -0.196034551
    outer loop
      vertex 0.0311497338 -0.022204129 0.0270553697
      vertex 0.0311497189 -0.0235049315 0.0259332899
      vertex 0.0305401534 -0.0219771266 0.024247624
    endloop
  endfacet
  facet normal 0.965908349 0.16909045 -0.196034431
    outer loop
      vertex 0.0311497338 -0.022204129 0.0270553697
      vertex 0.0305401534 -0.0219771266 0.024247624
      vertex 0.0305401664 -0.0207608771 0.02529677
    endloop
  endfacet
  facet normal 0.70700568 0.461925149 -0.535507381
    outer loop
      vertex 0.0305401664 -0.0207608771 0.02529677
      vertex 0.0305401534 -0.0219771266 0.024247624
      vertex 0.0288747512 -0.0208586827 0.0230136327
    endloop
  endfacet
  facet normal 0.707005978 0.461924374 -0.53550756
    outer loop
      vertex 0.0305401664 -0.0207608771 0.02529677
      vertex 0.0288747512 -0.0208586827 0.0230136327
      vertex 0.0288747642 -0.0197043288 0.0240093861
    endloop
  endfacet
  facet normal 0.258753657 0.630926609 -0.731422007
    outer loop
      vertex 0.0288747642 -0.0197043288 0.0240093861
      vertex 0.0288747512 -0.0208586827 0.0230136327
      vertex 0.0265997555 -0.0204492826 0.0225619618
    endloop
  endfacet
  facet normal 0.258753836 0.630926371 -0.731422126
    outer loop
      vertex 0.0288747642 -0.0197043288 0.0240093861
      vertex 0.0265997555 -0.0204492826 0.0225619618
      vertex 0.0265997685 -0.019317586 0.0235381704
    endloop
  endfacet
  facet normal -0.25873825 0.63093251 -0.731422365
    outer loop
      vertex 0.0265997685 -0.019317586 0.0235381704
      vertex 0.0265997555 -0.0204492826 0.0225619618
      vertex 0.0243247505 -0.0208586268 0.0230136327
    endloop
  endfacet
  facet normal -0.258738875 0.630933106 -0.731421649
    outer loop
      vertex 0.0265997685 -0.019317586 0.0235381704
      vertex 0.0243247505 -0.0208586268 0.0230136327
      vertex 0.0243247636 -0.0197042748 0.0240093861
    endloop
  endfacet
  facet normal -0.706994832 0.461941302 -0.535507798
    outer loop
      vertex 0.0243247636 -0.0197042748 0.0240093861
      vertex 0.0243247505 -0.0208586268 0.0230136327
      vertex 0.0226593222 -0.0219770316 0.024247624
    endloop
  endfacet
  facet normal -0.706994653 0.461941063 -0.535508335
    outer loop
      vertex 0.0243247636 -0.0197042748 0.0240093861
      vertex 0.0226593222 -0.0219770316 0.024247624
      vertex 0.0226593353 -0.0207607821 0.02529677
    endloop
  endfacet
  facet normal -0.965904176 0.169112533 -0.196036041
    outer loop
      vertex 0.0226593353 -0.0207607821 0.02529677
      vertex 0.0226593222 -0.0219770316 0.024247624
      vertex 0.0220497176 -0.0235048216 0.0259332899
    endloop
  endfacet
  facet normal -0.965904415 0.169112951 -0.196034491
    outer loop
      vertex 0.0226593353 -0.0207607821 0.02529677
      vertex 0.0220497176 -0.0235048216 0.0259332899
      vertex 0.0220497344 -0.0222040191 0.0270553697
    endloop
  endfacet
  facet normal -0.965908289 -0.169089288 0.196035922
    outer loop
      vertex 0.0220497344 -0.0222040191 0.0270553697
      vertex 0.0220497176 -0.0235048216 0.0259332899
      vertex 0.022659285 -0.0250326265 0.027618954
    endloop
  endfacet
  facet normal -0.965908408 -0.169089481 0.196035057
    outer loop
      vertex 0.0220497344 -0.0222040191 0.0270553697
      vertex 0.022659285 -0.0250326265 0.027618954
      vertex 0.0226593018 -0.023647273 0.0288139693
    endloop
  endfacet
  facet normal -0.707005322 -0.461924553 0.535508275
    outer loop
      vertex 0.0226593018 -0.023647273 0.0288139693
      vertex 0.022659285 -0.0250326265 0.027618954
      vertex 0.0243246872 -0.0261510704 0.0288529433
    endloop
  endfacet
  facet normal -0.70700568 -0.461924732 0.535507739
    outer loop
      vertex 0.0226593018 -0.023647273 0.0288139693
      vertex 0.0243246872 -0.0261510704 0.0288529433
      vertex 0.024324704 -0.0247038212 0.0301013514
    endloop
  endfacet
  facet normal -0.258754253 -0.630926847 0.731421649
    outer loop
      vertex 0.024324704 -0.0247038212 0.0301013514
      vertex 0.0243246872 -0.0261510704 0.0288529433
      vertex 0.0265996829 -0.0265604705 0.0293046162
    endloop
  endfacet
  facet normal -0.25875327 -0.630926073 0.731422544
    outer loop
      vertex 0.024324704 -0.0247038212 0.0301013514
      vertex 0.0265996829 -0.0265604705 0.0293046162
      vertex 0.0265996996 -0.025090564 0.0305725653
    endloop
  endfacet
  facet normal 0.258738697 -0.666062176 0.699582338
    outer loop
      vertex 0.0265996829 -0.0265604705 0.0293046162
      vertex 0.0265996661 -0.0279663894 0.0279660672
      vertex 0.0288746711 -0.0275353752 0.027535025
    endloop
  endfacet
  facet normal 0.258738875 -0.666061997 0.699582458
    outer loop
      vertex 0.0265996829 -0.0265604705 0.0293046162
      vertex 0.0288746711 -0.0275353752 0.027535025
      vertex 0.0288746879 -0.0261511244 0.0288529433
    endloop
  endfacet
  facet normal 0.706994057 -0.487661362 0.512196958
    outer loop
      vertex 0.0288746879 -0.0261511244 0.0288529433
      vertex 0.0288746711 -0.0275353752 0.027535025
      vertex 0.0305400994 -0.02635777 0.0263574012
    endloop
  endfacet
  facet normal 0.706993937 -0.4876616 0.512196898
    outer loop
      vertex 0.0288746879 -0.0261511244 0.0288529433
      vertex 0.0305400994 -0.02635777 0.0263574012
      vertex 0.0305401161 -0.0250327215 0.027618954
    endloop
  endfacet
  facet normal 0.965904117 -0.178528577 0.187501341
    outer loop
      vertex 0.0305401161 -0.0250327215 0.027618954
      vertex 0.0305400994 -0.02635777 0.0263574012
      vertex 0.031149704 -0.0247491077 0.0247487333
    endloop
  endfacet
  facet normal 0.965904176 -0.178528115 0.187501416
    outer loop
      vertex 0.0305401161 -0.0250327215 0.027618954
      vertex 0.031149704 -0.0247491077 0.0247487333
      vertex 0.0311497189 -0.0235049315 0.0259332899
    endloop
  endfacet
  facet normal 0.965908408 0.178505003 -0.187501445
    outer loop
      vertex 0.0311497189 -0.0235049315 0.0259332899
      vertex 0.031149704 -0.0247491077 0.0247487333
      vertex 0.0305401385 -0.0231404323 0.0231400635
    endloop
  endfacet
  facet normal 0.965908647 0.178504169 -0.187501565
    outer loop
      vertex 0.0311497189 -0.0235049315 0.0259332899
      vertex 0.0305401385 -0.0231404323 0.0231400635
      vertex 0.0305401534 -0.0219771266 0.024247624
    endloop
  endfacet
  facet normal 0.707005799 0.487643987 -0.512197375
    outer loop
      vertex 0.0305401534 -0.0219771266 0.024247624
      vertex 0.0305401385 -0.0231404323 0.0231400635
      vertex 0.0288747363 -0.0219627861 0.0219624378
    endloop
  endfacet
  facet normal 0.707005978 0.4876436 -0.512197554
    outer loop
      vertex 0.0305401534 -0.0219771266 0.024247624
      vertex 0.0288747363 -0.0219627861 0.0219624378
      vertex 0.0288747512 -0.0208586827 0.0230136327
    endloop
  endfacet
  facet normal 0.258754075 0.66605556 -0.699582934
    outer loop
      vertex 0.0288747512 -0.0208586827 0.0230136327
      vertex 0.0288747363 -0.0219627861 0.0219624378
      vertex 0.0265997425 -0.0215317179 0.0215313975
    endloop
  endfacet
  facet normal 0.258754134 0.666055441 -0.699583054
    outer loop
      vertex 0.0288747512 -0.0208586827 0.0230136327
      vertex 0.0265997425 -0.0215317179 0.0215313975
      vertex 0.0265997555 -0.0204492826 0.0225619618
    endloop
  endfacet
  facet normal -0.258737624 0.666061819 -0.699583113
    outer loop
      vertex 0.0265997555 -0.0204492826 0.0225619618
      vertex 0.0265997425 -0.0215317179 0.0215313975
      vertex 0.0243247375 -0.0219627302 0.0219624378
    endloop
  endfacet
  facet normal -0.258737832 0.666061997 -0.699582815
    outer loop
      vertex 0.0265997555 -0.0204492826 0.0225619618
      vertex 0.0243247375 -0.0219627302 0.0219624378
      vertex 0.0243247505 -0.0208586268 0.0230136327
    endloop
  endfacet
  facet normal -0.706994534 0.487660855 -0.512196898
    outer loop
      vertex 0.0243247505 -0.0208586268 0.0230136327
      vertex 0.0243247375 -0.0219627302 0.0219624378
      vertex 0.0226593073 -0.0231403392 0.0231400635
    endloop
  endfacet
  facet normal -0.706994534 0.487660825 -0.512196898
    outer loop
      vertex 0.0243247505 -0.0208586268 0.0230136327
      vertex 0.0226593073 -0.0231403392 0.0231400635
      vertex 0.0226593222 -0.0219770316 0.024247624
    endloop
  endfacet
  facet normal -0.965904117 0.178528503 -0.187501416
    outer loop
      vertex 0.0226593222 -0.0219770316 0.024247624
      vertex 0.0226593073 -0.0231403392 0.0231400635
      vertex 0.0220497027 -0.0247489996 0.0247487333
    endloop
  endfacet
  facet normal -0.965903997 0.178528368 -0.187501967
    outer loop
      vertex 0.0226593222 -0.0219770316 0.024247624
      vertex 0.0220497027 -0.0247489996 0.0247487333
      vertex 0.0220497176 -0.0235048216 0.0259332899
    endloop
  endfacet
  facet normal -0.965908468 -0.178504974 0.187501684
    outer loop
      vertex 0.0220497176 -0.0235048216 0.0259332899
      vertex 0.0220497027 -0.0247489996 0.0247487333
      vertex 0.0226592682 -0.026357675 0.0263574012
    endloop
  endfacet
  facet normal -0.965908289 -0.178504884 0.187502131
    outer loop
      vertex 0.0220497176 -0.0235048216 0.0259332899
      vertex 0.0226592682 -0.026357675 0.0263574012
      vertex 0.022659285 -0.0250326265 0.027618954
    endloop
  endfacet
  facet normal -0.707005501 -0.487644285 0.512197554
    outer loop
      vertex 0.022659285 -0.0250326265 0.027618954
      vertex 0.0226592682 -0.026357675 0.0263574012
      vertex 0.0243246704 -0.0275353212 0.027535025
    endloop
  endfacet
  facet normal -0.70700562 -0.487644404 0.512197137
    outer loop
      vertex 0.022659285 -0.0250326265 0.027618954
      vertex 0.0243246704 -0.0275353212 0.027535025
      vertex 0.0243246872 -0.0261510704 0.0288529433
    endloop
  endfacet
  facet normal -0.258754373 -0.666055799 0.699582577
    outer loop
      vertex 0.0243246872 -0.0261510704 0.0288529433
      vertex 0.0243246704 -0.0275353212 0.027535025
      vertex 0.0265996661 -0.0279663894 0.0279660672
    endloop
  endfacet
  facet normal -0.258754641 -0.666056037 0.699582279
    outer loop
      vertex 0.0243246872 -0.0261510704 0.0288529433
      vertex 0.0265996661 -0.0279663894 0.0279660672
      vertex 0.0265996829 -0.0265604705 0.0293046162
    endloop
  endfacet
  facet normal 0.258738548 -0.699585557 0.666058838
    outer loop
      vertex 0.0265996661 -0.0279663894 0.0279660672
      vertex 0.0265996493 -0.0293049254 0.0265601613
      vertex 0.0288746543 -0.0288532786 0.0261507891
    endloop
  endfacet
  facet normal 0.25873825 -0.699585855 0.66605866
    outer loop
      vertex 0.0265996661 -0.0279663894 0.0279660672
      vertex 0.0288746543 -0.0288532786 0.0261507891
      vertex 0.0288746711 -0.0275353752 0.027535025
    endloop
  endfacet
  facet normal 0.70699352 -0.512206078 0.4876526
    outer loop
      vertex 0.0288746711 -0.0275353752 0.027535025
      vertex 0.0288746543 -0.0288532786 0.0261507891
      vertex 0.0305400845 -0.0276193097 0.0250323657
    endloop
  endfacet
  facet normal 0.706993818 -0.512205601 0.487652749
    outer loop
      vertex 0.0288746711 -0.0275353752 0.027535025
      vertex 0.0305400845 -0.0276193097 0.0250323657
      vertex 0.0305400994 -0.02635777 0.0263574012
    endloop
  endfacet
  facet normal 0.965904057 -0.187513009 0.178516522
    outer loop
      vertex 0.0305400994 -0.02635777 0.0263574012
      vertex 0.0305400845 -0.0276193097 0.0250323657
      vertex 0.0311496891 -0.0259336531 0.0235045683
    endloop
  endfacet
  facet normal 0.965903938 -0.1875135 0.178516403
    outer loop
      vertex 0.0305400994 -0.02635777 0.0263574012
      vertex 0.0311496891 -0.0259336531 0.0235045683
      vertex 0.031149704 -0.0247491077 0.0247487333
    endloop
  endfacet
  facet normal 0.965908706 0.187489316 -0.178516522
    outer loop
      vertex 0.031149704 -0.0247491077 0.0247487333
      vertex 0.0311496891 -0.0259336531 0.0235045683
      vertex 0.0305401254 -0.0242479797 0.0219767708
    endloop
  endfacet
  facet normal 0.965908647 0.187490135 -0.178516373
    outer loop
      vertex 0.031149704 -0.0247491077 0.0247487333
      vertex 0.0305401254 -0.0242479797 0.0219767708
      vertex 0.0305401385 -0.0231404323 0.0231400635
    endloop
  endfacet
  facet normal 0.707006335 0.512188613 -0.487652361
    outer loop
      vertex 0.0305401385 -0.0231404323 0.0231400635
      vertex 0.0305401254 -0.0242479797 0.0219767708
      vertex 0.0288747251 -0.0230139699 0.0208583456
    endloop
  endfacet
  facet normal 0.707006037 0.512189209 -0.487652123
    outer loop
      vertex 0.0305401385 -0.0231404323 0.0231400635
      vertex 0.0288747251 -0.0230139699 0.0208583456
      vertex 0.0288747363 -0.0219627861 0.0219624378
    endloop
  endfacet
  facet normal 0.258754432 0.699579954 -0.666058481
    outer loop
      vertex 0.0288747363 -0.0219627861 0.0219624378
      vertex 0.0288747251 -0.0230139699 0.0208583456
      vertex 0.0265997294 -0.022562271 0.0204489734
    endloop
  endfacet
  facet normal 0.258754462 0.699580014 -0.66605854
    outer loop
      vertex 0.0288747363 -0.0219627861 0.0219624378
      vertex 0.0265997294 -0.022562271 0.0204489734
      vertex 0.0265997425 -0.0215317179 0.0215313975
    endloop
  endfacet
  facet normal -0.258737475 0.699586391 -0.666058362
    outer loop
      vertex 0.0265997425 -0.0215317179 0.0215313975
      vertex 0.0265997294 -0.022562271 0.0204489734
      vertex 0.0243247245 -0.023013914 0.0208583456
    endloop
  endfacet
  facet normal -0.258737206 0.699586213 -0.666058719
    outer loop
      vertex 0.0265997425 -0.0215317179 0.0215313975
      vertex 0.0243247245 -0.023013914 0.0208583456
      vertex 0.0243247375 -0.0219627302 0.0219624378
    endloop
  endfacet
  facet normal -0.706994414 0.512205422 -0.487652063
    outer loop
      vertex 0.0243247375 -0.0219627302 0.0219624378
      vertex 0.0243247245 -0.023013914 0.0208583456
      vertex 0.0226592943 -0.0242478866 0.0219767708
    endloop
  endfacet
  facet normal -0.706994295 0.512205303 -0.487652391
    outer loop
      vertex 0.0243247375 -0.0219627302 0.0219624378
      vertex 0.0226592943 -0.0242478866 0.0219767708
      vertex 0.0226593073 -0.0231403392 0.0231400635
    endloop
  endfacet
  facet normal -0.965904176 0.187512919 -0.178516418
    outer loop
      vertex 0.0226593073 -0.0231403392 0.0231400635
      vertex 0.0226592943 -0.0242478866 0.0219767708
      vertex 0.0220496897 -0.0259335451 0.0235045683
    endloop
  endfacet
  facet normal -0.965903997 0.1875128 -0.178517163
    outer loop
      vertex 0.0226593073 -0.0231403392 0.0231400635
      vertex 0.0220496897 -0.0259335451 0.0235045683
      vertex 0.0220497027 -0.0247489996 0.0247487333
    endloop
  endfacet
  facet normal -0.965908647 -0.18749024 0.178515956
    outer loop
      vertex 0.0220497027 -0.0247489996 0.0247487333
      vertex 0.0220496897 -0.0259335451 0.0235045683
      vertex 0.0226592533 -0.0276192147 0.0250323657
    endloop
  endfacet
  facet normal -0.965908468 -0.18749015 0.178516462
    outer loop
      vertex 0.0220497027 -0.0247489996 0.0247487333
      vertex 0.0226592533 -0.0276192147 0.0250323657
      vertex 0.0226592682 -0.026357675 0.0263574012
    endloop
  endfacet
  facet normal -0.707006037 -0.512188792 0.487652689
    outer loop
      vertex 0.0226592682 -0.026357675 0.0263574012
      vertex 0.0226592533 -0.0276192147 0.0250323657
      vertex 0.0243246537 -0.0288532246 0.0261507891
    endloop
  endfacet
  facet normal -0.707005799 -0.512188613 0.487653166
    outer loop
      vertex 0.0226592682 -0.026357675 0.0263574012
      vertex 0.0243246537 -0.0288532246 0.0261507891
      vertex 0.0243246704 -0.0275353212 0.027535025
    endloop
  endfacet
  facet normal -0.258754998 -0.699579537 0.666058838
    outer loop
      vertex 0.0243246704 -0.0275353212 0.027535025
      vertex 0.0243246537 -0.0288532246 0.0261507891
      vertex 0.0265996493 -0.0293049254 0.0265601613
    endloop
  endfacet
  facet normal -0.25875476 -0.699579358 0.666059077
    outer loop
      vertex 0.0243246704 -0.0275353212 0.027535025
      vertex 0.0265996493 -0.0293049254 0.0265601613
      vertex 0.0265996661 -0.0279663894 0.0279660672
    endloop
  endfacet
  facet normal 0.258737236 -0.731425762 0.630929053
    outer loop
      vertex 0.0265996493 -0.0293049254 0.0265601613
      vertex 0.0265996344 -0.0305728745 0.0250902548
      vertex 0.0288746394 -0.0301016867 0.0247035399
    endloop
  endfacet
  facet normal 0.25873819 -0.731424749 0.630929828
    outer loop
      vertex 0.0265996493 -0.0293049254 0.0265601613
      vertex 0.0288746394 -0.0301016867 0.0247035399
      vertex 0.0288746543 -0.0288532786 0.0261507891
    endloop
  endfacet
  facet normal 0.706993639 -0.535516381 0.461933196
    outer loop
      vertex 0.0288746543 -0.0288532786 0.0261507891
      vertex 0.0288746394 -0.0301016867 0.0247035399
      vertex 0.0305400696 -0.0288143251 0.0236470122
    endloop
  endfacet
  facet normal 0.706993282 -0.535516977 0.461932987
    outer loop
      vertex 0.0288746543 -0.0288532786 0.0261507891
      vertex 0.0305400696 -0.0288143251 0.0236470122
      vertex 0.0305400845 -0.0276193097 0.0250323657
    endloop
  endfacet
  facet normal 0.965903878 -0.196047038 0.169101104
    outer loop
      vertex 0.0305400845 -0.0276193097 0.0250323657
      vertex 0.0305400696 -0.0288143251 0.0236470122
      vertex 0.0311496761 -0.0270557329 0.0222037658
    endloop
  endfacet
  facet normal 0.965903938 -0.196046531 0.169101208
    outer loop
      vertex 0.0305400845 -0.0276193097 0.0250323657
      vertex 0.0311496761 -0.0270557329 0.0222037658
      vertex 0.0311496891 -0.0259336531 0.0235045683
    endloop
  endfacet
  facet normal 0.965908647 0.196023792 -0.16910094
    outer loop
      vertex 0.0311496891 -0.0259336531 0.0235045683
      vertex 0.0311496761 -0.0270557329 0.0222037658
      vertex 0.0305401124 -0.0252971258 0.0207605213
    endloop
  endfacet
  facet normal 0.965908885 0.196022928 -0.169101208
    outer loop
      vertex 0.0311496891 -0.0259336531 0.0235045683
      vertex 0.0305401124 -0.0252971258 0.0207605213
      vertex 0.0305401254 -0.0242479797 0.0219767708
    endloop
  endfacet
  facet normal 0.707006395 0.535499394 -0.461933374
    outer loop
      vertex 0.0305401254 -0.0242479797 0.0219767708
      vertex 0.0305401124 -0.0252971258 0.0207605213
      vertex 0.0288747121 -0.0240097232 0.0197039936
    endloop
  endfacet
  facet normal 0.707006574 0.535498857 -0.461933583
    outer loop
      vertex 0.0305401254 -0.0242479797 0.0219767708
      vertex 0.0288747121 -0.0240097232 0.0197039936
      vertex 0.0288747251 -0.0230139699 0.0208583456
    endloop
  endfacet
  facet normal 0.258755624 0.731418192 -0.630930185
    outer loop
      vertex 0.0288747251 -0.0230139699 0.0208583456
      vertex 0.0288747121 -0.0240097232 0.0197039936
      vertex 0.0265997183 -0.0235384796 0.0193172768
    endloop
  endfacet
  facet normal 0.25875482 0.731419146 -0.630929291
    outer loop
      vertex 0.0288747251 -0.0230139699 0.0208583456
      vertex 0.0265997183 -0.0235384796 0.0193172768
      vertex 0.0265997294 -0.022562271 0.0204489734
    endloop
  endfacet
  facet normal -0.258737534 0.731425226 -0.63092947
    outer loop
      vertex 0.0265997294 -0.022562271 0.0204489734
      vertex 0.0265997183 -0.0235384796 0.0193172768
      vertex 0.0243247114 -0.0240096673 0.0197039936
    endloop
  endfacet
  facet normal -0.258737087 0.731424868 -0.630930126
    outer loop
      vertex 0.0265997294 -0.022562271 0.0204489734
      vertex 0.0243247114 -0.0240096673 0.0197039936
      vertex 0.0243247245 -0.023013914 0.0208583456
    endloop
  endfacet
  facet normal -0.706994176 0.535516083 -0.46193254
    outer loop
      vertex 0.0243247245 -0.023013914 0.0208583456
      vertex 0.0243247114 -0.0240096673 0.0197039936
      vertex 0.0226592813 -0.0252970327 0.0207605213
    endloop
  endfacet
  facet normal -0.706994116 0.535516083 -0.461932659
    outer loop
      vertex 0.0243247245 -0.023013914 0.0208583456
      vertex 0.0226592813 -0.0252970327 0.0207605213
      vertex 0.0226592943 -0.0242478866 0.0219767708
    endloop
  endfacet
  facet normal -0.965904117 0.196046457 -0.169100821
    outer loop
      vertex 0.0226592943 -0.0242478866 0.0219767708
      vertex 0.0226592813 -0.0252970327 0.0207605213
      vertex 0.0220496766 -0.0270556249 0.0222037658
    endloop
  endfacet
  facet normal -0.965904057 0.196046457 -0.169101119
    outer loop
      vertex 0.0226592943 -0.0242478866 0.0219767708
      vertex 0.0220496766 -0.0270556249 0.0222037658
      vertex 0.0220496897 -0.0259335451 0.0235045683
    endloop
  endfacet
  facet normal -0.965908885 -0.196023241 0.169100478
    outer loop
      vertex 0.0220496897 -0.0259335451 0.0235045683
      vertex 0.0220496766 -0.0270556249 0.0222037658
      vertex 0.0226592384 -0.0288142301 0.0236470122
    endloop
  endfacet
  facet normal -0.965908706 -0.196023181 0.169101328
    outer loop
      vertex 0.0220496897 -0.0259335451 0.0235045683
      vertex 0.0226592384 -0.0288142301 0.0236470122
      vertex 0.0226592533 -0.0276192147 0.0250323657
    endloop
  endfacet
  facet normal -0.707006276 -0.535499513 0.461933166
    outer loop
      vertex 0.0226592533 -0.0276192147 0.0250323657
      vertex 0.0226592384 -0.0288142301 0.0236470122
      vertex 0.0243246388 -0.0301016327 0.0247035399
    endloop
  endfacet
  facet normal -0.707006335 -0.535499513 0.461933196
    outer loop
      vertex 0.0226592533 -0.0276192147 0.0250323657
      vertex 0.0243246388 -0.0301016327 0.0247035399
      vertex 0.0243246537 -0.0288532246 0.0261507891
    endloop
  endfacet
  facet normal -0.258754432 -0.731418788 0.630930066
    outer loop
      vertex 0.0243246537 -0.0288532246 0.0261507891
      vertex 0.0243246388 -0.0301016327 0.0247035399
      vertex 0.0265996344 -0.0305728745 0.0250902548
    endloop
  endfacet
  facet normal -0.258755416 -0.731419444 0.630928934
    outer loop
      vertex 0.0243246537 -0.0288532246 0.0261507891
      vertex 0.0265996344 -0.0305728745 0.0250902548
      vertex 0.0265996493 -0.0293049254 0.0265601613
    endloop
  endfacet
  facet normal 0.258737117 -0.761502624 0.594280243
    outer loop
      vertex 0.0265996344 -0.0305728745 0.0250902548
      vertex 0.0265996195 -0.0317671597 0.0235599205
      vertex 0.0288746245 -0.0312775671 0.0231967885
    endloop
  endfacet
  facet normal 0.258736908 -0.761502683 0.594280064
    outer loop
      vertex 0.0265996344 -0.0305728745 0.0250902548
      vertex 0.0288746245 -0.0312775671 0.0231967885
      vertex 0.0288746394 -0.0301016867 0.0247035399
    endloop
  endfacet
  facet normal 0.706993461 -0.557537794 0.43509981
    outer loop
      vertex 0.0288746394 -0.0301016867 0.0247035399
      vertex 0.0288746245 -0.0312775671 0.0231967885
      vertex 0.0305400565 -0.0299399123 0.0222047027
    endloop
  endfacet
  facet normal 0.706993282 -0.557537973 0.435099721
    outer loop
      vertex 0.0288746394 -0.0301016867 0.0247035399
      vertex 0.0305400565 -0.0299399123 0.0222047027
      vertex 0.0305400696 -0.0288143251 0.0236470122
    endloop
  endfacet
  facet normal 0.965903819 -0.20410803 0.159278423
    outer loop
      vertex 0.0305400696 -0.0288143251 0.0236470122
      vertex 0.0305400565 -0.0299399123 0.0222047027
      vertex 0.031149663 -0.028112622 0.0208494868
    endloop
  endfacet
  facet normal 0.965903819 -0.204108357 0.159278333
    outer loop
      vertex 0.0305400696 -0.0288143251 0.0236470122
      vertex 0.031149663 -0.028112622 0.0208494868
      vertex 0.0311496761 -0.0270557329 0.0222037658
    endloop
  endfacet
  facet normal 0.965908885 0.204084411 -0.159278229
    outer loop
      vertex 0.0311496761 -0.0270557329 0.0222037658
      vertex 0.031149663 -0.028112622 0.0208494868
      vertex 0.0305401012 -0.0262853168 0.019494269
    endloop
  endfacet
  facet normal 0.965908706 0.204085305 -0.159277946
    outer loop
      vertex 0.0311496761 -0.0270557329 0.0222037658
      vertex 0.0305401012 -0.0262853168 0.019494269
      vertex 0.0305401124 -0.0252971258 0.0207605213
    endloop
  endfacet
  facet normal 0.707006514 0.557521462 -0.435099393
    outer loop
      vertex 0.0305401124 -0.0252971258 0.0207605213
      vertex 0.0305401012 -0.0262853168 0.019494269
      vertex 0.0288747009 -0.0249476247 0.0185021814
    endloop
  endfacet
  facet normal 0.707006633 0.557521284 -0.435099542
    outer loop
      vertex 0.0305401124 -0.0252971258 0.0207605213
      vertex 0.0288747009 -0.0249476247 0.0185021814
      vertex 0.0288747121 -0.0240097232 0.0197039936
    endloop
  endfacet
  facet normal 0.258755356 0.761497021 -0.594279289
    outer loop
      vertex 0.0288747121 -0.0240097232 0.0197039936
      vertex 0.0288747009 -0.0249476247 0.0185021814
      vertex 0.0265997071 -0.0244579744 0.0181390531
    endloop
  endfacet
  facet normal 0.258756012 0.761496246 -0.594279945
    outer loop
      vertex 0.0288747121 -0.0240097232 0.0197039936
      vertex 0.0265997071 -0.0244579744 0.0181390531
      vertex 0.0265997183 -0.0235384796 0.0193172768
    endloop
  endfacet
  facet normal -0.258736551 0.761502802 -0.594280183
    outer loop
      vertex 0.0265997183 -0.0235384796 0.0193172768
      vertex 0.0265997071 -0.0244579744 0.0181390531
      vertex 0.0243247002 -0.0249475688 0.0185021814
    endloop
  endfacet
  facet normal -0.258737147 0.76150322 -0.594279289
    outer loop
      vertex 0.0265997183 -0.0235384796 0.0193172768
      vertex 0.0243247002 -0.0249475688 0.0185021814
      vertex 0.0243247114 -0.0240096673 0.0197039936
    endloop
  endfacet
  facet normal -0.706994057 0.557537615 -0.435099095
    outer loop
      vertex 0.0243247114 -0.0240096673 0.0197039936
      vertex 0.0243247002 -0.0249475688 0.0185021814
      vertex 0.0226592701 -0.0262852237 0.019494269
    endloop
  endfacet
  facet normal -0.706993878 0.557537436 -0.435099363
    outer loop
      vertex 0.0243247114 -0.0240096673 0.0197039936
      vertex 0.0226592701 -0.0262852237 0.019494269
      vertex 0.0226592813 -0.0252970327 0.0207605213
    endloop
  endfacet
  facet normal -0.965903938 0.204107851 -0.159278482
    outer loop
      vertex 0.0226592813 -0.0252970327 0.0207605213
      vertex 0.0226592701 -0.0262852237 0.019494269
      vertex 0.0220496636 -0.0281125139 0.0208494868
    endloop
  endfacet
  facet normal -0.965903997 0.204107895 -0.159277946
    outer loop
      vertex 0.0226592813 -0.0252970327 0.0207605213
      vertex 0.0220496636 -0.0281125139 0.0208494868
      vertex 0.0220496766 -0.0270556249 0.0222037658
    endloop
  endfacet
  facet normal -0.965908885 -0.204084411 0.159278244
    outer loop
      vertex 0.0220496766 -0.0270556249 0.0222037658
      vertex 0.0220496636 -0.0281125139 0.0208494868
      vertex 0.0226592254 -0.0299398191 0.0222047046
    endloop
  endfacet
  facet normal -0.965908945 -0.204084381 0.159277886
    outer loop
      vertex 0.0220496766 -0.0270556249 0.0222037658
      vertex 0.0226592254 -0.0299398191 0.0222047046
      vertex 0.0226592384 -0.0288142301 0.0236470122
    endloop
  endfacet
  facet normal -0.707006276 -0.557521045 0.435100526
    outer loop
      vertex 0.0226592384 -0.0288142301 0.0236470122
      vertex 0.0226592254 -0.0299398191 0.0222047046
      vertex 0.0243246257 -0.0312775113 0.0231967904
    endloop
  endfacet
  facet normal -0.707006633 -0.557521164 0.435099721
    outer loop
      vertex 0.0226592384 -0.0288142301 0.0236470122
      vertex 0.0243246257 -0.0312775113 0.0231967904
      vertex 0.0243246388 -0.0301016327 0.0247035399
    endloop
  endfacet
  facet normal -0.258755267 -0.761496663 0.594279945
    outer loop
      vertex 0.0243246388 -0.0301016327 0.0247035399
      vertex 0.0243246257 -0.0312775113 0.0231967904
      vertex 0.0265996195 -0.0317671597 0.0235599205
    endloop
  endfacet
  facet normal -0.25875479 -0.761496365 0.594280422
    outer loop
      vertex 0.0243246388 -0.0301016327 0.0247035399
      vertex 0.0265996195 -0.0317671597 0.0235599205
      vertex 0.0265996344 -0.0305728745 0.0250902548
    endloop
  endfacet
  facet normal 0.258736253 -0.789745271 0.556199729
    outer loop
      vertex 0.0265996195 -0.0317671597 0.0235599205
      vertex 0.0265996065 -0.0328849293 0.0219728108
      vertex 0.0288746115 -0.0323781073 0.0216341447
    endloop
  endfacet
  facet normal 0.25873664 -0.789744854 0.556199968
    outer loop
      vertex 0.0265996195 -0.0317671597 0.0235599205
      vertex 0.0288746115 -0.0323781073 0.0216341447
      vertex 0.0288746245 -0.0312775671 0.0231967885
    endloop
  endfacet
  facet normal 0.706993341 -0.578214824 0.407219738
    outer loop
      vertex 0.0288746245 -0.0312775671 0.0231967885
      vertex 0.0288746115 -0.0323781073 0.0216341447
      vertex 0.0305400435 -0.0309933852 0.0207088888
    endloop
  endfacet
  facet normal 0.706993222 -0.578215122 0.407219678
    outer loop
      vertex 0.0288746245 -0.0312775671 0.0231967885
      vertex 0.0305400435 -0.0309933852 0.0207088888
      vertex 0.0305400565 -0.0299399123 0.0222047027
    endloop
  endfacet
  facet normal 0.96590364 -0.211677819 0.1490722
    outer loop
      vertex 0.0305400565 -0.0299399123 0.0222047027
      vertex 0.0305400435 -0.0309933852 0.0207088888
      vertex 0.0311496519 -0.0291017983 0.0194449648
    endloop
  endfacet
  facet normal 0.965903759 -0.211677358 0.149072364
    outer loop
      vertex 0.0305400565 -0.0299399123 0.0222047027
      vertex 0.0311496519 -0.0291017983 0.0194449648
      vertex 0.031149663 -0.028112622 0.0208494868
    endloop
  endfacet
  facet normal 0.965908885 0.211654589 -0.149071723
    outer loop
      vertex 0.031149663 -0.028112622 0.0208494868
      vertex 0.0311496519 -0.0291017983 0.0194449648
      vertex 0.0305400901 -0.0272101983 0.0181810409
    endloop
  endfacet
  facet normal 0.965909004 0.211653858 -0.149072006
    outer loop
      vertex 0.031149663 -0.028112622 0.0208494868
      vertex 0.0305400901 -0.0272101983 0.0181810409
      vertex 0.0305401012 -0.0262853168 0.019494269
    endloop
  endfacet
  facet normal 0.707006574 0.578198493 -0.407220185
    outer loop
      vertex 0.0305401012 -0.0262853168 0.019494269
      vertex 0.0305400901 -0.0272101983 0.0181810409
      vertex 0.0288746897 -0.0258254372 0.0172557868
    endloop
  endfacet
  facet normal 0.707006752 0.578198016 -0.407220483
    outer loop
      vertex 0.0305401012 -0.0262853168 0.019494269
      vertex 0.0288746897 -0.0258254372 0.0172557868
      vertex 0.0288747009 -0.0249476247 0.0185021814
    endloop
  endfacet
  facet normal 0.258756518 0.789738119 -0.556200147
    outer loop
      vertex 0.0288747009 -0.0249476247 0.0185021814
      vertex 0.0288746897 -0.0258254372 0.0172557868
      vertex 0.0265996959 -0.0253185574 0.0169171188
    endloop
  endfacet
  facet normal 0.258755714 0.789739072 -0.556199253
    outer loop
      vertex 0.0288747009 -0.0249476247 0.0185021814
      vertex 0.0265996959 -0.0253185574 0.0169171188
      vertex 0.0265997071 -0.0244579744 0.0181390531
    endloop
  endfacet
  facet normal -0.258737892 0.789745212 -0.556198835
    outer loop
      vertex 0.0265997071 -0.0244579744 0.0181390531
      vertex 0.0265996959 -0.0253185574 0.0169171188
      vertex 0.0243246909 -0.0258253831 0.0172557868
    endloop
  endfacet
  facet normal -0.258736223 0.789744139 -0.556201339
    outer loop
      vertex 0.0265997071 -0.0244579744 0.0181390531
      vertex 0.0243246909 -0.0258253831 0.0172557868
      vertex 0.0243247002 -0.0249475688 0.0185021814
    endloop
  endfacet
  facet normal -0.706992865 0.578214526 -0.407221287
    outer loop
      vertex 0.0243247002 -0.0249475688 0.0185021814
      vertex 0.0243246909 -0.0258253831 0.0172557868
      vertex 0.0226592589 -0.0272101033 0.0181810409
    endloop
  endfacet
  facet normal -0.706993818 0.578214884 -0.407218903
    outer loop
      vertex 0.0243247002 -0.0249475688 0.0185021814
      vertex 0.0226592589 -0.0272101033 0.0181810409
      vertex 0.0226592701 -0.0262852237 0.019494269
    endloop
  endfacet
  facet normal -0.965903699 0.21167776 -0.149072096
    outer loop
      vertex 0.0226592701 -0.0262852237 0.019494269
      vertex 0.0226592589 -0.0272101033 0.0181810409
      vertex 0.0220496505 -0.0291016903 0.0194449667
    endloop
  endfacet
  facet normal -0.965903819 0.211677805 -0.149071619
    outer loop
      vertex 0.0226592701 -0.0262852237 0.019494269
      vertex 0.0220496505 -0.0291016903 0.0194449667
      vertex 0.0220496636 -0.0281125139 0.0208494868
    endloop
  endfacet
  facet normal -0.965908885 -0.211653784 0.149072647
    outer loop
      vertex 0.0220496636 -0.0281125139 0.0208494868
      vertex 0.0220496505 -0.0291016903 0.0194449667
      vertex 0.0226592124 -0.0309932921 0.0207088906
    endloop
  endfacet
  facet normal -0.965909064 -0.211653784 0.149072126
    outer loop
      vertex 0.0220496636 -0.0281125139 0.0208494868
      vertex 0.0226592124 -0.0309932921 0.0207088906
      vertex 0.0226592254 -0.0299398191 0.0222047046
    endloop
  endfacet
  facet normal -0.707006216 -0.578198731 0.407220393
    outer loop
      vertex 0.0226592254 -0.0299398191 0.0222047046
      vertex 0.0226592124 -0.0309932921 0.0207088906
      vertex 0.0243246127 -0.0323780514 0.0216341447
    endloop
  endfacet
  facet normal -0.707006514 -0.578198791 0.407219797
    outer loop
      vertex 0.0226592254 -0.0299398191 0.0222047046
      vertex 0.0243246127 -0.0323780514 0.0216341447
      vertex 0.0243246257 -0.0312775113 0.0231967904
    endloop
  endfacet
  facet normal -0.258755535 -0.789738894 0.556199551
    outer loop
      vertex 0.0243246257 -0.0312775113 0.0231967904
      vertex 0.0243246127 -0.0323780514 0.0216341447
      vertex 0.0265996065 -0.0328849293 0.0219728108
    endloop
  endfacet
  facet normal -0.258755535 -0.789738953 0.556199551
    outer loop
      vertex 0.0243246257 -0.0312775113 0.0231967904
      vertex 0.0265996065 -0.0328849293 0.0219728108
      vertex 0.0265996195 -0.0317671597 0.0235599205
    endloop
  endfacet
  facet normal 0.258735925 -0.816085398 0.516778886
    outer loop
      vertex 0.0265996065 -0.0328849293 0.0219728108
      vertex 0.0265995935 -0.0339234769 0.0203327667
      vertex 0.0288746003 -0.0334006473 0.0200193785
    endloop
  endfacet
  facet normal 0.258735925 -0.816085398 0.516778827
    outer loop
      vertex 0.0265996065 -0.0328849293 0.0219728108
      vertex 0.0288746003 -0.0334006473 0.0200193785
      vertex 0.0288746115 -0.0323781073 0.0216341447
    endloop
  endfacet
  facet normal 0.70699358 -0.59749943 0.378357679
    outer loop
      vertex 0.0288746115 -0.0323781073 0.0216341447
      vertex 0.0288746003 -0.0334006473 0.0200193785
      vertex 0.0305400323 -0.0319721922 0.019163182
    endloop
  endfacet
  facet normal 0.706993163 -0.597500145 0.378357291
    outer loop
      vertex 0.0288746115 -0.0323781073 0.0216341447
      vertex 0.0305400323 -0.0319721922 0.019163182
      vertex 0.0305400435 -0.0309933852 0.0207088888
    endloop
  endfacet
  facet normal 0.965903699 -0.218737364 0.13850677
    outer loop
      vertex 0.0305400435 -0.0309933852 0.0207088888
      vertex 0.0305400323 -0.0319721922 0.019163182
      vertex 0.0311496407 -0.0300208665 0.0179935992
    endloop
  endfacet
  facet normal 0.96590364 -0.218737528 0.138506711
    outer loop
      vertex 0.0305400435 -0.0309933852 0.0207088888
      vertex 0.0311496407 -0.0300208665 0.0179935992
      vertex 0.0311496519 -0.0291017983 0.0194449648
    endloop
  endfacet
  facet normal 0.965908885 0.218714282 -0.138506889
    outer loop
      vertex 0.0311496519 -0.0291017983 0.0194449648
      vertex 0.0311496407 -0.0300208665 0.0179935992
      vertex 0.0305400789 -0.0280695278 0.0168240145
    endloop
  endfacet
  facet normal 0.965908945 0.218713626 -0.138507143
    outer loop
      vertex 0.0311496519 -0.0291017983 0.0194449648
      vertex 0.0305400789 -0.0280695278 0.0168240145
      vertex 0.0305400901 -0.0272101983 0.0181810409
    endloop
  endfacet
  facet normal 0.707007647 0.597482324 -0.378358215
    outer loop
      vertex 0.0305400901 -0.0272101983 0.0181810409
      vertex 0.0305400789 -0.0280695278 0.0168240145
      vertex 0.0288746804 -0.0266410317 0.0159678198
    endloop
  endfacet
  facet normal 0.707006693 0.597484171 -0.378357053
    outer loop
      vertex 0.0305400901 -0.0272101983 0.0181810409
      vertex 0.0288746804 -0.0266410317 0.0159678198
      vertex 0.0288746897 -0.0258254372 0.0172557868
    endloop
  endfacet
  facet normal 0.258756369 0.816079676 -0.516777635
    outer loop
      vertex 0.0288746897 -0.0258254372 0.0172557868
      vertex 0.0288746804 -0.0266410317 0.0159678198
      vertex 0.0265996866 -0.0261181463 0.0156544298
    endloop
  endfacet
  facet normal 0.258756876 0.81607914 -0.516778231
    outer loop
      vertex 0.0288746897 -0.0258254372 0.0172557868
      vertex 0.0265996866 -0.0261181463 0.0156544298
      vertex 0.0265996959 -0.0253185574 0.0169171188
    endloop
  endfacet
  facet normal -0.258736908 0.816085339 -0.516778409
    outer loop
      vertex 0.0265996959 -0.0253185574 0.0169171188
      vertex 0.0265996866 -0.0261181463 0.0156544298
      vertex 0.0243246797 -0.0266409777 0.0159678198
    endloop
  endfacet
  facet normal -0.258737564 0.816085815 -0.516777337
    outer loop
      vertex 0.0265996959 -0.0253185574 0.0169171188
      vertex 0.0243246797 -0.0266409777 0.0159678198
      vertex 0.0243246909 -0.0258253831 0.0172557868
    endloop
  endfacet
  facet normal -0.706993341 0.597500563 -0.378356218
    outer loop
      vertex 0.0243246909 -0.0258253831 0.0172557868
      vertex 0.0243246797 -0.0266409777 0.0159678198
      vertex 0.0226592477 -0.0280694328 0.0168240145
    endloop
  endfacet
  facet normal -0.706992626 0.597500443 -0.378358036
    outer loop
      vertex 0.0243246909 -0.0258253831 0.0172557868
      vertex 0.0226592477 -0.0280694328 0.0168240145
      vertex 0.0226592589 -0.0272101033 0.0181810409
    endloop
  endfacet
  facet normal -0.965903699 0.218737379 -0.138506293
    outer loop
      vertex 0.0226592589 -0.0272101033 0.0181810409
      vertex 0.0226592477 -0.0280694328 0.0168240145
      vertex 0.0220496394 -0.0300207585 0.017993601
    endloop
  endfacet
  facet normal -0.96590364 0.218737394 -0.138506651
    outer loop
      vertex 0.0226592589 -0.0272101033 0.0181810409
      vertex 0.0220496394 -0.0300207585 0.017993601
      vertex 0.0220496505 -0.0291016903 0.0194449667
    endloop
  endfacet
  facet normal -0.965908885 -0.218714207 0.138506845
    outer loop
      vertex 0.0220496505 -0.0291016903 0.0194449667
      vertex 0.0220496394 -0.0300207585 0.017993601
      vertex 0.0226592012 -0.0319720991 0.0191631839
    endloop
  endfacet
  facet normal -0.965909004 -0.218714163 0.13850607
    outer loop
      vertex 0.0220496505 -0.0291016903 0.0194449667
      vertex 0.0226592012 -0.0319720991 0.0191631839
      vertex 0.0226592124 -0.0309932921 0.0207088906
    endloop
  endfacet
  facet normal -0.70700711 -0.597483814 0.378357202
    outer loop
      vertex 0.0226592124 -0.0309932921 0.0207088906
      vertex 0.0226592012 -0.0319720991 0.0191631839
      vertex 0.0243245997 -0.0334005915 0.0200193785
    endloop
  endfacet
  facet normal -0.707006454 -0.597483754 0.378358334
    outer loop
      vertex 0.0226592124 -0.0309932921 0.0207088906
      vertex 0.0243245997 -0.0334005915 0.0200193785
      vertex 0.0243246127 -0.0323780514 0.0216341447
    endloop
  endfacet
  facet normal -0.258755982 -0.81607908 0.516778767
    outer loop
      vertex 0.0243246127 -0.0323780514 0.0216341447
      vertex 0.0243245997 -0.0334005915 0.0200193785
      vertex 0.0265995935 -0.0339234769 0.0203327667
    endloop
  endfacet
  facet normal -0.258755803 -0.816078961 0.516778886
    outer loop
      vertex 0.0243246127 -0.0323780514 0.0216341447
      vertex 0.0265995935 -0.0339234769 0.0203327667
      vertex 0.0265996065 -0.0328849293 0.0219728108
    endloop
  endfacet
  facet normal 0.258737296 -0.840458333 0.476114213
    outer loop
      vertex 0.0265995935 -0.0339234769 0.0203327667
      vertex 0.0265995823 -0.0348803028 0.0186437406
      vertex 0.0288745891 -0.0343427211 0.0183563847
    endloop
  endfacet
  facet normal 0.258735627 -0.840459824 0.476112545
    outer loop
      vertex 0.0265995935 -0.0339234769 0.0203327667
      vertex 0.0288745891 -0.0343427211 0.0183563847
      vertex 0.0288746003 -0.0334006473 0.0200193785
    endloop
  endfacet
  facet normal 0.706993043 -0.615345418 0.348583907
    outer loop
      vertex 0.0288746003 -0.0334006473 0.0200193785
      vertex 0.0288745891 -0.0343427211 0.0183563847
      vertex 0.0305400211 -0.032873977 0.0175713114
    endloop
  endfacet
  facet normal 0.706993341 -0.615345061 0.348584175
    outer loop
      vertex 0.0288746003 -0.0334006473 0.0200193785
      vertex 0.0305400211 -0.032873977 0.0175713114
      vertex 0.0305400323 -0.0319721922 0.019163182
    endloop
  endfacet
  facet normal 0.96590364 -0.225270003 0.127607271
    outer loop
      vertex 0.0305400323 -0.0319721922 0.019163182
      vertex 0.0305400211 -0.032873977 0.0175713114
      vertex 0.0311496295 -0.0308676139 0.0164988842
    endloop
  endfacet
  facet normal 0.965903521 -0.225270346 0.127607107
    outer loop
      vertex 0.0305400323 -0.0319721922 0.019163182
      vertex 0.0311496295 -0.0308676139 0.0164988842
      vertex 0.0311496407 -0.0300208665 0.0179935992
    endloop
  endfacet
  facet normal 0.965909183 0.225246161 -0.127607852
    outer loop
      vertex 0.0311496407 -0.0300208665 0.0179935992
      vertex 0.0311496295 -0.0308676139 0.0164988842
      vertex 0.0305400696 -0.028861234 0.0154264569
    endloop
  endfacet
  facet normal 0.965908885 0.225247219 -0.127607331
    outer loop
      vertex 0.0311496407 -0.0300208665 0.0179935992
      vertex 0.0305400696 -0.028861234 0.0154264569
      vertex 0.0305400789 -0.0280695278 0.0168240145
    endloop
  endfacet
  facet normal 0.707007527 0.615328908 -0.348583996
    outer loop
      vertex 0.0305400789 -0.0280695278 0.0168240145
      vertex 0.0305400696 -0.028861234 0.0154264569
      vertex 0.0288746711 -0.0273924489 0.0146413855
    endloop
  endfacet
  facet normal 0.707007885 0.615328074 -0.348584592
    outer loop
      vertex 0.0305400789 -0.0280695278 0.0168240145
      vertex 0.0288746711 -0.0273924489 0.0146413855
      vertex 0.0288746804 -0.0266410317 0.0159678198
    endloop
  endfacet
  facet normal 0.258756697 0.84045285 -0.476113319
    outer loop
      vertex 0.0288746804 -0.0266410317 0.0159678198
      vertex 0.0288746711 -0.0273924489 0.0146413855
      vertex 0.0265996773 -0.026854815 0.0143540297
    endloop
  endfacet
  facet normal 0.258756667 0.840452969 -0.47611329
    outer loop
      vertex 0.0288746804 -0.0266410317 0.0159678198
      vertex 0.0265996773 -0.026854815 0.0143540297
      vertex 0.0265996866 -0.0261181463 0.0156544298
    endloop
  endfacet
  facet normal -0.258736908 0.840459108 -0.476113051
    outer loop
      vertex 0.0265996866 -0.0261181463 0.0156544298
      vertex 0.0265996773 -0.026854815 0.0143540297
      vertex 0.0243246723 -0.0273923948 0.0146413855
    endloop
  endfacet
  facet normal -0.25873664 0.84045887 -0.476113558
    outer loop
      vertex 0.0265996866 -0.0261181463 0.0156544298
      vertex 0.0243246723 -0.0273923948 0.0146413855
      vertex 0.0243246797 -0.0266409777 0.0159678198
    endloop
  endfacet
  facet normal -0.706992447 0.61534524 -0.348585457
    outer loop
      vertex 0.0243246797 -0.0266409777 0.0159678198
      vertex 0.0243246723 -0.0273923948 0.0146413855
      vertex 0.0226592384 -0.028861139 0.0154264569
    endloop
  endfacet
  facet normal -0.706993103 0.615345418 -0.348583907
    outer loop
      vertex 0.0243246797 -0.0266409777 0.0159678198
      vertex 0.0226592384 -0.028861139 0.0154264569
      vertex 0.0226592477 -0.0280694328 0.0168240145
    endloop
  endfacet
  facet normal -0.96590364 0.225269735 -0.127607226
    outer loop
      vertex 0.0226592477 -0.0280694328 0.0168240145
      vertex 0.0226592384 -0.028861139 0.0154264569
      vertex 0.0220496301 -0.030867504 0.016498886
    endloop
  endfacet
  facet normal -0.96590364 0.225269765 -0.127607688
    outer loop
      vertex 0.0226592477 -0.0280694328 0.0168240145
      vertex 0.0220496301 -0.030867504 0.016498886
      vertex 0.0220496394 -0.0300207585 0.017993601
    endloop
  endfacet
  facet normal -0.965909123 -0.225246757 0.127606705
    outer loop
      vertex 0.0220496394 -0.0300207585 0.017993601
      vertex 0.0220496301 -0.030867504 0.016498886
      vertex 0.02265919 -0.0328738838 0.0175713133
    endloop
  endfacet
  facet normal -0.965908945 -0.225246862 0.127607718
    outer loop
      vertex 0.0220496394 -0.0300207585 0.017993601
      vertex 0.02265919 -0.0328738838 0.0175713133
      vertex 0.0226592012 -0.0319720991 0.0191631839
    endloop
  endfacet
  facet normal -0.707006752 -0.615329027 0.34858501
    outer loop
      vertex 0.0226592012 -0.0319720991 0.0191631839
      vertex 0.02265919 -0.0328738838 0.0175713133
      vertex 0.0243245885 -0.0343426652 0.0183563847
    endloop
  endfacet
  facet normal -0.707007229 -0.615329087 0.348584175
    outer loop
      vertex 0.0226592012 -0.0319720991 0.0191631839
      vertex 0.0243245885 -0.0343426652 0.0183563847
      vertex 0.0243245997 -0.0334005915 0.0200193785
    endloop
  endfacet
  facet normal -0.258758008 -0.840453148 0.476112276
    outer loop
      vertex 0.0243245997 -0.0334005915 0.0200193785
      vertex 0.0243245885 -0.0343426652 0.0183563847
      vertex 0.0265995823 -0.0348803028 0.0186437406
    endloop
  endfacet
  facet normal -0.25875631 -0.840452433 0.476114333
    outer loop
      vertex 0.0243245997 -0.0334005915 0.0200193785
      vertex 0.0265995823 -0.0348803028 0.0186437406
      vertex 0.0265995935 -0.0339234769 0.0203327667
    endloop
  endfacet
  facet normal 0.258735746 -0.862809598 0.434298664
    outer loop
      vertex 0.0265995823 -0.0348803028 0.0186437406
      vertex 0.0265995711 -0.0357530937 0.0169097967
      vertex 0.028874578 -0.0352020636 0.0166491661
    endloop
  endfacet
  facet normal 0.258737147 -0.862808466 0.434300065
    outer loop
      vertex 0.0265995823 -0.0348803028 0.0186437406
      vertex 0.028874578 -0.0352020636 0.0166491661
      vertex 0.0288745891 -0.0343427211 0.0183563847
    endloop
  endfacet
  facet normal 0.706992507 -0.631708682 0.31797111
    outer loop
      vertex 0.0288745891 -0.0343427211 0.0183563847
      vertex 0.028874578 -0.0352020636 0.0166491661
      vertex 0.0305400118 -0.0336965658 0.0159371104
    endloop
  endfacet
  facet normal 0.706992745 -0.631708145 0.317971528
    outer loop
      vertex 0.0288745891 -0.0343427211 0.0183563847
      vertex 0.0305400118 -0.0336965658 0.0159371104
      vertex 0.0305400211 -0.032873977 0.0175713114
    endloop
  endfacet
  facet normal 0.96590364 -0.231259555 0.11640092
    outer loop
      vertex 0.0305400211 -0.032873977 0.0175713114
      vertex 0.0305400118 -0.0336965658 0.0159371104
      vertex 0.0311496202 -0.0316399969 0.0149644222
    endloop
  endfacet
  facet normal 0.96590364 -0.231260091 0.116400674
    outer loop
      vertex 0.0305400211 -0.032873977 0.0175713114
      vertex 0.0311496202 -0.0316399969 0.0149644222
      vertex 0.0311496295 -0.0308676139 0.0164988842
    endloop
  endfacet
  facet normal 0.965909064 0.23123689 -0.116400704
    outer loop
      vertex 0.0311496295 -0.0308676139 0.0164988842
      vertex 0.0311496202 -0.0316399969 0.0149644222
      vertex 0.0305400603 -0.0295834132 0.0139917349
    endloop
  endfacet
  facet normal 0.965909183 0.231236339 -0.116401009
    outer loop
      vertex 0.0311496295 -0.0308676139 0.0164988842
      vertex 0.0305400603 -0.0295834132 0.0139917349
      vertex 0.0305400696 -0.028861234 0.0154264569
    endloop
  endfacet
  facet normal 0.707008183 0.631690919 -0.317971438
    outer loop
      vertex 0.0305400696 -0.028861234 0.0154264569
      vertex 0.0305400603 -0.0295834132 0.0139917349
      vertex 0.0288746636 -0.0280778743 0.0132796783
    endloop
  endfacet
  facet normal 0.707007647 0.631691992 -0.317970753
    outer loop
      vertex 0.0305400696 -0.028861234 0.0154264569
      vertex 0.0288746636 -0.0280778743 0.0132796783
      vertex 0.0288746711 -0.0273924489 0.0146413855
    endloop
  endfacet
  facet normal 0.258756846 0.862802804 -0.434299618
    outer loop
      vertex 0.0288746711 -0.0273924489 0.0146413855
      vertex 0.0288746636 -0.0280778743 0.0132796783
      vertex 0.0265996698 -0.0275267884 0.0130190477
    endloop
  endfacet
  facet normal 0.258757025 0.862802744 -0.434299827
    outer loop
      vertex 0.0288746711 -0.0273924489 0.0146413855
      vertex 0.0265996698 -0.0275267884 0.0130190477
      vertex 0.0265996773 -0.026854815 0.0143540297
    endloop
  endfacet
  facet normal -0.258736372 0.862808764 -0.434299976
    outer loop
      vertex 0.0265996773 -0.026854815 0.0143540297
      vertex 0.0265996698 -0.0275267884 0.0130190477
      vertex 0.024324663 -0.0280778203 0.0132796783
    endloop
  endfacet
  facet normal -0.2587367 0.862809002 -0.434299558
    outer loop
      vertex 0.0265996773 -0.026854815 0.0143540297
      vertex 0.024324663 -0.0280778203 0.0132796783
      vertex 0.0243246723 -0.0273923948 0.0146413855
    endloop
  endfacet
  facet normal -0.706992686 0.63170892 -0.317970574
    outer loop
      vertex 0.0243246723 -0.0273923948 0.0146413855
      vertex 0.024324663 -0.0280778203 0.0132796783
      vertex 0.0226592291 -0.0295833182 0.0139917349
    endloop
  endfacet
  facet normal -0.706992328 0.63170892 -0.317971349
    outer loop
      vertex 0.0243246723 -0.0273923948 0.0146413855
      vertex 0.0226592291 -0.0295833182 0.0139917349
      vertex 0.0226592384 -0.028861139 0.0154264569
    endloop
  endfacet
  facet normal -0.965903699 0.231259704 -0.116400212
    outer loop
      vertex 0.0226592384 -0.028861139 0.0154264569
      vertex 0.0226592291 -0.0295833182 0.0139917349
      vertex 0.0220496207 -0.0316398889 0.0149644222
    endloop
  endfacet
  facet normal -0.965903699 0.231259763 -0.116400652
    outer loop
      vertex 0.0226592384 -0.028861139 0.0154264569
      vertex 0.0220496207 -0.0316398889 0.0149644222
      vertex 0.0220496301 -0.030867504 0.016498886
    endloop
  endfacet
  facet normal -0.965909064 -0.231236801 0.116400801
    outer loop
      vertex 0.0220496301 -0.030867504 0.016498886
      vertex 0.0220496207 -0.0316398889 0.0149644222
      vertex 0.0226591807 -0.0336964726 0.0159371104
    endloop
  endfacet
  facet normal -0.965909183 -0.231236726 0.116400301
    outer loop
      vertex 0.0220496301 -0.030867504 0.016498886
      vertex 0.0226591807 -0.0336964726 0.0159371104
      vertex 0.02265919 -0.0328738838 0.0175713133
    endloop
  endfacet
  facet normal -0.707007468 -0.631692111 0.31797117
    outer loop
      vertex 0.02265919 -0.0328738838 0.0175713133
      vertex 0.0226591807 -0.0336964726 0.0159371104
      vertex 0.0243245773 -0.0352020077 0.0166491661
    endloop
  endfacet
  facet normal -0.707006931 -0.631692111 0.317972064
    outer loop
      vertex 0.02265919 -0.0328738838 0.0175713133
      vertex 0.0243245773 -0.0352020077 0.0166491661
      vertex 0.0243245885 -0.0343426652 0.0183563847
    endloop
  endfacet
  facet normal -0.258756876 -0.862802386 0.434300363
    outer loop
      vertex 0.0243245885 -0.0343426652 0.0183563847
      vertex 0.0243245773 -0.0352020077 0.0166491661
      vertex 0.0265995711 -0.0357530937 0.0169097967
    endloop
  endfacet
  facet normal -0.258758307 -0.862802923 0.434298605
    outer loop
      vertex 0.0243245885 -0.0343426652 0.0183563847
      vertex 0.0265995711 -0.0357530937 0.0169097967
      vertex 0.0265995823 -0.0348803028 0.0186437406
    endloop
  endfacet
  facet normal 0.258736074 -0.883080006 0.391439945
    outer loop
      vertex 0.0265995711 -0.0357530937 0.0169097967
      vertex 0.0265995618 -0.0365397446 0.0151351355
      vertex 0.0288745686 -0.0359765887 0.0149018569
    endloop
  endfacet
  facet normal 0.258735478 -0.883080482 0.391439378
    outer loop
      vertex 0.0265995711 -0.0357530937 0.0169097967
      vertex 0.0288745686 -0.0359765887 0.0149018569
      vertex 0.028874578 -0.0352020636 0.0166491661
    endloop
  endfacet
  facet normal 0.706992507 -0.646550417 0.286590874
    outer loop
      vertex 0.028874578 -0.0352020636 0.0166491661
      vertex 0.0288745686 -0.0359765887 0.0149018569
      vertex 0.0305400025 -0.0344379656 0.0142645305
    endloop
  endfacet
  facet normal 0.706992328 -0.646550477 0.286590725
    outer loop
      vertex 0.028874578 -0.0352020636 0.0166491661
      vertex 0.0305400025 -0.0344379656 0.0142645305
      vertex 0.0305400118 -0.0336965658 0.0159371104
    endloop
  endfacet
  facet normal 0.965903342 -0.236693621 0.104913153
    outer loop
      vertex 0.0305400118 -0.0336965658 0.0159371104
      vertex 0.0305400025 -0.0344379656 0.0142645305
      vertex 0.0311496127 -0.0323361494 0.0133939246
    endloop
  endfacet
  facet normal 0.96590358 -0.236692548 0.104913823
    outer loop
      vertex 0.0305400118 -0.0336965658 0.0159371104
      vertex 0.0311496127 -0.0323361494 0.0133939246
      vertex 0.0311496202 -0.0316399969 0.0149644222
    endloop
  endfacet
  facet normal 0.965909123 0.236670181 -0.104913071
    outer loop
      vertex 0.0311496202 -0.0316399969 0.0149644222
      vertex 0.0311496127 -0.0323361494 0.0133939246
      vertex 0.0305400528 -0.0302343145 0.0125233196
    endloop
  endfacet
  facet normal 0.965909123 0.236670077 -0.104913123
    outer loop
      vertex 0.0311496202 -0.0316399969 0.0149644222
      vertex 0.0305400528 -0.0302343145 0.0125233196
      vertex 0.0305400603 -0.0295834132 0.0139917349
    endloop
  endfacet
  facet normal 0.707008004 0.64653331 -0.286591023
    outer loop
      vertex 0.0305400603 -0.0295834132 0.0139917349
      vertex 0.0305400528 -0.0302343145 0.0125233196
      vertex 0.0288746562 -0.0286956523 0.0118859923
    endloop
  endfacet
  facet normal 0.707008421 0.646532595 -0.286591679
    outer loop
      vertex 0.0305400603 -0.0295834132 0.0139917349
      vertex 0.0288746562 -0.0286956523 0.0118859923
      vertex 0.0288746636 -0.0280778743 0.0132796783
    endloop
  endfacet
  facet normal 0.258756816 0.883073688 -0.39144063
    outer loop
      vertex 0.0288746636 -0.0280778743 0.0132796783
      vertex 0.0288746562 -0.0286956523 0.0118859923
      vertex 0.0265996624 -0.0281324424 0.0116527146
    endloop
  endfacet
  facet normal 0.258757144 0.883073449 -0.391441047
    outer loop
      vertex 0.0288746636 -0.0280778743 0.0132796783
      vertex 0.0265996624 -0.0281324424 0.0116527146
      vertex 0.0265996698 -0.0275267884 0.0130190477
    endloop
  endfacet
  facet normal -0.258735895 0.883079648 -0.391440958
    outer loop
      vertex 0.0265996698 -0.0275267884 0.0130190477
      vertex 0.0265996624 -0.0281324424 0.0116527146
      vertex 0.0243246555 -0.0286955982 0.0118859923
    endloop
  endfacet
  facet normal -0.258736163 0.883079767 -0.39144057
    outer loop
      vertex 0.0265996698 -0.0275267884 0.0130190477
      vertex 0.0243246555 -0.0286955982 0.0118859923
      vertex 0.024324663 -0.0280778203 0.0132796783
    endloop
  endfacet
  facet normal -0.706992149 0.646550179 -0.286591947
    outer loop
      vertex 0.024324663 -0.0280778203 0.0132796783
      vertex 0.0243246555 -0.0286955982 0.0118859923
      vertex 0.0226592217 -0.0302342195 0.0125233196
    endloop
  endfacet
  facet normal -0.706992447 0.646550119 -0.286591262
    outer loop
      vertex 0.024324663 -0.0280778203 0.0132796783
      vertex 0.0226592217 -0.0302342195 0.0125233196
      vertex 0.0226592291 -0.0295833182 0.0139917349
    endloop
  endfacet
  facet normal -0.965903461 0.23669295 -0.104913473
    outer loop
      vertex 0.0226592291 -0.0295833182 0.0139917349
      vertex 0.0226592217 -0.0302342195 0.0125233196
      vertex 0.0220496114 -0.0323360413 0.0133939246
    endloop
  endfacet
  facet normal -0.96590364 0.236692831 -0.10491281
    outer loop
      vertex 0.0226592291 -0.0295833182 0.0139917349
      vertex 0.0220496114 -0.0323360413 0.0133939246
      vertex 0.0220496207 -0.0316398889 0.0149644222
    endloop
  endfacet
  facet normal -0.965909123 -0.236670092 0.104914173
    outer loop
      vertex 0.0220496207 -0.0316398889 0.0149644222
      vertex 0.0220496114 -0.0323360413 0.0133939246
      vertex 0.0226591714 -0.0344378725 0.0142645305
    endloop
  endfacet
  facet normal -0.965909243 -0.236669943 0.104913406
    outer loop
      vertex 0.0220496207 -0.0316398889 0.0149644222
      vertex 0.0226591714 -0.0344378725 0.0142645305
      vertex 0.0226591807 -0.0336964726 0.0159371104
    endloop
  endfacet
  facet normal -0.707007647 -0.646533608 0.286591113
    outer loop
      vertex 0.0226591807 -0.0336964726 0.0159371104
      vertex 0.0226591714 -0.0344378725 0.0142645305
      vertex 0.024324568 -0.0359765328 0.0149018578
    endloop
  endfacet
  facet normal -0.707007647 -0.646533668 0.286591172
    outer loop
      vertex 0.0226591807 -0.0336964726 0.0159371104
      vertex 0.024324568 -0.0359765328 0.0149018578
      vertex 0.0243245773 -0.0352020077 0.0166491661
    endloop
  endfacet
  facet normal -0.258757502 -0.883073986 0.391439468
    outer loop
      vertex 0.0243245773 -0.0352020077 0.0166491661
      vertex 0.024324568 -0.0359765328 0.0149018578
      vertex 0.0265995618 -0.0365397446 0.0151351355
    endloop
  endfacet
  facet normal -0.258757114 -0.883073926 0.391439915
    outer loop
      vertex 0.0243245773 -0.0352020077 0.0166491661
      vertex 0.0265995618 -0.0365397446 0.0151351355
      vertex 0.0265995711 -0.0357530937 0.0169097967
    endloop
  endfacet
  facet normal 0.258736372 -0.901222408 0.347640187
    outer loop
      vertex 0.0265995618 -0.0365397446 0.0151351355
      vertex 0.0265995525 -0.0372383818 0.0133239953
      vertex 0.0288745612 -0.0366644561 0.0131186312
    endloop
  endfacet
  facet normal 0.258735865 -0.901222765 0.34763962
    outer loop
      vertex 0.0265995618 -0.0365397446 0.0151351355
      vertex 0.0288745612 -0.0366644561 0.0131186312
      vertex 0.0288745686 -0.0359765887 0.0149018569
    endloop
  endfacet
  facet normal 0.706992269 -0.659833193 0.254523277
    outer loop
      vertex 0.0288745686 -0.0359765887 0.0149018569
      vertex 0.0288745612 -0.0366644561 0.0131186312
      vertex 0.0305399951 -0.0350964144 0.0125575708
    endloop
  endfacet
  facet normal 0.706992328 -0.659833074 0.254523307
    outer loop
      vertex 0.0288745686 -0.0359765887 0.0149018569
      vertex 0.0305399951 -0.0350964144 0.0125575708
      vertex 0.0305400025 -0.0344379656 0.0142645305
    endloop
  endfacet
  facet normal 0.965903461 -0.241555721 0.0931743607
    outer loop
      vertex 0.0305400025 -0.0344379656 0.0142645305
      vertex 0.0305399951 -0.0350964144 0.0125575708
      vertex 0.0311496053 -0.0329544097 0.0117911464
    endloop
  endfacet
  facet normal 0.965903342 -0.241556123 0.0931740925
    outer loop
      vertex 0.0305400025 -0.0344379656 0.0142645305
      vertex 0.0311496053 -0.0329544097 0.0117911464
      vertex 0.0311496127 -0.0323361494 0.0133939246
    endloop
  endfacet
  facet normal 0.965909123 0.241533041 -0.0931741446
    outer loop
      vertex 0.0311496127 -0.0323361494 0.0133939246
      vertex 0.0311496053 -0.0329544097 0.0117911464
      vertex 0.0305400454 -0.0308123901 0.011024721
    endloop
  endfacet
  facet normal 0.965909302 0.24153246 -0.0931745246
    outer loop
      vertex 0.0311496127 -0.0323361494 0.0133939246
      vertex 0.0305400454 -0.0308123901 0.011024721
      vertex 0.0305400528 -0.0302343145 0.0125233196
    endloop
  endfacet
  facet normal 0.707008243 0.659815788 -0.254523605
    outer loop
      vertex 0.0305400528 -0.0302343145 0.0125233196
      vertex 0.0305400454 -0.0308123901 0.011024721
      vertex 0.0288746487 -0.0292443074 0.0104636597
    endloop
  endfacet
  facet normal 0.707008123 0.659816206 -0.254523337
    outer loop
      vertex 0.0305400528 -0.0302343145 0.0125233196
      vertex 0.0288746487 -0.0292443074 0.0104636597
      vertex 0.0288746562 -0.0286956523 0.0118859923
    endloop
  endfacet
  facet normal 0.258756489 0.901216865 -0.34763968
    outer loop
      vertex 0.0288746562 -0.0286956523 0.0118859923
      vertex 0.0288746487 -0.0292443074 0.0104636597
      vertex 0.0265996568 -0.0286703315 0.0102582974
    endloop
  endfacet
  facet normal 0.258757055 0.901216328 -0.347640485
    outer loop
      vertex 0.0288746562 -0.0286956523 0.0118859923
      vertex 0.0265996568 -0.0286703315 0.0102582974
      vertex 0.0265996624 -0.0281324424 0.0116527146
    endloop
  endfacet
  facet normal -0.258734912 0.901222587 -0.347640812
    outer loop
      vertex 0.0265996624 -0.0281324424 0.0116527146
      vertex 0.0265996568 -0.0286703315 0.0102582974
      vertex 0.0243246499 -0.0292442534 0.0104636597
    endloop
  endfacet
  facet normal -0.258735687 0.901222825 -0.34763962
    outer loop
      vertex 0.0265996624 -0.0281324424 0.0116527146
      vertex 0.0243246499 -0.0292442534 0.0104636597
      vertex 0.0243246555 -0.0286955982 0.0118859923
    endloop
  endfacet
  facet normal -0.70699203 0.659833491 -0.254523516
    outer loop
      vertex 0.0243246555 -0.0286955982 0.0118859923
      vertex 0.0243246499 -0.0292442534 0.0104636597
      vertex 0.0226592142 -0.0308122952 0.011024721
    endloop
  endfacet
  facet normal -0.706991971 0.659833431 -0.254523367
    outer loop
      vertex 0.0243246555 -0.0286955982 0.0118859923
      vertex 0.0226592142 -0.0308122952 0.011024721
      vertex 0.0226592217 -0.0302342195 0.0125233196
    endloop
  endfacet
  facet normal -0.965903461 0.241555661 -0.0931738839
    outer loop
      vertex 0.0226592217 -0.0302342195 0.0125233196
      vertex 0.0226592142 -0.0308122952 0.011024721
      vertex 0.022049604 -0.0329543017 0.0117911464
    endloop
  endfacet
  facet normal -0.965903521 0.241555691 -0.0931739137
    outer loop
      vertex 0.0226592217 -0.0302342195 0.0125233196
      vertex 0.022049604 -0.0329543017 0.0117911464
      vertex 0.0220496114 -0.0323360413 0.0133939246
    endloop
  endfacet
  facet normal -0.965909123 -0.241533011 0.0931741521
    outer loop
      vertex 0.0220496114 -0.0323360413 0.0133939246
      vertex 0.022049604 -0.0329543017 0.0117911464
      vertex 0.0226591639 -0.0350963213 0.0125575718
    endloop
  endfacet
  facet normal -0.965909064 -0.241532996 0.093174085
    outer loop
      vertex 0.0220496114 -0.0323360413 0.0133939246
      vertex 0.0226591639 -0.0350963213 0.0125575718
      vertex 0.0226591714 -0.0344378725 0.0142645305
    endloop
  endfacet
  facet normal -0.707007468 -0.659816861 0.254523337
    outer loop
      vertex 0.0226591714 -0.0344378725 0.0142645305
      vertex 0.0226591639 -0.0350963213 0.0125575718
      vertex 0.0243245605 -0.0366644002 0.0131186321
    endloop
  endfacet
  facet normal -0.707007706 -0.659816742 0.25452283
    outer loop
      vertex 0.0226591714 -0.0344378725 0.0142645305
      vertex 0.0243245605 -0.0366644002 0.0131186321
      vertex 0.024324568 -0.0359765328 0.0149018578
    endloop
  endfacet
  facet normal -0.258758664 -0.901216328 0.347639292
    outer loop
      vertex 0.024324568 -0.0359765328 0.0149018578
      vertex 0.0243245605 -0.0366644002 0.0131186321
      vertex 0.0265995525 -0.0372383818 0.0133239953
    endloop
  endfacet
  facet normal -0.25875774 -0.901216149 0.347640455
    outer loop
      vertex 0.024324568 -0.0359765328 0.0149018578
      vertex 0.0265995525 -0.0372383818 0.0133239953
      vertex 0.0265995618 -0.0365397446 0.0151351355
    endloop
  endfacet
  facet normal 0.258735865 -0.91719538 0.302999079
    outer loop
      vertex 0.0265995525 -0.0372383818 0.0133239953
      vertex 0.0265995469 -0.0378472991 0.0114807729
      vertex 0.0288745537 -0.0372639894 0.0113038188
    endloop
  endfacet
  facet normal 0.258736163 -0.917195141 0.302999377
    outer loop
      vertex 0.0265995525 -0.0372383818 0.0133239953
      vertex 0.0288745537 -0.0372639894 0.0113038188
      vertex 0.0288745612 -0.0366644561 0.0131186312
    endloop
  endfacet
  facet normal 0.706992328 -0.671527326 0.221839875
    outer loop
      vertex 0.0288745612 -0.0366644561 0.0131186312
      vertex 0.0288745537 -0.0372639894 0.0113038188
      vertex 0.0305399876 -0.0356703065 0.0108203739
    endloop
  endfacet
  facet normal 0.706992209 -0.671527565 0.221839607
    outer loop
      vertex 0.0288745612 -0.0366644561 0.0131186312
      vertex 0.0305399876 -0.0356703065 0.0108203739
      vertex 0.0305399951 -0.0350964144 0.0125575708
    endloop
  endfacet
  facet normal 0.965903461 -0.245836452 0.0812092274
    outer loop
      vertex 0.0305399951 -0.0350964144 0.0125575708
      vertex 0.0305399876 -0.0356703065 0.0108203739
      vertex 0.0311495978 -0.033493273 0.0101599758
    endloop
  endfacet
  facet normal 0.965903342 -0.245837092 0.0812087879
    outer loop
      vertex 0.0305399951 -0.0350964144 0.0125575708
      vertex 0.0311495978 -0.033493273 0.0101599758
      vertex 0.0311496053 -0.0329544097 0.0117911464
    endloop
  endfacet
  facet normal 0.965909362 0.245813116 -0.0812096819
    outer loop
      vertex 0.0311496053 -0.0329544097 0.0117911464
      vertex 0.0311495978 -0.033493273 0.0101599758
      vertex 0.0305400398 -0.0313162245 0.00949957687
    endloop
  endfacet
  facet normal 0.965909183 0.245814309 -0.0812087804
    outer loop
      vertex 0.0311496053 -0.0329544097 0.0117911464
      vertex 0.0305400398 -0.0313162245 0.00949957687
      vertex 0.0305400454 -0.0308123901 0.011024721
    endloop
  endfacet
  facet normal 0.707007706 0.671511769 -0.221837804
    outer loop
      vertex 0.0305400454 -0.0308123901 0.011024721
      vertex 0.0305400398 -0.0313162245 0.00949957687
      vertex 0.0288746431 -0.0297225043 0.00901613198
    endloop
  endfacet
  facet normal 0.707008481 0.671510577 -0.22183913
    outer loop
      vertex 0.0305400454 -0.0308123901 0.011024721
      vertex 0.0288746431 -0.0297225043 0.00901613198
      vertex 0.0288746487 -0.0292443074 0.0104636597
    endloop
  endfacet
  facet normal 0.258756936 0.917189658 -0.302998483
    outer loop
      vertex 0.0288746487 -0.0292443074 0.0104636597
      vertex 0.0288746431 -0.0297225043 0.00901613198
      vertex 0.0265996512 -0.0291391425 0.00883917883
    endloop
  endfacet
  facet normal 0.258756638 0.917189837 -0.302998036
    outer loop
      vertex 0.0288746487 -0.0292443074 0.0104636597
      vertex 0.0265996512 -0.0291391425 0.00883917883
      vertex 0.0265996568 -0.0286703315 0.0102582974
    endloop
  endfacet
  facet normal -0.258734852 0.917195976 -0.302998036
    outer loop
      vertex 0.0265996568 -0.0286703315 0.0102582974
      vertex 0.0265996512 -0.0291391425 0.00883917883
      vertex 0.0243246425 -0.0297224503 0.00901613198
    endloop
  endfacet
  facet normal -0.258734733 0.917195916 -0.302998215
    outer loop
      vertex 0.0265996568 -0.0286703315 0.0102582974
      vertex 0.0243246425 -0.0297224503 0.00901613198
      vertex 0.0243246499 -0.0292442534 0.0104636597
    endloop
  endfacet
  facet normal -0.706991911 0.671528101 -0.221838519
    outer loop
      vertex 0.0243246499 -0.0292442534 0.0104636597
      vertex 0.0243246425 -0.0297224503 0.00901613198
      vertex 0.0226592086 -0.0313161314 0.00949957687
    endloop
  endfacet
  facet normal -0.706991851 0.671528161 -0.221838862
    outer loop
      vertex 0.0243246499 -0.0292442534 0.0104636597
      vertex 0.0226592086 -0.0313161314 0.00949957687
      vertex 0.0226592142 -0.0308122952 0.011024721
    endloop
  endfacet
  facet normal -0.965903521 0.245836422 -0.0812093019
    outer loop
      vertex 0.0226592142 -0.0308122952 0.011024721
      vertex 0.0226592086 -0.0313161314 0.00949957687
      vertex 0.0220495984 -0.0334931649 0.0101599758
    endloop
  endfacet
  facet normal -0.965903401 0.245836511 -0.0812096745
    outer loop
      vertex 0.0226592142 -0.0308122952 0.011024721
      vertex 0.0220495984 -0.0334931649 0.0101599758
      vertex 0.022049604 -0.0329543017 0.0117911464
    endloop
  endfacet
  facet normal -0.965909362 -0.245813429 0.0812086836
    outer loop
      vertex 0.022049604 -0.0329543017 0.0117911464
      vertex 0.0220495984 -0.0334931649 0.0101599758
      vertex 0.0226591565 -0.0356702134 0.0108203748
    endloop
  endfacet
  facet normal -0.965909123 -0.245813832 0.0812100545
    outer loop
      vertex 0.022049604 -0.0329543017 0.0117911464
      vertex 0.0226591565 -0.0356702134 0.0108203748
      vertex 0.0226591639 -0.0350963213 0.0125575718
    endloop
  endfacet
  facet normal -0.707007647 -0.671511054 0.221840233
    outer loop
      vertex 0.0226591639 -0.0350963213 0.0125575718
      vertex 0.0226591565 -0.0356702134 0.0108203748
      vertex 0.0243245531 -0.0372639336 0.0113038197
    endloop
  endfacet
  facet normal -0.707007647 -0.671510994 0.221840322
    outer loop
      vertex 0.0226591639 -0.0350963213 0.0125575718
      vertex 0.0243245531 -0.0372639336 0.0113038197
      vertex 0.0243245605 -0.0366644002 0.0131186321
    endloop
  endfacet
  facet normal -0.258758157 -0.917188883 0.302999496
    outer loop
      vertex 0.0243245605 -0.0366644002 0.0131186321
      vertex 0.0243245531 -0.0372639336 0.0113038197
      vertex 0.0265995469 -0.0378472991 0.0114807729
    endloop
  endfacet
  facet normal -0.258758843 -0.917188942 0.302998543
    outer loop
      vertex 0.0243245605 -0.0366644002 0.0131186321
      vertex 0.0265995469 -0.0378472991 0.0114807729
      vertex 0.0265995525 -0.0372383818 0.0133239953
    endloop
  endfacet
  facet normal 0.258735389 -0.930957973 0.257630199
    outer loop
      vertex 0.0265995469 -0.0378472991 0.0114807729
      vertex 0.0265995394 -0.0383650474 0.00960987434
      vertex 0.0288745463 -0.0377737582 0.00946175773
    endloop
  endfacet
  facet normal 0.258735687 -0.930957735 0.257630557
    outer loop
      vertex 0.0265995469 -0.0378472991 0.0114807729
      vertex 0.0288745463 -0.0377737582 0.00946175773
      vertex 0.0288745537 -0.0372639894 0.0113038188
    endloop
  endfacet
  facet normal 0.706992388 -0.681603432 0.188622847
    outer loop
      vertex 0.0288745537 -0.0372639894 0.0113038188
      vertex 0.0288745463 -0.0377737582 0.00946175773
      vertex 0.030539982 -0.0361582711 0.00905709341
    endloop
  endfacet
  facet normal 0.706992209 -0.68160367 0.188622564
    outer loop
      vertex 0.0288745537 -0.0372639894 0.0113038188
      vertex 0.030539982 -0.0361582711 0.00905709341
      vertex 0.0305399876 -0.0356703065 0.0108203739
    endloop
  endfacet
  facet normal 0.965903461 -0.24952507 0.0690497085
    outer loop
      vertex 0.0305399876 -0.0356703065 0.0108203739
      vertex 0.030539982 -0.0361582711 0.00905709341
      vertex 0.0311495923 -0.0339514576 0.00850431342
    endloop
  endfacet
  facet normal 0.965903401 -0.249524981 0.0690497681
    outer loop
      vertex 0.0305399876 -0.0356703065 0.0108203739
      vertex 0.0311495923 -0.0339514576 0.00850431342
      vertex 0.0311495978 -0.033493273 0.0101599758
    endloop
  endfacet
  facet normal 0.965909362 0.249502108 -0.0690499619
    outer loop
      vertex 0.0311495978 -0.033493273 0.0101599758
      vertex 0.0311495923 -0.0339514576 0.00850431342
      vertex 0.0305400342 -0.0317446291 0.00795153249
    endloop
  endfacet
  facet normal 0.965909362 0.249501601 -0.0690503791
    outer loop
      vertex 0.0311495978 -0.033493273 0.0101599758
      vertex 0.0305400342 -0.0317446291 0.00795153249
      vertex 0.0305400398 -0.0313162245 0.00949957687
    endloop
  endfacet
  facet normal 0.707008541 0.681586266 -0.188624233
    outer loop
      vertex 0.0305400398 -0.0313162245 0.00949957687
      vertex 0.0305400342 -0.0317446291 0.00795153249
      vertex 0.0288746394 -0.0301291049 0.00754686957
    endloop
  endfacet
  facet normal 0.707007766 0.681587398 -0.188622802
    outer loop
      vertex 0.0305400398 -0.0313162245 0.00949957687
      vertex 0.0288746394 -0.0301291049 0.00754686957
      vertex 0.0288746431 -0.0297225043 0.00901613198
    endloop
  endfacet
  facet normal 0.258756638 0.930952013 -0.257630318
    outer loop
      vertex 0.0288746431 -0.0297225043 0.00901613198
      vertex 0.0288746394 -0.0301291049 0.00754686957
      vertex 0.0265996456 -0.0295377634 0.00739875296
    endloop
  endfacet
  facet normal 0.258757114 0.930951715 -0.257630974
    outer loop
      vertex 0.0288746431 -0.0297225043 0.00901613198
      vertex 0.0265996456 -0.0295377634 0.00739875296
      vertex 0.0265996512 -0.0291391425 0.00883917883
    endloop
  endfacet
  facet normal -0.258734673 0.930958033 -0.257630706
    outer loop
      vertex 0.0265996512 -0.0291391425 0.00883917883
      vertex 0.0265996456 -0.0295377634 0.00739875296
      vertex 0.0243246388 -0.0301290508 0.00754686957
    endloop
  endfacet
  facet normal -0.258734673 0.930957973 -0.257630646
    outer loop
      vertex 0.0265996512 -0.0291391425 0.00883917883
      vertex 0.0243246388 -0.0301290508 0.00754686957
      vertex 0.0243246425 -0.0297224503 0.00901613198
    endloop
  endfacet
  facet normal -0.706991911 0.681603611 -0.188623741
    outer loop
      vertex 0.0243246425 -0.0297224503 0.00901613198
      vertex 0.0243246388 -0.0301290508 0.00754686957
      vertex 0.022659203 -0.031744536 0.00795153249
    endloop
  endfacet
  facet normal -0.706991911 0.68160373 -0.188623935
    outer loop
      vertex 0.0243246425 -0.0297224503 0.00901613198
      vertex 0.022659203 -0.031744536 0.00795153249
      vertex 0.0226592086 -0.0313161314 0.00949957687
    endloop
  endfacet
  facet normal -0.965903401 0.249524981 -0.0690498725
    outer loop
      vertex 0.0226592086 -0.0313161314 0.00949957687
      vertex 0.022659203 -0.031744536 0.00795153249
      vertex 0.0220495928 -0.0339513496 0.00850431342
    endloop
  endfacet
  facet normal -0.965903401 0.249524951 -0.0690497532
    outer loop
      vertex 0.0226592086 -0.0313161314 0.00949957687
      vertex 0.0220495928 -0.0339513496 0.00850431342
      vertex 0.0220495984 -0.0334931649 0.0101599758
    endloop
  endfacet
  facet normal -0.965909362 -0.249502108 0.0690499619
    outer loop
      vertex 0.0220495984 -0.0334931649 0.0101599758
      vertex 0.0220495928 -0.0339513496 0.00850431342
      vertex 0.0226591509 -0.036158178 0.00905709434
    endloop
  endfacet
  facet normal -0.965909362 -0.249501899 0.0690494105
    outer loop
      vertex 0.0220495984 -0.0334931649 0.0101599758
      vertex 0.0226591509 -0.036158178 0.00905709434
      vertex 0.0226591565 -0.0356702134 0.0108203748
    endloop
  endfacet
  facet normal -0.707008183 -0.68158704 0.188622475
    outer loop
      vertex 0.0226591565 -0.0356702134 0.0108203748
      vertex 0.0226591509 -0.036158178 0.00905709434
      vertex 0.0243245475 -0.0377737023 0.00946175773
    endloop
  endfacet
  facet normal -0.707007766 -0.681587279 0.188623309
    outer loop
      vertex 0.0226591565 -0.0356702134 0.0108203748
      vertex 0.0243245475 -0.0377737023 0.00946175773
      vertex 0.0243245531 -0.0372639336 0.0113038197
    endloop
  endfacet
  facet normal -0.258758277 -0.930951476 0.257630527
    outer loop
      vertex 0.0243245531 -0.0372639336 0.0113038197
      vertex 0.0243245475 -0.0377737023 0.00946175773
      vertex 0.0265995394 -0.0383650474 0.00960987434
    endloop
  endfacet
  facet normal -0.258758307 -0.930951416 0.257630467
    outer loop
      vertex 0.0243245531 -0.0372639336 0.0113038197
      vertex 0.0265995394 -0.0383650474 0.00960987434
      vertex 0.0265995469 -0.0378472991 0.0114807729
    endloop
  endfacet
  facet normal 0.258735478 -0.942477763 0.211640134
    outer loop
      vertex 0.0265995394 -0.0383650474 0.00960987434
      vertex 0.0265995339 -0.0387903713 0.00771582499
      vertex 0.0288745426 -0.0381925255 0.00759690069
    endloop
  endfacet
  facet normal 0.258735269 -0.942477942 0.211639822
    outer loop
      vertex 0.0265995394 -0.0383650474 0.00960987434
      vertex 0.0288745426 -0.0381925255 0.00759690069
      vertex 0.0288745463 -0.0377737582 0.00946175773
    endloop
  endfacet
  facet normal 0.706991315 -0.690038502 0.154951796
    outer loop
      vertex 0.0288745463 -0.0377737582 0.00946175773
      vertex 0.0288745426 -0.0381925255 0.00759690069
      vertex 0.0305399764 -0.0365591347 0.00727199484
    endloop
  endfacet
  facet normal 0.706992269 -0.690037191 0.154953301
    outer loop
      vertex 0.0288745463 -0.0377737582 0.00946175773
      vertex 0.0305399764 -0.0365591347 0.00727199484
      vertex 0.030539982 -0.0361582711 0.00905709341
    endloop
  endfacet
  facet normal 0.965903282 -0.252612501 0.0567239001
    outer loop
      vertex 0.030539982 -0.0361582711 0.00905709341
      vertex 0.0305399764 -0.0365591347 0.00727199484
      vertex 0.0311495885 -0.0343278497 0.00682816375
    endloop
  endfacet
  facet normal 0.965903401 -0.252612531 0.0567239076
    outer loop
      vertex 0.030539982 -0.0361582711 0.00905709341
      vertex 0.0311495885 -0.0343278497 0.00682816375
      vertex 0.0311495923 -0.0339514576 0.00850431342
    endloop
  endfacet
  facet normal 0.965909123 0.252590448 -0.0567232482
    outer loop
      vertex 0.0311495923 -0.0339514576 0.00850431342
      vertex 0.0311495885 -0.0343278497 0.00682816375
      vertex 0.0305400304 -0.032096561 0.00638433313
    endloop
  endfacet
  facet normal 0.965909302 0.252589554 -0.0567240678
    outer loop
      vertex 0.0311495923 -0.0339514576 0.00850431342
      vertex 0.0305400304 -0.032096561 0.00638433313
      vertex 0.0305400342 -0.0317446291 0.00795153249
    endloop
  endfacet
  facet normal 0.707009256 0.690019906 -0.154953241
    outer loop
      vertex 0.0305400342 -0.0317446291 0.00795153249
      vertex 0.0305400304 -0.032096561 0.00638433313
      vertex 0.0288746338 -0.0304631218 0.00605942635
    endloop
  endfacet
  facet normal 0.707008719 0.69002068 -0.154952213
    outer loop
      vertex 0.0305400342 -0.0317446291 0.00795153249
      vertex 0.0288746338 -0.0304631218 0.00605942635
      vertex 0.0288746394 -0.0301291049 0.00754686957
    endloop
  endfacet
  facet normal 0.258756697 0.942471981 -0.211640403
    outer loop
      vertex 0.0288746394 -0.0301291049 0.00754686957
      vertex 0.0288746338 -0.0304631218 0.00605942635
      vertex 0.0265996419 -0.0298652258 0.00594050251
    endloop
  endfacet
  facet normal 0.258756787 0.942471862 -0.211640567
    outer loop
      vertex 0.0288746394 -0.0301291049 0.00754686957
      vertex 0.0265996419 -0.0298652258 0.00594050251
      vertex 0.0265996456 -0.0295377634 0.00739875296
    endloop
  endfacet
  facet normal -0.258734196 0.942478001 -0.211640641
    outer loop
      vertex 0.0265996456 -0.0295377634 0.00739875296
      vertex 0.0265996419 -0.0298652258 0.00594050251
      vertex 0.024324635 -0.0304630678 0.00605942635
    endloop
  endfacet
  facet normal -0.258734554 0.94247812 -0.211640149
    outer loop
      vertex 0.0265996456 -0.0295377634 0.00739875296
      vertex 0.024324635 -0.0304630678 0.00605942635
      vertex 0.0243246388 -0.0301290508 0.00754686957
    endloop
  endfacet
  facet normal -0.706992149 0.690037727 -0.154951572
    outer loop
      vertex 0.0243246388 -0.0301290508 0.00754686957
      vertex 0.024324635 -0.0304630678 0.00605942635
      vertex 0.0226591993 -0.0320964642 0.0063843336
    endloop
  endfacet
  facet normal -0.706991851 0.690037906 -0.154952332
    outer loop
      vertex 0.0243246388 -0.0301290508 0.00754686957
      vertex 0.0226591993 -0.0320964642 0.0063843336
      vertex 0.022659203 -0.031744536 0.00795153249
    endloop
  endfacet
  facet normal -0.965903103 0.252613276 -0.0567242168
    outer loop
      vertex 0.022659203 -0.031744536 0.00795153249
      vertex 0.0226591993 -0.0320964642 0.0063843336
      vertex 0.0220495872 -0.0343277417 0.00682816422
    endloop
  endfacet
  facet normal -0.965903342 0.25261274 -0.0567229055
    outer loop
      vertex 0.022659203 -0.031744536 0.00795153249
      vertex 0.0220495872 -0.0343277417 0.00682816422
      vertex 0.0220495928 -0.0339513496 0.00850431342
    endloop
  endfacet
  facet normal -0.965909362 -0.252589494 0.0567241274
    outer loop
      vertex 0.0220495928 -0.0339513496 0.00850431342
      vertex 0.0220495872 -0.0343277417 0.00682816422
      vertex 0.0226591453 -0.0365590379 0.00727199484
    endloop
  endfacet
  facet normal -0.965909362 -0.252589554 0.0567242205
    outer loop
      vertex 0.0220495928 -0.0339513496 0.00850431342
      vertex 0.0226591453 -0.0365590379 0.00727199484
      vertex 0.0226591509 -0.036158178 0.00905709434
    endloop
  endfacet
  facet normal -0.707007706 -0.690021574 0.15495266
    outer loop
      vertex 0.0226591509 -0.036158178 0.00905709434
      vertex 0.0226591453 -0.0365590379 0.00727199484
      vertex 0.0243245419 -0.0381924696 0.00759690115
    endloop
  endfacet
  facet normal -0.707008302 -0.690021217 0.154951453
    outer loop
      vertex 0.0226591509 -0.036158178 0.00905709434
      vertex 0.0243245419 -0.0381924696 0.00759690115
      vertex 0.0243245475 -0.0377737023 0.00946175773
    endloop
  endfacet
  facet normal -0.258758843 -0.942471445 0.211639732
    outer loop
      vertex 0.0243245475 -0.0377737023 0.00946175773
      vertex 0.0243245419 -0.0381924696 0.00759690115
      vertex 0.0265995339 -0.0387903713 0.00771582499
    endloop
  endfacet
  facet normal -0.258758426 -0.942471445 0.211640224
    outer loop
      vertex 0.0243245475 -0.0377737023 0.00946175773
      vertex 0.0265995339 -0.0387903713 0.00771582499
      vertex 0.0265995394 -0.0383650474 0.00960987434
    endloop
  endfacet
  facet normal 0.258735478 -0.95172745 0.165138513
    outer loop
      vertex 0.0265995339 -0.0387903713 0.00771582499
      vertex 0.0265995301 -0.0391222425 0.00580318831
      vertex 0.028874537 -0.0385192819 0.00571374316
    endloop
  endfacet
  facet normal 0.258735418 -0.951727569 0.165138423
    outer loop
      vertex 0.0265995339 -0.0387903713 0.00771582499
      vertex 0.028874537 -0.0385192819 0.00571374316
      vertex 0.0288745426 -0.0381925255 0.00759690069
    endloop
  endfacet
  facet normal 0.7069906 -0.696811438 0.12090525
    outer loop
      vertex 0.0288745426 -0.0381925255 0.00759690069
      vertex 0.028874537 -0.0385192819 0.00571374316
      vertex 0.0305399727 -0.0368719175 0.00546937669
    endloop
  endfacet
  facet normal 0.706991315 -0.696810663 0.120906197
    outer loop
      vertex 0.0288745426 -0.0381925255 0.00759690069
      vertex 0.0305399727 -0.0368719175 0.00546937669
      vertex 0.0305399764 -0.0365591347 0.00727199484
    endloop
  endfacet
  facet normal 0.965903223 -0.255092114 0.0442605317
    outer loop
      vertex 0.0305399764 -0.0365591347 0.00727199484
      vertex 0.0305399727 -0.0368719175 0.00546937669
      vertex 0.0311495848 -0.0346215479 0.0051355646
    endloop
  endfacet
  facet normal 0.965903342 -0.255091548 0.044261124
    outer loop
      vertex 0.0305399764 -0.0365591347 0.00727199484
      vertex 0.0311495848 -0.0346215479 0.0051355646
      vertex 0.0311495885 -0.0343278497 0.00682816375
    endloop
  endfacet
  facet normal 0.965909362 0.255068809 -0.0442614183
    outer loop
      vertex 0.0311495885 -0.0343278497 0.00682816375
      vertex 0.0311495848 -0.0346215479 0.0051355646
      vertex 0.0305400267 -0.0323711634 0.00480175298
    endloop
  endfacet
  facet normal 0.965909183 0.255069375 -0.0442608036
    outer loop
      vertex 0.0311495885 -0.0343278497 0.00682816375
      vertex 0.0305400267 -0.0323711634 0.00480175298
      vertex 0.0305400304 -0.032096561 0.00638433313
    endloop
  endfacet
  facet normal 0.707009792 0.696791768 -0.120905906
    outer loop
      vertex 0.0305400304 -0.032096561 0.00638433313
      vertex 0.0305400267 -0.0323711634 0.00480175298
      vertex 0.028874632 -0.0307237487 0.00455738604
    endloop
  endfacet
  facet normal 0.707009375 0.696792424 -0.120904937
    outer loop
      vertex 0.0305400304 -0.032096561 0.00638433313
      vertex 0.028874632 -0.0307237487 0.00455738604
      vertex 0.0288746338 -0.0304631218 0.00605942635
    endloop
  endfacet
  facet normal 0.258756429 0.951721787 -0.165138543
    outer loop
      vertex 0.0288746338 -0.0304631218 0.00605942635
      vertex 0.028874632 -0.0307237487 0.00455738604
      vertex 0.0265996382 -0.0301207379 0.00446794135
    endloop
  endfacet
  facet normal 0.258756757 0.951721549 -0.165139019
    outer loop
      vertex 0.0288746338 -0.0304631218 0.00605942635
      vertex 0.0265996382 -0.0301207379 0.00446794135
      vertex 0.0265996419 -0.0298652258 0.00594050251
    endloop
  endfacet
  facet normal -0.258734018 0.951727867 -0.165138826
    outer loop
      vertex 0.0265996419 -0.0298652258 0.00594050251
      vertex 0.0265996382 -0.0301207379 0.00446794135
      vertex 0.0243246313 -0.0307236947 0.00455738604
    endloop
  endfacet
  facet normal -0.258734077 0.951727808 -0.165138677
    outer loop
      vertex 0.0265996419 -0.0298652258 0.00594050251
      vertex 0.0243246313 -0.0307236947 0.00455738604
      vertex 0.024324635 -0.0304630678 0.00605942635
    endloop
  endfacet
  facet normal -0.706992209 0.696809769 -0.12090537
    outer loop
      vertex 0.024324635 -0.0304630678 0.00605942635
      vertex 0.0243246313 -0.0307236947 0.00455738604
      vertex 0.0226591956 -0.0323710665 0.00480175344
    endloop
  endfacet
  facet normal -0.70699209 0.696809947 -0.12090572
    outer loop
      vertex 0.024324635 -0.0304630678 0.00605942635
      vertex 0.0226591956 -0.0323710665 0.00480175344
      vertex 0.0226591993 -0.0320964642 0.0063843336
    endloop
  endfacet
  facet normal -0.965903223 0.255092204 -0.0442601964
    outer loop
      vertex 0.0226591993 -0.0320964642 0.0063843336
      vertex 0.0226591956 -0.0323710665 0.00480175344
      vertex 0.0220495835 -0.0346214361 0.00513556506
    endloop
  endfacet
  facet normal -0.965903163 0.255092412 -0.0442606844
    outer loop
      vertex 0.0226591993 -0.0320964642 0.0063843336
      vertex 0.0220495835 -0.0346214361 0.00513556506
      vertex 0.0220495872 -0.0343277417 0.00682816422
    endloop
  endfacet
  facet normal -0.965909302 -0.255068868 0.0442608707
    outer loop
      vertex 0.0220495872 -0.0343277417 0.00682816422
      vertex 0.0220495835 -0.0346214361 0.00513556506
      vertex 0.0226591416 -0.0368718207 0.00546937669
    endloop
  endfacet
  facet normal -0.965909362 -0.25506866 0.0442604534
    outer loop
      vertex 0.0220495872 -0.0343277417 0.00682816422
      vertex 0.0226591416 -0.0368718207 0.00546937669
      vertex 0.0226591453 -0.0365590379 0.00727199484
    endloop
  endfacet
  facet normal -0.707008302 -0.696793437 0.120906152
    outer loop
      vertex 0.0226591453 -0.0365590379 0.00727199484
      vertex 0.0226591416 -0.0368718207 0.00546937669
      vertex 0.0243245382 -0.0385192297 0.00571374362
    endloop
  endfacet
  facet normal -0.707007825 -0.696793675 0.120907024
    outer loop
      vertex 0.0226591453 -0.0365590379 0.00727199484
      vertex 0.0243245382 -0.0385192297 0.00571374362
      vertex 0.0243245419 -0.0381924696 0.00759690115
    endloop
  endfacet
  facet normal -0.258757383 -0.951721311 0.165140465
    outer loop
      vertex 0.0243245419 -0.0381924696 0.00759690115
      vertex 0.0243245382 -0.0385192297 0.00571374362
      vertex 0.0265995301 -0.0391222425 0.00580318831
    endloop
  endfacet
  facet normal -0.258758962 -0.951721191 0.165138409
    outer loop
      vertex 0.0243245419 -0.0381924696 0.00759690115
      vertex 0.0265995301 -0.0391222425 0.00580318831
      vertex 0.0265995339 -0.0387903713 0.00771582499
    endloop
  endfacet
  facet normal 0.25873512 -0.958683729 0.118243665
    outer loop
      vertex 0.0265995301 -0.0391222425 0.00580318831
      vertex 0.0265995283 -0.0393598713 0.00387657015
      vertex 0.0288745351 -0.0387532488 0.00381682045
    endloop
  endfacet
  facet normal 0.258735418 -0.958683729 0.118244
    outer loop
      vertex 0.0265995301 -0.0391222425 0.00580318831
      vertex 0.0288745351 -0.0387532488 0.00381682045
      vertex 0.028874537 -0.0385192819 0.00571374316
    endloop
  endfacet
  facet normal 0.706991315 -0.701903522 0.0865722299
    outer loop
      vertex 0.028874537 -0.0385192819 0.00571374316
      vertex 0.0288745351 -0.0387532488 0.00381682045
      vertex 0.0305399708 -0.0370958745 0.00365358172
    endloop
  endfacet
  facet normal 0.70699048 -0.701904356 0.0865709782
    outer loop
      vertex 0.028874537 -0.0385192819 0.00571374316
      vertex 0.0305399708 -0.0370958745 0.00365358172
      vertex 0.0305399727 -0.0368719175 0.00546937669
    endloop
  endfacet
  facet normal 0.965903461 -0.256955862 0.0316915028
    outer loop
      vertex 0.0305399727 -0.0368719175 0.00546937669
      vertex 0.0305399708 -0.0370958745 0.00365358172
      vertex 0.0311495811 -0.0348318368 0.00343059306
    endloop
  endfacet
  facet normal 0.965903163 -0.256956697 0.0316906013
    outer loop
      vertex 0.0305399727 -0.0368719175 0.00546937669
      vertex 0.0311495811 -0.0348318368 0.00343059306
      vertex 0.0311495848 -0.0346215479 0.0051355646
    endloop
  endfacet
  facet normal 0.9659096 0.256932348 -0.0316918008
    outer loop
      vertex 0.0311495848 -0.0346215479 0.0051355646
      vertex 0.0311495811 -0.0348318368 0.00343059306
      vertex 0.0305400249 -0.0325677805 0.0032076044
    endloop
  endfacet
  facet normal 0.965909362 0.25693351 -0.031690456
    outer loop
      vertex 0.0311495848 -0.0346215479 0.0051355646
      vertex 0.0305400249 -0.0325677805 0.0032076044
      vertex 0.0305400267 -0.0323711634 0.00480175298
    endloop
  endfacet
  facet normal 0.707008362 0.701886773 -0.0865692571
    outer loop
      vertex 0.0305400267 -0.0323711634 0.00480175298
      vertex 0.0305400249 -0.0325677805 0.0032076044
      vertex 0.0288746282 -0.0309103653 0.00304436544
    endloop
  endfacet
  facet normal 0.707009971 0.701884747 -0.086572431
    outer loop
      vertex 0.0305400267 -0.0323711634 0.00480175298
      vertex 0.0288746282 -0.0309103653 0.00304436544
      vertex 0.028874632 -0.0307237487 0.00455738604
    endloop
  endfacet
  facet normal 0.258757949 0.958677471 -0.11824429
    outer loop
      vertex 0.028874632 -0.0307237487 0.00455738604
      vertex 0.0288746282 -0.0309103653 0.00304436544
      vertex 0.0265996363 -0.0303036887 0.00298461597
    endloop
  endfacet
  facet normal 0.258756518 0.958678126 -0.11824207
    outer loop
      vertex 0.028874632 -0.0307237487 0.00455738604
      vertex 0.0265996363 -0.0303036887 0.00298461597
      vertex 0.0265996382 -0.0301207379 0.00446794135
    endloop
  endfacet
  facet normal -0.258734465 0.958684206 -0.118242174
    outer loop
      vertex 0.0265996382 -0.0301207379 0.00446794135
      vertex 0.0265996363 -0.0303036887 0.00298461597
      vertex 0.0243246295 -0.0309103094 0.00304436567
    endloop
  endfacet
  facet normal -0.258733898 0.958684146 -0.118243009
    outer loop
      vertex 0.0265996382 -0.0301207379 0.00446794135
      vertex 0.0243246295 -0.0309103094 0.00304436567
      vertex 0.0243246313 -0.0307236947 0.00455738604
    endloop
  endfacet
  facet normal -0.706991374 0.701903641 -0.0865713432
    outer loop
      vertex 0.0243246313 -0.0307236947 0.00455738604
      vertex 0.0243246295 -0.0309103094 0.00304436567
      vertex 0.0226591937 -0.0325676836 0.00320760463
    endloop
  endfacet
  facet normal -0.706992149 0.701902986 -0.0865696147
    outer loop
      vertex 0.0243246313 -0.0307236947 0.00455738604
      vertex 0.0226591937 -0.0325676836 0.00320760463
      vertex 0.0226591956 -0.0323710665 0.00480175344
    endloop
  endfacet
  facet normal -0.965903282 0.256956249 -0.031691011
    outer loop
      vertex 0.0226591956 -0.0323710665 0.00480175344
      vertex 0.0226591937 -0.0325676836 0.00320760463
      vertex 0.0220495816 -0.0348317251 0.00343059329
    endloop
  endfacet
  facet normal -0.965903163 0.256956547 -0.0316916369
    outer loop
      vertex 0.0226591956 -0.0323710665 0.00480175344
      vertex 0.0220495816 -0.0348317251 0.00343059329
      vertex 0.0220495835 -0.0346214361 0.00513556506
    endloop
  endfacet
  facet normal -0.965909362 -0.2569336 0.0316908956
    outer loop
      vertex 0.0220495835 -0.0346214361 0.00513556506
      vertex 0.0220495816 -0.0348317251 0.00343059329
      vertex 0.0226591397 -0.0370957777 0.00365358195
    endloop
  endfacet
  facet normal -0.965909362 -0.25693351 0.0316907354
    outer loop
      vertex 0.0220495835 -0.0346214361 0.00513556506
      vertex 0.0226591397 -0.0370957777 0.00365358195
      vertex 0.0226591416 -0.0368718207 0.00546937669
    endloop
  endfacet
  facet normal -0.707009494 -0.701885521 0.0865700692
    outer loop
      vertex 0.0226591416 -0.0368718207 0.00546937669
      vertex 0.0226591397 -0.0370957777 0.00365358195
      vertex 0.0243245345 -0.0387531966 0.00381682068
    endloop
  endfacet
  facet normal -0.707008302 -0.701886356 0.0865721703
    outer loop
      vertex 0.0226591416 -0.0368718207 0.00546937669
      vertex 0.0243245345 -0.0387531966 0.00381682068
      vertex 0.0243245382 -0.0385192297 0.00571374362
    endloop
  endfacet
  facet normal -0.258757025 -0.958677828 0.118244022
    outer loop
      vertex 0.0243245382 -0.0385192297 0.00571374362
      vertex 0.0243245345 -0.0387531966 0.00381682068
      vertex 0.0265995283 -0.0393598713 0.00387657015
    endloop
  endfacet
  facet normal -0.258757442 -0.958677709 0.118243411
    outer loop
      vertex 0.0243245382 -0.0385192297 0.00571374362
      vertex 0.0265995283 -0.0393598713 0.00387657015
      vertex 0.0265995301 -0.0391222425 0.00580318831
    endloop
  endfacet
  facet normal 0.258735329 -0.963330984 0.0710584
    outer loop
      vertex 0.0265995283 -0.0393598713 0.00387657015
      vertex 0.0265995264 -0.0395026729 0.00194063189
      vertex 0.0288745333 -0.0388938487 0.00191072095
    endloop
  endfacet
  facet normal 0.258735031 -0.963331103 0.0710580796
    outer loop
      vertex 0.0265995283 -0.0393598713 0.00387657015
      vertex 0.0288745333 -0.0388938487 0.00191072095
      vertex 0.0288745351 -0.0387532488 0.00381682045
    endloop
  endfacet
  facet normal 0.706991255 -0.705306172 0.0520249158
    outer loop
      vertex 0.0288745351 -0.0387532488 0.00381682045
      vertex 0.0288745333 -0.0388938487 0.00191072095
      vertex 0.030539969 -0.0372304618 0.00182900263
    endloop
  endfacet
  facet normal 0.706991315 -0.705306053 0.0520251021
    outer loop
      vertex 0.0288745351 -0.0387532488 0.00381682045
      vertex 0.030539969 -0.0372304618 0.00182900263
      vertex 0.0305399708 -0.0370958745 0.00365358172
    endloop
  endfacet
  facet normal 0.965903223 -0.258202165 0.0190449003
    outer loop
      vertex 0.0305399708 -0.0370958745 0.00365358172
      vertex 0.030539969 -0.0372304618 0.00182900263
      vertex 0.0311495811 -0.0349582098 0.00171737326
    endloop
  endfacet
  facet normal 0.965903401 -0.258201331 0.019045826
    outer loop
      vertex 0.0305399708 -0.0370958745 0.00365358172
      vertex 0.0311495811 -0.0349582098 0.00171737326
      vertex 0.0311495811 -0.0348318368 0.00343059306
    endloop
  endfacet
  facet normal 0.965909302 0.258179128 -0.0190441888
    outer loop
      vertex 0.0311495811 -0.0348318368 0.00343059306
      vertex 0.0311495811 -0.0349582098 0.00171737326
      vertex 0.030540023 -0.0326859429 0.00160574401
    endloop
  endfacet
  facet normal 0.96590966 0.258177847 -0.0190458316
    outer loop
      vertex 0.0311495811 -0.0348318368 0.00343059306
      vertex 0.030540023 -0.0326859429 0.00160574401
      vertex 0.0305400249 -0.0325677805 0.0032076044
    endloop
  endfacet
  facet normal 0.707009375 0.705287874 -0.0520269349
    outer loop
      vertex 0.0305400249 -0.0325677805 0.0032076044
      vertex 0.030540023 -0.0326859429 0.00160574401
      vertex 0.0288746282 -0.0310225114 0.00152402581
    endloop
  endfacet
  facet normal 0.707008302 0.705289125 -0.052024886
    outer loop
      vertex 0.0305400249 -0.0325677805 0.0032076044
      vertex 0.0288746282 -0.0310225114 0.00152402581
      vertex 0.0288746282 -0.0309103653 0.00304436544
    endloop
  endfacet
  facet normal 0.258758038 0.963324904 -0.0710585713
    outer loop
      vertex 0.0288746282 -0.0309103653 0.00304436544
      vertex 0.0288746282 -0.0310225114 0.00152402581
      vertex 0.0265996344 -0.0304136332 0.00149411487
    endloop
  endfacet
  facet normal 0.258758008 0.963325024 -0.071058467
    outer loop
      vertex 0.0288746282 -0.0309103653 0.00304436544
      vertex 0.0265996344 -0.0304136332 0.00149411487
      vertex 0.0265996363 -0.0303036887 0.00298461597
    endloop
  endfacet
  facet normal -0.258734643 0.963331223 -0.0710583106
    outer loop
      vertex 0.0265996363 -0.0303036887 0.00298461597
      vertex 0.0265996344 -0.0304136332 0.00149411487
      vertex 0.0243246276 -0.0310224555 0.00152402604
    endloop
  endfacet
  facet normal -0.258734375 0.963331282 -0.0710587054
    outer loop
      vertex 0.0265996363 -0.0303036887 0.00298461597
      vertex 0.0243246276 -0.0310224555 0.00152402604
      vertex 0.0243246295 -0.0309103094 0.00304436567
    endloop
  endfacet
  facet normal -0.706991971 0.705305338 -0.0520251878
    outer loop
      vertex 0.0243246295 -0.0309103094 0.00304436567
      vertex 0.0243246276 -0.0310224555 0.00152402604
      vertex 0.0226591919 -0.0326858461 0.00160574436
    endloop
  endfacet
  facet normal -0.706991315 0.705305874 -0.0520266294
    outer loop
      vertex 0.0243246295 -0.0309103094 0.00304436567
      vertex 0.0226591919 -0.0326858461 0.00160574436
      vertex 0.0226591937 -0.0325676836 0.00320760463
    endloop
  endfacet
  facet normal -0.965903223 0.258202106 -0.0190453567
    outer loop
      vertex 0.0226591937 -0.0325676836 0.00320760463
      vertex 0.0226591919 -0.0326858461 0.00160574436
      vertex 0.0220495798 -0.0349580981 0.00171737373
    endloop
  endfacet
  facet normal -0.965903342 0.258201808 -0.0190448128
    outer loop
      vertex 0.0226591937 -0.0325676836 0.00320760463
      vertex 0.0220495798 -0.0349580981 0.00171737373
      vertex 0.0220495816 -0.0348317251 0.00343059329
    endloop
  endfacet
  facet normal -0.965909302 -0.258179098 0.0190452356
    outer loop
      vertex 0.0220495816 -0.0348317251 0.00343059329
      vertex 0.0220495798 -0.0349580981 0.00171737373
      vertex 0.0226591378 -0.037230365 0.00182900298
    endloop
  endfacet
  facet normal -0.965909362 -0.258179069 0.0190451518
    outer loop
      vertex 0.0220495816 -0.0348317251 0.00343059329
      vertex 0.0226591378 -0.037230365 0.00182900298
      vertex 0.0226591397 -0.0370957777 0.00365358195
    endloop
  endfacet
  facet normal -0.707009375 -0.705287933 0.0520252138
    outer loop
      vertex 0.0226591397 -0.0370957777 0.00365358195
      vertex 0.0226591378 -0.037230365 0.00182900298
      vertex 0.0243245326 -0.0388937965 0.00191072118
    endloop
  endfacet
  facet normal -0.707009554 -0.705287874 0.0520249344
    outer loop
      vertex 0.0226591397 -0.0370957777 0.00365358195
      vertex 0.0243245326 -0.0388937965 0.00191072118
      vertex 0.0243245345 -0.0387531966 0.00381682068
    endloop
  endfacet
  facet normal -0.258757293 -0.963325202 0.0710581541
    outer loop
      vertex 0.0243245345 -0.0387531966 0.00381682068
      vertex 0.0243245326 -0.0388937965 0.00191072118
      vertex 0.0265995264 -0.0395026729 0.00194063189
    endloop
  endfacet
  facet normal -0.258757055 -0.963325143 0.0710584745
    outer loop
      vertex 0.0243245345 -0.0387531966 0.00381682068
      vertex 0.0265995264 -0.0395026729 0.00194063189
      vertex 0.0265995283 -0.0393598713 0.00387657015
    endloop
  endfacet
  facet normal 0.258734971 -0.965657473 0.0237049852
    outer loop
      vertex 0.0265995264 -0.0395026729 0.00194063189
      vertex 0.0265995245 -0.0395503119 6.99360925e-09
      vertex 0.0288745333 -0.0389407538 6.78637324e-09
    endloop
  endfacet
  facet normal 0.258735299 -0.965657413 0.0237054303
    outer loop
      vertex 0.0265995264 -0.0395026729 0.00194063189
      vertex 0.0288745333 -0.0389407538 6.78637324e-09
      vertex 0.0288745333 -0.0388938487 0.00191072095
    endloop
  endfacet
  facet normal 0.706991196 -0.707009375 0.0173560064
    outer loop
      vertex 0.0288745333 -0.0388938487 0.00191072095
      vertex 0.0288745333 -0.0389407538 6.78637324e-09
      vertex 0.0305399671 -0.0372753628 6.41908127e-09
    endloop
  endfacet
  facet normal 0.706991196 -0.707009315 0.0173560232
    outer loop
      vertex 0.0288745333 -0.0388938487 0.00191072095
      vertex 0.0305399671 -0.0372753628 6.41908127e-09
      vertex 0.030539969 -0.0372304618 0.00182900263
    endloop
  endfacet
  facet normal 0.965903223 -0.258825451 0.00635304907
    outer loop
      vertex 0.030539969 -0.0372304618 0.00182900263
      vertex 0.0305399671 -0.0372753628 6.41908127e-09
      vertex 0.0311495792 -0.035000369 5.99014793e-09
    endloop
  endfacet
  facet normal 0.965903163 -0.25882563 0.00635279389
    outer loop
      vertex 0.030539969 -0.0372304618 0.00182900263
      vertex 0.0311495792 -0.035000369 5.99014793e-09
      vertex 0.0311495811 -0.0349582098 0.00171737326
    endloop
  endfacet
  facet normal 0.965909541 0.258801728 -0.00635429006
    outer loop
      vertex 0.0311495811 -0.0349582098 0.00171737326
      vertex 0.0311495792 -0.035000369 5.99014793e-09
      vertex 0.030540023 -0.0327253602 5.61450619e-09
    endloop
  endfacet
  facet normal 0.965909302 0.258802623 -0.00635303091
    outer loop
      vertex 0.0311495811 -0.0349582098 0.00171737326
      vertex 0.030540023 -0.0327253602 5.61450619e-09
      vertex 0.030540023 -0.0326859429 0.00160574401
    endloop
  endfacet
  facet normal 0.707008541 0.706991911 -0.0173550751
    outer loop
      vertex 0.030540023 -0.0326859429 0.00160574401
      vertex 0.030540023 -0.0327253602 5.61450619e-09
      vertex 0.0288746264 -0.0310599245 5.39280931e-09
    endloop
  endfacet
  facet normal 0.707009435 0.706991196 -0.0173568018
    outer loop
      vertex 0.030540023 -0.0326859429 0.00160574401
      vertex 0.0288746264 -0.0310599245 5.39280931e-09
      vertex 0.0288746282 -0.0310225114 0.00152402581
    endloop
  endfacet
  facet normal 0.258758128 0.965651214 -0.023706032
    outer loop
      vertex 0.0288746282 -0.0310225114 0.00152402581
      vertex 0.0288746264 -0.0310599245 5.39280931e-09
      vertex 0.0265996344 -0.0304503124 5.38445999e-09
    endloop
  endfacet
  facet normal 0.258758098 0.965651214 -0.0237059854
    outer loop
      vertex 0.0288746282 -0.0310225114 0.00152402581
      vertex 0.0265996344 -0.0304503124 5.38445999e-09
      vertex 0.0265996344 -0.0304136332 0.00149411487
    endloop
  endfacet
  facet normal -0.258734435 0.965657532 -0.0237061307
    outer loop
      vertex 0.0265996344 -0.0304136332 0.00149411487
      vertex 0.0265996344 -0.0304503124 5.38445999e-09
      vertex 0.0243246276 -0.0310598686 5.591696e-09
    endloop
  endfacet
  facet normal -0.258734584 0.965657532 -0.0237058774
    outer loop
      vertex 0.0265996344 -0.0304136332 0.00149411487
      vertex 0.0243246276 -0.0310598686 5.591696e-09
      vertex 0.0243246276 -0.0310224555 0.00152402604
    endloop
  endfacet
  facet normal -0.706991613 0.707009017 -0.0173563231
    outer loop
      vertex 0.0243246276 -0.0310224555 0.00152402604
      vertex 0.0243246276 -0.0310598686 5.591696e-09
      vertex 0.0226591919 -0.0327252634 5.95898841e-09
    endloop
  endfacet
  facet normal -0.706991911 0.707008541 -0.0173554551
    outer loop
      vertex 0.0243246276 -0.0310224555 0.00152402604
      vertex 0.0226591919 -0.0327252634 5.95898841e-09
      vertex 0.0226591919 -0.0326858461 0.00160574436
    endloop
  endfacet
  facet normal -0.965903223 0.258825451 -0.00635358738
    outer loop
      vertex 0.0226591919 -0.0326858461 0.00160574436
      vertex 0.0226591919 -0.0327252634 5.95898841e-09
      vertex 0.0220495798 -0.0350002572 6.3879213e-09
    endloop
  endfacet
  facet normal -0.965903163 0.25882563 -0.00635383464
    outer loop
      vertex 0.0226591919 -0.0326858461 0.00160574436
      vertex 0.0220495798 -0.0350002572 6.3879213e-09
      vertex 0.0220495798 -0.0349580981 0.00171737373
    endloop
  endfacet
  facet normal -0.965909541 -0.258801728 0.00635324232
    outer loop
      vertex 0.0220495798 -0.0349580981 0.00171737373
      vertex 0.0220495798 -0.0350002572 6.3879213e-09
      vertex 0.022659136 -0.0372752659 6.76356349e-09
    endloop
  endfacet
  facet normal -0.965909302 -0.258802533 0.00635445816
    outer loop
      vertex 0.0220495798 -0.0349580981 0.00171737373
      vertex 0.022659136 -0.0372752659 6.76356349e-09
      vertex 0.0226591378 -0.037230365 0.00182900298
    endloop
  endfacet
  facet normal -0.707008541 -0.706991911 0.0173570104
    outer loop
      vertex 0.0226591378 -0.037230365 0.00182900298
      vertex 0.022659136 -0.0372752659 6.76356349e-09
      vertex 0.0243245326 -0.0389407016 6.98525993e-09
    endloop
  endfacet
  facet normal -0.707009315 -0.706991136 0.017355565
    outer loop
      vertex 0.0226591378 -0.037230365 0.00182900298
      vertex 0.0243245326 -0.0389407016 6.98525993e-09
      vertex 0.0243245326 -0.0388937965 0.00191072118
    endloop
  endfacet
  facet normal -0.258757353 -0.965651333 0.0237052739
    outer loop
      vertex 0.0243245326 -0.0388937965 0.00191072118
      vertex 0.0243245326 -0.0389407016 6.98525993e-09
      vertex 0.0265995245 -0.0395503119 6.99360925e-09
    endloop
  endfacet
  facet normal -0.258757323 -0.965651453 0.0237053353
    outer loop
      vertex 0.0243245326 -0.0388937965 0.00191072118
      vertex 0.0265995245 -0.0395503119 6.99360925e-09
      vertex 0.0265995264 -0.0395026729 0.00194063189
    endloop
  endfacet
  facet normal 0.258735299 -0.965657294 -0.0237051249
    outer loop
      vertex 0.0265995245 -0.0395503119 6.99360925e-09
      vertex 0.0265995264 -0.0395026729 -0.00194060628
      vertex 0.0288745333 -0.0388938487 -0.00191069569
    endloop
  endfacet
  facet normal 0.258734941 -0.965657413 -0.0237055812
    outer loop
      vertex 0.0265995245 -0.0395503119 6.99360925e-09
      vertex 0.0288745333 -0.0388938487 -0.00191069569
      vertex 0.0288745333 -0.0389407538 6.78637324e-09
    endloop
  endfacet
  facet normal 0.706991196 -0.707009375 -0.0173561126
    outer loop
      vertex 0.0288745333 -0.0389407538 6.78637324e-09
      vertex 0.0288745333 -0.0388938487 -0.00191069569
      vertex 0.030539969 -0.0372304618 -0.00182897877
    endloop
  endfacet
  facet normal 0.706991136 -0.707009375 -0.017356148
    outer loop
      vertex 0.0288745333 -0.0389407538 6.78637324e-09
      vertex 0.030539969 -0.0372304618 -0.00182897877
      vertex 0.0305399671 -0.0372753628 6.41908127e-09
    endloop
  endfacet
  facet normal 0.965903223 -0.25882566 -0.00635309285
    outer loop
      vertex 0.0305399671 -0.0372753628 6.41908127e-09
      vertex 0.030539969 -0.0372304618 -0.00182897877
      vertex 0.0311495811 -0.0349582098 -0.00171735091
    endloop
  endfacet
  facet normal 0.965903163 -0.258825421 -0.00635280041
    outer loop
      vertex 0.0305399671 -0.0372753628 6.41908127e-09
      vertex 0.0311495811 -0.0349582098 -0.00171735091
      vertex 0.0311495792 -0.035000369 5.99014793e-09
    endloop
  endfacet
  facet normal 0.965909302 0.258802533 0.00635434873
    outer loop
      vertex 0.0311495792 -0.035000369 5.99014793e-09
      vertex 0.0311495811 -0.0349582098 -0.00171735091
      vertex 0.030540023 -0.0326859429 -0.00160572294
    endloop
  endfacet
  facet normal 0.9659096 0.258801758 0.00635303743
    outer loop
      vertex 0.0311495792 -0.035000369 5.99014793e-09
      vertex 0.030540023 -0.0326859429 -0.00160572294
      vertex 0.030540023 -0.0327253602 5.61450619e-09
    endloop
  endfacet
  facet normal 0.707009375 0.706991196 0.0173551645
    outer loop
      vertex 0.030540023 -0.0327253602 5.61450619e-09
      vertex 0.030540023 -0.0326859429 -0.00160572294
      vertex 0.0288746282 -0.0310225114 -0.00152400567
    endloop
  endfacet
  facet normal 0.707008481 0.706991911 0.0173568428
    outer loop
      vertex 0.030540023 -0.0327253602 5.61450619e-09
      vertex 0.0288746282 -0.0310225114 -0.00152400567
      vertex 0.0288746264 -0.0310599245 5.39280931e-09
    endloop
  endfacet
  facet normal 0.258758098 0.965651214 0.0237061791
    outer loop
      vertex 0.0288746264 -0.0310599245 5.39280931e-09
      vertex 0.0288746282 -0.0310225114 -0.00152400567
      vertex 0.0265996344 -0.0304136332 -0.00149409508
    endloop
  endfacet
  facet normal 0.258758128 0.965651155 0.0237061456
    outer loop
      vertex 0.0288746264 -0.0310599245 5.39280931e-09
      vertex 0.0265996344 -0.0304136332 -0.00149409508
      vertex 0.0265996344 -0.0304503124 5.38445999e-09
    endloop
  endfacet
  facet normal -0.258734584 0.965657532 0.0237062741
    outer loop
      vertex 0.0265996344 -0.0304503124 5.38445999e-09
      vertex 0.0265996344 -0.0304136332 -0.00149409508
      vertex 0.0243246276 -0.0310224555 -0.00152400543
    endloop
  endfacet
  facet normal -0.258734405 0.965657592 0.0237060264
    outer loop
      vertex 0.0265996344 -0.0304503124 5.38445999e-09
      vertex 0.0243246276 -0.0310224555 -0.00152400543
      vertex 0.0243246276 -0.0310598686 5.591696e-09
    endloop
  endfacet
  facet normal -0.706991971 0.707008481 0.0173564199
    outer loop
      vertex 0.0243246276 -0.0310598686 5.591696e-09
      vertex 0.0243246276 -0.0310224555 -0.00152400543
      vertex 0.0226591919 -0.0326858461 -0.00160572259
    endloop
  endfacet
  facet normal -0.706991613 0.707008958 0.017355632
    outer loop
      vertex 0.0243246276 -0.0310598686 5.591696e-09
      vertex 0.0226591919 -0.0326858461 -0.00160572259
      vertex 0.0226591919 -0.0327252634 5.95898841e-09
    endloop
  endfacet
  facet normal -0.965903163 0.25882563 0.00635363068
    outer loop
      vertex 0.0226591919 -0.0327252634 5.95898841e-09
      vertex 0.0226591919 -0.0326858461 -0.00160572259
      vertex 0.0220495798 -0.0349580981 -0.00171735045
    endloop
  endfacet
  facet normal -0.965903163 0.258825421 0.00635384116
    outer loop
      vertex 0.0226591919 -0.0327252634 5.95898841e-09
      vertex 0.0220495798 -0.0349580981 -0.00171735045
      vertex 0.0220495798 -0.0350002572 6.3879213e-09
    endloop
  endfacet
  facet normal -0.965909302 -0.258802623 -0.00635330332
    outer loop
      vertex 0.0220495798 -0.0350002572 6.3879213e-09
      vertex 0.0220495798 -0.0349580981 -0.00171735045
      vertex 0.0226591378 -0.037230365 -0.00182897842
    endloop
  endfacet
  facet normal -0.965909541 -0.258801728 -0.00635446794
    outer loop
      vertex 0.0220495798 -0.0350002572 6.3879213e-09
      vertex 0.0226591378 -0.037230365 -0.00182897842
      vertex 0.022659136 -0.0372752659 6.76356349e-09
    endloop
  endfacet
  facet normal -0.707009375 -0.706991136 -0.0173570961
    outer loop
      vertex 0.022659136 -0.0372752659 6.76356349e-09
      vertex 0.0226591378 -0.037230365 -0.00182897842
      vertex 0.0243245326 -0.0388937965 -0.00191069546
    endloop
  endfacet
  facet normal -0.707008541 -0.706991971 -0.017355673
    outer loop
      vertex 0.022659136 -0.0372752659 6.76356349e-09
      vertex 0.0243245326 -0.0388937965 -0.00191069546
      vertex 0.0243245326 -0.0389407016 6.98525993e-09
    endloop
  endfacet
  facet normal -0.258757353 -0.965651453 -0.023705421
    outer loop
      vertex 0.0243245326 -0.0389407016 6.98525993e-09
      vertex 0.0243245326 -0.0388937965 -0.00191069546
      vertex 0.0265995264 -0.0395026729 -0.00194060628
    endloop
  endfacet
  facet normal -0.258757412 -0.965651453 -0.0237054713
    outer loop
      vertex 0.0243245326 -0.0389407016 6.98525993e-09
      vertex 0.0265995264 -0.0395026729 -0.00194060628
      vertex 0.0265995245 -0.0395503119 6.99360925e-09
    endloop
  endfacet
  facet normal 0.258734912 -0.963331223 -0.0710579902
    outer loop
      vertex 0.0265995264 -0.0395026729 -0.00194060628
      vertex 0.0265995264 -0.0393598713 -0.00387656316
      vertex 0.0288745351 -0.0387532488 -0.00381681393
    endloop
  endfacet
  facet normal 0.258735359 -0.963331163 -0.0710573643
    outer loop
      vertex 0.0265995264 -0.0395026729 -0.00194060628
      vertex 0.0288745351 -0.0387532488 -0.00381681393
      vertex 0.0288745333 -0.0388938487 -0.00191069569
    endloop
  endfacet
  facet normal 0.706991673 -0.705305696 -0.0520243719
    outer loop
      vertex 0.0288745333 -0.0388938487 -0.00191069569
      vertex 0.0288745351 -0.0387532488 -0.00381681393
      vertex 0.030539969 -0.0370958745 -0.0036535752
    endloop
  endfacet
  facet normal 0.706991196 -0.705306172 -0.0520253591
    outer loop
      vertex 0.0288745333 -0.0388938487 -0.00191069569
      vertex 0.030539969 -0.0370958745 -0.0036535752
      vertex 0.030539969 -0.0372304618 -0.00182897877
    endloop
  endfacet
  facet normal 0.965903223 -0.258202136 -0.0190457031
    outer loop
      vertex 0.030539969 -0.0372304618 -0.00182897877
      vertex 0.030539969 -0.0370958745 -0.0036535752
      vertex 0.0311495811 -0.0348318368 -0.00343058701
    endloop
  endfacet
  facet normal 0.965903163 -0.258202076 -0.0190456975
    outer loop
      vertex 0.030539969 -0.0372304618 -0.00182897877
      vertex 0.0311495811 -0.0348318368 -0.00343058701
      vertex 0.0311495811 -0.0349582098 -0.00171735091
    endloop
  endfacet
  facet normal 0.9659096 0.258178055 0.0190439243
    outer loop
      vertex 0.0311495811 -0.0349582098 -0.00171735091
      vertex 0.0311495811 -0.0348318368 -0.00343058701
      vertex 0.0305400249 -0.0325677805 -0.00320759881
    endloop
  endfacet
  facet normal 0.965909302 0.258179069 0.0190457366
    outer loop
      vertex 0.0311495811 -0.0349582098 -0.00171735091
      vertex 0.0305400249 -0.0325677805 -0.00320759881
      vertex 0.030540023 -0.0326859429 -0.00160572294
    endloop
  endfacet
  facet normal 0.707008362 0.705289006 0.0520265102
    outer loop
      vertex 0.030540023 -0.0326859429 -0.00160572294
      vertex 0.0305400249 -0.0325677805 -0.00320759881
      vertex 0.0288746282 -0.0309103653 -0.00304436032
    endloop
  endfacet
  facet normal 0.707009315 0.705288053 0.0520242304
    outer loop
      vertex 0.030540023 -0.0326859429 -0.00160572294
      vertex 0.0288746282 -0.0309103653 -0.00304436032
      vertex 0.0288746282 -0.0310225114 -0.00152400567
    endloop
  endfacet
  facet normal 0.258758008 0.963324964 0.0710578784
    outer loop
      vertex 0.0288746282 -0.0310225114 -0.00152400567
      vertex 0.0288746282 -0.0309103653 -0.00304436032
      vertex 0.0265996363 -0.0303036887 -0.00298461039
    endloop
  endfacet
  facet normal 0.258758068 0.963325024 0.0710577965
    outer loop
      vertex 0.0288746282 -0.0310225114 -0.00152400567
      vertex 0.0265996363 -0.0303036887 -0.00298461039
      vertex 0.0265996344 -0.0304136332 -0.00149409508
    endloop
  endfacet
  facet normal -0.258734137 0.963331401 0.07105764
    outer loop
      vertex 0.0265996344 -0.0304136332 -0.00149409508
      vertex 0.0265996363 -0.0303036887 -0.00298461039
      vertex 0.0243246276 -0.0309103094 -0.00304436008
    endloop
  endfacet
  facet normal -0.258734614 0.963331282 0.0710583255
    outer loop
      vertex 0.0265996344 -0.0304136332 -0.00149409508
      vertex 0.0243246276 -0.0309103094 -0.00304436008
      vertex 0.0243246276 -0.0310224555 -0.00152400543
    endloop
  endfacet
  facet normal -0.706991673 0.705305636 0.052025564
    outer loop
      vertex 0.0243246276 -0.0310224555 -0.00152400543
      vertex 0.0243246276 -0.0309103094 -0.00304436008
      vertex 0.0226591937 -0.0325676836 -0.00320759858
    endloop
  endfacet
  facet normal -0.706991911 0.705305338 0.0520260818
    outer loop
      vertex 0.0243246276 -0.0310224555 -0.00152400543
      vertex 0.0226591937 -0.0325676836 -0.00320759858
      vertex 0.0226591919 -0.0326858461 -0.00160572259
    endloop
  endfacet
  facet normal -0.965903282 0.258201778 0.0190451443
    outer loop
      vertex 0.0226591919 -0.0326858461 -0.00160572259
      vertex 0.0226591937 -0.0325676836 -0.00320759858
      vertex 0.0220495816 -0.0348317251 -0.00343058677
    endloop
  endfacet
  facet normal -0.965903163 0.258202106 0.0190446563
    outer loop
      vertex 0.0226591919 -0.0326858461 -0.00160572259
      vertex 0.0220495816 -0.0348317251 -0.00343058677
      vertex 0.0220495798 -0.0349580981 -0.00171735045
    endloop
  endfacet
  facet normal -0.965909541 -0.258178353 -0.0190449953
    outer loop
      vertex 0.0220495798 -0.0349580981 -0.00171735045
      vertex 0.0220495816 -0.0348317251 -0.00343058677
      vertex 0.0226591378 -0.0370957777 -0.00365357497
    endloop
  endfacet
  facet normal -0.965909362 -0.258179188 -0.0190440211
    outer loop
      vertex 0.0220495798 -0.0349580981 -0.00171735045
      vertex 0.0226591378 -0.0370957777 -0.00365357497
      vertex 0.0226591378 -0.037230365 -0.00182897842
    endloop
  endfacet
  facet normal -0.707009137 -0.705288351 -0.0520240217
    outer loop
      vertex 0.0226591378 -0.037230365 -0.00182897842
      vertex 0.0226591378 -0.0370957777 -0.00365357497
      vertex 0.0243245345 -0.0387531966 -0.0038168137
    endloop
  endfacet
  facet normal -0.707009315 -0.705288053 -0.05202448
    outer loop
      vertex 0.0226591378 -0.037230365 -0.00182897842
      vertex 0.0243245345 -0.0387531966 -0.0038168137
      vertex 0.0243245326 -0.0388937965 -0.00191069546
    endloop
  endfacet
  facet normal -0.258757263 -0.963325202 -0.0710574612
    outer loop
      vertex 0.0243245326 -0.0388937965 -0.00191069546
      vertex 0.0243245345 -0.0387531966 -0.0038168137
      vertex 0.0265995264 -0.0393598713 -0.00387656316
    endloop
  endfacet
  facet normal -0.258757323 -0.963325202 -0.0710575432
    outer loop
      vertex 0.0243245326 -0.0388937965 -0.00191069546
      vertex 0.0265995264 -0.0393598713 -0.00387656316
      vertex 0.0265995264 -0.0395026729 -0.00194060628
    endloop
  endfacet
  facet normal 0.258735359 -0.95868367 -0.118243448
    outer loop
      vertex 0.0265995264 -0.0393598713 -0.00387656316
      vertex 0.0265995301 -0.0391222425 -0.00580318086
      vertex 0.028874537 -0.0385192819 -0.00571373664
    endloop
  endfacet
  facet normal 0.258734912 -0.958683789 -0.118243985
    outer loop
      vertex 0.0265995264 -0.0393598713 -0.00387656316
      vertex 0.028874537 -0.0385192819 -0.00571373664
      vertex 0.0288745351 -0.0387532488 -0.00381681393
    endloop
  endfacet
  facet normal 0.7069906 -0.701904237 -0.0865723267
    outer loop
      vertex 0.0288745351 -0.0387532488 -0.00381681393
      vertex 0.028874537 -0.0385192819 -0.00571373664
      vertex 0.0305399727 -0.0368719175 -0.00546937017
    endloop
  endfacet
  facet normal 0.706991792 -0.701903284 -0.086570099
    outer loop
      vertex 0.0288745351 -0.0387532488 -0.00381681393
      vertex 0.0305399727 -0.0368719175 -0.00546937017
      vertex 0.030539969 -0.0370958745 -0.0036535752
    endloop
  endfacet
  facet normal 0.965903163 -0.256956697 -0.0316906124
    outer loop
      vertex 0.030539969 -0.0370958745 -0.0036535752
      vertex 0.0305399727 -0.0368719175 -0.00546937017
      vertex 0.0311495848 -0.0346215479 -0.00513555901
    endloop
  endfacet
  facet normal 0.965903163 -0.256956697 -0.0316905752
    outer loop
      vertex 0.030539969 -0.0370958745 -0.0036535752
      vertex 0.0311495848 -0.0346215479 -0.00513555901
      vertex 0.0311495811 -0.0348318368 -0.00343058701
    endloop
  endfacet
  facet normal 0.965909362 0.256933302 0.0316919126
    outer loop
      vertex 0.0311495811 -0.0348318368 -0.00343058701
      vertex 0.0311495848 -0.0346215479 -0.00513555901
      vertex 0.0305400267 -0.0323711634 -0.00480174739
    endloop
  endfacet
  facet normal 0.9659096 0.256932497 0.0316903293
    outer loop
      vertex 0.0311495811 -0.0348318368 -0.00343058701
      vertex 0.0305400267 -0.0323711634 -0.00480174739
      vertex 0.0305400249 -0.0325677805 -0.00320759881
    endloop
  endfacet
  facet normal 0.707009077 0.701885879 0.0865691528
    outer loop
      vertex 0.0305400249 -0.0325677805 -0.00320759881
      vertex 0.0305400267 -0.0323711634 -0.00480174739
      vertex 0.0288746301 -0.0307237506 -0.00455738045
    endloop
  endfacet
  facet normal 0.707008243 0.701886594 0.0865710378
    outer loop
      vertex 0.0305400249 -0.0325677805 -0.00320759881
      vertex 0.0288746301 -0.0307237506 -0.00455738045
      vertex 0.0288746282 -0.0309103653 -0.00304436032
    endloop
  endfacet
  facet normal 0.258757472 0.958677888 0.118242882
    outer loop
      vertex 0.0288746282 -0.0309103653 -0.00304436032
      vertex 0.0288746301 -0.0307237506 -0.00455738045
      vertex 0.0265996382 -0.0301207379 -0.00446793577
    endloop
  endfacet
  facet normal 0.258758008 0.958677888 0.11824204
    outer loop
      vertex 0.0288746282 -0.0309103653 -0.00304436032
      vertex 0.0265996382 -0.0301207379 -0.00446793577
      vertex 0.0265996363 -0.0303036887 -0.00298461039
    endloop
  endfacet
  facet normal -0.258734643 0.958684087 0.118242167
    outer loop
      vertex 0.0265996363 -0.0303036887 -0.00298461039
      vertex 0.0265996382 -0.0301207379 -0.00446793577
      vertex 0.0243246313 -0.0307236966 -0.00455738045
    endloop
  endfacet
  facet normal -0.258734196 0.958684266 0.118241519
    outer loop
      vertex 0.0265996363 -0.0303036887 -0.00298461039
      vertex 0.0243246313 -0.0307236966 -0.00455738045
      vertex 0.0243246276 -0.0309103094 -0.00304436008
    endloop
  endfacet
  facet normal -0.706991732 0.701903403 0.0865695849
    outer loop
      vertex 0.0243246276 -0.0309103094 -0.00304436008
      vertex 0.0243246313 -0.0307236966 -0.00455738045
      vertex 0.0226591956 -0.0323710665 -0.00480174692
    endloop
  endfacet
  facet normal -0.706991792 0.701903403 0.0865696669
    outer loop
      vertex 0.0243246276 -0.0309103094 -0.00304436008
      vertex 0.0226591956 -0.0323710665 -0.00480174692
      vertex 0.0226591937 -0.0325676836 -0.00320759858
    endloop
  endfacet
  facet normal -0.965903223 0.256956667 0.0316910706
    outer loop
      vertex 0.0226591937 -0.0325676836 -0.00320759858
      vertex 0.0226591956 -0.0323710665 -0.00480174692
      vertex 0.0220495835 -0.0346214361 -0.00513555855
    endloop
  endfacet
  facet normal -0.965903282 0.25695619 0.0316915996
    outer loop
      vertex 0.0226591937 -0.0325676836 -0.00320759858
      vertex 0.0220495835 -0.0346214361 -0.00513555855
      vertex 0.0220495816 -0.0348317251 -0.00343058677
    endloop
  endfacet
  facet normal -0.965909362 -0.256933421 -0.0316908769
    outer loop
      vertex 0.0220495816 -0.0348317251 -0.00343058677
      vertex 0.0220495835 -0.0346214361 -0.00513555855
      vertex 0.0226591416 -0.0368718207 -0.00546937017
    endloop
  endfacet
  facet normal -0.9659096 -0.256932795 -0.0316916108
    outer loop
      vertex 0.0220495816 -0.0348317251 -0.00343058677
      vertex 0.0226591416 -0.0368718207 -0.00546937017
      vertex 0.0226591378 -0.0370957777 -0.00365357497
    endloop
  endfacet
  facet normal -0.70700866 -0.701886117 -0.086570859
    outer loop
      vertex 0.0226591378 -0.0370957777 -0.00365357497
      vertex 0.0226591416 -0.0368718207 -0.00546937017
      vertex 0.0243245363 -0.0385192297 -0.00571373617
    endloop
  endfacet
  facet normal -0.707009017 -0.70188576 -0.0865714476
    outer loop
      vertex 0.0226591378 -0.0370957777 -0.00365357497
      vertex 0.0243245363 -0.0385192297 -0.00571373617
      vertex 0.0243245345 -0.0387531966 -0.0038168137
    endloop
  endfacet
  facet normal -0.258757263 -0.958677709 -0.118243784
    outer loop
      vertex 0.0243245345 -0.0387531966 -0.0038168137
      vertex 0.0243245363 -0.0385192297 -0.00571373617
      vertex 0.0265995301 -0.0391222425 -0.00580318086
    endloop
  endfacet
  facet normal -0.258757204 -0.958677828 -0.118243717
    outer loop
      vertex 0.0243245345 -0.0387531966 -0.0038168137
      vertex 0.0265995301 -0.0391222425 -0.00580318086
      vertex 0.0265995264 -0.0393598713 -0.00387656316
    endloop
  endfacet
  facet normal 0.258734107 -0.951727867 -0.165138498
    outer loop
      vertex 0.0265995301 -0.0391222425 -0.00580318086
      vertex 0.0265995339 -0.0387903713 -0.00771581847
      vertex 0.0288745407 -0.0381925292 -0.00759689417
    endloop
  endfacet
  facet normal 0.258735448 -0.951727808 -0.165136814
    outer loop
      vertex 0.0265995301 -0.0391222425 -0.00580318086
      vertex 0.0288745407 -0.0381925292 -0.00759689417
      vertex 0.028874537 -0.0385192819 -0.00571373664
    endloop
  endfacet
  facet normal 0.706991613 -0.696810603 -0.120904431
    outer loop
      vertex 0.028874537 -0.0385192819 -0.00571373664
      vertex 0.0288745407 -0.0381925292 -0.00759689417
      vertex 0.0305399764 -0.0365591347 -0.00727198832
    endloop
  endfacet
  facet normal 0.7069906 -0.696811199 -0.120906331
    outer loop
      vertex 0.028874537 -0.0385192819 -0.00571373664
      vertex 0.0305399764 -0.0365591347 -0.00727198832
      vertex 0.0305399727 -0.0368719175 -0.00546937017
    endloop
  endfacet
  facet normal 0.965903282 -0.255092055 -0.0442605205
    outer loop
      vertex 0.0305399727 -0.0368719175 -0.00546937017
      vertex 0.0305399764 -0.0365591347 -0.00727198832
      vertex 0.0311495885 -0.0343278535 -0.00682815816
    endloop
  endfacet
  facet normal 0.965903103 -0.255092084 -0.0442606471
    outer loop
      vertex 0.0305399727 -0.0368719175 -0.00546937017
      vertex 0.0311495885 -0.0343278535 -0.00682815816
      vertex 0.0311495848 -0.0346215479 -0.00513555901
    endloop
  endfacet
  facet normal 0.965909302 0.255068988 0.0442608893
    outer loop
      vertex 0.0311495848 -0.0346215479 -0.00513555901
      vertex 0.0311495885 -0.0343278535 -0.00682815816
      vertex 0.0305400304 -0.032096561 -0.00638432754
    endloop
  endfacet
  facet normal 0.965909362 0.255068898 0.0442606993
    outer loop
      vertex 0.0311495848 -0.0346215479 -0.00513555901
      vertex 0.0305400304 -0.032096561 -0.00638432754
      vertex 0.0305400267 -0.0323711634 -0.00480174739
    endloop
  endfacet
  facet normal 0.707008958 0.696792662 0.120906055
    outer loop
      vertex 0.0305400267 -0.0323711634 -0.00480174739
      vertex 0.0305400304 -0.032096561 -0.00638432754
      vertex 0.0288746338 -0.0304631237 -0.00605942076
    endloop
  endfacet
  facet normal 0.707009017 0.696792603 0.120905928
    outer loop
      vertex 0.0305400267 -0.0323711634 -0.00480174739
      vertex 0.0288746338 -0.0304631237 -0.00605942076
      vertex 0.0288746301 -0.0307237506 -0.00455738045
    endloop
  endfacet
  facet normal 0.258757502 0.95172143 0.165138811
    outer loop
      vertex 0.0288746301 -0.0307237506 -0.00455738045
      vertex 0.0288746338 -0.0304631237 -0.00605942076
      vertex 0.0265996419 -0.0298652258 -0.00594049692
    endloop
  endfacet
  facet normal 0.258757383 0.951721489 0.165139034
    outer loop
      vertex 0.0288746301 -0.0307237506 -0.00455738045
      vertex 0.0265996419 -0.0298652258 -0.00594049692
      vertex 0.0265996382 -0.0301207379 -0.00446793577
    endloop
  endfacet
  facet normal -0.258734643 0.951727629 0.165138781
    outer loop
      vertex 0.0265996382 -0.0301207379 -0.00446793577
      vertex 0.0265996419 -0.0298652258 -0.00594049692
      vertex 0.0243246332 -0.0304630697 -0.00605942076
    endloop
  endfacet
  facet normal -0.258734733 0.951727569 0.165138945
    outer loop
      vertex 0.0265996382 -0.0301207379 -0.00446793577
      vertex 0.0243246332 -0.0304630697 -0.00605942076
      vertex 0.0243246313 -0.0307236966 -0.00455738045
    endloop
  endfacet
  facet normal -0.70699203 0.696809828 0.120906249
    outer loop
      vertex 0.0243246313 -0.0307236966 -0.00455738045
      vertex 0.0243246332 -0.0304630697 -0.00605942076
      vertex 0.0226591993 -0.0320964642 -0.00638432708
    endloop
  endfacet
  facet normal -0.706991851 0.696810186 0.120905779
    outer loop
      vertex 0.0243246313 -0.0307236966 -0.00455738045
      vertex 0.0226591993 -0.0320964642 -0.00638432708
      vertex 0.0226591956 -0.0323710665 -0.00480174692
    endloop
  endfacet
  facet normal -0.965903163 0.255092114 0.0442601852
    outer loop
      vertex 0.0226591956 -0.0323710665 -0.00480174692
      vertex 0.0226591993 -0.0320964642 -0.00638432708
      vertex 0.0220495872 -0.0343277454 -0.0068281577
    endloop
  endfacet
  facet normal -0.965903282 0.255092233 0.044260107
    outer loop
      vertex 0.0226591956 -0.0323710665 -0.00480174692
      vertex 0.0220495872 -0.0343277454 -0.0068281577
      vertex 0.0220495835 -0.0346214361 -0.00513555855
    endloop
  endfacet
  facet normal -0.965909302 -0.255069047 -0.0442603379
    outer loop
      vertex 0.0220495835 -0.0346214361 -0.00513555855
      vertex 0.0220495872 -0.0343277454 -0.0068281577
      vertex 0.0226591453 -0.0365590379 -0.00727198832
    endloop
  endfacet
  facet normal -0.965909362 -0.255068928 -0.0442605093
    outer loop
      vertex 0.0220495835 -0.0346214361 -0.00513555855
      vertex 0.0226591453 -0.0365590379 -0.00727198832
      vertex 0.0226591416 -0.0368718207 -0.00546937017
    endloop
  endfacet
  facet normal -0.707008898 -0.696792781 -0.120906048
    outer loop
      vertex 0.0226591416 -0.0368718207 -0.00546937017
      vertex 0.0226591453 -0.0365590379 -0.00727198832
      vertex 0.02432454 -0.0381924734 -0.0075968937
    endloop
  endfacet
  facet normal -0.70700866 -0.696793079 -0.120905578
    outer loop
      vertex 0.0226591416 -0.0368718207 -0.00546937017
      vertex 0.02432454 -0.0381924734 -0.0075968937
      vertex 0.0243245363 -0.0385192297 -0.00571373617
    endloop
  endfacet
  facet normal -0.258757323 -0.951721489 -0.165138617
    outer loop
      vertex 0.0243245363 -0.0385192297 -0.00571373617
      vertex 0.02432454 -0.0381924734 -0.0075968937
      vertex 0.0265995339 -0.0387903713 -0.00771581847
    endloop
  endfacet
  facet normal -0.258757174 -0.951721609 -0.165138423
    outer loop
      vertex 0.0243245363 -0.0385192297 -0.00571373617
      vertex 0.0265995339 -0.0387903713 -0.00771581847
      vertex 0.0265995301 -0.0391222425 -0.00580318086
    endloop
  endfacet
  facet normal 0.258733779 -0.94247824 -0.211640313
    outer loop
      vertex 0.0265995339 -0.0387903713 -0.00771581847
      vertex 0.0265995394 -0.0383650474 -0.00960986689
      vertex 0.0288745463 -0.0377737619 -0.00946175028
    endloop
  endfacet
  facet normal 0.258734256 -0.94247818 -0.211639717
    outer loop
      vertex 0.0265995339 -0.0387903713 -0.00771581847
      vertex 0.0288745463 -0.0377737619 -0.00946175028
      vertex 0.0288745407 -0.0381925292 -0.00759689417
    endloop
  endfacet
  facet normal 0.706992567 -0.690037429 -0.154950932
    outer loop
      vertex 0.0288745407 -0.0381925292 -0.00759689417
      vertex 0.0288745463 -0.0377737619 -0.00946175028
      vertex 0.0305399802 -0.0361582749 -0.00905708782
    endloop
  endfacet
  facet normal 0.706991732 -0.690038025 -0.154952645
    outer loop
      vertex 0.0288745407 -0.0381925292 -0.00759689417
      vertex 0.0305399802 -0.0361582749 -0.00905708782
      vertex 0.0305399764 -0.0365591347 -0.00727198832
    endloop
  endfacet
  facet normal 0.965903163 -0.252613127 -0.0567244887
    outer loop
      vertex 0.0305399764 -0.0365591347 -0.00727198832
      vertex 0.0305399802 -0.0361582749 -0.00905708782
      vertex 0.0311495923 -0.0339514613 -0.00850430783
    endloop
  endfacet
  facet normal 0.965903282 -0.252612919 -0.0567240193
    outer loop
      vertex 0.0305399764 -0.0365591347 -0.00727198832
      vertex 0.0311495923 -0.0339514613 -0.00850430783
      vertex 0.0311495885 -0.0343278535 -0.00682815816
    endloop
  endfacet
  facet normal 0.965909302 0.252589822 0.0567231141
    outer loop
      vertex 0.0311495885 -0.0343278535 -0.00682815816
      vertex 0.0311495923 -0.0339514613 -0.00850430783
      vertex 0.0305400342 -0.0317446329 -0.0079515269
    endloop
  endfacet
  facet normal 0.965909302 0.252590001 0.0567235723
    outer loop
      vertex 0.0311495885 -0.0343278535 -0.00682815816
      vertex 0.0305400342 -0.0317446329 -0.0079515269
      vertex 0.0305400304 -0.032096561 -0.00638432754
    endloop
  endfacet
  facet normal 0.70700866 0.69002074 0.154951811
    outer loop
      vertex 0.0305400304 -0.032096561 -0.00638432754
      vertex 0.0305400342 -0.0317446329 -0.0079515269
      vertex 0.0288746376 -0.0301291067 -0.00754686398
    endloop
  endfacet
  facet normal 0.707008898 0.69002068 0.154951274
    outer loop
      vertex 0.0305400304 -0.032096561 -0.00638432754
      vertex 0.0288746376 -0.0301291067 -0.00754686398
      vertex 0.0288746338 -0.0304631237 -0.00605942076
    endloop
  endfacet
  facet normal 0.25875774 0.942471743 0.211640045
    outer loop
      vertex 0.0288746338 -0.0304631237 -0.00605942076
      vertex 0.0288746376 -0.0301291067 -0.00754686398
      vertex 0.0265996456 -0.0295377634 -0.00739874737
    endloop
  endfacet
  facet normal 0.258757383 0.942471683 0.211640567
    outer loop
      vertex 0.0288746338 -0.0304631237 -0.00605942076
      vertex 0.0265996456 -0.0295377634 -0.00739874737
      vertex 0.0265996419 -0.0298652258 -0.00594049692
    endloop
  endfacet
  facet normal -0.258735031 0.942477822 0.211640626
    outer loop
      vertex 0.0265996419 -0.0298652258 -0.00594049692
      vertex 0.0265996456 -0.0295377634 -0.00739874737
      vertex 0.0243246369 -0.0301290527 -0.00754686398
    endloop
  endfacet
  facet normal -0.258734733 0.942478001 0.211640149
    outer loop
      vertex 0.0265996419 -0.0298652258 -0.00594049692
      vertex 0.0243246369 -0.0301290527 -0.00754686398
      vertex 0.0243246332 -0.0304630697 -0.00605942076
    endloop
  endfacet
  facet normal -0.706992626 0.69003731 0.154951483
    outer loop
      vertex 0.0243246332 -0.0304630697 -0.00605942076
      vertex 0.0243246369 -0.0301290527 -0.00754686398
      vertex 0.022659203 -0.0317445397 -0.0079515269
    endloop
  endfacet
  facet normal -0.706992149 0.690038025 0.154950663
    outer loop
      vertex 0.0243246332 -0.0304630697 -0.00605942076
      vertex 0.022659203 -0.0317445397 -0.0079515269
      vertex 0.0226591993 -0.0320964642 -0.00638432708
    endloop
  endfacet
  facet normal -0.965903223 0.252613336 0.0567235984
    outer loop
      vertex 0.0226591993 -0.0320964642 -0.00638432708
      vertex 0.022659203 -0.0317445397 -0.0079515269
      vertex 0.0220495909 -0.0339513533 -0.00850430783
    endloop
  endfacet
  facet normal -0.965903282 0.252612919 0.056723997
    outer loop
      vertex 0.0226591993 -0.0320964642 -0.00638432708
      vertex 0.0220495909 -0.0339513533 -0.00850430783
      vertex 0.0220495872 -0.0343277454 -0.0068281577
    endloop
  endfacet
  facet normal -0.965909302 -0.252589881 -0.0567231067
    outer loop
      vertex 0.0220495872 -0.0343277454 -0.0068281577
      vertex 0.0220495909 -0.0339513533 -0.00850430783
      vertex 0.022659149 -0.0361581817 -0.00905708689
    endloop
  endfacet
  facet normal -0.965909302 -0.252590179 -0.0567228906
    outer loop
      vertex 0.0220495872 -0.0343277454 -0.0068281577
      vertex 0.022659149 -0.0361581817 -0.00905708689
      vertex 0.0226591453 -0.0365590379 -0.00727198832
    endloop
  endfacet
  facet normal -0.707008302 -0.690021396 -0.154950529
    outer loop
      vertex 0.0226591453 -0.0365590379 -0.00727198832
      vertex 0.022659149 -0.0361581817 -0.00905708689
      vertex 0.0243245456 -0.037773706 -0.00946175028
    endloop
  endfacet
  facet normal -0.707008839 -0.69002074 -0.154951394
    outer loop
      vertex 0.0226591453 -0.0365590379 -0.00727198832
      vertex 0.0243245456 -0.037773706 -0.00946175028
      vertex 0.02432454 -0.0381924734 -0.0075968937
    endloop
  endfacet
  facet normal -0.258756787 -0.942472041 -0.211639836
    outer loop
      vertex 0.02432454 -0.0381924734 -0.0075968937
      vertex 0.0243245456 -0.037773706 -0.00946175028
      vertex 0.0265995394 -0.0383650474 -0.00960986689
    endloop
  endfacet
  facet normal -0.258757293 -0.942471743 -0.211640388
    outer loop
      vertex 0.02432454 -0.0381924734 -0.0075968937
      vertex 0.0265995394 -0.0383650474 -0.00960986689
      vertex 0.0265995339 -0.0387903713 -0.00771581847
    endloop
  endfacet
  facet normal 0.258734077 -0.930958509 -0.257629365
    outer loop
      vertex 0.0265995394 -0.0383650474 -0.00960986689
      vertex 0.026599545 -0.0378473066 -0.0114807477
      vertex 0.0288745519 -0.0372640006 -0.0113037955
    endloop
  endfacet
  facet normal 0.258733928 -0.930958509 -0.257629454
    outer loop
      vertex 0.0265995394 -0.0383650474 -0.00960986689
      vertex 0.0288745519 -0.0372640006 -0.0113037955
      vertex 0.0288745463 -0.0377737619 -0.00946175028
    endloop
  endfacet
  facet normal 0.706991732 -0.681604087 -0.188622639
    outer loop
      vertex 0.0288745463 -0.0377737619 -0.00946175028
      vertex 0.0288745519 -0.0372640006 -0.0113037955
      vertex 0.0305399876 -0.0356703177 -0.0108203515
    endloop
  endfacet
  facet normal 0.706992745 -0.681603611 -0.188620731
    outer loop
      vertex 0.0288745463 -0.0377737619 -0.00946175028
      vertex 0.0305399876 -0.0356703177 -0.0108203515
      vertex 0.0305399802 -0.0361582749 -0.00905708782
    endloop
  endfacet
  facet normal 0.965903461 -0.249525473 -0.0690483898
    outer loop
      vertex 0.0305399802 -0.0361582749 -0.00905708782
      vertex 0.0305399876 -0.0356703177 -0.0108203515
      vertex 0.0311495978 -0.0334932841 -0.0101599544
    endloop
  endfacet
  facet normal 0.965903163 -0.249525845 -0.069049567
    outer loop
      vertex 0.0305399802 -0.0361582749 -0.00905708782
      vertex 0.0311495978 -0.0334932841 -0.0101599544
      vertex 0.0311495923 -0.0339514613 -0.00850430783
    endloop
  endfacet
  facet normal 0.965909362 0.249501899 0.0690494403
    outer loop
      vertex 0.0311495923 -0.0339514613 -0.00850430783
      vertex 0.0311495978 -0.0334932841 -0.0101599544
      vertex 0.0305400398 -0.0313162357 -0.00949955638
    endloop
  endfacet
  facet normal 0.965909362 0.249502093 0.0690499619
    outer loop
      vertex 0.0311495923 -0.0339514613 -0.00850430783
      vertex 0.0305400398 -0.0313162357 -0.00949955638
      vertex 0.0305400342 -0.0317446329 -0.0079515269
    endloop
  endfacet
  facet normal 0.707008541 0.681586683 0.188622877
    outer loop
      vertex 0.0305400342 -0.0317446329 -0.0079515269
      vertex 0.0305400398 -0.0313162357 -0.00949955638
      vertex 0.0288746431 -0.0297225118 -0.00901611242
    endloop
  endfacet
  facet normal 0.7070086 0.681586683 0.188622728
    outer loop
      vertex 0.0305400342 -0.0317446329 -0.0079515269
      vertex 0.0288746431 -0.0297225118 -0.00901611242
      vertex 0.0288746376 -0.0301291067 -0.00754686398
    endloop
  endfacet
  facet normal 0.258757621 0.930952013 0.257629544
    outer loop
      vertex 0.0288746376 -0.0301291067 -0.00754686398
      vertex 0.0288746431 -0.0297225118 -0.00901611242
      vertex 0.0265996493 -0.0291391481 -0.00883915927
    endloop
  endfacet
  facet normal 0.258757561 0.930951953 0.257629544
    outer loop
      vertex 0.0288746376 -0.0301291067 -0.00754686398
      vertex 0.0265996493 -0.0291391481 -0.00883915927
      vertex 0.0265996456 -0.0295377634 -0.00739874737
    endloop
  endfacet
  facet normal -0.258735597 0.930958033 0.257629931
    outer loop
      vertex 0.0265996456 -0.0295377634 -0.00739874737
      vertex 0.0265996493 -0.0291391481 -0.00883915927
      vertex 0.0243246425 -0.0297224578 -0.00901611242
    endloop
  endfacet
  facet normal -0.25873521 0.930958271 0.257629305
    outer loop
      vertex 0.0265996456 -0.0295377634 -0.00739874737
      vertex 0.0243246425 -0.0297224578 -0.00901611242
      vertex 0.0243246369 -0.0301290527 -0.00754686398
    endloop
  endfacet
  facet normal -0.706992507 0.681603491 0.188621983
    outer loop
      vertex 0.0243246369 -0.0301290527 -0.00754686398
      vertex 0.0243246425 -0.0297224578 -0.00901611242
      vertex 0.0226592086 -0.0313161425 -0.00949955638
    endloop
  endfacet
  facet normal -0.706992745 0.681603193 0.1886224
    outer loop
      vertex 0.0243246369 -0.0301290527 -0.00754686398
      vertex 0.0226592086 -0.0313161425 -0.00949955638
      vertex 0.022659203 -0.0317445397 -0.0079515269
    endloop
  endfacet
  facet normal -0.965903163 0.2495258 0.0690495595
    outer loop
      vertex 0.022659203 -0.0317445397 -0.0079515269
      vertex 0.0226592086 -0.0313161425 -0.00949955638
      vertex 0.0220495965 -0.0334931761 -0.0101599544
    endloop
  endfacet
  facet normal -0.965903163 0.24952583 0.0690495372
    outer loop
      vertex 0.022659203 -0.0317445397 -0.0079515269
      vertex 0.0220495965 -0.0334931761 -0.0101599544
      vertex 0.0220495909 -0.0339513533 -0.00850430783
    endloop
  endfacet
  facet normal -0.965909183 -0.249502659 -0.0690496564
    outer loop
      vertex 0.0220495909 -0.0339513533 -0.00850430783
      vertex 0.0220495965 -0.0334931761 -0.0101599544
      vertex 0.0226591565 -0.0356702246 -0.0108203506
    endloop
  endfacet
  facet normal -0.965909302 -0.249502108 -0.0690501034
    outer loop
      vertex 0.0220495909 -0.0339513533 -0.00850430783
      vertex 0.0226591565 -0.0356702246 -0.0108203506
      vertex 0.022659149 -0.0361581817 -0.00905708689
    endloop
  endfacet
  facet normal -0.707008064 -0.681587219 -0.188622177
    outer loop
      vertex 0.022659149 -0.0361581817 -0.00905708689
      vertex 0.0226591565 -0.0356702246 -0.0108203506
      vertex 0.0243245512 -0.0372639447 -0.0113037946
    endloop
  endfacet
  facet normal -0.707008183 -0.6815871 -0.188622326
    outer loop
      vertex 0.022659149 -0.0361581817 -0.00905708689
      vertex 0.0243245512 -0.0372639447 -0.0113037946
      vertex 0.0243245456 -0.037773706 -0.00946175028
    endloop
  endfacet
  facet normal -0.258756876 -0.930952132 -0.257629424
    outer loop
      vertex 0.0243245456 -0.037773706 -0.00946175028
      vertex 0.0243245512 -0.0372639447 -0.0113037946
      vertex 0.026599545 -0.0378473066 -0.0114807477
    endloop
  endfacet
  facet normal -0.258756667 -0.930952311 -0.257629186
    outer loop
      vertex 0.0243245456 -0.037773706 -0.00946175028
      vertex 0.026599545 -0.0378473066 -0.0114807477
      vertex 0.0265995394 -0.0383650474 -0.00960986689
    endloop
  endfacet
  facet normal 0.258734733 -0.917195439 -0.302999645
    outer loop
      vertex 0.026599545 -0.0378473066 -0.0114807477
      vertex 0.0265995525 -0.0372383818 -0.0133239878
      vertex 0.0288745593 -0.0366644599 -0.0131186256
    endloop
  endfacet
  facet normal 0.258734226 -0.91719538 -0.303000361
    outer loop
      vertex 0.026599545 -0.0378473066 -0.0114807477
      vertex 0.0288745593 -0.0366644599 -0.0131186256
      vertex 0.0288745519 -0.0372640006 -0.0113037955
    endloop
  endfacet
  facet normal 0.706992149 -0.671527207 -0.221840426
    outer loop
      vertex 0.0288745519 -0.0372640006 -0.0113037955
      vertex 0.0288745593 -0.0366644599 -0.0131186256
      vertex 0.0305399932 -0.0350964181 -0.0125575652
    endloop
  endfacet
  facet normal 0.706991851 -0.671527445 -0.221841067
    outer loop
      vertex 0.0288745519 -0.0372640006 -0.0113037955
      vertex 0.0305399932 -0.0350964181 -0.0125575652
      vertex 0.0305399876 -0.0356703177 -0.0108203515
    endloop
  endfacet
  facet normal 0.965903342 -0.245836422 -0.0812105313
    outer loop
      vertex 0.0305399876 -0.0356703177 -0.0108203515
      vertex 0.0305399932 -0.0350964181 -0.0125575652
      vertex 0.0311496034 -0.0329544134 -0.0117911408
    endloop
  endfacet
  facet normal 0.965903401 -0.245836243 -0.0812099501
    outer loop
      vertex 0.0305399876 -0.0356703177 -0.0108203515
      vertex 0.0311496034 -0.0329544134 -0.0117911408
      vertex 0.0311495978 -0.0334932841 -0.0101599544
    endloop
  endfacet
  facet normal 0.965909362 0.245813251 0.0812089592
    outer loop
      vertex 0.0311495978 -0.0334932841 -0.0101599544
      vertex 0.0311496034 -0.0329544134 -0.0117911408
      vertex 0.0305400454 -0.030812392 -0.0110247154
    endloop
  endfacet
  facet normal 0.965909302 0.245813325 0.081209138
    outer loop
      vertex 0.0311495978 -0.0334932841 -0.0101599544
      vertex 0.0305400454 -0.030812392 -0.0110247154
      vertex 0.0305400398 -0.0313162357 -0.00949955638
    endloop
  endfacet
  facet normal 0.707008481 0.671510577 0.221839353
    outer loop
      vertex 0.0305400398 -0.0313162357 -0.00949955638
      vertex 0.0305400454 -0.030812392 -0.0110247154
      vertex 0.0288746487 -0.0292443093 -0.0104636541
    endloop
  endfacet
  facet normal 0.707008362 0.671510518 0.221839577
    outer loop
      vertex 0.0305400398 -0.0313162357 -0.00949955638
      vertex 0.0288746487 -0.0292443093 -0.0104636541
      vertex 0.0288746431 -0.0297225118 -0.00901611242
    endloop
  endfacet
  facet normal 0.258757144 0.91718936 0.30299902
    outer loop
      vertex 0.0288746431 -0.0297225118 -0.00901611242
      vertex 0.0288746487 -0.0292443093 -0.0104636541
      vertex 0.0265996549 -0.0286703315 -0.0102582918
    endloop
  endfacet
  facet normal 0.258757442 0.917189479 0.302998513
    outer loop
      vertex 0.0288746431 -0.0297225118 -0.00901611242
      vertex 0.0265996549 -0.0286703315 -0.0102582918
      vertex 0.0265996493 -0.0291391481 -0.00883915927
    endloop
  endfacet
  facet normal -0.258735418 0.917195618 0.302998543
    outer loop
      vertex 0.0265996493 -0.0291391481 -0.00883915927
      vertex 0.0265996549 -0.0286703315 -0.0102582918
      vertex 0.0243246481 -0.0292442553 -0.0104636541
    endloop
  endfacet
  facet normal -0.258735776 0.917195439 0.302999049
    outer loop
      vertex 0.0265996493 -0.0291391481 -0.00883915927
      vertex 0.0243246481 -0.0292442553 -0.0104636541
      vertex 0.0243246425 -0.0297224578 -0.00901611242
    endloop
  endfacet
  facet normal -0.706992209 0.671527445 0.221839666
    outer loop
      vertex 0.0243246425 -0.0297224578 -0.00901611242
      vertex 0.0243246481 -0.0292442553 -0.0104636541
      vertex 0.0226592142 -0.030812297 -0.0110247154
    endloop
  endfacet
  facet normal -0.706992626 0.67152679 0.221840352
    outer loop
      vertex 0.0243246425 -0.0297224578 -0.00901611242
      vertex 0.0226592142 -0.030812297 -0.0110247154
      vertex 0.0226592086 -0.0313161425 -0.00949955638
    endloop
  endfacet
  facet normal -0.965903461 0.245836228 0.0812099501
    outer loop
      vertex 0.0226592086 -0.0313161425 -0.00949955638
      vertex 0.0226592142 -0.030812297 -0.0110247154
      vertex 0.022049604 -0.0329543054 -0.0117911408
    endloop
  endfacet
  facet normal -0.965903282 0.245837241 0.0812091604
    outer loop
      vertex 0.0226592086 -0.0313161425 -0.00949955638
      vertex 0.022049604 -0.0329543054 -0.0117911408
      vertex 0.0220495965 -0.0334931761 -0.0101599544
    endloop
  endfacet
  facet normal -0.965909302 -0.245813131 -0.0812100247
    outer loop
      vertex 0.0220495965 -0.0334931761 -0.0101599544
      vertex 0.022049604 -0.0329543054 -0.0117911408
      vertex 0.0226591621 -0.035096325 -0.0125575643
    endloop
  endfacet
  facet normal -0.965909183 -0.245814115 -0.081209369
    outer loop
      vertex 0.0220495965 -0.0334931761 -0.0101599544
      vertex 0.0226591621 -0.035096325 -0.0125575643
      vertex 0.0226591565 -0.0356702246 -0.0108203506
    endloop
  endfacet
  facet normal -0.707007647 -0.671511114 -0.221840248
    outer loop
      vertex 0.0226591565 -0.0356702246 -0.0108203506
      vertex 0.0226591621 -0.035096325 -0.0125575643
      vertex 0.0243245587 -0.036664404 -0.0131186247
    endloop
  endfacet
  facet normal -0.707008064 -0.671510518 -0.221840709
    outer loop
      vertex 0.0226591565 -0.0356702246 -0.0108203506
      vertex 0.0243245587 -0.036664404 -0.0131186247
      vertex 0.0243245512 -0.0372639447 -0.0113037946
    endloop
  endfacet
  facet normal -0.258757263 -0.917188883 -0.303000271
    outer loop
      vertex 0.0243245512 -0.0372639447 -0.0113037946
      vertex 0.0243245587 -0.036664404 -0.0131186247
      vertex 0.0265995525 -0.0372383818 -0.0133239878
    endloop
  endfacet
  facet normal -0.258756727 -0.917189181 -0.302999645
    outer loop
      vertex 0.0243245512 -0.0372639447 -0.0113037946
      vertex 0.0265995525 -0.0372383818 -0.0133239878
      vertex 0.026599545 -0.0378473066 -0.0114807477
    endloop
  endfacet
  facet normal 0.258734196 -0.901223004 -0.347640187
    outer loop
      vertex 0.0265995525 -0.0372383818 -0.0133239878
      vertex 0.0265995599 -0.036539752 -0.0151351113
      vertex 0.0288745668 -0.0359765999 -0.0149018345
    endloop
  endfacet
  facet normal 0.258734941 -0.901223183 -0.347639263
    outer loop
      vertex 0.0265995525 -0.0372383818 -0.0133239878
      vertex 0.0288745668 -0.0359765999 -0.0149018345
      vertex 0.0288745593 -0.0366644599 -0.0131186256
    endloop
  endfacet
  facet normal 0.706992269 -0.659833312 -0.254522979
    outer loop
      vertex 0.0288745593 -0.0366644599 -0.0131186256
      vertex 0.0288745668 -0.0359765999 -0.0149018345
      vertex 0.0305400006 -0.0344379768 -0.0142645091
    endloop
  endfacet
  facet normal 0.706992269 -0.659833252 -0.25452289
    outer loop
      vertex 0.0288745593 -0.0366644599 -0.0131186256
      vertex 0.0305400006 -0.0344379768 -0.0142645091
      vertex 0.0305399932 -0.0350964181 -0.0125575652
    endloop
  endfacet
  facet normal 0.965903401 -0.241555795 -0.0931741968
    outer loop
      vertex 0.0305399932 -0.0350964181 -0.0125575652
      vertex 0.0305400006 -0.0344379768 -0.0142645091
      vertex 0.0311496109 -0.0323361568 -0.013393905
    endloop
  endfacet
  facet normal 0.965903342 -0.24155578 -0.0931741893
    outer loop
      vertex 0.0305399932 -0.0350964181 -0.0125575652
      vertex 0.0311496109 -0.0323361568 -0.013393905
      vertex 0.0311496034 -0.0329544134 -0.0117911408
    endloop
  endfacet
  facet normal 0.965909123 0.241532758 0.0931742936
    outer loop
      vertex 0.0311496034 -0.0329544134 -0.0117911408
      vertex 0.0311496109 -0.0323361568 -0.013393905
      vertex 0.0305400509 -0.0302343238 -0.0125233
    endloop
  endfacet
  facet normal 0.965909362 0.24153246 0.0931730121
    outer loop
      vertex 0.0311496034 -0.0329544134 -0.0117911408
      vertex 0.0305400509 -0.0302343238 -0.0125233
      vertex 0.0305400454 -0.030812392 -0.0110247154
    endloop
  endfacet
  facet normal 0.707008362 0.659816325 0.254522026
    outer loop
      vertex 0.0305400454 -0.030812392 -0.0110247154
      vertex 0.0305400509 -0.0302343238 -0.0125233
      vertex 0.0288746543 -0.0286956597 -0.0118859736
    endloop
  endfacet
  facet normal 0.707008302 0.659816384 0.254522234
    outer loop
      vertex 0.0305400454 -0.030812392 -0.0110247154
      vertex 0.0288746543 -0.0286956597 -0.0118859736
      vertex 0.0288746487 -0.0292443093 -0.0104636541
    endloop
  endfacet
  facet normal 0.258757144 0.901216924 0.347639024
    outer loop
      vertex 0.0288746487 -0.0292443093 -0.0104636541
      vertex 0.0288746543 -0.0286956597 -0.0118859736
      vertex 0.0265996624 -0.0281324498 -0.0116526969
    endloop
  endfacet
  facet normal 0.258756936 0.901216865 0.347639263
    outer loop
      vertex 0.0288746487 -0.0292443093 -0.0104636541
      vertex 0.0265996624 -0.0281324498 -0.0116526969
      vertex 0.0265996549 -0.0286703315 -0.0102582918
    endloop
  endfacet
  facet normal -0.258735567 0.901223123 0.347638875
    outer loop
      vertex 0.0265996549 -0.0286703315 -0.0102582918
      vertex 0.0265996624 -0.0281324498 -0.0116526969
      vertex 0.0243246555 -0.0286956057 -0.0118859736
    endloop
  endfacet
  facet normal -0.258735597 0.901223004 0.347638965
    outer loop
      vertex 0.0265996549 -0.0286703315 -0.0102582918
      vertex 0.0243246555 -0.0286956057 -0.0118859736
      vertex 0.0243246481 -0.0292442553 -0.0104636541
    endloop
  endfacet
  facet normal -0.706991911 0.659833848 0.254522473
    outer loop
      vertex 0.0243246481 -0.0292442553 -0.0104636541
      vertex 0.0243246555 -0.0286956057 -0.0118859736
      vertex 0.0226592198 -0.0302342288 -0.0125233
    endloop
  endfacet
  facet normal -0.706992388 0.659833133 0.254523188
    outer loop
      vertex 0.0243246481 -0.0292442553 -0.0104636541
      vertex 0.0226592198 -0.0302342288 -0.0125233
      vertex 0.0226592142 -0.030812297 -0.0110247154
    endloop
  endfacet
  facet normal -0.96590364 0.241554856 0.0931744426
    outer loop
      vertex 0.0226592142 -0.030812297 -0.0110247154
      vertex 0.0226592198 -0.0302342288 -0.0125233
      vertex 0.0220496114 -0.0323360488 -0.013393905
    endloop
  endfacet
  facet normal -0.965903521 0.241555423 0.0931740552
    outer loop
      vertex 0.0226592142 -0.030812297 -0.0110247154
      vertex 0.0220496114 -0.0323360488 -0.013393905
      vertex 0.022049604 -0.0329543054 -0.0117911408
    endloop
  endfacet
  facet normal -0.965909362 -0.241531923 -0.0931739733
    outer loop
      vertex 0.022049604 -0.0329543054 -0.0117911408
      vertex 0.0220496114 -0.0323360488 -0.013393905
      vertex 0.0226591695 -0.0344378836 -0.0142645091
    endloop
  endfacet
  facet normal -0.965909183 -0.24153249 -0.0931735933
    outer loop
      vertex 0.022049604 -0.0329543054 -0.0117911408
      vertex 0.0226591695 -0.0344378836 -0.0142645091
      vertex 0.0226591621 -0.035096325 -0.0125575643
    endloop
  endfacet
  facet normal -0.70700717 -0.659817457 -0.2545228
    outer loop
      vertex 0.0226591621 -0.035096325 -0.0125575643
      vertex 0.0226591695 -0.0344378836 -0.0142645091
      vertex 0.024324568 -0.035976544 -0.0149018336
    endloop
  endfacet
  facet normal -0.707007468 -0.659816921 -0.254523277
    outer loop
      vertex 0.0226591621 -0.035096325 -0.0125575643
      vertex 0.024324568 -0.035976544 -0.0149018336
      vertex 0.0243245587 -0.036664404 -0.0131186247
    endloop
  endfacet
  facet normal -0.258756548 -0.901216924 -0.347639263
    outer loop
      vertex 0.0243245587 -0.036664404 -0.0131186247
      vertex 0.024324568 -0.035976544 -0.0149018336
      vertex 0.0265995599 -0.036539752 -0.0151351113
    endloop
  endfacet
  facet normal -0.258757085 -0.901216626 -0.347639859
    outer loop
      vertex 0.0243245587 -0.036664404 -0.0131186247
      vertex 0.0265995599 -0.036539752 -0.0151351113
      vertex 0.0265995525 -0.0372383818 -0.0133239878
    endloop
  endfacet
  facet normal 0.258734137 -0.883080542 -0.391440153
    outer loop
      vertex 0.0265995599 -0.036539752 -0.0151351113
      vertex 0.0265995692 -0.0357530937 -0.0169097893
      vertex 0.0288745761 -0.0352020673 -0.0166491587
    endloop
  endfacet
  facet normal 0.258734375 -0.883080602 -0.391439825
    outer loop
      vertex 0.0265995599 -0.036539752 -0.0151351113
      vertex 0.0288745761 -0.0352020673 -0.0166491587
      vertex 0.0288745668 -0.0359765999 -0.0149018345
    endloop
  endfacet
  facet normal 0.706992328 -0.646550357 -0.286591202
    outer loop
      vertex 0.0288745668 -0.0359765999 -0.0149018345
      vertex 0.0288745761 -0.0352020673 -0.0166491587
      vertex 0.03054001 -0.0336965695 -0.015937103
    endloop
  endfacet
  facet normal 0.706992328 -0.646550298 -0.286591053
    outer loop
      vertex 0.0288745668 -0.0359765999 -0.0149018345
      vertex 0.03054001 -0.0336965695 -0.015937103
      vertex 0.0305400006 -0.0344379768 -0.0142645091
    endloop
  endfacet
  facet normal 0.965903401 -0.23669368 -0.104913346
    outer loop
      vertex 0.0305400006 -0.0344379768 -0.0142645091
      vertex 0.03054001 -0.0336965695 -0.015937103
      vertex 0.0311496202 -0.0316400006 -0.0149644166
    endloop
  endfacet
  facet normal 0.965903461 -0.236693501 -0.104912721
    outer loop
      vertex 0.0305400006 -0.0344379768 -0.0142645091
      vertex 0.0311496202 -0.0316400006 -0.0149644166
      vertex 0.0311496109 -0.0323361568 -0.013393905
    endloop
  endfacet
  facet normal 0.965909183 0.236669689 0.104913615
    outer loop
      vertex 0.0311496109 -0.0323361568 -0.013393905
      vertex 0.0311496202 -0.0316400006 -0.0149644166
      vertex 0.0305400603 -0.029583415 -0.0139917294
    endloop
  endfacet
  facet normal 0.965909064 0.236669809 0.104914457
    outer loop
      vertex 0.0311496109 -0.0323361568 -0.013393905
      vertex 0.0305400603 -0.029583415 -0.0139917294
      vertex 0.0305400509 -0.0302343238 -0.0125233
    endloop
  endfacet
  facet normal 0.707007945 0.646532774 0.286592245
    outer loop
      vertex 0.0305400509 -0.0302343238 -0.0125233
      vertex 0.0305400603 -0.029583415 -0.0139917294
      vertex 0.0288746618 -0.0280778762 -0.0132796727
    endloop
  endfacet
  facet normal 0.707008302 0.646532714 0.286591679
    outer loop
      vertex 0.0305400509 -0.0302343238 -0.0125233
      vertex 0.0288746618 -0.0280778762 -0.0132796727
      vertex 0.0288746543 -0.0286956597 -0.0118859736
    endloop
  endfacet
  facet normal 0.258756429 0.883073807 0.3914406
    outer loop
      vertex 0.0288746543 -0.0286956597 -0.0118859736
      vertex 0.0288746618 -0.0280778762 -0.0132796727
      vertex 0.026599668 -0.0275267921 -0.0130190421
    endloop
  endfacet
  facet normal 0.258756876 0.883073986 0.391439855
    outer loop
      vertex 0.0288746543 -0.0286956597 -0.0118859736
      vertex 0.026599668 -0.0275267921 -0.0130190421
      vertex 0.0265996624 -0.0281324498 -0.0116526969
    endloop
  endfacet
  facet normal -0.258735478 0.883080065 0.391440421
    outer loop
      vertex 0.0265996624 -0.0281324498 -0.0116526969
      vertex 0.026599668 -0.0275267921 -0.0130190421
      vertex 0.0243246611 -0.0280778222 -0.0132796727
    endloop
  endfacet
  facet normal -0.258735776 0.883079827 0.391440809
    outer loop
      vertex 0.0265996624 -0.0281324498 -0.0116526969
      vertex 0.0243246611 -0.0280778222 -0.0132796727
      vertex 0.0243246555 -0.0286956057 -0.0118859736
    endloop
  endfacet
  facet normal -0.706992865 0.646549284 0.286592394
    outer loop
      vertex 0.0243246555 -0.0286956057 -0.0118859736
      vertex 0.0243246611 -0.0280778222 -0.0132796727
      vertex 0.0226592291 -0.02958332 -0.0139917294
    endloop
  endfacet
  facet normal -0.70699203 0.646550655 0.286591172
    outer loop
      vertex 0.0243246555 -0.0286956057 -0.0118859736
      vertex 0.0226592291 -0.02958332 -0.0139917294
      vertex 0.0226592198 -0.0302342288 -0.0125233
    endloop
  endfacet
  facet normal -0.965903461 0.236693516 0.104912698
    outer loop
      vertex 0.0226592198 -0.0302342288 -0.0125233
      vertex 0.0226592291 -0.02958332 -0.0139917294
      vertex 0.0220496189 -0.0316398926 -0.0149644166
    endloop
  endfacet
  facet normal -0.965903699 0.236692414 0.104913376
    outer loop
      vertex 0.0226592198 -0.0302342288 -0.0125233
      vertex 0.0220496189 -0.0316398926 -0.0149644166
      vertex 0.0220496114 -0.0323360488 -0.013393905
    endloop
  endfacet
  facet normal -0.965909183 -0.236670315 -0.104912765
    outer loop
      vertex 0.0220496114 -0.0323360488 -0.013393905
      vertex 0.0220496189 -0.0316398926 -0.0149644166
      vertex 0.0226591788 -0.0336964764 -0.015937103
    endloop
  endfacet
  facet normal -0.965909302 -0.236669347 -0.104913302
    outer loop
      vertex 0.0220496114 -0.0323360488 -0.013393905
      vertex 0.0226591788 -0.0336964764 -0.015937103
      vertex 0.0226591695 -0.0344378836 -0.0142645091
    endloop
  endfacet
  facet normal -0.70700717 -0.646533847 -0.286591709
    outer loop
      vertex 0.0226591695 -0.0344378836 -0.0142645091
      vertex 0.0226591788 -0.0336964764 -0.015937103
      vertex 0.0243245773 -0.0352020115 -0.0166491587
    endloop
  endfacet
  facet normal -0.707006991 -0.646534204 -0.28659144
    outer loop
      vertex 0.0226591695 -0.0344378836 -0.0142645091
      vertex 0.0243245773 -0.0352020115 -0.0166491587
      vertex 0.024324568 -0.035976544 -0.0149018336
    endloop
  endfacet
  facet normal -0.258755982 -0.883074403 -0.391439646
    outer loop
      vertex 0.024324568 -0.035976544 -0.0149018336
      vertex 0.0243245773 -0.0352020115 -0.0166491587
      vertex 0.0265995692 -0.0357530937 -0.0169097893
    endloop
  endfacet
  facet normal -0.25875634 -0.883074105 -0.391440064
    outer loop
      vertex 0.024324568 -0.035976544 -0.0149018336
      vertex 0.0265995692 -0.0357530937 -0.0169097893
      vertex 0.0265995599 -0.036539752 -0.0151351113
    endloop
  endfacet
  facet normal 0.258735806 -0.862809658 -0.434298635
    outer loop
      vertex 0.0265995692 -0.0357530937 -0.0169097893
      vertex 0.0265995804 -0.0348803028 -0.0186437331
      vertex 0.0288745873 -0.0343427248 -0.0183563773
    endloop
  endfacet
  facet normal 0.258734405 -0.862809241 -0.434300423
    outer loop
      vertex 0.0265995692 -0.0357530937 -0.0169097893
      vertex 0.0288745873 -0.0343427248 -0.0183563773
      vertex 0.0288745761 -0.0352020673 -0.0166491587
    endloop
  endfacet
  facet normal 0.706992507 -0.631708741 -0.31797114
    outer loop
      vertex 0.0288745761 -0.0352020673 -0.0166491587
      vertex 0.0288745873 -0.0343427248 -0.0183563773
      vertex 0.0305400193 -0.0328739807 -0.0175713077
    endloop
  endfacet
  facet normal 0.706992507 -0.631708682 -0.317971081
    outer loop
      vertex 0.0288745761 -0.0352020673 -0.0166491587
      vertex 0.0305400193 -0.0328739807 -0.0175713077
      vertex 0.03054001 -0.0336965695 -0.015937103
    endloop
  endfacet
  facet normal 0.965903401 -0.231260434 -0.116401121
    outer loop
      vertex 0.03054001 -0.0336965695 -0.015937103
      vertex 0.0305400193 -0.0328739807 -0.0175713077
      vertex 0.0311496295 -0.0308676157 -0.0164988805
    endloop
  endfacet
  facet normal 0.965903401 -0.231260434 -0.116400965
    outer loop
      vertex 0.03054001 -0.0336965695 -0.015937103
      vertex 0.0311496295 -0.0308676157 -0.0164988805
      vertex 0.0311496202 -0.0316400006 -0.0149644166
    endloop
  endfacet
  facet normal 0.965908945 0.231237084 0.116400942
    outer loop
      vertex 0.0311496202 -0.0316400006 -0.0149644166
      vertex 0.0311496295 -0.0308676157 -0.0164988805
      vertex 0.0305400677 -0.0288612358 -0.0154264513
    endloop
  endfacet
  facet normal 0.965909183 0.231236994 0.11640007
    outer loop
      vertex 0.0311496202 -0.0316400006 -0.0149644166
      vertex 0.0305400677 -0.0288612358 -0.0154264513
      vertex 0.0305400603 -0.029583415 -0.0139917294
    endloop
  endfacet
  facet normal 0.707008123 0.631691515 0.317970872
    outer loop
      vertex 0.0305400603 -0.029583415 -0.0139917294
      vertex 0.0305400677 -0.0288612358 -0.0154264513
      vertex 0.0288746711 -0.0273924507 -0.0146413799
    endloop
  endfacet
  facet normal 0.707007825 0.631691456 0.317971468
    outer loop
      vertex 0.0305400603 -0.029583415 -0.0139917294
      vertex 0.0288746711 -0.0273924507 -0.0146413799
      vertex 0.0288746618 -0.0280778762 -0.0132796727
    endloop
  endfacet
  facet normal 0.25875634 0.862802804 0.434299976
    outer loop
      vertex 0.0288746618 -0.0280778762 -0.0132796727
      vertex 0.0288746711 -0.0273924507 -0.0146413799
      vertex 0.0265996773 -0.0268548187 -0.0143540241
    endloop
  endfacet
  facet normal 0.258756191 0.862802744 0.434300214
    outer loop
      vertex 0.0288746618 -0.0280778762 -0.0132796727
      vertex 0.0265996773 -0.0268548187 -0.0143540241
      vertex 0.026599668 -0.0275267921 -0.0130190421
    endloop
  endfacet
  facet normal -0.258735836 0.862809002 0.434299737
    outer loop
      vertex 0.026599668 -0.0275267921 -0.0130190421
      vertex 0.0265996773 -0.0268548187 -0.0143540241
      vertex 0.0243246704 -0.0273923967 -0.0146413799
    endloop
  endfacet
  facet normal -0.258735687 0.862809122 0.434299618
    outer loop
      vertex 0.026599668 -0.0275267921 -0.0130190421
      vertex 0.0243246704 -0.0273923967 -0.0146413799
      vertex 0.0243246611 -0.0280778222 -0.0132796727
    endloop
  endfacet
  facet normal -0.706992328 0.631709218 0.317970693
    outer loop
      vertex 0.0243246611 -0.0280778222 -0.0132796727
      vertex 0.0243246704 -0.0273923967 -0.0146413799
      vertex 0.0226592366 -0.0288611408 -0.0154264513
    endloop
  endfacet
  facet normal -0.706993043 0.631707907 0.317971766
    outer loop
      vertex 0.0243246611 -0.0280778222 -0.0132796727
      vertex 0.0226592366 -0.0288611408 -0.0154264513
      vertex 0.0226592291 -0.02958332 -0.0139917294
    endloop
  endfacet
  facet normal -0.965903699 0.23125951 0.116401374
    outer loop
      vertex 0.0226592291 -0.02958332 -0.0139917294
      vertex 0.0226592366 -0.0288611408 -0.0154264513
      vertex 0.0220496282 -0.0308675058 -0.0164988786
    endloop
  endfacet
  facet normal -0.96590358 0.231259942 0.116401143
    outer loop
      vertex 0.0226592291 -0.02958332 -0.0139917294
      vertex 0.0220496282 -0.0308675058 -0.0164988786
      vertex 0.0220496189 -0.0316398926 -0.0149644166
    endloop
  endfacet
  facet normal -0.965909183 -0.23123616 -0.11640089
    outer loop
      vertex 0.0220496189 -0.0316398926 -0.0149644166
      vertex 0.0220496282 -0.0308675058 -0.0164988786
      vertex 0.0226591881 -0.0328738876 -0.0175713059
    endloop
  endfacet
  facet normal -0.965909064 -0.231237054 -0.116400465
    outer loop
      vertex 0.0220496189 -0.0316398926 -0.0149644166
      vertex 0.0226591881 -0.0328738876 -0.0175713059
      vertex 0.0226591788 -0.0336964764 -0.015937103
    endloop
  endfacet
  facet normal -0.707006991 -0.631692469 -0.317971379
    outer loop
      vertex 0.0226591788 -0.0336964764 -0.015937103
      vertex 0.0226591881 -0.0328738876 -0.0175713059
      vertex 0.0243245866 -0.034342669 -0.0183563773
    endloop
  endfacet
  facet normal -0.707006991 -0.63169235 -0.317971379
    outer loop
      vertex 0.0226591788 -0.0336964764 -0.015937103
      vertex 0.0243245866 -0.034342669 -0.0183563773
      vertex 0.0243245773 -0.0352020115 -0.0166491587
    endloop
  endfacet
  facet normal -0.258756995 -0.862802446 -0.434300154
    outer loop
      vertex 0.0243245773 -0.0352020115 -0.0166491587
      vertex 0.0243245866 -0.034342669 -0.0183563773
      vertex 0.0265995804 -0.0348803028 -0.0186437331
    endloop
  endfacet
  facet normal -0.258755744 -0.862803519 -0.434298873
    outer loop
      vertex 0.0243245773 -0.0352020115 -0.0166491587
      vertex 0.0265995804 -0.0348803028 -0.0186437331
      vertex 0.0265995692 -0.0357530937 -0.0169097893
    endloop
  endfacet
  facet normal 0.258734316 -0.840459049 -0.476114631
    outer loop
      vertex 0.0265995804 -0.0348803028 -0.0186437331
      vertex 0.0265995916 -0.0339234769 -0.0203327592
      vertex 0.0288745984 -0.0334006511 -0.0200193711
    endloop
  endfacet
  facet normal 0.258736104 -0.840459764 -0.476112545
    outer loop
      vertex 0.0265995804 -0.0348803028 -0.0186437331
      vertex 0.0288745984 -0.0334006511 -0.0200193711
      vertex 0.0288745873 -0.0343427248 -0.0183563773
    endloop
  endfacet
  facet normal 0.706992924 -0.615345538 -0.348583996
    outer loop
      vertex 0.0288745873 -0.0343427248 -0.0183563773
      vertex 0.0288745984 -0.0334006511 -0.0200193711
      vertex 0.0305400304 -0.031972196 -0.0191631783
    endloop
  endfacet
  facet normal 0.706992686 -0.615345597 -0.348584473
    outer loop
      vertex 0.0288745873 -0.0343427248 -0.0183563773
      vertex 0.0305400304 -0.031972196 -0.0191631783
      vertex 0.0305400193 -0.0328739807 -0.0175713077
    endloop
  endfacet
  facet normal 0.96590358 -0.225270182 -0.127607375
    outer loop
      vertex 0.0305400193 -0.0328739807 -0.0175713077
      vertex 0.0305400304 -0.031972196 -0.0191631783
      vertex 0.0311496388 -0.0300208703 -0.0179935955
    endloop
  endfacet
  facet normal 0.965903521 -0.225270256 -0.127607986
    outer loop
      vertex 0.0305400193 -0.0328739807 -0.0175713077
      vertex 0.0311496388 -0.0300208703 -0.0179935955
      vertex 0.0311496295 -0.0308676157 -0.0164988805
    endloop
  endfacet
  facet normal 0.965909064 0.225247249 0.127606988
    outer loop
      vertex 0.0311496295 -0.0308676157 -0.0164988805
      vertex 0.0311496388 -0.0300208703 -0.0179935955
      vertex 0.030540077 -0.0280695297 -0.0168240108
    endloop
  endfacet
  facet normal 0.965908885 0.225247234 0.127607167
    outer loop
      vertex 0.0311496295 -0.0308676157 -0.0164988805
      vertex 0.030540077 -0.0280695297 -0.0168240108
      vertex 0.0305400677 -0.0288612358 -0.0154264513
    endloop
  endfacet
  facet normal 0.707007885 0.61532867 0.34858343
    outer loop
      vertex 0.0305400677 -0.0288612358 -0.0154264513
      vertex 0.030540077 -0.0280695297 -0.0168240108
      vertex 0.0288746785 -0.0266410336 -0.0159678161
    endloop
  endfacet
  facet normal 0.707007885 0.61532867 0.348583549
    outer loop
      vertex 0.0305400677 -0.0288612358 -0.0154264513
      vertex 0.0288746785 -0.0266410336 -0.0159678161
      vertex 0.0288746711 -0.0273924507 -0.0146413799
    endloop
  endfacet
  facet normal 0.258756012 0.840453446 0.476112664
    outer loop
      vertex 0.0288746711 -0.0273924507 -0.0146413799
      vertex 0.0288746785 -0.0266410336 -0.0159678161
      vertex 0.0265996847 -0.02611815 -0.0156544261
    endloop
  endfacet
  facet normal 0.258756071 0.840453565 0.476112574
    outer loop
      vertex 0.0288746711 -0.0273924507 -0.0146413799
      vertex 0.0265996847 -0.02611815 -0.0156544261
      vertex 0.0265996773 -0.0268548187 -0.0143540241
    endloop
  endfacet
  facet normal -0.258736193 0.840459466 0.476112962
    outer loop
      vertex 0.0265996773 -0.0268548187 -0.0143540241
      vertex 0.0265996847 -0.02611815 -0.0156544261
      vertex 0.0243246797 -0.0266409796 -0.0159678161
    endloop
  endfacet
  facet normal -0.258736104 0.840459585 0.476112872
    outer loop
      vertex 0.0265996773 -0.0268548187 -0.0143540241
      vertex 0.0243246797 -0.0266409796 -0.0159678161
      vertex 0.0243246704 -0.0273923967 -0.0146413799
    endloop
  endfacet
  facet normal -0.706992745 0.615345657 0.348584235
    outer loop
      vertex 0.0243246704 -0.0273923967 -0.0146413799
      vertex 0.0243246797 -0.0266409796 -0.0159678161
      vertex 0.0226592459 -0.0280694347 -0.0168240108
    endloop
  endfacet
  facet normal -0.706992447 0.615346074 0.348583877
    outer loop
      vertex 0.0243246704 -0.0273923967 -0.0146413799
      vertex 0.0226592459 -0.0280694347 -0.0168240108
      vertex 0.0226592366 -0.0288611408 -0.0154264513
    endloop
  endfacet
  facet normal -0.96590358 0.225270063 0.127607226
    outer loop
      vertex 0.0226592366 -0.0288611408 -0.0154264513
      vertex 0.0226592459 -0.0280694347 -0.0168240108
      vertex 0.0220496375 -0.0300207622 -0.0179935936
    endloop
  endfacet
  facet normal -0.965903699 0.225269735 0.12760742
    outer loop
      vertex 0.0226592366 -0.0288611408 -0.0154264513
      vertex 0.0220496375 -0.0300207622 -0.0179935936
      vertex 0.0220496282 -0.0308675058 -0.0164988786
    endloop
  endfacet
  facet normal -0.965909004 -0.225247458 -0.127606824
    outer loop
      vertex 0.0220496282 -0.0308675058 -0.0164988786
      vertex 0.0220496375 -0.0300207622 -0.0179935936
      vertex 0.0226591993 -0.0319721028 -0.0191631764
    endloop
  endfacet
  facet normal -0.965909183 -0.225246236 -0.12760736
    outer loop
      vertex 0.0220496282 -0.0308675058 -0.0164988786
      vertex 0.0226591993 -0.0319721028 -0.0191631764
      vertex 0.0226591881 -0.0328738876 -0.0175713059
    endloop
  endfacet
  facet normal -0.70700717 -0.61532861 -0.348584801
    outer loop
      vertex 0.0226591881 -0.0328738876 -0.0175713059
      vertex 0.0226591993 -0.0319721028 -0.0191631764
      vertex 0.0243245978 -0.0334005952 -0.0200193711
    endloop
  endfacet
  facet normal -0.707006812 -0.615329504 -0.348584354
    outer loop
      vertex 0.0226591881 -0.0328738876 -0.0175713059
      vertex 0.0243245978 -0.0334005952 -0.0200193711
      vertex 0.0243245866 -0.034342669 -0.0183563773
    endloop
  endfacet
  facet normal -0.258755028 -0.840453863 -0.476112634
    outer loop
      vertex 0.0243245866 -0.034342669 -0.0183563773
      vertex 0.0243245978 -0.0334005952 -0.0200193711
      vertex 0.0265995916 -0.0339234769 -0.0203327592
    endloop
  endfacet
  facet normal -0.258756727 -0.840452373 -0.476114303
    outer loop
      vertex 0.0243245866 -0.034342669 -0.0183563773
      vertex 0.0265995916 -0.0339234769 -0.0203327592
      vertex 0.0265995804 -0.0348803028 -0.0186437331
    endloop
  endfacet
  facet normal 0.258737117 -0.816086709 -0.516776025
    outer loop
      vertex 0.0265995916 -0.0339234769 -0.0203327592
      vertex 0.0265996046 -0.0328849368 -0.0219728034
      vertex 0.0288746096 -0.032378111 -0.0216341373
    endloop
  endfacet
  facet normal 0.258734673 -0.816085696 -0.516779065
    outer loop
      vertex 0.0265995916 -0.0339234769 -0.0203327592
      vertex 0.0288746096 -0.032378111 -0.0216341373
      vertex 0.0288745984 -0.0334006511 -0.0200193711
    endloop
  endfacet
  facet normal 0.706992686 -0.597500145 -0.378358126
    outer loop
      vertex 0.0288745984 -0.0334006511 -0.0200193711
      vertex 0.0288746096 -0.032378111 -0.0216341373
      vertex 0.0305400416 -0.030993389 -0.020708885
    endloop
  endfacet
  facet normal 0.706993163 -0.597500265 -0.378357321
    outer loop
      vertex 0.0288745984 -0.0334006511 -0.0200193711
      vertex 0.0305400416 -0.030993389 -0.020708885
      vertex 0.0305400304 -0.031972196 -0.0191631783
    endloop
  endfacet
  facet normal 0.96590364 -0.218737438 -0.13850683
    outer loop
      vertex 0.0305400304 -0.031972196 -0.0191631783
      vertex 0.0305400416 -0.030993389 -0.020708885
      vertex 0.03114965 -0.029101802 -0.0194449611
    endloop
  endfacet
  facet normal 0.96590358 -0.218737379 -0.138506651
    outer loop
      vertex 0.0305400304 -0.031972196 -0.0191631783
      vertex 0.03114965 -0.029101802 -0.0194449611
      vertex 0.0311496388 -0.0300208703 -0.0179935955
    endloop
  endfacet
  facet normal 0.965909064 0.21871382 0.138506606
    outer loop
      vertex 0.0311496388 -0.0300208703 -0.0179935955
      vertex 0.03114965 -0.029101802 -0.0194449611
      vertex 0.0305400882 -0.0272102002 -0.0181810372
    endloop
  endfacet
  facet normal 0.965908885 0.21871382 0.138507277
    outer loop
      vertex 0.0311496388 -0.0300208703 -0.0179935955
      vertex 0.0305400882 -0.0272102002 -0.0181810372
      vertex 0.030540077 -0.0280695297 -0.0168240108
    endloop
  endfacet
  facet normal 0.707007229 0.5974828 0.378358543
    outer loop
      vertex 0.030540077 -0.0280695297 -0.0168240108
      vertex 0.0305400882 -0.0272102002 -0.0181810372
      vertex 0.0288746897 -0.025825439 -0.0172557831
    endloop
  endfacet
  facet normal 0.707007706 0.59748292 0.378357321
    outer loop
      vertex 0.030540077 -0.0280695297 -0.0168240108
      vertex 0.0288746897 -0.025825439 -0.0172557831
      vertex 0.0288746785 -0.0266410336 -0.0159678161
    endloop
  endfacet
  facet normal 0.25875625 0.816079557 0.516777933
    outer loop
      vertex 0.0288746785 -0.0266410336 -0.0159678161
      vertex 0.0288746897 -0.025825439 -0.0172557831
      vertex 0.0265996959 -0.0253185611 -0.0169171151
    endloop
  endfacet
  facet normal 0.258755714 0.81607914 0.516778648
    outer loop
      vertex 0.0288746785 -0.0266410336 -0.0159678161
      vertex 0.0265996959 -0.0253185611 -0.0169171151
      vertex 0.0265996847 -0.02611815 -0.0156544261
    endloop
  endfacet
  facet normal -0.258736759 0.816085637 0.516778111
    outer loop
      vertex 0.0265996847 -0.02611815 -0.0156544261
      vertex 0.0265996959 -0.0253185611 -0.0169171151
      vertex 0.0243246891 -0.025825385 -0.0172557831
    endloop
  endfacet
  facet normal -0.258736521 0.816085815 0.516777813
    outer loop
      vertex 0.0265996847 -0.02611815 -0.0156544261
      vertex 0.0243246891 -0.025825385 -0.0172557831
      vertex 0.0243246797 -0.0266409796 -0.0159678161
    endloop
  endfacet
  facet normal -0.706992567 0.597500741 0.378357351
    outer loop
      vertex 0.0243246797 -0.0266409796 -0.0159678161
      vertex 0.0243246891 -0.025825385 -0.0172557831
      vertex 0.0226592571 -0.0272101052 -0.0181810372
    endloop
  endfacet
  facet normal -0.706992984 0.597500086 0.378357857
    outer loop
      vertex 0.0243246797 -0.0266409796 -0.0159678161
      vertex 0.0226592571 -0.0272101052 -0.0181810372
      vertex 0.0226592459 -0.0280694347 -0.0168240108
    endloop
  endfacet
  facet normal -0.965903699 0.218737617 0.138506442
    outer loop
      vertex 0.0226592459 -0.0280694347 -0.0168240108
      vertex 0.0226592571 -0.0272101052 -0.0181810372
      vertex 0.0220496487 -0.029101694 -0.0194449592
    endloop
  endfacet
  facet normal -0.965903699 0.218737289 0.138506591
    outer loop
      vertex 0.0226592459 -0.0280694347 -0.0168240108
      vertex 0.0220496487 -0.029101694 -0.0194449592
      vertex 0.0220496375 -0.0300207622 -0.0179935936
    endloop
  endfacet
  facet normal -0.965909064 -0.21871382 -0.138506606
    outer loop
      vertex 0.0220496375 -0.0300207622 -0.0179935936
      vertex 0.0220496487 -0.029101694 -0.0194449592
      vertex 0.0226592105 -0.0309932958 -0.0207088832
    endloop
  endfacet
  facet normal -0.965908825 -0.218714535 -0.138506293
    outer loop
      vertex 0.0220496375 -0.0300207622 -0.0179935936
      vertex 0.0226592105 -0.0309932958 -0.0207088832
      vertex 0.0226591993 -0.0319721028 -0.0191631764
    endloop
  endfacet
  facet normal -0.707006454 -0.59748435 -0.3783575
    outer loop
      vertex 0.0226591993 -0.0319721028 -0.0191631764
      vertex 0.0226592105 -0.0309932958 -0.0207088832
      vertex 0.0243246108 -0.0323780552 -0.0216341373
    endloop
  endfacet
  facet normal -0.707006991 -0.597483277 -0.378358036
    outer loop
      vertex 0.0226591993 -0.0319721028 -0.0191631764
      vertex 0.0243246108 -0.0323780552 -0.0216341373
      vertex 0.0243245978 -0.0334005952 -0.0200193711
    endloop
  endfacet
  facet normal -0.258757085 -0.816078782 -0.516778588
    outer loop
      vertex 0.0243245978 -0.0334005952 -0.0200193711
      vertex 0.0243246108 -0.0323780552 -0.0216341373
      vertex 0.0265996046 -0.0328849368 -0.0219728034
    endloop
  endfacet
  facet normal -0.25875476 -0.816080987 -0.516776443
    outer loop
      vertex 0.0243245978 -0.0334005952 -0.0200193711
      vertex 0.0265996046 -0.0328849368 -0.0219728034
      vertex 0.0265995916 -0.0339234769 -0.0203327592
    endloop
  endfacet
  facet normal 0.258736581 -0.789744973 -0.556199849
    outer loop
      vertex 0.0265996046 -0.0328849368 -0.0219728034
      vertex 0.0265996177 -0.0317671783 -0.0235598963
      vertex 0.0288746227 -0.031277582 -0.0231967699
    endloop
  endfacet
  facet normal 0.258737445 -0.78974539 -0.556198776
    outer loop
      vertex 0.0265996046 -0.0328849368 -0.0219728034
      vertex 0.0288746227 -0.031277582 -0.0231967699
      vertex 0.0288746096 -0.032378111 -0.0216341373
    endloop
  endfacet
  facet normal 0.706993222 -0.578215599 -0.407219052
    outer loop
      vertex 0.0288746096 -0.032378111 -0.0216341373
      vertex 0.0288746227 -0.031277582 -0.0231967699
      vertex 0.0305400547 -0.0299399272 -0.0222046841
    endloop
  endfacet
  facet normal 0.706992865 -0.57821548 -0.407219678
    outer loop
      vertex 0.0288746096 -0.032378111 -0.0216341373
      vertex 0.0305400547 -0.0299399272 -0.0222046841
      vertex 0.0305400416 -0.030993389 -0.020708885
    endloop
  endfacet
  facet normal 0.965903819 -0.211677656 -0.149071977
    outer loop
      vertex 0.0305400416 -0.030993389 -0.020708885
      vertex 0.0305400547 -0.0299399272 -0.0222046841
      vertex 0.0311496612 -0.0281126369 -0.0208494682
    endloop
  endfacet
  facet normal 0.965903699 -0.211677641 -0.149072498
    outer loop
      vertex 0.0305400416 -0.030993389 -0.020708885
      vertex 0.0311496612 -0.0281126369 -0.0208494682
      vertex 0.03114965 -0.029101802 -0.0194449611
    endloop
  endfacet
  facet normal 0.965909004 0.211654246 0.149071366
    outer loop
      vertex 0.03114965 -0.029101802 -0.0194449611
      vertex 0.0311496612 -0.0281126369 -0.0208494682
      vertex 0.0305400994 -0.0262853298 -0.0194942523
    endloop
  endfacet
  facet normal 0.965908825 0.211654231 0.149071932
    outer loop
      vertex 0.03114965 -0.029101802 -0.0194449611
      vertex 0.0305400994 -0.0262853298 -0.0194942523
      vertex 0.0305400882 -0.0272102002 -0.0181810372
    endloop
  endfacet
  facet normal 0.707006752 0.578198731 0.40721944
    outer loop
      vertex 0.0305400882 -0.0272102002 -0.0181810372
      vertex 0.0305400994 -0.0262853298 -0.0194942523
      vertex 0.028874699 -0.0249476377 -0.0185021646
    endloop
  endfacet
  facet normal 0.707006991 0.57819885 0.407218993
    outer loop
      vertex 0.0305400882 -0.0272102002 -0.0181810372
      vertex 0.028874699 -0.0249476377 -0.0185021646
      vertex 0.0288746897 -0.025825439 -0.0172557831
    endloop
  endfacet
  facet normal 0.258755744 0.789739192 0.556199253
    outer loop
      vertex 0.0288746897 -0.025825439 -0.0172557831
      vertex 0.028874699 -0.0249476377 -0.0185021646
      vertex 0.0265997052 -0.0244579874 -0.0181390364
    endloop
  endfacet
  facet normal 0.258755952 0.789739251 0.556198895
    outer loop
      vertex 0.0288746897 -0.025825439 -0.0172557831
      vertex 0.0265997052 -0.0244579874 -0.0181390364
      vertex 0.0265996959 -0.0253185611 -0.0169171151
    endloop
  endfacet
  facet normal -0.258736402 0.78974539 0.556199253
    outer loop
      vertex 0.0265996959 -0.0253185611 -0.0169171151
      vertex 0.0265997052 -0.0244579874 -0.0181390364
      vertex 0.0243247002 -0.0249475818 -0.0185021646
    endloop
  endfacet
  facet normal -0.258737087 0.789744675 0.556200027
    outer loop
      vertex 0.0265996959 -0.0253185611 -0.0169171151
      vertex 0.0243247002 -0.0249475818 -0.0185021646
      vertex 0.0243246891 -0.025825385 -0.0172557831
    endloop
  endfacet
  facet normal -0.706993461 0.578214884 0.407219589
    outer loop
      vertex 0.0243246891 -0.025825385 -0.0172557831
      vertex 0.0243247002 -0.0249475818 -0.0185021646
      vertex 0.0226592682 -0.0262852367 -0.0194942523
    endloop
  endfacet
  facet normal -0.706992805 0.578216195 0.407218874
    outer loop
      vertex 0.0243246891 -0.025825385 -0.0172557831
      vertex 0.0226592682 -0.0262852367 -0.0194942523
      vertex 0.0226592571 -0.0272101052 -0.0181810372
    endloop
  endfacet
  facet normal -0.965903878 0.21167767 0.149071723
    outer loop
      vertex 0.0226592571 -0.0272101052 -0.0181810372
      vertex 0.0226592682 -0.0262852367 -0.0194942523
      vertex 0.0220496617 -0.0281125288 -0.0208494682
    endloop
  endfacet
  facet normal -0.965903759 0.211678296 0.149071455
    outer loop
      vertex 0.0226592571 -0.0272101052 -0.0181810372
      vertex 0.0220496617 -0.0281125288 -0.0208494682
      vertex 0.0220496487 -0.029101694 -0.0194449592
    endloop
  endfacet
  facet normal -0.965908885 -0.211653948 -0.149072245
    outer loop
      vertex 0.0220496487 -0.029101694 -0.0194449592
      vertex 0.0220496617 -0.0281125288 -0.0208494682
      vertex 0.0226592235 -0.029939834 -0.0222046822
    endloop
  endfacet
  facet normal -0.965908945 -0.211654097 -0.149072215
    outer loop
      vertex 0.0220496487 -0.029101694 -0.0194449592
      vertex 0.0226592235 -0.029939834 -0.0222046822
      vertex 0.0226592105 -0.0309932958 -0.0207088832
    endloop
  endfacet
  facet normal -0.707006514 -0.578198552 -0.407220036
    outer loop
      vertex 0.0226592105 -0.0309932958 -0.0207088832
      vertex 0.0226592235 -0.029939834 -0.0222046822
      vertex 0.0243246239 -0.0312775262 -0.023196768
    endloop
  endfacet
  facet normal -0.707006216 -0.578199089 -0.407219738
    outer loop
      vertex 0.0226592105 -0.0309932958 -0.0207088832
      vertex 0.0243246239 -0.0312775262 -0.023196768
      vertex 0.0243246108 -0.0323780552 -0.0216341373
    endloop
  endfacet
  facet normal -0.25875631 -0.789738953 -0.556199193
    outer loop
      vertex 0.0243246108 -0.0323780552 -0.0216341373
      vertex 0.0243246239 -0.0312775262 -0.023196768
      vertex 0.0265996177 -0.0317671783 -0.0235598963
    endloop
  endfacet
  facet normal -0.258756757 -0.789738595 -0.556199551
    outer loop
      vertex 0.0243246108 -0.0323780552 -0.0216341373
      vertex 0.0265996177 -0.0317671783 -0.0235598963
      vertex 0.0265996046 -0.0328849368 -0.0219728034
    endloop
  endfacet
  facet normal 0.258736908 -0.761502862 -0.594279945
    outer loop
      vertex 0.0265996177 -0.0317671783 -0.0235598963
      vertex 0.0265996326 -0.0305728912 -0.0250902344
      vertex 0.0288746376 -0.0301017035 -0.0247035194
    endloop
  endfacet
  facet normal 0.258736908 -0.761502862 -0.594279945
    outer loop
      vertex 0.0265996177 -0.0317671783 -0.0235598963
      vertex 0.0288746376 -0.0301017035 -0.0247035194
      vertex 0.0288746227 -0.031277582 -0.0231967699
    endloop
  endfacet
  facet normal 0.706993103 -0.557538211 -0.435099989
    outer loop
      vertex 0.0288746227 -0.031277582 -0.0231967699
      vertex 0.0288746376 -0.0301017035 -0.0247035194
      vertex 0.0305400677 -0.0288143419 -0.0236469936
    endloop
  endfacet
  facet normal 0.70699352 -0.557538271 -0.435099214
    outer loop
      vertex 0.0288746227 -0.031277582 -0.0231967699
      vertex 0.0305400677 -0.0288143419 -0.0236469936
      vertex 0.0305400547 -0.0299399272 -0.0222046841
    endloop
  endfacet
  facet normal 0.965903878 -0.204108164 -0.159278274
    outer loop
      vertex 0.0305400547 -0.0299399272 -0.0222046841
      vertex 0.0305400677 -0.0288143419 -0.0236469936
      vertex 0.0311496742 -0.0270557459 -0.022203749
    endloop
  endfacet
  facet normal 0.965903819 -0.204108164 -0.159278244
    outer loop
      vertex 0.0305400547 -0.0299399272 -0.0222046841
      vertex 0.0311496742 -0.0270557459 -0.022203749
      vertex 0.0311496612 -0.0281126369 -0.0208494682
    endloop
  endfacet
  facet normal 0.965908825 0.204084799 0.159278601
    outer loop
      vertex 0.0311496612 -0.0281126369 -0.0208494682
      vertex 0.0311496742 -0.0270557459 -0.022203749
      vertex 0.0305401105 -0.0252971388 -0.0207605045
    endloop
  endfacet
  facet normal 0.965908945 0.204084858 0.159277588
    outer loop
      vertex 0.0311496612 -0.0281126369 -0.0208494682
      vertex 0.0305401105 -0.0252971388 -0.0207605045
      vertex 0.0305400994 -0.0262853298 -0.0194942523
    endloop
  endfacet
  facet normal 0.707006693 0.557521462 0.435099423
    outer loop
      vertex 0.0305400994 -0.0262853298 -0.0194942523
      vertex 0.0305401105 -0.0252971388 -0.0207605045
      vertex 0.0288747102 -0.0240097363 -0.0197039768
    endloop
  endfacet
  facet normal 0.707006454 0.557521343 0.435099632
    outer loop
      vertex 0.0305400994 -0.0262853298 -0.0194942523
      vertex 0.0288747102 -0.0240097363 -0.0197039768
      vertex 0.028874699 -0.0249476377 -0.0185021646
    endloop
  endfacet
  facet normal 0.258756012 0.761496961 0.59427923
    outer loop
      vertex 0.028874699 -0.0249476377 -0.0185021646
      vertex 0.0288747102 -0.0240097363 -0.0197039768
      vertex 0.0265997164 -0.0235384926 -0.01931726
    endloop
  endfacet
  facet normal 0.258755386 0.761496425 0.594280124
    outer loop
      vertex 0.028874699 -0.0249476377 -0.0185021646
      vertex 0.0265997164 -0.0235384926 -0.01931726
      vertex 0.0265997052 -0.0244579874 -0.0181390364
    endloop
  endfacet
  facet normal -0.258737355 0.761502624 0.594280064
    outer loop
      vertex 0.0265997052 -0.0244579874 -0.0181390364
      vertex 0.0265997164 -0.0235384926 -0.01931726
      vertex 0.0243247114 -0.0240096804 -0.0197039768
    endloop
  endfacet
  facet normal -0.25873673 0.761503279 0.594279349
    outer loop
      vertex 0.0265997052 -0.0244579874 -0.0181390364
      vertex 0.0243247114 -0.0240096804 -0.0197039768
      vertex 0.0243247002 -0.0249475818 -0.0185021646
    endloop
  endfacet
  facet normal -0.70699352 0.557537973 0.435099453
    outer loop
      vertex 0.0243247002 -0.0249475818 -0.0185021646
      vertex 0.0243247114 -0.0240096804 -0.0197039768
      vertex 0.0226592794 -0.0252970457 -0.0207605045
    endloop
  endfacet
  facet normal -0.706993639 0.557537675 0.435099572
    outer loop
      vertex 0.0243247002 -0.0249475818 -0.0185021646
      vertex 0.0226592794 -0.0252970457 -0.0207605045
      vertex 0.0226592682 -0.0262852367 -0.0194942523
    endloop
  endfacet
  facet normal -0.965903878 0.204108194 0.15927875
    outer loop
      vertex 0.0226592682 -0.0262852367 -0.0194942523
      vertex 0.0226592794 -0.0252970457 -0.0207605045
      vertex 0.0220496729 -0.0270556379 -0.022203749
    endloop
  endfacet
  facet normal -0.965903878 0.204107419 0.159278989
    outer loop
      vertex 0.0226592682 -0.0262852367 -0.0194942523
      vertex 0.0220496729 -0.0270556379 -0.022203749
      vertex 0.0220496617 -0.0281125288 -0.0208494682
    endloop
  endfacet
  facet normal -0.965908825 -0.204085305 -0.159277663
    outer loop
      vertex 0.0220496617 -0.0281125288 -0.0208494682
      vertex 0.0220496729 -0.0270556379 -0.022203749
      vertex 0.0226592366 -0.0288142469 -0.0236469936
    endloop
  endfacet
  facet normal -0.965908885 -0.204085052 -0.159277767
    outer loop
      vertex 0.0220496617 -0.0281125288 -0.0208494682
      vertex 0.0226592366 -0.0288142469 -0.0236469936
      vertex 0.0226592235 -0.029939834 -0.0222046822
    endloop
  endfacet
  facet normal -0.707006335 -0.55752182 -0.435099304
    outer loop
      vertex 0.0226592235 -0.029939834 -0.0222046822
      vertex 0.0226592366 -0.0288142469 -0.0236469936
      vertex 0.0243246369 -0.0301016495 -0.0247035194
    endloop
  endfacet
  facet normal -0.707006335 -0.557521999 -0.435099274
    outer loop
      vertex 0.0226592235 -0.029939834 -0.0222046822
      vertex 0.0243246369 -0.0301016495 -0.0247035194
      vertex 0.0243246239 -0.0312775262 -0.023196768
    endloop
  endfacet
  facet normal -0.25875479 -0.761497498 -0.594278932
    outer loop
      vertex 0.0243246239 -0.0312775262 -0.023196768
      vertex 0.0243246369 -0.0301016495 -0.0247035194
      vertex 0.0265996326 -0.0305728912 -0.0250902344
    endloop
  endfacet
  facet normal -0.258755952 -0.761496365 -0.594279885
    outer loop
      vertex 0.0243246239 -0.0312775262 -0.023196768
      vertex 0.0265996326 -0.0305728912 -0.0250902344
      vertex 0.0265996177 -0.0317671783 -0.0235598963
    endloop
  endfacet
  facet normal 0.258737147 -0.731425643 -0.630929172
    outer loop
      vertex 0.0265996326 -0.0305728912 -0.0250902344
      vertex 0.0265996475 -0.0293049403 -0.0265601426
      vertex 0.0288746525 -0.0288532954 -0.0261507723
    endloop
  endfacet
  facet normal 0.258737236 -0.731425703 -0.630929053
    outer loop
      vertex 0.0265996326 -0.0305728912 -0.0250902344
      vertex 0.0288746525 -0.0288532954 -0.0261507723
      vertex 0.0288746376 -0.0301017035 -0.0247035194
    endloop
  endfacet
  facet normal 0.706993341 -0.535517156 -0.461932749
    outer loop
      vertex 0.0288746376 -0.0301017035 -0.0247035194
      vertex 0.0288746525 -0.0288532954 -0.0261507723
      vertex 0.0305400826 -0.0276193265 -0.0250323489
    endloop
  endfacet
  facet normal 0.706993341 -0.535517216 -0.46193257
    outer loop
      vertex 0.0288746376 -0.0301017035 -0.0247035194
      vertex 0.0305400826 -0.0276193265 -0.0250323489
      vertex 0.0305400677 -0.0288143419 -0.0236469936
    endloop
  endfacet
  facet normal 0.965904057 -0.196046695 -0.169100598
    outer loop
      vertex 0.0305400677 -0.0288143419 -0.0236469936
      vertex 0.0305400826 -0.0276193265 -0.0250323489
      vertex 0.0311496872 -0.0259336662 -0.0235045515
    endloop
  endfacet
  facet normal 0.965903997 -0.196046636 -0.169101283
    outer loop
      vertex 0.0305400677 -0.0288143419 -0.0236469936
      vertex 0.0311496872 -0.0259336662 -0.0235045515
      vertex 0.0311496742 -0.0270557459 -0.022203749
    endloop
  endfacet
  facet normal 0.965908766 0.196023613 0.169100806
    outer loop
      vertex 0.0311496742 -0.0270557459 -0.022203749
      vertex 0.0311496872 -0.0259336662 -0.0235045515
      vertex 0.0305401236 -0.0242479946 -0.0219767559
    endloop
  endfacet
  facet normal 0.965908706 0.196023569 0.169101223
    outer loop
      vertex 0.0311496742 -0.0270557459 -0.022203749
      vertex 0.0305401236 -0.0242479946 -0.0219767559
      vertex 0.0305401105 -0.0252971388 -0.0207605045
    endloop
  endfacet
  facet normal 0.707006812 0.535499752 0.461932123
    outer loop
      vertex 0.0305401105 -0.0252971388 -0.0207605045
      vertex 0.0305401236 -0.0242479946 -0.0219767559
      vertex 0.0288747232 -0.0230139829 -0.0208583307
    endloop
  endfacet
  facet normal 0.707006395 0.535499394 0.461933315
    outer loop
      vertex 0.0305401105 -0.0252971388 -0.0207605045
      vertex 0.0288747232 -0.0230139829 -0.0208583307
      vertex 0.0288747102 -0.0240097363 -0.0197039768
    endloop
  endfacet
  facet normal 0.258754373 0.731419027 0.630929768
    outer loop
      vertex 0.0288747102 -0.0240097363 -0.0197039768
      vertex 0.0288747232 -0.0230139829 -0.0208583307
      vertex 0.0265997276 -0.022562284 -0.0204489604
    endloop
  endfacet
  facet normal 0.258755654 0.7314201 0.63092804
    outer loop
      vertex 0.0288747102 -0.0240097363 -0.0197039768
      vertex 0.0265997276 -0.022562284 -0.0204489604
      vertex 0.0265997164 -0.0235384926 -0.01931726
    endloop
  endfacet
  facet normal -0.258736581 0.731426477 0.630928397
    outer loop
      vertex 0.0265997164 -0.0235384926 -0.01931726
      vertex 0.0265997276 -0.022562284 -0.0204489604
      vertex 0.0243247226 -0.023013927 -0.0208583307
    endloop
  endfacet
  facet normal -0.258737713 0.731425047 0.630929589
    outer loop
      vertex 0.0265997164 -0.0235384926 -0.01931726
      vertex 0.0243247226 -0.023013927 -0.0208583307
      vertex 0.0243247114 -0.0240096804 -0.0197039768
    endloop
  endfacet
  facet normal -0.706994474 0.535515785 0.461932629
    outer loop
      vertex 0.0243247114 -0.0240096804 -0.0197039768
      vertex 0.0243247226 -0.023013927 -0.0208583307
      vertex 0.0226592924 -0.0242479015 -0.0219767559
    endloop
  endfacet
  facet normal -0.706993818 0.535517156 0.461931974
    outer loop
      vertex 0.0243247114 -0.0240096804 -0.0197039768
      vertex 0.0226592924 -0.0242479015 -0.0219767559
      vertex 0.0226592794 -0.0252970457 -0.0207605045
    endloop
  endfacet
  facet normal -0.965903997 0.196047112 0.169100806
    outer loop
      vertex 0.0226592794 -0.0252970457 -0.0207605045
      vertex 0.0226592924 -0.0242479015 -0.0219767559
      vertex 0.0220496878 -0.0259335581 -0.0235045515
    endloop
  endfacet
  facet normal -0.965903819 0.196047515 0.169100642
    outer loop
      vertex 0.0226592794 -0.0252970457 -0.0207605045
      vertex 0.0220496878 -0.0259335581 -0.0235045515
      vertex 0.0220496729 -0.0270556379 -0.022203749
    endloop
  endfacet
  facet normal -0.965908766 -0.196022689 -0.169101387
    outer loop
      vertex 0.0220496729 -0.0270556379 -0.022203749
      vertex 0.0220496878 -0.0259335581 -0.0235045515
      vertex 0.0226592515 -0.0276192315 -0.0250323489
    endloop
  endfacet
  facet normal -0.965908706 -0.196023345 -0.169101238
    outer loop
      vertex 0.0220496729 -0.0270556379 -0.022203749
      vertex 0.0226592515 -0.0276192315 -0.0250323489
      vertex 0.0226592366 -0.0288142469 -0.0236469936
    endloop
  endfacet
  facet normal -0.707006335 -0.535499871 -0.461932868
    outer loop
      vertex 0.0226592366 -0.0288142469 -0.0236469936
      vertex 0.0226592515 -0.0276192315 -0.0250323489
      vertex 0.0243246518 -0.0288532414 -0.0261507723
    endloop
  endfacet
  facet normal -0.707006097 -0.535500228 -0.461932689
    outer loop
      vertex 0.0226592366 -0.0288142469 -0.0236469936
      vertex 0.0243246518 -0.0288532414 -0.0261507723
      vertex 0.0243246369 -0.0301016495 -0.0247035194
    endloop
  endfacet
  facet normal -0.258754343 -0.731419623 -0.630929172
    outer loop
      vertex 0.0243246369 -0.0301016495 -0.0247035194
      vertex 0.0243246518 -0.0288532414 -0.0261507723
      vertex 0.0265996475 -0.0293049403 -0.0265601426
    endloop
  endfacet
  facet normal -0.258754402 -0.731419504 -0.630929172
    outer loop
      vertex 0.0243246369 -0.0301016495 -0.0247035194
      vertex 0.0265996475 -0.0293049403 -0.0265601426
      vertex 0.0265996326 -0.0305728912 -0.0250902344
    endloop
  endfacet
  facet normal 0.258737713 -0.699586272 -0.666058421
    outer loop
      vertex 0.0265996475 -0.0293049403 -0.0265601426
      vertex 0.0265996624 -0.0279663932 -0.0279660635
      vertex 0.0288746674 -0.0275353808 -0.0275350213
    endloop
  endfacet
  facet normal 0.258737534 -0.699586213 -0.6660586
    outer loop
      vertex 0.0265996475 -0.0293049403 -0.0265601426
      vertex 0.0288746674 -0.0275353808 -0.0275350213
      vertex 0.0288746525 -0.0288532954 -0.0261507723
    endloop
  endfacet
  facet normal 0.706993401 -0.512205899 -0.487652928
    outer loop
      vertex 0.0288746525 -0.0288532954 -0.0261507723
      vertex 0.0288746674 -0.0275353808 -0.0275350213
      vertex 0.0305400975 -0.0263577756 -0.0263573974
    endloop
  endfacet
  facet normal 0.70699358 -0.512206018 -0.48765263
    outer loop
      vertex 0.0288746525 -0.0288532954 -0.0261507723
      vertex 0.0305400975 -0.0263577756 -0.0263573974
      vertex 0.0305400826 -0.0276193265 -0.0250323489
    endloop
  endfacet
  facet normal 0.965904057 -0.187513202 -0.178516537
    outer loop
      vertex 0.0305400826 -0.0276193265 -0.0250323489
      vertex 0.0305400975 -0.0263577756 -0.0263573974
      vertex 0.0311497021 -0.0247491114 -0.0247487295
    endloop
  endfacet
  facet normal 0.965904236 -0.187513307 -0.178515777
    outer loop
      vertex 0.0305400826 -0.0276193265 -0.0250323489
      vertex 0.0311497021 -0.0247491114 -0.0247487295
      vertex 0.0311496872 -0.0259336662 -0.0235045515
    endloop
  endfacet
  facet normal 0.965908527 0.187489852 0.178516567
    outer loop
      vertex 0.0311496872 -0.0259336662 -0.0235045515
      vertex 0.0311497021 -0.0247491114 -0.0247487295
      vertex 0.0305401366 -0.023140436 -0.0231400598
    endloop
  endfacet
  facet normal 0.965908587 0.187489912 0.178516284
    outer loop
      vertex 0.0311496872 -0.0259336662 -0.0235045515
      vertex 0.0305401366 -0.023140436 -0.0231400598
      vertex 0.0305401236 -0.0242479946 -0.0219767559
    endloop
  endfacet
  facet normal 0.707006037 0.512188673 0.487652689
    outer loop
      vertex 0.0305401236 -0.0242479946 -0.0219767559
      vertex 0.0305401366 -0.023140436 -0.0231400598
      vertex 0.0288747344 -0.0219627898 -0.0219624341
    endloop
  endfacet
  facet normal 0.707006633 0.51218915 0.487651408
    outer loop
      vertex 0.0305401236 -0.0242479946 -0.0219767559
      vertex 0.0288747344 -0.0219627898 -0.0219624341
      vertex 0.0288747232 -0.0230139829 -0.0208583307
    endloop
  endfacet
  facet normal 0.258754432 0.699580371 0.666058064
    outer loop
      vertex 0.0288747232 -0.0230139829 -0.0208583307
      vertex 0.0288747344 -0.0219627898 -0.0219624341
      vertex 0.0265997406 -0.0215317216 -0.0215313938
    endloop
  endfacet
  facet normal 0.258753955 0.699579954 0.66605866
    outer loop
      vertex 0.0288747232 -0.0230139829 -0.0208583307
      vertex 0.0265997406 -0.0215317216 -0.0215313938
      vertex 0.0265997276 -0.022562284 -0.0204489604
    endloop
  endfacet
  facet normal -0.258737236 0.699586332 0.6660586
    outer loop
      vertex 0.0265997276 -0.022562284 -0.0204489604
      vertex 0.0265997406 -0.0215317216 -0.0215313938
      vertex 0.0243247356 -0.0219627339 -0.0219624341
    endloop
  endfacet
  facet normal -0.258736998 0.699586689 0.666058302
    outer loop
      vertex 0.0265997276 -0.022562284 -0.0204489604
      vertex 0.0243247356 -0.0219627339 -0.0219624341
      vertex 0.0243247226 -0.023013927 -0.0208583307
    endloop
  endfacet
  facet normal -0.706994236 0.512205839 0.487651825
    outer loop
      vertex 0.0243247226 -0.023013927 -0.0208583307
      vertex 0.0243247356 -0.0219627339 -0.0219624341
      vertex 0.0226593055 -0.0231403429 -0.0231400598
    endloop
  endfacet
  facet normal -0.706994712 0.512204945 0.487652212
    outer loop
      vertex 0.0243247226 -0.023013927 -0.0208583307
      vertex 0.0226593055 -0.0231403429 -0.0231400598
      vertex 0.0226592924 -0.0242479015 -0.0219767559
    endloop
  endfacet
  facet normal -0.965903938 0.187513173 0.178516775
    outer loop
      vertex 0.0226592924 -0.0242479015 -0.0219767559
      vertex 0.0226593055 -0.0231403429 -0.0231400598
      vertex 0.0220497008 -0.0247490034 -0.0247487295
    endloop
  endfacet
  facet normal -0.965904057 0.187512934 0.178516835
    outer loop
      vertex 0.0226592924 -0.0242479015 -0.0219767559
      vertex 0.0220497008 -0.0247490034 -0.0247487295
      vertex 0.0220496878 -0.0259335581 -0.0235045515
    endloop
  endfacet
  facet normal -0.965908527 -0.187490612 -0.178515837
    outer loop
      vertex 0.0220496878 -0.0259335581 -0.0235045515
      vertex 0.0220497008 -0.0247490034 -0.0247487295
      vertex 0.0226592664 -0.0263576806 -0.0263573974
    endloop
  endfacet
  facet normal -0.965908706 -0.187489823 -0.178515971
    outer loop
      vertex 0.0220496878 -0.0259335581 -0.0235045515
      vertex 0.0226592664 -0.0263576806 -0.0263573974
      vertex 0.0226592515 -0.0276192315 -0.0250323489
    endloop
  endfacet
  facet normal -0.707005799 -0.512189209 -0.4876526
    outer loop
      vertex 0.0226592515 -0.0276192315 -0.0250323489
      vertex 0.0226592664 -0.0263576806 -0.0263573974
      vertex 0.0243246686 -0.0275353268 -0.0275350213
    endloop
  endfacet
  facet normal -0.707006097 -0.512188673 -0.487652719
    outer loop
      vertex 0.0226592515 -0.0276192315 -0.0250323489
      vertex 0.0243246686 -0.0275353268 -0.0275350213
      vertex 0.0243246518 -0.0288532414 -0.0261507723
    endloop
  endfacet
  facet normal -0.258754402 -0.699579954 -0.6660586
    outer loop
      vertex 0.0243246518 -0.0288532414 -0.0261507723
      vertex 0.0243246686 -0.0275353268 -0.0275350213
      vertex 0.0265996624 -0.0279663932 -0.0279660635
    endloop
  endfacet
  facet normal -0.258753985 -0.699580431 -0.666058302
    outer loop
      vertex 0.0243246518 -0.0288532414 -0.0261507723
      vertex 0.0265996624 -0.0279663932 -0.0279660635
      vertex 0.0265996475 -0.0293049403 -0.0265601426
    endloop
  endfacet
  facet normal 0.258738369 -0.666062295 -0.699582338
    outer loop
      vertex 0.0265996624 -0.0279663932 -0.0279660635
      vertex 0.0265996791 -0.0265604742 -0.0293046124
      vertex 0.0288746841 -0.02615113 -0.0288529396
    endloop
  endfacet
  facet normal 0.25873816 -0.666062176 -0.699582577
    outer loop
      vertex 0.0265996624 -0.0279663932 -0.0279660635
      vertex 0.0288746841 -0.02615113 -0.0288529396
      vertex 0.0288746674 -0.0275353808 -0.0275350213
    endloop
  endfacet
  facet normal 0.70699358 -0.48766169 -0.512197316
    outer loop
      vertex 0.0288746674 -0.0275353808 -0.0275350213
      vertex 0.0288746841 -0.02615113 -0.0288529396
      vertex 0.0305401143 -0.025032727 -0.0276189502
    endloop
  endfacet
  facet normal 0.706993699 -0.487661779 -0.512197077
    outer loop
      vertex 0.0288746674 -0.0275353808 -0.0275350213
      vertex 0.0305401143 -0.025032727 -0.0276189502
      vertex 0.0305400975 -0.0263577756 -0.0263573974
    endloop
  endfacet
  facet normal 0.965904176 -0.178528413 -0.187501162
    outer loop
      vertex 0.0305400975 -0.0263577756 -0.0263573974
      vertex 0.0305401143 -0.025032727 -0.0276189502
      vertex 0.031149717 -0.0235049371 -0.0259332862
    endloop
  endfacet
  facet normal 0.965904176 -0.178528368 -0.187501386
    outer loop
      vertex 0.0305400975 -0.0263577756 -0.0263573974
      vertex 0.031149717 -0.0235049371 -0.0259332862
      vertex 0.0311497021 -0.0247491114 -0.0247487295
    endloop
  endfacet
  facet normal 0.965908408 0.178505346 0.18750152
    outer loop
      vertex 0.0311497021 -0.0247491114 -0.0247487295
      vertex 0.031149717 -0.0235049371 -0.0259332862
      vertex 0.0305401497 -0.0219771322 -0.0242476203
    endloop
  endfacet
  facet normal 0.965908527 0.178505465 0.187500983
    outer loop
      vertex 0.0311497021 -0.0247491114 -0.0247487295
      vertex 0.0305401497 -0.0219771322 -0.0242476203
      vertex 0.0305401366 -0.023140436 -0.0231400598
    endloop
  endfacet
  facet normal 0.707006216 0.487644732 0.512196124
    outer loop
      vertex 0.0305401366 -0.023140436 -0.0231400598
      vertex 0.0305401497 -0.0219771322 -0.0242476203
      vertex 0.0288747475 -0.0208586864 -0.023013629
    endloop
  endfacet
  facet normal 0.707005799 0.487644315 0.512197077
    outer loop
      vertex 0.0305401366 -0.023140436 -0.0231400598
      vertex 0.0288747475 -0.0208586864 -0.023013629
      vertex 0.0288747344 -0.0219627898 -0.0219624341
    endloop
  endfacet
  facet normal 0.258754313 0.666055739 0.699582696
    outer loop
      vertex 0.0288747344 -0.0219627898 -0.0219624341
      vertex 0.0288747475 -0.0208586864 -0.023013629
      vertex 0.0265997536 -0.0204492863 -0.0225619581
    endloop
  endfacet
  facet normal 0.258754045 0.666055501 0.699582994
    outer loop
      vertex 0.0288747344 -0.0219627898 -0.0219624341
      vertex 0.0265997536 -0.0204492863 -0.0225619581
      vertex 0.0265997406 -0.0215317216 -0.0215313938
    endloop
  endfacet
  facet normal -0.258737832 0.666061699 0.699583113
    outer loop
      vertex 0.0265997406 -0.0215317216 -0.0215313938
      vertex 0.0265997536 -0.0204492863 -0.0225619581
      vertex 0.0243247487 -0.0208586305 -0.023013629
    endloop
  endfacet
  facet normal -0.258737624 0.666062057 0.699582934
    outer loop
      vertex 0.0265997406 -0.0215317216 -0.0215313938
      vertex 0.0243247487 -0.0208586305 -0.023013629
      vertex 0.0243247356 -0.0219627339 -0.0219624341
    endloop
  endfacet
  facet normal -0.706994414 0.487660915 0.512196958
    outer loop
      vertex 0.0243247356 -0.0219627339 -0.0219624341
      vertex 0.0243247487 -0.0208586305 -0.023013629
      vertex 0.0226593185 -0.0219770372 -0.0242476203
    endloop
  endfacet
  facet normal -0.706994474 0.487660676 0.512197018
    outer loop
      vertex 0.0243247356 -0.0219627339 -0.0219624341
      vertex 0.0226593185 -0.0219770372 -0.0242476203
      vertex 0.0226593055 -0.0231403429 -0.0231400598
    endloop
  endfacet
  facet normal -0.965904295 0.178527564 0.187501743
    outer loop
      vertex 0.0226593055 -0.0231403429 -0.0231400598
      vertex 0.0226593185 -0.0219770372 -0.0242476203
      vertex 0.0220497157 -0.0235048272 -0.0259332862
    endloop
  endfacet
  facet normal -0.965904057 0.178528339 0.187501609
    outer loop
      vertex 0.0226593055 -0.0231403429 -0.0231400598
      vertex 0.0220497157 -0.0235048272 -0.0259332862
      vertex 0.0220497008 -0.0247490034 -0.0247487295
    endloop
  endfacet
  facet normal -0.965908349 -0.178505301 -0.187501729
    outer loop
      vertex 0.0220497008 -0.0247490034 -0.0247487295
      vertex 0.0220497157 -0.0235048272 -0.0259332862
      vertex 0.0226592831 -0.0250326321 -0.0276189502
    endloop
  endfacet
  facet normal -0.965908408 -0.178504601 -0.187501833
    outer loop
      vertex 0.0220497008 -0.0247490034 -0.0247487295
      vertex 0.0226592831 -0.0250326321 -0.0276189502
      vertex 0.0226592664 -0.0263576806 -0.0263573974
    endloop
  endfacet
  facet normal -0.70700568 -0.487644166 -0.512197375
    outer loop
      vertex 0.0226592664 -0.0263576806 -0.0263573974
      vertex 0.0226592831 -0.0250326321 -0.0276189502
      vertex 0.0243246853 -0.026151076 -0.0288529396
    endloop
  endfacet
  facet normal -0.707005441 -0.487644553 -0.512197316
    outer loop
      vertex 0.0226592664 -0.0263576806 -0.0263573974
      vertex 0.0243246853 -0.026151076 -0.0288529396
      vertex 0.0243246686 -0.0275353268 -0.0275350213
    endloop
  endfacet
  facet normal -0.258754343 -0.666055858 -0.699582577
    outer loop
      vertex 0.0243246686 -0.0275353268 -0.0275350213
      vertex 0.0243246853 -0.026151076 -0.0288529396
      vertex 0.0265996791 -0.0265604742 -0.0293046124
    endloop
  endfacet
  facet normal -0.258754075 -0.666056097 -0.699582338
    outer loop
      vertex 0.0243246686 -0.0275353268 -0.0275350213
      vertex 0.0265996791 -0.0265604742 -0.0293046124
      vertex 0.0265996624 -0.0279663932 -0.0279660635
    endloop
  endfacet
  facet normal 0.258737803 -0.630932331 -0.731422603
    outer loop
      vertex 0.0265996791 -0.0265604742 -0.0293046124
      vertex 0.0265996978 -0.0250905678 -0.0305725615
      vertex 0.0288747028 -0.0247038808 -0.0301013477
    endloop
  endfacet
  facet normal 0.258738816 -0.630933166 -0.73142159
    outer loop
      vertex 0.0265996791 -0.0265604742 -0.0293046124
      vertex 0.0288747028 -0.0247038808 -0.0301013477
      vertex 0.0288746841 -0.02615113 -0.0288529396
    endloop
  endfacet
  facet normal 0.706994295 -0.461942106 -0.535507739
    outer loop
      vertex 0.0288746841 -0.02615113 -0.0288529396
      vertex 0.0288747028 -0.0247038808 -0.0301013477
      vertex 0.030540131 -0.0236473735 -0.0288139656
    endloop
  endfacet
  facet normal 0.706993818 -0.461941868 -0.535508454
    outer loop
      vertex 0.0288746841 -0.02615113 -0.0288529396
      vertex 0.030540131 -0.0236473735 -0.0288139656
      vertex 0.0305401143 -0.025032727 -0.0276189502
    endloop
  endfacet
  facet normal 0.965904415 -0.169112518 -0.196034655
    outer loop
      vertex 0.0305401143 -0.025032727 -0.0276189502
      vertex 0.030540131 -0.0236473735 -0.0288139656
      vertex 0.0311497319 -0.0222041346 -0.027055366
    endloop
  endfacet
  facet normal 0.965904295 -0.16911234 -0.1960354
    outer loop
      vertex 0.0305401143 -0.025032727 -0.0276189502
      vertex 0.0311497319 -0.0222041346 -0.027055366
      vertex 0.031149717 -0.0235049371 -0.0259332862
    endloop
  endfacet
  facet normal 0.965908349 0.169089824 0.196034938
    outer loop
      vertex 0.031149717 -0.0235049371 -0.0259332862
      vertex 0.0311497319 -0.0222041346 -0.027055366
      vertex 0.0305401646 -0.0207608826 -0.0252967663
    endloop
  endfacet
  facet normal 0.965908289 0.16908972 0.196035311
    outer loop
      vertex 0.031149717 -0.0235049371 -0.0259332862
      vertex 0.0305401646 -0.0207608826 -0.0252967663
      vertex 0.0305401497 -0.0219771322 -0.0242476203
    endloop
  endfacet
  facet normal 0.707005978 0.461924285 0.535507679
    outer loop
      vertex 0.0305401497 -0.0219771322 -0.0242476203
      vertex 0.0305401646 -0.0207608826 -0.0252967663
      vertex 0.0288747624 -0.0197043344 -0.0240093824
    endloop
  endfacet
  facet normal 0.707005918 0.461924285 0.535507858
    outer loop
      vertex 0.0305401497 -0.0219771322 -0.0242476203
      vertex 0.0288747624 -0.0197043344 -0.0240093824
      vertex 0.0288747475 -0.0208586864 -0.023013629
    endloop
  endfacet
  facet normal 0.258754343 0.630926788 0.731421649
    outer loop
      vertex 0.0288747475 -0.0208586864 -0.023013629
      vertex 0.0288747624 -0.0197043344 -0.0240093824
      vertex 0.0265997667 -0.0193175897 -0.0235381667
    endloop
  endfacet
  facet normal 0.258753866 0.630926371 0.731422067
    outer loop
      vertex 0.0288747475 -0.0208586864 -0.023013629
      vertex 0.0265997667 -0.0193175897 -0.0235381667
      vertex 0.0265997536 -0.0204492863 -0.0225619581
    endloop
  endfacet
  facet normal -0.258739322 0.630932271 0.731422186
    outer loop
      vertex 0.0265997536 -0.0204492863 -0.0225619581
      vertex 0.0265997667 -0.0193175897 -0.0235381667
      vertex 0.0243247617 -0.0197042804 -0.0240093824
    endloop
  endfacet
  facet normal -0.25873825 0.630933762 0.731421232
    outer loop
      vertex 0.0265997536 -0.0204492863 -0.0225619581
      vertex 0.0243247617 -0.0197042804 -0.0240093824
      vertex 0.0243247487 -0.0208586305 -0.023013629
    endloop
  endfacet
  facet normal -0.706994593 0.461941838 0.53550756
    outer loop
      vertex 0.0243247487 -0.0208586305 -0.023013629
      vertex 0.0243247617 -0.0197042804 -0.0240093824
      vertex 0.0226593334 -0.0207607877 -0.0252967663
    endloop
  endfacet
  facet normal -0.706994712 0.46194157 0.535507619
    outer loop
      vertex 0.0243247487 -0.0208586305 -0.023013629
      vertex 0.0226593334 -0.0207607877 -0.0252967663
      vertex 0.0226593185 -0.0219770372 -0.0242476203
    endloop
  endfacet
  facet normal -0.965904355 0.169112772 0.19603461
    outer loop
      vertex 0.0226593185 -0.0219770372 -0.0242476203
      vertex 0.0226593334 -0.0207607877 -0.0252967663
      vertex 0.0220497325 -0.0222040247 -0.027055366
    endloop
  endfacet
  facet normal -0.965904295 0.16911301 0.196034566
    outer loop
      vertex 0.0226593185 -0.0219770372 -0.0242476203
      vertex 0.0220497325 -0.0222040247 -0.027055366
      vertex 0.0220497157 -0.0235048272 -0.0259332862
    endloop
  endfacet
  facet normal -0.965908349 -0.16908893 -0.196035534
    outer loop
      vertex 0.0220497157 -0.0235048272 -0.0259332862
      vertex 0.0220497325 -0.0222040247 -0.027055366
      vertex 0.0226592999 -0.0236472785 -0.0288139656
    endloop
  endfacet
  facet normal -0.965908229 -0.169089824 -0.19603543
    outer loop
      vertex 0.0220497157 -0.0235048272 -0.0259332862
      vertex 0.0226592999 -0.0236472785 -0.0288139656
      vertex 0.0226592831 -0.0250326321 -0.0276189502
    endloop
  endfacet
  facet normal -0.70700562 -0.461924344 -0.535508096
    outer loop
      vertex 0.0226592831 -0.0250326321 -0.0276189502
      vertex 0.0226592999 -0.0236472785 -0.0288139656
      vertex 0.0243247021 -0.0247038268 -0.0301013477
    endloop
  endfacet
  facet normal -0.707005322 -0.46192494 -0.535507917
    outer loop
      vertex 0.0226592831 -0.0250326321 -0.0276189502
      vertex 0.0243247021 -0.0247038268 -0.0301013477
      vertex 0.0243246853 -0.026151076 -0.0288529396
    endloop
  endfacet
  facet normal -0.258752823 -0.630927086 -0.731421947
    outer loop
      vertex 0.0243246853 -0.026151076 -0.0288529396
      vertex 0.0243247021 -0.0247038268 -0.0301013477
      vertex 0.0265996978 -0.0250905678 -0.0305725615
    endloop
  endfacet
  facet normal -0.258753955 -0.630925775 -0.731422603
    outer loop
      vertex 0.0243246853 -0.026151076 -0.0288529396
      vertex 0.0265996978 -0.0250905678 -0.0305725615
      vertex 0.0265996791 -0.0265604742 -0.0293046124
    endloop
  endfacet
  facet normal 0.258739263 -0.594283223 -0.761499465
    outer loop
      vertex 0.0265996978 -0.0250905678 -0.0305725615
      vertex 0.0265997164 -0.0235602185 -0.031766858
      vertex 0.0288747195 -0.0231971163 -0.0312772356
    endloop
  endfacet
  facet normal 0.25873825 -0.594282329 -0.761500537
    outer loop
      vertex 0.0265996978 -0.0250905678 -0.0305725615
      vertex 0.0288747195 -0.0231971163 -0.0312772356
      vertex 0.0288747028 -0.0247038808 -0.0301013477
    endloop
  endfacet
  facet normal 0.706994236 -0.435107976 -0.557530522
    outer loop
      vertex 0.0288747028 -0.0247038808 -0.0301013477
      vertex 0.0288747195 -0.0231971163 -0.0312772356
      vertex 0.0305401478 -0.022205051 -0.0299395639
    endloop
  endfacet
  facet normal 0.706994593 -0.435108244 -0.557529688
    outer loop
      vertex 0.0288747028 -0.0247038808 -0.0301013477
      vertex 0.0305401478 -0.022205051 -0.0299395639
      vertex 0.030540131 -0.0236473735 -0.0288139656
    endloop
  endfacet
  facet normal 0.965904355 -0.159289703 -0.20409672
    outer loop
      vertex 0.030540131 -0.0236473735 -0.0288139656
      vertex 0.0305401478 -0.022205051 -0.0299395639
      vertex 0.0311497487 -0.0208498426 -0.0281122662
    endloop
  endfacet
  facet normal 0.965904593 -0.159289956 -0.204095826
    outer loop
      vertex 0.030540131 -0.0236473735 -0.0288139656
      vertex 0.0311497487 -0.0208498426 -0.0281122662
      vertex 0.0311497319 -0.0222041346 -0.027055366
    endloop
  endfacet
  facet normal 0.965908229 0.15926677 0.204096749
    outer loop
      vertex 0.0311497319 -0.0222041346 -0.027055366
      vertex 0.0311497487 -0.0208498426 -0.0281122662
      vertex 0.0305401795 -0.0194946192 -0.0262849666
    endloop
  endfacet
  facet normal 0.96590817 0.159266844 0.204096451
    outer loop
      vertex 0.0311497319 -0.0222041346 -0.027055366
      vertex 0.0305401795 -0.0194946192 -0.0262849666
      vertex 0.0305401646 -0.0207608826 -0.0252967663
    endloop
  endfacet
  facet normal 0.707005799 0.435090959 0.557528973
    outer loop
      vertex 0.0305401646 -0.0207608826 -0.0252967663
      vertex 0.0305401795 -0.0194946192 -0.0262849666
      vertex 0.0288747773 -0.0185025111 -0.0249472931
    endloop
  endfacet
  facet normal 0.70700562 0.43509078 0.55752939
    outer loop
      vertex 0.0305401646 -0.0207608826 -0.0252967663
      vertex 0.0288747773 -0.0185025111 -0.0249472931
      vertex 0.0288747624 -0.0197043344 -0.0240093824
    endloop
  endfacet
  facet normal 0.25875327 0.594276369 0.761500061
    outer loop
      vertex 0.0288747624 -0.0197043344 -0.0240093824
      vertex 0.0288747773 -0.0185025111 -0.0249472931
      vertex 0.0265997816 -0.0181393549 -0.0244576707
    endloop
  endfacet
  facet normal 0.258753896 0.594277084 0.761499345
    outer loop
      vertex 0.0288747624 -0.0197043344 -0.0240093824
      vertex 0.0265997816 -0.0181393549 -0.0244576707
      vertex 0.0265997667 -0.0193175897 -0.0235381667
    endloop
  endfacet
  facet normal -0.258739084 0.594283521 0.761499286
    outer loop
      vertex 0.0265997667 -0.0193175897 -0.0235381667
      vertex 0.0265997816 -0.0181393549 -0.0244576707
      vertex 0.0243247766 -0.0185024571 -0.0249472931
    endloop
  endfacet
  facet normal -0.25873974 0.594282627 0.761499822
    outer loop
      vertex 0.0265997667 -0.0193175897 -0.0235381667
      vertex 0.0243247766 -0.0185024571 -0.0249472931
      vertex 0.0243247617 -0.0197042804 -0.0240093824
    endloop
  endfacet
  facet normal -0.706994772 0.435108334 0.557529449
    outer loop
      vertex 0.0243247617 -0.0197042804 -0.0240093824
      vertex 0.0243247766 -0.0185024571 -0.0249472931
      vertex 0.0226593483 -0.0194945242 -0.0262849666
    endloop
  endfacet
  facet normal -0.706994891 0.435108006 0.557529509
    outer loop
      vertex 0.0243247617 -0.0197042804 -0.0240093824
      vertex 0.0226593483 -0.0194945242 -0.0262849666
      vertex 0.0226593334 -0.0207607877 -0.0252967663
    endloop
  endfacet
  facet normal -0.965904415 0.159289643 0.204096526
    outer loop
      vertex 0.0226593334 -0.0207607877 -0.0252967663
      vertex 0.0226593483 -0.0194945242 -0.0262849666
      vertex 0.0220497474 -0.0208497327 -0.0281122662
    endloop
  endfacet
  facet normal -0.965904474 0.159289211 0.204096586
    outer loop
      vertex 0.0226593334 -0.0207607877 -0.0252967663
      vertex 0.0220497474 -0.0208497327 -0.0281122662
      vertex 0.0220497325 -0.0222040247 -0.027055366
    endloop
  endfacet
  facet normal -0.96590811 -0.159267679 -0.204096213
    outer loop
      vertex 0.0220497325 -0.0222040247 -0.027055366
      vertex 0.0220497474 -0.0208497327 -0.0281122662
      vertex 0.0226593167 -0.022204956 -0.0299395639
    endloop
  endfacet
  facet normal -0.965908289 -0.159266904 -0.204096273
    outer loop
      vertex 0.0220497325 -0.0222040247 -0.027055366
      vertex 0.0226593167 -0.022204956 -0.0299395639
      vertex 0.0226592999 -0.0236472785 -0.0288139656
    endloop
  endfacet
  facet normal -0.707005203 -0.435091466 -0.55752933
    outer loop
      vertex 0.0226592999 -0.0236472785 -0.0288139656
      vertex 0.0226593167 -0.022204956 -0.0299395639
      vertex 0.0243247189 -0.0231970623 -0.0312772356
    endloop
  endfacet
  facet normal -0.707005262 -0.435091347 -0.55752933
    outer loop
      vertex 0.0226592999 -0.0236472785 -0.0288139656
      vertex 0.0243247189 -0.0231970623 -0.0312772356
      vertex 0.0243247021 -0.0247038268 -0.0301013477
    endloop
  endfacet
  facet normal -0.258753091 -0.594276369 -0.76150012
    outer loop
      vertex 0.0243247021 -0.0247038268 -0.0301013477
      vertex 0.0243247189 -0.0231970623 -0.0312772356
      vertex 0.0265997164 -0.0235602185 -0.031766858
    endloop
  endfacet
  facet normal -0.258752376 -0.594277143 -0.761499703
    outer loop
      vertex 0.0243247021 -0.0247038268 -0.0301013477
      vertex 0.0265997164 -0.0235602185 -0.031766858
      vertex 0.0265996978 -0.0250905678 -0.0305725615
    endloop
  endfacet
  facet normal 0.258739352 -0.55620265 -0.789742112
    outer loop
      vertex 0.0265997164 -0.0235602185 -0.031766858
      vertex 0.026599735 -0.0219731405 -0.0328846052
      vertex 0.0288747381 -0.0216344986 -0.0323777571
    endloop
  endfacet
  facet normal 0.25873974 -0.556202948 -0.789741695
    outer loop
      vertex 0.0265997164 -0.0235602185 -0.031766858
      vertex 0.0288747381 -0.0216344986 -0.0323777571
      vertex 0.0288747195 -0.0231971163 -0.0312772356
    endloop
  endfacet
  facet normal 0.706995249 -0.407228231 -0.578206599
    outer loop
      vertex 0.0288747195 -0.0231971163 -0.0312772356
      vertex 0.0288747381 -0.0216344986 -0.0323777571
      vertex 0.0305401646 -0.020709265 -0.0309930146
    endloop
  endfacet
  facet normal 0.706994534 -0.407227606 -0.57820785
    outer loop
      vertex 0.0288747195 -0.0231971163 -0.0312772356
      vertex 0.0305401646 -0.020709265 -0.0309930146
      vertex 0.0305401478 -0.022205051 -0.0299395639
    endloop
  endfacet
  facet normal 0.965904474 -0.149083331 -0.211666852
    outer loop
      vertex 0.0305401478 -0.022205051 -0.0299395639
      vertex 0.0305401646 -0.020709265 -0.0309930146
      vertex 0.0311497655 -0.0194453485 -0.0291014221
    endloop
  endfacet
  facet normal 0.965904534 -0.149083555 -0.211666107
    outer loop
      vertex 0.0305401478 -0.022205051 -0.0299395639
      vertex 0.0311497655 -0.0194453485 -0.0291014221
      vertex 0.0311497487 -0.0208498426 -0.0281122662
    endloop
  endfacet
  facet normal 0.96590811 0.149060294 0.211665824
    outer loop
      vertex 0.0311497487 -0.0208498426 -0.0281122662
      vertex 0.0311497655 -0.0194453485 -0.0291014221
      vertex 0.0305401962 -0.0181814171 -0.0272098277
    endloop
  endfacet
  facet normal 0.96590811 0.149060041 0.211666569
    outer loop
      vertex 0.0311497487 -0.0208498426 -0.0281122662
      vertex 0.0305401962 -0.0181814171 -0.0272098277
      vertex 0.0305401795 -0.0194946192 -0.0262849666
    endloop
  endfacet
  facet normal 0.707005084 0.40721032 0.578207195
    outer loop
      vertex 0.0305401795 -0.0194946192 -0.0262849666
      vertex 0.0305401962 -0.0181814171 -0.0272098277
      vertex 0.0288747922 -0.0172561407 -0.025825087
    endloop
  endfacet
  facet normal 0.70700556 0.407210827 0.57820636
    outer loop
      vertex 0.0305401795 -0.0194946192 -0.0262849666
      vertex 0.0288747922 -0.0172561407 -0.025825087
      vertex 0.0288747773 -0.0185025111 -0.0249472931
    endloop
  endfacet
  facet normal 0.258753479 0.556196392 0.789741874
    outer loop
      vertex 0.0288747773 -0.0185025111 -0.0249472931
      vertex 0.0288747922 -0.0172561407 -0.025825087
      vertex 0.0265997946 -0.0169174448 -0.0253182352
    endloop
  endfacet
  facet normal 0.258752823 0.556195617 0.789742649
    outer loop
      vertex 0.0288747773 -0.0185025111 -0.0249472931
      vertex 0.0265997946 -0.0169174448 -0.0253182352
      vertex 0.0265997816 -0.0181393549 -0.0244576707
    endloop
  endfacet
  facet normal -0.258740544 0.5562011 0.789742708
    outer loop
      vertex 0.0265997816 -0.0181393549 -0.0244576707
      vertex 0.0265997946 -0.0169174448 -0.0253182352
      vertex 0.0243247915 -0.0172560867 -0.025825087
    endloop
  endfacet
  facet normal -0.258739531 0.55620259 0.789741993
    outer loop
      vertex 0.0265997816 -0.0181393549 -0.0244576707
      vertex 0.0243247915 -0.0172560867 -0.025825087
      vertex 0.0243247766 -0.0185024571 -0.0249472931
    endloop
  endfacet
  facet normal -0.70699513 0.407228053 0.578206837
    outer loop
      vertex 0.0243247766 -0.0185024571 -0.0249472931
      vertex 0.0243247915 -0.0172560867 -0.025825087
      vertex 0.0226593651 -0.0181813221 -0.0272098277
    endloop
  endfacet
  facet normal -0.70699507 0.407228142 0.578206837
    outer loop
      vertex 0.0243247766 -0.0185024571 -0.0249472931
      vertex 0.0226593651 -0.0181813221 -0.0272098277
      vertex 0.0226593483 -0.0194945242 -0.0262849666
    endloop
  endfacet
  facet normal -0.965904415 0.149084285 0.211665958
    outer loop
      vertex 0.0226593483 -0.0194945242 -0.0262849666
      vertex 0.0226593651 -0.0181813221 -0.0272098277
      vertex 0.0220497642 -0.0194452386 -0.0291014221
    endloop
  endfacet
  facet normal -0.965904534 0.14908348 0.211665973
    outer loop
      vertex 0.0226593483 -0.0194945242 -0.0262849666
      vertex 0.0220497642 -0.0194452386 -0.0291014221
      vertex 0.0220497474 -0.0208497327 -0.0281122662
    endloop
  endfacet
  facet normal -0.96590811 -0.149060383 -0.211665988
    outer loop
      vertex 0.0220497474 -0.0208497327 -0.0281122662
      vertex 0.0220497642 -0.0194452386 -0.0291014221
      vertex 0.0226593334 -0.02070917 -0.0309930146
    endloop
  endfacet
  facet normal -0.965908051 -0.149061084 -0.211665988
    outer loop
      vertex 0.0220497474 -0.0208497327 -0.0281122662
      vertex 0.0226593334 -0.02070917 -0.0309930146
      vertex 0.0226593167 -0.022204956 -0.0299395639
    endloop
  endfacet
  facet normal -0.70700413 -0.407211483 -0.578207552
    outer loop
      vertex 0.0226593167 -0.022204956 -0.0299395639
      vertex 0.0226593334 -0.02070917 -0.0309930146
      vertex 0.0243247394 -0.0216344446 -0.0323777534
    endloop
  endfacet
  facet normal -0.707004905 -0.407209873 -0.578207672
    outer loop
      vertex 0.0226593167 -0.022204956 -0.0299395639
      vertex 0.0243247394 -0.0216344446 -0.0323777534
      vertex 0.0243247189 -0.0231970623 -0.0312772356
    endloop
  endfacet
  facet normal -0.258753687 -0.556195199 -0.789742589
    outer loop
      vertex 0.0243247189 -0.0231970623 -0.0312772356
      vertex 0.0243247394 -0.0216344446 -0.0323777534
      vertex 0.026599735 -0.0219731405 -0.0328846052
    endloop
  endfacet
  facet normal -0.258752614 -0.556196511 -0.789742112
    outer loop
      vertex 0.0243247189 -0.0231970623 -0.0312772356
      vertex 0.026599735 -0.0219731405 -0.0328846052
      vertex 0.0265997164 -0.0235602185 -0.031766858
    endloop
  endfacet
  facet normal 0.258740515 -0.516783059 -0.816081226
    outer loop
      vertex 0.026599735 -0.0219731405 -0.0328846052
      vertex 0.0265997536 -0.0203330964 -0.0339231566
      vertex 0.0288747586 -0.0200197343 -0.0334002972
    endloop
  endfacet
  facet normal 0.258739769 -0.516782403 -0.816081941
    outer loop
      vertex 0.026599735 -0.0219731405 -0.0328846052
      vertex 0.0288747586 -0.0200197343 -0.0334002972
      vertex 0.0288747381 -0.0216344986 -0.0323777571
    endloop
  endfacet
  facet normal 0.706995189 -0.378367096 -0.597491682
    outer loop
      vertex 0.0288747381 -0.0216344986 -0.0323777571
      vertex 0.0288747586 -0.0200197343 -0.0334002972
      vertex 0.0305401832 -0.0191635601 -0.0319718271
    endloop
  endfacet
  facet normal 0.706995666 -0.378367543 -0.597490668
    outer loop
      vertex 0.0288747381 -0.0216344986 -0.0323777571
      vertex 0.0305401832 -0.0191635601 -0.0319718271
      vertex 0.0305401646 -0.020709265 -0.0309930146
    endloop
  endfacet
  facet normal 0.965904713 -0.138518557 -0.218725026
    outer loop
      vertex 0.0305401646 -0.020709265 -0.0309930146
      vertex 0.0305401832 -0.0191635601 -0.0319718271
      vertex 0.0311497822 -0.017993981 -0.0300204903
    endloop
  endfacet
  facet normal 0.965904534 -0.13851805 -0.218726322
    outer loop
      vertex 0.0305401646 -0.020709265 -0.0309930146
      vertex 0.0311497822 -0.017993981 -0.0300204903
      vertex 0.0311497655 -0.0194453485 -0.0291014221
    endloop
  endfacet
  facet normal 0.965907931 0.138495311 0.218725622
    outer loop
      vertex 0.0311497655 -0.0194453485 -0.0291014221
      vertex 0.0311497822 -0.017993981 -0.0300204903
      vertex 0.0305402111 -0.0168243889 -0.0280691572
    endloop
  endfacet
  facet normal 0.965908051 0.138495579 0.218724951
    outer loop
      vertex 0.0311497655 -0.0194453485 -0.0291014221
      vertex 0.0305402111 -0.0168243889 -0.0280691572
      vertex 0.0305401962 -0.0181814171 -0.0272098277
    endloop
  endfacet
  facet normal 0.707004905 0.378349602 0.597491026
    outer loop
      vertex 0.0305401962 -0.0181814171 -0.0272098277
      vertex 0.0305402111 -0.0168243889 -0.0280691572
      vertex 0.0288748071 -0.0159681737 -0.0266406834
    endloop
  endfacet
  facet normal 0.707004726 0.378349304 0.597491503
    outer loop
      vertex 0.0305401962 -0.0181814171 -0.0272098277
      vertex 0.0288748071 -0.0159681737 -0.0266406834
      vertex 0.0288747922 -0.0172561407 -0.025825087
    endloop
  endfacet
  facet normal 0.258752793 0.516775548 0.81608218
    outer loop
      vertex 0.0288747922 -0.0172561407 -0.025825087
      vertex 0.0288748071 -0.0159681737 -0.0266406834
      vertex 0.0265998114 -0.0156547558 -0.0261178259
    endloop
  endfacet
  facet normal 0.258753031 0.516775906 0.816081882
    outer loop
      vertex 0.0288747922 -0.0172561407 -0.025825087
      vertex 0.0265998114 -0.0156547558 -0.0261178259
      vertex 0.0265997946 -0.0169174448 -0.0253182352
    endloop
  endfacet
  facet normal -0.258740306 0.516782522 0.816081643
    outer loop
      vertex 0.0265997946 -0.0169174448 -0.0253182352
      vertex 0.0265998114 -0.0156547558 -0.0261178259
      vertex 0.0243248064 -0.0159681197 -0.0266406834
    endloop
  endfacet
  facet normal -0.258740991 0.516781449 0.81608206
    outer loop
      vertex 0.0265997946 -0.0169174448 -0.0253182352
      vertex 0.0243248064 -0.0159681197 -0.0266406834
      vertex 0.0243247915 -0.0172560867 -0.025825087
    endloop
  endfacet
  facet normal -0.706995428 0.378365993 0.597492039
    outer loop
      vertex 0.0243247915 -0.0172560867 -0.025825087
      vertex 0.0243248064 -0.0159681197 -0.0266406834
      vertex 0.02265938 -0.0168242939 -0.0280691572
    endloop
  endfacet
  facet normal -0.706995428 0.378365725 0.59749198
    outer loop
      vertex 0.0243247915 -0.0172560867 -0.025825087
      vertex 0.02265938 -0.0168242939 -0.0280691572
      vertex 0.0226593651 -0.0181813221 -0.0272098277
    endloop
  endfacet
  facet normal -0.965904891 0.138517171 0.218725532
    outer loop
      vertex 0.0226593651 -0.0181813221 -0.0272098277
      vertex 0.02265938 -0.0168242939 -0.0280691572
      vertex 0.0220497828 -0.0179938711 -0.0300204903
    endloop
  endfacet
  facet normal -0.965904593 0.13851884 0.218725592
    outer loop
      vertex 0.0226593651 -0.0181813221 -0.0272098277
      vertex 0.0220497828 -0.0179938711 -0.0300204903
      vertex 0.0220497642 -0.0194452386 -0.0291014221
    endloop
  endfacet
  facet normal -0.96590811 -0.13849394 -0.218725443
    outer loop
      vertex 0.0220497642 -0.0194452386 -0.0291014221
      vertex 0.0220497828 -0.0179938711 -0.0300204903
      vertex 0.022659352 -0.0191634651 -0.0319718234
    endloop
  endfacet
  facet normal -0.965907991 -0.138495073 -0.218725532
    outer loop
      vertex 0.0220497642 -0.0194452386 -0.0291014221
      vertex 0.022659352 -0.0191634651 -0.0319718234
      vertex 0.0226593334 -0.02070917 -0.0309930146
    endloop
  endfacet
  facet normal -0.707003891 -0.37834996 -0.597492099
    outer loop
      vertex 0.0226593334 -0.02070917 -0.0309930146
      vertex 0.022659352 -0.0191634651 -0.0319718234
      vertex 0.024324758 -0.0200196803 -0.0334002934
    endloop
  endfacet
  facet normal -0.707003772 -0.378350168 -0.597492039
    outer loop
      vertex 0.0226593334 -0.02070917 -0.0309930146
      vertex 0.024324758 -0.0200196803 -0.0334002934
      vertex 0.0243247394 -0.0216344446 -0.0323777534
    endloop
  endfacet
  facet normal -0.258754224 -0.516775846 -0.816081464
    outer loop
      vertex 0.0243247394 -0.0216344446 -0.0323777534
      vertex 0.024324758 -0.0200196803 -0.0334002934
      vertex 0.0265997536 -0.0203330964 -0.0339231566
    endloop
  endfacet
  facet normal -0.25875324 -0.516777098 -0.816081047
    outer loop
      vertex 0.0243247394 -0.0216344446 -0.0323777534
      vertex 0.0265997536 -0.0203330964 -0.0339231566
      vertex 0.026599735 -0.0219731405 -0.0328846052
    endloop
  endfacet
  facet normal 0.258740336 -0.476115674 -0.840456545
    outer loop
      vertex 0.0265997536 -0.0203330964 -0.0339231566
      vertex 0.0265997741 -0.0186440684 -0.0348799787
      vertex 0.0288747773 -0.0183567386 -0.0343423747
    endloop
  endfacet
  facet normal 0.258740991 -0.476116329 -0.840455949
    outer loop
      vertex 0.0265997536 -0.0203330964 -0.0339231566
      vertex 0.0288747773 -0.0183567386 -0.0343423747
      vertex 0.0288747586 -0.0200197343 -0.0334002972
    endloop
  endfacet
  facet normal 0.706995249 -0.348593175 -0.61533767
    outer loop
      vertex 0.0288747586 -0.0200197343 -0.0334002972
      vertex 0.0288747773 -0.0183567386 -0.0343423747
      vertex 0.0305402037 -0.0175716877 -0.0328736119
    endloop
  endfacet
  facet normal 0.706995487 -0.348593444 -0.615337312
    outer loop
      vertex 0.0288747586 -0.0200197343 -0.0334002972
      vertex 0.0305402037 -0.0175716877 -0.0328736119
      vertex 0.0305401832 -0.0191635601 -0.0319718271
    endloop
  endfacet
  facet normal 0.965904891 -0.127619386 -0.225257754
    outer loop
      vertex 0.0305401832 -0.0191635601 -0.0319718271
      vertex 0.0305402037 -0.0175716877 -0.0328736119
      vertex 0.0311498009 -0.0164992679 -0.0308672376
    endloop
  endfacet
  facet normal 0.965904891 -0.127619401 -0.225257739
    outer loop
      vertex 0.0305401832 -0.0191635601 -0.0319718271
      vertex 0.0311498009 -0.0164992679 -0.0308672376
      vertex 0.0311497822 -0.017993981 -0.0300204903
    endloop
  endfacet
  facet normal 0.965907812 0.127595857 0.225258678
    outer loop
      vertex 0.0311497822 -0.017993981 -0.0300204903
      vertex 0.0311498009 -0.0164992679 -0.0308672376
      vertex 0.0305402279 -0.0154268313 -0.0288608652
    endloop
  endfacet
  facet normal 0.965907872 0.127595991 0.225258455
    outer loop
      vertex 0.0311497822 -0.017993981 -0.0300204903
      vertex 0.0305402279 -0.0154268313 -0.0288608652
      vertex 0.0305402111 -0.0168243889 -0.0280691572
    endloop
  endfacet
  facet normal 0.707004488 0.348576128 0.615336776
    outer loop
      vertex 0.0305402111 -0.0168243889 -0.0280691572
      vertex 0.0305402279 -0.0154268313 -0.0288608652
      vertex 0.028874822 -0.0146417385 -0.0273921005
    endloop
  endfacet
  facet normal 0.707004666 0.348576248 0.615336597
    outer loop
      vertex 0.0305402111 -0.0168243889 -0.0280691572
      vertex 0.028874822 -0.0146417385 -0.0273921005
      vertex 0.0288748071 -0.0159681737 -0.0266406834
    endloop
  endfacet
  facet normal 0.258751541 0.47611019 0.840456247
    outer loop
      vertex 0.0288748071 -0.0159681737 -0.0266406834
      vertex 0.028874822 -0.0146417385 -0.0273921005
      vertex 0.0265998263 -0.0143543556 -0.0268544964
    endloop
  endfacet
  facet normal 0.258752286 0.476111144 0.840455472
    outer loop
      vertex 0.0288748071 -0.0159681737 -0.0266406834
      vertex 0.0265998263 -0.0143543556 -0.0268544964
      vertex 0.0265998114 -0.0156547558 -0.0261178259
    endloop
  endfacet
  facet normal -0.258739978 0.476117253 0.84045583
    outer loop
      vertex 0.0265998114 -0.0156547558 -0.0261178259
      vertex 0.0265998263 -0.0143543556 -0.0268544964
      vertex 0.0243248232 -0.0146416835 -0.0273921005
    endloop
  endfacet
  facet normal -0.258740753 0.476116031 0.840456247
    outer loop
      vertex 0.0265998114 -0.0156547558 -0.0261178259
      vertex 0.0243248232 -0.0146416835 -0.0273921005
      vertex 0.0243248064 -0.0159681197 -0.0266406834
    endloop
  endfacet
  facet normal -0.706995785 0.348593235 0.615337133
    outer loop
      vertex 0.0243248064 -0.0159681197 -0.0266406834
      vertex 0.0243248232 -0.0146416835 -0.0273921005
      vertex 0.0226593968 -0.0154267363 -0.0288608652
    endloop
  endfacet
  facet normal -0.706995785 0.348593295 0.615337133
    outer loop
      vertex 0.0243248064 -0.0159681197 -0.0266406834
      vertex 0.0226593968 -0.0154267363 -0.0288608652
      vertex 0.02265938 -0.0168242939 -0.0280691572
    endloop
  endfacet
  facet normal -0.965904832 0.127618939 0.225258067
    outer loop
      vertex 0.02265938 -0.0168242939 -0.0280691572
      vertex 0.0226593968 -0.0154267363 -0.0288608652
      vertex 0.0220497996 -0.016499158 -0.0308672376
    endloop
  endfacet
  facet normal -0.965904951 0.127618343 0.225258023
    outer loop
      vertex 0.02265938 -0.0168242939 -0.0280691572
      vertex 0.0220497996 -0.016499158 -0.0308672376
      vertex 0.0220497828 -0.0179938711 -0.0300204903
    endloop
  endfacet
  facet normal -0.965907753 -0.127596751 -0.225258127
    outer loop
      vertex 0.0220497828 -0.0179938711 -0.0300204903
      vertex 0.0220497996 -0.016499158 -0.0308672376
      vertex 0.0226593725 -0.0175715927 -0.0328736119
    endloop
  endfacet
  facet normal -0.965908051 -0.127595156 -0.225257933
    outer loop
      vertex 0.0220497828 -0.0179938711 -0.0300204903
      vertex 0.0226593725 -0.0175715927 -0.0328736119
      vertex 0.022659352 -0.0191634651 -0.0319718234
    endloop
  endfacet
  facet normal -0.707004011 -0.348576516 -0.615337014
    outer loop
      vertex 0.022659352 -0.0191634651 -0.0319718234
      vertex 0.0226593725 -0.0175715927 -0.0328736119
      vertex 0.0243247785 -0.0183566846 -0.0343423747
    endloop
  endfacet
  facet normal -0.707003474 -0.348577529 -0.615337014
    outer loop
      vertex 0.022659352 -0.0191634651 -0.0319718234
      vertex 0.0243247785 -0.0183566846 -0.0343423747
      vertex 0.024324758 -0.0200196803 -0.0334002934
    endloop
  endfacet
  facet normal -0.25875172 -0.476111829 -0.840455353
    outer loop
      vertex 0.024324758 -0.0200196803 -0.0334002934
      vertex 0.0243247785 -0.0183566846 -0.0343423747
      vertex 0.0265997741 -0.0186440684 -0.0348799787
    endloop
  endfacet
  facet normal -0.258753836 -0.476109177 -0.840456128
    outer loop
      vertex 0.024324758 -0.0200196803 -0.0334002934
      vertex 0.0265997741 -0.0186440684 -0.0348799787
      vertex 0.0265997536 -0.0203330964 -0.0339231566
    endloop
  endfacet
  facet normal 0.258742005 -0.43430391 -0.862805128
    outer loop
      vertex 0.0265997741 -0.0186440684 -0.0348799787
      vertex 0.0265997946 -0.0169101283 -0.0357527733
      vertex 0.0288747977 -0.0166495237 -0.0352017134
    endloop
  endfacet
  facet normal 0.258740813 -0.434302658 -0.862806082
    outer loop
      vertex 0.0265997741 -0.0186440684 -0.0348799787
      vertex 0.0288747977 -0.0166495237 -0.0352017134
      vertex 0.0288747773 -0.0183567386 -0.0343423747
    endloop
  endfacet
  facet normal 0.706996143 -0.317979455 -0.631700516
    outer loop
      vertex 0.0288747773 -0.0183567386 -0.0343423747
      vertex 0.0288747977 -0.0166495237 -0.0352017134
      vertex 0.0305402223 -0.0159374867 -0.033696197
    endloop
  endfacet
  facet normal 0.706995606 -0.317978859 -0.631701469
    outer loop
      vertex 0.0288747773 -0.0183567386 -0.0343423747
      vertex 0.0305402223 -0.0159374867 -0.033696197
      vertex 0.0305402037 -0.0175716877 -0.0328736119
    endloop
  endfacet
  facet normal 0.965904891 -0.116411671 -0.231249139
    outer loop
      vertex 0.0305402037 -0.0175716877 -0.0328736119
      vertex 0.0305402223 -0.0159374867 -0.033696197
      vertex 0.0311498195 -0.0149648059 -0.0316396207
    endloop
  endfacet
  facet normal 0.965905011 -0.116412185 -0.231248081
    outer loop
      vertex 0.0305402037 -0.0175716877 -0.0328736119
      vertex 0.0311498195 -0.0149648059 -0.0316396207
      vertex 0.0311498009 -0.0164992679 -0.0308672376
    endloop
  endfacet
  facet normal 0.965907753 0.116388939 0.231248468
    outer loop
      vertex 0.0311498009 -0.0164992679 -0.0308672376
      vertex 0.0311498195 -0.0149648059 -0.0316396207
      vertex 0.0305402465 -0.0139921093 -0.0295830444
    endloop
  endfacet
  facet normal 0.965907633 0.116388619 0.231249094
    outer loop
      vertex 0.0311498009 -0.0164992679 -0.0308672376
      vertex 0.0305402465 -0.0139921093 -0.0295830444
      vertex 0.0305402279 -0.0154268313 -0.0288608652
    endloop
  endfacet
  facet normal 0.707004011 0.317962378 0.631700218
    outer loop
      vertex 0.0305402279 -0.0154268313 -0.0288608652
      vertex 0.0305402465 -0.0139921093 -0.0295830444
      vertex 0.0288748387 -0.0132800322 -0.028077526
    endloop
  endfacet
  facet normal 0.70700407 0.317962468 0.631700099
    outer loop
      vertex 0.0305402279 -0.0154268313 -0.0288608652
      vertex 0.0288748387 -0.0132800322 -0.028077526
      vertex 0.028874822 -0.0146417385 -0.0273921005
    endloop
  endfacet
  facet normal 0.258751631 0.434296876 0.862805843
    outer loop
      vertex 0.028874822 -0.0146417385 -0.0273921005
      vertex 0.0288748387 -0.0132800322 -0.028077526
      vertex 0.0265998431 -0.0130193746 -0.027526468
    endloop
  endfacet
  facet normal 0.258751035 0.434296072 0.86280638
    outer loop
      vertex 0.028874822 -0.0146417385 -0.0273921005
      vertex 0.0265998431 -0.0130193746 -0.027526468
      vertex 0.0265998263 -0.0143543556 -0.0268544964
    endloop
  endfacet
  facet normal -0.258740842 0.434302479 0.862806141
    outer loop
      vertex 0.0265998263 -0.0143543556 -0.0268544964
      vertex 0.0265998431 -0.0130193746 -0.027526468
      vertex 0.0243248381 -0.0132799773 -0.028077526
    endloop
  endfacet
  facet normal -0.258740485 0.434302956 0.862806022
    outer loop
      vertex 0.0265998263 -0.0143543556 -0.0268544964
      vertex 0.0243248381 -0.0132799773 -0.028077526
      vertex 0.0243248232 -0.0146416835 -0.0273921005
    endloop
  endfacet
  facet normal -0.706996918 0.317978829 0.631699979
    outer loop
      vertex 0.0243248232 -0.0146416835 -0.0273921005
      vertex 0.0243248381 -0.0132799773 -0.028077526
      vertex 0.0226594154 -0.0139920143 -0.0295830444
    endloop
  endfacet
  facet normal -0.706996143 0.317980528 0.63169992
    outer loop
      vertex 0.0243248232 -0.0146416835 -0.0273921005
      vertex 0.0226594154 -0.0139920143 -0.0295830444
      vertex 0.0226593968 -0.0154267363 -0.0288608652
    endloop
  endfacet
  facet normal -0.965904891 0.116413295 0.231248304
    outer loop
      vertex 0.0226593968 -0.0154267363 -0.0288608652
      vertex 0.0226594154 -0.0139920143 -0.0295830444
      vertex 0.0220498182 -0.014964696 -0.0316396207
    endloop
  endfacet
  facet normal -0.965905011 0.11641226 0.23124817
    outer loop
      vertex 0.0226593968 -0.0154267363 -0.0288608652
      vertex 0.0220498182 -0.014964696 -0.0316396207
      vertex 0.0220497996 -0.016499158 -0.0308672376
    endloop
  endfacet
  facet normal -0.965907812 -0.116388977 -0.231248543
    outer loop
      vertex 0.0220497996 -0.016499158 -0.0308672376
      vertex 0.0220498182 -0.014964696 -0.0316396207
      vertex 0.0226593912 -0.0159373917 -0.033696197
    endloop
  endfacet
  facet normal -0.965907633 -0.116389379 -0.231248572
    outer loop
      vertex 0.0220497996 -0.016499158 -0.0308672376
      vertex 0.0226593912 -0.0159373917 -0.033696197
      vertex 0.0226593725 -0.0175715927 -0.0328736119
    endloop
  endfacet
  facet normal -0.707003832 -0.317962319 -0.631700575
    outer loop
      vertex 0.0226593725 -0.0175715927 -0.0328736119
      vertex 0.0226593912 -0.0159373917 -0.033696197
      vertex 0.024324799 -0.0166494697 -0.0352017134
    endloop
  endfacet
  facet normal -0.707003653 -0.317962527 -0.631700575
    outer loop
      vertex 0.0226593725 -0.0175715927 -0.0328736119
      vertex 0.024324799 -0.0166494697 -0.0352017134
      vertex 0.0243247785 -0.0183566846 -0.0343423747
    endloop
  endfacet
  facet normal -0.258752495 -0.43429637 -0.862805784
    outer loop
      vertex 0.0243247785 -0.0183566846 -0.0343423747
      vertex 0.024324799 -0.0166494697 -0.0352017134
      vertex 0.0265997946 -0.0169101283 -0.0357527733
    endloop
  endfacet
  facet normal -0.258751243 -0.434297889 -0.862805486
    outer loop
      vertex 0.0243247785 -0.0183566846 -0.0343423747
      vertex 0.0265997946 -0.0169101283 -0.0357527733
      vertex 0.0265997741 -0.0186440684 -0.0348799787
    endloop
  endfacet
  facet normal 0.258741409 -0.391443104 -0.883077145
    outer loop
      vertex 0.0265997946 -0.0169101283 -0.0357527733
      vertex 0.026599817 -0.0151354494 -0.0365394317
      vertex 0.0288748201 -0.0149021987 -0.0359762497
    endloop
  endfacet
  facet normal 0.258742481 -0.391444266 -0.88307631
    outer loop
      vertex 0.0265997946 -0.0169101283 -0.0357527733
      vertex 0.0288748201 -0.0149021987 -0.0359762497
      vertex 0.0288747977 -0.0166495237 -0.0352017134
    endloop
  endfacet
  facet normal 0.70699656 -0.286601156 -0.646541178
    outer loop
      vertex 0.0288747977 -0.0166495237 -0.0352017134
      vertex 0.0288748201 -0.0149021987 -0.0359762497
      vertex 0.0305402428 -0.0142648919 -0.034437608
    endloop
  endfacet
  facet normal 0.706996441 -0.286601067 -0.646541417
    outer loop
      vertex 0.0288747977 -0.0166495237 -0.0352017134
      vertex 0.0305402428 -0.0142648919 -0.034437608
      vertex 0.0305402223 -0.0159374867 -0.033696197
    endloop
  endfacet
  facet normal 0.965904951 -0.104925677 -0.23668164
    outer loop
      vertex 0.0305402223 -0.0159374867 -0.033696197
      vertex 0.0305402428 -0.0142648919 -0.034437608
      vertex 0.0311498381 -0.0133942934 -0.0323357843
    endloop
  endfacet
  facet normal 0.965904951 -0.104925677 -0.23668161
    outer loop
      vertex 0.0305402223 -0.0159374867 -0.033696197
      vertex 0.0311498381 -0.0133942934 -0.0323357843
      vertex 0.0311498195 -0.0149648059 -0.0316396207
    endloop
  endfacet
  facet normal 0.965907633 0.104902528 0.236681029
    outer loop
      vertex 0.0311498195 -0.0149648059 -0.0316396207
      vertex 0.0311498381 -0.0133942934 -0.0323357843
      vertex 0.0305402633 -0.0125236809 -0.0302339531
    endloop
  endfacet
  facet normal 0.965907574 0.104902394 0.236681208
    outer loop
      vertex 0.0311498195 -0.0149648059 -0.0316396207
      vertex 0.0305402633 -0.0125236809 -0.0302339531
      vertex 0.0305402465 -0.0139921093 -0.0295830444
    endloop
  endfacet
  facet normal 0.707003474 0.286583692 0.646541476
    outer loop
      vertex 0.0305402465 -0.0139921093 -0.0295830444
      vertex 0.0305402633 -0.0125236809 -0.0302339531
      vertex 0.0288748555 -0.0118863331 -0.0286953114
    endloop
  endfacet
  facet normal 0.707003713 0.28658399 0.646541119
    outer loop
      vertex 0.0305402465 -0.0139921093 -0.0295830444
      vertex 0.0288748555 -0.0118863331 -0.0286953114
      vertex 0.0288748387 -0.0132800322 -0.028077526
    endloop
  endfacet
  facet normal 0.258750647 0.391438425 0.883076429
    outer loop
      vertex 0.0288748387 -0.0132800322 -0.028077526
      vertex 0.0288748555 -0.0118863331 -0.0286953114
      vertex 0.026599858 -0.0116530284 -0.0281321295
    endloop
  endfacet
  facet normal 0.258751094 0.39143908 0.883076012
    outer loop
      vertex 0.0288748387 -0.0132800322 -0.028077526
      vertex 0.026599858 -0.0116530284 -0.0281321295
      vertex 0.0265998431 -0.0130193746 -0.027526468
    endloop
  endfacet
  facet normal -0.25874123 0.391444862 0.883076429
    outer loop
      vertex 0.0265998431 -0.0130193746 -0.027526468
      vertex 0.026599858 -0.0116530284 -0.0281321295
      vertex 0.0243248548 -0.0118862782 -0.0286953114
    endloop
  endfacet
  facet normal -0.258741349 0.391444653 0.883076489
    outer loop
      vertex 0.0265998431 -0.0130193746 -0.027526468
      vertex 0.0243248548 -0.0118862782 -0.0286953114
      vertex 0.0243248381 -0.0132799773 -0.028077526
    endloop
  endfacet
  facet normal -0.706996679 0.286601007 0.646541238
    outer loop
      vertex 0.0243248381 -0.0132799773 -0.028077526
      vertex 0.0243248548 -0.0118862782 -0.0286953114
      vertex 0.0226594321 -0.0125235859 -0.0302339531
    endloop
  endfacet
  facet normal -0.706997275 0.286599755 0.646541178
    outer loop
      vertex 0.0243248381 -0.0132799773 -0.028077526
      vertex 0.0226594321 -0.0125235859 -0.0302339531
      vertex 0.0226594154 -0.0139920143 -0.0295830444
    endloop
  endfacet
  facet normal -0.96590519 0.104924545 0.236681357
    outer loop
      vertex 0.0226594154 -0.0139920143 -0.0295830444
      vertex 0.0226594321 -0.0125235859 -0.0302339531
      vertex 0.0220498368 -0.0133941835 -0.0323357843
    endloop
  endfacet
  facet normal -0.965905011 0.104925655 0.236681536
    outer loop
      vertex 0.0226594154 -0.0139920143 -0.0295830444
      vertex 0.0220498368 -0.0133941835 -0.0323357843
      vertex 0.0220498182 -0.014964696 -0.0316396207
    endloop
  endfacet
  facet normal -0.965907454 -0.104902774 -0.236681581
    outer loop
      vertex 0.0220498182 -0.014964696 -0.0316396207
      vertex 0.0220498368 -0.0133941835 -0.0323357843
      vertex 0.0226594117 -0.0142647978 -0.034437608
    endloop
  endfacet
  facet normal -0.965907514 -0.104901992 -0.236681446
    outer loop
      vertex 0.0220498182 -0.014964696 -0.0316396207
      vertex 0.0226594117 -0.0142647978 -0.034437608
      vertex 0.0226593912 -0.0159373917 -0.033696197
    endloop
  endfacet
  facet normal -0.707003355 -0.28658393 -0.646541536
    outer loop
      vertex 0.0226593912 -0.0159373917 -0.033696197
      vertex 0.0226594117 -0.0142647978 -0.034437608
      vertex 0.0243248194 -0.0149021437 -0.0359762497
    endloop
  endfacet
  facet normal -0.707003355 -0.286583841 -0.646541536
    outer loop
      vertex 0.0226593912 -0.0159373917 -0.033696197
      vertex 0.0243248194 -0.0149021437 -0.0359762497
      vertex 0.024324799 -0.0166494697 -0.0352017134
    endloop
  endfacet
  facet normal -0.258750826 -0.391437918 -0.883076668
    outer loop
      vertex 0.024324799 -0.0166494697 -0.0352017134
      vertex 0.0243248194 -0.0149021437 -0.0359762497
      vertex 0.026599817 -0.0151354494 -0.0365394317
    endloop
  endfacet
  facet normal -0.258751929 -0.391436517 -0.883077025
    outer loop
      vertex 0.024324799 -0.0166494697 -0.0352017134
      vertex 0.026599817 -0.0151354494 -0.0365394317
      vertex 0.0265997946 -0.0169101283 -0.0357527733
    endloop
  endfacet
  facet normal 0.2587412 -0.347641647 -0.901220381
    outer loop
      vertex 0.026599817 -0.0151354494 -0.0365394317
      vertex 0.0265998375 -0.0133243082 -0.0372380652
      vertex 0.0288748406 -0.0131189721 -0.0366641171
    endloop
  endfacet
  facet normal 0.258741885 -0.347642362 -0.901219964
    outer loop
      vertex 0.026599817 -0.0151354494 -0.0365394317
      vertex 0.0288748406 -0.0131189721 -0.0366641171
      vertex 0.0288748201 -0.0149021987 -0.0359762497
    endloop
  endfacet
  facet normal 0.706996679 -0.254531205 -0.659825325
    outer loop
      vertex 0.0288748201 -0.0149021987 -0.0359762497
      vertex 0.0288748406 -0.0131189721 -0.0366641171
      vertex 0.0305402633 -0.0125579312 -0.0350960568
    endloop
  endfacet
  facet normal 0.706997037 -0.254531592 -0.659824908
    outer loop
      vertex 0.0288748201 -0.0149021987 -0.0359762497
      vertex 0.0305402633 -0.0125579312 -0.0350960568
      vertex 0.0305402428 -0.0142648919 -0.034437608
    endloop
  endfacet
  facet normal 0.965905249 -0.0931855068 -0.24154377
    outer loop
      vertex 0.0305402428 -0.0142648919 -0.034437608
      vertex 0.0305402633 -0.0125579312 -0.0350960568
      vertex 0.0311498567 -0.0117915142 -0.0329540409
    endloop
  endfacet
  facet normal 0.96590507 -0.0931848139 -0.241544828
    outer loop
      vertex 0.0305402428 -0.0142648919 -0.034437608
      vertex 0.0311498567 -0.0117915142 -0.0329540409
      vertex 0.0311498381 -0.0133942934 -0.0323357843
    endloop
  endfacet
  facet normal 0.965907514 0.0931620896 0.241544113
    outer loop
      vertex 0.0311498381 -0.0133942934 -0.0323357843
      vertex 0.0311498567 -0.0117915142 -0.0329540409
      vertex 0.0305402819 -0.0110250814 -0.0308120288
    endloop
  endfacet
  facet normal 0.965907514 0.0931621417 0.241544038
    outer loop
      vertex 0.0311498381 -0.0133942934 -0.0323357843
      vertex 0.0305402819 -0.0110250814 -0.0308120288
      vertex 0.0305402633 -0.0125236809 -0.0302339531
    endloop
  endfacet
  facet normal 0.707003176 0.254514635 0.659824848
    outer loop
      vertex 0.0305402633 -0.0125236809 -0.0302339531
      vertex 0.0305402819 -0.0110250814 -0.0308120288
      vertex 0.0288748723 -0.0104639996 -0.0292439666
    endloop
  endfacet
  facet normal 0.707003117 0.254514515 0.659824908
    outer loop
      vertex 0.0305402633 -0.0125236809 -0.0302339531
      vertex 0.0288748723 -0.0104639996 -0.0292439666
      vertex 0.0288748555 -0.0118863331 -0.0286953114
    endloop
  endfacet
  facet normal 0.258750111 0.347636253 0.901220024
    outer loop
      vertex 0.0288748555 -0.0118863331 -0.0286953114
      vertex 0.0288748723 -0.0104639996 -0.0292439666
      vertex 0.0265998747 -0.0102586104 -0.0286700167
    endloop
  endfacet
  facet normal 0.25875017 0.347636282 0.901219964
    outer loop
      vertex 0.0288748555 -0.0118863331 -0.0286953114
      vertex 0.0265998747 -0.0102586104 -0.0286700167
      vertex 0.026599858 -0.0116530284 -0.0281321295
    endloop
  endfacet
  facet normal -0.25874126 0.347642571 0.901220083
    outer loop
      vertex 0.026599858 -0.0116530284 -0.0281321295
      vertex 0.0265998747 -0.0102586104 -0.0286700167
      vertex 0.0243248735 -0.0104639456 -0.0292439647
    endloop
  endfacet
  facet normal -0.258741766 0.347641796 0.901220202
    outer loop
      vertex 0.026599858 -0.0116530284 -0.0281321295
      vertex 0.0243248735 -0.0104639456 -0.0292439647
      vertex 0.0243248548 -0.0118862782 -0.0286953114
    endloop
  endfacet
  facet normal -0.706997097 0.254531384 0.659824908
    outer loop
      vertex 0.0243248548 -0.0118862782 -0.0286953114
      vertex 0.0243248735 -0.0104639456 -0.0292439647
      vertex 0.0226594508 -0.0110249864 -0.0308120269
    endloop
  endfacet
  facet normal -0.706997037 0.254531413 0.659824908
    outer loop
      vertex 0.0243248548 -0.0118862782 -0.0286953114
      vertex 0.0226594508 -0.0110249864 -0.0308120269
      vertex 0.0226594321 -0.0125235859 -0.0302339531
    endloop
  endfacet
  facet normal -0.965905309 0.093185775 0.241543844
    outer loop
      vertex 0.0226594321 -0.0125235859 -0.0302339531
      vertex 0.0226594508 -0.0110249864 -0.0308120269
      vertex 0.0220498573 -0.0117914053 -0.0329540409
    endloop
  endfacet
  facet normal -0.965905309 0.0931855813 0.241543785
    outer loop
      vertex 0.0226594321 -0.0125235859 -0.0302339531
      vertex 0.0220498573 -0.0117914053 -0.0329540409
      vertex 0.0220498368 -0.0133941835 -0.0323357843
    endloop
  endfacet
  facet normal -0.965907633 -0.0931610316 -0.241544098
    outer loop
      vertex 0.0220498368 -0.0133941835 -0.0323357843
      vertex 0.0220498573 -0.0117914053 -0.0329540409
      vertex 0.0226594321 -0.0125578372 -0.0350960568
    endloop
  endfacet
  facet normal -0.965907335 -0.0931626186 -0.241544589
    outer loop
      vertex 0.0220498368 -0.0133941835 -0.0323357843
      vertex 0.0226594321 -0.0125578372 -0.0350960568
      vertex 0.0226594117 -0.0142647978 -0.034437608
    endloop
  endfacet
  facet normal -0.707002997 -0.254514635 -0.659824967
    outer loop
      vertex 0.0226594117 -0.0142647978 -0.034437608
      vertex 0.0226594321 -0.0125578372 -0.0350960568
      vertex 0.0243248399 -0.0131189171 -0.0366641171
    endloop
  endfacet
  facet normal -0.707002938 -0.254514813 -0.659824967
    outer loop
      vertex 0.0226594117 -0.0142647978 -0.034437608
      vertex 0.0243248399 -0.0131189171 -0.0366641171
      vertex 0.0243248194 -0.0149021437 -0.0359762497
    endloop
  endfacet
  facet normal -0.258749694 -0.347636461 -0.901220024
    outer loop
      vertex 0.0243248194 -0.0149021437 -0.0359762497
      vertex 0.0243248399 -0.0131189171 -0.0366641171
      vertex 0.0265998375 -0.0133243082 -0.0372380652
    endloop
  endfacet
  facet normal -0.25875029 -0.347635657 -0.901220083
    outer loop
      vertex 0.0243248194 -0.0149021437 -0.0359762497
      vertex 0.0265998375 -0.0133243082 -0.0372380652
      vertex 0.026599817 -0.0151354494 -0.0365394317
    endloop
  endfacet
  facet normal 0.258742541 -0.303004444 -0.917191684
    outer loop
      vertex 0.0265998375 -0.0133243082 -0.0372380652
      vertex 0.0265998598 -0.0114810681 -0.0378469937
      vertex 0.0288748629 -0.011304142 -0.0372636579
    endloop
  endfacet
  facet normal 0.258741736 -0.30300355 -0.917192221
    outer loop
      vertex 0.0265998375 -0.0133243082 -0.0372380652
      vertex 0.0288748629 -0.011304142 -0.0372636579
      vertex 0.0288748406 -0.0131189721 -0.0366641171
    endloop
  endfacet
  facet normal 0.706997335 -0.221849263 -0.671518922
    outer loop
      vertex 0.0288748406 -0.0131189721 -0.0366641171
      vertex 0.0288748629 -0.011304142 -0.0372636579
      vertex 0.0305402838 -0.0108207176 -0.0356699564
    endloop
  endfacet
  facet normal 0.706997037 -0.221848965 -0.67151922
    outer loop
      vertex 0.0288748406 -0.0131189721 -0.0366641171
      vertex 0.0305402838 -0.0108207176 -0.0356699564
      vertex 0.0305402633 -0.0125579312 -0.0350960568
    endloop
  endfacet
  facet normal 0.965905249 -0.0812213495 -0.24582532
    outer loop
      vertex 0.0305402633 -0.0125579312 -0.0350960568
      vertex 0.0305402838 -0.0108207176 -0.0356699564
      vertex 0.0311498772 -0.0101603279 -0.0334929153
    endloop
  endfacet
  facet normal 0.965905428 -0.0812220126 -0.245824412
    outer loop
      vertex 0.0305402633 -0.0125579312 -0.0350960568
      vertex 0.0311498772 -0.0101603279 -0.0334929153
      vertex 0.0311498567 -0.0117915142 -0.0329540409
    endloop
  endfacet
  facet normal 0.965907335 0.0811979547 0.245824963
    outer loop
      vertex 0.0311498567 -0.0117915142 -0.0329540409
      vertex 0.0311498772 -0.0101603279 -0.0334929153
      vertex 0.0305403005 -0.00949992239 -0.0313158743
    endloop
  endfacet
  facet normal 0.965907395 0.0811979771 0.245824978
    outer loop
      vertex 0.0311498567 -0.0117915142 -0.0329540409
      vertex 0.0305403005 -0.00949992239 -0.0313158743
      vertex 0.0305402819 -0.0110250814 -0.0308120288
    endloop
  endfacet
  facet normal 0.707002938 0.221831679 0.671518803
    outer loop
      vertex 0.0305402819 -0.0110250814 -0.0308120288
      vertex 0.0305403005 -0.00949992239 -0.0313158743
      vertex 0.0288748909 -0.00901645795 -0.0297221709
    endloop
  endfacet
  facet normal 0.707002759 0.221831366 0.671519101
    outer loop
      vertex 0.0305402819 -0.0110250814 -0.0308120288
      vertex 0.0288748909 -0.00901645795 -0.0297221709
      vertex 0.0288748723 -0.0104639996 -0.0292439666
    endloop
  endfacet
  facet normal 0.258749694 0.302996814 0.917192161
    outer loop
      vertex 0.0288748723 -0.0104639996 -0.0292439666
      vertex 0.0288748909 -0.00901645795 -0.0297221709
      vertex 0.0265998915 -0.00883947778 -0.0291388351
    endloop
  endfacet
  facet normal 0.258749574 0.302996606 0.91719234
    outer loop
      vertex 0.0288748723 -0.0104639996 -0.0292439666
      vertex 0.0265998915 -0.00883947778 -0.0291388351
      vertex 0.0265998747 -0.0102586104 -0.0286700167
    endloop
  endfacet
  facet normal -0.25874275 0.303002685 0.917192221
    outer loop
      vertex 0.0265998747 -0.0102586104 -0.0286700167
      vertex 0.0265998915 -0.00883947778 -0.0291388351
      vertex 0.0243248902 -0.00901640393 -0.0297221709
    endloop
  endfacet
  facet normal -0.258741826 0.303004235 0.917192042
    outer loop
      vertex 0.0265998747 -0.0102586104 -0.0286700167
      vertex 0.0243248902 -0.00901640393 -0.0297221709
      vertex 0.0243248735 -0.0104639456 -0.0292439647
    endloop
  endfacet
  facet normal -0.706997693 0.221849367 0.671518564
    outer loop
      vertex 0.0243248735 -0.0104639456 -0.0292439647
      vertex 0.0243248902 -0.00901640393 -0.0297221709
      vertex 0.0226594694 -0.0094998274 -0.0313158743
    endloop
  endfacet
  facet normal -0.706997514 0.22184968 0.671518564
    outer loop
      vertex 0.0243248735 -0.0104639456 -0.0292439647
      vertex 0.0226594694 -0.0094998274 -0.0313158743
      vertex 0.0226594508 -0.0110249864 -0.0308120269
    endloop
  endfacet
  facet normal -0.965905309 0.0812219009 0.245825067
    outer loop
      vertex 0.0226594508 -0.0110249864 -0.0308120269
      vertex 0.0226594694 -0.0094998274 -0.0313158743
      vertex 0.0220498759 -0.0101602189 -0.0334929153
    endloop
  endfacet
  facet normal -0.965905428 0.0812210962 0.245824859
    outer loop
      vertex 0.0226594508 -0.0110249864 -0.0308120269
      vertex 0.0220498759 -0.0101602189 -0.0334929153
      vertex 0.0220498573 -0.0117914053 -0.0329540409
    endloop
  endfacet
  facet normal -0.965907335 -0.081198968 -0.245824724
    outer loop
      vertex 0.0220498573 -0.0117914053 -0.0329540409
      vertex 0.0220498759 -0.0101602189 -0.0334929153
      vertex 0.0226594526 -0.0108206235 -0.0356699564
    endloop
  endfacet
  facet normal -0.965907395 -0.0811982825 -0.245824456
    outer loop
      vertex 0.0220498573 -0.0117914053 -0.0329540409
      vertex 0.0226594526 -0.0108206235 -0.0356699564
      vertex 0.0226594321 -0.0125578372 -0.0350960568
    endloop
  endfacet
  facet normal -0.707002521 -0.22183226 -0.671519101
    outer loop
      vertex 0.0226594321 -0.0125578372 -0.0350960568
      vertex 0.0226594526 -0.0108206235 -0.0356699564
      vertex 0.0243248623 -0.011304087 -0.0372636579
    endloop
  endfacet
  facet normal -0.707002699 -0.221831903 -0.671518981
    outer loop
      vertex 0.0226594321 -0.0125578372 -0.0350960568
      vertex 0.0243248623 -0.011304087 -0.0372636579
      vertex 0.0243248399 -0.0131189171 -0.0366641171
    endloop
  endfacet
  facet normal -0.258750051 -0.302997082 -0.917192042
    outer loop
      vertex 0.0243248399 -0.0131189171 -0.0366641171
      vertex 0.0243248623 -0.011304087 -0.0372636579
      vertex 0.0265998598 -0.0114810681 -0.0378469937
    endloop
  endfacet
  facet normal -0.258749127 -0.302998245 -0.917191923
    outer loop
      vertex 0.0243248399 -0.0131189171 -0.0366641171
      vertex 0.0265998598 -0.0114810681 -0.0378469937
      vertex 0.0265998375 -0.0133243082 -0.0372380652
    endloop
  endfacet
  facet normal 0.258742869 -0.257631242 -0.930955589
    outer loop
      vertex 0.0265998598 -0.0114810681 -0.0378469937
      vertex 0.0265998822 -0.00961020589 -0.0383647271
      vertex 0.0288748853 -0.00946211629 -0.0377734117
    endloop
  endfacet
  facet normal 0.258743048 -0.25763151 -0.93095535
    outer loop
      vertex 0.0265998598 -0.0114810681 -0.0378469937
      vertex 0.0288748853 -0.00946211629 -0.0377734117
      vertex 0.0288748629 -0.011304142 -0.0372636579
    endloop
  endfacet
  facet normal 0.706997693 -0.188630313 -0.681595802
    outer loop
      vertex 0.0288748629 -0.011304142 -0.0372636579
      vertex 0.0288748853 -0.00946211629 -0.0377734117
      vertex 0.0305403043 -0.00905747246 -0.0361579098
    endloop
  endfacet
  facet normal 0.706997752 -0.188630328 -0.681595743
    outer loop
      vertex 0.0288748629 -0.011304142 -0.0372636579
      vertex 0.0305403043 -0.00905747246 -0.0361579098
      vertex 0.0305402838 -0.0108207176 -0.0356699564
    endloop
  endfacet
  facet normal 0.965905547 -0.0690607503 -0.249514073
    outer loop
      vertex 0.0305402838 -0.0108207176 -0.0356699564
      vertex 0.0305403043 -0.00905747246 -0.0361579098
      vertex 0.0311498959 -0.00850469805 -0.0339510888
    endloop
  endfacet
  facet normal 0.965905428 -0.0690606087 -0.249514207
    outer loop
      vertex 0.0305402838 -0.0108207176 -0.0356699564
      vertex 0.0311498959 -0.00850469805 -0.0339510888
      vertex 0.0311498772 -0.0101603279 -0.0334929153
    endloop
  endfacet
  facet normal 0.965907276 0.0690385625 0.249513134
    outer loop
      vertex 0.0311498772 -0.0101603279 -0.0334929153
      vertex 0.0311498959 -0.00850469805 -0.0339510888
      vertex 0.0305403192 -0.00795190874 -0.0317442678
    endloop
  endfacet
  facet normal 0.965907097 0.0690381378 0.249513566
    outer loop
      vertex 0.0311498772 -0.0101603279 -0.0334929153
      vertex 0.0305403192 -0.00795190874 -0.0317442678
      vertex 0.0305403005 -0.00949992239 -0.0313158743
    endloop
  endfacet
  facet normal 0.707002521 0.188614443 0.681595147
    outer loop
      vertex 0.0305403005 -0.00949992239 -0.0313158743
      vertex 0.0305403192 -0.00795190874 -0.0317442678
      vertex 0.0288749076 -0.00754722441 -0.0301287621
    endloop
  endfacet
  facet normal 0.70700264 0.188614517 0.681595087
    outer loop
      vertex 0.0305403005 -0.00949992239 -0.0313158743
      vertex 0.0288749076 -0.00754722441 -0.0301287621
      vertex 0.0288748909 -0.00901645795 -0.0297221709
    endloop
  endfacet
  facet normal 0.258749247 0.257626712 0.930955052
    outer loop
      vertex 0.0288748909 -0.00901645795 -0.0297221709
      vertex 0.0288749076 -0.00754722441 -0.0301287621
      vertex 0.0265999101 -0.00739908032 -0.0295374468
    endloop
  endfacet
  facet normal 0.258749157 0.257626593 0.930955052
    outer loop
      vertex 0.0288748909 -0.00901645795 -0.0297221709
      vertex 0.0265999101 -0.00739908032 -0.0295374468
      vertex 0.0265998915 -0.00883947778 -0.0291388351
    endloop
  endfacet
  facet normal -0.258742809 0.257633269 0.930954993
    outer loop
      vertex 0.0265998915 -0.00883947778 -0.0291388351
      vertex 0.0265999101 -0.00739908032 -0.0295374468
      vertex 0.024324907 -0.00754716992 -0.0301287621
    endloop
  endfacet
  facet normal -0.258743316 0.257632583 0.930955172
    outer loop
      vertex 0.0265998915 -0.00883947778 -0.0291388351
      vertex 0.024324907 -0.00754716992 -0.0301287621
      vertex 0.0243248902 -0.00901640393 -0.0297221709
    endloop
  endfacet
  facet normal -0.706998527 0.188630521 0.681594908
    outer loop
      vertex 0.0243248902 -0.00901640393 -0.0297221709
      vertex 0.024324907 -0.00754716992 -0.0301287621
      vertex 0.022659488 -0.00795181375 -0.0317442678
    endloop
  endfacet
  facet normal -0.70699805 0.188631415 0.681595087
    outer loop
      vertex 0.0243248902 -0.00901640393 -0.0297221709
      vertex 0.022659488 -0.00795181375 -0.0317442678
      vertex 0.0226594694 -0.0094998274 -0.0313158743
    endloop
  endfacet
  facet normal -0.965905488 0.069061473 0.24951385
    outer loop
      vertex 0.0226594694 -0.0094998274 -0.0313158743
      vertex 0.022659488 -0.00795181375 -0.0317442678
      vertex 0.0220498964 -0.00850458909 -0.0339510888
    endloop
  endfacet
  facet normal -0.965905428 0.0690615773 0.249513865
    outer loop
      vertex 0.0226594694 -0.0094998274 -0.0313158743
      vertex 0.0220498964 -0.00850458909 -0.0339510888
      vertex 0.0220498759 -0.0101602189 -0.0334929153
    endloop
  endfacet
  facet normal -0.965907335 -0.0690375417 -0.249513373
    outer loop
      vertex 0.0220498759 -0.0101602189 -0.0334929153
      vertex 0.0220498964 -0.00850458909 -0.0339510888
      vertex 0.0226594731 -0.0090573784 -0.0361579098
    endloop
  endfacet
  facet normal -0.965907156 -0.0690381825 -0.249513611
    outer loop
      vertex 0.0220498759 -0.0101602189 -0.0334929153
      vertex 0.0226594731 -0.0090573784 -0.0361579098
      vertex 0.0226594526 -0.0108206235 -0.0356699564
    endloop
  endfacet
  facet normal -0.707001686 -0.188613981 -0.68159616
    outer loop
      vertex 0.0226594526 -0.0108206235 -0.0356699564
      vertex 0.0226594731 -0.0090573784 -0.0361579098
      vertex 0.0243248846 -0.00946206134 -0.0377734117
    endloop
  endfacet
  facet normal -0.707002103 -0.188613191 -0.681595981
    outer loop
      vertex 0.0226594526 -0.0108206235 -0.0356699564
      vertex 0.0243248846 -0.00946206134 -0.0377734117
      vertex 0.0243248623 -0.011304087 -0.0372636579
    endloop
  endfacet
  facet normal -0.258749306 -0.257625252 -0.93095547
    outer loop
      vertex 0.0243248623 -0.011304087 -0.0372636579
      vertex 0.0243248846 -0.00946206134 -0.0377734117
      vertex 0.0265998822 -0.00961020589 -0.0383647271
    endloop
  endfacet
  facet normal -0.258749455 -0.257625043 -0.93095547
    outer loop
      vertex 0.0243248623 -0.011304087 -0.0372636579
      vertex 0.0265998822 -0.00961020589 -0.0383647271
      vertex 0.0265998598 -0.0114810681 -0.0378469937
    endloop
  endfacet
  facet normal 0.258743763 -0.211645097 -0.942474425
    outer loop
      vertex 0.0265998822 -0.00961020589 -0.0383647271
      vertex 0.0265999045 -0.00771615701 -0.0387900546
      vertex 0.0288749076 -0.00759726018 -0.0381921828
    endloop
  endfacet
  facet normal 0.258743405 -0.211644709 -0.942474663
    outer loop
      vertex 0.0265998822 -0.00961020589 -0.0383647271
      vertex 0.0288749076 -0.00759726018 -0.0381921828
      vertex 0.0288748853 -0.00946211629 -0.0377734117
    endloop
  endfacet
  facet normal 0.70699811 -0.154961124 -0.690029502
    outer loop
      vertex 0.0288748853 -0.00946211629 -0.0377734117
      vertex 0.0288749076 -0.00759726018 -0.0381921828
      vertex 0.0305403266 -0.00727237342 -0.0365587696
    endloop
  endfacet
  facet normal 0.70699811 -0.154961109 -0.690029502
    outer loop
      vertex 0.0288748853 -0.00946211629 -0.0377734117
      vertex 0.0305403266 -0.00727237342 -0.0365587696
      vertex 0.0305403043 -0.00905747246 -0.0361579098
    endloop
  endfacet
  facet normal 0.965905726 -0.0567358695 -0.252600849
    outer loop
      vertex 0.0305403043 -0.00905747246 -0.0361579098
      vertex 0.0305403266 -0.00727237342 -0.0365587696
      vertex 0.0311499164 -0.00682854885 -0.0343274809
    endloop
  endfacet
  facet normal 0.965905607 -0.0567354038 -0.252601445
    outer loop
      vertex 0.0305403043 -0.00905747246 -0.0361579098
      vertex 0.0311499164 -0.00682854885 -0.0343274809
      vertex 0.0311498959 -0.00850469805 -0.0339510888
    endloop
  endfacet
  facet normal 0.965907037 0.0567117371 0.252601236
    outer loop
      vertex 0.0311498959 -0.00850469805 -0.0339510888
      vertex 0.0311499164 -0.00682854885 -0.0343274809
      vertex 0.0305403378 -0.00638470938 -0.032096196
    endloop
  endfacet
  facet normal 0.965907097 0.0567121767 0.252600729
    outer loop
      vertex 0.0311498959 -0.00850469805 -0.0339510888
      vertex 0.0305403378 -0.00638470938 -0.032096196
      vertex 0.0305403192 -0.00795190874 -0.0317442678
    endloop
  endfacet
  facet normal 0.70700258 0.154943541 0.690028846
    outer loop
      vertex 0.0305403192 -0.00795190874 -0.0317442678
      vertex 0.0305403378 -0.00638470938 -0.032096196
      vertex 0.0288749263 -0.00605978165 -0.0304627791
    endloop
  endfacet
  facet normal 0.707002163 0.154942691 0.690029442
    outer loop
      vertex 0.0305403192 -0.00795190874 -0.0317442678
      vertex 0.0288749263 -0.00605978165 -0.0304627791
      vertex 0.0288749076 -0.00754722441 -0.0301287621
    endloop
  endfacet
  facet normal 0.258748204 0.211636946 0.942475021
    outer loop
      vertex 0.0288749076 -0.00754722441 -0.0301287621
      vertex 0.0288749263 -0.00605978165 -0.0304627791
      vertex 0.0265999269 -0.00594083034 -0.0298649091
    endloop
  endfacet
  facet normal 0.25874868 0.211637676 0.942474723
    outer loop
      vertex 0.0288749076 -0.00754722441 -0.0301287621
      vertex 0.0265999269 -0.00594083034 -0.0298649091
      vertex 0.0265999101 -0.00739908032 -0.0295374468
    endloop
  endfacet
  facet normal -0.258743227 0.211643651 0.942474902
    outer loop
      vertex 0.0265999101 -0.00739908032 -0.0295374468
      vertex 0.0265999269 -0.00594083034 -0.0298649091
      vertex 0.0243249256 -0.00605972717 -0.0304627791
    endloop
  endfacet
  facet normal -0.258743376 0.211643413 0.942474842
    outer loop
      vertex 0.0265999101 -0.00739908032 -0.0295374468
      vertex 0.0243249256 -0.00605972717 -0.0304627791
      vertex 0.024324907 -0.00754716992 -0.0301287621
    endloop
  endfacet
  facet normal -0.706998944 0.15496026 0.690028846
    outer loop
      vertex 0.024324907 -0.00754716992 -0.0301287621
      vertex 0.0243249256 -0.00605972717 -0.0304627791
      vertex 0.0226595066 -0.00638461486 -0.032096196
    endloop
  endfacet
  facet normal -0.706998944 0.154960424 0.690028965
    outer loop
      vertex 0.024324907 -0.00754716992 -0.0301287621
      vertex 0.0226595066 -0.00638461486 -0.032096196
      vertex 0.022659488 -0.00795181375 -0.0317442678
    endloop
  endfacet
  facet normal -0.965905428 0.0567354858 0.2526021
    outer loop
      vertex 0.022659488 -0.00795181375 -0.0317442678
      vertex 0.0226595066 -0.00638461486 -0.032096196
      vertex 0.022049915 -0.00682843942 -0.0343274809
    endloop
  endfacet
  facet normal -0.965905666 0.0567343384 0.252601624
    outer loop
      vertex 0.022659488 -0.00795181375 -0.0317442678
      vertex 0.022049915 -0.00682843942 -0.0343274809
      vertex 0.0220498964 -0.00850458909 -0.0339510888
    endloop
  endfacet
  facet normal -0.965906858 -0.0567128211 -0.252601355
    outer loop
      vertex 0.0220498964 -0.00850458909 -0.0339510888
      vertex 0.022049915 -0.00682843942 -0.0343274809
      vertex 0.0226594955 -0.00727227889 -0.0365587696
    endloop
  endfacet
  facet normal -0.965907156 -0.0567116663 -0.252600878
    outer loop
      vertex 0.0220498964 -0.00850458909 -0.0339510888
      vertex 0.0226594955 -0.00727227889 -0.0365587696
      vertex 0.0226594731 -0.0090573784 -0.0361579098
    endloop
  endfacet
  facet normal -0.707001746 -0.154943421 -0.690029681
    outer loop
      vertex 0.0226594731 -0.0090573784 -0.0361579098
      vertex 0.0226594955 -0.00727227889 -0.0365587696
      vertex 0.024324907 -0.00759720569 -0.0381921828
    endloop
  endfacet
  facet normal -0.707001269 -0.15494433 -0.690029979
    outer loop
      vertex 0.0226594731 -0.0090573784 -0.0361579098
      vertex 0.024324907 -0.00759720569 -0.0381921828
      vertex 0.0243248846 -0.00946206134 -0.0377734117
    endloop
  endfacet
  facet normal -0.258749098 -0.21163848 -0.942474365
    outer loop
      vertex 0.0243248846 -0.00946206134 -0.0377734117
      vertex 0.024324907 -0.00759720569 -0.0381921828
      vertex 0.0265999045 -0.00771615701 -0.0387900546
    endloop
  endfacet
  facet normal -0.25874871 -0.211638972 -0.942474425
    outer loop
      vertex 0.0243248846 -0.00946206134 -0.0377734117
      vertex 0.0265999045 -0.00771615701 -0.0387900546
      vertex 0.0265998822 -0.00961020589 -0.0383647271
    endloop
  endfacet
  facet normal 0.258742929 -0.165141806 -0.951724887
    outer loop
      vertex 0.0265999045 -0.00771615701 -0.0387900546
      vertex 0.0265999287 -0.00580351986 -0.0391219258
      vertex 0.02887493 -0.00571410218 -0.0385189429
    endloop
  endfacet
  facet normal 0.258744329 -0.165143505 -0.951724231
    outer loop
      vertex 0.0265999045 -0.00771615701 -0.0387900546
      vertex 0.02887493 -0.00571410218 -0.0385189429
      vertex 0.0288749076 -0.00759726018 -0.0381921828
    endloop
  endfacet
  facet normal 0.706999242 -0.120915271 -0.696801007
    outer loop
      vertex 0.0288749076 -0.00759726018 -0.0381921828
      vertex 0.02887493 -0.00571410218 -0.0385189429
      vertex 0.0305403471 -0.0054697548 -0.0368715525
    endloop
  endfacet
  facet normal 0.706998527 -0.120914169 -0.696801901
    outer loop
      vertex 0.0288749076 -0.00759726018 -0.0381921828
      vertex 0.0305403471 -0.0054697548 -0.0368715525
      vertex 0.0305403266 -0.00727237342 -0.0365587696
    endloop
  endfacet
  facet normal 0.965905666 -0.0442715399 -0.255080849
    outer loop
      vertex 0.0305403266 -0.00727237342 -0.0365587696
      vertex 0.0305403471 -0.0054697548 -0.0368715525
      vertex 0.0311499368 -0.00513594924 -0.0346211754
    endloop
  endfacet
  facet normal 0.965905845 -0.044272352 -0.255080014
    outer loop
      vertex 0.0305403266 -0.00727237342 -0.0365587696
      vertex 0.0311499368 -0.00513594924 -0.0346211754
      vertex 0.0311499164 -0.00682854885 -0.0343274809
    endloop
  endfacet
  facet normal 0.965906858 0.0442490093 0.255080223
    outer loop
      vertex 0.0311499164 -0.00682854885 -0.0343274809
      vertex 0.0311499368 -0.00513594924 -0.0346211754
      vertex 0.0305403564 -0.00480212877 -0.0323707983
    endloop
  endfacet
  facet normal 0.965906918 0.0442490056 0.255080253
    outer loop
      vertex 0.0311499164 -0.00682854885 -0.0343274809
      vertex 0.0305403564 -0.00480212877 -0.0323707983
      vertex 0.0305403378 -0.00638470938 -0.032096196
    endloop
  endfacet
  facet normal 0.707001626 0.120897561 0.696801543
    outer loop
      vertex 0.0305403378 -0.00638470938 -0.032096196
      vertex 0.0305403564 -0.00480212877 -0.0323707983
      vertex 0.028874943 -0.00455774087 -0.0307234079
    endloop
  endfacet
  facet normal 0.707002163 0.120898515 0.696800828
    outer loop
      vertex 0.0305403378 -0.00638470938 -0.032096196
      vertex 0.028874943 -0.00455774087 -0.0307234079
      vertex 0.0288749263 -0.00605978165 -0.0304627791
    endloop
  endfacet
  facet normal 0.258747756 0.165136933 0.95172435
    outer loop
      vertex 0.0288749263 -0.00605978165 -0.0304627791
      vertex 0.028874943 -0.00455774087 -0.0307234079
      vertex 0.0265999455 -0.00446826871 -0.0301204231
    endloop
  endfacet
  facet normal 0.258747637 0.165136769 0.95172447
    outer loop
      vertex 0.0288749263 -0.00605978165 -0.0304627791
      vertex 0.0265999455 -0.00446826871 -0.0301204231
      vertex 0.0265999269 -0.00594083034 -0.0298649091
    endloop
  endfacet
  facet normal -0.258743614 0.165143296 0.95172447
    outer loop
      vertex 0.0265999269 -0.00594083034 -0.0298649091
      vertex 0.0265999455 -0.00446826871 -0.0301204231
      vertex 0.0243249442 -0.00455768593 -0.0307234079
    endloop
  endfacet
  facet normal -0.258743793 0.165142983 0.95172441
    outer loop
      vertex 0.0265999269 -0.00594083034 -0.0298649091
      vertex 0.0243249442 -0.00455768593 -0.0307234079
      vertex 0.0243249256 -0.00605972717 -0.0304627791
    endloop
  endfacet
  facet normal -0.706998885 0.120915219 0.696801364
    outer loop
      vertex 0.0243249256 -0.00605972717 -0.0304627791
      vertex 0.0243249442 -0.00455768593 -0.0307234079
      vertex 0.0226595253 -0.00480203424 -0.0323707983
    endloop
  endfacet
  facet normal -0.706999302 0.120914109 0.696801066
    outer loop
      vertex 0.0243249256 -0.00605972717 -0.0304627791
      vertex 0.0226595253 -0.00480203424 -0.0323707983
      vertex 0.0226595066 -0.00638461486 -0.032096196
    endloop
  endfacet
  facet normal -0.965905666 0.0442718491 0.255080819
    outer loop
      vertex 0.0226595066 -0.00638461486 -0.032096196
      vertex 0.0226595253 -0.00480203424 -0.0323707983
      vertex 0.0220499355 -0.00513583981 -0.0346211754
    endloop
  endfacet
  facet normal -0.965905607 0.0442725532 0.255081147
    outer loop
      vertex 0.0226595066 -0.00638461486 -0.032096196
      vertex 0.0220499355 -0.00513583981 -0.0346211754
      vertex 0.022049915 -0.00682843942 -0.0343274809
    endloop
  endfacet
  facet normal -0.965906858 -0.0442490056 -0.255080223
    outer loop
      vertex 0.022049915 -0.00682843942 -0.0343274809
      vertex 0.0220499355 -0.00513583981 -0.0346211754
      vertex 0.022659516 -0.00546966027 -0.0368715525
    endloop
  endfacet
  facet normal -0.965906739 -0.0442495346 -0.255080491
    outer loop
      vertex 0.022049915 -0.00682843942 -0.0343274809
      vertex 0.022659516 -0.00546966027 -0.0368715525
      vertex 0.0226594955 -0.00727227889 -0.0365587696
    endloop
  endfacet
  facet normal -0.707001686 -0.120898023 -0.696801484
    outer loop
      vertex 0.0226594955 -0.00727227889 -0.0365587696
      vertex 0.022659516 -0.00546966027 -0.0368715525
      vertex 0.0243249293 -0.0057140477 -0.0385189429
    endloop
  endfacet
  facet normal -0.707001388 -0.120898589 -0.696801722
    outer loop
      vertex 0.0226594955 -0.00727227889 -0.0365587696
      vertex 0.0243249293 -0.0057140477 -0.0385189429
      vertex 0.024324907 -0.00759720569 -0.0381921828
    endloop
  endfacet
  facet normal -0.258746833 -0.16513741 -0.951724589
    outer loop
      vertex 0.024324907 -0.00759720569 -0.0381921828
      vertex 0.0243249293 -0.0057140477 -0.0385189429
      vertex 0.0265999287 -0.00580351986 -0.0391219258
    endloop
  endfacet
  facet normal -0.258748561 -0.16513522 -0.951724529
    outer loop
      vertex 0.024324907 -0.00759720569 -0.0381921828
      vertex 0.0265999287 -0.00580351986 -0.0391219258
      vertex 0.0265999045 -0.00771615701 -0.0387900546
    endloop
  endfacet
  facet normal 0.258744687 -0.1182466 -0.958680809
    outer loop
      vertex 0.0265999287 -0.00580351986 -0.0391219258
      vertex 0.0265999511 -0.00387690216 -0.0393595546
      vertex 0.0288749523 -0.00381717971 -0.038752906
    endloop
  endfacet
  facet normal 0.258743465 -0.11824514 -0.958681345
    outer loop
      vertex 0.0265999287 -0.00580351986 -0.0391219258
      vertex 0.0288749523 -0.00381717971 -0.038752906
      vertex 0.02887493 -0.00571410218 -0.0385189429
    endloop
  endfacet
  facet normal 0.706998646 -0.0865788758 -0.701895237
    outer loop
      vertex 0.02887493 -0.00571410218 -0.0385189429
      vertex 0.0288749523 -0.00381717971 -0.038752906
      vertex 0.0305403695 -0.00365396007 -0.0370955132
    endloop
  endfacet
  facet normal 0.70699966 -0.0865805671 -0.701894104
    outer loop
      vertex 0.02887493 -0.00571410218 -0.0385189429
      vertex 0.0305403695 -0.00365396007 -0.0370955132
      vertex 0.0305403471 -0.0054697548 -0.0368715525
    endloop
  endfacet
  facet normal 0.965905905 -0.031703528 -0.256944627
    outer loop
      vertex 0.0305403471 -0.0054697548 -0.0368715525
      vertex 0.0305403695 -0.00365396007 -0.0370955132
      vertex 0.0311499573 -0.0034309777 -0.0348314643
    endloop
  endfacet
  facet normal 0.965905845 -0.0317029059 -0.256945252
    outer loop
      vertex 0.0305403471 -0.0054697548 -0.0368715525
      vertex 0.0311499573 -0.0034309777 -0.0348314643
      vertex 0.0311499368 -0.00513594924 -0.0346211754
    endloop
  endfacet
  facet normal 0.96590662 0.0316796452 0.256944984
    outer loop
      vertex 0.0311499368 -0.00513594924 -0.0346211754
      vertex 0.0311499573 -0.0034309777 -0.0348314643
      vertex 0.030540375 -0.00320798066 -0.0325674191
    endloop
  endfacet
  facet normal 0.965906799 0.031680055 0.256944656
    outer loop
      vertex 0.0311499368 -0.00513594924 -0.0346211754
      vertex 0.030540375 -0.00320798066 -0.0325674191
      vertex 0.0305403564 -0.00480212877 -0.0323707983
    endloop
  endfacet
  facet normal 0.707001448 0.0865627825 0.701894462
    outer loop
      vertex 0.0305403564 -0.00480212877 -0.0323707983
      vertex 0.030540375 -0.00320798066 -0.0325674191
      vertex 0.0288749617 -0.00304472074 -0.0309100226
    endloop
  endfacet
  facet normal 0.707001269 0.0865623876 0.701894701
    outer loop
      vertex 0.0305403564 -0.00480212877 -0.0323707983
      vertex 0.0288749617 -0.00304472074 -0.0309100226
      vertex 0.028874943 -0.00455774087 -0.0307234079
    endloop
  endfacet
  facet normal 0.258747518 0.118239753 0.958680928
    outer loop
      vertex 0.028874943 -0.00455774087 -0.0307234079
      vertex 0.0288749617 -0.00304472074 -0.0309100226
      vertex 0.0265999623 -0.0029849438 -0.0303033739
    endloop
  endfacet
  facet normal 0.25874719 0.118239209 0.958681047
    outer loop
      vertex 0.028874943 -0.00455774087 -0.0307234079
      vertex 0.0265999623 -0.0029849438 -0.0303033739
      vertex 0.0265999455 -0.00446826871 -0.0301204231
    endloop
  endfacet
  facet normal -0.258744657 0.118245073 0.958681047
    outer loop
      vertex 0.0265999455 -0.00446826871 -0.0301204231
      vertex 0.0265999623 -0.0029849438 -0.0303033739
      vertex 0.024324961 -0.00304466626 -0.0309100226
    endloop
  endfacet
  facet normal -0.25874418 0.11824584 0.958681047
    outer loop
      vertex 0.0265999455 -0.00446826871 -0.0301204231
      vertex 0.024324961 -0.00304466626 -0.0309100226
      vertex 0.0243249442 -0.00455768593 -0.0307234079
    endloop
  endfacet
  facet normal -0.706999421 0.0865789726 0.701894522
    outer loop
      vertex 0.0243249442 -0.00455768593 -0.0307234079
      vertex 0.024324961 -0.00304466626 -0.0309100226
      vertex 0.0226595439 -0.00320788589 -0.0325674191
    endloop
  endfacet
  facet normal -0.706999302 0.0865792632 0.701894641
    outer loop
      vertex 0.0243249442 -0.00455768593 -0.0307234079
      vertex 0.0226595439 -0.00320788589 -0.0325674191
      vertex 0.0226595253 -0.00480203424 -0.0323707983
    endloop
  endfacet
  facet normal -0.965905905 0.0317026675 0.256945163
    outer loop
      vertex 0.0226595253 -0.00480203424 -0.0323707983
      vertex 0.0226595439 -0.00320788589 -0.0325674191
      vertex 0.022049956 -0.0034308685 -0.0348314643
    endloop
  endfacet
  facet normal -0.965905905 0.0317028873 0.256945282
    outer loop
      vertex 0.0226595253 -0.00480203424 -0.0323707983
      vertex 0.022049956 -0.0034308685 -0.0348314643
      vertex 0.0220499355 -0.00513583981 -0.0346211754
    endloop
  endfacet
  facet normal -0.965906799 -0.0316796117 -0.256944656
    outer loop
      vertex 0.0220499355 -0.00513583981 -0.0346211754
      vertex 0.022049956 -0.0034308685 -0.0348314643
      vertex 0.0226595383 -0.00365386554 -0.0370955132
    endloop
  endfacet
  facet normal -0.965906739 -0.0316797718 -0.256944716
    outer loop
      vertex 0.0220499355 -0.00513583981 -0.0346211754
      vertex 0.0226595383 -0.00365386554 -0.0370955132
      vertex 0.022659516 -0.00546966027 -0.0368715525
    endloop
  endfacet
  facet normal -0.707000613 -0.0865632743 -0.701895177
    outer loop
      vertex 0.022659516 -0.00546966027 -0.0368715525
      vertex 0.0226595383 -0.00365386554 -0.0370955132
      vertex 0.0243249517 -0.00381712522 -0.038752906
    endloop
  endfacet
  facet normal -0.707001328 -0.0865621343 -0.70189476
    outer loop
      vertex 0.022659516 -0.00546966027 -0.0368715525
      vertex 0.0243249517 -0.00381712522 -0.038752906
      vertex 0.0243249293 -0.0057140477 -0.0385189429
    endloop
  endfacet
  facet normal -0.258747518 -0.118238993 -0.958681047
    outer loop
      vertex 0.0243249293 -0.0057140477 -0.0385189429
      vertex 0.0243249517 -0.00381712522 -0.038752906
      vertex 0.0265999511 -0.00387690216 -0.0393595546
    endloop
  endfacet
  facet normal -0.258746237 -0.11824064 -0.958681166
    outer loop
      vertex 0.0243249293 -0.0057140477 -0.0385189429
      vertex 0.0265999511 -0.00387690216 -0.0393595546
      vertex 0.0265999287 -0.00580351986 -0.0391219258
    endloop
  endfacet
  facet normal 0.258745611 -0.071062848 -0.963328004
    outer loop
      vertex 0.0265999511 -0.00387690216 -0.0393595546
      vertex 0.0265999753 -0.00194094551 -0.0395023599
      vertex 0.0288749747 -0.00191106182 -0.0388935097
    endloop
  endfacet
  facet normal 0.258745223 -0.0710623339 -0.963328183
    outer loop
      vertex 0.0265999511 -0.00387690216 -0.0393595546
      vertex 0.0288749747 -0.00191106182 -0.0388935097
      vertex 0.0288749523 -0.00381717971 -0.038752906
    endloop
  endfacet
  facet normal 0.706999421 -0.0520341136 -0.705297232
    outer loop
      vertex 0.0288749523 -0.00381717971 -0.038752906
      vertex 0.0288749747 -0.00191106182 -0.0388935097
      vertex 0.0305403918 -0.00182936364 -0.0372301005
    endloop
  endfacet
  facet normal 0.706999004 -0.0520333461 -0.705297709
    outer loop
      vertex 0.0288749523 -0.00381717971 -0.038752906
      vertex 0.0305403918 -0.00182936364 -0.0372301005
      vertex 0.0305403695 -0.00365396007 -0.0370955132
    endloop
  endfacet
  facet normal 0.965906024 -0.0190566778 -0.258190453
    outer loop
      vertex 0.0305403695 -0.00365396007 -0.0370955132
      vertex 0.0305403918 -0.00182936364 -0.0372301005
      vertex 0.0311499778 -0.0017177416 -0.034957841
    endloop
  endfacet
  facet normal 0.965906084 -0.019056933 -0.258190215
    outer loop
      vertex 0.0305403695 -0.00365396007 -0.0370955132
      vertex 0.0311499778 -0.0017177416 -0.034957841
      vertex 0.0311499573 -0.0034309777 -0.0348314643
    endloop
  endfacet
  facet normal 0.965906382 0.0190338716 0.258190751
    outer loop
      vertex 0.0311499573 -0.0034309777 -0.0348314643
      vertex 0.0311499778 -0.0017177416 -0.034957841
      vertex 0.0305403937 -0.00160610478 -0.0326855816
    endloop
  endfacet
  facet normal 0.965906501 0.0190341901 0.258190483
    outer loop
      vertex 0.0311499573 -0.0034309777 -0.0348314643
      vertex 0.0305403937 -0.00160610478 -0.0326855816
      vertex 0.030540375 -0.00320798066 -0.0325674191
    endloop
  endfacet
  facet normal 0.707001507 0.052018024 0.705296457
    outer loop
      vertex 0.030540375 -0.00320798066 -0.0325674191
      vertex 0.0305403937 -0.00160610478 -0.0326855816
      vertex 0.0288749803 -0.00152436655 -0.0310221706
    endloop
  endfacet
  facet normal 0.70700103 0.0520171635 0.705296934
    outer loop
      vertex 0.030540375 -0.00320798066 -0.0325674191
      vertex 0.0288749803 -0.00152436655 -0.0310221706
      vertex 0.0288749617 -0.00304472074 -0.0309100226
    endloop
  endfacet
  facet normal 0.25874725 0.071056135 0.963328004
    outer loop
      vertex 0.0288749617 -0.00304472074 -0.0309100226
      vertex 0.0288749803 -0.00152436655 -0.0310221706
      vertex 0.0265999809 -0.00149442826 -0.0304133203
    endloop
  endfacet
  facet normal 0.258746922 0.0710556805 0.963328123
    outer loop
      vertex 0.0288749617 -0.00304472074 -0.0309100226
      vertex 0.0265999809 -0.00149442826 -0.0304133203
      vertex 0.0265999623 -0.0029849438 -0.0303033739
    endloop
  endfacet
  facet normal -0.258745432 0.0710621402 0.963328123
    outer loop
      vertex 0.0265999623 -0.0029849438 -0.0303033739
      vertex 0.0265999809 -0.00149442826 -0.0304133203
      vertex 0.0243249796 -0.00152431196 -0.0310221706
    endloop
  endfacet
  facet normal -0.258745193 0.0710624456 0.963328123
    outer loop
      vertex 0.0265999623 -0.0029849438 -0.0303033739
      vertex 0.0243249796 -0.00152431196 -0.0310221706
      vertex 0.024324961 -0.00304466626 -0.0309100226
    endloop
  endfacet
  facet normal -0.706999898 0.0520344526 0.705296874
    outer loop
      vertex 0.024324961 -0.00304466626 -0.0309100226
      vertex 0.0243249796 -0.00152431196 -0.0310221706
      vertex 0.0226595625 -0.00160601025 -0.0326855816
    endloop
  endfacet
  facet normal -0.706999838 0.0520345271 0.705296874
    outer loop
      vertex 0.024324961 -0.00304466626 -0.0309100226
      vertex 0.0226595625 -0.00160601025 -0.0326855816
      vertex 0.0226595439 -0.00320788589 -0.0325674191
    endloop
  endfacet
  facet normal -0.965906084 0.0190566685 0.258190453
    outer loop
      vertex 0.0226595439 -0.00320788589 -0.0325674191
      vertex 0.0226595625 -0.00160601025 -0.0326855816
      vertex 0.0220499765 -0.0017176324 -0.034957841
    endloop
  endfacet
  facet normal -0.965905964 0.0190569609 0.258190602
    outer loop
      vertex 0.0226595439 -0.00320788589 -0.0325674191
      vertex 0.0220499765 -0.0017176324 -0.034957841
      vertex 0.022049956 -0.0034308685 -0.0348314643
    endloop
  endfacet
  facet normal -0.965906382 -0.0190338716 -0.258190721
    outer loop
      vertex 0.022049956 -0.0034308685 -0.0348314643
      vertex 0.0220499765 -0.0017176324 -0.034957841
      vertex 0.0226595607 -0.00182926911 -0.0372301005
    endloop
  endfacet
  facet normal -0.96590668 -0.0190329887 -0.258190215
    outer loop
      vertex 0.022049956 -0.0034308685 -0.0348314643
      vertex 0.0226595607 -0.00182926911 -0.0372301005
      vertex 0.0226595383 -0.00365386554 -0.0370955132
    endloop
  endfacet
  facet normal -0.70700103 -0.0520159937 -0.705296934
    outer loop
      vertex 0.0226595383 -0.00365386554 -0.0370955132
      vertex 0.0226595607 -0.00182926911 -0.0372301005
      vertex 0.024324974 -0.00191100722 -0.0388935097
    endloop
  endfacet
  facet normal -0.707000256 -0.0520175844 -0.705297709
    outer loop
      vertex 0.0226595383 -0.00365386554 -0.0370955132
      vertex 0.024324974 -0.00191100722 -0.0388935097
      vertex 0.0243249517 -0.00381712522 -0.038752906
    endloop
  endfacet
  facet normal -0.258747041 -0.0710562766 -0.963328063
    outer loop
      vertex 0.0243249517 -0.00381712522 -0.038752906
      vertex 0.024324974 -0.00191100722 -0.0388935097
      vertex 0.0265999753 -0.00194094551 -0.0395023599
    endloop
  endfacet
  facet normal -0.258746952 -0.0710563958 -0.963328063
    outer loop
      vertex 0.0243249517 -0.00381712522 -0.038752906
      vertex 0.0265999753 -0.00194094551 -0.0395023599
      vertex 0.0265999511 -0.00387690216 -0.0393595546
    endloop
  endfacet
  facet normal 0.258745968 -0.0237080511 -0.965654373
    outer loop
      vertex 0.0265999753 -0.00194094551 -0.0395023599
      vertex 0.0265999977 -3.13474459e-07 -0.0395499989
      vertex 0.028874997 -3.4075785e-07 -0.0389404148
    endloop
  endfacet
  facet normal 0.258746177 -0.023708282 -0.965654373
    outer loop
      vertex 0.0265999753 -0.00194094551 -0.0395023599
      vertex 0.028874997 -3.4075785e-07 -0.0389404148
      vertex 0.0288749747 -0.00191106182 -0.0388935097
    endloop
  endfacet
  facet normal 0.706999242 -0.0173640084 -0.70700103
    outer loop
      vertex 0.0288749747 -0.00191106182 -0.0388935097
      vertex 0.028874997 -3.4075785e-07 -0.0389404148
      vertex 0.0305404142 -3.60713727e-07 -0.0372750014
    endloop
  endfacet
  facet normal 0.706999958 -0.0173650775 -0.707000494
    outer loop
      vertex 0.0288749747 -0.00191106182 -0.0388935097
      vertex 0.0305404142 -3.60713727e-07 -0.0372750014
      vertex 0.0305403918 -0.00182936364 -0.0372301005
    endloop
  endfacet
  facet normal 0.965906322 -0.00636552181 -0.25881356
    outer loop
      vertex 0.0305403918 -0.00182936364 -0.0372301005
      vertex 0.0305404142 -3.60713727e-07 -0.0372750014
      vertex 0.0311499983 -3.67994915e-07 -0.0350000001
    endloop
  endfacet
  facet normal 0.965906143 -0.00636505242 -0.258813888
    outer loop
      vertex 0.0305403918 -0.00182936364 -0.0372301005
      vertex 0.0311499983 -3.67994915e-07 -0.0350000001
      vertex 0.0311499778 -0.0017177416 -0.034957841
    endloop
  endfacet
  facet normal 0.965906441 0.00634198589 0.25881359
    outer loop
      vertex 0.0311499778 -0.0017177416 -0.034957841
      vertex 0.0311499983 -3.67994915e-07 -0.0350000001
      vertex 0.0305404142 -3.60650432e-07 -0.0327249989
    endloop
  endfacet
  facet normal 0.965906262 0.00634095445 0.258814305
    outer loop
      vertex 0.0311499778 -0.0017177416 -0.034957841
      vertex 0.0305404142 -3.60650432e-07 -0.0327249989
      vertex 0.0305403937 -0.00160610478 -0.0326855816
    endloop
  endfacet
  facet normal 0.707000554 0.0173461977 0.707000315
    outer loop
      vertex 0.0305403937 -0.00160610478 -0.0326855816
      vertex 0.0305404142 -3.60650432e-07 -0.0327249989
      vertex 0.0288749989 -3.40648256e-07 -0.0310595836
    endloop
  endfacet
  facet normal 0.70700109 0.0173474327 0.706999779
    outer loop
      vertex 0.0305403937 -0.00160610478 -0.0326855816
      vertex 0.0288749989 -3.40648256e-07 -0.0310595836
      vertex 0.0288749803 -0.00152436655 -0.0310221706
    endloop
  endfacet
  facet normal 0.258746326 0.0237025451 0.965654373
    outer loop
      vertex 0.0288749803 -0.00152436655 -0.0310221706
      vertex 0.0288749989 -3.40648256e-07 -0.0310595836
      vertex 0.0265999977 -3.13347897e-07 -0.0304499995
    endloop
  endfacet
  facet normal 0.258746684 0.0237030722 0.965654373
    outer loop
      vertex 0.0288749803 -0.00152436655 -0.0310221706
      vertex 0.0265999977 -3.13347897e-07 -0.0304499995
      vertex 0.0265999809 -0.00149442826 -0.0304133203
    endloop
  endfacet
  facet normal -0.258745968 0.0237088706 0.965654373
    outer loop
      vertex 0.0265999809 -0.00149442826 -0.0304133203
      vertex 0.0265999977 -3.13347897e-07 -0.0304499995
      vertex 0.0243249983 -2.86064505e-07 -0.0310595836
    endloop
  endfacet
  facet normal -0.258745998 0.0237088501 0.965654492
    outer loop
      vertex 0.0265999809 -0.00149442826 -0.0304133203
      vertex 0.0243249983 -2.86064505e-07 -0.0310595836
      vertex 0.0243249796 -0.00152431196 -0.0310221706
    endloop
  endfacet
  facet normal -0.707000136 0.0173646901 0.707000315
    outer loop
      vertex 0.0243249796 -0.00152431196 -0.0310221706
      vertex 0.0243249983 -2.86064505e-07 -0.0310595836
      vertex 0.022659583 -2.66108628e-07 -0.0327249989
    endloop
  endfacet
  facet normal -0.707000256 0.0173642877 0.707000017
    outer loop
      vertex 0.0243249796 -0.00152431196 -0.0310221706
      vertex 0.022659583 -2.66108628e-07 -0.0327249989
      vertex 0.0226595625 -0.00160601025 -0.0326855816
    endloop
  endfacet
  facet normal -0.965906084 0.00636561634 0.258814305
    outer loop
      vertex 0.0226595625 -0.00160601025 -0.0326855816
      vertex 0.022659583 -2.66108628e-07 -0.0327249989
      vertex 0.022049997 -2.58827441e-07 -0.0350000001
    endloop
  endfacet
  facet normal -0.965906143 0.00636505242 0.258813918
    outer loop
      vertex 0.0226595625 -0.00160601025 -0.0326855816
      vertex 0.022049997 -2.58827441e-07 -0.0350000001
      vertex 0.0220499765 -0.0017176324 -0.034957841
    endloop
  endfacet
  facet normal -0.965906322 -0.00634200498 -0.258814335
    outer loop
      vertex 0.0220499765 -0.0017176324 -0.034957841
      vertex 0.022049997 -2.58827441e-07 -0.0350000001
      vertex 0.022659583 -2.66171924e-07 -0.0372750014
    endloop
  endfacet
  facet normal -0.965906262 -0.00634192629 -0.258814245
    outer loop
      vertex 0.0220499765 -0.0017176324 -0.034957841
      vertex 0.022659583 -2.66171924e-07 -0.0372750014
      vertex 0.0226595607 -0.00182926911 -0.0372301005
    endloop
  endfacet
  facet normal -0.707000077 -0.0173478015 -0.707000613
    outer loop
      vertex 0.0226595607 -0.00182926911 -0.0372301005
      vertex 0.022659583 -2.66171924e-07 -0.0372750014
      vertex 0.0243249983 -2.861741e-07 -0.0389404148
    endloop
  endfacet
  facet normal -0.707000673 -0.0173467286 -0.707000136
    outer loop
      vertex 0.0226595607 -0.00182926911 -0.0372301005
      vertex 0.0243249983 -2.861741e-07 -0.0389404148
      vertex 0.024324974 -0.00191100722 -0.0388935097
    endloop
  endfacet
  facet normal -0.258746594 -0.0237019882 -0.965654492
    outer loop
      vertex 0.024324974 -0.00191100722 -0.0388935097
      vertex 0.0243249983 -2.861741e-07 -0.0389404148
      vertex 0.0265999977 -3.13474459e-07 -0.0395499989
    endloop
  endfacet
  facet normal -0.258746475 -0.0237021055 -0.965654373
    outer loop
      vertex 0.024324974 -0.00191100722 -0.0388935097
      vertex 0.0265999977 -3.13474459e-07 -0.0395499989
      vertex 0.0265999753 -0.00194094551 -0.0395023599
    endloop
  endfacet
  facet normal 0.258746654 0.0237018429 -0.965654373
    outer loop
      vertex 0.0265999977 -3.13474459e-07 -0.0395499989
      vertex 0.0266000219 0.0019403185 -0.0395023599
      vertex 0.0288750213 0.00191038032 -0.0388935097
    endloop
  endfacet
  facet normal 0.258746624 0.0237019937 -0.965654492
    outer loop
      vertex 0.0265999977 -3.13474459e-07 -0.0395499989
      vertex 0.0288750213 0.00191038032 -0.0388935097
      vertex 0.028874997 -3.4075785e-07 -0.0389404148
    endloop
  endfacet
  facet normal 0.707000673 0.0173467565 -0.707000136
    outer loop
      vertex 0.028874997 -3.4075785e-07 -0.0389404148
      vertex 0.0288750213 0.00191038032 -0.0388935097
      vertex 0.0305404346 0.0018286421 -0.0372301005
    endloop
  endfacet
  facet normal 0.70699966 0.0173485093 -0.70700103
    outer loop
      vertex 0.028874997 -3.4075785e-07 -0.0389404148
      vertex 0.0305404346 0.0018286421 -0.0372301005
      vertex 0.0305404142 -3.60713727e-07 -0.0372750014
    endloop
  endfacet
  facet normal 0.965906322 0.00634291396 -0.258814245
    outer loop
      vertex 0.0305404142 -3.60713727e-07 -0.0372750014
      vertex 0.0305404346 0.0018286421 -0.0372301005
      vertex 0.0311500188 0.00171700539 -0.034957841
    endloop
  endfacet
  facet normal 0.965906441 0.00634200359 -0.25881359
    outer loop
      vertex 0.0305404142 -3.60713727e-07 -0.0372750014
      vertex 0.0311500188 0.00171700539 -0.034957841
      vertex 0.0311499983 -3.67994915e-07 -0.0350000001
    endloop
  endfacet
  facet normal 0.965906203 -0.00636504265 0.258813888
    outer loop
      vertex 0.0311499983 -3.67994915e-07 -0.0350000001
      vertex 0.0311500188 0.00171700539 -0.034957841
      vertex 0.0305404328 0.00160538347 -0.0326855816
    endloop
  endfacet
  facet normal 0.965906322 -0.00636445824 0.25881359
    outer loop
      vertex 0.0311499983 -3.67994915e-07 -0.0350000001
      vertex 0.0305404328 0.00160538347 -0.0326855816
      vertex 0.0305404142 -3.60650432e-07 -0.0327249989
    endloop
  endfacet
  facet normal 0.707000256 -0.0173634142 0.707000077
    outer loop
      vertex 0.0305404142 -3.60650432e-07 -0.0327249989
      vertex 0.0305404328 0.00160538347 -0.0326855816
      vertex 0.0288750157 0.00152368518 -0.0310221706
    endloop
  endfacet
  facet normal 0.707000077 -0.0173638426 0.707000256
    outer loop
      vertex 0.0305404142 -3.60650432e-07 -0.0327249989
      vertex 0.0288750157 0.00152368518 -0.0310221706
      vertex 0.0288749989 -3.40648256e-07 -0.0310595836
    endloop
  endfacet
  facet normal 0.258746177 -0.0237085558 0.965654314
    outer loop
      vertex 0.0288749989 -3.40648256e-07 -0.0310595836
      vertex 0.0288750157 0.00152368518 -0.0310221706
      vertex 0.0266000163 0.0014938016 -0.0304133203
    endloop
  endfacet
  facet normal 0.25874579 -0.0237091929 0.965654433
    outer loop
      vertex 0.0288749989 -3.40648256e-07 -0.0310595836
      vertex 0.0266000163 0.0014938016 -0.0304133203
      vertex 0.0265999977 -3.13347897e-07 -0.0304499995
    endloop
  endfacet
  facet normal -0.258746684 -0.0237027388 0.965654433
    outer loop
      vertex 0.0265999977 -3.13347897e-07 -0.0304499995
      vertex 0.0266000163 0.0014938016 -0.0304133203
      vertex 0.0243250169 0.00152373977 -0.0310221706
    endloop
  endfacet
  facet normal -0.258746564 -0.0237025339 0.965654433
    outer loop
      vertex 0.0265999977 -3.13347897e-07 -0.0304499995
      vertex 0.0243250169 0.00152373977 -0.0310221706
      vertex 0.0243249983 -2.86064505e-07 -0.0310595836
    endloop
  endfacet
  facet normal -0.707000673 -0.0173474029 0.707000077
    outer loop
      vertex 0.0243249983 -2.86064505e-07 -0.0310595836
      vertex 0.0243250169 0.00152373977 -0.0310221706
      vertex 0.0226596016 0.001605478 -0.0326855816
    endloop
  endfacet
  facet normal -0.707000494 -0.0173469912 0.707000315
    outer loop
      vertex 0.0243249983 -2.86064505e-07 -0.0310595836
      vertex 0.0226596016 0.001605478 -0.0326855816
      vertex 0.022659583 -2.66108628e-07 -0.0327249989
    endloop
  endfacet
  facet normal -0.965906262 -0.00634208601 0.258814245
    outer loop
      vertex 0.022659583 -2.66108628e-07 -0.0327249989
      vertex 0.0226596016 0.001605478 -0.0326855816
      vertex 0.0220500175 0.00171711459 -0.034957841
    endloop
  endfacet
  facet normal -0.965906322 -0.0063420306 0.258814335
    outer loop
      vertex 0.022659583 -2.66108628e-07 -0.0327249989
      vertex 0.0220500175 0.00171711459 -0.034957841
      vertex 0.022049997 -2.58827441e-07 -0.0350000001
    endloop
  endfacet
  facet normal -0.965906203 0.00636504358 -0.258813918
    outer loop
      vertex 0.022049997 -2.58827441e-07 -0.0350000001
      vertex 0.0220500175 0.00171711459 -0.034957841
      vertex 0.0226596035 0.00182873663 -0.0372301005
    endloop
  endfacet
  facet normal -0.965906084 0.00636456627 -0.258814305
    outer loop
      vertex 0.022049997 -2.58827441e-07 -0.0350000001
      vertex 0.0226596035 0.00182873663 -0.0372301005
      vertex 0.022659583 -2.66171924e-07 -0.0372750014
    endloop
  endfacet
  facet normal -0.706999898 0.0173643585 -0.707000494
    outer loop
      vertex 0.022659583 -2.66171924e-07 -0.0372750014
      vertex 0.0226596035 0.00182873663 -0.0372301005
      vertex 0.0243250206 0.00191043492 -0.0388935097
    endloop
  endfacet
  facet normal -0.70699966 0.0173640102 -0.707000732
    outer loop
      vertex 0.022659583 -2.66171924e-07 -0.0372750014
      vertex 0.0243250206 0.00191043492 -0.0388935097
      vertex 0.0243249983 -2.861741e-07 -0.0389404148
    endloop
  endfacet
  facet normal -0.258745968 0.0237082895 -0.965654373
    outer loop
      vertex 0.0243249983 -2.861741e-07 -0.0389404148
      vertex 0.0243250206 0.00191043492 -0.0388935097
      vertex 0.0266000219 0.0019403185 -0.0395023599
    endloop
  endfacet
  facet normal -0.258745968 0.0237082969 -0.965654373
    outer loop
      vertex 0.0243249983 -2.861741e-07 -0.0389404148
      vertex 0.0266000219 0.0019403185 -0.0395023599
      vertex 0.0265999977 -3.13474459e-07 -0.0395499989
    endloop
  endfacet
  facet normal 0.258746952 0.0710561499 -0.963328063
    outer loop
      vertex 0.0266000219 0.0019403185 -0.0395023599
      vertex 0.0266000442 0.0038762379 -0.0393595584
      vertex 0.0288750436 0.00381646119 -0.0387529097
    endloop
  endfacet
  facet normal 0.25874725 0.0710557774 -0.963328063
    outer loop
      vertex 0.0266000219 0.0019403185 -0.0395023599
      vertex 0.0288750436 0.00381646119 -0.0387529097
      vertex 0.0288750213 0.00191038032 -0.0388935097
    endloop
  endfacet
  facet normal 0.707000971 0.0520171449 -0.705296993
    outer loop
      vertex 0.0288750213 0.00191038032 -0.0388935097
      vertex 0.0288750436 0.00381646119 -0.0387529097
      vertex 0.030540457 0.00365320337 -0.0370955132
    endloop
  endfacet
  facet normal 0.70700109 0.0520170033 -0.705296934
    outer loop
      vertex 0.0288750213 0.00191038032 -0.0388935097
      vertex 0.030540457 0.00365320337 -0.0370955132
      vertex 0.0305404346 0.0018286421 -0.0372301005
    endloop
  endfacet
  facet normal 0.965906501 0.0190333854 -0.258190542
    outer loop
      vertex 0.0305404346 0.0018286421 -0.0372301005
      vertex 0.030540457 0.00365320337 -0.0370955132
      vertex 0.0311500393 0.00343020842 -0.034831468
    endloop
  endfacet
  facet normal 0.965906441 0.0190336946 -0.258190781
    outer loop
      vertex 0.0305404346 0.0018286421 -0.0372301005
      vertex 0.0311500393 0.00343020842 -0.034831468
      vertex 0.0311500188 0.00171700539 -0.034957841
    endloop
  endfacet
  facet normal 0.965906143 -0.0190567467 0.258190304
    outer loop
      vertex 0.0311500188 0.00171700539 -0.034957841
      vertex 0.0311500393 0.00343020842 -0.034831468
      vertex 0.0305404514 0.00320722815 -0.0325674191
    endloop
  endfacet
  facet normal 0.965906084 -0.0190570205 0.258190423
    outer loop
      vertex 0.0311500188 0.00171700539 -0.034957841
      vertex 0.0305404514 0.00320722815 -0.0325674191
      vertex 0.0305404328 0.00160538347 -0.0326855816
    endloop
  endfacet
  facet normal 0.706999421 -0.0520355292 0.705297172
    outer loop
      vertex 0.0305404328 0.00160538347 -0.0326855816
      vertex 0.0305404514 0.00320722815 -0.0325674191
      vertex 0.0288750343 0.00304401014 -0.0309100244
    endloop
  endfacet
  facet normal 0.706999838 -0.0520345941 0.705296755
    outer loop
      vertex 0.0305404328 0.00160538347 -0.0326855816
      vertex 0.0288750343 0.00304401014 -0.0309100244
      vertex 0.0288750157 0.00152368518 -0.0310221706
    endloop
  endfacet
  facet normal 0.258745402 -0.0710626617 0.963328063
    outer loop
      vertex 0.0288750157 0.00152368518 -0.0310221706
      vertex 0.0288750343 0.00304401014 -0.0309100244
      vertex 0.0266000349 0.00298428815 -0.0303033758
    endloop
  endfacet
  facet normal 0.258745581 -0.0710622892 0.963327944
    outer loop
      vertex 0.0288750157 0.00152368518 -0.0310221706
      vertex 0.0266000349 0.00298428815 -0.0303033758
      vertex 0.0266000163 0.0014938016 -0.0304133203
    endloop
  endfacet
  facet normal -0.258746982 -0.0710558668 0.963328183
    outer loop
      vertex 0.0266000163 0.0014938016 -0.0304133203
      vertex 0.0266000349 0.00298428815 -0.0303033758
      vertex 0.0243250355 0.00304406462 -0.0309100244
    endloop
  endfacet
  facet normal -0.25874722 -0.0710563362 0.963327944
    outer loop
      vertex 0.0266000163 0.0014938016 -0.0304133203
      vertex 0.0243250355 0.00304406462 -0.0309100244
      vertex 0.0243250169 0.00152373977 -0.0310221706
    endloop
  endfacet
  facet normal -0.707000256 -0.0520173348 0.705297709
    outer loop
      vertex 0.0243250169 0.00152373977 -0.0310221706
      vertex 0.0243250355 0.00304406462 -0.0309100244
      vertex 0.0226596203 0.00320732291 -0.0325674191
    endloop
  endfacet
  facet normal -0.70700109 -0.052019015 0.705296814
    outer loop
      vertex 0.0243250169 0.00152373977 -0.0310221706
      vertex 0.0226596203 0.00320732291 -0.0325674191
      vertex 0.0226596016 0.001605478 -0.0326855816
    endloop
  endfacet
  facet normal -0.965906739 -0.01903449 0.25818935
    outer loop
      vertex 0.0226596016 0.001605478 -0.0326855816
      vertex 0.0226596203 0.00320732291 -0.0325674191
      vertex 0.0220500398 0.00343031762 -0.034831468
    endloop
  endfacet
  facet normal -0.965906441 -0.0190326273 0.258190811
    outer loop
      vertex 0.0226596016 0.001605478 -0.0326855816
      vertex 0.0220500398 0.00343031762 -0.034831468
      vertex 0.0220500175 0.00171711459 -0.034957841
    endloop
  endfacet
  facet normal -0.965906203 0.0190577637 -0.258189797
    outer loop
      vertex 0.0220500175 0.00171711459 -0.034957841
      vertex 0.0220500398 0.00343031762 -0.034831468
      vertex 0.0226596259 0.0036532979 -0.0370955132
    endloop
  endfacet
  facet normal -0.965906024 0.0190570541 -0.258190393
    outer loop
      vertex 0.0220500175 0.00171711459 -0.034957841
      vertex 0.0226596259 0.0036532979 -0.0370955132
      vertex 0.0226596035 0.00182873663 -0.0372301005
    endloop
  endfacet
  facet normal -0.706999779 0.052034311 -0.705296874
    outer loop
      vertex 0.0226596035 0.00182873663 -0.0372301005
      vertex 0.0226596259 0.0036532979 -0.0370955132
      vertex 0.024325043 0.00381651567 -0.0387529097
    endloop
  endfacet
  facet normal -0.706999481 0.0520337485 -0.705297232
    outer loop
      vertex 0.0226596035 0.00182873663 -0.0372301005
      vertex 0.024325043 0.00381651567 -0.0387529097
      vertex 0.0243250206 0.00191043492 -0.0388935097
    endloop
  endfacet
  facet normal -0.258745223 0.071061857 -0.963328123
    outer loop
      vertex 0.0243250206 0.00191043492 -0.0388935097
      vertex 0.024325043 0.00381651567 -0.0387529097
      vertex 0.0266000442 0.0038762379 -0.0393595584
    endloop
  endfacet
  facet normal -0.258745402 0.0710621029 -0.963328063
    outer loop
      vertex 0.0243250206 0.00191043492 -0.0388935097
      vertex 0.0266000442 0.0038762379 -0.0393595584
      vertex 0.0266000219 0.0019403185 -0.0395023599
    endloop
  endfacet
  facet normal 0.258747697 0.118238762 -0.958680987
    outer loop
      vertex 0.0266000442 0.0038762379 -0.0393595584
      vertex 0.0266000666 0.00580285536 -0.0391219333
      vertex 0.028875066 0.00571338413 -0.0385189466
    endloop
  endfacet
  facet normal 0.258747518 0.118239008 -0.958680928
    outer loop
      vertex 0.0266000442 0.0038762379 -0.0393595584
      vertex 0.028875066 0.00571338413 -0.0385189466
      vertex 0.0288750436 0.00381646119 -0.0387529097
    endloop
  endfacet
  facet normal 0.707000434 0.0865622312 -0.701895595
    outer loop
      vertex 0.0288750436 0.00381646119 -0.0387529097
      vertex 0.028875066 0.00571338413 -0.0385189466
      vertex 0.0305404793 0.0054689981 -0.0368715599
    endloop
  endfacet
  facet normal 0.707001388 0.0865603238 -0.70189482
    outer loop
      vertex 0.0288750436 0.00381646119 -0.0387529097
      vertex 0.0305404793 0.0054689981 -0.0368715599
      vertex 0.030540457 0.00365320337 -0.0370955132
    endloop
  endfacet
  facet normal 0.965906858 0.0316786803 -0.256944537
    outer loop
      vertex 0.030540457 0.00365320337 -0.0370955132
      vertex 0.0305404793 0.0054689981 -0.0368715599
      vertex 0.0311500598 0.00513517996 -0.0346211791
    endloop
  endfacet
  facet normal 0.96590662 0.0316796489 -0.256945044
    outer loop
      vertex 0.030540457 0.00365320337 -0.0370955132
      vertex 0.0311500598 0.00513517996 -0.0346211791
      vertex 0.0311500393 0.00343020842 -0.034831468
    endloop
  endfacet
  facet normal 0.965905964 -0.0317028053 0.256944537
    outer loop
      vertex 0.0311500393 0.00343020842 -0.034831468
      vertex 0.0311500598 0.00513517996 -0.0346211791
      vertex 0.0305404719 0.00480137672 -0.032370802
    endloop
  endfacet
  facet normal 0.965905964 -0.0317031592 0.256944686
    outer loop
      vertex 0.0311500393 0.00343020842 -0.034831468
      vertex 0.0305404719 0.00480137672 -0.032370802
      vertex 0.0305404514 0.00320722815 -0.0325674191
    endloop
  endfacet
  facet normal 0.706999183 -0.0865785033 0.70189482
    outer loop
      vertex 0.0305404514 0.00320722815 -0.0325674191
      vertex 0.0305404719 0.00480137672 -0.032370802
      vertex 0.0288750529 0.00455703028 -0.0307234116
    endloop
  endfacet
  facet normal 0.706999004 -0.0865790173 0.701894939
    outer loop
      vertex 0.0305404514 0.00320722815 -0.0325674191
      vertex 0.0288750529 0.00455703028 -0.0307234116
      vertex 0.0288750343 0.00304401014 -0.0309100244
    endloop
  endfacet
  facet normal 0.25874415 -0.118244968 0.958681166
    outer loop
      vertex 0.0288750343 0.00304401014 -0.0309100244
      vertex 0.0288750529 0.00455703028 -0.0307234116
      vertex 0.0266000517 0.00446761353 -0.0301204268
    endloop
  endfacet
  facet normal 0.258744866 -0.118243836 0.958681166
    outer loop
      vertex 0.0288750343 0.00304401014 -0.0309100244
      vertex 0.0266000517 0.00446761353 -0.0301204268
      vertex 0.0266000349 0.00298428815 -0.0303033758
    endloop
  endfacet
  facet normal -0.258746952 -0.11823801 0.958681285
    outer loop
      vertex 0.0266000349 0.00298428815 -0.0303033758
      vertex 0.0266000517 0.00446761353 -0.0301204268
      vertex 0.0243250523 0.00455708522 -0.0307234116
    endloop
  endfacet
  facet normal -0.258747518 -0.118238874 0.958681047
    outer loop
      vertex 0.0266000349 0.00298428815 -0.0303033758
      vertex 0.0243250523 0.00455708522 -0.0307234116
      vertex 0.0243250355 0.00304406462 -0.0309100244
    endloop
  endfacet
  facet normal -0.707001626 -0.0865623578 0.701894403
    outer loop
      vertex 0.0243250355 0.00304406462 -0.0309100244
      vertex 0.0243250523 0.00455708522 -0.0307234116
      vertex 0.0226596408 0.00480147125 -0.032370802
    endloop
  endfacet
  facet normal -0.707000673 -0.0865604356 0.701895535
    outer loop
      vertex 0.0243250355 0.00304406462 -0.0309100244
      vertex 0.0226596408 0.00480147125 -0.032370802
      vertex 0.0226596203 0.00320732291 -0.0325674191
    endloop
  endfacet
  facet normal -0.96590668 -0.0316783413 0.256944925
    outer loop
      vertex 0.0226596203 0.00320732291 -0.0325674191
      vertex 0.0226596408 0.00480147125 -0.032370802
      vertex 0.0220500603 0.00513528939 -0.0346211791
    endloop
  endfacet
  facet normal -0.965906918 -0.0316795185 0.256943911
    outer loop
      vertex 0.0226596203 0.00320732291 -0.0325674191
      vertex 0.0220500603 0.00513528939 -0.0346211791
      vertex 0.0220500398 0.00343031762 -0.034831468
    endloop
  endfacet
  facet normal -0.965906143 0.0317027494 -0.25694418
    outer loop
      vertex 0.0220500398 0.00343031762 -0.034831468
      vertex 0.0220500603 0.00513528939 -0.0346211791
      vertex 0.0226596482 0.00546909263 -0.0368715599
    endloop
  endfacet
  facet normal -0.965906084 0.031702444 -0.256944388
    outer loop
      vertex 0.0220500398 0.00343031762 -0.034831468
      vertex 0.0226596482 0.00546909263 -0.0368715599
      vertex 0.0226596259 0.0036532979 -0.0370955132
    endloop
  endfacet
  facet normal -0.706998408 0.08657787 -0.701895654
    outer loop
      vertex 0.0226596259 0.0036532979 -0.0370955132
      vertex 0.0226596482 0.00546909263 -0.0368715599
      vertex 0.0243250672 0.00571343862 -0.0385189466
    endloop
  endfacet
  facet normal -0.706999362 0.0865794346 -0.701894581
    outer loop
      vertex 0.0226596259 0.0036532979 -0.0370955132
      vertex 0.0243250672 0.00571343862 -0.0385189466
      vertex 0.024325043 0.00381651567 -0.0387529097
    endloop
  endfacet
  facet normal -0.258745074 0.118245319 -0.958680928
    outer loop
      vertex 0.024325043 0.00381651567 -0.0387529097
      vertex 0.0243250672 0.00571343862 -0.0385189466
      vertex 0.0266000666 0.00580285536 -0.0391219333
    endloop
  endfacet
  facet normal -0.258744627 0.118244767 -0.958681047
    outer loop
      vertex 0.024325043 0.00381651567 -0.0387529097
      vertex 0.0266000666 0.00580285536 -0.0391219333
      vertex 0.0266000442 0.0038762379 -0.0393595584
    endloop
  endfacet
  facet normal 0.258748591 0.165135115 -0.95172447
    outer loop
      vertex 0.0266000666 0.00580285536 -0.0391219333
      vertex 0.0266000908 0.00771549344 -0.0387900621
      vertex 0.0288750883 0.00759654213 -0.0381921902
    endloop
  endfacet
  facet normal 0.258748233 0.165135548 -0.951724529
    outer loop
      vertex 0.0266000666 0.00580285536 -0.0391219333
      vertex 0.0288750883 0.00759654213 -0.0381921902
      vertex 0.028875066 0.00571338413 -0.0385189466
    endloop
  endfacet
  facet normal 0.707001269 0.120897286 -0.69680202
    outer loop
      vertex 0.028875066 0.00571338413 -0.0385189466
      vertex 0.0288750883 0.00759654213 -0.0381921902
      vertex 0.0305404998 0.00727161672 -0.0365587771
    endloop
  endfacet
  facet normal 0.707000852 0.120898195 -0.696802318
    outer loop
      vertex 0.028875066 0.00571338413 -0.0385189466
      vertex 0.0305404998 0.00727161672 -0.0365587771
      vertex 0.0305404793 0.0054689981 -0.0368715599
    endloop
  endfacet
  facet normal 0.965906739 0.0442495234 -0.255080521
    outer loop
      vertex 0.0305404793 0.0054689981 -0.0368715599
      vertex 0.0305404998 0.00727161672 -0.0365587771
      vertex 0.0311500803 0.00682777958 -0.0343274884
    endloop
  endfacet
  facet normal 0.965907037 0.0442484245 -0.255079985
    outer loop
      vertex 0.0305404793 0.0054689981 -0.0368715599
      vertex 0.0311500803 0.00682777958 -0.0343274884
      vertex 0.0311500598 0.00513517996 -0.0346211791
    endloop
  endfacet
  facet normal 0.965905845 -0.0442718156 0.255080163
    outer loop
      vertex 0.0311500598 0.00513517996 -0.0346211791
      vertex 0.0311500803 0.00682777958 -0.0343274884
      vertex 0.0305404905 0.00638395734 -0.0320961997
    endloop
  endfacet
  facet normal 0.965905845 -0.0442717299 0.255080134
    outer loop
      vertex 0.0311500598 0.00513517996 -0.0346211791
      vertex 0.0305404905 0.00638395734 -0.0320961997
      vertex 0.0305404719 0.00480137672 -0.032370802
    endloop
  endfacet
  facet normal 0.706998885 -0.120914213 0.696801543
    outer loop
      vertex 0.0305404719 0.00480137672 -0.032370802
      vertex 0.0305404905 0.00638395734 -0.0320961997
      vertex 0.0288750716 0.00605907198 -0.0304627847
    endloop
  endfacet
  facet normal 0.706998765 -0.120914333 0.696801543
    outer loop
      vertex 0.0305404719 0.00480137672 -0.032370802
      vertex 0.0288750716 0.00605907198 -0.0304627847
      vertex 0.0288750529 0.00455703028 -0.0307234116
    endloop
  endfacet
  facet normal 0.258743793 -0.165141806 0.951724708
    outer loop
      vertex 0.0288750529 0.00455703028 -0.0307234116
      vertex 0.0288750716 0.00605907198 -0.0304627847
      vertex 0.0266000703 0.00594017515 -0.0298649147
    endloop
  endfacet
  facet normal 0.258743584 -0.165142119 0.951724648
    outer loop
      vertex 0.0288750529 0.00455703028 -0.0307234116
      vertex 0.0266000703 0.00594017515 -0.0298649147
      vertex 0.0266000517 0.00446761353 -0.0301204268
    endloop
  endfacet
  facet normal -0.258747637 -0.165135592 0.951724648
    outer loop
      vertex 0.0266000517 0.00446761353 -0.0301204268
      vertex 0.0266000703 0.00594017515 -0.0298649147
      vertex 0.0243250709 0.00605912646 -0.0304627847
    endloop
  endfacet
  facet normal -0.258747548 -0.165135428 0.951724768
    outer loop
      vertex 0.0266000517 0.00446761353 -0.0301204268
      vertex 0.0243250709 0.00605912646 -0.0304627847
      vertex 0.0243250523 0.00455708522 -0.0307234116
    endloop
  endfacet
  facet normal -0.707001686 -0.120896868 0.696801722
    outer loop
      vertex 0.0243250523 0.00455708522 -0.0307234116
      vertex 0.0243250709 0.00605912646 -0.0304627847
      vertex 0.0226596594 0.00638405187 -0.0320961997
    endloop
  endfacet
  facet normal -0.707001984 -0.120897546 0.696801186
    outer loop
      vertex 0.0243250523 0.00455708522 -0.0307234116
      vertex 0.0226596594 0.00638405187 -0.0320961997
      vertex 0.0226596408 0.00480147125 -0.032370802
    endloop
  endfacet
  facet normal -0.965906739 -0.0442490764 0.255080581
    outer loop
      vertex 0.0226596408 0.00480147125 -0.032370802
      vertex 0.0226596594 0.00638405187 -0.0320961997
      vertex 0.022050079 0.00682788901 -0.0343274884
    endloop
  endfacet
  facet normal -0.965906858 -0.0442494936 0.255080163
    outer loop
      vertex 0.0226596408 0.00480147125 -0.032370802
      vertex 0.022050079 0.00682788901 -0.0343274884
      vertex 0.0220500603 0.00513528939 -0.0346211791
    endloop
  endfacet
  facet normal -0.965905845 0.0442707911 -0.255080342
    outer loop
      vertex 0.0220500603 0.00513528939 -0.0346211791
      vertex 0.022050079 0.00682788901 -0.0343274884
      vertex 0.0226596687 0.00727171125 -0.0365587771
    endloop
  endfacet
  facet normal -0.965906024 0.0442713685 -0.255079806
    outer loop
      vertex 0.0220500603 0.00513528939 -0.0346211791
      vertex 0.0226596687 0.00727171125 -0.0365587771
      vertex 0.0226596482 0.00546909263 -0.0368715599
    endloop
  endfacet
  facet normal -0.70699805 0.120914251 -0.696802258
    outer loop
      vertex 0.0226596482 0.00546909263 -0.0368715599
      vertex 0.0226596687 0.00727171125 -0.0365587771
      vertex 0.0243250895 0.00759659661 -0.0381921902
    endloop
  endfacet
  facet normal -0.706997991 0.120914117 -0.696802437
    outer loop
      vertex 0.0226596482 0.00546909263 -0.0368715599
      vertex 0.0243250895 0.00759659661 -0.0381921902
      vertex 0.0243250672 0.00571343862 -0.0385189466
    endloop
  endfacet
  facet normal -0.258744478 0.165141672 -0.951724529
    outer loop
      vertex 0.0243250672 0.00571343862 -0.0385189466
      vertex 0.0243250895 0.00759659661 -0.0381921902
      vertex 0.0266000908 0.00771549344 -0.0387900621
    endloop
  endfacet
  facet normal -0.258744508 0.165141672 -0.95172447
    outer loop
      vertex 0.0243250672 0.00571343862 -0.0385189466
      vertex 0.0266000908 0.00771549344 -0.0387900621
      vertex 0.0266000666 0.00580285536 -0.0391219333
    endloop
  endfacet
  facet normal 0.258748651 0.211637273 -0.942474842
    outer loop
      vertex 0.0266000908 0.00771549344 -0.0387900621
      vertex 0.0266001131 0.00960954186 -0.0383647382
      vertex 0.0288751107 0.00946139824 -0.0377734229
    endloop
  endfacet
  facet normal 0.258749157 0.211636662 -0.942474902
    outer loop
      vertex 0.0266000908 0.00771549344 -0.0387900621
      vertex 0.0288751107 0.00946139824 -0.0377734229
      vertex 0.0288750883 0.00759654213 -0.0381921902
    endloop
  endfacet
  facet normal 0.707001984 0.154942825 -0.690029681
    outer loop
      vertex 0.0288750883 0.00759654213 -0.0381921902
      vertex 0.0288751107 0.00946139824 -0.0377734229
      vertex 0.0305405222 0.00905671716 -0.0361579172
    endloop
  endfacet
  facet normal 0.707001686 0.154943332 -0.69002986
    outer loop
      vertex 0.0288750883 0.00759654213 -0.0381921902
      vertex 0.0305405222 0.00905671716 -0.0361579172
      vertex 0.0305404998 0.00727161672 -0.0365587771
    endloop
  endfacet
  facet normal 0.965906978 0.0567118078 -0.252601653
    outer loop
      vertex 0.0305404998 0.00727161672 -0.0365587771
      vertex 0.0305405222 0.00905671716 -0.0361579172
      vertex 0.0311501008 0.00850392971 -0.0339510962
    endloop
  endfacet
  facet normal 0.965906918 0.0567117967 -0.252601624
    outer loop
      vertex 0.0305404998 0.00727161672 -0.0365587771
      vertex 0.0311501008 0.00850392971 -0.0339510962
      vertex 0.0311500803 0.00682777958 -0.0343274884
    endloop
  endfacet
  facet normal 0.965905666 -0.0567353666 0.252601445
    outer loop
      vertex 0.0311500803 0.00682777958 -0.0343274884
      vertex 0.0311501008 0.00850392971 -0.0339510962
      vertex 0.0305405091 0.00795115717 -0.0317442752
    endloop
  endfacet
  facet normal 0.965905786 -0.0567346625 0.252601177
    outer loop
      vertex 0.0311500803 0.00682777958 -0.0343274884
      vertex 0.0305405091 0.00795115717 -0.0317442752
      vertex 0.0305404905 0.00638395734 -0.0320961997
    endloop
  endfacet
  facet normal 0.706998408 -0.154958874 0.69002974
    outer loop
      vertex 0.0305404905 0.00638395734 -0.0320961997
      vertex 0.0305405091 0.00795115717 -0.0317442752
      vertex 0.0288750883 0.0075465152 -0.0301287696
    endloop
  endfacet
  facet normal 0.706998467 -0.154958636 0.690029681
    outer loop
      vertex 0.0305404905 0.00638395734 -0.0320961997
      vertex 0.0288750883 0.0075465152 -0.0301287696
      vertex 0.0288750716 0.00605907198 -0.0304627847
    endloop
  endfacet
  facet normal 0.258744329 -0.211641833 0.942475021
    outer loop
      vertex 0.0288750716 0.00605907198 -0.0304627847
      vertex 0.0288750883 0.0075465152 -0.0301287696
      vertex 0.0266000871 0.00739842514 -0.0295374524
    endloop
  endfacet
  facet normal 0.258743227 -0.211643651 0.942474902
    outer loop
      vertex 0.0288750716 0.00605907198 -0.0304627847
      vertex 0.0266000871 0.00739842514 -0.0295374524
      vertex 0.0266000703 0.00594017515 -0.0298649147
    endloop
  endfacet
  facet normal -0.258749485 -0.211637646 0.942474544
    outer loop
      vertex 0.0266000703 0.00594017515 -0.0298649147
      vertex 0.0266000871 0.00739842514 -0.0295374524
      vertex 0.0243250895 0.00754656969 -0.0301287696
    endloop
  endfacet
  facet normal -0.258748204 -0.211635768 0.942475319
    outer loop
      vertex 0.0266000703 0.00594017515 -0.0298649147
      vertex 0.0243250895 0.00754656969 -0.0301287696
      vertex 0.0243250709 0.00605912646 -0.0304627847
    endloop
  endfacet
  facet normal -0.707002044 -0.154941857 0.6900298
    outer loop
      vertex 0.0243250709 0.00605912646 -0.0304627847
      vertex 0.0243250895 0.00754656969 -0.0301287696
      vertex 0.022659678 0.00795125216 -0.0317442752
    endloop
  endfacet
  facet normal -0.707002103 -0.154941991 0.690029681
    outer loop
      vertex 0.0243250709 0.00605912646 -0.0304627847
      vertex 0.022659678 0.00795125216 -0.0317442752
      vertex 0.0226596594 0.00638405187 -0.0320961997
    endloop
  endfacet
  facet normal -0.965906858 -0.0567117743 0.252601653
    outer loop
      vertex 0.0226596594 0.00638405187 -0.0320961997
      vertex 0.022659678 0.00795125216 -0.0317442752
      vertex 0.0220500994 0.00850403868 -0.0339510962
    endloop
  endfacet
  facet normal -0.965906918 -0.0567118153 0.252601624
    outer loop
      vertex 0.0226596594 0.00638405187 -0.0320961997
      vertex 0.0220500994 0.00850403868 -0.0339510962
      vertex 0.022050079 0.00682788901 -0.0343274884
    endloop
  endfacet
  facet normal -0.965905607 0.0567353852 -0.252601475
    outer loop
      vertex 0.022050079 0.00682788901 -0.0343274884
      vertex 0.0220500994 0.00850403868 -0.0339510962
      vertex 0.0226596911 0.00905681122 -0.0361579172
    endloop
  endfacet
  facet normal -0.965905666 0.056735862 -0.252600908
    outer loop
      vertex 0.022050079 0.00682788901 -0.0343274884
      vertex 0.0226596911 0.00905681122 -0.0361579172
      vertex 0.0226596687 0.00727171125 -0.0365587771
    endloop
  endfacet
  facet normal -0.706998408 0.154960975 -0.690029263
    outer loop
      vertex 0.0226596687 0.00727171125 -0.0365587771
      vertex 0.0226596911 0.00905681122 -0.0361579172
      vertex 0.0243251119 0.00946145318 -0.0377734229
    endloop
  endfacet
  facet normal -0.706997633 0.154959857 -0.690030217
    outer loop
      vertex 0.0226596687 0.00727171125 -0.0365587771
      vertex 0.0243251119 0.00946145318 -0.0377734229
      vertex 0.0243250895 0.00759659661 -0.0381921902
    endloop
  endfacet
  facet normal -0.258743525 0.211642846 -0.942475021
    outer loop
      vertex 0.0243250895 0.00759659661 -0.0381921902
      vertex 0.0243251119 0.00946145318 -0.0377734229
      vertex 0.0266001131 0.00960954186 -0.0383647382
    endloop
  endfacet
  facet normal -0.258743972 0.211643353 -0.942474782
    outer loop
      vertex 0.0243250895 0.00759659661 -0.0381921902
      vertex 0.0266001131 0.00960954186 -0.0383647382
      vertex 0.0266000908 0.00771549344 -0.0387900621
    endloop
  endfacet
  facet normal 0.258749366 0.257627279 -0.930954874
    outer loop
      vertex 0.0266001131 0.00960954186 -0.0383647382
      vertex 0.0266001355 0.0114804404 -0.0378469899
      vertex 0.028875133 0.0113034602 -0.0372636542
    endloop
  endfacet
  facet normal 0.258749187 0.257627547 -0.930954814
    outer loop
      vertex 0.0266001131 0.00960954186 -0.0383647382
      vertex 0.028875133 0.0113034602 -0.0372636542
      vertex 0.0288751107 0.00946139824 -0.0377734229
    endloop
  endfacet
  facet normal 0.707002163 0.188614875 -0.681595564
    outer loop
      vertex 0.0288751107 0.00946139824 -0.0377734229
      vertex 0.028875133 0.0113034602 -0.0372636542
      vertex 0.0305405427 0.0108199967 -0.0356699526
    endloop
  endfacet
  facet normal 0.707002401 0.188614458 -0.681595385
    outer loop
      vertex 0.0288751107 0.00946139824 -0.0377734229
      vertex 0.0305405427 0.0108199967 -0.0356699526
      vertex 0.0305405222 0.00905671716 -0.0361579172
    endloop
  endfacet
  facet normal 0.965907156 0.0690383837 -0.249513522
    outer loop
      vertex 0.0305405222 0.00905671716 -0.0361579172
      vertex 0.0305405427 0.0108199967 -0.0356699526
      vertex 0.0311501194 0.0101595912 -0.0334929116
    endloop
  endfacet
  facet normal 0.965907097 0.0690391064 -0.24951379
    outer loop
      vertex 0.0305405222 0.00905671716 -0.0361579172
      vertex 0.0311501194 0.0101595912 -0.0334929116
      vertex 0.0311501008 0.00850392971 -0.0339510962
    endloop
  endfacet
  facet normal 0.965905666 -0.0690607429 0.249513432
    outer loop
      vertex 0.0311501008 0.00850392971 -0.0339510962
      vertex 0.0311501194 0.0101595912 -0.0334929116
      vertex 0.0305405278 0.00949920155 -0.0313158706
    endloop
  endfacet
  facet normal 0.965905428 -0.0690618679 0.249513805
    outer loop
      vertex 0.0311501008 0.00850392971 -0.0339510962
      vertex 0.0305405278 0.00949920155 -0.0313158706
      vertex 0.0305405091 0.00795115717 -0.0317442752
    endloop
  endfacet
  facet normal 0.706997812 -0.188632652 0.681595087
    outer loop
      vertex 0.0305405091 0.00795115717 -0.0317442752
      vertex 0.0305405278 0.00949920155 -0.0313158706
      vertex 0.0288751069 0.00901577715 -0.029722169
    endloop
  endfacet
  facet normal 0.706997991 -0.188632175 0.681595027
    outer loop
      vertex 0.0305405091 0.00795115717 -0.0317442752
      vertex 0.0288751069 0.00901577715 -0.029722169
      vertex 0.0288750883 0.0075465152 -0.0301287696
    endloop
  endfacet
  facet normal 0.258743137 -0.257633805 0.930954814
    outer loop
      vertex 0.0288750883 0.0075465152 -0.0301287696
      vertex 0.0288751069 0.00901577715 -0.029722169
      vertex 0.0266001038 0.008838851 -0.0291388333
    endloop
  endfacet
  facet normal 0.258743793 -0.257632643 0.930954874
    outer loop
      vertex 0.0288750883 0.0075465152 -0.0301287696
      vertex 0.0266001038 0.008838851 -0.0291388333
      vertex 0.0266000871 0.00739842514 -0.0295374524
    endloop
  endfacet
  facet normal -0.258749366 -0.257626683 0.930955052
    outer loop
      vertex 0.0266000871 0.00739842514 -0.0295374524
      vertex 0.0266001038 0.008838851 -0.0291388333
      vertex 0.0243251063 0.00901583117 -0.029722169
    endloop
  endfacet
  facet normal -0.258749962 -0.257627577 0.930954635
    outer loop
      vertex 0.0266000871 0.00739842514 -0.0295374524
      vertex 0.0243251063 0.00901583117 -0.029722169
      vertex 0.0243250895 0.00754656969 -0.0301287696
    endloop
  endfacet
  facet normal -0.707002223 -0.188615263 0.681595325
    outer loop
      vertex 0.0243250895 0.00754656969 -0.0301287696
      vertex 0.0243251063 0.00901583117 -0.029722169
      vertex 0.0226596966 0.00949929655 -0.0313158706
    endloop
  endfacet
  facet normal -0.707002401 -0.188615575 0.681594968
    outer loop
      vertex 0.0243250895 0.00754656969 -0.0301287696
      vertex 0.0226596966 0.00949929655 -0.0313158706
      vertex 0.022659678 0.00795125216 -0.0317442752
    endloop
  endfacet
  facet normal -0.965907216 -0.0690385774 0.249513552
    outer loop
      vertex 0.022659678 0.00795125216 -0.0317442752
      vertex 0.0226596966 0.00949929655 -0.0313158706
      vertex 0.0220501199 0.0101597002 -0.0334929116
    endloop
  endfacet
  facet normal -0.965907097 -0.0690381154 0.249514118
    outer loop
      vertex 0.022659678 0.00795125216 -0.0317442752
      vertex 0.0220501199 0.0101597002 -0.0334929116
      vertex 0.0220500994 0.00850403868 -0.0339510962
    endloop
  endfacet
  facet normal -0.965905607 0.0690617338 -0.249513119
    outer loop
      vertex 0.0220500994 0.00850403868 -0.0339510962
      vertex 0.0220501199 0.0101597002 -0.0334929116
      vertex 0.0226597115 0.0108200908 -0.0356699526
    endloop
  endfacet
  facet normal -0.965905488 0.0690609887 -0.249514058
    outer loop
      vertex 0.0220500994 0.00850403868 -0.0339510962
      vertex 0.0226597115 0.0108200908 -0.0356699526
      vertex 0.0226596911 0.00905681122 -0.0361579172
    endloop
  endfacet
  facet normal -0.706997335 0.188631013 -0.681595981
    outer loop
      vertex 0.0226596911 0.00905681122 -0.0361579172
      vertex 0.0226597115 0.0108200908 -0.0356699526
      vertex 0.0243251342 0.0113035152 -0.0372636542
    endloop
  endfacet
  facet normal -0.706997991 0.188631907 -0.681595087
    outer loop
      vertex 0.0226596911 0.00905681122 -0.0361579172
      vertex 0.0243251342 0.0113035152 -0.0372636542
      vertex 0.0243251119 0.00946145318 -0.0377734229
    endloop
  endfacet
  facet normal -0.258743197 0.257633775 -0.930954814
    outer loop
      vertex 0.0243251119 0.00946145318 -0.0377734229
      vertex 0.0243251342 0.0113035152 -0.0372636542
      vertex 0.0266001355 0.0114804404 -0.0378469899
    endloop
  endfacet
  facet normal -0.258742929 0.257633477 -0.930954993
    outer loop
      vertex 0.0243251119 0.00946145318 -0.0377734229
      vertex 0.0266001355 0.0114804404 -0.0378469899
      vertex 0.0266001131 0.00960954186 -0.0383647382
    endloop
  endfacet
  facet normal 0.258748889 0.302996546 -0.917192459
    outer loop
      vertex 0.0266001355 0.0114804404 -0.0378469899
      vertex 0.0266001578 0.0133236805 -0.0372380652
      vertex 0.0288751554 0.0131182913 -0.0366641171
    endloop
  endfacet
  facet normal 0.258749902 0.302995235 -0.917192698
    outer loop
      vertex 0.0266001355 0.0114804404 -0.0378469899
      vertex 0.0288751554 0.0131182913 -0.0366641171
      vertex 0.028875133 0.0113034602 -0.0372636542
    endloop
  endfacet
  facet normal 0.707002282 0.221830681 -0.671519816
    outer loop
      vertex 0.028875133 0.0113034602 -0.0372636542
      vertex 0.0288751554 0.0131182913 -0.0366641171
      vertex 0.030540565 0.0125572104 -0.0350960568
    endloop
  endfacet
  facet normal 0.707002521 0.221830279 -0.671519756
    outer loop
      vertex 0.028875133 0.0113034602 -0.0372636542
      vertex 0.030540565 0.0125572104 -0.0350960568
      vertex 0.0305405427 0.0108199967 -0.0356699526
    endloop
  endfacet
  facet normal 0.965907395 0.0811968744 -0.245824933
    outer loop
      vertex 0.0305405427 0.0108199967 -0.0356699526
      vertex 0.030540565 0.0125572104 -0.0350960568
      vertex 0.0311501399 0.0117907776 -0.0329540409
    endloop
  endfacet
  facet normal 0.965907335 0.0811974481 -0.245825112
    outer loop
      vertex 0.0305405427 0.0108199967 -0.0356699526
      vertex 0.0311501399 0.0117907776 -0.0329540409
      vertex 0.0311501194 0.0101595912 -0.0334929116
    endloop
  endfacet
  facet normal 0.965905249 -0.0812216923 0.245825082
    outer loop
      vertex 0.0311501194 0.0101595912 -0.0334929116
      vertex 0.0311501399 0.0117907776 -0.0329540409
      vertex 0.0305405464 0.0110243605 -0.0308120307
    endloop
  endfacet
  facet normal 0.965905488 -0.0812205821 0.245824799
    outer loop
      vertex 0.0311501194 0.0101595912 -0.0334929116
      vertex 0.0305405464 0.0110243605 -0.0308120307
      vertex 0.0305405278 0.00949920155 -0.0313158706
    endloop
  endfacet
  facet normal 0.706997573 -0.22184673 0.671519518
    outer loop
      vertex 0.0305405278 0.00949920155 -0.0313158706
      vertex 0.0305405464 0.0110243605 -0.0308120307
      vertex 0.0288751237 0.0104633188 -0.0292439684
    endloop
  endfacet
  facet normal 0.706997335 -0.221847102 0.671519578
    outer loop
      vertex 0.0305405278 0.00949920155 -0.0313158706
      vertex 0.0288751237 0.0104633188 -0.0292439684
      vertex 0.0288751069 0.00901577715 -0.029722169
    endloop
  endfacet
  facet normal 0.258742988 -0.303000927 0.917192817
    outer loop
      vertex 0.0288751069 0.00901577715 -0.029722169
      vertex 0.0288751237 0.0104633188 -0.0292439684
      vertex 0.0266001206 0.0102579836 -0.0286700167
    endloop
  endfacet
  facet normal 0.258742571 -0.303001642 0.917192638
    outer loop
      vertex 0.0288751069 0.00901577715 -0.029722169
      vertex 0.0266001206 0.0102579836 -0.0286700167
      vertex 0.0266001038 0.008838851 -0.0291388333
    endloop
  endfacet
  facet normal -0.258749545 -0.302995473 0.917192638
    outer loop
      vertex 0.0266001038 0.008838851 -0.0291388333
      vertex 0.0266001206 0.0102579836 -0.0286700167
      vertex 0.0243251231 0.0104633728 -0.0292439666
    endloop
  endfacet
  facet normal -0.258749902 -0.30299598 0.9171924
    outer loop
      vertex 0.0266001038 0.008838851 -0.0291388333
      vertex 0.0243251231 0.0104633728 -0.0292439666
      vertex 0.0243251063 0.00901583117 -0.029722169
    endloop
  endfacet
  facet normal -0.707003236 -0.221831292 0.671518624
    outer loop
      vertex 0.0243251063 0.00901583117 -0.029722169
      vertex 0.0243251231 0.0104633728 -0.0292439666
      vertex 0.0226597153 0.0110244555 -0.0308120288
    endloop
  endfacet
  facet normal -0.707002699 -0.221830294 0.671519637
    outer loop
      vertex 0.0243251063 0.00901583117 -0.029722169
      vertex 0.0226597153 0.0110244555 -0.0308120288
      vertex 0.0226596966 0.00949929655 -0.0313158706
    endloop
  endfacet
  facet normal -0.965907156 -0.0811976865 0.245825917
    outer loop
      vertex 0.0226596966 0.00949929655 -0.0313158706
      vertex 0.0226597153 0.0110244555 -0.0308120288
      vertex 0.0220501386 0.0117908865 -0.0329540409
    endloop
  endfacet
  facet normal -0.965907335 -0.0811984539 0.245824859
    outer loop
      vertex 0.0226596966 0.00949929655 -0.0313158706
      vertex 0.0220501386 0.0117908865 -0.0329540409
      vertex 0.0220501199 0.0101597002 -0.0334929116
    endloop
  endfacet
  facet normal -0.965905249 0.0812207535 -0.245825574
    outer loop
      vertex 0.0220501199 0.0101597002 -0.0334929116
      vertex 0.0220501386 0.0117908865 -0.0329540409
      vertex 0.0226597339 0.0125573045 -0.0350960568
    endloop
  endfacet
  facet normal -0.965905488 0.0812215507 -0.245824456
    outer loop
      vertex 0.0220501199 0.0101597002 -0.0334929116
      vertex 0.0226597339 0.0125573045 -0.0350960568
      vertex 0.0226597115 0.0108200908 -0.0356699526
    endloop
  endfacet
  facet normal -0.706997633 0.22184822 -0.671519041
    outer loop
      vertex 0.0226597115 0.0108200908 -0.0356699526
      vertex 0.0226597339 0.0125573045 -0.0350960568
      vertex 0.0243251547 0.0131183462 -0.0366641171
    endloop
  endfacet
  facet normal -0.706996977 0.2218474 -0.671519876
    outer loop
      vertex 0.0226597115 0.0108200908 -0.0356699526
      vertex 0.0243251547 0.0131183462 -0.0366641171
      vertex 0.0243251342 0.0113035152 -0.0372636542
    endloop
  endfacet
  facet normal -0.258741498 0.303001463 -0.917193055
    outer loop
      vertex 0.0243251342 0.0113035152 -0.0372636542
      vertex 0.0243251547 0.0131183462 -0.0366641171
      vertex 0.0266001578 0.0133236805 -0.0372380652
    endloop
  endfacet
  facet normal -0.25874266 0.303002775 -0.917192221
    outer loop
      vertex 0.0243251342 0.0113035152 -0.0372636542
      vertex 0.0266001578 0.0133236805 -0.0372380652
      vertex 0.0266001355 0.0114804404 -0.0378469899
    endloop
  endfacet
  facet normal 0.25875017 0.347635478 -0.901220322
    outer loop
      vertex 0.0266001578 0.0133236805 -0.0372380652
      vertex 0.0266001802 0.0151348216 -0.0365394317
      vertex 0.0288751777 0.014901517 -0.0359762497
    endloop
  endfacet
  facet normal 0.258749396 0.347636372 -0.901220083
    outer loop
      vertex 0.0266001578 0.0133236805 -0.0372380652
      vertex 0.0288751777 0.014901517 -0.0359762497
      vertex 0.0288751554 0.0131182913 -0.0366641171
    endloop
  endfacet
  facet normal 0.707002938 0.254514307 -0.659825206
    outer loop
      vertex 0.0288751554 0.0131182913 -0.0366641171
      vertex 0.0288751777 0.014901517 -0.0359762497
      vertex 0.0305405855 0.014264171 -0.034437608
    endloop
  endfacet
  facet normal 0.707002759 0.254514784 -0.659825206
    outer loop
      vertex 0.0288751554 0.0131182913 -0.0366641171
      vertex 0.0305405855 0.014264171 -0.034437608
      vertex 0.030540565 0.0125572104 -0.0350960568
    endloop
  endfacet
  facet normal 0.965907633 0.0931622386 -0.241543546
    outer loop
      vertex 0.030540565 0.0125572104 -0.0350960568
      vertex 0.0305405855 0.014264171 -0.034437608
      vertex 0.0311501585 0.0133935576 -0.0323357806
    endloop
  endfacet
  facet normal 0.965907574 0.0931624025 -0.241543591
    outer loop
      vertex 0.030540565 0.0125572104 -0.0350960568
      vertex 0.0311501585 0.0133935576 -0.0323357806
      vertex 0.0311501399 0.0117907776 -0.0329540409
    endloop
  endfacet
  facet normal 0.96590519 -0.0931851938 0.241544485
    outer loop
      vertex 0.0311501399 0.0117907776 -0.0329540409
      vertex 0.0311501585 0.0133935576 -0.0323357806
      vertex 0.0305405632 0.0125229592 -0.030233955
    endloop
  endfacet
  facet normal 0.96590513 -0.0931851789 0.2415445
    outer loop
      vertex 0.0311501399 0.0117907776 -0.0329540409
      vertex 0.0305405632 0.0125229592 -0.030233955
      vertex 0.0305405464 0.0110243605 -0.0308120307
    endloop
  endfacet
  facet normal 0.706996977 -0.254531503 0.659824908
    outer loop
      vertex 0.0305405464 0.0110243605 -0.0308120307
      vertex 0.0305405632 0.0125229592 -0.030233955
      vertex 0.0288751405 0.0118856523 -0.0286953133
    endloop
  endfacet
  facet normal 0.706997216 -0.254531175 0.659824967
    outer loop
      vertex 0.0305405464 0.0110243605 -0.0308120307
      vertex 0.0288751405 0.0118856523 -0.0286953133
      vertex 0.0288751237 0.0104633188 -0.0292439684
    endloop
  endfacet
  facet normal 0.258741885 -0.347642303 0.901219904
    outer loop
      vertex 0.0288751237 0.0104633188 -0.0292439684
      vertex 0.0288751405 0.0118856523 -0.0286953133
      vertex 0.0266001374 0.0116524016 -0.0281321313
    endloop
  endfacet
  facet normal 0.258742481 -0.347641379 0.901220202
    outer loop
      vertex 0.0288751237 0.0104633188 -0.0292439684
      vertex 0.0266001374 0.0116524016 -0.0281321313
      vertex 0.0266001206 0.0102579836 -0.0286700167
    endloop
  endfacet
  facet normal -0.258750498 -0.347635239 0.901220262
    outer loop
      vertex 0.0266001206 0.0102579836 -0.0286700167
      vertex 0.0266001374 0.0116524016 -0.0281321313
      vertex 0.0243251417 0.0118857073 -0.0286953133
    endloop
  endfacet
  facet normal -0.258750111 -0.347634703 0.90122062
    outer loop
      vertex 0.0266001206 0.0102579836 -0.0286700167
      vertex 0.0243251417 0.0118857073 -0.0286953133
      vertex 0.0243251231 0.0104633728 -0.0292439666
    endloop
  endfacet
  facet normal -0.70700258 -0.254512995 0.6598261
    outer loop
      vertex 0.0243251231 0.0104633728 -0.0292439666
      vertex 0.0243251417 0.0118857073 -0.0286953133
      vertex 0.022659732 0.0125230541 -0.030233955
    endloop
  endfacet
  facet normal -0.707003653 -0.254514635 0.659824371
    outer loop
      vertex 0.0243251231 0.0104633728 -0.0292439666
      vertex 0.022659732 0.0125230541 -0.030233955
      vertex 0.0226597153 0.0110244555 -0.0308120288
    endloop
  endfacet
  facet normal -0.965907574 -0.0931628868 0.241543531
    outer loop
      vertex 0.0226597153 0.0110244555 -0.0308120288
      vertex 0.022659732 0.0125230541 -0.030233955
      vertex 0.0220501591 0.0133936675 -0.0323357806
    endloop
  endfacet
  facet normal -0.965907216 -0.0931618065 0.241545066
    outer loop
      vertex 0.0226597153 0.0110244555 -0.0308120288
      vertex 0.0220501591 0.0133936675 -0.0323357806
      vertex 0.0220501386 0.0117908865 -0.0329540409
    endloop
  endfacet
  facet normal -0.965905249 0.0931860581 -0.241543964
    outer loop
      vertex 0.0220501386 0.0117908865 -0.0329540409
      vertex 0.0220501591 0.0133936675 -0.0323357806
      vertex 0.0226597544 0.0142642651 -0.034437608
    endloop
  endfacet
  facet normal -0.96590507 0.0931857675 -0.241544411
    outer loop
      vertex 0.0220501386 0.0117908865 -0.0329540409
      vertex 0.0226597544 0.0142642651 -0.034437608
      vertex 0.0226597339 0.0125573045 -0.0350960568
    endloop
  endfacet
  facet normal -0.706997037 0.254531592 -0.659824967
    outer loop
      vertex 0.0226597339 0.0125573045 -0.0350960568
      vertex 0.0226597544 0.0142642651 -0.034437608
      vertex 0.0243251771 0.0149015719 -0.0359762497
    endloop
  endfacet
  facet normal -0.706997216 0.254531771 -0.65982461
    outer loop
      vertex 0.0226597339 0.0125573045 -0.0350960568
      vertex 0.0243251771 0.0149015719 -0.0359762497
      vertex 0.0243251547 0.0131183462 -0.0366641171
    endloop
  endfacet
  facet normal -0.258741766 0.347642779 -0.901219845
    outer loop
      vertex 0.0243251547 0.0131183462 -0.0366641171
      vertex 0.0243251771 0.0149015719 -0.0359762497
      vertex 0.0266001802 0.0151348216 -0.0365394317
    endloop
  endfacet
  facet normal -0.258740932 0.347641855 -0.901220381
    outer loop
      vertex 0.0243251547 0.0131183462 -0.0366641171
      vertex 0.0266001802 0.0151348216 -0.0365394317
      vertex 0.0266001578 0.0133236805 -0.0372380652
    endloop
  endfacet
  facet normal 0.258750051 0.391438454 -0.883076608
    outer loop
      vertex 0.0266001802 0.0151348216 -0.0365394317
      vertex 0.0266002007 0.0169094671 -0.0357527845
      vertex 0.0288751982 0.0166488104 -0.0352017283
    endloop
  endfacet
  facet normal 0.258750677 0.391437739 -0.883076787
    outer loop
      vertex 0.0266001802 0.0151348216 -0.0365394317
      vertex 0.0288751982 0.0166488104 -0.0352017283
      vertex 0.0288751777 0.014901517 -0.0359762497
    endloop
  endfacet
  facet normal 0.707003593 0.286583573 -0.646541357
    outer loop
      vertex 0.0288751777 0.014901517 -0.0359762497
      vertex 0.0288751982 0.0166488104 -0.0352017283
      vertex 0.0305406041 0.0159367342 -0.0336962119
    endloop
  endfacet
  facet normal 0.707003415 0.286584169 -0.646541417
    outer loop
      vertex 0.0288751777 0.014901517 -0.0359762497
      vertex 0.0305406041 0.0159367342 -0.0336962119
      vertex 0.0305405855 0.014264171 -0.034437608
    endloop
  endfacet
  facet normal 0.965907574 0.104902759 -0.236681134
    outer loop
      vertex 0.0305405855 0.014264171 -0.034437608
      vertex 0.0305406041 0.0159367342 -0.0336962119
      vertex 0.0311501771 0.0149640394 -0.0316396356
    endloop
  endfacet
  facet normal 0.965907753 0.104901724 -0.236680925
    outer loop
      vertex 0.0305405855 0.014264171 -0.034437608
      vertex 0.0311501771 0.0149640394 -0.0316396356
      vertex 0.0311501585 0.0133935576 -0.0323357806
    endloop
  endfacet
  facet normal 0.96590519 -0.104924783 0.236681253
    outer loop
      vertex 0.0311501585 0.0133935576 -0.0323357806
      vertex 0.0311501771 0.0149640394 -0.0316396356
      vertex 0.0305405818 0.0139913596 -0.0295830593
    endloop
  endfacet
  facet normal 0.965905011 -0.104925692 0.236681417
    outer loop
      vertex 0.0311501585 0.0133935576 -0.0323357806
      vertex 0.0305405818 0.0139913596 -0.0295830593
      vertex 0.0305405632 0.0125229592 -0.030233955
    endloop
  endfacet
  facet normal 0.706996679 -0.286600471 0.646541476
    outer loop
      vertex 0.0305405632 0.0125229592 -0.030233955
      vertex 0.0305405818 0.0139913596 -0.0295830593
      vertex 0.0288751572 0.0132793244 -0.0280775409
    endloop
  endfacet
  facet normal 0.70699662 -0.286600649 0.646541476
    outer loop
      vertex 0.0305405632 0.0125229592 -0.030233955
      vertex 0.0288751572 0.0132793244 -0.0280775409
      vertex 0.0288751405 0.0118856523 -0.0286953133
    endloop
  endfacet
  facet normal 0.258741707 -0.391444027 0.883076608
    outer loop
      vertex 0.0288751405 0.0118856523 -0.0286953133
      vertex 0.0288751572 0.0132793244 -0.0280775409
      vertex 0.0266001541 0.0130187208 -0.0275264829
    endloop
  endfacet
  facet normal 0.258741349 -0.391444534 0.883076429
    outer loop
      vertex 0.0288751405 0.0118856523 -0.0286953133
      vertex 0.0266001541 0.0130187208 -0.0275264829
      vertex 0.0266001374 0.0116524016 -0.0281321313
    endloop
  endfacet
  facet normal -0.258751065 -0.391438186 0.883076429
    outer loop
      vertex 0.0266001374 0.0116524016 -0.0281321313
      vertex 0.0266001541 0.0130187208 -0.0275264829
      vertex 0.0243251566 0.0132793793 -0.0280775409
    endloop
  endfacet
  facet normal -0.258751005 -0.391438127 0.883076489
    outer loop
      vertex 0.0266001374 0.0116524016 -0.0281321313
      vertex 0.0243251566 0.0132793793 -0.0280775409
      vertex 0.0243251417 0.0118857073 -0.0286953133
    endloop
  endfacet
  facet normal -0.707003951 -0.286584258 0.646540761
    outer loop
      vertex 0.0243251417 0.0118857073 -0.0286953133
      vertex 0.0243251566 0.0132793793 -0.0280775409
      vertex 0.0226597507 0.0139914546 -0.0295830593
    endloop
  endfacet
  facet normal -0.707002997 -0.286582887 0.646542311
    outer loop
      vertex 0.0243251417 0.0118857073 -0.0286953133
      vertex 0.0226597507 0.0139914546 -0.0295830593
      vertex 0.022659732 0.0125230541 -0.030233955
    endloop
  endfacet
  facet normal -0.965907574 -0.104901344 0.236681789
    outer loop
      vertex 0.022659732 0.0125230541 -0.030233955
      vertex 0.0226597507 0.0139914546 -0.0295830593
      vertex 0.0220501777 0.0149641493 -0.0316396356
    endloop
  endfacet
  facet normal -0.965907753 -0.104901798 0.236681089
    outer loop
      vertex 0.022659732 0.0125230541 -0.030233955
      vertex 0.0220501777 0.0149641493 -0.0316396356
      vertex 0.0220501591 0.0133936675 -0.0323357806
    endloop
  endfacet
  facet normal -0.96590519 0.104924783 -0.236681253
    outer loop
      vertex 0.0220501591 0.0133936675 -0.0323357806
      vertex 0.0220501777 0.0149641493 -0.0316396356
      vertex 0.022659773 0.0159368291 -0.0336962119
    endloop
  endfacet
  facet normal -0.96590507 0.104924478 -0.236681759
    outer loop
      vertex 0.0220501591 0.0133936675 -0.0323357806
      vertex 0.022659773 0.0159368291 -0.0336962119
      vertex 0.0226597544 0.0142642651 -0.034437608
    endloop
  endfacet
  facet normal -0.706996322 0.286600053 -0.646542072
    outer loop
      vertex 0.0226597544 0.0142642651 -0.034437608
      vertex 0.022659773 0.0159368291 -0.0336962119
      vertex 0.0243251976 0.0166488644 -0.0352017283
    endloop
  endfacet
  facet normal -0.70699656 0.286600411 -0.646541536
    outer loop
      vertex 0.0226597544 0.0142642651 -0.034437608
      vertex 0.0243251976 0.0166488644 -0.0352017283
      vertex 0.0243251771 0.0149015719 -0.0359762497
    endloop
  endfacet
  facet normal -0.258740842 0.391444027 -0.883076847
    outer loop
      vertex 0.0243251771 0.0149015719 -0.0359762497
      vertex 0.0243251976 0.0166488644 -0.0352017283
      vertex 0.0266002007 0.0169094671 -0.0357527845
    endloop
  endfacet
  facet normal -0.25874123 0.391444415 -0.883076549
    outer loop
      vertex 0.0243251771 0.0149015719 -0.0359762497
      vertex 0.0266002007 0.0169094671 -0.0357527845
      vertex 0.0266001802 0.0151348216 -0.0365394317
    endloop
  endfacet
  facet normal 0.258750647 0.434296101 -0.862806439
    outer loop
      vertex 0.0266002007 0.0169094671 -0.0357527845
      vertex 0.0266002212 0.018643409 -0.0348799936
      vertex 0.0288752187 0.0183560271 -0.0343423896
    endloop
  endfacet
  facet normal 0.258750618 0.43429625 -0.86280638
    outer loop
      vertex 0.0266002007 0.0169094671 -0.0357527845
      vertex 0.0288752187 0.0183560271 -0.0343423896
      vertex 0.0288751982 0.0166488104 -0.0352017283
    endloop
  endfacet
  facet normal 0.70700413 0.317961991 -0.631700277
    outer loop
      vertex 0.0288751982 0.0166488104 -0.0352017283
      vertex 0.0288752187 0.0183560271 -0.0343423896
      vertex 0.0305406246 0.0175709371 -0.0328736231
    endloop
  endfacet
  facet normal 0.707004011 0.317962468 -0.631700218
    outer loop
      vertex 0.0288751982 0.0166488104 -0.0352017283
      vertex 0.0305406246 0.0175709371 -0.0328736231
      vertex 0.0305406041 0.0159367342 -0.0336962119
    endloop
  endfacet
  facet normal 0.965907753 0.116388723 -0.231248692
    outer loop
      vertex 0.0305406041 0.0159367342 -0.0336962119
      vertex 0.0305406246 0.0175709371 -0.0328736231
      vertex 0.0311501957 0.0164985023 -0.0308672544
    endloop
  endfacet
  facet normal 0.965907693 0.116388723 -0.231248692
    outer loop
      vertex 0.0305406041 0.0159367342 -0.0336962119
      vertex 0.0311501957 0.0164985023 -0.0308672544
      vertex 0.0311501771 0.0149640394 -0.0316396356
    endloop
  endfacet
  facet normal 0.965905011 -0.116411984 0.231248349
    outer loop
      vertex 0.0311501771 0.0149640394 -0.0316396356
      vertex 0.0311501957 0.0164985023 -0.0308672544
      vertex 0.0305405986 0.0154260816 -0.0288608819
    endloop
  endfacet
  facet normal 0.965905011 -0.116411731 0.231248334
    outer loop
      vertex 0.0311501771 0.0149640394 -0.0316396356
      vertex 0.0305405986 0.0154260816 -0.0288608819
      vertex 0.0305405818 0.0139913596 -0.0295830593
    endloop
  endfacet
  facet normal 0.70699656 -0.317978978 0.631700218
    outer loop
      vertex 0.0305405818 0.0139913596 -0.0295830593
      vertex 0.0305405986 0.0154260816 -0.0288608819
      vertex 0.028875174 0.0146410316 -0.0273921154
    endloop
  endfacet
  facet normal 0.706996262 -0.317979664 0.631700158
    outer loop
      vertex 0.0305405818 0.0139913596 -0.0295830593
      vertex 0.028875174 0.0146410316 -0.0273921154
      vertex 0.0288751572 0.0132793244 -0.0280775409
    endloop
  endfacet
  facet normal 0.258741319 -0.434302896 0.862805843
    outer loop
      vertex 0.0288751572 0.0132793244 -0.0280775409
      vertex 0.028875174 0.0146410316 -0.0273921154
      vertex 0.0266001709 0.0143537028 -0.0268545095
    endloop
  endfacet
  facet normal 0.25874117 -0.434303164 0.862805784
    outer loop
      vertex 0.0288751572 0.0132793244 -0.0280775409
      vertex 0.0266001709 0.0143537028 -0.0268545095
      vertex 0.0266001541 0.0130187208 -0.0275264829
    endloop
  endfacet
  facet normal -0.258751661 -0.434296697 0.862805843
    outer loop
      vertex 0.0266001541 0.0130187208 -0.0275264829
      vertex 0.0266001709 0.0143537028 -0.0268545095
      vertex 0.0243251733 0.0146410866 -0.0273921154
    endloop
  endfacet
  facet normal -0.258751601 -0.434296638 0.862805963
    outer loop
      vertex 0.0266001541 0.0130187208 -0.0275264829
      vertex 0.0243251733 0.0146410866 -0.0273921154
      vertex 0.0243251566 0.0132793793 -0.0280775409
    endloop
  endfacet
  facet normal -0.707004189 -0.317962289 0.631700158
    outer loop
      vertex 0.0243251566 0.0132793793 -0.0280775409
      vertex 0.0243251733 0.0146410866 -0.0273921154
      vertex 0.0226597674 0.0154261766 -0.0288608819
    endloop
  endfacet
  facet normal -0.707004309 -0.317962319 0.631700039
    outer loop
      vertex 0.0243251566 0.0132793793 -0.0280775409
      vertex 0.0226597674 0.0154261766 -0.0288608819
      vertex 0.0226597507 0.0139914546 -0.0295830593
    endloop
  endfacet
  facet normal -0.965907872 -0.116389044 0.231248051
    outer loop
      vertex 0.0226597507 0.0139914546 -0.0295830593
      vertex 0.0226597674 0.0154261766 -0.0288608819
      vertex 0.0220501963 0.0164986122 -0.0308672544
    endloop
  endfacet
  facet normal -0.965907693 -0.116388723 0.231248692
    outer loop
      vertex 0.0226597507 0.0139914546 -0.0295830593
      vertex 0.0220501963 0.0164986122 -0.0308672544
      vertex 0.0220501777 0.0149641493 -0.0316396356
    endloop
  endfacet
  facet normal -0.965904891 0.116412178 -0.231248736
    outer loop
      vertex 0.0220501777 0.0149641493 -0.0316396356
      vertex 0.0220501963 0.0164986122 -0.0308672544
      vertex 0.0226597935 0.017571032 -0.0328736231
    endloop
  endfacet
  facet normal -0.965905011 0.11641255 -0.231247917
    outer loop
      vertex 0.0220501777 0.0149641493 -0.0316396356
      vertex 0.0226597935 0.017571032 -0.0328736231
      vertex 0.022659773 0.0159368291 -0.0336962119
    endloop
  endfacet
  facet normal -0.7069965 0.317979872 -0.6316998
    outer loop
      vertex 0.022659773 0.0159368291 -0.0336962119
      vertex 0.0226597935 0.017571032 -0.0328736231
      vertex 0.0243252181 0.0183560811 -0.0343423896
    endloop
  endfacet
  facet normal -0.706995904 0.317979276 -0.631700814
    outer loop
      vertex 0.022659773 0.0159368291 -0.0336962119
      vertex 0.0243252181 0.0183560811 -0.0343423896
      vertex 0.0243251976 0.0166488644 -0.0352017283
    endloop
  endfacet
  facet normal -0.258740485 0.43430233 -0.86280632
    outer loop
      vertex 0.0243251976 0.0166488644 -0.0352017283
      vertex 0.0243252181 0.0183560811 -0.0343423896
      vertex 0.0266002212 0.018643409 -0.0348799936
    endloop
  endfacet
  facet normal -0.258740366 0.434302241 -0.862806499
    outer loop
      vertex 0.0243251976 0.0166488644 -0.0352017283
      vertex 0.0266002212 0.018643409 -0.0348799936
      vertex 0.0266002007 0.0169094671 -0.0357527845
    endloop
  endfacet
  facet normal 0.258749396 0.47611022 -0.840456963
    outer loop
      vertex 0.0266002212 0.018643409 -0.0348799936
      vertex 0.0266002417 0.0203324351 -0.0339231715
      vertex 0.0288752392 0.0200190209 -0.0334003195
    endloop
  endfacet
  facet normal 0.258751184 0.476108015 -0.840457618
    outer loop
      vertex 0.0266002212 0.018643409 -0.0348799936
      vertex 0.0288752392 0.0200190209 -0.0334003195
      vertex 0.0288752187 0.0183560271 -0.0343423896
    endloop
  endfacet
  facet normal 0.707004607 0.348574221 -0.615337729
    outer loop
      vertex 0.0288752187 0.0183560271 -0.0343423896
      vertex 0.0288752392 0.0200190209 -0.0334003195
      vertex 0.0305406433 0.0191628058 -0.0319718458
    endloop
  endfacet
  facet normal 0.707004547 0.348574281 -0.615337729
    outer loop
      vertex 0.0288752187 0.0183560271 -0.0343423896
      vertex 0.0305406433 0.0191628058 -0.0319718458
      vertex 0.0305406246 0.0175709371 -0.0328736231
    endloop
  endfacet
  facet normal 0.965907931 0.127595335 -0.225258529
    outer loop
      vertex 0.0305406246 0.0175709371 -0.0328736231
      vertex 0.0305406433 0.0191628058 -0.0319718458
      vertex 0.0311502144 0.0179932155 -0.0300205089
    endloop
  endfacet
  facet normal 0.965907812 0.127595499 -0.225258514
    outer loop
      vertex 0.0305406246 0.0175709371 -0.0328736231
      vertex 0.0311502144 0.0179932155 -0.0300205089
      vertex 0.0311501957 0.0164985023 -0.0308672544
    endloop
  endfacet
  facet normal 0.965904713 -0.12761946 0.225258365
    outer loop
      vertex 0.0311501957 0.0164985023 -0.0308672544
      vertex 0.0311502144 0.0179932155 -0.0300205089
      vertex 0.0305406153 0.0168236401 -0.0280691758
    endloop
  endfacet
  facet normal 0.965904832 -0.127618656 0.225258276
    outer loop
      vertex 0.0311501957 0.0164985023 -0.0308672544
      vertex 0.0305406153 0.0168236401 -0.0280691758
      vertex 0.0305405986 0.0154260816 -0.0288608819
    endloop
  endfacet
  facet normal 0.7069965 -0.348592103 0.615336895
    outer loop
      vertex 0.0305405986 0.0154260816 -0.0288608819
      vertex 0.0305406153 0.0168236401 -0.0280691758
      vertex 0.0288751908 0.0159674659 -0.0266407002
    endloop
  endfacet
  facet normal 0.706996202 -0.348592758 0.615336835
    outer loop
      vertex 0.0305405986 0.0154260816 -0.0288608819
      vertex 0.0288751908 0.0159674659 -0.0266407002
      vertex 0.028875174 0.0146410316 -0.0273921154
    endloop
  endfacet
  facet normal 0.258740008 -0.476115763 0.840456665
    outer loop
      vertex 0.028875174 0.0146410316 -0.0273921154
      vertex 0.0288751908 0.0159674659 -0.0266407002
      vertex 0.0266001858 0.0156541057 -0.0261178426
    endloop
  endfacet
  facet normal 0.258740813 -0.476114511 0.840457082
    outer loop
      vertex 0.028875174 0.0146410316 -0.0273921154
      vertex 0.0266001858 0.0156541057 -0.0261178426
      vertex 0.0266001709 0.0143537028 -0.0268545095
    endloop
  endfacet
  facet normal -0.258751541 -0.47610864 0.840457141
    outer loop
      vertex 0.0266001709 0.0143537028 -0.0268545095
      vertex 0.0266001858 0.0156541057 -0.0261178426
      vertex 0.0243251901 0.01596752 -0.0266407002
    endloop
  endfacet
  facet normal -0.258752167 -0.476109475 0.840456426
    outer loop
      vertex 0.0266001709 0.0143537028 -0.0268545095
      vertex 0.0243251901 0.01596752 -0.0266407002
      vertex 0.0243251733 0.0146410866 -0.0273921154
    endloop
  endfacet
  facet normal -0.707004547 -0.348575294 0.615337193
    outer loop
      vertex 0.0243251733 0.0146410866 -0.0273921154
      vertex 0.0243251901 0.01596752 -0.0266407002
      vertex 0.0226597842 0.0168237351 -0.0280691758
    endloop
  endfacet
  facet normal -0.707004607 -0.348575294 0.615337253
    outer loop
      vertex 0.0243251733 0.0146410866 -0.0273921154
      vertex 0.0226597842 0.0168237351 -0.0280691758
      vertex 0.0226597674 0.0154261766 -0.0288608819
    endloop
  endfacet
  facet normal -0.965907812 -0.127595738 0.225258708
    outer loop
      vertex 0.0226597674 0.0154261766 -0.0288608819
      vertex 0.0226597842 0.0168237351 -0.0280691758
      vertex 0.0220502131 0.0179933254 -0.0300205089
    endloop
  endfacet
  facet normal -0.965907991 -0.127596229 0.225257739
    outer loop
      vertex 0.0226597674 0.0154261766 -0.0288608819
      vertex 0.0220502131 0.0179933254 -0.0300205089
      vertex 0.0220501963 0.0164986122 -0.0308672544
    endloop
  endfacet
  facet normal -0.965904713 0.127618536 -0.225258857
    outer loop
      vertex 0.0220501963 0.0164986122 -0.0308672544
      vertex 0.0220502131 0.0179933254 -0.0300205089
      vertex 0.0226598121 0.0191629007 -0.0319718421
    endloop
  endfacet
  facet normal -0.965904713 0.127618581 -0.225258753
    outer loop
      vertex 0.0220501963 0.0164986122 -0.0308672544
      vertex 0.0226598121 0.0191629007 -0.0319718421
      vertex 0.0226597935 0.017571032 -0.0328736231
    endloop
  endfacet
  facet normal -0.706995785 0.348592252 -0.615337729
    outer loop
      vertex 0.0226597935 0.017571032 -0.0328736231
      vertex 0.0226598121 0.0191629007 -0.0319718421
      vertex 0.0243252385 0.0200190749 -0.0334003158
    endloop
  endfacet
  facet normal -0.706996143 0.348592669 -0.615337074
    outer loop
      vertex 0.0226597935 0.017571032 -0.0328736231
      vertex 0.0243252385 0.0200190749 -0.0334003158
      vertex 0.0243252181 0.0183560811 -0.0343423896
    endloop
  endfacet
  facet normal -0.258739561 0.476115763 -0.840456784
    outer loop
      vertex 0.0243252181 0.0183560811 -0.0343423896
      vertex 0.0243252385 0.0200190749 -0.0334003158
      vertex 0.0266002417 0.0203324351 -0.0339231715
    endloop
  endfacet
  facet normal -0.258739978 0.47611621 -0.840456367
    outer loop
      vertex 0.0243252181 0.0183560811 -0.0343423896
      vertex 0.0266002417 0.0203324351 -0.0339231715
      vertex 0.0266002212 0.018643409 -0.0348799936
    endloop
  endfacet
  facet normal 0.258752376 0.516772568 -0.816084087
    outer loop
      vertex 0.0266002417 0.0203324351 -0.0339231715
      vertex 0.0266002622 0.0219724812 -0.0328846313
      vertex 0.0288752578 0.0216337889 -0.0323777795
    endloop
  endfacet
  facet normal 0.258749932 0.516775668 -0.816083074
    outer loop
      vertex 0.0266002417 0.0203324351 -0.0339231715
      vertex 0.0288752578 0.0216337889 -0.0323777795
      vertex 0.0288752392 0.0200190209 -0.0334003195
    endloop
  endfacet
  facet normal 0.707004786 0.378349006 -0.597491622
    outer loop
      vertex 0.0288752392 0.0200190209 -0.0334003195
      vertex 0.0288752578 0.0216337889 -0.0323777795
      vertex 0.0305406619 0.0207085144 -0.0309930369
    endloop
  endfacet
  facet normal 0.707004964 0.378348708 -0.597491622
    outer loop
      vertex 0.0288752392 0.0200190209 -0.0334003195
      vertex 0.0305406619 0.0207085144 -0.0309930369
      vertex 0.0305406433 0.0191628058 -0.0319718458
    endloop
  endfacet
  facet normal 0.965908051 0.13849473 -0.218725547
    outer loop
      vertex 0.0305406433 0.0191628058 -0.0319718458
      vertex 0.0305406619 0.0207085144 -0.0309930369
      vertex 0.0311502311 0.019444583 -0.0291014425
    endloop
  endfacet
  facet normal 0.965908051 0.138494983 -0.218725562
    outer loop
      vertex 0.0305406433 0.0191628058 -0.0319718458
      vertex 0.0311502311 0.019444583 -0.0291014425
      vertex 0.0311502144 0.0179932155 -0.0300205089
    endloop
  endfacet
  facet normal 0.965904713 -0.138517424 0.218725756
    outer loop
      vertex 0.0311502144 0.0179932155 -0.0300205089
      vertex 0.0311502311 0.019444583 -0.0291014425
      vertex 0.0305406321 0.0181806684 -0.0272098482
    endloop
  endfacet
  facet normal 0.965904593 -0.138518348 0.218725786
    outer loop
      vertex 0.0311502144 0.0179932155 -0.0300205089
      vertex 0.0305406321 0.0181806684 -0.0272098482
      vertex 0.0305406153 0.0168236401 -0.0280691758
    endloop
  endfacet
  facet normal 0.706995606 -0.378365844 0.59749186
    outer loop
      vertex 0.0305406153 0.0168236401 -0.0280691758
      vertex 0.0305406321 0.0181806684 -0.0272098482
      vertex 0.0288752057 0.0172554348 -0.0258251056
    endloop
  endfacet
  facet normal 0.706996143 -0.378364533 0.597492039
    outer loop
      vertex 0.0305406153 0.0168236401 -0.0280691758
      vertex 0.0288752057 0.0172554348 -0.0258251056
      vertex 0.0288751908 0.0159674659 -0.0266407002
    endloop
  endfacet
  facet normal 0.258740395 -0.516780198 0.816083074
    outer loop
      vertex 0.0288751908 0.0159674659 -0.0266407002
      vertex 0.0288752057 0.0172554348 -0.0258251056
      vertex 0.0266002007 0.0169167947 -0.0253182538
    endloop
  endfacet
  facet normal 0.258739531 -0.516781509 0.816082597
    outer loop
      vertex 0.0288751908 0.0159674659 -0.0266407002
      vertex 0.0266002007 0.0169167947 -0.0253182538
      vertex 0.0266001858 0.0156541057 -0.0261178426
    endloop
  endfacet
  facet normal -0.258752793 -0.51677525 0.816082239
    outer loop
      vertex 0.0266001858 0.0156541057 -0.0261178426
      vertex 0.0266002007 0.0169167947 -0.0253182538
      vertex 0.024325205 0.0172554888 -0.0258251056
    endloop
  endfacet
  facet normal -0.258751988 -0.516774237 0.816083193
    outer loop
      vertex 0.0266001858 0.0156541057 -0.0261178426
      vertex 0.024325205 0.0172554888 -0.0258251056
      vertex 0.0243251901 0.01596752 -0.0266407002
    endloop
  endfacet
  facet normal -0.707004845 -0.378348231 0.597492099
    outer loop
      vertex 0.0243251901 0.01596752 -0.0266407002
      vertex 0.024325205 0.0172554888 -0.0258251056
      vertex 0.0226598009 0.0181807633 -0.0272098482
    endloop
  endfacet
  facet normal -0.707004845 -0.378348351 0.59749192
    outer loop
      vertex 0.0243251901 0.01596752 -0.0266407002
      vertex 0.0226598009 0.0181807633 -0.0272098482
      vertex 0.0226597842 0.0168237351 -0.0280691758
    endloop
  endfacet
  facet normal -0.965907991 -0.138494506 0.21872583
    outer loop
      vertex 0.0226597842 0.0168237351 -0.0280691758
      vertex 0.0226598009 0.0181807633 -0.0272098482
      vertex 0.0220502317 0.0194446929 -0.0291014425
    endloop
  endfacet
  facet normal -0.965907872 -0.138494253 0.218726337
    outer loop
      vertex 0.0226597842 0.0168237351 -0.0280691758
      vertex 0.0220502317 0.0194446929 -0.0291014425
      vertex 0.0220502131 0.0179933254 -0.0300205089
    endloop
  endfacet
  facet normal -0.965904772 0.138518229 -0.21872507
    outer loop
      vertex 0.0220502131 0.0179933254 -0.0300205089
      vertex 0.0220502317 0.0194446929 -0.0291014425
      vertex 0.0226598307 0.0207086094 -0.0309930369
    endloop
  endfacet
  facet normal -0.965904593 0.138517842 -0.218726084
    outer loop
      vertex 0.0220502131 0.0179933254 -0.0300205089
      vertex 0.0226598307 0.0207086094 -0.0309930369
      vertex 0.0226598121 0.0191629007 -0.0319718421
    endloop
  endfacet
  facet normal -0.706994891 0.378365248 -0.597493052
    outer loop
      vertex 0.0226598121 0.0191629007 -0.0319718421
      vertex 0.0226598307 0.0207086094 -0.0309930369
      vertex 0.0243252572 0.021633843 -0.0323777758
    endloop
  endfacet
  facet normal -0.706995428 0.378365695 -0.597492158
    outer loop
      vertex 0.0226598121 0.0191629007 -0.0319718421
      vertex 0.0243252572 0.021633843 -0.0323777758
      vertex 0.0243252385 0.0200190749 -0.0334003158
    endloop
  endfacet
  facet normal -0.25874126 0.516781151 -0.816082299
    outer loop
      vertex 0.0243252385 0.0200190749 -0.0334003158
      vertex 0.0243252572 0.021633843 -0.0323777758
      vertex 0.0266002622 0.0219724812 -0.0328846313
    endloop
  endfacet
  facet normal -0.258739114 0.516779125 -0.816084206
    outer loop
      vertex 0.0243252385 0.0200190749 -0.0334003158
      vertex 0.0266002622 0.0219724812 -0.0328846313
      vertex 0.0266002417 0.0203324351 -0.0339231715
    endloop
  endfacet
  facet normal 0.258752823 0.556196451 -0.789741993
    outer loop
      vertex 0.0266002622 0.0219724812 -0.0328846313
      vertex 0.0266002808 0.0235595908 -0.0317668617
      vertex 0.0288752764 0.0231964346 -0.0312772393
    endloop
  endfacet
  facet normal 0.258752853 0.556196511 -0.789742053
    outer loop
      vertex 0.0266002622 0.0219724812 -0.0328846313
      vertex 0.0288752764 0.0231964346 -0.0312772393
      vertex 0.0288752578 0.0216337889 -0.0323777795
    endloop
  endfacet
  facet normal 0.707004905 0.407211065 -0.578206718
    outer loop
      vertex 0.0288752578 0.0216337889 -0.0323777795
      vertex 0.0288752764 0.0231964346 -0.0312772393
      vertex 0.0305406805 0.0222043302 -0.0299395639
    endloop
  endfacet
  facet normal 0.707005143 0.407210648 -0.578206778
    outer loop
      vertex 0.0288752578 0.0216337889 -0.0323777795
      vertex 0.0305406805 0.0222043302 -0.0299395639
      vertex 0.0305406619 0.0207085144 -0.0309930369
    endloop
  endfacet
  facet normal 0.965908229 0.149059832 -0.21166566
    outer loop
      vertex 0.0305406619 0.0207085144 -0.0309930369
      vertex 0.0305406805 0.0222043302 -0.0299395639
      vertex 0.0311502479 0.020849105 -0.0281122644
    endloop
  endfacet
  facet normal 0.96590817 0.149060607 -0.21166566
    outer loop
      vertex 0.0305406619 0.0207085144 -0.0309930369
      vertex 0.0311502479 0.020849105 -0.0281122644
      vertex 0.0311502311 0.019444583 -0.0291014425
    endloop
  endfacet
  facet normal 0.965904593 -0.149083838 0.211665928
    outer loop
      vertex 0.0311502311 0.019444583 -0.0291014425
      vertex 0.0311502479 0.020849105 -0.0281122644
      vertex 0.030540647 0.0194938965 -0.0262849666
    endloop
  endfacet
  facet normal 0.965904653 -0.149083227 0.211665928
    outer loop
      vertex 0.0311502311 0.019444583 -0.0291014425
      vertex 0.030540647 0.0194938965 -0.0262849666
      vertex 0.0305406321 0.0181806684 -0.0272098482
    endloop
  endfacet
  facet normal 0.706995428 -0.407227874 0.578206539
    outer loop
      vertex 0.0305406321 0.0181806684 -0.0272098482
      vertex 0.030540647 0.0194938965 -0.0262849666
      vertex 0.0288752206 0.0185018294 -0.0249472931
    endloop
  endfacet
  facet normal 0.706995189 -0.4072285 0.57820642
    outer loop
      vertex 0.0305406321 0.0181806684 -0.0272098482
      vertex 0.0288752206 0.0185018294 -0.0249472931
      vertex 0.0288752057 0.0172554348 -0.0258251056
    endloop
  endfacet
  facet normal 0.258739084 -0.556203425 0.789741516
    outer loop
      vertex 0.0288752057 0.0172554348 -0.0258251056
      vertex 0.0288752206 0.0185018294 -0.0249472931
      vertex 0.0266002156 0.018138729 -0.0244576707
    endloop
  endfacet
  facet normal 0.258739948 -0.556202292 0.789742231
    outer loop
      vertex 0.0288752057 0.0172554348 -0.0258251056
      vertex 0.0266002156 0.018138729 -0.0244576707
      vertex 0.0266002007 0.0169167947 -0.0253182538
    endloop
  endfacet
  facet normal -0.258752376 -0.556196094 0.78974247
    outer loop
      vertex 0.0266002007 0.0169167947 -0.0253182538
      vertex 0.0266002156 0.018138729 -0.0244576707
      vertex 0.0243252199 0.0185018834 -0.0249472931
    endloop
  endfacet
  facet normal -0.25875327 -0.556197047 0.789741397
    outer loop
      vertex 0.0266002007 0.0169167947 -0.0253182538
      vertex 0.0243252199 0.0185018834 -0.0249472931
      vertex 0.024325205 0.0172554888 -0.0258251056
    endloop
  endfacet
  facet normal -0.707005084 -0.407211512 0.57820636
    outer loop
      vertex 0.024325205 0.0172554888 -0.0258251056
      vertex 0.0243252199 0.0185018834 -0.0249472931
      vertex 0.0226598158 0.0194939915 -0.0262849666
    endloop
  endfacet
  facet normal -0.707005203 -0.407211602 0.578206182
    outer loop
      vertex 0.024325205 0.0172554888 -0.0258251056
      vertex 0.0226598158 0.0194939915 -0.0262849666
      vertex 0.0226598009 0.0181807633 -0.0272098482
    endloop
  endfacet
  facet normal -0.965908289 -0.149060845 0.211665258
    outer loop
      vertex 0.0226598009 0.0181807633 -0.0272098482
      vertex 0.0226598158 0.0194939915 -0.0262849666
      vertex 0.0220502485 0.0208492149 -0.0281122644
    endloop
  endfacet
  facet normal -0.96590817 -0.149060637 0.211665779
    outer loop
      vertex 0.0226598009 0.0181807633 -0.0272098482
      vertex 0.0220502485 0.0208492149 -0.0281122644
      vertex 0.0220502317 0.0194446929 -0.0291014425
    endloop
  endfacet
  facet normal -0.965904593 0.149083659 -0.21166569
    outer loop
      vertex 0.0220502317 0.0194446929 -0.0291014425
      vertex 0.0220502485 0.0208492149 -0.0281122644
      vertex 0.0226598494 0.0222044252 -0.0299395639
    endloop
  endfacet
  facet normal -0.965904653 0.149083734 -0.211665437
    outer loop
      vertex 0.0220502317 0.0194446929 -0.0291014425
      vertex 0.0226598494 0.0222044252 -0.0299395639
      vertex 0.0226598307 0.0207086094 -0.0309930369
    endloop
  endfacet
  facet normal -0.706995368 0.407228082 -0.578206539
    outer loop
      vertex 0.0226598307 0.0207086094 -0.0309930369
      vertex 0.0226598494 0.0222044252 -0.0299395639
      vertex 0.0243252758 0.0231964886 -0.0312772393
    endloop
  endfacet
  facet normal -0.706994593 0.407227367 -0.578208029
    outer loop
      vertex 0.0226598307 0.0207086094 -0.0309930369
      vertex 0.0243252758 0.0231964886 -0.0312772393
      vertex 0.0243252572 0.021633843 -0.0323777758
    endloop
  endfacet
  facet normal -0.258739561 0.556201398 -0.789742947
    outer loop
      vertex 0.0243252572 0.021633843 -0.0323777758
      vertex 0.0243252758 0.0231964886 -0.0312772393
      vertex 0.0266002808 0.0235595908 -0.0317668617
    endloop
  endfacet
  facet normal -0.258740723 0.556202412 -0.789741814
    outer loop
      vertex 0.0243252572 0.021633843 -0.0323777758
      vertex 0.0266002808 0.0235595908 -0.0317668617
      vertex 0.0266002622 0.0219724812 -0.0328846313
    endloop
  endfacet
  facet normal 0.258753866 0.594277203 -0.761499166
    outer loop
      vertex 0.0266002808 0.0235595908 -0.0317668617
      vertex 0.0266002994 0.0250899438 -0.0305725615
      vertex 0.0288752951 0.024703199 -0.0301013459
    endloop
  endfacet
  facet normal 0.25875327 0.594277918 -0.761498868
    outer loop
      vertex 0.0266002808 0.0235595908 -0.0317668617
      vertex 0.0288752951 0.024703199 -0.0301013459
      vertex 0.0288752764 0.0231964346 -0.0312772393
    endloop
  endfacet
  facet normal 0.707005382 0.435092092 -0.557528794
    outer loop
      vertex 0.0288752764 0.0231964346 -0.0312772393
      vertex 0.0288752951 0.024703199 -0.0301013459
      vertex 0.0305406973 0.0236466508 -0.0288139638
    endloop
  endfacet
  facet normal 0.707005262 0.43509227 -0.557528734
    outer loop
      vertex 0.0288752764 0.0231964346 -0.0312772393
      vertex 0.0305406973 0.0236466508 -0.0288139638
      vertex 0.0305406805 0.0222043302 -0.0299395639
    endloop
  endfacet
  facet normal 0.96590817 0.159267351 -0.204096258
    outer loop
      vertex 0.0305406805 0.0222043302 -0.0299395639
      vertex 0.0305406973 0.0236466508 -0.0288139638
      vertex 0.0311502647 0.0222033989 -0.027055366
    endloop
  endfacet
  facet normal 0.965908468 0.15926595 -0.204096317
    outer loop
      vertex 0.0305406805 0.0222043302 -0.0299395639
      vertex 0.0311502647 0.0222033989 -0.027055366
      vertex 0.0311502479 0.020849105 -0.0281122644
    endloop
  endfacet
  facet normal 0.965904474 -0.159289613 0.204096049
    outer loop
      vertex 0.0311502479 0.020849105 -0.0281122644
      vertex 0.0311502647 0.0222033989 -0.027055366
      vertex 0.0305406637 0.0207601599 -0.0252967663
    endloop
  endfacet
  facet normal 0.965904415 -0.159290671 0.204096019
    outer loop
      vertex 0.0311502479 0.020849105 -0.0281122644
      vertex 0.0305406637 0.0207601599 -0.0252967663
      vertex 0.030540647 0.0194938965 -0.0262849666
    endloop
  endfacet
  facet normal 0.70699501 -0.435108721 0.557529032
    outer loop
      vertex 0.030540647 0.0194938965 -0.0262849666
      vertex 0.0305406637 0.0207601599 -0.0252967663
      vertex 0.0288752355 0.0197036527 -0.0240093824
    endloop
  endfacet
  facet normal 0.706995189 -0.435108155 0.557529151
    outer loop
      vertex 0.030540647 0.0194938965 -0.0262849666
      vertex 0.0288752355 0.0197036527 -0.0240093824
      vertex 0.0288752206 0.0185018294 -0.0249472931
    endloop
  endfacet
  facet normal 0.258739322 -0.594282687 0.761499941
    outer loop
      vertex 0.0288752206 0.0185018294 -0.0249472931
      vertex 0.0288752355 0.0197036527 -0.0240093824
      vertex 0.0266002305 0.0193169639 -0.0235381667
    endloop
  endfacet
  facet normal 0.258738637 -0.59428364 0.761499405
    outer loop
      vertex 0.0288752206 0.0185018294 -0.0249472931
      vertex 0.0266002305 0.0193169639 -0.0235381667
      vertex 0.0266002156 0.018138729 -0.0244576707
    endloop
  endfacet
  facet normal -0.258753419 -0.594277084 0.761499405
    outer loop
      vertex 0.0266002156 0.018138729 -0.0244576707
      vertex 0.0266002305 0.0193169639 -0.0235381667
      vertex 0.0243252348 0.0197037067 -0.0240093824
    endloop
  endfacet
  facet normal -0.258752793 -0.594276428 0.76150018
    outer loop
      vertex 0.0266002156 0.018138729 -0.0244576707
      vertex 0.0243252348 0.0197037067 -0.0240093824
      vertex 0.0243252199 0.0185018834 -0.0249472931
    endloop
  endfacet
  facet normal -0.70700562 -0.43509078 0.55752939
    outer loop
      vertex 0.0243252199 0.0185018834 -0.0249472931
      vertex 0.0243252348 0.0197037067 -0.0240093824
      vertex 0.0226598326 0.0207602549 -0.0252967663
    endloop
  endfacet
  facet normal -0.707005441 -0.435090601 0.557529867
    outer loop
      vertex 0.0243252199 0.0185018834 -0.0249472931
      vertex 0.0226598326 0.0207602549 -0.0252967663
      vertex 0.0226598158 0.0194939915 -0.0262849666
    endloop
  endfacet
  facet normal -0.965908229 -0.159265906 0.204097062
    outer loop
      vertex 0.0226598158 0.0194939915 -0.0262849666
      vertex 0.0226598326 0.0207602549 -0.0252967663
      vertex 0.0220502652 0.0222035088 -0.027055366
    endloop
  endfacet
  facet normal -0.965908349 -0.159266084 0.204096526
    outer loop
      vertex 0.0226598158 0.0194939915 -0.0262849666
      vertex 0.0220502652 0.0222035088 -0.027055366
      vertex 0.0220502485 0.0208492149 -0.0281122644
    endloop
  endfacet
  facet normal -0.965904474 0.159289822 -0.204096273
    outer loop
      vertex 0.0220502485 0.0208492149 -0.0281122644
      vertex 0.0220502652 0.0222035088 -0.027055366
      vertex 0.0226598661 0.0236467458 -0.0288139638
    endloop
  endfacet
  facet normal -0.965904534 0.159289822 -0.204096302
    outer loop
      vertex 0.0220502485 0.0208492149 -0.0281122644
      vertex 0.0226598661 0.0236467458 -0.0288139638
      vertex 0.0226598494 0.0222044252 -0.0299395639
    endloop
  endfacet
  facet normal -0.706994593 0.435109019 -0.557529151
    outer loop
      vertex 0.0226598494 0.0222044252 -0.0299395639
      vertex 0.0226598661 0.0236467458 -0.0288139638
      vertex 0.0243252944 0.0247032531 -0.0301013459
    endloop
  endfacet
  facet normal -0.70699501 0.435109317 -0.557528436
    outer loop
      vertex 0.0226598494 0.0222044252 -0.0299395639
      vertex 0.0243252944 0.0247032531 -0.0301013459
      vertex 0.0243252758 0.0231964886 -0.0312772393
    endloop
  endfacet
  facet normal -0.25873974 0.594284058 -0.76149869
    outer loop
      vertex 0.0243252758 0.0231964886 -0.0312772393
      vertex 0.0243252944 0.0247032531 -0.0301013459
      vertex 0.0266002994 0.0250899438 -0.0305725615
    endloop
  endfacet
  facet normal -0.258739084 0.594283521 -0.761499226
    outer loop
      vertex 0.0243252758 0.0231964886 -0.0312772393
      vertex 0.0266002994 0.0250899438 -0.0305725615
      vertex 0.0266002808 0.0235595908 -0.0317668617
    endloop
  endfacet
  facet normal 0.25875321 0.630927086 -0.731421769
    outer loop
      vertex 0.0266002994 0.0250899438 -0.0305725615
      vertex 0.0266003162 0.0265598483 -0.0293046106
      vertex 0.0288753118 0.0261504501 -0.0288529396
    endloop
  endfacet
  facet normal 0.258754313 0.630925834 -0.731422424
    outer loop
      vertex 0.0266002994 0.0250899438 -0.0305725615
      vertex 0.0288753118 0.0261504501 -0.0288529396
      vertex 0.0288752951 0.024703199 -0.0301013459
    endloop
  endfacet
  facet normal 0.707005918 0.461923927 -0.535508215
    outer loop
      vertex 0.0288752951 0.024703199 -0.0301013459
      vertex 0.0288753118 0.0261504501 -0.0288529396
      vertex 0.030540714 0.0250320043 -0.0276189484
    endloop
  endfacet
  facet normal 0.707005739 0.461924344 -0.535508096
    outer loop
      vertex 0.0288752951 0.024703199 -0.0301013459
      vertex 0.030540714 0.0250320043 -0.0276189484
      vertex 0.0305406973 0.0236466508 -0.0288139638
    endloop
  endfacet
  facet normal 0.965908229 0.169089809 -0.19603543
    outer loop
      vertex 0.0305406973 0.0236466508 -0.0288139638
      vertex 0.030540714 0.0250320043 -0.0276189484
      vertex 0.0311502814 0.0235041995 -0.0259332843
    endloop
  endfacet
  facet normal 0.965908349 0.169089437 -0.196035489
    outer loop
      vertex 0.0305406973 0.0236466508 -0.0288139638
      vertex 0.0311502814 0.0235041995 -0.0259332843
      vertex 0.0311502647 0.0222033989 -0.027055366
    endloop
  endfacet
  facet normal 0.965904057 -0.169113889 0.196034983
    outer loop
      vertex 0.0311502647 0.0222033989 -0.027055366
      vertex 0.0311502814 0.0235041995 -0.0259332843
      vertex 0.0305406768 0.0219764095 -0.0242476203
    endloop
  endfacet
  facet normal 0.965904474 -0.169111818 0.196035236
    outer loop
      vertex 0.0311502647 0.0222033989 -0.027055366
      vertex 0.0305406768 0.0219764095 -0.0242476203
      vertex 0.0305406637 0.0207601599 -0.0252967663
    endloop
  endfacet
  facet normal 0.706994832 -0.461940914 0.535508096
    outer loop
      vertex 0.0305406637 0.0207601599 -0.0252967663
      vertex 0.0305406768 0.0219764095 -0.0242476203
      vertex 0.0288752485 0.0208580047 -0.023013629
    endloop
  endfacet
  facet normal 0.706994653 -0.461941391 0.535507917
    outer loop
      vertex 0.0305406637 0.0207601599 -0.0252967663
      vertex 0.0288752485 0.0208580047 -0.023013629
      vertex 0.0288752355 0.0197036527 -0.0240093824
    endloop
  endfacet
  facet normal 0.258738279 -0.630933225 0.731421769
    outer loop
      vertex 0.0288752355 0.0197036527 -0.0240093824
      vertex 0.0288752485 0.0208580047 -0.023013629
      vertex 0.0266002435 0.0204486605 -0.0225619581
    endloop
  endfacet
  facet normal 0.258738846 -0.63093245 0.731422246
    outer loop
      vertex 0.0288752355 0.0197036527 -0.0240093824
      vertex 0.0266002435 0.0204486605 -0.0225619581
      vertex 0.0266002305 0.0193169639 -0.0235381667
    endloop
  endfacet
  facet normal -0.258753687 -0.63092643 0.731422186
    outer loop
      vertex 0.0266002305 0.0193169639 -0.0235381667
      vertex 0.0266002435 0.0204486605 -0.0225619581
      vertex 0.0243252479 0.0208580606 -0.023013629
    endloop
  endfacet
  facet normal -0.258753836 -0.630926609 0.731422007
    outer loop
      vertex 0.0266002305 0.0193169639 -0.0235381667
      vertex 0.0243252479 0.0208580606 -0.023013629
      vertex 0.0243252348 0.0197037067 -0.0240093824
    endloop
  endfacet
  facet normal -0.70700568 -0.461924642 0.535507739
    outer loop
      vertex 0.0243252348 0.0197037067 -0.0240093824
      vertex 0.0243252479 0.0208580606 -0.023013629
      vertex 0.0226598457 0.0219765045 -0.0242476203
    endloop
  endfacet
  facet normal -0.707005978 -0.461924911 0.535507143
    outer loop
      vertex 0.0243252348 0.0197037067 -0.0240093824
      vertex 0.0226598457 0.0219765045 -0.0242476203
      vertex 0.0226598326 0.0207602549 -0.0252967663
    endloop
  endfacet
  facet normal -0.965908468 -0.169090182 0.196034133
    outer loop
      vertex 0.0226598326 0.0207602549 -0.0252967663
      vertex 0.0226598457 0.0219765045 -0.0242476203
      vertex 0.0220502801 0.0235043094 -0.0259332843
    endloop
  endfacet
  facet normal -0.965908349 -0.169090047 0.196034595
    outer loop
      vertex 0.0226598326 0.0207602549 -0.0252967663
      vertex 0.0220502801 0.0235043094 -0.0259332843
      vertex 0.0220502652 0.0222035088 -0.027055366
    endloop
  endfacet
  facet normal -0.965904295 0.169112638 -0.196035132
    outer loop
      vertex 0.0220502652 0.0222035088 -0.027055366
      vertex 0.0220502801 0.0235043094 -0.0259332843
      vertex 0.0226598829 0.0250320993 -0.0276189484
    endloop
  endfacet
  facet normal -0.965904415 0.169112697 -0.196034878
    outer loop
      vertex 0.0220502652 0.0222035088 -0.027055366
      vertex 0.0226598829 0.0250320993 -0.0276189484
      vertex 0.0226598661 0.0236467458 -0.0288139638
    endloop
  endfacet
  facet normal -0.706994832 0.461941242 -0.535507739
    outer loop
      vertex 0.0226598661 0.0236467458 -0.0288139638
      vertex 0.0226598829 0.0250320993 -0.0276189484
      vertex 0.0243253112 0.0261505041 -0.0288529396
    endloop
  endfacet
  facet normal -0.706994295 0.461940885 -0.535508811
    outer loop
      vertex 0.0226598661 0.0236467458 -0.0288139638
      vertex 0.0243253112 0.0261505041 -0.0288529396
      vertex 0.0243252944 0.0247032531 -0.0301013459
    endloop
  endfacet
  facet normal -0.25873825 0.630932033 -0.731422782
    outer loop
      vertex 0.0243252944 0.0247032531 -0.0301013459
      vertex 0.0243253112 0.0261505041 -0.0288529396
      vertex 0.0266003162 0.0265598483 -0.0293046106
    endloop
  endfacet
  facet normal -0.258739322 0.630932868 -0.731421649
    outer loop
      vertex 0.0243252944 0.0247032531 -0.0301013459
      vertex 0.0266003162 0.0265598483 -0.0293046106
      vertex 0.0266002994 0.0250899438 -0.0305725615
    endloop
  endfacet
  facet normal 0.258753836 0.666054904 -0.69958365
    outer loop
      vertex 0.0266003162 0.0265598483 -0.0293046106
      vertex 0.0266003329 0.0279657431 -0.0279660895
      vertex 0.0288753286 0.0275346749 -0.0275350492
    endloop
  endfacet
  facet normal 0.258753628 0.666055143 -0.69958353
    outer loop
      vertex 0.0266003162 0.0265598483 -0.0293046106
      vertex 0.0288753286 0.0275346749 -0.0275350492
      vertex 0.0288753118 0.0261504501 -0.0288529396
    endloop
  endfacet
  facet normal 0.707005739 0.487643749 -0.512197673
    outer loop
      vertex 0.0288753118 0.0261504501 -0.0288529396
      vertex 0.0288753286 0.0275346749 -0.0275350492
      vertex 0.0305407308 0.0263570286 -0.0263574235
    endloop
  endfacet
  facet normal 0.707006216 0.487642765 -0.512197912
    outer loop
      vertex 0.0288753118 0.0261504501 -0.0288529396
      vertex 0.0305407308 0.0263570286 -0.0263574235
      vertex 0.030540714 0.0250320043 -0.0276189484
    endloop
  endfacet
  facet normal 0.965908468 0.178504378 -0.187502295
    outer loop
      vertex 0.030540714 0.0250320043 -0.0276189484
      vertex 0.0305407308 0.0263570286 -0.0263574235
      vertex 0.0311502963 0.0247483552 -0.0247487538
    endloop
  endfacet
  facet normal 0.965908349 0.17850475 -0.187502235
    outer loop
      vertex 0.030540714 0.0250320043 -0.0276189484
      vertex 0.0311502963 0.0247483552 -0.0247487538
      vertex 0.0311502814 0.0235041995 -0.0259332843
    endloop
  endfacet
  facet normal 0.965904117 -0.178527802 0.187502116
    outer loop
      vertex 0.0311502814 0.0235041995 -0.0259332843
      vertex 0.0311502963 0.0247483552 -0.0247487538
      vertex 0.0305406917 0.0231396947 -0.023140084
    endloop
  endfacet
  facet normal 0.965903938 -0.178528592 0.187501997
    outer loop
      vertex 0.0311502814 0.0235041995 -0.0259332843
      vertex 0.0305406917 0.0231396947 -0.023140084
      vertex 0.0305406768 0.0219764095 -0.0242476203
    endloop
  endfacet
  facet normal 0.706994593 -0.487660199 0.512197554
    outer loop
      vertex 0.0305406768 0.0219764095 -0.0242476203
      vertex 0.0305406917 0.0231396947 -0.023140084
      vertex 0.0288752615 0.0219620876 -0.0219624564
    endloop
  endfacet
  facet normal 0.706994534 -0.48766011 0.512197554
    outer loop
      vertex 0.0305406768 0.0219764095 -0.0242476203
      vertex 0.0288752615 0.0219620876 -0.0219624564
      vertex 0.0288752485 0.0208580047 -0.023013629
    endloop
  endfacet
  facet normal 0.258737624 -0.666061044 0.699583769
    outer loop
      vertex 0.0288752485 0.0208580047 -0.023013629
      vertex 0.0288752615 0.0219620876 -0.0219624564
      vertex 0.0266002566 0.0215310752 -0.0215314161
    endloop
  endfacet
  facet normal 0.258737862 -0.666060805 0.699583948
    outer loop
      vertex 0.0288752485 0.0208580047 -0.023013629
      vertex 0.0266002566 0.0215310752 -0.0215314161
      vertex 0.0266002435 0.0204486605 -0.0225619581
    endloop
  endfacet
  facet normal -0.258754015 -0.666054487 0.699584007
    outer loop
      vertex 0.0266002435 0.0204486605 -0.0225619581
      vertex 0.0266002566 0.0215310752 -0.0215314161
      vertex 0.0243252628 0.0219621435 -0.0219624564
    endloop
  endfacet
  facet normal -0.258754134 -0.666054606 0.699583828
    outer loop
      vertex 0.0266002435 0.0204486605 -0.0225619581
      vertex 0.0243252628 0.0219621435 -0.0219624564
      vertex 0.0243252479 0.0208580606 -0.023013629
    endloop
  endfacet
  facet normal -0.707005739 -0.487643003 0.512198329
    outer loop
      vertex 0.0243252479 0.0208580606 -0.023013629
      vertex 0.0243252628 0.0219621435 -0.0219624564
      vertex 0.0226598606 0.0231397878 -0.023140084
    endloop
  endfacet
  facet normal -0.707005918 -0.487643152 0.512197912
    outer loop
      vertex 0.0243252479 0.0208580606 -0.023013629
      vertex 0.0226598606 0.0231397878 -0.023140084
      vertex 0.0226598457 0.0219765045 -0.0242476203
    endloop
  endfacet
  facet normal -0.965908527 -0.178504303 0.18750219
    outer loop
      vertex 0.0226598457 0.0219765045 -0.0242476203
      vertex 0.0226598606 0.0231397878 -0.023140084
      vertex 0.022050295 0.0247484632 -0.0247487538
    endloop
  endfacet
  facet normal -0.965908587 -0.178504393 0.187501565
    outer loop
      vertex 0.0226598457 0.0219765045 -0.0242476203
      vertex 0.022050295 0.0247484632 -0.0247487538
      vertex 0.0220502801 0.0235043094 -0.0259332843
    endloop
  endfacet
  facet normal -0.965904176 0.178527966 -0.187501997
    outer loop
      vertex 0.0220502801 0.0235043094 -0.0259332843
      vertex 0.022050295 0.0247484632 -0.0247487538
      vertex 0.0226598997 0.0263571236 -0.0263574235
    endloop
  endfacet
  facet normal -0.965904236 0.178528041 -0.18750149
    outer loop
      vertex 0.0220502801 0.0235043094 -0.0259332843
      vertex 0.0226598997 0.0263571236 -0.0263574235
      vertex 0.0226598829 0.0250320993 -0.0276189484
    endloop
  endfacet
  facet normal -0.706994355 0.487660378 -0.512197554
    outer loop
      vertex 0.0226598829 0.0250320993 -0.0276189484
      vertex 0.0226598997 0.0263571236 -0.0263574235
      vertex 0.0243253279 0.0275347289 -0.0275350492
    endloop
  endfacet
  facet normal -0.706994534 0.487660438 -0.512197256
    outer loop
      vertex 0.0226598829 0.0250320993 -0.0276189484
      vertex 0.0243253279 0.0275347289 -0.0275350492
      vertex 0.0243253112 0.0261505041 -0.0288529396
    endloop
  endfacet
  facet normal -0.25873816 0.666061342 -0.699583411
    outer loop
      vertex 0.0243253112 0.0261505041 -0.0288529396
      vertex 0.0243253279 0.0275347289 -0.0275350492
      vertex 0.0266003329 0.0279657431 -0.0279660895
    endloop
  endfacet
  facet normal -0.258737862 0.666061103 -0.69958365
    outer loop
      vertex 0.0243253112 0.0261505041 -0.0288529396
      vertex 0.0266003329 0.0279657431 -0.0279660895
      vertex 0.0266003162 0.0265598483 -0.0293046106
    endloop
  endfacet
  facet normal 0.258754998 0.699579656 -0.666058779
    outer loop
      vertex 0.0266003329 0.0279657431 -0.0279660895
      vertex 0.0266003497 0.0293042902 -0.0265601706
      vertex 0.0288753454 0.0288525894 -0.0261507984
    endloop
  endfacet
  facet normal 0.258754283 0.699580431 -0.666058242
    outer loop
      vertex 0.0266003329 0.0279657431 -0.0279660895
      vertex 0.0288753454 0.0288525894 -0.0261507984
      vertex 0.0288753286 0.0275346749 -0.0275350492
    endloop
  endfacet
  facet normal 0.707006097 0.512188971 -0.487652391
    outer loop
      vertex 0.0288753286 0.0275346749 -0.0275350492
      vertex 0.0288753454 0.0288525894 -0.0261507984
      vertex 0.0305407457 0.0276185796 -0.025032375
    endloop
  endfacet
  facet normal 0.707006037 0.512188971 -0.487652332
    outer loop
      vertex 0.0288753286 0.0275346749 -0.0275350492
      vertex 0.0305407457 0.0276185796 -0.025032375
      vertex 0.0305407308 0.0263570286 -0.0263574235
    endloop
  endfacet
  facet normal 0.965908706 0.187489927 -0.178516105
    outer loop
      vertex 0.0305407308 0.0263570286 -0.0263574235
      vertex 0.0305407457 0.0276185796 -0.025032375
      vertex 0.0311503094 0.0259329099 -0.0235045757
    endloop
  endfacet
  facet normal 0.965908527 0.187490702 -0.178515941
    outer loop
      vertex 0.0305407308 0.0263570286 -0.0263574235
      vertex 0.0311503094 0.0259329099 -0.0235045757
      vertex 0.0311502963 0.0247483552 -0.0247487538
    endloop
  endfacet
  facet normal 0.965904057 -0.187512815 0.178516746
    outer loop
      vertex 0.0311502963 0.0247483552 -0.0247487538
      vertex 0.0311503094 0.0259329099 -0.0235045757
      vertex 0.0305407047 0.0242472533 -0.0219767783
    endloop
  endfacet
  facet normal 0.965903997 -0.187513307 0.178516626
    outer loop
      vertex 0.0311502963 0.0247483552 -0.0247487538
      vertex 0.0305407047 0.0242472533 -0.0219767783
      vertex 0.0305406917 0.0231396947 -0.023140084
    endloop
  endfacet
  facet normal 0.706994474 -0.512205482 0.487651974
    outer loop
      vertex 0.0305406917 0.0231396947 -0.023140084
      vertex 0.0305407047 0.0242472533 -0.0219767783
      vertex 0.0288752746 0.0230132807 -0.020858353
    endloop
  endfacet
  facet normal 0.706994295 -0.512205839 0.487651885
    outer loop
      vertex 0.0305406917 0.0231396947 -0.023140084
      vertex 0.0288752746 0.0230132807 -0.020858353
      vertex 0.0288752615 0.0219620876 -0.0219624564
    endloop
  endfacet
  facet normal 0.258737504 -0.69958657 0.666058242
    outer loop
      vertex 0.0288752615 0.0219620876 -0.0219624564
      vertex 0.0288752746 0.0230132807 -0.020858353
      vertex 0.0266002696 0.0225616377 -0.0204489809
    endloop
  endfacet
  facet normal 0.258737206 -0.699586868 0.666058004
    outer loop
      vertex 0.0288752615 0.0219620876 -0.0219624564
      vertex 0.0266002696 0.0225616377 -0.0204489809
      vertex 0.0266002566 0.0215310752 -0.0215314161
    endloop
  endfacet
  facet normal -0.258754462 -0.699580491 0.666058004
    outer loop
      vertex 0.0266002566 0.0215310752 -0.0215314161
      vertex 0.0266002696 0.0225616377 -0.0204489809
      vertex 0.0243252739 0.0230133366 -0.020858353
    endloop
  endfacet
  facet normal -0.258754462 -0.699580371 0.666058064
    outer loop
      vertex 0.0266002566 0.0215310752 -0.0215314161
      vertex 0.0243252739 0.0230133366 -0.020858353
      vertex 0.0243252628 0.0219621435 -0.0219624564
    endloop
  endfacet
  facet normal -0.707006335 -0.512189329 0.487651616
    outer loop
      vertex 0.0243252628 0.0219621435 -0.0219624564
      vertex 0.0243252739 0.0230133366 -0.020858353
      vertex 0.0226598736 0.0242473464 -0.0219767783
    endloop
  endfacet
  facet normal -0.707006097 -0.51218915 0.487652302
    outer loop
      vertex 0.0243252628 0.0219621435 -0.0219624564
      vertex 0.0226598736 0.0242473464 -0.0219767783
      vertex 0.0226598606 0.0231397878 -0.023140084
    endloop
  endfacet
  facet normal -0.965908706 -0.187489972 0.178516045
    outer loop
      vertex 0.0226598606 0.0231397878 -0.023140084
      vertex 0.0226598736 0.0242473464 -0.0219767783
      vertex 0.0220503099 0.025933018 -0.0235045757
    endloop
  endfacet
  facet normal -0.965908527 -0.187489867 0.178516552
    outer loop
      vertex 0.0226598606 0.0231397878 -0.023140084
      vertex 0.0220503099 0.025933018 -0.0235045757
      vertex 0.022050295 0.0247484632 -0.0247487538
    endloop
  endfacet
  facet normal -0.965904236 0.187513441 -0.178515896
    outer loop
      vertex 0.022050295 0.0247484632 -0.0247487538
      vertex 0.0220503099 0.025933018 -0.0235045757
      vertex 0.0226599146 0.0276186746 -0.025032375
    endloop
  endfacet
  facet normal -0.965903938 0.187513307 -0.178516641
    outer loop
      vertex 0.022050295 0.0247484632 -0.0247487538
      vertex 0.0226599146 0.0276186746 -0.025032375
      vertex 0.0226598997 0.0263571236 -0.0263574235
    endloop
  endfacet
  facet normal -0.706993639 0.512205958 -0.48765263
    outer loop
      vertex 0.0226598997 0.0263571236 -0.0263574235
      vertex 0.0226599146 0.0276186746 -0.025032375
      vertex 0.0243253447 0.0288526434 -0.0261507984
    endloop
  endfacet
  facet normal -0.706994057 0.512206256 -0.487651646
    outer loop
      vertex 0.0226598997 0.0263571236 -0.0263574235
      vertex 0.0243253447 0.0288526434 -0.0261507984
      vertex 0.0243253279 0.0275347289 -0.0275350492
    endloop
  endfacet
  facet normal -0.258738518 0.699586511 -0.666057765
    outer loop
      vertex 0.0243253279 0.0275347289 -0.0275350492
      vertex 0.0243253447 0.0288526434 -0.0261507984
      vertex 0.0266003497 0.0293042902 -0.0265601706
    endloop
  endfacet
  facet normal -0.258737743 0.699585974 -0.66605866
    outer loop
      vertex 0.0243253279 0.0275347289 -0.0275350492
      vertex 0.0266003497 0.0293042902 -0.0265601706
      vertex 0.0266003329 0.0279657431 -0.0279660895
    endloop
  endfacet
  facet normal 0.258754373 0.731419563 -0.630929053
    outer loop
      vertex 0.0266003497 0.0293042902 -0.0265601706
      vertex 0.0266003646 0.0305722393 -0.0250902642
      vertex 0.0288753603 0.0301009975 -0.0247035492
    endloop
  endfacet
  facet normal 0.258755416 0.73141861 -0.630929828
    outer loop
      vertex 0.0266003497 0.0293042902 -0.0265601706
      vertex 0.0288753603 0.0301009975 -0.0247035492
      vertex 0.0288753454 0.0288525894 -0.0261507984
    endloop
  endfacet
  facet normal 0.707006395 0.535499454 -0.461933196
    outer loop
      vertex 0.0288753454 0.0288525894 -0.0261507984
      vertex 0.0288753603 0.0301009975 -0.0247035492
      vertex 0.0305407606 0.028813595 -0.0236470215
    endloop
  endfacet
  facet normal 0.707006335 0.535499573 -0.461933196
    outer loop
      vertex 0.0288753454 0.0288525894 -0.0261507984
      vertex 0.0305407606 0.028813595 -0.0236470215
      vertex 0.0305407457 0.0276185796 -0.025032375
    endloop
  endfacet
  facet normal 0.965908825 0.196022809 -0.169101
    outer loop
      vertex 0.0305407457 0.0276185796 -0.025032375
      vertex 0.0305407606 0.028813595 -0.0236470215
      vertex 0.0311503224 0.0270549897 -0.0222037751
    endloop
  endfacet
  facet normal 0.965908766 0.196023405 -0.169100866
    outer loop
      vertex 0.0305407457 0.0276185796 -0.025032375
      vertex 0.0311503224 0.0270549897 -0.0222037751
      vertex 0.0311503094 0.0259329099 -0.0235045757
    endloop
  endfacet
  facet normal 0.965904176 -0.196046084 0.169101074
    outer loop
      vertex 0.0311503094 0.0259329099 -0.0235045757
      vertex 0.0311503224 0.0270549897 -0.0222037751
      vertex 0.0305407178 0.0252963975 -0.0207605287
    endloop
  endfacet
  facet normal 0.965903938 -0.196046874 0.169100851
    outer loop
      vertex 0.0311503094 0.0259329099 -0.0235045757
      vertex 0.0305407178 0.0252963975 -0.0207605287
      vertex 0.0305407047 0.0242472533 -0.0219767783
    endloop
  endfacet
  facet normal 0.706993937 -0.535516679 0.461932361
    outer loop
      vertex 0.0305407047 0.0242472533 -0.0219767783
      vertex 0.0305407178 0.0252963975 -0.0207605287
      vertex 0.0288752876 0.024009034 -0.019704001
    endloop
  endfacet
  facet normal 0.706994176 -0.535516202 0.46193257
    outer loop
      vertex 0.0305407047 0.0242472533 -0.0219767783
      vertex 0.0288752876 0.024009034 -0.019704001
      vertex 0.0288752746 0.0230132807 -0.020858353
    endloop
  endfacet
  facet normal 0.258737534 -0.731424809 0.630930007
    outer loop
      vertex 0.0288752746 0.0230132807 -0.020858353
      vertex 0.0288752876 0.024009034 -0.019704001
      vertex 0.0266002808 0.0235378463 -0.0193172842
    endloop
  endfacet
  facet normal 0.258737087 -0.731425345 0.63092953
    outer loop
      vertex 0.0288752746 0.0230132807 -0.020858353
      vertex 0.0266002808 0.0235378463 -0.0193172842
      vertex 0.0266002696 0.0225616377 -0.0204489809
    endloop
  endfacet
  facet normal -0.258755654 -0.731419086 0.630929172
    outer loop
      vertex 0.0266002696 0.0225616377 -0.0204489809
      vertex 0.0266002808 0.0235378463 -0.0193172842
      vertex 0.024325287 0.0240090899 -0.019704001
    endloop
  endfacet
  facet normal -0.258754849 -0.731418371 0.630930305
    outer loop
      vertex 0.0266002696 0.0225616377 -0.0204489809
      vertex 0.024325287 0.0240090899 -0.019704001
      vertex 0.0243252739 0.0230133366 -0.020858353
    endloop
  endfacet
  facet normal -0.707005978 -0.535499215 0.46193397
    outer loop
      vertex 0.0243252739 0.0230133366 -0.020858353
      vertex 0.024325287 0.0240090899 -0.019704001
      vertex 0.0226598866 0.0252964906 -0.0207605287
    endloop
  endfacet
  facet normal -0.707006633 -0.535499632 0.461932778
    outer loop
      vertex 0.0243252739 0.0230133366 -0.020858353
      vertex 0.0226598866 0.0252964906 -0.0207605287
      vertex 0.0226598736 0.0242473464 -0.0219767783
    endloop
  endfacet
  facet normal -0.965908647 -0.196023345 0.169101268
    outer loop
      vertex 0.0226598736 0.0242473464 -0.0219767783
      vertex 0.0226598866 0.0252964906 -0.0207605287
      vertex 0.022050323 0.0270550977 -0.0222037751
    endloop
  endfacet
  facet normal -0.965908766 -0.19602339 0.169100851
    outer loop
      vertex 0.0226598736 0.0242473464 -0.0219767783
      vertex 0.022050323 0.0270550977 -0.0222037751
      vertex 0.0220503099 0.025933018 -0.0235045757
    endloop
  endfacet
  facet normal -0.965903938 0.19604665 -0.169101536
    outer loop
      vertex 0.0220503099 0.025933018 -0.0235045757
      vertex 0.022050323 0.0270550977 -0.0222037751
      vertex 0.0226599295 0.0288136899 -0.0236470215
    endloop
  endfacet
  facet normal -0.965903997 0.19604671 -0.169100851
    outer loop
      vertex 0.0220503099 0.025933018 -0.0235045757
      vertex 0.0226599295 0.0288136899 -0.0236470215
      vertex 0.0226599146 0.0276186746 -0.025032375
    endloop
  endfacet
  facet normal -0.706993639 0.535516679 -0.461932778
    outer loop
      vertex 0.0226599146 0.0276186746 -0.025032375
      vertex 0.0226599295 0.0288136899 -0.0236470215
      vertex 0.0243253596 0.0301010516 -0.0247035492
    endloop
  endfacet
  facet normal -0.706993282 0.53551662 -0.461933374
    outer loop
      vertex 0.0226599146 0.0276186746 -0.025032375
      vertex 0.0243253596 0.0301010516 -0.0247035492
      vertex 0.0243253447 0.0288526434 -0.0261507984
    endloop
  endfacet
  facet normal -0.258737236 0.731424868 -0.630930007
    outer loop
      vertex 0.0243253447 0.0288526434 -0.0261507984
      vertex 0.0243253596 0.0301010516 -0.0247035492
      vertex 0.0266003646 0.0305722393 -0.0250902642
    endloop
  endfacet
  facet normal -0.25873819 0.731425464 -0.630928874
    outer loop
      vertex 0.0243253447 0.0288526434 -0.0261507984
      vertex 0.0266003646 0.0305722393 -0.0250902642
      vertex 0.0266003497 0.0293042902 -0.0265601706
    endloop
  endfacet
  facet normal 0.25875479 0.761496007 -0.594280899
    outer loop
      vertex 0.0266003646 0.0305722393 -0.0250902642
      vertex 0.0266003795 0.0317665376 -0.0235599149
      vertex 0.0288753733 0.0312768891 -0.0231967866
    endloop
  endfacet
  facet normal 0.25875479 0.761496007 -0.594280899
    outer loop
      vertex 0.0266003646 0.0305722393 -0.0250902642
      vertex 0.0288753733 0.0312768891 -0.0231967866
      vertex 0.0288753603 0.0301009975 -0.0247035492
    endloop
  endfacet
  facet normal 0.707006276 0.557520926 -0.435100615
    outer loop
      vertex 0.0288753603 0.0301009975 -0.0247035492
      vertex 0.0288753733 0.0312768891 -0.0231967866
      vertex 0.0305407736 0.029939197 -0.0222047009
    endloop
  endfacet
  facet normal 0.707006574 0.557520211 -0.435100943
    outer loop
      vertex 0.0288753603 0.0301009975 -0.0247035492
      vertex 0.0305407736 0.029939197 -0.0222047009
      vertex 0.0305407606 0.028813595 -0.0236470215
    endloop
  endfacet
  facet normal 0.965909004 0.204084262 -0.159278199
    outer loop
      vertex 0.0305407606 0.028813595 -0.0236470215
      vertex 0.0305407736 0.029939197 -0.0222047009
      vertex 0.0311503354 0.0281118918 -0.0208494812
    endloop
  endfacet
  facet normal 0.965908945 0.204084158 -0.159278244
    outer loop
      vertex 0.0305407606 0.028813595 -0.0236470215
      vertex 0.0311503354 0.0281118918 -0.0208494812
      vertex 0.0311503224 0.0270549897 -0.0222037751
    endloop
  endfacet
  facet normal 0.965903819 -0.204108074 0.159278333
    outer loop
      vertex 0.0311503224 0.0270549897 -0.0222037751
      vertex 0.0311503354 0.0281118918 -0.0208494812
      vertex 0.0305407289 0.0262846015 -0.0194942653
    endloop
  endfacet
  facet normal 0.965904057 -0.20410718 0.159278646
    outer loop
      vertex 0.0311503224 0.0270549897 -0.0222037751
      vertex 0.0305407289 0.0262846015 -0.0194942653
      vertex 0.0305407178 0.0252963975 -0.0207605287
    endloop
  endfacet
  facet normal 0.706994057 -0.557536483 0.435100526
    outer loop
      vertex 0.0305407178 0.0252963975 -0.0207605287
      vertex 0.0305407289 0.0262846015 -0.0194942653
      vertex 0.0288752988 0.0249469467 -0.0185021777
    endloop
  endfacet
  facet normal 0.706993699 -0.557537377 0.435100108
    outer loop
      vertex 0.0305407178 0.0252963975 -0.0207605287
      vertex 0.0288752988 0.0249469467 -0.0185021777
      vertex 0.0288752876 0.024009034 -0.019704001
    endloop
  endfacet
  facet normal 0.258736581 -0.761502683 0.594280362
    outer loop
      vertex 0.0288752876 0.024009034 -0.019704001
      vertex 0.0288752988 0.0249469467 -0.0185021777
      vertex 0.026600292 0.0244573522 -0.0181390494
    endloop
  endfacet
  facet normal 0.258737147 -0.761501849 0.594281077
    outer loop
      vertex 0.0288752876 0.024009034 -0.019704001
      vertex 0.026600292 0.0244573522 -0.0181390494
      vertex 0.0266002808 0.0235378463 -0.0193172842
    endloop
  endfacet
  facet normal -0.258755356 -0.761495709 0.594281137
    outer loop
      vertex 0.0266002808 0.0235378463 -0.0193172842
      vertex 0.026600292 0.0244573522 -0.0181390494
      vertex 0.0243252981 0.0249470025 -0.0185021777
    endloop
  endfacet
  facet normal -0.258756012 -0.761496186 0.594280124
    outer loop
      vertex 0.0266002808 0.0235378463 -0.0193172842
      vertex 0.0243252981 0.0249470025 -0.0185021777
      vertex 0.024325287 0.0240090899 -0.019704001
    endloop
  endfacet
  facet normal -0.707006574 -0.557520866 0.435100347
    outer loop
      vertex 0.024325287 0.0240090899 -0.019704001
      vertex 0.0243252981 0.0249470025 -0.0185021777
      vertex 0.0226598978 0.0262846947 -0.0194942653
    endloop
  endfacet
  facet normal -0.707006335 -0.557520747 0.435100734
    outer loop
      vertex 0.024325287 0.0240090899 -0.019704001
      vertex 0.0226598978 0.0262846947 -0.0194942653
      vertex 0.0226598866 0.0252964906 -0.0207605287
    endloop
  endfacet
  facet normal -0.965908885 -0.20408465 0.159278139
    outer loop
      vertex 0.0226598866 0.0252964906 -0.0207605287
      vertex 0.0226598978 0.0262846947 -0.0194942653
      vertex 0.022050336 0.0281119999 -0.0208494812
    endloop
  endfacet
  facet normal -0.965908825 -0.204084605 0.159278616
    outer loop
      vertex 0.0226598866 0.0252964906 -0.0207605287
      vertex 0.022050336 0.0281119999 -0.0208494812
      vertex 0.022050323 0.0270550977 -0.0222037751
    endloop
  endfacet
  facet normal -0.965903878 0.204108 -0.159278259
    outer loop
      vertex 0.022050323 0.0270550977 -0.0222037751
      vertex 0.022050336 0.0281119999 -0.0208494812
      vertex 0.0226599425 0.0299392901 -0.022204699
    endloop
  endfacet
  facet normal -0.965903759 0.20410797 -0.159278765
    outer loop
      vertex 0.022050323 0.0270550977 -0.0222037751
      vertex 0.0226599425 0.0299392901 -0.022204699
      vertex 0.0226599295 0.0288136899 -0.0236470215
    endloop
  endfacet
  facet normal -0.706993461 0.557537496 -0.435100347
    outer loop
      vertex 0.0226599295 0.0288136899 -0.0236470215
      vertex 0.0226599425 0.0299392901 -0.022204699
      vertex 0.0243253745 0.031276945 -0.0231967848
    endloop
  endfacet
  facet normal -0.706993341 0.557537436 -0.435100526
    outer loop
      vertex 0.0226599295 0.0288136899 -0.0236470215
      vertex 0.0243253745 0.031276945 -0.0231967848
      vertex 0.0243253596 0.0301010516 -0.0247035492
    endloop
  endfacet
  facet normal -0.25873661 0.761502087 -0.594281077
    outer loop
      vertex 0.0243253596 0.0301010516 -0.0247035492
      vertex 0.0243253745 0.031276945 -0.0231967848
      vertex 0.0266003795 0.0317665376 -0.0235599149
    endloop
  endfacet
  facet normal -0.258736908 0.761502266 -0.59428066
    outer loop
      vertex 0.0243253596 0.0301010516 -0.0247035492
      vertex 0.0266003795 0.0317665376 -0.0235599149
      vertex 0.0266003646 0.0305722393 -0.0250902642
    endloop
  endfacet
  facet normal 0.25875476 0.789739728 -0.556198835
    outer loop
      vertex 0.0266003795 0.0317665376 -0.0235599149
      vertex 0.0266003925 0.0328843035 -0.0219728071
      vertex 0.0288753863 0.0323774293 -0.0216341391
    endloop
  endfacet
  facet normal 0.258755118 0.78973937 -0.556199193
    outer loop
      vertex 0.0266003795 0.0317665376 -0.0235599149
      vertex 0.0288753863 0.0323774293 -0.0216341391
      vertex 0.0288753733 0.0312768891 -0.0231967866
    endloop
  endfacet
  facet normal 0.707006514 0.578198969 -0.40721941
    outer loop
      vertex 0.0288753733 0.0312768891 -0.0231967866
      vertex 0.0288753863 0.0323774293 -0.0216341391
      vertex 0.0305407867 0.0309926681 -0.020708885
    endloop
  endfacet
  facet normal 0.707006514 0.578198969 -0.40721941
    outer loop
      vertex 0.0288753733 0.0312768891 -0.0231967866
      vertex 0.0305407867 0.0309926681 -0.020708885
      vertex 0.0305407736 0.029939197 -0.0222047009
    endloop
  endfacet
  facet normal 0.965908945 0.21165435 -0.149072051
    outer loop
      vertex 0.0305407736 0.029939197 -0.0222047009
      vertex 0.0305407867 0.0309926681 -0.020708885
      vertex 0.0311503485 0.0291010663 -0.019444963
    endloop
  endfacet
  facet normal 0.965909064 0.211653486 -0.149072349
    outer loop
      vertex 0.0305407736 0.029939197 -0.0222047009
      vertex 0.0311503485 0.0291010663 -0.019444963
      vertex 0.0311503354 0.0281118918 -0.0208494812
    endloop
  endfacet
  facet normal 0.965903699 -0.211678043 0.149071693
    outer loop
      vertex 0.0311503354 0.0281118918 -0.0208494812
      vertex 0.0311503485 0.0291010663 -0.019444963
      vertex 0.0305407401 0.0272094794 -0.0181810372
    endloop
  endfacet
  facet normal 0.965903759 -0.211677775 0.149071798
    outer loop
      vertex 0.0311503354 0.0281118918 -0.0208494812
      vertex 0.0305407401 0.0272094794 -0.0181810372
      vertex 0.0305407289 0.0262846015 -0.0194942653
    endloop
  endfacet
  facet normal 0.706992805 -0.578216136 0.407218933
    outer loop
      vertex 0.0305407289 0.0262846015 -0.0194942653
      vertex 0.0305407401 0.0272094794 -0.0181810372
      vertex 0.0288753081 0.0258247592 -0.0172557831
    endloop
  endfacet
  facet normal 0.706993878 -0.578214049 0.407220125
    outer loop
      vertex 0.0305407289 0.0262846015 -0.0194942653
      vertex 0.0288753081 0.0258247592 -0.0172557831
      vertex 0.0288752988 0.0249469467 -0.0185021777
    endloop
  endfacet
  facet normal 0.258737892 -0.789744318 0.556200206
    outer loop
      vertex 0.0288752988 0.0249469467 -0.0185021777
      vertex 0.0288753081 0.0258247592 -0.0172557831
      vertex 0.0266003031 0.0253179334 -0.0169171151
    endloop
  endfacet
  facet normal 0.258736193 -0.789746225 0.556198299
    outer loop
      vertex 0.0288752988 0.0249469467 -0.0185021777
      vertex 0.0266003031 0.0253179334 -0.0169171151
      vertex 0.026600292 0.0244573522 -0.0181390494
    endloop
  endfacet
  facet normal -0.258756548 -0.78973949 0.556198299
    outer loop
      vertex 0.026600292 0.0244573522 -0.0181390494
      vertex 0.0266003031 0.0253179334 -0.0169171151
      vertex 0.0243253093 0.0258248132 -0.0172557831
    endloop
  endfacet
  facet normal -0.258755714 -0.789738953 0.556199551
    outer loop
      vertex 0.026600292 0.0244573522 -0.0181390494
      vertex 0.0243253093 0.0258248132 -0.0172557831
      vertex 0.0243252981 0.0249470025 -0.0185021777
    endloop
  endfacet
  facet normal -0.707006574 -0.578198612 0.407219976
    outer loop
      vertex 0.0243252981 0.0249470025 -0.0185021777
      vertex 0.0243253093 0.0258248132 -0.0172557831
      vertex 0.022659909 0.0272095744 -0.0181810372
    endloop
  endfacet
  facet normal -0.707006693 -0.578198671 0.407219499
    outer loop
      vertex 0.0243252981 0.0249470025 -0.0185021777
      vertex 0.022659909 0.0272095744 -0.0181810372
      vertex 0.0226598978 0.0262846947 -0.0194942653
    endloop
  endfacet
  facet normal -0.965908885 -0.21165438 0.149072066
    outer loop
      vertex 0.0226598978 0.0262846947 -0.0194942653
      vertex 0.022659909 0.0272095744 -0.0181810372
      vertex 0.0220503472 0.0291011743 -0.0194449611
    endloop
  endfacet
  facet normal -0.965908945 -0.21165441 0.1490715
    outer loop
      vertex 0.0226598978 0.0262846947 -0.0194942653
      vertex 0.0220503472 0.0291011743 -0.0194449611
      vertex 0.022050336 0.0281119999 -0.0208494812
    endloop
  endfacet
  facet normal -0.965903699 0.211677745 -0.149072587
    outer loop
      vertex 0.022050336 0.0281119999 -0.0208494812
      vertex 0.0220503472 0.0291011743 -0.0194449611
      vertex 0.0226599555 0.0309927613 -0.0207088832
    endloop
  endfacet
  facet normal -0.965903759 0.2116777 -0.149071679
    outer loop
      vertex 0.022050336 0.0281119999 -0.0208494812
      vertex 0.0226599555 0.0309927613 -0.0207088832
      vertex 0.0226599425 0.0299392901 -0.022204699
    endloop
  endfacet
  facet normal -0.706993699 0.578215301 -0.407218516
    outer loop
      vertex 0.0226599425 0.0299392901 -0.022204699
      vertex 0.0226599555 0.0309927613 -0.0207088832
      vertex 0.0243253876 0.0323774852 -0.0216341391
    endloop
  endfacet
  facet normal -0.706993222 0.578215241 -0.407219589
    outer loop
      vertex 0.0226599425 0.0299392901 -0.022204699
      vertex 0.0243253876 0.0323774852 -0.0216341391
      vertex 0.0243253745 0.031276945 -0.0231967848
    endloop
  endfacet
  facet normal -0.258735478 0.78974545 -0.556199789
    outer loop
      vertex 0.0243253745 0.031276945 -0.0231967848
      vertex 0.0243253876 0.0323774852 -0.0216341391
      vertex 0.0266003925 0.0328843035 -0.0219728071
    endloop
  endfacet
  facet normal -0.258736223 0.789745748 -0.556198835
    outer loop
      vertex 0.0243253745 0.031276945 -0.0231967848
      vertex 0.0266003925 0.0328843035 -0.0219728071
      vertex 0.0266003795 0.0317665376 -0.0235599149
    endloop
  endfacet
  facet normal 0.258757591 0.816077769 -0.516780019
    outer loop
      vertex 0.0266003925 0.0328843035 -0.0219728071
      vertex 0.0266004056 0.0339228548 -0.020332763
      vertex 0.0288753994 0.0333999656 -0.0200193729
    endloop
  endfacet
  facet normal 0.258754969 0.816080093 -0.516777515
    outer loop
      vertex 0.0266003925 0.0328843035 -0.0219728071
      vertex 0.0288753994 0.0333999656 -0.0200193729
      vertex 0.0288753863 0.0323774293 -0.0216341391
    endloop
  endfacet
  facet normal 0.707006097 0.597484648 -0.37835753
    outer loop
      vertex 0.0288753863 0.0323774293 -0.0216341391
      vertex 0.0288753994 0.0333999656 -0.0200193729
      vertex 0.0305407979 0.031971477 -0.0191631801
    endloop
  endfacet
  facet normal 0.707006752 0.597483575 -0.378358155
    outer loop
      vertex 0.0288753863 0.0323774293 -0.0216341391
      vertex 0.0305407979 0.031971477 -0.0191631801
      vertex 0.0305407867 0.0309926681 -0.020708885
    endloop
  endfacet
  facet normal 0.965909004 0.218714148 -0.138506472
    outer loop
      vertex 0.0305407867 0.0309926681 -0.020708885
      vertex 0.0305407979 0.031971477 -0.0191631801
      vertex 0.0311503597 0.0300201345 -0.0179935955
    endloop
  endfacet
  facet normal 0.965908945 0.218713969 -0.138506502
    outer loop
      vertex 0.0305407867 0.0309926681 -0.020708885
      vertex 0.0311503597 0.0300201345 -0.0179935955
      vertex 0.0311503485 0.0291010663 -0.019444963
    endloop
  endfacet
  facet normal 0.96590364 -0.218737379 0.138506457
    outer loop
      vertex 0.0311503485 0.0291010663 -0.019444963
      vertex 0.0311503597 0.0300201345 -0.0179935955
      vertex 0.0305407513 0.0280688088 -0.0168240108
    endloop
  endfacet
  facet normal 0.965903699 -0.218737587 0.138506413
    outer loop
      vertex 0.0311503485 0.0291010663 -0.019444963
      vertex 0.0305407513 0.0280688088 -0.0168240108
      vertex 0.0305407401 0.0272094794 -0.0181810372
    endloop
  endfacet
  facet normal 0.706993341 -0.597499788 0.378357589
    outer loop
      vertex 0.0305407401 0.0272094794 -0.0181810372
      vertex 0.0305407513 0.0280688088 -0.0168240108
      vertex 0.0288753193 0.0266403537 -0.0159678161
    endloop
  endfacet
  facet normal 0.706992567 -0.597501218 0.378356576
    outer loop
      vertex 0.0305407401 0.0272094794 -0.0181810372
      vertex 0.0288753193 0.0266403537 -0.0159678161
      vertex 0.0288753081 0.0258247592 -0.0172557831
    endloop
  endfacet
  facet normal 0.258736908 -0.816085875 0.516777456
    outer loop
      vertex 0.0288753081 0.0258247592 -0.0172557831
      vertex 0.0288753193 0.0266403537 -0.0159678161
      vertex 0.0266003124 0.0261175223 -0.0156544261
    endloop
  endfacet
  facet normal 0.258737564 -0.816085219 0.516778231
    outer loop
      vertex 0.0288753081 0.0258247592 -0.0172557831
      vertex 0.0266003124 0.0261175223 -0.0156544261
      vertex 0.0266003031 0.0253179334 -0.0169171151
    endloop
  endfacet
  facet normal -0.258756369 -0.816079199 0.51677829
    outer loop
      vertex 0.0266003031 0.0253179334 -0.0169171151
      vertex 0.0266003124 0.0261175223 -0.0156544261
      vertex 0.0243253186 0.0266404077 -0.0159678161
    endloop
  endfacet
  facet normal -0.258756846 -0.816079497 0.516777575
    outer loop
      vertex 0.0266003031 0.0253179334 -0.0169171151
      vertex 0.0243253186 0.0266404077 -0.0159678161
      vertex 0.0243253093 0.0258248132 -0.0172557831
    endloop
  endfacet
  facet normal -0.707007706 -0.597483397 0.378356606
    outer loop
      vertex 0.0243253093 0.0258248132 -0.0172557831
      vertex 0.0243253186 0.0266404077 -0.0159678161
      vertex 0.0226599202 0.0280689038 -0.0168240108
    endloop
  endfacet
  facet normal -0.707006872 -0.597483158 0.378358662
    outer loop
      vertex 0.0243253093 0.0258248132 -0.0172557831
      vertex 0.0226599202 0.0280689038 -0.0168240108
      vertex 0.022659909 0.0272095744 -0.0181810372
    endloop
  endfacet
  facet normal -0.965908766 -0.218714058 0.138507426
    outer loop
      vertex 0.022659909 0.0272095744 -0.0181810372
      vertex 0.0226599202 0.0280689038 -0.0168240108
      vertex 0.0220503584 0.0300202426 -0.0179935936
    endloop
  endfacet
  facet normal -0.965908885 -0.218714014 0.138506562
    outer loop
      vertex 0.022659909 0.0272095744 -0.0181810372
      vertex 0.0220503584 0.0300202426 -0.0179935936
      vertex 0.0220503472 0.0291011743 -0.0194449611
    endloop
  endfacet
  facet normal -0.96590364 0.21873726 -0.138506383
    outer loop
      vertex 0.0220503472 0.0291011743 -0.0194449611
      vertex 0.0220503584 0.0300202426 -0.0179935936
      vertex 0.0226599667 0.0319715701 -0.0191631783
    endloop
  endfacet
  facet normal -0.96590358 0.218737304 -0.138507187
    outer loop
      vertex 0.0220503472 0.0291011743 -0.0194449611
      vertex 0.0226599667 0.0319715701 -0.0191631783
      vertex 0.0226599555 0.0309927613 -0.0207088832
    endloop
  endfacet
  facet normal -0.706992686 0.597500026 -0.378358394
    outer loop
      vertex 0.0226599555 0.0309927613 -0.0207088832
      vertex 0.0226599667 0.0319715701 -0.0191631783
      vertex 0.0243253987 0.0334000215 -0.0200193729
    endloop
  endfacet
  facet normal -0.70699352 0.597500145 -0.378356725
    outer loop
      vertex 0.0226599555 0.0309927613 -0.0207088832
      vertex 0.0243253987 0.0334000215 -0.0200193729
      vertex 0.0243253876 0.0323774852 -0.0216341391
    endloop
  endfacet
  facet normal -0.258737564 0.816085756 -0.516777277
    outer loop
      vertex 0.0243253876 0.0323774852 -0.0216341391
      vertex 0.0243253987 0.0334000215 -0.0200193729
      vertex 0.0266004056 0.0339228548 -0.020332763
    endloop
  endfacet
  facet normal -0.25873512 0.816084743 -0.516780317
    outer loop
      vertex 0.0243253876 0.0323774852 -0.0216341391
      vertex 0.0266004056 0.0339228548 -0.020332763
      vertex 0.0266003925 0.0328843035 -0.0219728071
    endloop
  endfacet
  facet normal 0.258756697 0.840453327 -0.476112515
    outer loop
      vertex 0.0266004056 0.0339228548 -0.020332763
      vertex 0.0266004167 0.034879677 -0.018643735
      vertex 0.0288754106 0.0343420431 -0.0183563791
    endloop
  endfacet
  facet normal 0.258757949 0.840452373 -0.476113677
    outer loop
      vertex 0.0266004056 0.0339228548 -0.020332763
      vertex 0.0288754106 0.0343420431 -0.0183563791
      vertex 0.0288753994 0.0333999656 -0.0200193729
    endloop
  endfacet
  facet normal 0.707006574 0.615329087 -0.348585546
    outer loop
      vertex 0.0288753994 0.0333999656 -0.0200193729
      vertex 0.0288754106 0.0343420431 -0.0183563791
      vertex 0.030540809 0.0328732617 -0.0175713096
    endloop
  endfacet
  facet normal 0.707006335 0.615329444 -0.348585218
    outer loop
      vertex 0.0288753994 0.0333999656 -0.0200193729
      vertex 0.030540809 0.0328732617 -0.0175713096
      vertex 0.0305407979 0.031971477 -0.0191631801
    endloop
  endfacet
  facet normal 0.965909183 0.225246236 -0.127607375
    outer loop
      vertex 0.0305407979 0.031971477 -0.0191631801
      vertex 0.030540809 0.0328732617 -0.0175713096
      vertex 0.031150369 0.03086688 -0.0164988823
    endloop
  endfacet
  facet normal 0.965909004 0.225247025 -0.127607018
    outer loop
      vertex 0.0305407979 0.031971477 -0.0191631801
      vertex 0.031150369 0.03086688 -0.0164988823
      vertex 0.0311503597 0.0300201345 -0.0179935955
    endloop
  endfacet
  facet normal 0.965903699 -0.225269467 0.127607703
    outer loop
      vertex 0.0311503597 0.0300201345 -0.0179935955
      vertex 0.031150369 0.03086688 -0.0164988823
      vertex 0.0305407606 0.028860515 -0.0154264532
    endloop
  endfacet
  facet normal 0.96590358 -0.225270063 0.127607405
    outer loop
      vertex 0.0311503597 0.0300201345 -0.0179935955
      vertex 0.0305407606 0.028860515 -0.0154264532
      vertex 0.0305407513 0.0280688088 -0.0168240108
    endloop
  endfacet
  facet normal 0.706992507 -0.615345955 0.348584294
    outer loop
      vertex 0.0305407513 0.0280688088 -0.0168240108
      vertex 0.0305407606 0.028860515 -0.0154264532
      vertex 0.0288753267 0.0273917709 -0.0146413818
    endloop
  endfacet
  facet normal 0.706993163 -0.615344763 0.348585129
    outer loop
      vertex 0.0305407513 0.0280688088 -0.0168240108
      vertex 0.0288753267 0.0273917709 -0.0146413818
      vertex 0.0288753193 0.0266403537 -0.0159678161
    endloop
  endfacet
  facet normal 0.258736938 -0.84045887 0.476113498
    outer loop
      vertex 0.0288753193 0.0266403537 -0.0159678161
      vertex 0.0288753267 0.0273917709 -0.0146413818
      vertex 0.0266003218 0.026854191 -0.0143540259
    endloop
  endfacet
  facet normal 0.25873664 -0.840459168 0.476113111
    outer loop
      vertex 0.0288753193 0.0266403537 -0.0159678161
      vertex 0.0266003218 0.026854191 -0.0143540259
      vertex 0.0266003124 0.0261175223 -0.0156544261
    endloop
  endfacet
  facet normal -0.258756727 -0.840452969 0.476113319
    outer loop
      vertex 0.0266003124 0.0261175223 -0.0156544261
      vertex 0.0266003218 0.026854191 -0.0143540259
      vertex 0.0243253279 0.0273918249 -0.0146413818
    endloop
  endfacet
  facet normal -0.258756667 -0.840452909 0.476113409
    outer loop
      vertex 0.0266003124 0.0261175223 -0.0156544261
      vertex 0.0243253279 0.0273918249 -0.0146413818
      vertex 0.0243253186 0.0266404077 -0.0159678161
    endloop
  endfacet
  facet normal -0.707007527 -0.615328372 0.348584831
    outer loop
      vertex 0.0243253186 0.0266404077 -0.0159678161
      vertex 0.0243253279 0.0273918249 -0.0146413818
      vertex 0.0226599295 0.02886061 -0.0154264532
    endloop
  endfacet
  facet normal -0.707007885 -0.615328491 0.348583788
    outer loop
      vertex 0.0243253186 0.0266404077 -0.0159678161
      vertex 0.0226599295 0.02886061 -0.0154264532
      vertex 0.0226599202 0.0280689038 -0.0168240108
    endloop
  endfacet
  facet normal -0.965909123 -0.225246623 0.127607003
    outer loop
      vertex 0.0226599202 0.0280689038 -0.0168240108
      vertex 0.0226599295 0.02886061 -0.0154264532
      vertex 0.0220503695 0.0308669899 -0.0164988805
    endloop
  endfacet
  facet normal -0.965908885 -0.225246713 0.127608314
    outer loop
      vertex 0.0226599202 0.0280689038 -0.0168240108
      vertex 0.0220503695 0.0308669899 -0.0164988805
      vertex 0.0220503584 0.0300202426 -0.0179935936
    endloop
  endfacet
  facet normal -0.965903699 0.225269943 -0.127607048
    outer loop
      vertex 0.0220503584 0.0300202426 -0.0179935936
      vertex 0.0220503695 0.0308669899 -0.0164988805
      vertex 0.0226599779 0.0328733549 -0.0175713077
    endloop
  endfacet
  facet normal -0.965903699 0.225269943 -0.127607241
    outer loop
      vertex 0.0220503584 0.0300202426 -0.0179935936
      vertex 0.0226599779 0.0328733549 -0.0175713077
      vertex 0.0226599667 0.0319715701 -0.0191631783
    endloop
  endfacet
  facet normal -0.706992865 0.615345359 -0.348584354
    outer loop
      vertex 0.0226599667 0.0319715701 -0.0191631783
      vertex 0.0226599779 0.0328733549 -0.0175713077
      vertex 0.0243254099 0.034342099 -0.0183563791
    endloop
  endfacet
  facet normal -0.706992388 0.615345418 -0.348585248
    outer loop
      vertex 0.0226599667 0.0319715701 -0.0191631783
      vertex 0.0243254099 0.034342099 -0.0183563791
      vertex 0.0243253987 0.0334000215 -0.0200193729
    endloop
  endfacet
  facet normal -0.258736104 0.84045893 -0.476113975
    outer loop
      vertex 0.0243253987 0.0334000215 -0.0200193729
      vertex 0.0243254099 0.034342099 -0.0183563791
      vertex 0.0266004167 0.034879677 -0.018643735
    endloop
  endfacet
  facet normal -0.258737296 0.840459406 -0.476112425
    outer loop
      vertex 0.0243253987 0.0334000215 -0.0200193729
      vertex 0.0266004167 0.034879677 -0.018643735
      vertex 0.0266004056 0.0339228548 -0.020332763
    endloop
  endfacet
  facet normal 0.258756816 0.862802684 -0.434299886
    outer loop
      vertex 0.0266004167 0.034879677 -0.018643735
      vertex 0.0266004279 0.0357524529 -0.0169098265
      vertex 0.0288754217 0.035201367 -0.0166491959
    endloop
  endfacet
  facet normal 0.258756995 0.862802565 -0.434300065
    outer loop
      vertex 0.0266004167 0.034879677 -0.018643735
      vertex 0.0288754217 0.035201367 -0.0166491959
      vertex 0.0288754106 0.0343420431 -0.0183563791
    endloop
  endfacet
  facet normal 0.707007587 0.631691694 -0.317971528
    outer loop
      vertex 0.0288754106 0.0343420431 -0.0183563791
      vertex 0.0288754217 0.035201367 -0.0166491959
      vertex 0.0305408183 0.0336958319 -0.0159371383
    endloop
  endfacet
  facet normal 0.707006812 0.631693006 -0.317970604
    outer loop
      vertex 0.0288754106 0.0343420431 -0.0183563791
      vertex 0.0305408183 0.0336958319 -0.0159371383
      vertex 0.030540809 0.0328732617 -0.0175713096
    endloop
  endfacet
  facet normal 0.965909123 0.231237039 -0.116400093
    outer loop
      vertex 0.030540809 0.0328732617 -0.0175713096
      vertex 0.0305408183 0.0336958319 -0.0159371383
      vertex 0.0311503783 0.0316392481 -0.0149644483
    endloop
  endfacet
  facet normal 0.965909183 0.231236458 -0.116400369
    outer loop
      vertex 0.030540809 0.0328732617 -0.0175713096
      vertex 0.0311503783 0.0316392481 -0.0149644483
      vertex 0.031150369 0.03086688 -0.0164988823
    endloop
  endfacet
  facet normal 0.965903699 -0.231259733 0.116400346
    outer loop
      vertex 0.031150369 0.03086688 -0.0164988823
      vertex 0.0311503783 0.0316392481 -0.0149644483
      vertex 0.0305407699 0.0295826793 -0.0139917592
    endloop
  endfacet
  facet normal 0.96590364 -0.231259972 0.116400234
    outer loop
      vertex 0.031150369 0.03086688 -0.0164988823
      vertex 0.0305407699 0.0295826793 -0.0139917592
      vertex 0.0305407606 0.028860515 -0.0154264532
    endloop
  endfacet
  facet normal 0.706992328 -0.63170898 0.317970991
    outer loop
      vertex 0.0305407606 0.028860515 -0.0154264532
      vertex 0.0305407699 0.0295826793 -0.0139917592
      vertex 0.0288753361 0.0280771833 -0.0132797016
    endloop
  endfacet
  facet normal 0.706992269 -0.631709099 0.317970932
    outer loop
      vertex 0.0305407606 0.028860515 -0.0154264532
      vertex 0.0288753361 0.0280771833 -0.0132797016
      vertex 0.0288753267 0.0273917709 -0.0146413818
    endloop
  endfacet
  facet normal 0.258736551 -0.862808764 0.434299827
    outer loop
      vertex 0.0288753267 0.0273917709 -0.0146413818
      vertex 0.0288753361 0.0280771833 -0.0132797016
      vertex 0.0266003292 0.0275261514 -0.01301907
    endloop
  endfacet
  facet normal 0.25873667 -0.862808704 0.434300005
    outer loop
      vertex 0.0288753267 0.0273917709 -0.0146413818
      vertex 0.0266003292 0.0275261514 -0.01301907
      vertex 0.0266003218 0.026854191 -0.0143540259
    endloop
  endfacet
  facet normal -0.258757055 -0.862802744 0.434299886
    outer loop
      vertex 0.0266003218 0.026854191 -0.0143540259
      vertex 0.0266003292 0.0275261514 -0.01301907
      vertex 0.0243253354 0.0280772373 -0.0132797016
    endloop
  endfacet
  facet normal -0.258756995 -0.862802684 0.434299916
    outer loop
      vertex 0.0266003218 0.026854191 -0.0143540259
      vertex 0.0243253354 0.0280772373 -0.0132797016
      vertex 0.0243253279 0.0273918249 -0.0146413818
    endloop
  endfacet
  facet normal -0.707007945 -0.631691635 0.317970842
    outer loop
      vertex 0.0243253279 0.0273918249 -0.0146413818
      vertex 0.0243253354 0.0280772373 -0.0132797016
      vertex 0.0226599388 0.0295827743 -0.0139917592
    endloop
  endfacet
  facet normal -0.707007706 -0.631691635 0.317971468
    outer loop
      vertex 0.0243253279 0.0273918249 -0.0146413818
      vertex 0.0226599388 0.0295827743 -0.0139917592
      vertex 0.0226599295 0.02886061 -0.0154264532
    endloop
  endfacet
  facet normal -0.965909064 -0.231236801 0.116401091
    outer loop
      vertex 0.0226599295 0.02886061 -0.0154264532
      vertex 0.0226599388 0.0295827743 -0.0139917592
      vertex 0.0220503788 0.0316393562 -0.0149644483
    endloop
  endfacet
  facet normal -0.965909243 -0.231236696 0.116400339
    outer loop
      vertex 0.0226599295 0.02886061 -0.0154264532
      vertex 0.0220503788 0.0316393562 -0.0149644483
      vertex 0.0220503695 0.0308669899 -0.0164988805
    endloop
  endfacet
  facet normal -0.965903699 0.231259793 -0.116400242
    outer loop
      vertex 0.0220503695 0.0308669899 -0.0164988805
      vertex 0.0220503788 0.0316393562 -0.0149644483
      vertex 0.0226599872 0.033695925 -0.0159371383
    endloop
  endfacet
  facet normal -0.96590358 0.231259838 -0.116400711
    outer loop
      vertex 0.0220503695 0.0308669899 -0.0164988805
      vertex 0.0226599872 0.033695925 -0.0159371383
      vertex 0.0226599779 0.0328733549 -0.0175713077
    endloop
  endfacet
  facet normal -0.706992686 0.631708622 -0.317970783
    outer loop
      vertex 0.0226599779 0.0328733549 -0.0175713077
      vertex 0.0226599872 0.033695925 -0.0159371383
      vertex 0.0243254211 0.0352014229 -0.0166491959
    endloop
  endfacet
  facet normal -0.706992686 0.631708682 -0.317970872
    outer loop
      vertex 0.0226599779 0.0328733549 -0.0175713077
      vertex 0.0243254211 0.0352014229 -0.0166491959
      vertex 0.0243254099 0.034342099 -0.0183563791
    endloop
  endfacet
  facet normal -0.258735746 0.862809002 -0.434299946
    outer loop
      vertex 0.0243254099 0.034342099 -0.0183563791
      vertex 0.0243254211 0.0352014229 -0.0166491959
      vertex 0.0266004279 0.0357524529 -0.0169098265
    endloop
  endfacet
  facet normal -0.258735836 0.862809062 -0.434299797
    outer loop
      vertex 0.0243254099 0.034342099 -0.0183563791
      vertex 0.0266004279 0.0357524529 -0.0169098265
      vertex 0.0266004167 0.034879677 -0.018643735
    endloop
  endfacet
  facet normal 0.258757621 0.883073032 -0.391441435
    outer loop
      vertex 0.0266004279 0.0357524529 -0.0169098265
      vertex 0.0266004372 0.036539115 -0.0151351485
      vertex 0.028875431 0.0359759033 -0.0149018699
    endloop
  endfacet
  facet normal 0.258757114 0.883073449 -0.391440868
    outer loop
      vertex 0.0266004279 0.0357524529 -0.0169098265
      vertex 0.028875431 0.0359759033 -0.0149018699
      vertex 0.0288754217 0.035201367 -0.0166491959
    endloop
  endfacet
  facet normal 0.707007587 0.646533191 -0.286592215
    outer loop
      vertex 0.0288754217 0.035201367 -0.0166491959
      vertex 0.028875431 0.0359759033 -0.0149018699
      vertex 0.0305408277 0.0344372429 -0.0142645426
    endloop
  endfacet
  facet normal 0.707007706 0.646532953 -0.286592394
    outer loop
      vertex 0.0288754217 0.035201367 -0.0166491959
      vertex 0.0305408277 0.0344372429 -0.0142645426
      vertex 0.0305408183 0.0336958319 -0.0159371383
    endloop
  endfacet
  facet normal 0.965909183 0.236669809 -0.104913935
    outer loop
      vertex 0.0305408183 0.0336958319 -0.0159371383
      vertex 0.0305408277 0.0344372429 -0.0142645426
      vertex 0.0311503876 0.032335408 -0.0133939367
    endloop
  endfacet
  facet normal 0.965909183 0.236669496 -0.104914099
    outer loop
      vertex 0.0305408183 0.0336958319 -0.0159371383
      vertex 0.0311503876 0.032335408 -0.0133939367
      vertex 0.0311503783 0.0316392481 -0.0149644483
    endloop
  endfacet
  facet normal 0.965903461 -0.236693367 0.104913227
    outer loop
      vertex 0.0311503783 0.0316392481 -0.0149644483
      vertex 0.0311503876 0.032335408 -0.0133939367
      vertex 0.0305407774 0.0302335899 -0.0125233298
    endloop
  endfacet
  facet normal 0.96590364 -0.236692503 0.104913779
    outer loop
      vertex 0.0311503783 0.0316392481 -0.0149644483
      vertex 0.0305407774 0.0302335899 -0.0125233298
      vertex 0.0305407699 0.0295826793 -0.0139917592
    endloop
  endfacet
  facet normal 0.706992149 -0.646549881 0.286592573
    outer loop
      vertex 0.0305407699 0.0295826793 -0.0139917592
      vertex 0.0305407774 0.0302335899 -0.0125233298
      vertex 0.0288753435 0.0286949687 -0.0118860025
    endloop
  endfacet
  facet normal 0.706992209 -0.64654994 0.286592573
    outer loop
      vertex 0.0305407699 0.0295826793 -0.0139917592
      vertex 0.0288753435 0.0286949687 -0.0118860025
      vertex 0.0288753361 0.0280771833 -0.0132797016
    endloop
  endfacet
  facet normal 0.258735895 -0.88307941 0.391441494
    outer loop
      vertex 0.0288753361 0.0280771833 -0.0132797016
      vertex 0.0288753435 0.0286949687 -0.0118860025
      vertex 0.0266003367 0.0281318128 -0.0116527248
    endloop
  endfacet
  facet normal 0.258736342 -0.883079112 0.39144209
    outer loop
      vertex 0.0288753361 0.0280771833 -0.0132797016
      vertex 0.0266003367 0.0281318128 -0.0116527248
      vertex 0.0266003292 0.0275261514 -0.01301907
    endloop
  endfacet
  facet normal -0.258756816 -0.883072972 0.391442209
    outer loop
      vertex 0.0266003292 0.0275261514 -0.01301907
      vertex 0.0266003367 0.0281318128 -0.0116527248
      vertex 0.0243253428 0.0286950227 -0.0118860025
    endloop
  endfacet
  facet normal -0.258757263 -0.883073211 0.391441435
    outer loop
      vertex 0.0266003292 0.0275261514 -0.01301907
      vertex 0.0243253428 0.0286950227 -0.0118860025
      vertex 0.0243253354 0.0280772373 -0.0132797016
    endloop
  endfacet
  facet normal -0.707007945 -0.646532714 0.286592484
    outer loop
      vertex 0.0243253354 0.0280772373 -0.0132797016
      vertex 0.0243253428 0.0286950227 -0.0118860025
      vertex 0.0226599462 0.0302336849 -0.0125233298
    endloop
  endfacet
  facet normal -0.707008123 -0.646532714 0.286592126
    outer loop
      vertex 0.0243253354 0.0280772373 -0.0132797016
      vertex 0.0226599462 0.0302336849 -0.0125233298
      vertex 0.0226599388 0.0295827743 -0.0139917592
    endloop
  endfacet
  facet normal -0.965909064 -0.236670226 0.104913719
    outer loop
      vertex 0.0226599388 0.0295827743 -0.0139917592
      vertex 0.0226599462 0.0302336849 -0.0125233298
      vertex 0.0220503863 0.0323355161 -0.0133939367
    endloop
  endfacet
  facet normal -0.965909123 -0.236670136 0.104913235
    outer loop
      vertex 0.0226599388 0.0295827743 -0.0139917592
      vertex 0.0220503863 0.0323355161 -0.0133939367
      vertex 0.0220503788 0.0316393562 -0.0149644483
    endloop
  endfacet
  facet normal -0.965903461 0.236692846 -0.104914136
    outer loop
      vertex 0.0220503788 0.0316393562 -0.0149644483
      vertex 0.0220503863 0.0323355161 -0.0133939367
      vertex 0.0226599965 0.034437336 -0.0142645426
    endloop
  endfacet
  facet normal -0.965903521 0.236692667 -0.104913309
    outer loop
      vertex 0.0220503788 0.0316393562 -0.0149644483
      vertex 0.0226599965 0.034437336 -0.0142645426
      vertex 0.0226599872 0.033695925 -0.0159371383
    endloop
  endfacet
  facet normal -0.706992447 0.646549821 -0.286591977
    outer loop
      vertex 0.0226599872 0.033695925 -0.0159371383
      vertex 0.0226599965 0.034437336 -0.0142645426
      vertex 0.0243254304 0.0359759592 -0.014901869
    endloop
  endfacet
  facet normal -0.706992507 0.646549821 -0.286591887
    outer loop
      vertex 0.0226599872 0.033695925 -0.0159371383
      vertex 0.0243254304 0.0359759592 -0.014901869
      vertex 0.0243254211 0.0352014229 -0.0166491959
    endloop
  endfacet
  facet normal -0.258736193 0.883079767 -0.39144069
    outer loop
      vertex 0.0243254211 0.0352014229 -0.0166491959
      vertex 0.0243254304 0.0359759592 -0.014901869
      vertex 0.0266004372 0.036539115 -0.0151351485
    endloop
  endfacet
  facet normal -0.258735478 0.883079529 -0.391441613
    outer loop
      vertex 0.0243254211 0.0352014229 -0.0166491959
      vertex 0.0266004372 0.036539115 -0.0151351485
      vertex 0.0266004279 0.0357524529 -0.0169098265
    endloop
  endfacet
  facet normal 0.258758485 0.90121609 -0.347640008
    outer loop
      vertex 0.0266004372 0.036539115 -0.0151351485
      vertex 0.0266004466 0.0372377522 -0.0133240065
      vertex 0.0288754385 0.0366637707 -0.0131186442
    endloop
  endfacet
  facet normal 0.258757859 0.901216507 -0.347639322
    outer loop
      vertex 0.0266004372 0.036539115 -0.0151351485
      vertex 0.0288754385 0.0366637707 -0.0131186442
      vertex 0.028875431 0.0359759033 -0.0149018699
    endloop
  endfacet
  facet normal 0.707007527 0.659816861 -0.25452292
    outer loop
      vertex 0.028875431 0.0359759033 -0.0149018699
      vertex 0.0288754385 0.0366637707 -0.0131186442
      vertex 0.0305408351 0.0350956917 -0.0125575829
    endloop
  endfacet
  facet normal 0.707007766 0.659816623 -0.254523188
    outer loop
      vertex 0.028875431 0.0359759033 -0.0149018699
      vertex 0.0305408351 0.0350956917 -0.0125575829
      vertex 0.0305408277 0.0344372429 -0.0142645426
    endloop
  endfacet
  facet normal 0.965909183 0.241533026 -0.0931740403
    outer loop
      vertex 0.0305408277 0.0344372429 -0.0142645426
      vertex 0.0305408351 0.0350956917 -0.0125575829
      vertex 0.0311503951 0.0329536721 -0.0117911566
    endloop
  endfacet
  facet normal 0.965909183 0.241532445 -0.0931743756
    outer loop
      vertex 0.0305408277 0.0344372429 -0.0142645426
      vertex 0.0311503951 0.0329536721 -0.0117911566
      vertex 0.0311503876 0.032335408 -0.0133939367
    endloop
  endfacet
  facet normal 0.965903401 -0.241555512 0.0931742936
    outer loop
      vertex 0.0311503876 0.032335408 -0.0133939367
      vertex 0.0311503951 0.0329536721 -0.0117911566
      vertex 0.0305407848 0.0308116656 -0.0110247312
    endloop
  endfacet
  facet normal 0.965903401 -0.241555959 0.0931740031
    outer loop
      vertex 0.0311503876 0.032335408 -0.0133939367
      vertex 0.0305407848 0.0308116656 -0.0110247312
      vertex 0.0305407774 0.0302335899 -0.0125233298
    endloop
  endfacet
  facet normal 0.70699203 -0.659833431 0.254523367
    outer loop
      vertex 0.0305407774 0.0302335899 -0.0125233298
      vertex 0.0305407848 0.0308116656 -0.0110247312
      vertex 0.0288753491 0.0292436238 -0.010463669
    endloop
  endfacet
  facet normal 0.706991971 -0.659833372 0.254523337
    outer loop
      vertex 0.0305407774 0.0302335899 -0.0125233298
      vertex 0.0288753491 0.0292436238 -0.010463669
      vertex 0.0288753435 0.0286949687 -0.0118860025
    endloop
  endfacet
  facet normal 0.258735061 -0.901223063 0.347639471
    outer loop
      vertex 0.0288753435 0.0286949687 -0.0118860025
      vertex 0.0288753491 0.0292436238 -0.010463669
      vertex 0.0266003422 0.0286697019 -0.0102583058
    endloop
  endfacet
  facet normal 0.258735687 -0.901222527 0.347640336
    outer loop
      vertex 0.0288753435 0.0286949687 -0.0118860025
      vertex 0.0266003422 0.0286697019 -0.0102583058
      vertex 0.0266003367 0.0281318128 -0.0116527248
    endloop
  endfacet
  facet normal -0.258756578 -0.901216567 0.347640157
    outer loop
      vertex 0.0266003367 0.0281318128 -0.0116527248
      vertex 0.0266003422 0.0286697019 -0.0102583058
      vertex 0.0243253503 0.0292436779 -0.010463669
    endloop
  endfacet
  facet normal -0.258757055 -0.901216745 0.347639352
    outer loop
      vertex 0.0266003367 0.0281318128 -0.0116527248
      vertex 0.0243253503 0.0292436779 -0.010463669
      vertex 0.0243253428 0.0286950227 -0.0118860025
    endloop
  endfacet
  facet normal -0.707008421 -0.659816027 0.254523069
    outer loop
      vertex 0.0243253428 0.0286950227 -0.0118860025
      vertex 0.0243253503 0.0292436779 -0.010463669
      vertex 0.0226599537 0.0308117606 -0.0110247312
    endloop
  endfacet
  facet normal -0.707008123 -0.659816027 0.254523635
    outer loop
      vertex 0.0243253428 0.0286950227 -0.0118860025
      vertex 0.0226599537 0.0308117606 -0.0110247312
      vertex 0.0226599462 0.0302336849 -0.0125233298
    endloop
  endfacet
  facet normal -0.965909064 -0.241532832 0.0931746811
    outer loop
      vertex 0.0226599462 0.0302336849 -0.0125233298
      vertex 0.0226599537 0.0308117606 -0.0110247312
      vertex 0.0220503937 0.0329537801 -0.0117911566
    endloop
  endfacet
  facet normal -0.965909123 -0.241532758 0.0931744799
    outer loop
      vertex 0.0226599462 0.0302336849 -0.0125233298
      vertex 0.0220503937 0.0329537801 -0.0117911566
      vertex 0.0220503863 0.0323355161 -0.0133939367
    endloop
  endfacet
  facet normal -0.965903401 0.241555706 -0.0931743607
    outer loop
      vertex 0.0220503863 0.0323355161 -0.0133939367
      vertex 0.0220503937 0.0329537801 -0.0117911566
      vertex 0.022660004 0.0350957848 -0.012557582
    endloop
  endfacet
  facet normal -0.965903342 0.241555676 -0.0931742936
    outer loop
      vertex 0.0220503863 0.0323355161 -0.0133939367
      vertex 0.022660004 0.0350957848 -0.012557582
      vertex 0.0226599965 0.034437336 -0.0142645426
    endloop
  endfacet
  facet normal -0.706992328 0.659833133 -0.254523188
    outer loop
      vertex 0.0226599965 0.034437336 -0.0142645426
      vertex 0.022660004 0.0350957848 -0.012557582
      vertex 0.0243254378 0.0366638266 -0.0131186433
    endloop
  endfacet
  facet normal -0.706992328 0.659833193 -0.254523247
    outer loop
      vertex 0.0226599965 0.034437336 -0.0142645426
      vertex 0.0243254378 0.0366638266 -0.0131186433
      vertex 0.0243254304 0.0359759592 -0.014901869
    endloop
  endfacet
  facet normal -0.258736283 0.901222646 -0.347639561
    outer loop
      vertex 0.0243254304 0.0359759592 -0.014901869
      vertex 0.0243254378 0.0366638266 -0.0131186433
      vertex 0.0266004466 0.0372377522 -0.0133240065
    endloop
  endfacet
  facet normal -0.258735925 0.901222587 -0.347639859
    outer loop
      vertex 0.0243254304 0.0359759592 -0.014901869
      vertex 0.0266004466 0.0372377522 -0.0133240065
      vertex 0.0266004372 0.036539115 -0.0151351485
    endloop
  endfacet
  facet normal 0.258758157 0.917189479 -0.302997679
    outer loop
      vertex 0.0266004466 0.0372377522 -0.0133240065
      vertex 0.0266004521 0.0378466733 -0.0114807663
      vertex 0.0288754459 0.0372633077 -0.0113038132
    endloop
  endfacet
  facet normal 0.258758754 0.917189181 -0.302998364
    outer loop
      vertex 0.0266004466 0.0372377522 -0.0133240065
      vertex 0.0288754459 0.0372633077 -0.0113038132
      vertex 0.0288754385 0.0366637707 -0.0131186442
    endloop
  endfacet
  facet normal 0.707006812 0.671512008 -0.221839711
    outer loop
      vertex 0.0288754385 0.0366637707 -0.0131186442
      vertex 0.0288754459 0.0372633077 -0.0113038132
      vertex 0.0305408426 0.0356695913 -0.0108203692
    endloop
  endfacet
  facet normal 0.707007766 0.671510756 -0.221840873
    outer loop
      vertex 0.0288754385 0.0366637707 -0.0131186442
      vertex 0.0305408426 0.0356695913 -0.0108203692
      vertex 0.0305408351 0.0350956917 -0.0125575829
    endloop
  endfacet
  facet normal 0.965909421 0.245813042 -0.0812100396
    outer loop
      vertex 0.0305408351 0.0350956917 -0.0125575829
      vertex 0.0305408426 0.0356695913 -0.0108203692
      vertex 0.0311504006 0.0334925428 -0.0101599703
    endloop
  endfacet
  facet normal 0.965909123 0.245814085 -0.0812092423
    outer loop
      vertex 0.0305408351 0.0350956917 -0.0125575829
      vertex 0.0311504006 0.0334925428 -0.0101599703
      vertex 0.0311503951 0.0329536721 -0.0117911566
    endloop
  endfacet
  facet normal 0.965903401 -0.245836243 0.0812099427
    outer loop
      vertex 0.0311503951 0.0329536721 -0.0117911566
      vertex 0.0311504006 0.0334925428 -0.0101599703
      vertex 0.0305407904 0.0313155092 -0.00949957222
    endloop
  endfacet
  facet normal 0.965903401 -0.245836511 0.0812097341
    outer loop
      vertex 0.0311503951 0.0329536721 -0.0117911566
      vertex 0.0305407904 0.0313155092 -0.00949957222
      vertex 0.0305407848 0.0308116656 -0.0110247312
    endloop
  endfacet
  facet normal 0.706992328 -0.671527326 0.221839726
    outer loop
      vertex 0.0305407848 0.0308116656 -0.0110247312
      vertex 0.0305407904 0.0313155092 -0.00949957222
      vertex 0.0288753565 0.0297218263 -0.00901612733
    endloop
  endfacet
  facet normal 0.706991851 -0.671528041 0.221838951
    outer loop
      vertex 0.0305407848 0.0308116656 -0.0110247312
      vertex 0.0288753565 0.0297218263 -0.00901612733
      vertex 0.0288753491 0.0292436238 -0.010463669
    endloop
  endfacet
  facet normal 0.258734852 -0.917195737 0.302998751
    outer loop
      vertex 0.0288753491 0.0292436238 -0.010463669
      vertex 0.0288753565 0.0297218263 -0.00901612733
      vertex 0.0266003478 0.0291385185 -0.00883917417
    endloop
  endfacet
  facet normal 0.258734852 -0.917195678 0.302998781
    outer loop
      vertex 0.0288753491 0.0292436238 -0.010463669
      vertex 0.0266003478 0.0291385185 -0.00883917417
      vertex 0.0266003422 0.0286697019 -0.0102583058
    endloop
  endfacet
  facet normal -0.258756936 -0.917189538 0.302998751
    outer loop
      vertex 0.0266003422 0.0286697019 -0.0102583058
      vertex 0.0266003478 0.0291385185 -0.00883917417
      vertex 0.0243253559 0.0297218803 -0.00901612733
    endloop
  endfacet
  facet normal -0.258756757 -0.917189479 0.302999049
    outer loop
      vertex 0.0266003422 0.0286697019 -0.0102583058
      vertex 0.0243253559 0.0297218803 -0.00901612733
      vertex 0.0243253503 0.0292436779 -0.010463669
    endloop
  endfacet
  facet normal -0.707008064 -0.671510816 0.221839622
    outer loop
      vertex 0.0243253503 0.0292436779 -0.010463669
      vertex 0.0243253559 0.0297218803 -0.00901612733
      vertex 0.0226599593 0.0313156024 -0.00949957222
    endloop
  endfacet
  facet normal -0.707008541 -0.671510696 0.221838608
    outer loop
      vertex 0.0243253503 0.0292436779 -0.010463669
      vertex 0.0226599593 0.0313156024 -0.00949957222
      vertex 0.0226599537 0.0308117606 -0.0110247312
    endloop
  endfacet
  facet normal -0.965909362 -0.245813385 0.0812088847
    outer loop
      vertex 0.0226599537 0.0308117606 -0.0110247312
      vertex 0.0226599593 0.0313156024 -0.00949957222
      vertex 0.0220504012 0.0334926508 -0.0101599703
    endloop
  endfacet
  facet normal -0.965909123 -0.245813757 0.0812102333
    outer loop
      vertex 0.0226599537 0.0308117606 -0.0110247312
      vertex 0.0220504012 0.0334926508 -0.0101599703
      vertex 0.0220503937 0.0329537801 -0.0117911566
    endloop
  endfacet
  facet normal -0.965903521 0.245836556 -0.0812089518
    outer loop
      vertex 0.0220503937 0.0329537801 -0.0117911566
      vertex 0.0220504012 0.0334926508 -0.0101599703
      vertex 0.0226600114 0.0356696844 -0.0108203683
    endloop
  endfacet
  facet normal -0.965903342 0.24583675 -0.0812095851
    outer loop
      vertex 0.0220503937 0.0329537801 -0.0117911566
      vertex 0.0226600114 0.0356696844 -0.0108203683
      vertex 0.022660004 0.0350957848 -0.012557582
    endloop
  endfacet
  facet normal -0.706991494 0.671527982 -0.221840486
    outer loop
      vertex 0.022660004 0.0350957848 -0.012557582
      vertex 0.0226600114 0.0356696844 -0.0108203683
      vertex 0.0243254453 0.0372633636 -0.0113038123
    endloop
  endfacet
  facet normal -0.706992209 0.671527684 -0.221839085
    outer loop
      vertex 0.022660004 0.0350957848 -0.012557582
      vertex 0.0243254453 0.0372633636 -0.0113038123
      vertex 0.0243254378 0.0366638266 -0.0131186433
    endloop
  endfacet
  facet normal -0.258735865 0.917195618 -0.302998334
    outer loop
      vertex 0.0243254378 0.0366638266 -0.0131186433
      vertex 0.0243254453 0.0372633636 -0.0113038123
      vertex 0.0266004521 0.0378466733 -0.0114807663
    endloop
  endfacet
  facet normal -0.258736014 0.917195618 -0.302998096
    outer loop
      vertex 0.0243254378 0.0366638266 -0.0131186433
      vertex 0.0266004521 0.0378466733 -0.0114807663
      vertex 0.0266004466 0.0372377522 -0.0133240065
    endloop
  endfacet
  facet normal 0.258758247 0.930951476 -0.257630587
    outer loop
      vertex 0.0266004521 0.0378466733 -0.0114807663
      vertex 0.0266004596 0.0383644216 -0.00960986875
      vertex 0.0288754515 0.0377730764 -0.00946175214
    endloop
  endfacet
  facet normal 0.258758336 0.930951416 -0.257630646
    outer loop
      vertex 0.0266004521 0.0378466733 -0.0114807663
      vertex 0.0288754515 0.0377730764 -0.00946175214
      vertex 0.0288754459 0.0372633077 -0.0113038132
    endloop
  endfacet
  facet normal 0.707007408 0.681587636 -0.188623503
    outer loop
      vertex 0.0288754459 0.0372633077 -0.0113038132
      vertex 0.0288754515 0.0377730764 -0.00946175214
      vertex 0.0305408482 0.0361575559 -0.00905708969
    endloop
  endfacet
  facet normal 0.707006931 0.681588292 -0.188622877
    outer loop
      vertex 0.0288754459 0.0372633077 -0.0113038132
      vertex 0.0305408482 0.0361575559 -0.00905708969
      vertex 0.0305408426 0.0356695913 -0.0108203692
    endloop
  endfacet
  facet normal 0.965909362 0.249501824 -0.0690494329
    outer loop
      vertex 0.0305408426 0.0356695913 -0.0108203692
      vertex 0.0305408482 0.0361575559 -0.00905708969
      vertex 0.0311504062 0.0339507237 -0.00850430876
    endloop
  endfacet
  facet normal 0.965909421 0.249501929 -0.0690493882
    outer loop
      vertex 0.0305408426 0.0356695913 -0.0108203692
      vertex 0.0311504062 0.0339507237 -0.00850430876
      vertex 0.0311504006 0.0334925428 -0.0101599703
    endloop
  endfacet
  facet normal 0.965903461 -0.249525174 0.0690492988
    outer loop
      vertex 0.0311504006 0.0334925428 -0.0101599703
      vertex 0.0311504062 0.0339507237 -0.00850430876
      vertex 0.030540796 0.0317439102 -0.00795152877
    endloop
  endfacet
  facet normal 0.965903401 -0.249525115 0.0690493658
    outer loop
      vertex 0.0311504006 0.0334925428 -0.0101599703
      vertex 0.030540796 0.0317439102 -0.00795152877
      vertex 0.0305407904 0.0313155092 -0.00949957222
    endloop
  endfacet
  facet normal 0.706991613 -0.681604385 0.188622594
    outer loop
      vertex 0.0305407904 0.0313155092 -0.00949957222
      vertex 0.030540796 0.0317439102 -0.00795152877
      vertex 0.0288753603 0.0301284268 -0.00754686585
    endloop
  endfacet
  facet normal 0.706992209 -0.681603253 0.188623711
    outer loop
      vertex 0.0305407904 0.0313155092 -0.00949957222
      vertex 0.0288753603 0.0301284268 -0.00754686585
      vertex 0.0288753565 0.0297218263 -0.00901612733
    endloop
  endfacet
  facet normal 0.258735418 -0.930957735 0.257630765
    outer loop
      vertex 0.0288753565 0.0297218263 -0.00901612733
      vertex 0.0288753603 0.0301284268 -0.00754686585
      vertex 0.0266003534 0.0295371376 -0.00739874877
    endloop
  endfacet
  facet normal 0.258734673 -0.930958331 0.257629663
    outer loop
      vertex 0.0288753565 0.0297218263 -0.00901612733
      vertex 0.0266003534 0.0295371376 -0.00739874877
      vertex 0.0266003478 0.0291385185 -0.00883917417
    endloop
  endfacet
  facet normal -0.258757412 -0.930951834 0.257629871
    outer loop
      vertex 0.0266003478 0.0291385185 -0.00883917417
      vertex 0.0266003534 0.0295371376 -0.00739874877
      vertex 0.0243253596 0.0301284809 -0.00754686585
    endloop
  endfacet
  facet normal -0.258757085 -0.930951774 0.257630467
    outer loop
      vertex 0.0266003478 0.0291385185 -0.00883917417
      vertex 0.0243253596 0.0301284809 -0.00754686585
      vertex 0.0243253559 0.0297218803 -0.00901612733
    endloop
  endfacet
  facet normal -0.707008183 -0.681586981 0.188622832
    outer loop
      vertex 0.0243253559 0.0297218803 -0.00901612733
      vertex 0.0243253596 0.0301284809 -0.00754686585
      vertex 0.0226599649 0.0317440033 -0.00795152877
    endloop
  endfacet
  facet normal -0.707008183 -0.68158704 0.188622907
    outer loop
      vertex 0.0243253559 0.0297218803 -0.00901612733
      vertex 0.0226599649 0.0317440033 -0.00795152877
      vertex 0.0226599593 0.0313156024 -0.00949957222
    endloop
  endfacet
  facet normal -0.965909302 -0.249502108 0.0690499619
    outer loop
      vertex 0.0226599593 0.0313156024 -0.00949957222
      vertex 0.0226599649 0.0317440033 -0.00795152877
      vertex 0.0220504068 0.0339508317 -0.00850430876
    endloop
  endfacet
  facet normal -0.965909421 -0.249501929 0.0690493882
    outer loop
      vertex 0.0226599593 0.0313156024 -0.00949957222
      vertex 0.0220504068 0.0339508317 -0.00850430876
      vertex 0.0220504012 0.0334926508 -0.0101599703
    endloop
  endfacet
  facet normal -0.965903461 0.249524802 -0.0690492019
    outer loop
      vertex 0.0220504012 0.0334926508 -0.0101599703
      vertex 0.0220504068 0.0339508317 -0.00850430876
      vertex 0.022660017 0.036157649 -0.00905708876
    endloop
  endfacet
  facet normal -0.965903461 0.249525025 -0.0690497234
    outer loop
      vertex 0.0220504012 0.0334926508 -0.0101599703
      vertex 0.022660017 0.036157649 -0.00905708876
      vertex 0.0226600114 0.0356696844 -0.0108203683
    endloop
  endfacet
  facet normal -0.706991613 0.681604266 -0.188622847
    outer loop
      vertex 0.0226600114 0.0356696844 -0.0108203683
      vertex 0.022660017 0.036157649 -0.00905708876
      vertex 0.0243254527 0.0377731323 -0.00946175214
    endloop
  endfacet
  facet normal -0.706991374 0.681604326 -0.18862325
    outer loop
      vertex 0.0226600114 0.0356696844 -0.0108203683
      vertex 0.0243254527 0.0377731323 -0.00946175214
      vertex 0.0243254453 0.0372633636 -0.0113038123
    endloop
  endfacet
  facet normal -0.258735359 0.930957794 -0.257630706
    outer loop
      vertex 0.0243254453 0.0372633636 -0.0113038123
      vertex 0.0243254527 0.0377731323 -0.00946175214
      vertex 0.0266004596 0.0383644216 -0.00960986875
    endloop
  endfacet
  facet normal -0.258735687 0.930957854 -0.257630289
    outer loop
      vertex 0.0243254453 0.0372633636 -0.0113038123
      vertex 0.0266004596 0.0383644216 -0.00960986875
      vertex 0.0266004521 0.0378466733 -0.0114807663
    endloop
  endfacet
  facet normal 0.258758813 0.942471385 -0.211640164
    outer loop
      vertex 0.0266004596 0.0383644216 -0.00960986875
      vertex 0.0266004652 0.0387897454 -0.00771581894
      vertex 0.0288754571 0.0381918438 -0.00759689556
    endloop
  endfacet
  facet normal 0.258758426 0.942471564 -0.211639762
    outer loop
      vertex 0.0266004596 0.0383644216 -0.00960986875
      vertex 0.0288754571 0.0381918438 -0.00759689556
      vertex 0.0288754515 0.0377730764 -0.00946175214
    endloop
  endfacet
  facet normal 0.707007766 0.690021753 -0.154951617
    outer loop
      vertex 0.0288754515 0.0377730764 -0.00946175214
      vertex 0.0288754571 0.0381918438 -0.00759689556
      vertex 0.0305408537 0.036558412 -0.00727198925
    endloop
  endfacet
  facet normal 0.707007468 0.690022111 -0.154951245
    outer loop
      vertex 0.0288754515 0.0377730764 -0.00946175214
      vertex 0.0305408537 0.036558412 -0.00727198925
      vertex 0.0305408482 0.0361575559 -0.00905708969
    endloop
  endfacet
  facet normal 0.965909362 0.252589554 -0.0567236952
    outer loop
      vertex 0.0305408482 0.0361575559 -0.00905708969
      vertex 0.0305408537 0.036558412 -0.00727198925
      vertex 0.0311504118 0.0343271159 -0.00682815909
    endloop
  endfacet
  facet normal 0.965909481 0.252589196 -0.0567240641
    outer loop
      vertex 0.0305408482 0.0361575559 -0.00905708969
      vertex 0.0311504118 0.0343271159 -0.00682815909
      vertex 0.0311504062 0.0339507237 -0.00850430876
    endloop
  endfacet
  facet normal 0.965903103 -0.252613455 0.0567230582
    outer loop
      vertex 0.0311504062 0.0339507237 -0.00850430876
      vertex 0.0311504118 0.0343271159 -0.00682815909
      vertex 0.0305407997 0.0320958383 -0.00638432847
    endloop
  endfacet
  facet normal 0.965903401 -0.252612501 0.0567239672
    outer loop
      vertex 0.0311504062 0.0339507237 -0.00850430876
      vertex 0.0305407997 0.0320958383 -0.00638432847
      vertex 0.030540796 0.0317439102 -0.00795152877
    endloop
  endfacet
  facet normal 0.70699209 -0.690037608 0.154952139
    outer loop
      vertex 0.030540796 0.0317439102 -0.00795152877
      vertex 0.0305407997 0.0320958383 -0.00638432847
      vertex 0.028875364 0.030462442 -0.00605942216
    endloop
  endfacet
  facet normal 0.706991434 -0.690038741 0.154950887
    outer loop
      vertex 0.030540796 0.0317439102 -0.00795152877
      vertex 0.028875364 0.030462442 -0.00605942216
      vertex 0.0288753603 0.0301284268 -0.00754686585
    endloop
  endfacet
  facet normal 0.258734256 -0.942478359 0.211638987
    outer loop
      vertex 0.0288753603 0.0301284268 -0.00754686585
      vertex 0.028875364 0.030462442 -0.00605942216
      vertex 0.0266003571 0.0298645999 -0.00594049785
    endloop
  endfacet
  facet normal 0.258735299 -0.942477763 0.211640522
    outer loop
      vertex 0.0288753603 0.0301284268 -0.00754686585
      vertex 0.0266003571 0.0298645999 -0.00594049785
      vertex 0.0266003534 0.0295371376 -0.00739874877
    endloop
  endfacet
  facet normal -0.258756667 -0.942471862 0.211640537
    outer loop
      vertex 0.0266003534 0.0295371376 -0.00739874877
      vertex 0.0266003571 0.0298645999 -0.00594049785
      vertex 0.0243253652 0.030462496 -0.00605942216
    endloop
  endfacet
  facet normal -0.258757561 -0.942472041 0.211639181
    outer loop
      vertex 0.0266003534 0.0295371376 -0.00739874877
      vertex 0.0243253652 0.030462496 -0.00605942216
      vertex 0.0243253596 0.0301284809 -0.00754686585
    endloop
  endfacet
  facet normal -0.707009256 -0.690020382 0.154951185
    outer loop
      vertex 0.0243253596 0.0301284809 -0.00754686585
      vertex 0.0243253652 0.030462496 -0.00605942216
      vertex 0.0226599686 0.0320959352 -0.00638432801
    endloop
  endfacet
  facet normal -0.707008421 -0.6900208 0.154953346
    outer loop
      vertex 0.0243253596 0.0301284809 -0.00754686585
      vertex 0.0226599686 0.0320959352 -0.00638432801
      vertex 0.0226599649 0.0317440033 -0.00795152877
    endloop
  endfacet
  facet normal -0.965909183 -0.252590269 0.0567241795
    outer loop
      vertex 0.0226599649 0.0317440033 -0.00795152877
      vertex 0.0226599686 0.0320959352 -0.00638432801
      vertex 0.0220504105 0.0343272239 -0.00682815863
    endloop
  endfacet
  facet normal -0.965909362 -0.252589852 0.0567230955
    outer loop
      vertex 0.0226599649 0.0317440033 -0.00795152877
      vertex 0.0220504105 0.0343272239 -0.00682815863
      vertex 0.0220504068 0.0339508317 -0.00850430876
    endloop
  endfacet
  facet normal -0.965903342 0.252612561 -0.0567239039
    outer loop
      vertex 0.0220504068 0.0339508317 -0.00850430876
      vertex 0.0220504105 0.0343272239 -0.00682815863
      vertex 0.0226600226 0.0365585089 -0.00727198925
    endloop
  endfacet
  facet normal -0.965903521 0.252612293 -0.0567233115
    outer loop
      vertex 0.0220504068 0.0339508317 -0.00850430876
      vertex 0.0226600226 0.0365585089 -0.00727198925
      vertex 0.022660017 0.036157649 -0.00905708876
    endloop
  endfacet
  facet normal -0.706991315 0.690038502 -0.154952019
    outer loop
      vertex 0.022660017 0.036157649 -0.00905708876
      vertex 0.0226600226 0.0365585089 -0.00727198925
      vertex 0.0243254565 0.0381918997 -0.0075968951
    endloop
  endfacet
  facet normal -0.706991434 0.690038443 -0.154951751
    outer loop
      vertex 0.022660017 0.036157649 -0.00905708876
      vertex 0.0243254565 0.0381918997 -0.0075968951
      vertex 0.0243254527 0.0377731323 -0.00946175214
    endloop
  endfacet
  facet normal -0.258735448 0.942477942 -0.211639792
    outer loop
      vertex 0.0243254527 0.0377731323 -0.00946175214
      vertex 0.0243254565 0.0381918997 -0.0075968951
      vertex 0.0266004652 0.0387897454 -0.00771581894
    endloop
  endfacet
  facet normal -0.258735269 0.942477942 -0.211640105
    outer loop
      vertex 0.0243254527 0.0377731323 -0.00946175214
      vertex 0.0266004652 0.0387897454 -0.00771581894
      vertex 0.0266004596 0.0383644216 -0.00960986875
    endloop
  endfacet
  facet normal 0.258757353 0.951721251 -0.165140316
    outer loop
      vertex 0.0266004652 0.0387897454 -0.00771581894
      vertex 0.0266004689 0.0391216204 -0.00580318226
      vertex 0.0288754608 0.0385186076 -0.00571373804
    endloop
  endfacet
  facet normal 0.258758932 0.951720476 -0.165142223
    outer loop
      vertex 0.0266004652 0.0387897454 -0.00771581894
      vertex 0.0288754608 0.0385186076 -0.00571373804
      vertex 0.0288754571 0.0381918438 -0.00759689556
    endloop
  endfacet
  facet normal 0.707008243 0.69679302 -0.12090832
    outer loop
      vertex 0.0288754571 0.0381918438 -0.00759689556
      vertex 0.0288754608 0.0385186076 -0.00571373804
      vertex 0.0305408575 0.0368711986 -0.0054693711
    endloop
  endfacet
  facet normal 0.707007825 0.696793556 -0.120907627
    outer loop
      vertex 0.0288754571 0.0381918438 -0.00759689556
      vertex 0.0305408575 0.0368711986 -0.0054693711
      vertex 0.0305408537 0.036558412 -0.00727198925
    endloop
  endfacet
  facet normal 0.965909421 0.255068451 -0.0442609452
    outer loop
      vertex 0.0305408537 0.036558412 -0.00727198925
      vertex 0.0305408575 0.0368711986 -0.0054693711
      vertex 0.0311504155 0.0346208103 -0.00513555994
    endloop
  endfacet
  facet normal 0.965909362 0.25506857 -0.0442608371
    outer loop
      vertex 0.0305408537 0.036558412 -0.00727198925
      vertex 0.0311504155 0.0346208103 -0.00513555994
      vertex 0.0311504118 0.0343271159 -0.00682815909
    endloop
  endfacet
  facet normal 0.965903103 -0.255092084 0.0442606434
    outer loop
      vertex 0.0311504118 0.0343271159 -0.00682815909
      vertex 0.0311504155 0.0346208103 -0.00513555994
      vertex 0.0305408034 0.0323704407 -0.00480174832
    endloop
  endfacet
  facet normal 0.965903103 -0.255092502 0.0442602597
    outer loop
      vertex 0.0311504118 0.0343271159 -0.00682815909
      vertex 0.0305408034 0.0323704407 -0.00480174832
      vertex 0.0305407997 0.0320958383 -0.00638432847
    endloop
  endfacet
  facet normal 0.706991851 -0.696810186 0.120905764
    outer loop
      vertex 0.0305407997 0.0320958383 -0.00638432847
      vertex 0.0305408034 0.0323704407 -0.00480174832
      vertex 0.0288753677 0.0307230707 -0.00455738138
    endloop
  endfacet
  facet normal 0.706991971 -0.696809769 0.120906241
    outer loop
      vertex 0.0305407997 0.0320958383 -0.00638432847
      vertex 0.0288753677 0.0307230707 -0.00455738138
      vertex 0.028875364 0.030462442 -0.00605942216
    endloop
  endfacet
  facet normal 0.258734018 -0.951727688 0.165139765
    outer loop
      vertex 0.028875364 0.030462442 -0.00605942216
      vertex 0.0288753677 0.0307230707 -0.00455738138
      vertex 0.0266003609 0.0301201139 -0.0044679367
    endloop
  endfacet
  facet normal 0.258734107 -0.951727569 0.165139943
    outer loop
      vertex 0.028875364 0.030462442 -0.00605942216
      vertex 0.0266003609 0.0301201139 -0.0044679367
      vertex 0.0266003571 0.0298645999 -0.00594049785
    endloop
  endfacet
  facet normal -0.258756429 -0.951721489 0.165140197
    outer loop
      vertex 0.0266003571 0.0298645999 -0.00594049785
      vertex 0.0266003609 0.0301201139 -0.0044679367
      vertex 0.0243253671 0.0307231247 -0.00455738138
    endloop
  endfacet
  facet normal -0.258756787 -0.951721489 0.165139645
    outer loop
      vertex 0.0266003571 0.0298645999 -0.00594049785
      vertex 0.0243253671 0.0307231247 -0.00455738138
      vertex 0.0243253652 0.030462496 -0.00605942216
    endloop
  endfacet
  facet normal -0.707009435 -0.696792245 0.120905787
    outer loop
      vertex 0.0243253652 0.030462496 -0.00605942216
      vertex 0.0243253671 0.0307231247 -0.00455738138
      vertex 0.0226599723 0.0323705375 -0.00480174785
    endloop
  endfacet
  facet normal -0.707009315 -0.696792245 0.120906033
    outer loop
      vertex 0.0243253652 0.030462496 -0.00605942216
      vertex 0.0226599723 0.0323705375 -0.00480174785
      vertex 0.0226599686 0.0320959352 -0.00638432801
    endloop
  endfacet
  facet normal -0.965909362 -0.255068898 0.044260703
    outer loop
      vertex 0.0226599686 0.0320959352 -0.00638432801
      vertex 0.0226599723 0.0323705375 -0.00480174785
      vertex 0.0220504142 0.0346209221 -0.00513555948
    endloop
  endfacet
  facet normal -0.965909183 -0.255069226 0.0442615151
    outer loop
      vertex 0.0226599686 0.0320959352 -0.00638432801
      vertex 0.0220504142 0.0346209221 -0.00513555948
      vertex 0.0220504105 0.0343272239 -0.00682815863
    endloop
  endfacet
  facet normal -0.965903342 0.255091667 -0.0442611352
    outer loop
      vertex 0.0220504105 0.0343272239 -0.00682815863
      vertex 0.0220504142 0.0346209221 -0.00513555948
      vertex 0.0226600263 0.0368712954 -0.0054693711
    endloop
  endfacet
  facet normal -0.965903342 0.255091548 -0.0442609489
    outer loop
      vertex 0.0220504105 0.0343272239 -0.00682815863
      vertex 0.0226600263 0.0368712954 -0.0054693711
      vertex 0.0226600226 0.0365585089 -0.00727198925
    endloop
  endfacet
  facet normal -0.706990659 0.69681102 -0.120907754
    outer loop
      vertex 0.0226600226 0.0365585089 -0.00727198925
      vertex 0.0226600263 0.0368712954 -0.0054693711
      vertex 0.0243254621 0.0385186598 -0.00571373757
    endloop
  endfacet
  facet normal -0.706991255 0.696810544 -0.120906472
    outer loop
      vertex 0.0226600226 0.0365585089 -0.00727198925
      vertex 0.0243254621 0.0385186598 -0.00571373757
      vertex 0.0243254565 0.0381918997 -0.0075968951
    endloop
  endfacet
  facet normal -0.258735448 0.951727271 -0.165140241
    outer loop
      vertex 0.0243254565 0.0381918997 -0.0075968951
      vertex 0.0243254621 0.0385186598 -0.00571373757
      vertex 0.0266004689 0.0391216204 -0.00580318226
    endloop
  endfacet
  facet normal -0.258735359 0.951727211 -0.165140316
    outer loop
      vertex 0.0243254565 0.0381918997 -0.0075968951
      vertex 0.0266004689 0.0391216204 -0.00580318226
      vertex 0.0266004652 0.0387897454 -0.00771581894
    endloop
  endfacet
  facet normal 0.258757025 0.958678305 -0.11824023
    outer loop
      vertex 0.0266004689 0.0391216204 -0.00580318226
      vertex 0.0266004708 0.039359238 -0.00387660158
      vertex 0.0288754646 0.0387525633 -0.00381685165
    endloop
  endfacet
  facet normal 0.258757442 0.958678126 -0.118240677
    outer loop
      vertex 0.0266004689 0.0391216204 -0.00580318226
      vertex 0.0288754646 0.0387525633 -0.00381685165
      vertex 0.0288754608 0.0385186076 -0.00571373804
    endloop
  endfacet
  facet normal 0.707008779 0.701886296 -0.0865697265
    outer loop
      vertex 0.0288754608 0.0385186076 -0.00571373804
      vertex 0.0288754646 0.0387525633 -0.00381685165
      vertex 0.0305408593 0.0370951481 -0.00365361175
    endloop
  endfacet
  facet normal 0.707008302 0.701886773 -0.0865690857
    outer loop
      vertex 0.0288754608 0.0385186076 -0.00571373804
      vertex 0.0305408593 0.0370951481 -0.00365361175
      vertex 0.0305408575 0.0368711986 -0.0054693711
    endloop
  endfacet
  facet normal 0.965909302 0.2569336 -0.0316903032
    outer loop
      vertex 0.0305408575 0.0368711986 -0.0054693711
      vertex 0.0305408593 0.0370951481 -0.00365361175
      vertex 0.0311504174 0.0348310955 -0.00343062123
    endloop
  endfacet
  facet normal 0.965909421 0.256933033 -0.0316908769
    outer loop
      vertex 0.0305408575 0.0368711986 -0.0054693711
      vertex 0.0311504174 0.0348310955 -0.00343062123
      vertex 0.0311504155 0.0346208103 -0.00513555994
    endloop
  endfacet
  facet normal 0.965903342 -0.25695619 0.0316916257
    outer loop
      vertex 0.0311504155 0.0346208103 -0.00513555994
      vertex 0.0311504174 0.0348310955 -0.00343062123
      vertex 0.0305408053 0.032567054 -0.00320763071
    endloop
  endfacet
  facet normal 0.965903163 -0.256956637 0.0316911042
    outer loop
      vertex 0.0311504155 0.0346208103 -0.00513555994
      vertex 0.0305408053 0.032567054 -0.00320763071
      vertex 0.0305408034 0.0323704407 -0.00480174832
    endloop
  endfacet
  facet normal 0.706991434 -0.70190376 0.0865697339
    outer loop
      vertex 0.0305408034 0.0323704407 -0.00480174832
      vertex 0.0305408053 0.032567054 -0.00320763071
      vertex 0.0288753696 0.0309096798 -0.00304439035
    endloop
  endfacet
  facet normal 0.706991732 -0.701903224 0.0865703598
    outer loop
      vertex 0.0305408034 0.0323704407 -0.00480174832
      vertex 0.0288753696 0.0309096798 -0.00304439035
      vertex 0.0288753677 0.0307230707 -0.00455738138
    endloop
  endfacet
  facet normal 0.258734465 -0.958684266 0.118241765
    outer loop
      vertex 0.0288753677 0.0307230707 -0.00455738138
      vertex 0.0288753696 0.0309096798 -0.00304439035
      vertex 0.0266003627 0.0303030591 -0.00298464042
    endloop
  endfacet
  facet normal 0.258733869 -0.958684385 0.118240893
    outer loop
      vertex 0.0288753677 0.0307230707 -0.00455738138
      vertex 0.0266003627 0.0303030591 -0.00298464042
      vertex 0.0266003609 0.0301201139 -0.0044679367
    endloop
  endfacet
  facet normal -0.258757979 -0.958677948 0.118240766
    outer loop
      vertex 0.0266003609 0.0301201139 -0.0044679367
      vertex 0.0266003627 0.0303030591 -0.00298464042
      vertex 0.0243253708 0.0309097357 -0.00304439012
    endloop
  endfacet
  facet normal -0.258756548 -0.958678067 0.118243136
    outer loop
      vertex 0.0266003609 0.0301201139 -0.0044679367
      vertex 0.0243253708 0.0309097357 -0.00304439012
      vertex 0.0243253671 0.0307231247 -0.00455738138
    endloop
  endfacet
  facet normal -0.707008302 -0.701886415 0.0865717754
    outer loop
      vertex 0.0243253671 0.0307231247 -0.00455738138
      vertex 0.0243253708 0.0309097357 -0.00304439012
      vertex 0.0226599742 0.0325671509 -0.00320763048
    endloop
  endfacet
  facet normal -0.707009554 -0.701885521 0.0865691677
    outer loop
      vertex 0.0243253671 0.0307231247 -0.00455738138
      vertex 0.0226599742 0.0325671509 -0.00320763048
      vertex 0.0226599723 0.0323705375 -0.00480174785
    endloop
  endfacet
  facet normal -0.96590966 -0.256932467 0.0316903628
    outer loop
      vertex 0.0226599723 0.0323705375 -0.00480174785
      vertex 0.0226599742 0.0325671509 -0.00320763048
      vertex 0.022050418 0.0348312072 -0.003430621
    endloop
  endfacet
  facet normal -0.965909362 -0.256933302 0.0316919722
    outer loop
      vertex 0.0226599723 0.0323705375 -0.00480174785
      vertex 0.022050418 0.0348312072 -0.003430621
      vertex 0.0220504142 0.0346209221 -0.00513555948
    endloop
  endfacet
  facet normal -0.965903401 0.256955892 -0.0316905379
    outer loop
      vertex 0.0220504142 0.0346209221 -0.00513555948
      vertex 0.022050418 0.0348312072 -0.003430621
      vertex 0.0226600282 0.037095245 -0.00365361152
    endloop
  endfacet
  facet normal -0.965903282 0.25695622 -0.0316911191
    outer loop
      vertex 0.0220504142 0.0346209221 -0.00513555948
      vertex 0.0226600282 0.037095245 -0.00365361152
      vertex 0.0226600263 0.0368712954 -0.0054693711
    endloop
  endfacet
  facet normal -0.7069906 0.701904476 -0.0865697712
    outer loop
      vertex 0.0226600263 0.0368712954 -0.0054693711
      vertex 0.0226600282 0.037095245 -0.00365361152
      vertex 0.0243254639 0.0387526155 -0.00381685141
    endloop
  endfacet
  facet normal -0.7069906 0.701904595 -0.0865698904
    outer loop
      vertex 0.0226600263 0.0368712954 -0.0054693711
      vertex 0.0243254639 0.0387526155 -0.00381685141
      vertex 0.0243254621 0.0385186598 -0.00571373757
    endloop
  endfacet
  facet normal -0.25873518 0.958684087 -0.118240677
    outer loop
      vertex 0.0243254621 0.0385186598 -0.00571373757
      vertex 0.0243254639 0.0387526155 -0.00381685141
      vertex 0.0266004708 0.039359238 -0.00387660158
    endloop
  endfacet
  facet normal -0.258735359 0.958684146 -0.118240461
    outer loop
      vertex 0.0243254621 0.0385186598 -0.00571373757
      vertex 0.0266004708 0.039359238 -0.00387660158
      vertex 0.0266004689 0.0391216204 -0.00580318226
    endloop
  endfacet
  facet normal 0.258757293 0.963324904 -0.0710614845
    outer loop
      vertex 0.0266004708 0.039359238 -0.00387660158
      vertex 0.0266004726 0.039502047 -0.00194064493
      vertex 0.0288754664 0.0388931707 -0.00191073387
    endloop
  endfacet
  facet normal 0.258757114 0.963325024 -0.0710612312
    outer loop
      vertex 0.0266004708 0.039359238 -0.00387660158
      vertex 0.0288754664 0.0388931707 -0.00191073387
      vertex 0.0288754646 0.0387525633 -0.00381685165
    endloop
  endfacet
  facet normal 0.707009315 0.705287933 -0.0520272069
    outer loop
      vertex 0.0288754646 0.0387525633 -0.00381685165
      vertex 0.0288754664 0.0388931707 -0.00191073387
      vertex 0.0305408612 0.0372297391 -0.00182901521
    endloop
  endfacet
  facet normal 0.707008719 0.705288529 -0.0520261824
    outer loop
      vertex 0.0288754646 0.0387525633 -0.00381685165
      vertex 0.0305408612 0.0372297391 -0.00182901521
      vertex 0.0305408593 0.0370951481 -0.00365361175
    endloop
  endfacet
  facet normal 0.965909362 0.258179069 -0.019045515
    outer loop
      vertex 0.0305408593 0.0370951481 -0.00365361175
      vertex 0.0305408612 0.0372297391 -0.00182901521
      vertex 0.0311504193 0.0349574722 -0.00171738525
    endloop
  endfacet
  facet normal 0.965909302 0.258179009 -0.0190456081
    outer loop
      vertex 0.0305408593 0.0370951481 -0.00365361175
      vertex 0.0311504193 0.0349574722 -0.00171738525
      vertex 0.0311504174 0.0348310955 -0.00343062123
    endloop
  endfacet
  facet normal 0.965903163 -0.258202106 0.0190452114
    outer loop
      vertex 0.0311504174 0.0348310955 -0.00343062123
      vertex 0.0311504193 0.0349574722 -0.00171738525
      vertex 0.0305408072 0.0326852202 -0.00160575507
    endloop
  endfacet
  facet normal 0.965903223 -0.258201689 0.0190457646
    outer loop
      vertex 0.0311504174 0.0348310955 -0.00343062123
      vertex 0.0305408072 0.0326852202 -0.00160575507
      vertex 0.0305408053 0.032567054 -0.00320763071
    endloop
  endfacet
  facet normal 0.706991911 -0.705305159 0.0520277098
    outer loop
      vertex 0.0305408053 0.032567054 -0.00320763071
      vertex 0.0305408072 0.0326852202 -0.00160575507
      vertex 0.0288753714 0.0310218297 -0.00152403617
    endloop
  endfacet
  facet normal 0.706991374 -0.705305934 0.0520264283
    outer loop
      vertex 0.0305408053 0.032567054 -0.00320763071
      vertex 0.0288753714 0.0310218297 -0.00152403617
      vertex 0.0288753696 0.0309096798 -0.00304439035
    endloop
  endfacet
  facet normal 0.258734614 -0.963331163 0.0710603893
    outer loop
      vertex 0.0288753696 0.0309096798 -0.00304439035
      vertex 0.0288753714 0.0310218297 -0.00152403617
      vertex 0.0266003646 0.0304130074 -0.00149412488
    endloop
  endfacet
  facet normal 0.258734375 -0.963331223 0.0710600317
    outer loop
      vertex 0.0288753696 0.0309096798 -0.00304439035
      vertex 0.0266003646 0.0304130074 -0.00149412488
      vertex 0.0266003627 0.0303030591 -0.00298464042
    endloop
  endfacet
  facet normal -0.258758038 -0.963324785 0.0710601881
    outer loop
      vertex 0.0266003627 0.0303030591 -0.00298464042
      vertex 0.0266003646 0.0304130074 -0.00149412488
      vertex 0.0243253708 0.0310218856 -0.00152403594
    endloop
  endfacet
  facet normal -0.258758008 -0.963324785 0.0710602626
    outer loop
      vertex 0.0266003627 0.0303030591 -0.00298464042
      vertex 0.0243253708 0.0310218856 -0.00152403594
      vertex 0.0243253708 0.0309097357 -0.00304439012
    endloop
  endfacet
  facet normal -0.707009375 -0.705287874 0.0520259961
    outer loop
      vertex 0.0243253708 0.0309097357 -0.00304439012
      vertex 0.0243253708 0.0310218856 -0.00152403594
      vertex 0.022659976 0.0326853171 -0.00160575472
    endloop
  endfacet
  facet normal -0.707008481 -0.705288768 0.0520281419
    outer loop
      vertex 0.0243253708 0.0309097357 -0.00304439012
      vertex 0.022659976 0.0326853171 -0.00160575472
      vertex 0.0226599742 0.0325671509 -0.00320763048
    endloop
  endfacet
  facet normal -0.965909362 -0.258179009 0.0190463196
    outer loop
      vertex 0.0226599742 0.0325671509 -0.00320763048
      vertex 0.022659976 0.0326853171 -0.00160575472
      vertex 0.022050418 0.034957584 -0.00171738479
    endloop
  endfacet
  facet normal -0.9659096 -0.258177966 0.0190444831
    outer loop
      vertex 0.0226599742 0.0325671509 -0.00320763048
      vertex 0.022050418 0.034957584 -0.00171738479
      vertex 0.022050418 0.0348312072 -0.003430621
    endloop
  endfacet
  facet normal -0.965903163 0.258202016 -0.0190462545
    outer loop
      vertex 0.022050418 0.0348312072 -0.003430621
      vertex 0.022050418 0.034957584 -0.00171738479
      vertex 0.0226600301 0.037229836 -0.00182901486
    endloop
  endfacet
  facet normal -0.965903342 0.258201391 -0.0190451797
    outer loop
      vertex 0.022050418 0.0348312072 -0.003430621
      vertex 0.0226600301 0.037229836 -0.00182901486
      vertex 0.0226600282 0.037095245 -0.00365361152
    endloop
  endfacet
  facet normal -0.706991196 0.705306113 -0.0520260409
    outer loop
      vertex 0.0226600282 0.037095245 -0.00365361152
      vertex 0.0226600301 0.037229836 -0.00182901486
      vertex 0.0243254658 0.0388932228 -0.00191073364
    endloop
  endfacet
  facet normal -0.70699054 0.705306649 -0.0520272069
    outer loop
      vertex 0.0226600282 0.037095245 -0.00365361152
      vertex 0.0243254658 0.0388932228 -0.00191073364
      vertex 0.0243254639 0.0387526155 -0.00381685141
    endloop
  endfacet
  facet normal -0.258735359 0.963330805 -0.0710611567
    outer loop
      vertex 0.0243254639 0.0387526155 -0.00381685141
      vertex 0.0243254658 0.0388932228 -0.00191073364
      vertex 0.0266004726 0.039502047 -0.00194064493
    endloop
  endfacet
  facet normal -0.25873512 0.963330925 -0.0710614324
    outer loop
      vertex 0.0243254639 0.0387526155 -0.00381685141
      vertex 0.0266004726 0.039502047 -0.00194064493
      vertex 0.0266004708 0.039359238 -0.00387660158
    endloop
  endfacet
  facet normal 0.258757412 0.965651453 -0.0237051323
    outer loop
      vertex 0.0266004726 0.039502047 -0.00194064493
      vertex 0.0266004745 0.039549686 -3.53603835e-09
      vertex 0.0288754664 0.0389400758 -3.58098085e-09
    endloop
  endfacet
  facet normal 0.258757353 0.965651393 -0.0237050708
    outer loop
      vertex 0.0266004726 0.039502047 -0.00194064493
      vertex 0.0288754664 0.0389400758 -3.58098085e-09
      vertex 0.0288754664 0.0388931707 -0.00191073387
    endloop
  endfacet
  facet normal 0.707008541 0.706991971 -0.0173554327
    outer loop
      vertex 0.0288754664 0.0388931707 -0.00191073387
      vertex 0.0288754664 0.0389400758 -3.58098085e-09
      vertex 0.0305408631 0.0372746401 -3.50487928e-09
    endloop
  endfacet
  facet normal 0.707009375 0.706991136 -0.0173568595
    outer loop
      vertex 0.0288754664 0.0388931707 -0.00191073387
      vertex 0.0305408631 0.0372746401 -3.50487928e-09
      vertex 0.0305408612 0.0372297391 -0.00182901521
    endloop
  endfacet
  facet normal 0.965909541 0.258801728 -0.00635437993
    outer loop
      vertex 0.0305408612 0.0372297391 -0.00182901521
      vertex 0.0305408631 0.0372746401 -3.50487928e-09
      vertex 0.0311504193 0.0349996313 -3.32812444e-09
    endloop
  endfacet
  facet normal 0.965909302 0.258802623 -0.00635321718
    outer loop
      vertex 0.0305408612 0.0372297391 -0.00182901521
      vertex 0.0311504193 0.0349996313 -3.32812444e-09
      vertex 0.0311504193 0.0349574722 -0.00171738525
    endloop
  endfacet
  facet normal 0.965903223 -0.258825421 0.00635377038
    outer loop
      vertex 0.0311504193 0.0349574722 -0.00171738525
      vertex 0.0311504193 0.0349996313 -3.32812444e-09
      vertex 0.0305408072 0.0327246375 -3.09807824e-09
    endloop
  endfacet
  facet normal 0.965903223 -0.25882563 0.00635352032
    outer loop
      vertex 0.0311504193 0.0349574722 -0.00171738525
      vertex 0.0305408072 0.0327246375 -3.09807824e-09
      vertex 0.0305408072 0.0326852202 -0.00160575507
    endloop
  endfacet
  facet normal 0.706991613 -0.707008958 0.0173553471
    outer loop
      vertex 0.0305408072 0.0326852202 -0.00160575507
      vertex 0.0305408072 0.0327246375 -3.09807824e-09
      vertex 0.0288753714 0.0310592428 -2.87638091e-09
    endloop
  endfacet
  facet normal 0.706991911 -0.7070086 0.0173562095
    outer loop
      vertex 0.0305408072 0.0326852202 -0.00160575507
      vertex 0.0288753714 0.0310592428 -2.87638091e-09
      vertex 0.0288753714 0.0310218297 -0.00152403617
    endloop
  endfacet
  facet normal 0.258734375 -0.965657532 0.0237056725
    outer loop
      vertex 0.0288753714 0.0310218297 -0.00152403617
      vertex 0.0288753714 0.0310592428 -2.87638091e-09
      vertex 0.0266003646 0.0304496866 -2.72243672e-09
    endloop
  endfacet
  facet normal 0.258734584 -0.965657592 0.0237059314
    outer loop
      vertex 0.0288753714 0.0310218297 -0.00152403617
      vertex 0.0266003646 0.0304496866 -2.72243672e-09
      vertex 0.0266003646 0.0304130074 -0.00149412488
    endloop
  endfacet
  facet normal -0.258758128 -0.965651214 0.0237057731
    outer loop
      vertex 0.0266003646 0.0304130074 -0.00149412488
      vertex 0.0266003646 0.0304496866 -2.72243672e-09
      vertex 0.0243253727 0.0310592987 -2.67749423e-09
    endloop
  endfacet
  facet normal -0.258758098 -0.965651274 0.0237058196
    outer loop
      vertex 0.0266003646 0.0304130074 -0.00149412488
      vertex 0.0243253727 0.0310592987 -2.67749423e-09
      vertex 0.0243253708 0.0310218856 -0.00152403594
    endloop
  endfacet
  facet normal -0.7070086 -0.706991911 0.0173566211
    outer loop
      vertex 0.0243253708 0.0310218856 -0.00152403594
      vertex 0.0243253727 0.0310592987 -2.67749423e-09
      vertex 0.022659976 0.0327247344 -2.75359602e-09
    endloop
  endfacet
  facet normal -0.707009315 -0.706991196 0.0173548888
    outer loop
      vertex 0.0243253708 0.0310218856 -0.00152403594
      vertex 0.022659976 0.0327247344 -2.75359602e-09
      vertex 0.022659976 0.0326853171 -0.00160575472
    endloop
  endfacet
  facet normal -0.965909541 -0.258801728 0.00635295175
    outer loop
      vertex 0.022659976 0.0326853171 -0.00160575472
      vertex 0.022659976 0.0327247344 -2.75359602e-09
      vertex 0.0220504198 0.0349997431 -2.93035063e-09
    endloop
  endfacet
  facet normal -0.965909421 -0.258802563 0.00635425746
    outer loop
      vertex 0.022659976 0.0326853171 -0.00160575472
      vertex 0.0220504198 0.0349997431 -2.93035063e-09
      vertex 0.022050418 0.034957584 -0.00171738479
    endloop
  endfacet
  facet normal -0.965903223 0.258825481 -0.00635272358
    outer loop
      vertex 0.022050418 0.034957584 -0.00171738479
      vertex 0.0220504198 0.0349997431 -2.93035063e-09
      vertex 0.0226600319 0.0372747369 -3.16039706e-09
    endloop
  endfacet
  facet normal -0.965903163 0.25882563 -0.00635300716
    outer loop
      vertex 0.022050418 0.034957584 -0.00171738479
      vertex 0.0226600319 0.0372747369 -3.16039706e-09
      vertex 0.0226600301 0.037229836 -0.00182901486
    endloop
  endfacet
  facet normal -0.706991196 0.707009435 -0.0173558537
    outer loop
      vertex 0.0226600301 0.037229836 -0.00182901486
      vertex 0.0226600319 0.0372747369 -3.16039706e-09
      vertex 0.0243254658 0.0389401279 -3.38209416e-09
    endloop
  endfacet
  facet normal -0.706991196 0.707009375 -0.0173558947
    outer loop
      vertex 0.0226600301 0.037229836 -0.00182901486
      vertex 0.0243254658 0.0389401279 -3.38209416e-09
      vertex 0.0243254658 0.0388932228 -0.00191073364
    endloop
  endfacet
  facet normal -0.258734971 0.965657473 -0.0237052217
    outer loop
      vertex 0.0243254658 0.0388932228 -0.00191073364
      vertex 0.0243254658 0.0389401279 -3.38209416e-09
      vertex 0.0266004745 0.039549686 -3.53603835e-09
    endloop
  endfacet
  facet normal -0.258735299 0.965657294 -0.0237047691
    outer loop
      vertex 0.0243254658 0.0388932228 -0.00191073364
      vertex 0.0266004745 0.039549686 -3.53603835e-09
      vertex 0.0266004726 0.039502047 -0.00194064493
    endloop
  endfacet
endsolid K1_red_ring_Left_Knee_Pitch
