solid K1_subtle_lens_rim_L
  facet normal 0.382447541 0.923264742 0.036276564
    outer loop
      vertex 0.0806445405 0.0347207189 0.0858266056
      vertex 0.0806445405 0.0346904434 0.0865971372
      vertex 0.0811330825 0.0344886966 0.08658126
    endloop
  endfacet
  facet normal 0.382444799 0.923265934 0.0362787098
    outer loop
      vertex 0.0806445405 0.0347207189 0.0858266056
      vertex 0.0811330825 0.0344886966 0.08658126
      vertex 0.0811330825 0.0345183499 0.0858266056
    endloop
  endfacet
  facet normal 0.923778474 0.382632107 0.0150351049
    outer loop
      vertex 0.0811330825 0.0345183499 0.0858266056
      vertex 0.0811330825 0.0344886966 0.08658126
      vertex 0.0813354403 0.0340016559 0.0865429267
    endloop
  endfacet
  facet normal 0.923779249 0.382630438 0.0150337107
    outer loop
      vertex 0.0811330825 0.0345183499 0.0858266056
      vertex 0.0813354403 0.0340016559 0.0865429267
      vertex 0.0813354403 0.0340298004 0.0858266056
    endloop
  endfacet
  facet normal 0.923773468 -0.382644206 -0.0150342565
    outer loop
      vertex 0.0813354403 0.0340298004 0.0858266056
      vertex 0.0813354403 0.0340016559 0.0865429267
      vertex 0.0811330751 0.0335146151 0.0865045935
    endloop
  endfacet
  facet normal 0.92377317 -0.382644981 -0.0150349066
    outer loop
      vertex 0.0813354403 0.0340298004 0.0858266056
      vertex 0.0811330751 0.0335146151 0.0865045935
      vertex 0.0811330751 0.0335412547 0.0858266056
    endloop
  endfacet
  facet normal 0.382418573 -0.923276722 -0.0362774581
    outer loop
      vertex 0.0811330751 0.0335412547 0.0858266056
      vertex 0.0811330751 0.0335146151 0.0865045935
      vertex 0.0806445256 0.0333128832 0.0864887163
    endloop
  endfacet
  facet normal 0.382421821 -0.92327553 -0.0362746194
    outer loop
      vertex 0.0811330751 0.0335412547 0.0858266056
      vertex 0.0806445256 0.0333128832 0.0864887163
      vertex 0.0806445256 0.0333388969 0.0858266056
    endloop
  endfacet
  facet normal -0.382436544 -0.923269451 -0.036274381
    outer loop
      vertex 0.0806445256 0.0333388969 0.0858266056
      vertex 0.0806445256 0.0333128832 0.0864887163
      vertex 0.0801559761 0.0335146263 0.0865045935
    endloop
  endfacet
  facet normal -0.382439822 -0.923267961 -0.0362771004
    outer loop
      vertex 0.0806445256 0.0333388969 0.0858266056
      vertex 0.0801559761 0.0335146263 0.0865045935
      vertex 0.0801559761 0.0335412659 0.0858266056
    endloop
  endfacet
  facet normal -0.923779488 -0.382629633 -0.0150343105
    outer loop
      vertex 0.0801559761 0.0335412659 0.0858266056
      vertex 0.0801559761 0.0335146263 0.0865045935
      vertex 0.0799536183 0.0340016708 0.0865429267
    endloop
  endfacet
  facet normal -0.923779249 -0.382630438 -0.0150337294
    outer loop
      vertex 0.0801559761 0.0335412659 0.0858266056
      vertex 0.0799536183 0.0340016708 0.0865429267
      vertex 0.0799536183 0.0340298153 0.0858266056
    endloop
  endfacet
  facet normal -0.923768401 0.382656217 0.0150347278
    outer loop
      vertex 0.0799536183 0.0340298153 0.0858266056
      vertex 0.0799536183 0.0340016708 0.0865429267
      vertex 0.080155991 0.0344887115 0.08658126
    endloop
  endfacet
  facet normal -0.923768222 0.382656962 0.0150341876
    outer loop
      vertex 0.0799536183 0.0340298153 0.0858266056
      vertex 0.080155991 0.0344887115 0.08658126
      vertex 0.080155991 0.0345183611 0.0858266056
    endloop
  endfacet
  facet normal -0.382418513 0.923276901 0.0362745859
    outer loop
      vertex 0.080155991 0.0345183611 0.0858266056
      vertex 0.080155991 0.0344887115 0.08658126
      vertex 0.0806445405 0.0346904434 0.0865971372
    endloop
  endfacet
  facet normal -0.382421762 0.923275411 0.0362769887
    outer loop
      vertex 0.080155991 0.0345183611 0.0858266056
      vertex 0.0806445405 0.0346904434 0.0865971372
      vertex 0.0806445405 0.0347207189 0.0858266056
    endloop
  endfacet
  facet normal 0.382443666 0.917574167 0.108602658
    outer loop
      vertex 0.0806445405 0.0346904434 0.0865971372
      vertex 0.0806445405 0.0345998071 0.0873629153
      vertex 0.0811330825 0.0343999304 0.0873312578
    endloop
  endfacet
  facet normal 0.382447451 0.917572856 0.108599618
    outer loop
      vertex 0.0806445405 0.0346904434 0.0865971372
      vertex 0.0811330825 0.0343999304 0.0873312578
      vertex 0.0811330825 0.0344886966 0.08658126
    endloop
  endfacet
  facet normal 0.923779547 0.380270422 0.045007024
    outer loop
      vertex 0.0811330825 0.0344886966 0.08658126
      vertex 0.0811330825 0.0343999304 0.0873312578
      vertex 0.0813354403 0.0339173935 0.0872548372
    endloop
  endfacet
  facet normal 0.923778474 0.380272925 0.0450094268
    outer loop
      vertex 0.0811330825 0.0344886966 0.08658126
      vertex 0.0813354403 0.0339173935 0.0872548372
      vertex 0.0813354403 0.0340016559 0.0865429267
    endloop
  endfacet
  facet normal 0.923772871 -0.380286455 -0.0450110398
    outer loop
      vertex 0.0813354403 0.0340016559 0.0865429267
      vertex 0.0813354403 0.0339173935 0.0872548372
      vertex 0.0811330751 0.0334348641 0.0871784091
    endloop
  endfacet
  facet normal 0.923773527 -0.380284965 -0.0450095236
    outer loop
      vertex 0.0813354403 0.0340016559 0.0865429267
      vertex 0.0811330751 0.0334348641 0.0871784091
      vertex 0.0811330751 0.0335146151 0.0865045935
    endloop
  endfacet
  facet normal 0.382415742 -0.917585671 -0.108602986
    outer loop
      vertex 0.0811330751 0.0335146151 0.0865045935
      vertex 0.0811330751 0.0334348641 0.0871784091
      vertex 0.0806445181 0.0332349986 0.0871467516
    endloop
  endfacet
  facet normal 0.382418633 -0.917584836 -0.108600453
    outer loop
      vertex 0.0811330751 0.0335146151 0.0865045935
      vertex 0.0806445181 0.0332349986 0.0871467516
      vertex 0.0806445256 0.0333128832 0.0864887163
    endloop
  endfacet
  facet normal -0.382443696 -0.917573452 -0.108607754
    outer loop
      vertex 0.0806445256 0.0333128832 0.0864887163
      vertex 0.0806445181 0.0332349986 0.0871467516
      vertex 0.0801559761 0.0334348753 0.0871784091
    endloop
  endfacet
  facet normal -0.382436514 -0.917577147 -0.108601995
    outer loop
      vertex 0.0806445256 0.0333128832 0.0864887163
      vertex 0.0801559761 0.0334348753 0.0871784091
      vertex 0.0801559761 0.0335146263 0.0865045935
    endloop
  endfacet
  facet normal -0.923779845 -0.380269766 -0.0450077131
    outer loop
      vertex 0.0801559761 0.0335146263 0.0865045935
      vertex 0.0801559761 0.0334348753 0.0871784091
      vertex 0.0799536183 0.0339174122 0.0872548372
    endloop
  endfacet
  facet normal -0.923779488 -0.38027063 -0.0450071841
    outer loop
      vertex 0.0801559761 0.0335146263 0.0865045935
      vertex 0.0799536183 0.0339174122 0.0872548372
      vertex 0.0799536183 0.0340016708 0.0865429267
    endloop
  endfacet
  facet normal -0.923767567 0.38029927 0.0450105667
    outer loop
      vertex 0.0799536183 0.0340016708 0.0865429267
      vertex 0.0799536183 0.0339174122 0.0872548372
      vertex 0.080155991 0.0343999416 0.0873312578
    endloop
  endfacet
  facet normal -0.923768461 0.380296797 0.0450120308
    outer loop
      vertex 0.0799536183 0.0340016708 0.0865429267
      vertex 0.080155991 0.0343999416 0.0873312578
      vertex 0.080155991 0.0344887115 0.08658126
    endloop
  endfacet
  facet normal -0.382420808 0.917583346 0.108605415
    outer loop
      vertex 0.080155991 0.0344887115 0.08658126
      vertex 0.080155991 0.0343999416 0.0873312578
      vertex 0.0806445405 0.0345998071 0.0873629153
    endloop
  endfacet
  facet normal -0.382418603 0.917584479 0.10860388
    outer loop
      vertex 0.080155991 0.0344887115 0.08658126
      vertex 0.0806445405 0.0345998071 0.0873629153
      vertex 0.0806445405 0.0346904434 0.0865971372
    endloop
  endfacet
  facet normal 0.382437885 0.906226635 0.180262595
    outer loop
      vertex 0.0806445405 0.0345998071 0.0873629153
      vertex 0.080644533 0.0344493687 0.0881192237
      vertex 0.0811330825 0.0342525914 0.088071987
    endloop
  endfacet
  facet normal 0.382443696 0.906225085 0.180257812
    outer loop
      vertex 0.0806445405 0.0345998071 0.0873629153
      vertex 0.0811330825 0.0342525914 0.088071987
      vertex 0.0811330825 0.0343999304 0.0873312578
    endloop
  endfacet
  facet normal 0.923779905 0.375566244 0.074704133
    outer loop
      vertex 0.0811330825 0.0343999304 0.0873312578
      vertex 0.0811330825 0.0342525914 0.088071987
      vertex 0.0813354403 0.0337775387 0.0879579335
    endloop
  endfacet
  facet normal 0.923779488 0.375567049 0.074705109
    outer loop
      vertex 0.0811330825 0.0343999304 0.0873312578
      vertex 0.0813354403 0.0337775387 0.0879579335
      vertex 0.0813354403 0.0339173935 0.0872548372
    endloop
  endfacet
  facet normal 0.923767507 -0.375595391 -0.0747107193
    outer loop
      vertex 0.0813354403 0.0339173935 0.0872548372
      vertex 0.0813354403 0.0337775387 0.0879579335
      vertex 0.0811330676 0.0333024934 0.0878438875
    endloop
  endfacet
  facet normal 0.92377305 -0.375584513 -0.0746974349
    outer loop
      vertex 0.0813354403 0.0339173935 0.0872548372
      vertex 0.0811330676 0.0333024934 0.0878438875
      vertex 0.0811330751 0.0334348641 0.0871784091
    endloop
  endfacet
  facet normal 0.382422358 -0.906234562 -0.180255428
    outer loop
      vertex 0.0811330751 0.0334348641 0.0871784091
      vertex 0.0811330676 0.0333024934 0.0878438875
      vertex 0.0806445181 0.0331057273 0.0877966434
    endloop
  endfacet
  facet normal 0.38241607 -0.906236112 -0.180261284
    outer loop
      vertex 0.0811330751 0.0334348641 0.0871784091
      vertex 0.0806445181 0.0331057273 0.0877966434
      vertex 0.0806445181 0.0332349986 0.0871467516
    endloop
  endfacet
  facet normal -0.382445127 -0.906224251 -0.1802589
    outer loop
      vertex 0.0806445181 0.0332349986 0.0871467516
      vertex 0.0806445181 0.0331057273 0.0877966434
      vertex 0.0801559761 0.0333025046 0.0878438875
    endloop
  endfacet
  facet normal -0.382443696 -0.906225085 -0.180257812
    outer loop
      vertex 0.0806445181 0.0332349986 0.0871467516
      vertex 0.0801559761 0.0333025046 0.0878438875
      vertex 0.0801559761 0.0334348753 0.0871784091
    endloop
  endfacet
  facet normal -0.923779488 -0.375567198 -0.0747043118
    outer loop
      vertex 0.0801559761 0.0334348753 0.0871784091
      vertex 0.0801559761 0.0333025046 0.0878438875
      vertex 0.0799536183 0.0337775573 0.0879579335
    endloop
  endfacet
  facet normal -0.923779905 -0.375566125 -0.0747048855
    outer loop
      vertex 0.0801559761 0.0334348753 0.0871784091
      vertex 0.0799536183 0.0337775573 0.0879579335
      vertex 0.0799536183 0.0339174122 0.0872548372
    endloop
  endfacet
  facet normal -0.923772931 0.375582695 0.0747081935
    outer loop
      vertex 0.0799536183 0.0339174122 0.0872548372
      vertex 0.0799536183 0.0337775573 0.0879579335
      vertex 0.0801559836 0.0342526026 0.088071987
    endloop
  endfacet
  facet normal -0.923767626 0.37559706 0.0747009739
    outer loop
      vertex 0.0799536183 0.0339174122 0.0872548372
      vertex 0.0801559836 0.0342526026 0.088071987
      vertex 0.080155991 0.0343999416 0.0873312578
    endloop
  endfacet
  facet normal -0.382420063 0.906235456 0.180256039
    outer loop
      vertex 0.080155991 0.0343999416 0.0873312578
      vertex 0.0801559836 0.0342526026 0.088071987
      vertex 0.080644533 0.0344493687 0.0881192237
    endloop
  endfacet
  facet normal -0.382421076 0.90623492 0.180256709
    outer loop
      vertex 0.080155991 0.0343999416 0.0873312578
      vertex 0.080644533 0.0344493687 0.0881192237
      vertex 0.0806445405 0.0345998071 0.0873629153
    endloop
  endfacet
  facet normal 0.382442981 0.889289141 0.250803053
    outer loop
      vertex 0.080644533 0.0344493687 0.0881192237
      vertex 0.080644533 0.0342400558 0.0888613984
      vertex 0.0811330825 0.0340475887 0.0887988657
    endloop
  endfacet
  facet normal 0.38243714 0.889290273 0.250807911
    outer loop
      vertex 0.080644533 0.0344493687 0.0881192237
      vertex 0.0811330825 0.0340475887 0.0887988657
      vertex 0.0811330825 0.0342525914 0.088071987
    endloop
  endfacet
  facet normal 0.923783898 0.368537605 0.103939243
    outer loop
      vertex 0.0811330825 0.0342525914 0.088071987
      vertex 0.0811330825 0.0340475887 0.0887988657
      vertex 0.0813354328 0.0335829519 0.0886478946
    endloop
  endfacet
  facet normal 0.923779786 0.368544877 0.103949137
    outer loop
      vertex 0.0811330825 0.0342525914 0.088071987
      vertex 0.0813354328 0.0335829519 0.0886478946
      vertex 0.0813354403 0.0337775387 0.0879579335
    endloop
  endfacet
  facet normal 0.923773825 -0.368564308 -0.103934683
    outer loop
      vertex 0.0813354403 0.0337775387 0.0879579335
      vertex 0.0813354328 0.0335829519 0.0886478946
      vertex 0.0811330676 0.033118315 0.0884969234
    endloop
  endfacet
  facet normal 0.923767388 -0.368575573 -0.103950851
    outer loop
      vertex 0.0813354403 0.0337775387 0.0879579335
      vertex 0.0811330676 0.033118315 0.0884969234
      vertex 0.0811330676 0.0333024934 0.0878438875
    endloop
  endfacet
  facet normal 0.382419854 -0.889296532 -0.250811875
    outer loop
      vertex 0.0811330676 0.0333024934 0.0878438875
      vertex 0.0811330676 0.033118315 0.0884969234
      vertex 0.0806445181 0.0329258628 0.0884343907
    endloop
  endfacet
  facet normal 0.382422984 -0.889295995 -0.250808954
    outer loop
      vertex 0.0811330676 0.0333024934 0.0878438875
      vertex 0.0806445181 0.0329258628 0.0884343907
      vertex 0.0806445181 0.0331057273 0.0877966434
    endloop
  endfacet
  facet normal -0.382443011 -0.889288068 -0.250806719
    outer loop
      vertex 0.0806445181 0.0331057273 0.0877966434
      vertex 0.0806445181 0.0329258628 0.0884343907
      vertex 0.0801559687 0.0331183299 0.0884969234
    endloop
  endfacet
  facet normal -0.382445365 -0.889286697 -0.250808418
    outer loop
      vertex 0.0806445181 0.0331057273 0.0877966434
      vertex 0.0801559687 0.0331183299 0.0884969234
      vertex 0.0801559761 0.0333025046 0.0878438875
    endloop
  endfacet
  facet normal -0.923784018 -0.368534803 -0.103947803
    outer loop
      vertex 0.0801559761 0.0333025046 0.0878438875
      vertex 0.0801559687 0.0331183299 0.0884969234
      vertex 0.0799536183 0.0335829668 0.0886478946
    endloop
  endfacet
  facet normal -0.923779488 -0.368548065 -0.103942052
    outer loop
      vertex 0.0801559761 0.0333025046 0.0878438875
      vertex 0.0799536183 0.0335829668 0.0886478946
      vertex 0.0799536183 0.0337775573 0.0879579335
    endloop
  endfacet
  facet normal -0.923772871 0.368563056 0.103946291
    outer loop
      vertex 0.0799536183 0.0337775573 0.0879579335
      vertex 0.0799536183 0.0335829668 0.0886478946
      vertex 0.0801559836 0.0340475999 0.0887988657
    endloop
  endfacet
  facet normal -0.923772991 0.368562907 0.10394638
    outer loop
      vertex 0.0799536183 0.0337775573 0.0879579335
      vertex 0.0801559836 0.0340475999 0.0887988657
      vertex 0.0801559836 0.0342526026 0.088071987
    endloop
  endfacet
  facet normal -0.382425666 0.889294803 0.250809222
    outer loop
      vertex 0.0801559836 0.0342526026 0.088071987
      vertex 0.0801559836 0.0340475999 0.0887988657
      vertex 0.080644533 0.0342400558 0.0888613984
    endloop
  endfacet
  facet normal -0.382419825 0.889298439 0.250805676
    outer loop
      vertex 0.0801559836 0.0342526026 0.088071987
      vertex 0.080644533 0.0342400558 0.0888613984
      vertex 0.080644533 0.0344493687 0.0881192237
    endloop
  endfacet
  facet normal 0.382444292 0.866868138 0.319806159
    outer loop
      vertex 0.080644533 0.0342400558 0.0888613984
      vertex 0.080644533 0.0339731537 0.0895848647
      vertex 0.0811330751 0.0337861888 0.0895074233
    endloop
  endfacet
  facet normal 0.382442534 0.866868436 0.319807619
    outer loop
      vertex 0.080644533 0.0342400558 0.0888613984
      vertex 0.0811330751 0.0337861888 0.0895074233
      vertex 0.0811330825 0.0340475887 0.0887988657
    endloop
  endfacet
  facet normal 0.923778832 0.359255254 0.132545561
    outer loop
      vertex 0.0811330825 0.0340475887 0.0887988657
      vertex 0.0811330751 0.0337861888 0.0895074233
      vertex 0.0813354328 0.0333348289 0.0893204659
    endloop
  endfacet
  facet normal 0.923783898 0.359247029 0.132532313
    outer loop
      vertex 0.0811330825 0.0340475887 0.0887988657
      vertex 0.0813354328 0.0333348289 0.0893204659
      vertex 0.0813354328 0.0335829519 0.0886478946
    endloop
  endfacet
  facet normal 0.923773468 -0.359270811 -0.132541075
    outer loop
      vertex 0.0813354328 0.0335829519 0.0886478946
      vertex 0.0813354328 0.0333348289 0.0893204659
      vertex 0.0811330676 0.0328834727 0.0891335011
    endloop
  endfacet
  facet normal 0.923773944 -0.359269977 -0.13253966
    outer loop
      vertex 0.0813354328 0.0335829519 0.0886478946
      vertex 0.0811330676 0.0328834727 0.0891335011
      vertex 0.0811330676 0.033118315 0.0884969234
    endloop
  endfacet
  facet normal 0.382422298 -0.866878867 -0.319803596
    outer loop
      vertex 0.0811330676 0.033118315 0.0884969234
      vertex 0.0811330676 0.0328834727 0.0891335011
      vertex 0.0806445181 0.032696519 0.0890560597
    endloop
  endfacet
  facet normal 0.382420033 -0.866878986 -0.319805712
    outer loop
      vertex 0.0811330676 0.033118315 0.0884969234
      vertex 0.0806445181 0.032696519 0.0890560597
      vertex 0.0806445181 0.0329258628 0.0884343907
    endloop
  endfacet
  facet normal -0.382439256 -0.866871536 -0.31980297
    outer loop
      vertex 0.0806445181 0.0329258628 0.0884343907
      vertex 0.0806445181 0.032696519 0.0890560597
      vertex 0.0801559687 0.0328834839 0.0891335011
    endloop
  endfacet
  facet normal -0.382442564 -0.866869271 -0.319805145
    outer loop
      vertex 0.0806445181 0.0329258628 0.0884343907
      vertex 0.0801559687 0.0328834839 0.0891335011
      vertex 0.0801559687 0.0331183299 0.0884969234
    endloop
  endfacet
  facet normal -0.923779428 -0.359256953 -0.132536978
    outer loop
      vertex 0.0801559687 0.0331183299 0.0884969234
      vertex 0.0801559687 0.0328834839 0.0891335011
      vertex 0.0799536109 0.0333348438 0.0893204659
    endloop
  endfacet
  facet normal -0.923783839 -0.359244049 -0.132541448
    outer loop
      vertex 0.0801559687 0.0331183299 0.0884969234
      vertex 0.0799536109 0.0333348438 0.0893204659
      vertex 0.0799536183 0.0335829668 0.0886478946
    endloop
  endfacet
  facet normal -0.923767507 0.359287351 0.132536948
    outer loop
      vertex 0.0799536183 0.0335829668 0.0886478946
      vertex 0.0799536109 0.0333348438 0.0893204659
      vertex 0.0801559836 0.0337862 0.0895074233
    endloop
  endfacet
  facet normal -0.923772931 0.359271675 0.132541895
    outer loop
      vertex 0.0799536183 0.0335829668 0.0886478946
      vertex 0.0801559836 0.0337862 0.0895074233
      vertex 0.0801559836 0.0340475999 0.0887988657
    endloop
  endfacet
  facet normal -0.382422298 0.866877437 0.319806963
    outer loop
      vertex 0.0801559836 0.0340475999 0.0887988657
      vertex 0.0801559836 0.0337862 0.0895074233
      vertex 0.080644533 0.0339731537 0.0895848647
    endloop
  endfacet
  facet normal -0.382425636 0.86687541 0.319808841
    outer loop
      vertex 0.0801559836 0.0340475999 0.0887988657
      vertex 0.080644533 0.0339731537 0.0895848647
      vertex 0.080644533 0.0342400558 0.0888613984
    endloop
  endfacet
  facet normal 0.382439196 0.83910501 0.386837274
    outer loop
      vertex 0.080644533 0.0339731537 0.0895848647
      vertex 0.0806445256 0.0336503163 0.0902851522
      vertex 0.0811330751 0.0334700011 0.0901932865
    endloop
  endfacet
  facet normal 0.382444084 0.839104712 0.386833131
    outer loop
      vertex 0.080644533 0.0339731537 0.0895848647
      vertex 0.0811330751 0.0334700011 0.0901932865
      vertex 0.0811330751 0.0337861888 0.0895074233
    endloop
  endfacet
  facet normal 0.923778951 0.347751617 0.160315931
    outer loop
      vertex 0.0811330751 0.0337861888 0.0895074233
      vertex 0.0811330751 0.0334700011 0.0901932865
      vertex 0.0813354328 0.0330347009 0.0899714902
    endloop
  endfacet
  facet normal 0.923778653 0.347752124 0.16031684
    outer loop
      vertex 0.0811330751 0.0337861888 0.0895074233
      vertex 0.0813354328 0.0330347009 0.0899714902
      vertex 0.0813354328 0.0333348289 0.0893204659
    endloop
  endfacet
  facet normal 0.923768044 -0.34777531 -0.160327524
    outer loop
      vertex 0.0813354328 0.0333348289 0.0893204659
      vertex 0.0813354328 0.0330347009 0.0899714902
      vertex 0.0811330602 0.0325994045 0.0897496939
    endloop
  endfacet
  facet normal 0.923773706 -0.347767562 -0.160311595
    outer loop
      vertex 0.0813354328 0.0333348289 0.0893204659
      vertex 0.0811330602 0.0325994045 0.0897496939
      vertex 0.0811330676 0.0328834727 0.0891335011
    endloop
  endfacet
  facet normal 0.382422209 -0.839115143 -0.386832088
    outer loop
      vertex 0.0811330676 0.0328834727 0.0891335011
      vertex 0.0811330602 0.0325994045 0.0897496939
      vertex 0.0806445107 0.0324191041 0.0896578208
    endloop
  endfacet
  facet normal 0.382422745 -0.839115143 -0.386831641
    outer loop
      vertex 0.0811330676 0.0328834727 0.0891335011
      vertex 0.0806445107 0.0324191041 0.0896578208
      vertex 0.0806445181 0.032696519 0.0890560597
    endloop
  endfacet
  facet normal -0.382443786 -0.83910358 -0.386835784
    outer loop
      vertex 0.0806445181 0.032696519 0.0890560597
      vertex 0.0806445107 0.0324191041 0.0896578208
      vertex 0.0801559687 0.0325994156 0.0897496939
    endloop
  endfacet
  facet normal -0.382439047 -0.839106977 -0.386832982
    outer loop
      vertex 0.0806445181 0.032696519 0.0890560597
      vertex 0.0801559687 0.0325994156 0.0897496939
      vertex 0.0801559687 0.0328834839 0.0891335011
    endloop
  endfacet
  facet normal -0.923778951 -0.347751915 -0.160315543
    outer loop
      vertex 0.0801559687 0.0328834839 0.0891335011
      vertex 0.0801559687 0.0325994156 0.0897496939
      vertex 0.0799536109 0.0330347158 0.0899714902
    endloop
  endfacet
  facet normal -0.923779547 -0.347750247 -0.160315976
    outer loop
      vertex 0.0801559687 0.0328834839 0.0891335011
      vertex 0.0799536109 0.0330347158 0.0899714902
      vertex 0.0799536109 0.0333348438 0.0893204659
    endloop
  endfacet
  facet normal -0.92377305 0.347764373 0.160322487
    outer loop
      vertex 0.0799536109 0.0333348438 0.0893204659
      vertex 0.0799536109 0.0330347158 0.0899714902
      vertex 0.0801559761 0.0334700122 0.0901932865
    endloop
  endfacet
  facet normal -0.923767805 0.34777981 0.160318881
    outer loop
      vertex 0.0799536109 0.0333348438 0.0893204659
      vertex 0.0801559761 0.0334700122 0.0901932865
      vertex 0.0801559836 0.0337862 0.0895074233
    endloop
  endfacet
  facet normal -0.382422686 0.839114308 0.3868334
    outer loop
      vertex 0.0801559836 0.0337862 0.0895074233
      vertex 0.0801559761 0.0334700122 0.0901932865
      vertex 0.0806445256 0.0336503163 0.0902851522
    endloop
  endfacet
  facet normal -0.382422656 0.839114249 0.38683337
    outer loop
      vertex 0.0801559836 0.0337862 0.0895074233
      vertex 0.0806445256 0.0336503163 0.0902851522
      vertex 0.080644533 0.0339731537 0.0895848647
    endloop
  endfacet
  facet normal 0.382445842 0.806167424 0.451474458
    outer loop
      vertex 0.0806445256 0.0336503163 0.0902851522
      vertex 0.0806445256 0.0332735255 0.090957962
      vertex 0.0811330676 0.0331009775 0.0908522233
    endloop
  endfacet
  facet normal 0.382438004 0.806167483 0.451481223
    outer loop
      vertex 0.0806445256 0.0336503163 0.0902851522
      vertex 0.0811330676 0.0331009775 0.0908522233
      vertex 0.0811330751 0.0334700011 0.0901932865
    endloop
  endfacet
  facet normal 0.923779309 0.334096014 0.187113807
    outer loop
      vertex 0.0811330751 0.0334700011 0.0901932865
      vertex 0.0811330676 0.0331009775 0.0908522233
      vertex 0.0813354254 0.0326844193 0.090596959
    endloop
  endfacet
  facet normal 0.923778832 0.334096611 0.187115312
    outer loop
      vertex 0.0811330751 0.0334700011 0.0901932865
      vertex 0.0813354254 0.0326844193 0.090596959
      vertex 0.0813354328 0.0330347009 0.0899714902
    endloop
  endfacet
  facet normal 0.923772216 -0.334119737 -0.187106237
    outer loop
      vertex 0.0813354328 0.0330347009 0.0899714902
      vertex 0.0813354254 0.0326844193 0.090596959
      vertex 0.0811330602 0.0322678685 0.0903416947
    endloop
  endfacet
  facet normal 0.923768163 -0.334124565 -0.187118515
    outer loop
      vertex 0.0813354328 0.0330347009 0.0899714902
      vertex 0.0811330602 0.0322678685 0.0903416947
      vertex 0.0811330602 0.0325994045 0.0897496939
    endloop
  endfacet
  facet normal 0.382424504 -0.806174994 -0.451479107
    outer loop
      vertex 0.0811330602 0.0325994045 0.0897496939
      vertex 0.0811330602 0.0322678685 0.0903416947
      vertex 0.0806445107 0.032095328 0.0902359635
    endloop
  endfacet
  facet normal 0.382422954 -0.806174934 -0.451480597
    outer loop
      vertex 0.0811330602 0.0325994045 0.0897496939
      vertex 0.0806445107 0.032095328 0.0902359635
      vertex 0.0806445107 0.0324191041 0.0896578208
    endloop
  endfacet
  facet normal -0.382440269 -0.806168675 -0.451477081
    outer loop
      vertex 0.0806445107 0.0324191041 0.0896578208
      vertex 0.0806445107 0.032095328 0.0902359635
      vertex 0.0801559612 0.0322678797 0.0903416947
    endloop
  endfacet
  facet normal -0.382443607 -0.806166053 -0.451478899
    outer loop
      vertex 0.0806445107 0.0324191041 0.0896578208
      vertex 0.0801559612 0.0322678797 0.0903416947
      vertex 0.0801559687 0.0325994156 0.0897496939
    endloop
  endfacet
  facet normal -0.923778415 -0.334097743 -0.187115103
    outer loop
      vertex 0.0801559687 0.0325994156 0.0897496939
      vertex 0.0801559612 0.0322678797 0.0903416947
      vertex 0.0799536034 0.0326844342 0.090596959
    endloop
  endfacet
  facet normal -0.923778832 -0.33409667 -0.187115327
    outer loop
      vertex 0.0801559687 0.0325994156 0.0897496939
      vertex 0.0799536034 0.0326844342 0.090596959
      vertex 0.0799536109 0.0330347158 0.0899714902
    endloop
  endfacet
  facet normal -0.923773229 0.33411783 0.187105179
    outer loop
      vertex 0.0799536109 0.0330347158 0.0899714902
      vertex 0.0799536034 0.0326844342 0.090596959
      vertex 0.0801559687 0.0331009887 0.0908522233
    endloop
  endfacet
  facet normal -0.923773229 0.33411786 0.187105164
    outer loop
      vertex 0.0799536109 0.0330347158 0.0899714902
      vertex 0.0801559687 0.0331009887 0.0908522233
      vertex 0.0801559761 0.0334700122 0.0901932865
    endloop
  endfacet
  facet normal -0.382420152 0.806177557 0.451478243
    outer loop
      vertex 0.0801559761 0.0334700122 0.0901932865
      vertex 0.0801559687 0.0331009887 0.0908522233
      vertex 0.0806445256 0.0332735255 0.090957962
    endloop
  endfacet
  facet normal -0.382422328 0.806175888 0.451479226
    outer loop
      vertex 0.0801559761 0.0334700122 0.0901932865
      vertex 0.0806445256 0.0332735255 0.090957962
      vertex 0.0806445256 0.0336503163 0.0902851522
    endloop
  endfacet
  facet normal 0.382447839 0.768258035 0.513335526
    outer loop
      vertex 0.0806445256 0.0332735255 0.090957962
      vertex 0.0806445181 0.0328451134 0.0915991291
      vertex 0.0811330602 0.0326813906 0.0914801806
    endloop
  endfacet
  facet normal 0.382445961 0.768257856 0.513337076
    outer loop
      vertex 0.0806445256 0.0332735255 0.090957962
      vertex 0.0811330602 0.0326813906 0.0914801806
      vertex 0.0811330676 0.0331009775 0.0908522233
    endloop
  endfacet
  facet normal 0.923779249 0.318385988 0.212749287
    outer loop
      vertex 0.0811330676 0.0331009775 0.0908522233
      vertex 0.0811330602 0.0326813906 0.0914801806
      vertex 0.0813354179 0.0322861448 0.0911930203
    endloop
  endfacet
  facet normal 0.923779011 0.318386197 0.212749913
    outer loop
      vertex 0.0811330676 0.0331009775 0.0908522233
      vertex 0.0813354179 0.0322861448 0.0911930203
      vertex 0.0813354254 0.0326844193 0.090596959
    endloop
  endfacet
  facet normal 0.92377317 -0.318408698 -0.212741852
    outer loop
      vertex 0.0813354254 0.0326844193 0.090596959
      vertex 0.0813354179 0.0322861448 0.0911930203
      vertex 0.0811330527 0.0318909027 0.0909058601
    endloop
  endfacet
  facet normal 0.923772573 -0.318409234 -0.212743506
    outer loop
      vertex 0.0813354254 0.0326844193 0.090596959
      vertex 0.0811330527 0.0318909027 0.0909058601
      vertex 0.0811330602 0.0322678685 0.0903416947
    endloop
  endfacet
  facet normal 0.382422835 -0.768268168 -0.513338864
    outer loop
      vertex 0.0811330602 0.0322678685 0.0903416947
      vertex 0.0811330527 0.0318909027 0.0909058601
      vertex 0.0806445032 0.0317271948 0.0907869115
    endloop
  endfacet
  facet normal 0.382424355 -0.768268347 -0.513337314
    outer loop
      vertex 0.0811330602 0.0322678685 0.0903416947
      vertex 0.0806445032 0.0317271948 0.0907869115
      vertex 0.0806445107 0.032095328 0.0902359635
    endloop
  endfacet
  facet normal -0.382447898 -0.768255532 -0.513339162
    outer loop
      vertex 0.0806445107 0.032095328 0.0902359635
      vertex 0.0806445032 0.0317271948 0.0907869115
      vertex 0.0801559612 0.0318909176 0.0909058601
    endloop
  endfacet
  facet normal -0.382439375 -0.768262565 -0.513335049
    outer loop
      vertex 0.0806445107 0.032095328 0.0902359635
      vertex 0.0801559612 0.0318909176 0.0909058601
      vertex 0.0801559612 0.0322678797 0.0903416947
    endloop
  endfacet
  facet normal -0.923773289 -0.318403214 -0.212749586
    outer loop
      vertex 0.0801559612 0.0322678797 0.0903416947
      vertex 0.0801559612 0.0318909176 0.0909058601
      vertex 0.079953596 0.0322861597 0.0911930203
    endloop
  endfacet
  facet normal -0.923778176 -0.318387926 -0.212751061
    outer loop
      vertex 0.0801559612 0.0322678797 0.0903416947
      vertex 0.079953596 0.0322861597 0.0911930203
      vertex 0.0799536034 0.0326844342 0.090596959
    endloop
  endfacet
  facet normal -0.923768163 0.318418741 0.212748542
    outer loop
      vertex 0.0799536034 0.0326844342 0.090596959
      vertex 0.079953596 0.0322861597 0.0911930203
      vertex 0.0801559687 0.0326814018 0.0914801806
    endloop
  endfacet
  facet normal -0.923773289 0.318402946 0.21274966
    outer loop
      vertex 0.0799536034 0.0326844342 0.090596959
      vertex 0.0801559687 0.0326814018 0.0914801806
      vertex 0.0801559687 0.0331009887 0.0908522233
    endloop
  endfacet
  facet normal -0.382427841 0.768266201 0.513338149
    outer loop
      vertex 0.0801559687 0.0331009887 0.0908522233
      vertex 0.0801559687 0.0326814018 0.0914801806
      vertex 0.0806445181 0.0328451134 0.0915991291
    endloop
  endfacet
  facet normal -0.382421106 0.768271267 0.513335526
    outer loop
      vertex 0.0801559687 0.0331009887 0.0908522233
      vertex 0.0806445181 0.0328451134 0.0915991291
      vertex 0.0806445256 0.0332735255 0.090957962
    endloop
  endfacet
  facet normal 0.382434815 0.725615442 0.572036564
    outer loop
      vertex 0.0806445181 0.0328451134 0.0915991291
      vertex 0.0806445107 0.0323677137 0.0922047049
      vertex 0.0811330602 0.0322138295 0.0920732841
    endloop
  endfacet
  facet normal 0.382447541 0.72561729 0.572025776
    outer loop
      vertex 0.0806445181 0.0328451134 0.0915991291
      vertex 0.0811330602 0.0322138295 0.0920732841
      vertex 0.0811330602 0.0326813906 0.0914801806
    endloop
  endfacet
  facet normal 0.923779964 0.300717562 0.237064645
    outer loop
      vertex 0.0811330602 0.0326813906 0.0914801806
      vertex 0.0811330602 0.0322138295 0.0920732841
      vertex 0.0813354179 0.0318423323 0.0917559937
    endloop
  endfacet
  facet normal 0.92377913 0.300718188 0.237067133
    outer loop
      vertex 0.0811330602 0.0326813906 0.0914801806
      vertex 0.0813354179 0.0318423323 0.0917559937
      vertex 0.0813354179 0.0322861448 0.0911930203
    endloop
  endfacet
  facet normal 0.923767924 -0.300739378 -0.237083852
    outer loop
      vertex 0.0813354179 0.0322861448 0.0911930203
      vertex 0.0813354179 0.0318423323 0.0917559937
      vertex 0.0811330453 0.0314708389 0.0914387107
    endloop
  endfacet
  facet normal 0.923773408 -0.300735682 -0.237066925
    outer loop
      vertex 0.0813354179 0.0322861448 0.0911930203
      vertex 0.0811330453 0.0314708389 0.0914387107
      vertex 0.0811330527 0.0318909027 0.0909058601
    endloop
  endfacet
  facet normal 0.382427841 -0.725625098 -0.572028875
    outer loop
      vertex 0.0811330527 0.0318909027 0.0909058601
      vertex 0.0811330453 0.0314708389 0.0914387107
      vertex 0.0806444958 0.0313169658 0.0913072824
    endloop
  endfacet
  facet normal 0.382423639 -0.725624263 -0.572032809
    outer loop
      vertex 0.0811330527 0.0318909027 0.0909058601
      vertex 0.0806444958 0.0313169658 0.0913072824
      vertex 0.0806445032 0.0317271948 0.0907869115
    endloop
  endfacet
  facet normal -0.382447243 -0.725611269 -0.572033584
    outer loop
      vertex 0.0806445032 0.0317271948 0.0907869115
      vertex 0.0806444958 0.0313169658 0.0913072824
      vertex 0.0801559538 0.0314708501 0.0914387107
    endloop
  endfacet
  facet normal -0.382447392 -0.72561115 -0.572033644
    outer loop
      vertex 0.0806445032 0.0317271948 0.0907869115
      vertex 0.0801559538 0.0314708501 0.0914387107
      vertex 0.0801559612 0.0318909176 0.0909058601
    endloop
  endfacet
  facet normal -0.923778772 -0.30071187 -0.237076119
    outer loop
      vertex 0.0801559612 0.0318909176 0.0909058601
      vertex 0.0801559538 0.0314708501 0.0914387107
      vertex 0.079953596 0.0318423472 0.0917559937
    endloop
  endfacet
  facet normal -0.923773289 -0.300729156 -0.237075791
    outer loop
      vertex 0.0801559612 0.0318909176 0.0909058601
      vertex 0.079953596 0.0318423472 0.0917559937
      vertex 0.079953596 0.0322861597 0.0911930203
    endloop
  endfacet
  facet normal -0.923774123 0.300727516 0.237074494
    outer loop
      vertex 0.079953596 0.0322861597 0.0911930203
      vertex 0.079953596 0.0318423472 0.0917559937
      vertex 0.0801559612 0.0322138406 0.0920732841
    endloop
  endfacet
  facet normal -0.923768401 0.300744891 0.237074614
    outer loop
      vertex 0.079953596 0.0322861597 0.0911930203
      vertex 0.0801559612 0.0322138406 0.0920732841
      vertex 0.0801559687 0.0326814018 0.0914801806
    endloop
  endfacet
  facet normal -0.38242048 0.725628376 0.57202971
    outer loop
      vertex 0.0801559687 0.0326814018 0.0914801806
      vertex 0.0801559612 0.0322138406 0.0920732841
      vertex 0.0806445107 0.0323677137 0.0922047049
    endloop
  endfacet
  facet normal -0.382428348 0.725622118 0.572032392
    outer loop
      vertex 0.0801559687 0.0326814018 0.0914801806
      vertex 0.0806445107 0.0323677137 0.0922047049
      vertex 0.0806445181 0.0328451134 0.0915991291
    endloop
  endfacet
  facet normal 0.38243854 0.678497612 0.627201617
    outer loop
      vertex 0.0806445107 0.0323677137 0.0922047049
      vertex 0.0806445032 0.0318442695 0.0927709639
      vertex 0.0811330527 0.0317011736 0.0926278681
    endloop
  endfacet
  facet normal 0.382433772 0.678496659 0.627205491
    outer loop
      vertex 0.0806445107 0.0323677137 0.0922047049
      vertex 0.0811330527 0.0317011736 0.0926278681
      vertex 0.0811330602 0.0322138295 0.0920732841
    endloop
  endfacet
  facet normal 0.923778951 0.281184316 0.259938389
    outer loop
      vertex 0.0811330602 0.0322138295 0.0920732841
      vertex 0.0811330527 0.0317011736 0.0926278681
      vertex 0.0813354105 0.0313557163 0.0922824144
    endloop
  endfacet
  facet normal 0.923779786 0.281183809 0.259935498
    outer loop
      vertex 0.0811330602 0.0322138295 0.0920732841
      vertex 0.0813354105 0.0313557163 0.0922824144
      vertex 0.0813354179 0.0318423323 0.0917559937
    endloop
  endfacet
  facet normal 0.923772871 -0.28120923 -0.259932846
    outer loop
      vertex 0.0813354179 0.0318423323 0.0917559937
      vertex 0.0813354105 0.0313557163 0.0922824144
      vertex 0.0811330453 0.0310102627 0.0919369608
    endloop
  endfacet
  facet normal 0.923767865 -0.281211436 -0.259948343
    outer loop
      vertex 0.0813354179 0.0318423323 0.0917559937
      vertex 0.0811330453 0.0310102627 0.0919369608
      vertex 0.0811330453 0.0314708389 0.0914387107
    endloop
  endfacet
  facet normal 0.382427424 -0.678504348 -0.62720108
    outer loop
      vertex 0.0811330453 0.0314708389 0.0914387107
      vertex 0.0811330453 0.0310102627 0.0919369608
      vertex 0.0806444958 0.0308671761 0.091793865
    endloop
  endfacet
  facet normal 0.382428825 -0.678504705 -0.627199769
    outer loop
      vertex 0.0811330453 0.0314708389 0.0914387107
      vertex 0.0806444958 0.0308671761 0.091793865
      vertex 0.0806444958 0.0313169658 0.0913072824
    endloop
  endfacet
  facet normal -0.382440656 -0.678501129 -0.627196431
    outer loop
      vertex 0.0806444958 0.0313169658 0.0913072824
      vertex 0.0806444958 0.0308671761 0.091793865
      vertex 0.0801559463 0.0310102738 0.0919369608
    endloop
  endfacet
  facet normal -0.382447004 -0.678495526 -0.627198637
    outer loop
      vertex 0.0806444958 0.0313169658 0.0913072824
      vertex 0.0801559463 0.0310102738 0.0919369608
      vertex 0.0801559538 0.0314708501 0.0914387107
    endloop
  endfacet
  facet normal -0.923778832 -0.281184942 -0.259937704
    outer loop
      vertex 0.0801559538 0.0314708501 0.0914387107
      vertex 0.0801559463 0.0310102738 0.0919369608
      vertex 0.0799535885 0.0313557312 0.0922824144
    endloop
  endfacet
  facet normal -0.923778474 -0.281186342 -0.259937823
    outer loop
      vertex 0.0801559538 0.0314708501 0.0914387107
      vertex 0.0799535885 0.0313557312 0.0922824144
      vertex 0.079953596 0.0318423472 0.0917559937
    endloop
  endfacet
  facet normal -0.923772871 0.28120923 0.259932846
    outer loop
      vertex 0.079953596 0.0318423472 0.0917559937
      vertex 0.0799535885 0.0313557312 0.0922824144
      vertex 0.0801559538 0.0317011848 0.0926278681
    endloop
  endfacet
  facet normal -0.923774302 0.28120476 0.259932458
    outer loop
      vertex 0.079953596 0.0318423472 0.0917559937
      vertex 0.0801559538 0.0317011848 0.0926278681
      vertex 0.0801559612 0.0322138406 0.0920732841
    endloop
  endfacet
  facet normal -0.382425189 0.678504348 0.627202392
    outer loop
      vertex 0.0801559612 0.0322138406 0.0920732841
      vertex 0.0801559538 0.0317011848 0.0926278681
      vertex 0.0806445032 0.0318442695 0.0927709639
    endloop
  endfacet
  facet normal -0.382420659 0.678508043 0.62720108
    outer loop
      vertex 0.0801559612 0.0322138406 0.0920732841
      vertex 0.0806445032 0.0318442695 0.0927709639
      vertex 0.0806445107 0.0323677137 0.0922047049
    endloop
  endfacet
  facet normal 0.382437319 0.627198517 0.678501129
    outer loop
      vertex 0.0806445032 0.0318442695 0.0927709639
      vertex 0.0806444958 0.0312780179 0.0932944044
      vertex 0.0811330453 0.0311465859 0.0931405276
    endloop
  endfacet
  facet normal 0.382438481 0.627198815 0.678500175
    outer loop
      vertex 0.0806445032 0.0318442695 0.0927709639
      vertex 0.0811330453 0.0311465859 0.0931405276
      vertex 0.0811330527 0.0317011736 0.0926278681
    endloop
  endfacet
  facet normal 0.923780501 0.259922445 0.281193763
    outer loop
      vertex 0.0811330527 0.0317011736 0.0926278681
      vertex 0.0811330453 0.0311465859 0.0931405276
      vertex 0.081335403 0.0308292974 0.0927690268
    endloop
  endfacet
  facet normal 0.923778534 0.259922951 0.281199723
    outer loop
      vertex 0.0811330527 0.0317011736 0.0926278681
      vertex 0.081335403 0.0308292974 0.0927690268
      vertex 0.0813354105 0.0313557163 0.0922824144
    endloop
  endfacet
  facet normal 0.92377311 -0.259946018 -0.281196386
    outer loop
      vertex 0.0813354105 0.0313557163 0.0922824144
      vertex 0.081335403 0.0308292974 0.0927690268
      vertex 0.0811330378 0.0305120125 0.0923975334
    endloop
  endfacet
  facet normal 0.92377311 -0.259946018 -0.281196237
    outer loop
      vertex 0.0813354105 0.0313557163 0.0922824144
      vertex 0.0811330378 0.0305120125 0.0923975334
      vertex 0.0811330453 0.0310102627 0.0919369608
    endloop
  endfacet
  facet normal 0.382421017 -0.627203226 -0.678506076
    outer loop
      vertex 0.0811330453 0.0310102627 0.0919369608
      vertex 0.0811330378 0.0305120125 0.0923975334
      vertex 0.0806444883 0.0303805955 0.0922436565
    endloop
  endfacet
  facet normal 0.382428348 -0.627205789 -0.67849946
    outer loop
      vertex 0.0811330453 0.0310102627 0.0919369608
      vertex 0.0806444883 0.0303805955 0.0922436565
      vertex 0.0806444958 0.0308671761 0.091793865
    endloop
  endfacet
  facet normal -0.382435262 -0.627197444 -0.678503156
    outer loop
      vertex 0.0806444958 0.0308671761 0.091793865
      vertex 0.0806444883 0.0303805955 0.0922436565
      vertex 0.0801559389 0.0305120256 0.0923975334
    endloop
  endfacet
  facet normal -0.382440388 -0.627192795 -0.678504586
    outer loop
      vertex 0.0806444958 0.0308671761 0.091793865
      vertex 0.0801559389 0.0305120256 0.0923975334
      vertex 0.0801559463 0.0310102738 0.0919369608
    endloop
  endfacet
  facet normal -0.923779011 -0.259921998 -0.281199038
    outer loop
      vertex 0.0801559463 0.0310102738 0.0919369608
      vertex 0.0801559389 0.0305120256 0.0923975334
      vertex 0.0799535811 0.0308293141 0.0927690268
    endloop
  endfacet
  facet normal -0.923778534 -0.259923458 -0.281199247
    outer loop
      vertex 0.0801559463 0.0310102738 0.0919369608
      vertex 0.0799535811 0.0308293141 0.0927690268
      vertex 0.0799535885 0.0313557312 0.0922824144
    endloop
  endfacet
  facet normal -0.923774302 0.259944648 0.281193882
    outer loop
      vertex 0.0799535885 0.0313557312 0.0922824144
      vertex 0.0799535811 0.0308293141 0.0927690268
      vertex 0.0801559463 0.0311465971 0.0931405276
    endloop
  endfacet
  facet normal -0.92377311 0.259947836 0.281194389
    outer loop
      vertex 0.0799535885 0.0313557312 0.0922824144
      vertex 0.0801559463 0.0311465971 0.0931405276
      vertex 0.0801559538 0.0317011848 0.0926278681
    endloop
  endfacet
  facet normal -0.382424921 0.627208233 0.678499162
    outer loop
      vertex 0.0801559538 0.0317011848 0.0926278681
      vertex 0.0801559463 0.0311465971 0.0931405276
      vertex 0.0806444958 0.0312780179 0.0932944044
    endloop
  endfacet
  facet normal -0.382426292 0.627206981 0.678499401
    outer loop
      vertex 0.0801559538 0.0317011848 0.0926278681
      vertex 0.0806444958 0.0312780179 0.0932944044
      vertex 0.0806445032 0.0318442695 0.0927709639
    endloop
  endfacet
  facet normal 0.382432193 0.572026491 0.7256248
    outer loop
      vertex 0.0806444958 0.0312780179 0.0932944044
      vertex 0.0806444883 0.0306724384 0.0937718004
      vertex 0.0811330378 0.0305534862 0.0936080888
    endloop
  endfacet
  facet normal 0.382436365 0.572027862 0.725621462
    outer loop
      vertex 0.0806444958 0.0312780179 0.0932944044
      vertex 0.0811330378 0.0305534862 0.0936080888
      vertex 0.0811330453 0.0311465859 0.0931405276
    endloop
  endfacet
  facet normal 0.923779845 0.237058491 0.300722629
    outer loop
      vertex 0.0811330453 0.0311465859 0.0931405276
      vertex 0.0811330378 0.0305534862 0.0936080888
      vertex 0.0813353956 0.0302663222 0.0932128429
    endloop
  endfacet
  facet normal 0.923780322 0.237058505 0.300721198
    outer loop
      vertex 0.0811330453 0.0311465859 0.0931405276
      vertex 0.0813353956 0.0302663222 0.0932128429
      vertex 0.081335403 0.0308292974 0.0927690268
    endloop
  endfacet
  facet normal 0.923773587 -0.237083569 -0.300721973
    outer loop
      vertex 0.081335403 0.0308292974 0.0927690268
      vertex 0.0813353956 0.0302663222 0.0932128429
      vertex 0.0811330304 0.0299791638 0.0928175971
    endloop
  endfacet
  facet normal 0.923773289 -0.237083539 -0.300722927
    outer loop
      vertex 0.081335403 0.0308292974 0.0927690268
      vertex 0.0811330304 0.0299791638 0.0928175971
      vertex 0.0811330378 0.0305120125 0.0923975334
    endloop
  endfacet
  facet normal 0.382420838 -0.572038591 -0.725621223
    outer loop
      vertex 0.0811330378 0.0305120125 0.0923975334
      vertex 0.0811330304 0.0299791638 0.0928175971
      vertex 0.0806444809 0.0298602227 0.0926538855
    endloop
  endfacet
  facet normal 0.382421583 -0.572038829 -0.725620568
    outer loop
      vertex 0.0811330378 0.0305120125 0.0923975334
      vertex 0.0806444809 0.0298602227 0.0926538855
      vertex 0.0806444883 0.0303805955 0.0922436565
    endloop
  endfacet
  facet normal -0.382432193 -0.572029412 -0.725622535
    outer loop
      vertex 0.0806444883 0.0303805955 0.0922436565
      vertex 0.0806444809 0.0298602227 0.0926538855
      vertex 0.0801559314 0.029979175 0.0928175971
    endloop
  endfacet
  facet normal -0.382434487 -0.572027147 -0.725622952
    outer loop
      vertex 0.0806444883 0.0303805955 0.0922436565
      vertex 0.0801559314 0.029979175 0.0928175971
      vertex 0.0801559389 0.0305120256 0.0923975334
    endloop
  endfacet
  facet normal -0.923779845 -0.237057313 -0.300723433
    outer loop
      vertex 0.0801559389 0.0305120256 0.0923975334
      vertex 0.0801559314 0.029979175 0.0928175971
      vertex 0.0799535736 0.030266339 0.0932128429
    endloop
  endfacet
  facet normal -0.923778594 -0.237060905 -0.300724268
    outer loop
      vertex 0.0801559389 0.0305120256 0.0923975334
      vertex 0.0799535736 0.030266339 0.0932128429
      vertex 0.0799535811 0.0308293141 0.0927690268
    endloop
  endfacet
  facet normal -0.923773587 0.237083539 0.300721943
    outer loop
      vertex 0.0799535811 0.0308293141 0.0927690268
      vertex 0.0799535736 0.030266339 0.0932128429
      vertex 0.0801559389 0.0305534974 0.0936080888
    endloop
  endfacet
  facet normal -0.9237746 0.237080649 0.300721258
    outer loop
      vertex 0.0799535811 0.0308293141 0.0927690268
      vertex 0.0801559389 0.0305534974 0.0936080888
      vertex 0.0801559463 0.0311465971 0.0931405276
    endloop
  endfacet
  facet normal -0.382420868 0.572037756 0.725621819
    outer loop
      vertex 0.0801559463 0.0311465971 0.0931405276
      vertex 0.0801559389 0.0305534974 0.0936080888
      vertex 0.0806444883 0.0306724384 0.0937718004
    endloop
  endfacet
  facet normal -0.382425278 0.572034001 0.725622416
    outer loop
      vertex 0.0801559463 0.0311465971 0.0931405276
      vertex 0.0806444883 0.0306724384 0.0937718004
      vertex 0.0806444958 0.0312780179 0.0932944044
    endloop
  endfacet
  facet normal 0.382432699 0.51333487 0.768265903
    outer loop
      vertex 0.0806444883 0.0306724384 0.0937718004
      vertex 0.0806444809 0.0300312694 0.0942002162
      vertex 0.0811330304 0.0299255289 0.0940276757
    endloop
  endfacet
  facet normal 0.38243106 0.513334215 0.768267155
    outer loop
      vertex 0.0806444883 0.0306724384 0.0937718004
      vertex 0.0811330304 0.0299255289 0.0940276757
      vertex 0.0811330378 0.0305534862 0.0936080888
    endloop
  endfacet
  facet normal 0.923779011 0.212734446 0.318396568
    outer loop
      vertex 0.0811330378 0.0305534862 0.0936080888
      vertex 0.0811330304 0.0299255289 0.0940276757
      vertex 0.0813353881 0.0296702608 0.0936111212
    endloop
  endfacet
  facet normal 0.923779547 0.212734595 0.318394899
    outer loop
      vertex 0.0811330378 0.0305534862 0.0936080888
      vertex 0.0813353881 0.0296702608 0.0936111212
      vertex 0.0813353956 0.0302663222 0.0932128429
    endloop
  endfacet
  facet normal 0.923772812 -0.212759525 -0.318397641
    outer loop
      vertex 0.0813353956 0.0302663222 0.0932128429
      vertex 0.0813353881 0.0296702608 0.0936111212
      vertex 0.0811330229 0.0294149984 0.0931945667
    endloop
  endfacet
  facet normal 0.923774004 -0.212759897 -0.318394095
    outer loop
      vertex 0.0813353956 0.0302663222 0.0932128429
      vertex 0.0811330229 0.0294149984 0.0931945667
      vertex 0.0811330304 0.0299791638 0.0928175971
    endloop
  endfacet
  facet normal 0.382432461 -0.513347149 -0.768257856
    outer loop
      vertex 0.0811330304 0.0299791638 0.0928175971
      vertex 0.0811330229 0.0294149984 0.0931945667
      vertex 0.0806444734 0.029309269 0.0930220187
    endloop
  endfacet
  facet normal 0.382421136 -0.513341665 -0.768267095
    outer loop
      vertex 0.0811330304 0.0299791638 0.0928175971
      vertex 0.0806444734 0.029309269 0.0930220187
      vertex 0.0806444809 0.0298602227 0.0926538855
    endloop
  endfacet
  facet normal -0.382449478 -0.513328016 -0.768262088
    outer loop
      vertex 0.0806444809 0.0298602227 0.0926538855
      vertex 0.0806444734 0.029309269 0.0930220187
      vertex 0.0801559314 0.0294150114 0.0931945667
    endloop
  endfacet
  facet normal -0.382431269 -0.513345122 -0.768259823
    outer loop
      vertex 0.0806444809 0.0298602227 0.0926538855
      vertex 0.0801559314 0.0294150114 0.0931945667
      vertex 0.0801559314 0.029979175 0.0928175971
    endloop
  endfacet
  facet normal -0.923773527 -0.212752566 -0.318400353
    outer loop
      vertex 0.0801559314 0.029979175 0.0928175971
      vertex 0.0801559314 0.0294150114 0.0931945667
      vertex 0.0799535662 0.0296702776 0.0936111212
    endloop
  endfacet
  facet normal -0.923779547 -0.21273458 -0.31839487
    outer loop
      vertex 0.0801559314 0.029979175 0.0928175971
      vertex 0.0799535662 0.0296702776 0.0936111212
      vertex 0.0799535736 0.030266339 0.0932128429
    endloop
  endfacet
  facet normal -0.92377311 0.212759137 0.318397075
    outer loop
      vertex 0.0799535736 0.030266339 0.0932128429
      vertex 0.0799535662 0.0296702776 0.0936111212
      vertex 0.0801559314 0.029925542 0.0940276757
    endloop
  endfacet
  facet normal -0.923774004 0.212756798 0.3183963
    outer loop
      vertex 0.0799535736 0.030266339 0.0932128429
      vertex 0.0801559314 0.029925542 0.0940276757
      vertex 0.0801559389 0.0305534974 0.0936080888
    endloop
  endfacet
  facet normal -0.382420897 0.513343871 0.768265784
    outer loop
      vertex 0.0801559389 0.0305534974 0.0936080888
      vertex 0.0801559314 0.029925542 0.0940276757
      vertex 0.0806444809 0.0300312694 0.0942002162
    endloop
  endfacet
  facet normal -0.382421196 0.513343692 0.768265724
    outer loop
      vertex 0.0801559389 0.0305534974 0.0936080888
      vertex 0.0806444809 0.0300312694 0.0942002162
      vertex 0.0806444883 0.0306724384 0.0937718004
    endloop
  endfacet
  facet normal 0.38244167 0.451476902 0.806168139
    outer loop
      vertex 0.0806444809 0.0300312694 0.0942002162
      vertex 0.0806444734 0.0293584689 0.094577007
      vertex 0.0811330229 0.0292665921 0.0943966955
    endloop
  endfacet
  facet normal 0.382431805 0.451472431 0.806175292
    outer loop
      vertex 0.0806444809 0.0300312694 0.0942002162
      vertex 0.0811330229 0.0292665921 0.0943966955
      vertex 0.0811330304 0.0299255289 0.0940276757
    endloop
  endfacet
  facet normal 0.923779368 0.187096447 0.3341057
    outer loop
      vertex 0.0811330304 0.0299255289 0.0940276757
      vertex 0.0811330229 0.0292665921 0.0943966955
      vertex 0.0813353807 0.0290447939 0.0939613953
    endloop
  endfacet
  facet normal 0.923778653 0.187096149 0.334107846
    outer loop
      vertex 0.0811330304 0.0299255289 0.0940276757
      vertex 0.0813353807 0.0290447939 0.0939613953
      vertex 0.0813353881 0.0296702608 0.0936111212
    endloop
  endfacet
  facet normal 0.923773646 -0.187118858 -0.334109098
    outer loop
      vertex 0.0813353881 0.0296702608 0.0936111212
      vertex 0.0813353807 0.0290447939 0.0939613953
      vertex 0.0811330155 0.0288229994 0.0935260952
    endloop
  endfacet
  facet normal 0.92377317 -0.187118605 -0.334110439
    outer loop
      vertex 0.0813353881 0.0296702608 0.0936111212
      vertex 0.0811330155 0.0288229994 0.0935260952
      vertex 0.0811330229 0.0294149984 0.0931945667
    endloop
  endfacet
  facet normal 0.382422328 -0.451476544 -0.806177437
    outer loop
      vertex 0.0811330229 0.0294149984 0.0931945667
      vertex 0.0811330155 0.0288229994 0.0935260952
      vertex 0.080644466 0.0287311338 0.0933457911
    endloop
  endfacet
  facet normal 0.382433623 -0.451482654 -0.806168616
    outer loop
      vertex 0.0811330229 0.0294149984 0.0931945667
      vertex 0.080644466 0.0287311338 0.0933457911
      vertex 0.0806444734 0.029309269 0.0930220187
    endloop
  endfacet
  facet normal -0.382437617 -0.451474309 -0.806171417
    outer loop
      vertex 0.0806444734 0.029309269 0.0930220187
      vertex 0.080644466 0.0287311338 0.0933457911
      vertex 0.080155924 0.0288230125 0.0935260952
    endloop
  endfacet
  facet normal -0.382448643 -0.451463938 -0.806172013
    outer loop
      vertex 0.0806444734 0.029309269 0.0930220187
      vertex 0.080155924 0.0288230125 0.0935260952
      vertex 0.0801559314 0.0294150114 0.0931945667
    endloop
  endfacet
  facet normal -0.923774362 -0.187099397 -0.334117681
    outer loop
      vertex 0.0801559314 0.0294150114 0.0931945667
      vertex 0.080155924 0.0288230125 0.0935260952
      vertex 0.0799535587 0.0290448107 0.0939613953
    endloop
  endfacet
  facet normal -0.923773408 -0.187102303 -0.334118843
    outer loop
      vertex 0.0801559314 0.0294150114 0.0931945667
      vertex 0.0799535587 0.0290448107 0.0939613953
      vertex 0.0799535662 0.0296702776 0.0936111212
    endloop
  endfacet
  facet normal -0.923773408 0.187119156 0.334109634
    outer loop
      vertex 0.0799535662 0.0296702776 0.0936111212
      vertex 0.0799535587 0.0290448107 0.0939613953
      vertex 0.080155924 0.0292666033 0.0943966955
    endloop
  endfacet
  facet normal -0.923773468 0.187118962 0.334109515
    outer loop
      vertex 0.0799535662 0.0296702776 0.0936111212
      vertex 0.080155924 0.0292666033 0.0943966955
      vertex 0.0801559314 0.029925542 0.0940276757
    endloop
  endfacet
  facet normal -0.382432759 0.451477826 0.806171775
    outer loop
      vertex 0.0801559314 0.029925542 0.0940276757
      vertex 0.080155924 0.0292666033 0.0943966955
      vertex 0.0806444734 0.0293584689 0.094577007
    endloop
  endfacet
  facet normal -0.382421702 0.451487362 0.806171715
    outer loop
      vertex 0.0801559314 0.029925542 0.0940276757
      vertex 0.0806444734 0.0293584689 0.094577007
      vertex 0.0806444809 0.0300312694 0.0942002162
    endloop
  endfacet
  facet normal 0.382432073 0.386825591 0.839113712
    outer loop
      vertex 0.0806444734 0.0293584689 0.094577007
      vertex 0.080644466 0.0286581758 0.0948998407
      vertex 0.0811330155 0.0285807289 0.0947128832
    endloop
  endfacet
  facet normal 0.382441163 0.386830181 0.839107335
    outer loop
      vertex 0.0806444734 0.0293584689 0.094577007
      vertex 0.0811330155 0.0285807289 0.0947128832
      vertex 0.0811330229 0.0292665921 0.0943966955
    endloop
  endfacet
  facet normal 0.923778296 0.160308391 0.347757041
    outer loop
      vertex 0.0811330229 0.0292665921 0.0943966955
      vertex 0.0811330155 0.0285807289 0.0947128832
      vertex 0.0813353732 0.0283937678 0.0942615271
    endloop
  endfacet
  facet normal 0.92377907 0.160308912 0.347754598
    outer loop
      vertex 0.0811330229 0.0292665921 0.0943966955
      vertex 0.0813353732 0.0283937678 0.0942615271
      vertex 0.0813353807 0.0290447939 0.0939613953
    endloop
  endfacet
  facet normal 0.923774362 -0.160331041 -0.347756684
    outer loop
      vertex 0.0813353807 0.0290447939 0.0939613953
      vertex 0.0813353732 0.0283937678 0.0942615271
      vertex 0.081133008 0.0282068104 0.0938101634
    endloop
  endfacet
  facet normal 0.923773944 -0.160330653 -0.347758323
    outer loop
      vertex 0.0813353807 0.0290447939 0.0939613953
      vertex 0.081133008 0.0282068104 0.0938101634
      vertex 0.0811330155 0.0288229994 0.0935260952
    endloop
  endfacet
  facet normal 0.382422984 -0.386841506 -0.839110434
    outer loop
      vertex 0.0811330155 0.0288229994 0.0935260952
      vertex 0.081133008 0.0282068104 0.0938101634
      vertex 0.0806444585 0.0281293765 0.093623206
    endloop
  endfacet
  facet normal 0.382422835 -0.386841357 -0.839110553
    outer loop
      vertex 0.0811330155 0.0288229994 0.0935260952
      vertex 0.0806444585 0.0281293765 0.093623206
      vertex 0.080644466 0.0287311338 0.0933457911
    endloop
  endfacet
  facet normal -0.382436961 -0.386831135 -0.839108884
    outer loop
      vertex 0.080644466 0.0287311338 0.0933457911
      vertex 0.0806444585 0.0281293765 0.093623206
      vertex 0.0801559165 0.0282068234 0.0938101634
    endloop
  endfacet
  facet normal -0.382436514 -0.386831522 -0.839108884
    outer loop
      vertex 0.080644466 0.0287311338 0.0933457911
      vertex 0.0801559165 0.0282068234 0.0938101634
      vertex 0.080155924 0.0288230125 0.0935260952
    endloop
  endfacet
  facet normal -0.923775136 -0.160310939 -0.347764075
    outer loop
      vertex 0.080155924 0.0288230125 0.0935260952
      vertex 0.0801559165 0.0282068234 0.0938101634
      vertex 0.0799535513 0.0283937845 0.0942615271
    endloop
  endfacet
  facet normal -0.923774064 -0.160313949 -0.347765505
    outer loop
      vertex 0.080155924 0.0288230125 0.0935260952
      vertex 0.0799535513 0.0283937845 0.0942615271
      vertex 0.0799535587 0.0290448107 0.0939613953
    endloop
  endfacet
  facet normal -0.923772573 0.160332948 0.347760797
    outer loop
      vertex 0.0799535587 0.0290448107 0.0939613953
      vertex 0.0799535513 0.0283937845 0.0942615271
      vertex 0.0801559165 0.028580742 0.0947128832
    endloop
  endfacet
  facet normal -0.923773706 0.160329923 0.347759277
    outer loop
      vertex 0.0799535587 0.0290448107 0.0939613953
      vertex 0.0801559165 0.028580742 0.0947128832
      vertex 0.080155924 0.0292666033 0.0943966955
    endloop
  endfacet
  facet normal -0.382423013 0.386841059 0.839110553
    outer loop
      vertex 0.080155924 0.0292666033 0.0943966955
      vertex 0.0801559165 0.028580742 0.0947128832
      vertex 0.080644466 0.0286581758 0.0948998407
    endloop
  endfacet
  facet normal -0.382433653 0.386831999 0.839109957
    outer loop
      vertex 0.080155924 0.0292666033 0.0943966955
      vertex 0.080644466 0.0286581758 0.0948998407
      vertex 0.0806444734 0.0293584689 0.094577007
    endloop
  endfacet
  facet normal 0.382429808 0.319806218 0.866874516
    outer loop
      vertex 0.080644466 0.0286581758 0.0948998407
      vertex 0.0806444585 0.0279347133 0.0951667428
      vertex 0.081133008 0.0278721731 0.0949742869
    endloop
  endfacet
  facet normal 0.38243112 0.319806963 0.866873682
    outer loop
      vertex 0.080644466 0.0286581758 0.0948998407
      vertex 0.081133008 0.0278721731 0.0949742869
      vertex 0.0811330155 0.0285807289 0.0947128832
    endloop
  endfacet
  facet normal 0.923780143 0.132529318 0.359257847
    outer loop
      vertex 0.0811330155 0.0285807289 0.0947128832
      vertex 0.081133008 0.0278721731 0.0949742869
      vertex 0.0813353658 0.0277212001 0.0945096463
    endloop
  endfacet
  facet normal 0.923777938 0.132527217 0.359264404
    outer loop
      vertex 0.0811330155 0.0285807289 0.0947128832
      vertex 0.0813353658 0.0277212001 0.0945096463
      vertex 0.0813353732 0.0283937678 0.0942615271
    endloop
  endfacet
  facet normal 0.923772514 -0.132549763 -0.359270006
    outer loop
      vertex 0.0813353732 0.0283937678 0.0942615271
      vertex 0.0813353658 0.0277212001 0.0945096463
      vertex 0.0811330006 0.0275702327 0.0940450132
    endloop
  endfacet
  facet normal 0.923774898 -0.132552162 -0.359263122
    outer loop
      vertex 0.0813353732 0.0283937678 0.0942615271
      vertex 0.0811330006 0.0275702327 0.0940450132
      vertex 0.081133008 0.0282068104 0.0938101634
    endloop
  endfacet
  facet normal 0.382433683 -0.319814861 -0.866869628
    outer loop
      vertex 0.081133008 0.0282068104 0.0938101634
      vertex 0.0811330006 0.0275702327 0.0940450132
      vertex 0.0806444511 0.0275077056 0.0938525498
    endloop
  endfacet
  facet normal 0.382423848 -0.319808364 -0.866876423
    outer loop
      vertex 0.081133008 0.0282068104 0.0938101634
      vertex 0.0806444511 0.0275077056 0.0938525498
      vertex 0.0806444585 0.0281293765 0.093623206
    endloop
  endfacet
  facet normal -0.382446229 -0.319797099 -0.866870642
    outer loop
      vertex 0.0806444585 0.0281293765 0.093623206
      vertex 0.0806444511 0.0275077056 0.0938525498
      vertex 0.0801559091 0.0275702458 0.0940450132
    endloop
  endfacet
  facet normal -0.382436097 -0.319806606 -0.866871536
    outer loop
      vertex 0.0806444585 0.0281293765 0.093623206
      vertex 0.0801559091 0.0275702458 0.0940450132
      vertex 0.0801559165 0.0282068234 0.0938101634
    endloop
  endfacet
  facet normal -0.92377311 -0.132534578 -0.359274089
    outer loop
      vertex 0.0801559165 0.0282068234 0.0938101634
      vertex 0.0801559091 0.0275702458 0.0940450132
      vertex 0.0799535438 0.0277212169 0.0945096463
    endloop
  endfacet
  facet normal -0.923774898 -0.13252975 -0.359271258
    outer loop
      vertex 0.0801559165 0.0282068234 0.0938101634
      vertex 0.0799535438 0.0277212169 0.0945096463
      vertex 0.0799535513 0.0283937845 0.0942615271
    endloop
  endfacet
  facet normal -0.923774421 0.132548124 0.359265536
    outer loop
      vertex 0.0799535513 0.0283937845 0.0942615271
      vertex 0.0799535438 0.0277212169 0.0945096463
      vertex 0.0801559091 0.0278721843 0.0949742869
    endloop
  endfacet
  facet normal -0.923772871 0.132552177 0.359268099
    outer loop
      vertex 0.0799535513 0.0283937845 0.0942615271
      vertex 0.0801559091 0.0278721843 0.0949742869
      vertex 0.0801559165 0.028580742 0.0947128832
    endloop
  endfacet
  facet normal -0.38242349 0.319814414 0.866874337
    outer loop
      vertex 0.0801559165 0.028580742 0.0947128832
      vertex 0.0801559091 0.0278721843 0.0949742869
      vertex 0.0806444585 0.0279347133 0.0951667428
    endloop
  endfacet
  facet normal -0.382423937 0.319813967 0.866874218
    outer loop
      vertex 0.0801559165 0.028580742 0.0947128832
      vertex 0.0806444585 0.0279347133 0.0951667428
      vertex 0.080644466 0.0286581758 0.0948998407
    endloop
  endfacet
  facet normal 0.382435501 0.250804454 0.889292002
    outer loop
      vertex 0.0806444585 0.0279347133 0.0951667428
      vertex 0.0806444511 0.0271925386 0.0953760594
      vertex 0.0811329931 0.0271452907 0.0951792896
    endloop
  endfacet
  facet normal 0.382428795 0.250800401 0.889295936
    outer loop
      vertex 0.0806444585 0.0279347133 0.0951667428
      vertex 0.0811329931 0.0271452907 0.0951792896
      vertex 0.081133008 0.0278721731 0.0949742869
    endloop
  endfacet
  facet normal 0.923774064 0.103927605 0.368565381
    outer loop
      vertex 0.081133008 0.0278721731 0.0949742869
      vertex 0.0811329931 0.0271452907 0.0951792896
      vertex 0.0813353583 0.0270312391 0.0947042406
    endloop
  endfacet
  facet normal 0.923779905 0.10393431 0.36854893
    outer loop
      vertex 0.081133008 0.0278721731 0.0949742869
      vertex 0.0813353583 0.0270312391 0.0947042406
      vertex 0.0813353658 0.0277212001 0.0945096463
    endloop
  endfacet
  facet normal 0.923773229 -0.103957154 -0.368559182
    outer loop
      vertex 0.0813353658 0.0277212001 0.0945096463
      vertex 0.0813353583 0.0270312391 0.0947042406
      vertex 0.0811329931 0.0269171931 0.0942291915
    endloop
  endfacet
  facet normal 0.923772752 -0.10395655 -0.368560523
    outer loop
      vertex 0.0813353658 0.0277212001 0.0945096463
      vertex 0.0811329931 0.0269171931 0.0942291915
      vertex 0.0811330006 0.0275702327 0.0940450132
    endloop
  endfacet
  facet normal 0.382436246 -0.250812769 -0.88928926
    outer loop
      vertex 0.0811330006 0.0275702327 0.0940450132
      vertex 0.0811329931 0.0269171931 0.0942291915
      vertex 0.0806444436 0.0268699583 0.0940324143
    endloop
  endfacet
  facet normal 0.382434875 -0.250811785 -0.889290214
    outer loop
      vertex 0.0811330006 0.0275702327 0.0940450132
      vertex 0.0806444436 0.0268699583 0.0940324143
      vertex 0.0806444511 0.0275077056 0.0938525498
    endloop
  endfacet
  facet normal -0.382446259 -0.250802249 -0.889288008
    outer loop
      vertex 0.0806444511 0.0275077056 0.0938525498
      vertex 0.0806444436 0.0268699583 0.0940324143
      vertex 0.0801559016 0.0269172043 0.0942291915
    endloop
  endfacet
  facet normal -0.382445455 -0.250802994 -0.889288127
    outer loop
      vertex 0.0806444511 0.0275077056 0.0938525498
      vertex 0.0801559016 0.0269172043 0.0942291915
      vertex 0.0801559091 0.0275702458 0.0940450132
    endloop
  endfacet
  facet normal -0.923774004 -0.103935979 -0.368563324
    outer loop
      vertex 0.0801559091 0.0275702458 0.0940450132
      vertex 0.0801559016 0.0269172043 0.0942291915
      vertex 0.0799535364 0.0270312559 0.0947042406
    endloop
  endfacet
  facet normal -0.923772812 -0.103938982 -0.36856541
    outer loop
      vertex 0.0801559091 0.0275702458 0.0940450132
      vertex 0.0799535364 0.0270312559 0.0947042406
      vertex 0.0799535438 0.0277212169 0.0945096463
    endloop
  endfacet
  facet normal -0.923773408 0.103957057 0.368558854
    outer loop
      vertex 0.0799535438 0.0277212169 0.0945096463
      vertex 0.0799535364 0.0270312559 0.0947042406
      vertex 0.0801559016 0.0271453038 0.0951792896
    endloop
  endfacet
  facet normal -0.923774719 0.103953741 0.36855638
    outer loop
      vertex 0.0799535438 0.0277212169 0.0945096463
      vertex 0.0801559016 0.0271453038 0.0951792896
      vertex 0.0801559091 0.0278721843 0.0949742869
    endloop
  endfacet
  facet normal -0.382424712 0.250812352 0.889294326
    outer loop
      vertex 0.0801559091 0.0278721843 0.0949742869
      vertex 0.0801559016 0.0271453038 0.0951792896
      vertex 0.0806444511 0.0271925386 0.0953760594
    endloop
  endfacet
  facet normal -0.382424057 0.250812858 0.889294505
    outer loop
      vertex 0.0801559091 0.0278721843 0.0949742869
      vertex 0.0806444511 0.0271925386 0.0953760594
      vertex 0.0806444585 0.0279347133 0.0951667428
    endloop
  endfacet
  facet normal 0.382433146 0.180251002 0.906230927
    outer loop
      vertex 0.0806444511 0.0271925386 0.0953760594
      vertex 0.0806444436 0.0264362283 0.0955264941
      vertex 0.0811329857 0.0264045671 0.0953266248
    endloop
  endfacet
  facet normal 0.382434368 0.180251807 0.906230211
    outer loop
      vertex 0.0806444511 0.0271925386 0.0953760594
      vertex 0.0811329857 0.0264045671 0.0953266248
      vertex 0.0811329931 0.0271452907 0.0951792896
    endloop
  endfacet
  facet normal 0.92377305 0.0746971592 0.375584513
    outer loop
      vertex 0.0811329931 0.0271452907 0.0951792896
      vertex 0.0811329857 0.0264045671 0.0953266248
      vertex 0.0813353509 0.026328139 0.0948440954
    endloop
  endfacet
  facet normal 0.923773646 0.074698016 0.375582725
    outer loop
      vertex 0.0811329931 0.0271452907 0.0951792896
      vertex 0.0813353509 0.026328139 0.0948440954
      vertex 0.0813353583 0.0270312391 0.0947042406
    endloop
  endfacet
  facet normal 0.92377454 -0.0747164264 -0.375576854
    outer loop
      vertex 0.0813353583 0.0270312391 0.0947042406
      vertex 0.0813353509 0.026328139 0.0948440954
      vertex 0.0811329857 0.0262517147 0.0943615586
    endloop
  endfacet
  facet normal 0.923773646 -0.0747150108 -0.375579536
    outer loop
      vertex 0.0813353583 0.0270312391 0.0947042406
      vertex 0.0811329857 0.0262517147 0.0943615586
      vertex 0.0811329931 0.0269171931 0.0942291915
    endloop
  endfacet
  facet normal 0.382424623 -0.180258602 -0.906233072
    outer loop
      vertex 0.0811329931 0.0269171931 0.0942291915
      vertex 0.0811329857 0.0262517147 0.0943615586
      vertex 0.0806444362 0.0262200646 0.0941616893
    endloop
  endfacet
  facet normal 0.382437319 -0.180268243 -0.906225681
    outer loop
      vertex 0.0811329931 0.0269171931 0.0942291915
      vertex 0.0806444362 0.0262200646 0.0941616893
      vertex 0.0806444436 0.0268699583 0.0940324143
    endloop
  endfacet
  facet normal -0.38242808 -0.180260569 -0.906231105
    outer loop
      vertex 0.0806444436 0.0268699583 0.0940324143
      vertex 0.0806444362 0.0262200646 0.0941616893
      vertex 0.0801558867 0.0262517259 0.0943615586
    endloop
  endfacet
  facet normal -0.382445544 -0.180244565 -0.906226933
    outer loop
      vertex 0.0806444436 0.0268699583 0.0940324143
      vertex 0.0801558867 0.0262517259 0.0943615586
      vertex 0.0801559016 0.0269172043 0.0942291915
    endloop
  endfacet
  facet normal -0.923780322 -0.0746820047 -0.375569552
    outer loop
      vertex 0.0801559016 0.0269172043 0.0942291915
      vertex 0.0801558867 0.0262517259 0.0943615586
      vertex 0.0799535289 0.0263281558 0.0948440954
    endloop
  endfacet
  facet normal -0.923773646 -0.0746980384 -0.375582784
    outer loop
      vertex 0.0801559016 0.0269172043 0.0942291915
      vertex 0.0799535289 0.0263281558 0.0948440954
      vertex 0.0799535364 0.0270312559 0.0947042406
    endloop
  endfacet
  facet normal -0.923772395 0.0747174323 0.37558195
    outer loop
      vertex 0.0799535364 0.0270312559 0.0947042406
      vertex 0.0799535289 0.0263281558 0.0948440954
      vertex 0.0801558942 0.0264045782 0.0953266248
    endloop
  endfacet
  facet normal -0.923773646 0.0747145414 0.375579417
    outer loop
      vertex 0.0799535364 0.0270312559 0.0947042406
      vertex 0.0801558942 0.0264045782 0.0953266248
      vertex 0.0801559016 0.0271453038 0.0951792896
    endloop
  endfacet
  facet normal -0.382424563 0.18025957 0.906232834
    outer loop
      vertex 0.0801559016 0.0271453038 0.0951792896
      vertex 0.0801558942 0.0264045782 0.0953266248
      vertex 0.0806444436 0.0264362283 0.0955264941
    endloop
  endfacet
  facet normal -0.382425398 0.1802589 0.906232655
    outer loop
      vertex 0.0801559016 0.0271453038 0.0951792896
      vertex 0.0806444436 0.0264362283 0.0955264941
      vertex 0.0806444511 0.0271925386 0.0953760594
    endloop
  endfacet
  facet normal 0.382431716 0.108595647 0.917580009
    outer loop
      vertex 0.0806444436 0.0264362283 0.0955264941
      vertex 0.0806444287 0.0256704483 0.0956171304
      vertex 0.0811329782 0.0256545655 0.095415391
    endloop
  endfacet
  facet normal 0.382432342 0.108596087 0.917579651
    outer loop
      vertex 0.0806444436 0.0264362283 0.0955264941
      vertex 0.0811329782 0.0256545655 0.095415391
      vertex 0.0811329857 0.0264045671 0.0953266248
    endloop
  endfacet
  facet normal 0.923772633 0.044999741 0.380288273
    outer loop
      vertex 0.0811329857 0.0264045671 0.0953266248
      vertex 0.0811329782 0.0256545655 0.095415391
      vertex 0.0813353434 0.0256162323 0.094928354
    endloop
  endfacet
  facet normal 0.923772693 0.0449998192 0.380288124
    outer loop
      vertex 0.0811329857 0.0264045671 0.0953266248
      vertex 0.0813353434 0.0256162323 0.094928354
      vertex 0.0813353509 0.026328139 0.0948440954
    endloop
  endfacet
  facet normal 0.923774302 -0.0450184271 -0.380282015
    outer loop
      vertex 0.0813353509 0.026328139 0.0948440954
      vertex 0.0813353434 0.0256162323 0.094928354
      vertex 0.0811329782 0.0255779028 0.0944413096
    endloop
  endfacet
  facet normal 0.923774898 -0.0450194329 -0.380280465
    outer loop
      vertex 0.0813353509 0.026328139 0.0948440954
      vertex 0.0811329782 0.0255779028 0.0944413096
      vertex 0.0811329857 0.0262517147 0.0943615586
    endloop
  endfacet
  facet normal 0.382429391 -0.108607084 -0.917579532
    outer loop
      vertex 0.0811329857 0.0262517147 0.0943615586
      vertex 0.0811329782 0.0255779028 0.0944413096
      vertex 0.0806444287 0.0255620312 0.0942395702
    endloop
  endfacet
  facet normal 0.382425368 -0.108603828 -0.917581677
    outer loop
      vertex 0.0811329857 0.0262517147 0.0943615586
      vertex 0.0806444287 0.0255620312 0.0942395702
      vertex 0.0806444362 0.0262200646 0.0941616893
    endloop
  endfacet
  facet normal -0.382431686 -0.108594984 -0.917580009
    outer loop
      vertex 0.0806444362 0.0262200646 0.0941616893
      vertex 0.0806444287 0.0255620312 0.0942395702
      vertex 0.0801558793 0.025577914 0.0944413096
    endloop
  endfacet
  facet normal -0.382427394 -0.108598873 -0.917581379
    outer loop
      vertex 0.0806444362 0.0262200646 0.0941616893
      vertex 0.0801558793 0.025577914 0.0944413096
      vertex 0.0801558867 0.0262517259 0.0943615586
    endloop
  endfacet
  facet normal -0.923779726 -0.0449979417 -0.380271435
    outer loop
      vertex 0.0801558867 0.0262517259 0.0943615586
      vertex 0.0801558793 0.025577914 0.0944413096
      vertex 0.0799535215 0.0256162472 0.094928354
    endloop
  endfacet
  facet normal -0.923779786 -0.0449976996 -0.380271137
    outer loop
      vertex 0.0801558867 0.0262517259 0.0943615586
      vertex 0.0799535215 0.0256162472 0.094928354
      vertex 0.0799535289 0.0263281558 0.0948440954
    endloop
  endfacet
  facet normal -0.923772275 0.0450188927 0.380286932
    outer loop
      vertex 0.0799535289 0.0263281558 0.0948440954
      vertex 0.0799535215 0.0256162472 0.094928354
      vertex 0.0801558867 0.0256545767 0.095415391
    endloop
  endfacet
  facet normal -0.923772693 0.0450178012 0.380285829
    outer loop
      vertex 0.0799535289 0.0263281558 0.0948440954
      vertex 0.0801558867 0.0256545767 0.095415391
      vertex 0.0801558942 0.0264045782 0.0953266248
    endloop
  endfacet
  facet normal -0.382434458 0.10860347 0.917577922
    outer loop
      vertex 0.0801558942 0.0264045782 0.0953266248
      vertex 0.0801558867 0.0256545767 0.095415391
      vertex 0.0806444287 0.0256704483 0.0956171304
    endloop
  endfacet
  facet normal -0.382425427 0.108610608 0.917580783
    outer loop
      vertex 0.0801558942 0.0264045782 0.0953266248
      vertex 0.0806444287 0.0256704483 0.0956171304
      vertex 0.0806444436 0.0264362283 0.0955264941
    endloop
  endfacet
  facet normal 0.38243416 0.0362775512 0.923270345
    outer loop
      vertex 0.0806444287 0.0256704483 0.0956171304
      vertex 0.0806444213 0.0248999167 0.0956474096
      vertex 0.0811329708 0.0248999111 0.0954450443
    endloop
  endfacet
  facet normal 0.382430881 0.0362751707 0.923271716
    outer loop
      vertex 0.0806444287 0.0256704483 0.0956171304
      vertex 0.0811329708 0.0248999111 0.0954450443
      vertex 0.0811329782 0.0256545655 0.095415391
    endloop
  endfacet
  facet normal 0.923774362 0.0150263896 0.382642418
    outer loop
      vertex 0.0811329782 0.0256545655 0.095415391
      vertex 0.0811329708 0.0248999111 0.0954450443
      vertex 0.081335336 0.0248999074 0.0949564949
    endloop
  endfacet
  facet normal 0.923772216 0.015022709 0.382647485
    outer loop
      vertex 0.0811329782 0.0256545655 0.095415391
      vertex 0.081335336 0.0248999074 0.0949564949
      vertex 0.0813353434 0.0256162323 0.094928354
    endloop
  endfacet
  facet normal 0.923771977 -0.015041925 -0.382647514
    outer loop
      vertex 0.0813353434 0.0256162323 0.094928354
      vertex 0.081335336 0.0248999074 0.0949564949
      vertex 0.0811329708 0.0248999111 0.0944679528
    endloop
  endfacet
  facet normal 0.9237746 -0.0150469206 -0.382640868
    outer loop
      vertex 0.0813353434 0.0256162323 0.094928354
      vertex 0.0811329708 0.0248999111 0.0944679528
      vertex 0.0811329782 0.0255779028 0.0944413096
    endloop
  endfacet
  facet normal 0.382433325 -0.0362862833 -0.923270285
    outer loop
      vertex 0.0811329782 0.0255779028 0.0944413096
      vertex 0.0811329708 0.0248999111 0.0944679528
      vertex 0.0806444213 0.0248999167 0.0942655876
    endloop
  endfacet
  facet normal 0.382430285 -0.0362837687 -0.923271656
    outer loop
      vertex 0.0811329782 0.0255779028 0.0944413096
      vertex 0.0806444213 0.0248999167 0.0942655876
      vertex 0.0806444287 0.0255620312 0.0942395702
    endloop
  endfacet
  facet normal -0.382434219 -0.0362751037 -0.923270404
    outer loop
      vertex 0.0806444287 0.0255620312 0.0942395702
      vertex 0.0806444213 0.0248999167 0.0942655876
      vertex 0.0801558718 0.0248999223 0.0944679528
    endloop
  endfacet
  facet normal -0.382430941 -0.0362779237 -0.923271596
    outer loop
      vertex 0.0806444287 0.0255620312 0.0942395702
      vertex 0.0801558718 0.0248999223 0.0944679528
      vertex 0.0801558793 0.025577914 0.0944413096
    endloop
  endfacet
  facet normal -0.923777223 -0.0150264073 -0.382635444
    outer loop
      vertex 0.0801558793 0.025577914 0.0944413096
      vertex 0.0801558718 0.0248999223 0.0944679528
      vertex 0.079953514 0.0248999242 0.0949564949
    endloop
  endfacet
  facet normal -0.923779309 -0.015022072 -0.382630527
    outer loop
      vertex 0.0801558793 0.025577914 0.0944413096
      vertex 0.079953514 0.0248999242 0.0949564949
      vertex 0.0799535215 0.0256162472 0.094928354
    endloop
  endfacet
  facet normal -0.923779011 0.0150412945 0.382630438
    outer loop
      vertex 0.0799535215 0.0256162472 0.094928354
      vertex 0.079953514 0.0248999242 0.0949564949
      vertex 0.0801558718 0.0248999223 0.0954450443
    endloop
  endfacet
  facet normal -0.923772633 0.0150538711 0.382645339
    outer loop
      vertex 0.0799535215 0.0256162472 0.094928354
      vertex 0.0801558718 0.0248999223 0.0954450443
      vertex 0.0801558867 0.0256545767 0.095415391
    endloop
  endfacet
  facet normal -0.382433325 0.0362864397 0.923270345
    outer loop
      vertex 0.0801558867 0.0256545767 0.095415391
      vertex 0.0801558718 0.0248999223 0.0954450443
      vertex 0.0806444213 0.0248999167 0.0956474096
    endloop
  endfacet
  facet normal -0.382435322 0.0362849236 0.92326957
    outer loop
      vertex 0.0801558867 0.0256545767 0.095415391
      vertex 0.0806444213 0.0248999167 0.0956474096
      vertex 0.0806444287 0.0256704483 0.0956171304
    endloop
  endfacet
  facet normal 0.382430196 -0.0362760872 0.923272014
    outer loop
      vertex 0.0806444213 0.0248999167 0.0956474096
      vertex 0.0806444138 0.0241293851 0.0956171378
      vertex 0.0811329633 0.0241452567 0.0954153985
    endloop
  endfacet
  facet normal 0.382433504 -0.0362735577 0.923270702
    outer loop
      vertex 0.0806444213 0.0248999167 0.0956474096
      vertex 0.0811329633 0.0241452567 0.0954153985
      vertex 0.0811329708 0.0248999111 0.0954450443
    endloop
  endfacet
  facet normal 0.923779488 -0.0150403408 0.382629365
    outer loop
      vertex 0.0811329708 0.0248999111 0.0954450443
      vertex 0.0811329633 0.0241452567 0.0954153985
      vertex 0.0813353211 0.0241835844 0.094928354
    endloop
  endfacet
  facet normal 0.923773885 -0.0150513891 0.382642478
    outer loop
      vertex 0.0811329708 0.0248999111 0.0954450443
      vertex 0.0813353211 0.0241835844 0.094928354
      vertex 0.081335336 0.0248999074 0.0949564949
    endloop
  endfacet
  facet normal 0.92377913 0.0150124989 -0.382631212
    outer loop
      vertex 0.081335336 0.0248999074 0.0949564949
      vertex 0.0813353211 0.0241835844 0.094928354
      vertex 0.0811329633 0.0242219176 0.0944413096
    endloop
  endfacet
  facet normal 0.923772216 0.0150268301 -0.382647306
    outer loop
      vertex 0.081335336 0.0248999074 0.0949564949
      vertex 0.0811329633 0.0242219176 0.0944413096
      vertex 0.0811329708 0.0248999111 0.0944679528
    endloop
  endfacet
  facet normal 0.382430971 0.0362778306 -0.923271656
    outer loop
      vertex 0.0811329708 0.0248999111 0.0944679528
      vertex 0.0811329633 0.0242219176 0.0944413096
      vertex 0.0806444138 0.0242378004 0.0942395702
    endloop
  endfacet
  facet normal 0.382434189 0.0362750031 -0.923270404
    outer loop
      vertex 0.0811329708 0.0248999111 0.0944679528
      vertex 0.0806444138 0.0242378004 0.0942395702
      vertex 0.0806444213 0.0248999167 0.0942655876
    endloop
  endfacet
  facet normal -0.382430196 0.0362836607 -0.923271656
    outer loop
      vertex 0.0806444213 0.0248999167 0.0942655876
      vertex 0.0806444138 0.0242378004 0.0942395702
      vertex 0.0801558644 0.0242219307 0.0944413096
    endloop
  endfacet
  facet normal -0.382433325 0.0362862833 -0.923270285
    outer loop
      vertex 0.0806444213 0.0248999167 0.0942655876
      vertex 0.0801558644 0.0242219307 0.0944413096
      vertex 0.0801558718 0.0248999223 0.0944679528
    endloop
  endfacet
  facet normal -0.9237746 0.0150469225 -0.382640839
    outer loop
      vertex 0.0801558718 0.0248999223 0.0944679528
      vertex 0.0801558644 0.0242219307 0.0944413096
      vertex 0.0799534991 0.0241836011 0.094928354
    endloop
  endfacet
  facet normal -0.923776805 0.0150511013 -0.382635355
    outer loop
      vertex 0.0801558718 0.0248999223 0.0944679528
      vertex 0.0799534991 0.0241836011 0.094928354
      vertex 0.079953514 0.0248999242 0.0949564949
    endloop
  endfacet
  facet normal -0.923774183 -0.015012973 0.382643223
    outer loop
      vertex 0.079953514 0.0248999242 0.0949564949
      vertex 0.0799534991 0.0241836011 0.094928354
      vertex 0.0801558644 0.0241452679 0.0954153985
    endloop
  endfacet
  facet normal -0.923779368 -0.0150221288 0.382630408
    outer loop
      vertex 0.079953514 0.0248999242 0.0949564949
      vertex 0.0801558644 0.0241452679 0.0954153985
      vertex 0.0801558718 0.0248999223 0.0954450443
    endloop
  endfacet
  facet normal -0.382430732 -0.0362660661 0.923272133
    outer loop
      vertex 0.0801558718 0.0248999223 0.0954450443
      vertex 0.0801558644 0.0241452679 0.0954153985
      vertex 0.0806444138 0.0241293851 0.0956171378
    endloop
  endfacet
  facet normal -0.382434249 -0.036268644 0.923270583
    outer loop
      vertex 0.0801558718 0.0248999223 0.0954450443
      vertex 0.0806444138 0.0241293851 0.0956171378
      vertex 0.0806444213 0.0248999167 0.0956474096
    endloop
  endfacet
  facet normal 0.382442653 -0.108605854 0.917574108
    outer loop
      vertex 0.0806444138 0.0241293851 0.0956171378
      vertex 0.0806444064 0.0233636033 0.0955265015
      vertex 0.0811329484 0.0233952552 0.0953266248
    endloop
  endfacet
  facet normal 0.382429332 -0.108616456 0.917578459
    outer loop
      vertex 0.0806444138 0.0241293851 0.0956171378
      vertex 0.0811329484 0.0233952552 0.0953266248
      vertex 0.0811329633 0.0241452567 0.0954153985
    endloop
  endfacet
  facet normal 0.923772931 -0.0450305268 0.380283922
    outer loop
      vertex 0.0811329633 0.0241452567 0.0954153985
      vertex 0.0811329484 0.0233952552 0.0953266248
      vertex 0.0813353136 0.0234716777 0.0948440954
    endloop
  endfacet
  facet normal 0.92377919 -0.0450170226 0.380270183
    outer loop
      vertex 0.0811329633 0.0241452567 0.0954153985
      vertex 0.0813353136 0.0234716777 0.0948440954
      vertex 0.0813353211 0.0241835844 0.094928354
    endloop
  endfacet
  facet normal 0.923779726 0.0449978225 -0.380271286
    outer loop
      vertex 0.0813353211 0.0241835844 0.094928354
      vertex 0.0813353136 0.0234716777 0.0948440954
      vertex 0.0811329558 0.0235481057 0.0943615586
    endloop
  endfacet
  facet normal 0.923779726 0.0449979343 -0.380271345
    outer loop
      vertex 0.0813353211 0.0241835844 0.094928354
      vertex 0.0811329558 0.0235481057 0.0943615586
      vertex 0.0811329633 0.0242219176 0.0944413096
    endloop
  endfacet
  facet normal 0.382427722 0.108598828 -0.917581201
    outer loop
      vertex 0.0811329633 0.0242219176 0.0944413096
      vertex 0.0811329558 0.0235481057 0.0943615586
      vertex 0.0806444064 0.0235797688 0.0941616893
    endloop
  endfacet
  facet normal 0.382431716 0.108595297 -0.917580009
    outer loop
      vertex 0.0811329633 0.0242219176 0.0944413096
      vertex 0.0806444064 0.0235797688 0.0941616893
      vertex 0.0806444138 0.0242378004 0.0942395702
    endloop
  endfacet
  facet normal -0.382425696 0.108604118 -0.917581439
    outer loop
      vertex 0.0806444138 0.0242378004 0.0942395702
      vertex 0.0806444064 0.0235797688 0.0941616893
      vertex 0.0801558569 0.0235481169 0.0943615586
    endloop
  endfacet
  facet normal -0.382429123 0.108606815 -0.91757977
    outer loop
      vertex 0.0806444138 0.0242378004 0.0942395702
      vertex 0.0801558569 0.0235481169 0.0943615586
      vertex 0.0801558644 0.0242219307 0.0944413096
    endloop
  endfacet
  facet normal -0.923774838 0.0450193323 -0.380280644
    outer loop
      vertex 0.0801558644 0.0242219307 0.0944413096
      vertex 0.0801558569 0.0235481169 0.0943615586
      vertex 0.0799534917 0.0234716944 0.0948440954
    endloop
  endfacet
  facet normal -0.923774302 0.0450184159 -0.380282015
    outer loop
      vertex 0.0801558644 0.0242219307 0.0944413096
      vertex 0.0799534917 0.0234716944 0.0948440954
      vertex 0.0799534991 0.0241836011 0.094928354
    endloop
  endfacet
  facet normal -0.923772693 -0.0449998192 0.380288124
    outer loop
      vertex 0.0799534991 0.0241836011 0.094928354
      vertex 0.0799534917 0.0234716944 0.0948440954
      vertex 0.0801558569 0.0233952664 0.0953266248
    endloop
  endfacet
  facet normal -0.92377466 -0.0450029038 0.380283087
    outer loop
      vertex 0.0799534991 0.0241836011 0.094928354
      vertex 0.0801558569 0.0233952664 0.0953266248
      vertex 0.0801558644 0.0241452679 0.0954153985
    endloop
  endfacet
  facet normal -0.382439762 -0.108604699 0.917575479
    outer loop
      vertex 0.0801558644 0.0241452679 0.0954153985
      vertex 0.0801558569 0.0233952664 0.0953266248
      vertex 0.0806444064 0.0233636033 0.0955265015
    endloop
  endfacet
  facet normal -0.382431656 -0.108599052 0.917579591
    outer loop
      vertex 0.0801558644 0.0241452679 0.0954153985
      vertex 0.0806444064 0.0233636033 0.0955265015
      vertex 0.0806444138 0.0241293851 0.0956171378
    endloop
  endfacet
  facet normal 0.382425606 -0.180271521 0.906230032
    outer loop
      vertex 0.0806444064 0.0233636033 0.0955265015
      vertex 0.0806443915 0.0226072948 0.0953760594
      vertex 0.0811329409 0.0226545297 0.0951792896
    endloop
  endfacet
  facet normal 0.382441908 -0.180258155 0.906225741
    outer loop
      vertex 0.0806444064 0.0233636033 0.0955265015
      vertex 0.0811329409 0.0226545297 0.0951792896
      vertex 0.0811329484 0.0233952552 0.0953266248
    endloop
  endfacet
  facet normal 0.923773587 -0.0747145861 0.375579685
    outer loop
      vertex 0.0811329484 0.0233952552 0.0953266248
      vertex 0.0811329409 0.0226545297 0.0951792896
      vertex 0.0813353062 0.0227685757 0.0947042406
    endloop
  endfacet
  facet normal 0.923772454 -0.0747172609 0.37558195
    outer loop
      vertex 0.0811329484 0.0233952552 0.0953266248
      vertex 0.0813353062 0.0227685757 0.0947042406
      vertex 0.0813353136 0.0234716777 0.0948440954
    endloop
  endfacet
  facet normal 0.923778594 0.0746954829 -0.375570983
    outer loop
      vertex 0.0813353136 0.0234716777 0.0948440954
      vertex 0.0813353062 0.0227685757 0.0947042406
      vertex 0.0811329484 0.0228826273 0.0942291915
    endloop
  endfacet
  facet normal 0.923780024 0.0746920705 -0.375568211
    outer loop
      vertex 0.0813353136 0.0234716777 0.0948440954
      vertex 0.0811329484 0.0228826273 0.0942291915
      vertex 0.0811329558 0.0235481057 0.0943615586
    endloop
  endfacet
  facet normal 0.382441223 0.18024902 -0.906228006
    outer loop
      vertex 0.0811329558 0.0235481057 0.0943615586
      vertex 0.0811329484 0.0228826273 0.0942291915
      vertex 0.0806443989 0.0229298752 0.0940324143
    endloop
  endfacet
  facet normal 0.382428646 0.180260524 -0.906230867
    outer loop
      vertex 0.0811329558 0.0235481057 0.0943615586
      vertex 0.0806443989 0.0229298752 0.0940324143
      vertex 0.0806444064 0.0235797688 0.0941616893
    endloop
  endfacet
  facet normal -0.382437378 0.180268273 -0.906225681
    outer loop
      vertex 0.0806444064 0.0235797688 0.0941616893
      vertex 0.0806443989 0.0229298752 0.0940324143
      vertex 0.0801558495 0.0228826404 0.0942291915
    endloop
  endfacet
  facet normal -0.382425159 0.180259019 -0.906232655
    outer loop
      vertex 0.0806444064 0.0235797688 0.0941616893
      vertex 0.0801558495 0.0228826404 0.0942291915
      vertex 0.0801558569 0.0235481169 0.0943615586
    endloop
  endfacet
  facet normal -0.923773766 0.0747151673 -0.375579268
    outer loop
      vertex 0.0801558569 0.0235481169 0.0943615586
      vertex 0.0801558495 0.0228826404 0.0942291915
      vertex 0.0799534842 0.0227685925 0.0947042406
    endloop
  endfacet
  facet normal -0.923774421 0.0747162849 -0.375577152
    outer loop
      vertex 0.0801558569 0.0235481169 0.0943615586
      vertex 0.0799534842 0.0227685925 0.0947042406
      vertex 0.0799534917 0.0234716944 0.0948440954
    endloop
  endfacet
  facet normal -0.923773587 -0.0746978298 0.375582784
    outer loop
      vertex 0.0799534917 0.0234716944 0.0948440954
      vertex 0.0799534842 0.0227685925 0.0947042406
      vertex 0.0801558495 0.0226545408 0.0951792896
    endloop
  endfacet
  facet normal -0.923772991 -0.0746969655 0.375584543
    outer loop
      vertex 0.0799534917 0.0234716944 0.0948440954
      vertex 0.0801558495 0.0226545408 0.0951792896
      vertex 0.0801558569 0.0233952664 0.0953266248
    endloop
  endfacet
  facet normal -0.382433802 -0.180251434 0.906230569
    outer loop
      vertex 0.0801558569 0.0233952664 0.0953266248
      vertex 0.0801558495 0.0226545408 0.0951792896
      vertex 0.0806443915 0.0226072948 0.0953760594
    endloop
  endfacet
  facet normal -0.382440537 -0.18025583 0.906226873
    outer loop
      vertex 0.0801558569 0.0233952664 0.0953266248
      vertex 0.0806443915 0.0226072948 0.0953760594
      vertex 0.0806444064 0.0233636033 0.0955265015
    endloop
  endfacet
  facet normal 0.382423311 -0.250812978 0.889294863
    outer loop
      vertex 0.0806443915 0.0226072948 0.0953760594
      vertex 0.080644384 0.0218651202 0.0951667428
      vertex 0.0811329335 0.0219276473 0.0949742869
    endloop
  endfacet
  facet normal 0.382424712 -0.250811785 0.889294565
    outer loop
      vertex 0.0806443915 0.0226072948 0.0953760594
      vertex 0.0811329335 0.0219276473 0.0949742869
      vertex 0.0811329409 0.0226545297 0.0951792896
    endloop
  endfacet
  facet normal 0.923774719 -0.103953496 0.36855647
    outer loop
      vertex 0.0811329409 0.0226545297 0.0951792896
      vertex 0.0811329335 0.0219276473 0.0949742869
      vertex 0.0813352987 0.0220786147 0.0945096463
    endloop
  endfacet
  facet normal 0.923773229 -0.103957146 0.368559182
    outer loop
      vertex 0.0811329409 0.0226545297 0.0951792896
      vertex 0.0813352987 0.0220786147 0.0945096463
      vertex 0.0813353062 0.0227685757 0.0947042406
    endloop
  endfacet
  facet normal 0.923777938 0.103935614 -0.368553489
    outer loop
      vertex 0.0813353062 0.0227685757 0.0947042406
      vertex 0.0813352987 0.0220786147 0.0945096463
      vertex 0.0811329409 0.0222295877 0.0940450132
    endloop
  endfacet
  facet normal 0.923778951 0.103932977 -0.368551672
    outer loop
      vertex 0.0813353062 0.0227685757 0.0947042406
      vertex 0.0811329409 0.0222295877 0.0940450132
      vertex 0.0811329484 0.0228826273 0.0942291915
    endloop
  endfacet
  facet normal 0.38242808 0.250805646 -0.889294922
    outer loop
      vertex 0.0811329484 0.0228826273 0.0942291915
      vertex 0.0811329409 0.0222295877 0.0940450132
      vertex 0.0806443915 0.022292126 0.0938525572
    endloop
  endfacet
  facet normal 0.382442266 0.250792414 -0.889292479
    outer loop
      vertex 0.0811329484 0.0228826273 0.0942291915
      vertex 0.0806443915 0.022292126 0.0938525572
      vertex 0.0806443989 0.0229298752 0.0940324143
    endloop
  endfacet
  facet normal -0.382423162 0.250802815 -0.889297783
    outer loop
      vertex 0.0806443989 0.0229298752 0.0940324143
      vertex 0.0806443915 0.022292126 0.0938525572
      vertex 0.080155842 0.0222295988 0.0940450132
    endloop
  endfacet
  facet normal -0.382436246 0.250812083 -0.889289498
    outer loop
      vertex 0.0806443989 0.0229298752 0.0940324143
      vertex 0.080155842 0.0222295988 0.0940450132
      vertex 0.0801558495 0.0228826404 0.0942291915
    endloop
  endfacet
  facet normal -0.923772812 0.103956282 -0.368560612
    outer loop
      vertex 0.0801558495 0.0228826404 0.0942291915
      vertex 0.080155842 0.0222295988 0.0940450132
      vertex 0.0799534768 0.0220786314 0.0945096463
    endloop
  endfacet
  facet normal -0.923773348 0.103957057 -0.368558854
    outer loop
      vertex 0.0801558495 0.0228826404 0.0942291915
      vertex 0.0799534768 0.0220786314 0.0945096463
      vertex 0.0799534842 0.0227685925 0.0947042406
    endloop
  endfacet
  facet normal -0.923774838 -0.103937678 0.368560851
    outer loop
      vertex 0.0799534842 0.0227685925 0.0947042406
      vertex 0.0799534768 0.0220786314 0.0945096463
      vertex 0.080155842 0.0219276603 0.0949742869
    endloop
  endfacet
  facet normal -0.923773944 -0.103936717 0.368563145
    outer loop
      vertex 0.0799534842 0.0227685925 0.0947042406
      vertex 0.080155842 0.0219276603 0.0949742869
      vertex 0.0801558495 0.0226545408 0.0951792896
    endloop
  endfacet
  facet normal -0.382433832 -0.250804067 0.889292777
    outer loop
      vertex 0.0801558495 0.0226545408 0.0951792896
      vertex 0.080155842 0.0219276603 0.0949742869
      vertex 0.080644384 0.0218651202 0.0951667428
    endloop
  endfacet
  facet normal -0.382434696 -0.250804573 0.889292359
    outer loop
      vertex 0.0801558495 0.0226545408 0.0951792896
      vertex 0.080644384 0.0218651202 0.0951667428
      vertex 0.0806443915 0.0226072948 0.0953760594
    endloop
  endfacet
  facet normal 0.382436126 -0.319803685 0.866872668
    outer loop
      vertex 0.080644384 0.0218651202 0.0951667428
      vertex 0.0806443766 0.0211416557 0.0948998481
      vertex 0.081132926 0.0212190915 0.0947128832
    endloop
  endfacet
  facet normal 0.382422417 -0.319815248 0.866874456
    outer loop
      vertex 0.080644384 0.0218651202 0.0951667428
      vertex 0.081132926 0.0212190915 0.0947128832
      vertex 0.0811329335 0.0219276473 0.0949742869
    endloop
  endfacet
  facet normal 0.923772871 -0.13255249 0.35926798
    outer loop
      vertex 0.0811329335 0.0219276473 0.0949742869
      vertex 0.081132926 0.0212190915 0.0947128832
      vertex 0.0813352913 0.0214060489 0.0942615271
    endloop
  endfacet
  facet normal 0.923774421 -0.132548466 0.359265476
    outer loop
      vertex 0.0811329335 0.0219276473 0.0949742869
      vertex 0.0813352913 0.0214060489 0.0942615271
      vertex 0.0813352987 0.0220786147 0.0945096463
    endloop
  endfacet
  facet normal 0.923774898 0.132530093 -0.359271169
    outer loop
      vertex 0.0813352987 0.0220786147 0.0945096463
      vertex 0.0813352913 0.0214060489 0.0942615271
      vertex 0.081132926 0.0215930101 0.0938101634
    endloop
  endfacet
  facet normal 0.923778355 0.132520676 -0.359265596
    outer loop
      vertex 0.0813352987 0.0220786147 0.0945096463
      vertex 0.081132926 0.0215930101 0.0938101634
      vertex 0.0811329409 0.0222295877 0.0940450132
    endloop
  endfacet
  facet normal 0.382436067 0.319802701 -0.866873145
    outer loop
      vertex 0.0811329409 0.0222295877 0.0940450132
      vertex 0.081132926 0.0215930101 0.0938101634
      vertex 0.080644384 0.021670457 0.093623206
    endloop
  endfacet
  facet normal 0.382428706 0.319809556 -0.866873741
    outer loop
      vertex 0.0811329409 0.0222295877 0.0940450132
      vertex 0.080644384 0.021670457 0.093623206
      vertex 0.0806443915 0.022292126 0.0938525572
    endloop
  endfacet
  facet normal -0.38242504 0.319818169 -0.866872191
    outer loop
      vertex 0.0806443915 0.022292126 0.0938525572
      vertex 0.080644384 0.021670457 0.093623206
      vertex 0.0801558346 0.0215930212 0.0938101634
    endloop
  endfacet
  facet normal -0.382422388 0.319816411 -0.86687398
    outer loop
      vertex 0.0806443915 0.022292126 0.0938525572
      vertex 0.0801558346 0.0215930212 0.0938101634
      vertex 0.080155842 0.0222295988 0.0940450132
    endloop
  endfacet
  facet normal -0.923774898 0.132552162 -0.359263122
    outer loop
      vertex 0.080155842 0.0222295988 0.0940450132
      vertex 0.0801558346 0.0215930212 0.0938101634
      vertex 0.0799534693 0.0214060638 0.0942615271
    endloop
  endfacet
  facet normal -0.923772514 0.132549748 -0.359269977
    outer loop
      vertex 0.080155842 0.0222295988 0.0940450132
      vertex 0.0799534693 0.0214060638 0.0942615271
      vertex 0.0799534768 0.0220786314 0.0945096463
    endloop
  endfacet
  facet normal -0.923777938 -0.132527232 0.359264404
    outer loop
      vertex 0.0799534768 0.0220786314 0.0945096463
      vertex 0.0799534693 0.0214060638 0.0942615271
      vertex 0.0801558271 0.0212191027 0.0947128832
    endloop
  endfacet
  facet normal -0.923775136 -0.132524669 0.35927251
    outer loop
      vertex 0.0799534768 0.0220786314 0.0945096463
      vertex 0.0801558271 0.0212191027 0.0947128832
      vertex 0.080155842 0.0219276603 0.0949742869
    endloop
  endfacet
  facet normal -0.382442385 -0.319801062 0.86687088
    outer loop
      vertex 0.080155842 0.0219276603 0.0949742869
      vertex 0.0801558271 0.0212191027 0.0947128832
      vertex 0.0806443766 0.0211416557 0.0948998481
    endloop
  endfacet
  facet normal -0.382434905 -0.31979686 0.866875708
    outer loop
      vertex 0.080155842 0.0219276603 0.0949742869
      vertex 0.0806443766 0.0211416557 0.0948998481
      vertex 0.080644384 0.0218651202 0.0951667428
    endloop
  endfacet
  facet normal 0.382433742 -0.38683933 0.839106441
    outer loop
      vertex 0.0806443766 0.0211416557 0.0948998481
      vertex 0.0806443691 0.0204413626 0.094577007
      vertex 0.0811329186 0.0205332283 0.0943966955
    endloop
  endfacet
  facet normal 0.382435203 -0.386838049 0.839106381
    outer loop
      vertex 0.0806443766 0.0211416557 0.0948998481
      vertex 0.0811329186 0.0205332283 0.0943966955
      vertex 0.081132926 0.0212190915 0.0947128832
    endloop
  endfacet
  facet normal 0.923773944 -0.160329357 0.347758949
    outer loop
      vertex 0.081132926 0.0212190915 0.0947128832
      vertex 0.0811329186 0.0205332283 0.0943966955
      vertex 0.0813352838 0.0207550228 0.0939613953
    endloop
  endfacet
  facet normal 0.923772514 -0.160332948 0.347760856
    outer loop
      vertex 0.081132926 0.0212190915 0.0947128832
      vertex 0.0813352838 0.0207550228 0.0939613953
      vertex 0.0813352913 0.0214060489 0.0942615271
    endloop
  endfacet
  facet normal 0.923772275 0.160315856 -0.347769618
    outer loop
      vertex 0.0813352913 0.0214060489 0.0942615271
      vertex 0.0813352838 0.0207550228 0.0939613953
      vertex 0.0811329186 0.020976821 0.0935261026
    endloop
  endfacet
  facet normal 0.923775196 0.160307407 -0.347765565
    outer loop
      vertex 0.0813352913 0.0214060489 0.0942615271
      vertex 0.0811329186 0.020976821 0.0935261026
      vertex 0.081132926 0.0215930101 0.0938101634
    endloop
  endfacet
  facet normal 0.382445991 0.386821479 -0.839109123
    outer loop
      vertex 0.081132926 0.0215930101 0.0938101634
      vertex 0.0811329186 0.020976821 0.0935261026
      vertex 0.0806443766 0.0210686978 0.0933457911
    endloop
  endfacet
  facet normal 0.382436931 0.386830091 -0.839109302
    outer loop
      vertex 0.081132926 0.0215930101 0.0938101634
      vertex 0.0806443766 0.0210686978 0.0933457911
      vertex 0.080644384 0.021670457 0.093623206
    endloop
  endfacet
  facet normal -0.382433742 0.386838466 -0.839106917
    outer loop
      vertex 0.080644384 0.021670457 0.093623206
      vertex 0.0806443766 0.0210686978 0.0933457911
      vertex 0.0801558271 0.0209768321 0.0935261026
    endloop
  endfacet
  facet normal -0.382424414 0.386832893 -0.839113832
    outer loop
      vertex 0.080644384 0.021670457 0.093623206
      vertex 0.0801558271 0.0209768321 0.0935261026
      vertex 0.0801558346 0.0215930212 0.0938101634
    endloop
  endfacet
  facet normal -0.923771799 0.160329342 -0.347764641
    outer loop
      vertex 0.0801558346 0.0215930212 0.0938101634
      vertex 0.0801558271 0.0209768321 0.0935261026
      vertex 0.0799534619 0.0207550395 0.0939613953
    endloop
  endfacet
  facet normal -0.923774481 0.160331473 -0.347756594
    outer loop
      vertex 0.0801558346 0.0215930212 0.0938101634
      vertex 0.0799534619 0.0207550395 0.0939613953
      vertex 0.0799534693 0.0214060638 0.0942615271
    endloop
  endfacet
  facet normal -0.923779249 -0.160309076 0.347753912
    outer loop
      vertex 0.0799534693 0.0214060638 0.0942615271
      vertex 0.0799534619 0.0207550395 0.0939613953
      vertex 0.0801558197 0.0205332395 0.0943966955
    endloop
  endfacet
  facet normal -0.923778296 -0.160308391 0.347757012
    outer loop
      vertex 0.0799534693 0.0214060638 0.0942615271
      vertex 0.0801558197 0.0205332395 0.0943966955
      vertex 0.0801558271 0.0212191027 0.0947128832
    endloop
  endfacet
  facet normal -0.382441133 -0.386830181 0.839107335
    outer loop
      vertex 0.0801558271 0.0212191027 0.0947128832
      vertex 0.0801558197 0.0205332395 0.0943966955
      vertex 0.0806443691 0.0204413626 0.094577007
    endloop
  endfacet
  facet normal -0.382442862 -0.386831075 0.839106143
    outer loop
      vertex 0.0801558271 0.0212191027 0.0947128832
      vertex 0.0806443691 0.0204413626 0.094577007
      vertex 0.0806443766 0.0211416557 0.0948998481
    endloop
  endfacet
  facet normal 0.382423133 -0.451485127 0.806172252
    outer loop
      vertex 0.0806443691 0.0204413626 0.094577007
      vertex 0.0806443617 0.0197685584 0.0942002162
      vertex 0.0811329111 0.0198742878 0.0940276757
    endloop
  endfacet
  facet normal 0.382432818 -0.451476842 0.806172252
    outer loop
      vertex 0.0806443691 0.0204413626 0.094577007
      vertex 0.0811329111 0.0198742878 0.0940276757
      vertex 0.0811329186 0.0205332283 0.0943966955
    endloop
  endfacet
  facet normal 0.923773229 -0.187118858 0.33411029
    outer loop
      vertex 0.0811329186 0.0205332283 0.0943966955
      vertex 0.0811329111 0.0198742878 0.0940276757
      vertex 0.0813352764 0.0201295502 0.0936111212
    endloop
  endfacet
  facet normal 0.923773587 -0.187117547 0.334109724
    outer loop
      vertex 0.0811329186 0.0205332283 0.0943966955
      vertex 0.0813352764 0.0201295502 0.0936111212
      vertex 0.0813352838 0.0207550228 0.0939613953
    endloop
  endfacet
  facet normal 0.923780441 0.187092736 -0.334104717
    outer loop
      vertex 0.0813352838 0.0207550228 0.0939613953
      vertex 0.0813352764 0.0201295502 0.0936111212
      vertex 0.0811329186 0.0203848183 0.0931945592
    endloop
  endfacet
  facet normal 0.923772395 0.187116161 -0.334113955
    outer loop
      vertex 0.0813352838 0.0207550228 0.0939613953
      vertex 0.0811329186 0.0203848183 0.0931945592
      vertex 0.0811329186 0.020976821 0.0935261026
    endloop
  endfacet
  facet normal 0.382431954 0.451484233 -0.806168556
    outer loop
      vertex 0.0811329186 0.020976821 0.0935261026
      vertex 0.0811329186 0.0203848183 0.0931945592
      vertex 0.0806443691 0.0204905588 0.0930220187
    endloop
  endfacet
  facet normal 0.382446736 0.451470286 -0.806169391
    outer loop
      vertex 0.0811329186 0.020976821 0.0935261026
      vertex 0.0806443691 0.0204905588 0.0930220187
      vertex 0.0806443766 0.0210686978 0.0933457911
    endloop
  endfacet
  facet normal -0.382421613 0.451482862 -0.806174278
    outer loop
      vertex 0.0806443766 0.0210686978 0.0933457911
      vertex 0.0806443691 0.0204905588 0.0930220187
      vertex 0.0801558197 0.0203848314 0.0931945592
    endloop
  endfacet
  facet normal -0.38243261 0.451488823 -0.806165695
    outer loop
      vertex 0.0806443766 0.0210686978 0.0933457911
      vertex 0.0801558197 0.0203848314 0.0931945592
      vertex 0.0801558271 0.0209768321 0.0935261026
    endloop
  endfacet
  facet normal -0.923775315 0.187122017 -0.334102571
    outer loop
      vertex 0.0801558271 0.0209768321 0.0935261026
      vertex 0.0801558197 0.0203848314 0.0931945592
      vertex 0.0799534544 0.020129567 0.0936111212
    endloop
  endfacet
  facet normal -0.92377156 0.187119946 -0.334114045
    outer loop
      vertex 0.0801558271 0.0209768321 0.0935261026
      vertex 0.0799534544 0.020129567 0.0936111212
      vertex 0.0799534619 0.0207550395 0.0939613953
    endloop
  endfacet
  facet normal -0.923778594 -0.187094882 0.334108561
    outer loop
      vertex 0.0799534619 0.0207550395 0.0939613953
      vertex 0.0799534544 0.020129567 0.0936111212
      vertex 0.0801558122 0.0198742989 0.0940276757
    endloop
  endfacet
  facet normal -0.923779607 -0.187095329 0.334105551
    outer loop
      vertex 0.0799534619 0.0207550395 0.0939613953
      vertex 0.0801558122 0.0198742989 0.0940276757
      vertex 0.0801558197 0.0205332395 0.0943966955
    endloop
  endfacet
  facet normal -0.382431746 -0.451470524 0.806176364
    outer loop
      vertex 0.0801558197 0.0205332395 0.0943966955
      vertex 0.0801558122 0.0198742989 0.0940276757
      vertex 0.0806443617 0.0197685584 0.0942002162
    endloop
  endfacet
  facet normal -0.38244167 -0.451474965 0.806169152
    outer loop
      vertex 0.0801558197 0.0205332395 0.0943966955
      vertex 0.0806443617 0.0197685584 0.0942002162
      vertex 0.0806443691 0.0204413626 0.094577007
    endloop
  endfacet
  facet normal 0.382419556 -0.513345063 0.768265665
    outer loop
      vertex 0.0806443617 0.0197685584 0.0942002162
      vertex 0.0806443542 0.0191273913 0.0937718004
      vertex 0.0811329037 0.0192463305 0.0936080888
    endloop
  endfacet
  facet normal 0.382422596 -0.51334244 0.768265843
    outer loop
      vertex 0.0806443617 0.0197685584 0.0942002162
      vertex 0.0811329037 0.0192463305 0.0936080888
      vertex 0.0811329111 0.0198742878 0.0940276757
    endloop
  endfacet
  facet normal 0.923774004 -0.212756366 0.318396628
    outer loop
      vertex 0.0811329111 0.0198742878 0.0940276757
      vertex 0.0811329037 0.0192463305 0.0936080888
      vertex 0.0813352689 0.0195334889 0.0932128429
    endloop
  endfacet
  facet normal 0.923772812 -0.212759525 0.318397641
    outer loop
      vertex 0.0811329111 0.0198742878 0.0940276757
      vertex 0.0813352689 0.0195334889 0.0932128429
      vertex 0.0813352764 0.0201295502 0.0936111212
    endloop
  endfacet
  facet normal 0.923779547 0.21273461 -0.318394899
    outer loop
      vertex 0.0813352764 0.0201295502 0.0936111212
      vertex 0.0813352689 0.0195334889 0.0932128429
      vertex 0.0811329111 0.0198206529 0.0928175971
    endloop
  endfacet
  facet normal 0.923780739 0.212731093 -0.318393826
    outer loop
      vertex 0.0813352764 0.0201295502 0.0936111212
      vertex 0.0811329111 0.0198206529 0.0928175971
      vertex 0.0811329186 0.0203848183 0.0931945592
    endloop
  endfacet
  facet normal 0.38243112 0.513333499 -0.768267691
    outer loop
      vertex 0.0811329186 0.0203848183 0.0931945592
      vertex 0.0811329111 0.0198206529 0.0928175971
      vertex 0.0806443617 0.0199396051 0.0926538855
    endloop
  endfacet
  facet normal 0.382432789 0.513331831 -0.76826787
    outer loop
      vertex 0.0811329186 0.0203848183 0.0931945592
      vertex 0.0806443617 0.0199396051 0.0926538855
      vertex 0.0806443691 0.0204905588 0.0930220187
    endloop
  endfacet
  facet normal -0.382421136 0.513341665 -0.768267095
    outer loop
      vertex 0.0806443691 0.0204905588 0.0930220187
      vertex 0.0806443617 0.0199396051 0.0926538855
      vertex 0.0801558122 0.0198206641 0.0928175971
    endloop
  endfacet
  facet normal -0.382420957 0.513341606 -0.768267274
    outer loop
      vertex 0.0806443691 0.0204905588 0.0930220187
      vertex 0.0801558122 0.0198206641 0.0928175971
      vertex 0.0801558197 0.0203848314 0.0931945592
    endloop
  endfacet
  facet normal -0.923773944 0.212756544 -0.318396449
    outer loop
      vertex 0.0801558197 0.0203848314 0.0931945592
      vertex 0.0801558122 0.0198206641 0.0928175971
      vertex 0.079953447 0.0195335057 0.0932128429
    endloop
  endfacet
  facet normal -0.923774838 0.212756857 -0.318393588
    outer loop
      vertex 0.0801558197 0.0203848314 0.0931945592
      vertex 0.079953447 0.0195335057 0.0932128429
      vertex 0.0799534544 0.020129567 0.0936111212
    endloop
  endfacet
  facet normal -0.923779249 -0.212734953 0.318395436
    outer loop
      vertex 0.0799534544 0.020129567 0.0936111212
      vertex 0.079953447 0.0195335057 0.0932128429
      vertex 0.0801558048 0.0192463435 0.0936080888
    endloop
  endfacet
  facet normal -0.923779011 -0.212734923 0.31839633
    outer loop
      vertex 0.0799534544 0.020129567 0.0936111212
      vertex 0.0801558048 0.0192463435 0.0936080888
      vertex 0.0801558122 0.0198742989 0.0940276757
    endloop
  endfacet
  facet normal -0.38243109 -0.513335228 0.768266439
    outer loop
      vertex 0.0801558122 0.0198742989 0.0940276757
      vertex 0.0801558048 0.0192463435 0.0936080888
      vertex 0.0806443542 0.0191273913 0.0937718004
    endloop
  endfacet
  facet normal -0.382432699 -0.513335824 0.768265188
    outer loop
      vertex 0.0801558122 0.0198742989 0.0940276757
      vertex 0.0806443542 0.0191273913 0.0937718004
      vertex 0.0806443617 0.0197685584 0.0942002162
    endloop
  endfacet
  facet normal 0.382423401 -0.572034538 0.725623012
    outer loop
      vertex 0.0806443542 0.0191273913 0.0937718004
      vertex 0.0806443468 0.0185218118 0.0932944044
      vertex 0.0811328962 0.0186532307 0.0931405276
    endloop
  endfacet
  facet normal 0.38241902 -0.572038233 0.725622475
    outer loop
      vertex 0.0806443542 0.0191273913 0.0937718004
      vertex 0.0811328962 0.0186532307 0.0931405276
      vertex 0.0811329037 0.0192463305 0.0936080888
    endloop
  endfacet
  facet normal 0.923774898 -0.237080142 0.300720632
    outer loop
      vertex 0.0811329037 0.0192463305 0.0936080888
      vertex 0.0811328962 0.0186532307 0.0931405276
      vertex 0.0813352615 0.0189705156 0.0927690268
    endloop
  endfacet
  facet normal 0.923773587 -0.237084031 0.300721586
    outer loop
      vertex 0.0811329037 0.0192463305 0.0936080888
      vertex 0.0813352615 0.0189705156 0.0927690268
      vertex 0.0813352689 0.0195334889 0.0932128429
    endloop
  endfacet
  facet normal 0.923778713 0.237061381 -0.300723881
    outer loop
      vertex 0.0813352689 0.0195334889 0.0932128429
      vertex 0.0813352615 0.0189705156 0.0927690268
      vertex 0.0811329037 0.0192878041 0.0923975334
    endloop
  endfacet
  facet normal 0.923779845 0.23705785 -0.300723076
    outer loop
      vertex 0.0813352689 0.0195334889 0.0932128429
      vertex 0.0811329037 0.0192878041 0.0923975334
      vertex 0.0811329111 0.0198206529 0.0928175971
    endloop
  endfacet
  facet normal 0.382434517 0.572028458 -0.725621998
    outer loop
      vertex 0.0811329111 0.0198206529 0.0928175971
      vertex 0.0811329037 0.0192878041 0.0923975334
      vertex 0.0806443542 0.0194192342 0.0922436565
    endloop
  endfacet
  facet normal 0.382432103 0.572030663 -0.725621521
    outer loop
      vertex 0.0811329111 0.0198206529 0.0928175971
      vertex 0.0806443542 0.0194192342 0.0922436565
      vertex 0.0806443617 0.0199396051 0.0926538855
    endloop
  endfacet
  facet normal -0.38242346 0.572039664 -0.725618958
    outer loop
      vertex 0.0806443617 0.0199396051 0.0926538855
      vertex 0.0806443542 0.0194192342 0.0922436565
      vertex 0.0801558048 0.0192878153 0.0923975334
    endloop
  endfacet
  facet normal -0.382420868 0.572038531 -0.725621223
    outer loop
      vertex 0.0806443617 0.0199396051 0.0926538855
      vertex 0.0801558048 0.0192878153 0.0923975334
      vertex 0.0801558122 0.0198206641 0.0928175971
    endloop
  endfacet
  facet normal -0.923772991 0.237084001 -0.300723523
    outer loop
      vertex 0.0801558122 0.0198206641 0.0928175971
      vertex 0.0801558048 0.0192878153 0.0923975334
      vertex 0.0799534395 0.0189705323 0.0927690268
    endloop
  endfacet
  facet normal -0.923773587 0.237084061 -0.300721586
    outer loop
      vertex 0.0801558122 0.0198206641 0.0928175971
      vertex 0.0799534395 0.0189705323 0.0927690268
      vertex 0.079953447 0.0195335057 0.0932128429
    endloop
  endfacet
  facet normal -0.92378062 -0.237058491 0.300720155
    outer loop
      vertex 0.079953447 0.0195335057 0.0932128429
      vertex 0.0799534395 0.0189705323 0.0927690268
      vertex 0.0801557973 0.0186532419 0.0931405276
    endloop
  endfacet
  facet normal -0.923779547 -0.237058491 0.300723553
    outer loop
      vertex 0.079953447 0.0195335057 0.0932128429
      vertex 0.0801557973 0.0186532419 0.0931405276
      vertex 0.0801558048 0.0192463435 0.0936080888
    endloop
  endfacet
  facet normal -0.382434487 -0.572027266 0.725623012
    outer loop
      vertex 0.0801558048 0.0192463435 0.0936080888
      vertex 0.0801557973 0.0186532419 0.0931405276
      vertex 0.0806443468 0.0185218118 0.0932944044
    endloop
  endfacet
  facet normal -0.382432163 -0.572026491 0.7256248
    outer loop
      vertex 0.0801558048 0.0192463435 0.0936080888
      vertex 0.0806443468 0.0185218118 0.0932944044
      vertex 0.0806443542 0.0191273913 0.0937718004
    endloop
  endfacet
  facet normal 0.382426322 -0.627205968 0.678500473
    outer loop
      vertex 0.0806443468 0.0185218118 0.0932944044
      vertex 0.0806443393 0.0179555584 0.0927709639
      vertex 0.0811328888 0.018098643 0.0926278681
    endloop
  endfacet
  facet normal 0.382422894 -0.62720871 0.678499758
    outer loop
      vertex 0.0806443468 0.0185218118 0.0932944044
      vertex 0.0811328888 0.018098643 0.0926278681
      vertex 0.0811328962 0.0186532307 0.0931405276
    endloop
  endfacet
  facet normal 0.92377311 -0.259947866 0.281194389
    outer loop
      vertex 0.0811328962 0.0186532307 0.0931405276
      vertex 0.0811328888 0.018098643 0.0926278681
      vertex 0.081335254 0.0184440967 0.0922824144
    endloop
  endfacet
  facet normal 0.92377454 -0.259943515 0.281193674
    outer loop
      vertex 0.0811328962 0.0186532307 0.0931405276
      vertex 0.081335254 0.0184440967 0.0922824144
      vertex 0.0813352615 0.0189705156 0.0927690268
    endloop
  endfacet
  facet normal 0.923778534 0.259922981 -0.281199723
    outer loop
      vertex 0.0813352615 0.0189705156 0.0927690268
      vertex 0.081335254 0.0184440967 0.0922824144
      vertex 0.0811328962 0.018789554 0.0919369608
    endloop
  endfacet
  facet normal 0.923779011 0.259921461 -0.281199515
    outer loop
      vertex 0.0813352615 0.0189705156 0.0927690268
      vertex 0.0811328962 0.018789554 0.0919369608
      vertex 0.0811329037 0.0192878041 0.0923975334
    endloop
  endfacet
  facet normal 0.382442415 0.627191007 -0.678505182
    outer loop
      vertex 0.0811329037 0.0192878041 0.0923975334
      vertex 0.0811328962 0.018789554 0.0919369608
      vertex 0.0806443468 0.0189326536 0.091793865
    endloop
  endfacet
  facet normal 0.382435292 0.627197444 -0.678503156
    outer loop
      vertex 0.0811329037 0.0192878041 0.0923975334
      vertex 0.0806443468 0.0189326536 0.091793865
      vertex 0.0806443542 0.0194192342 0.0922436565
    endloop
  endfacet
  facet normal -0.382428348 0.627205729 -0.67849952
    outer loop
      vertex 0.0806443542 0.0194192342 0.0922436565
      vertex 0.0806443468 0.0189326536 0.091793865
      vertex 0.0801557973 0.0187895671 0.0919369608
    endloop
  endfacet
  facet normal -0.382423013 0.627203941 -0.678504169
    outer loop
      vertex 0.0806443542 0.0194192342 0.0922436565
      vertex 0.0801557973 0.0187895671 0.0919369608
      vertex 0.0801558048 0.0192878153 0.0923975334
    endloop
  endfacet
  facet normal -0.92377317 0.259946525 -0.28119573
    outer loop
      vertex 0.0801558048 0.0192878153 0.0923975334
      vertex 0.0801557973 0.0187895671 0.0919369608
      vertex 0.0799534321 0.0184441134 0.0922824144
    endloop
  endfacet
  facet normal -0.923772752 0.259946615 -0.281197011
    outer loop
      vertex 0.0801558048 0.0192878153 0.0923975334
      vertex 0.0799534321 0.0184441134 0.0922824144
      vertex 0.0799534395 0.0189705323 0.0927690268
    endloop
  endfacet
  facet normal -0.923778534 -0.259922981 0.281199723
    outer loop
      vertex 0.0799534395 0.0189705323 0.0927690268
      vertex 0.0799534321 0.0184441134 0.0922824144
      vertex 0.0801557899 0.0180986561 0.0926278681
    endloop
  endfacet
  facet normal -0.923780739 -0.259922355 0.28119272
    outer loop
      vertex 0.0799534395 0.0189705323 0.0927690268
      vertex 0.0801557899 0.0180986561 0.0926278681
      vertex 0.0801557973 0.0186532419 0.0931405276
    endloop
  endfacet
  facet normal -0.382440567 -0.627199411 0.678498507
    outer loop
      vertex 0.0801557973 0.0186532419 0.0931405276
      vertex 0.0801557899 0.0180986561 0.0926278681
      vertex 0.0806443393 0.0179555584 0.0927709639
    endloop
  endfacet
  facet normal -0.382435292 -0.627197981 0.678502798
    outer loop
      vertex 0.0801557973 0.0186532419 0.0931405276
      vertex 0.0806443393 0.0179555584 0.0927709639
      vertex 0.0806443468 0.0185218118 0.0932944044
    endloop
  endfacet
  facet normal 0.382420689 -0.678509116 0.627199948
    outer loop
      vertex 0.0806443393 0.0179555584 0.0927709639
      vertex 0.0806443319 0.017432116 0.0922047049
      vertex 0.0811328813 0.0175859891 0.0920732841
    endloop
  endfacet
  facet normal 0.382425189 -0.67850548 0.62720108
    outer loop
      vertex 0.0806443393 0.0179555584 0.0927709639
      vertex 0.0811328813 0.0175859891 0.0920732841
      vertex 0.0811328888 0.018098643 0.0926278681
    endloop
  endfacet
  facet normal 0.923773944 -0.281205863 0.259932518
    outer loop
      vertex 0.0811328888 0.018098643 0.0926278681
      vertex 0.0811328813 0.0175859891 0.0920732841
      vertex 0.0813352466 0.0179574806 0.0917559937
    endloop
  endfacet
  facet normal 0.923772871 -0.28120926 0.259932876
    outer loop
      vertex 0.0811328888 0.018098643 0.0926278681
      vertex 0.0813352466 0.0179574806 0.0917559937
      vertex 0.081335254 0.0184440967 0.0922824144
    endloop
  endfacet
  facet normal 0.923778474 0.281186342 -0.259937793
    outer loop
      vertex 0.081335254 0.0184440967 0.0922824144
      vertex 0.0813352466 0.0179574806 0.0917559937
      vertex 0.0811328888 0.0183289777 0.0914387107
    endloop
  endfacet
  facet normal 0.923778832 0.281184912 -0.259937704
    outer loop
      vertex 0.081335254 0.0184440967 0.0922824144
      vertex 0.0811328888 0.0183289777 0.0914387107
      vertex 0.0811328962 0.018789554 0.0919369608
    endloop
  endfacet
  facet normal 0.382447004 0.678495526 -0.627198637
    outer loop
      vertex 0.0811328962 0.018789554 0.0919369608
      vertex 0.0811328888 0.0183289777 0.0914387107
      vertex 0.0806443468 0.018482862 0.0913072824
    endloop
  endfacet
  facet normal 0.382442892 0.678499162 -0.627197266
    outer loop
      vertex 0.0811328962 0.018789554 0.0919369608
      vertex 0.0806443468 0.018482862 0.0913072824
      vertex 0.0806443468 0.0189326536 0.091793865
    endloop
  endfacet
  facet normal -0.382428825 0.678503454 -0.6272012
    outer loop
      vertex 0.0806443468 0.0189326536 0.091793865
      vertex 0.0806443468 0.018482862 0.0913072824
      vertex 0.0801557973 0.0183289889 0.0914387107
    endloop
  endfacet
  facet normal -0.382427454 0.678503096 -0.627202451
    outer loop
      vertex 0.0806443468 0.0189326536 0.091793865
      vertex 0.0801557973 0.0183289889 0.0914387107
      vertex 0.0801557973 0.0187895671 0.0919369608
    endloop
  endfacet
  facet normal -0.923767447 0.281211585 -0.259949565
    outer loop
      vertex 0.0801557973 0.0187895671 0.0919369608
      vertex 0.0801557973 0.0183289889 0.0914387107
      vertex 0.0799534246 0.0179574974 0.0917559937
    endloop
  endfacet
  facet normal -0.923772871 0.28120923 -0.259932846
    outer loop
      vertex 0.0801557973 0.0187895671 0.0919369608
      vertex 0.0799534246 0.0179574974 0.0917559937
      vertex 0.0799534321 0.0184441134 0.0922824144
    endloop
  endfacet
  facet normal -0.923774779 -0.281192631 0.259943634
    outer loop
      vertex 0.0799534321 0.0184441134 0.0922824144
      vertex 0.0799534246 0.0179574974 0.0917559937
      vertex 0.0801557899 0.0175860003 0.0920732841
    endloop
  endfacet
  facet normal -0.923778772 -0.281190723 0.259931892
    outer loop
      vertex 0.0799534321 0.0184441134 0.0922824144
      vertex 0.0801557899 0.0175860003 0.0920732841
      vertex 0.0801557899 0.0180986561 0.0926278681
    endloop
  endfacet
  facet normal -0.382438838 -0.678497672 0.627201378
    outer loop
      vertex 0.0801557899 0.0180986561 0.0926278681
      vertex 0.0801557899 0.0175860003 0.0920732841
      vertex 0.0806443319 0.017432116 0.0922047049
    endloop
  endfacet
  facet normal -0.382440686 -0.67849803 0.627199709
    outer loop
      vertex 0.0801557899 0.0180986561 0.0926278681
      vertex 0.0806443319 0.017432116 0.0922047049
      vertex 0.0806443393 0.0179555584 0.0927709639
    endloop
  endfacet
  facet normal 0.382426023 -0.725622952 0.572032988
    outer loop
      vertex 0.0806443319 0.017432116 0.0922047049
      vertex 0.0806443244 0.0169547163 0.0915991291
      vertex 0.0811328739 0.017118426 0.0914801806
    endloop
  endfacet
  facet normal 0.38242048 -0.725627244 0.57203114
    outer loop
      vertex 0.0806443319 0.017432116 0.0922047049
      vertex 0.0811328739 0.017118426 0.0914801806
      vertex 0.0811328813 0.0175859891 0.0920732841
    endloop
  endfacet
  facet normal 0.923768342 -0.300744474 0.237075195
    outer loop
      vertex 0.0811328813 0.0175859891 0.0920732841
      vertex 0.0811328739 0.017118426 0.0914801806
      vertex 0.0813352466 0.0175136682 0.0911930203
    endloop
  endfacet
  facet normal 0.923773766 -0.300728321 0.23707512
    outer loop
      vertex 0.0811328813 0.0175859891 0.0920732841
      vertex 0.0813352466 0.0175136682 0.0911930203
      vertex 0.0813352466 0.0179574806 0.0917559937
    endloop
  endfacet
  facet normal 0.923779011 0.300718188 -0.237067133
    outer loop
      vertex 0.0813352466 0.0179574806 0.0917559937
      vertex 0.0813352466 0.0175136682 0.0911930203
      vertex 0.0811328888 0.017908914 0.0909058601
    endloop
  endfacet
  facet normal 0.923778594 0.30071947 -0.237067088
    outer loop
      vertex 0.0813352466 0.0179574806 0.0917559937
      vertex 0.0811328888 0.017908914 0.0909058601
      vertex 0.0811328888 0.0183289777 0.0914387107
    endloop
  endfacet
  facet normal 0.38244018 0.725618601 -0.572029054
    outer loop
      vertex 0.0811328888 0.0183289777 0.0914387107
      vertex 0.0811328888 0.017908914 0.0909058601
      vertex 0.0806443393 0.0180726349 0.0907869115
    endloop
  endfacet
  facet normal 0.382447183 0.725612521 -0.572031915
    outer loop
      vertex 0.0811328888 0.0183289777 0.0914387107
      vertex 0.0806443393 0.0180726349 0.0907869115
      vertex 0.0806443468 0.018482862 0.0913072824
    endloop
  endfacet
  facet normal -0.382426053 0.7256248 -0.572030663
    outer loop
      vertex 0.0806443468 0.018482862 0.0913072824
      vertex 0.0806443393 0.0180726349 0.0907869115
      vertex 0.0801557899 0.0179089252 0.0909058601
    endloop
  endfacet
  facet normal -0.382427931 0.725625157 -0.572028875
    outer loop
      vertex 0.0806443468 0.018482862 0.0913072824
      vertex 0.0801557899 0.0179089252 0.0909058601
      vertex 0.0801557973 0.0183289889 0.0914387107
    endloop
  endfacet
  facet normal -0.923773408 0.300735652 -0.237066925
    outer loop
      vertex 0.0801557973 0.0183289889 0.0914387107
      vertex 0.0801557899 0.0179089252 0.0909058601
      vertex 0.0799534246 0.0175136831 0.0911930203
    endloop
  endfacet
  facet normal -0.923767507 0.300739646 -0.237085074
    outer loop
      vertex 0.0801557973 0.0183289889 0.0914387107
      vertex 0.0799534246 0.0175136831 0.0911930203
      vertex 0.0799534246 0.0179574974 0.0917559937
    endloop
  endfacet
  facet normal -0.923778653 -0.300718457 0.237068355
    outer loop
      vertex 0.0799534246 0.0179574974 0.0917559937
      vertex 0.0799534246 0.0175136831 0.0911930203
      vertex 0.0801557824 0.0171184391 0.0914801806
    endloop
  endfacet
  facet normal -0.923775077 -0.300721139 0.237079054
    outer loop
      vertex 0.0799534246 0.0179574974 0.0917559937
      vertex 0.0801557824 0.0171184391 0.0914801806
      vertex 0.0801557899 0.0175860003 0.0920732841
    endloop
  endfacet
  facet normal -0.382447511 -0.725614905 0.572028756
    outer loop
      vertex 0.0801557899 0.0175860003 0.0920732841
      vertex 0.0801557824 0.0171184391 0.0914801806
      vertex 0.0806443244 0.0169547163 0.0915991291
    endloop
  endfacet
  facet normal -0.382439792 -0.725613952 0.572035313
    outer loop
      vertex 0.0801557899 0.0175860003 0.0920732841
      vertex 0.0806443244 0.0169547163 0.0915991291
      vertex 0.0806443319 0.017432116 0.0922047049
    endloop
  endfacet
  facet normal 0.382428497 -0.768265665 0.513338387
    outer loop
      vertex 0.0806443244 0.0169547163 0.0915991291
      vertex 0.0806443244 0.0165263023 0.090957962
      vertex 0.0811328739 0.016698841 0.0908522233
    endloop
  endfacet
  facet normal 0.382425308 -0.768268108 0.513337135
    outer loop
      vertex 0.0806443244 0.0169547163 0.0915991291
      vertex 0.0811328739 0.016698841 0.0908522233
      vertex 0.0811328739 0.017118426 0.0914801806
    endloop
  endfacet
  facet normal 0.923772871 -0.318404227 0.212749571
    outer loop
      vertex 0.0811328739 0.017118426 0.0914801806
      vertex 0.0811328739 0.016698841 0.0908522233
      vertex 0.0813352391 0.0171153937 0.090596959
    endloop
  endfacet
  facet normal 0.923768163 -0.318418741 0.212748542
    outer loop
      vertex 0.0811328739 0.017118426 0.0914801806
      vertex 0.0813352391 0.0171153937 0.090596959
      vertex 0.0813352466 0.0175136682 0.0911930203
    endloop
  endfacet
  facet normal 0.923778534 0.318387091 -0.21275048
    outer loop
      vertex 0.0813352466 0.0175136682 0.0911930203
      vertex 0.0813352391 0.0171153937 0.090596959
      vertex 0.0811328813 0.01753195 0.0903416947
    endloop
  endfacet
  facet normal 0.923779249 0.318385035 -0.212750688
    outer loop
      vertex 0.0813352466 0.0175136682 0.0911930203
      vertex 0.0811328813 0.01753195 0.0903416947
      vertex 0.0811328888 0.017908914 0.0909058601
    endloop
  endfacet
  facet normal 0.382443428 0.768257558 -0.513339341
    outer loop
      vertex 0.0811328888 0.017908914 0.0909058601
      vertex 0.0811328813 0.01753195 0.0903416947
      vertex 0.0806443319 0.0177044999 0.090235956
    endloop
  endfacet
  facet normal 0.382440388 0.768260121 -0.513337851
    outer loop
      vertex 0.0811328888 0.017908914 0.0909058601
      vertex 0.0806443319 0.0177044999 0.090235956
      vertex 0.0806443393 0.0180726349 0.0907869115
    endloop
  endfacet
  facet normal -0.382426083 0.768269837 -0.513333976
    outer loop
      vertex 0.0806443393 0.0180726349 0.0907869115
      vertex 0.0806443319 0.0177044999 0.090235956
      vertex 0.0801557824 0.0175319631 0.0903416947
    endloop
  endfacet
  facet normal -0.382425278 0.768269658 -0.513334751
    outer loop
      vertex 0.0806443393 0.0180726349 0.0907869115
      vertex 0.0801557824 0.0175319631 0.0903416947
      vertex 0.0801557899 0.0179089252 0.0909058601
    endloop
  endfacet
  facet normal -0.923773408 0.3184084 -0.212740853
    outer loop
      vertex 0.0801557899 0.0179089252 0.0909058601
      vertex 0.0801557824 0.0175319631 0.0903416947
      vertex 0.0799534172 0.0171154086 0.090596959
    endloop
  endfacet
  facet normal -0.92377317 0.318408787 -0.212741897
    outer loop
      vertex 0.0801557899 0.0179089252 0.0909058601
      vertex 0.0799534172 0.0171154086 0.090596959
      vertex 0.0799534246 0.0175136831 0.0911930203
    endloop
  endfacet
  facet normal -0.923778534 -0.318387091 0.21275045
    outer loop
      vertex 0.0799534246 0.0175136831 0.0911930203
      vertex 0.0799534172 0.0171154086 0.090596959
      vertex 0.080155775 0.0166988522 0.0908522233
    endloop
  endfacet
  facet normal -0.923778713 -0.318386853 0.212749854
    outer loop
      vertex 0.0799534246 0.0175136831 0.0911930203
      vertex 0.080155775 0.0166988522 0.0908522233
      vertex 0.0801557824 0.0171184391 0.0914801806
    endloop
  endfacet
  facet normal -0.382443488 -0.76825875 0.513337672
    outer loop
      vertex 0.0801557824 0.0171184391 0.0914801806
      vertex 0.080155775 0.0166988522 0.0908522233
      vertex 0.0806443244 0.0165263023 0.090957962
    endloop
  endfacet
  facet normal -0.382447809 -0.768258989 0.513334036
    outer loop
      vertex 0.0801557824 0.0171184391 0.0914801806
      vertex 0.0806443244 0.0165263023 0.090957962
      vertex 0.0806443244 0.0169547163 0.0915991291
    endloop
  endfacet
  facet normal 0.382423073 -0.806178272 0.451474607
    outer loop
      vertex 0.0806443244 0.0165263023 0.090957962
      vertex 0.080644317 0.0161495171 0.0902851596
      vertex 0.0811328664 0.0163298175 0.0901932865
    endloop
  endfacet
  facet normal 0.382427752 -0.806174815 0.451476723
    outer loop
      vertex 0.0806443244 0.0165263023 0.090957962
      vertex 0.0811328664 0.0163298175 0.0901932865
      vertex 0.0811328739 0.016698841 0.0908522233
    endloop
  endfacet
  facet normal 0.923773229 -0.33411786 0.187105164
    outer loop
      vertex 0.0811328739 0.016698841 0.0908522233
      vertex 0.0811328664 0.0163298175 0.0901932865
      vertex 0.0813352317 0.0167651139 0.0899714902
    endloop
  endfacet
  facet normal 0.923772812 -0.33411926 0.187104985
    outer loop
      vertex 0.0811328739 0.016698841 0.0908522233
      vertex 0.0813352317 0.0167651139 0.0899714902
      vertex 0.0813352391 0.0171153937 0.090596959
    endloop
  endfacet
  facet normal 0.923779249 0.334096074 -0.187114
    outer loop
      vertex 0.0813352391 0.0171153937 0.090596959
      vertex 0.0813352317 0.0167651139 0.0899714902
      vertex 0.0811328739 0.017200416 0.0897496939
    endloop
  endfacet
  facet normal 0.923778892 0.334097296 -0.187113807
    outer loop
      vertex 0.0813352391 0.0171153937 0.090596959
      vertex 0.0811328739 0.017200416 0.0897496939
      vertex 0.0811328813 0.01753195 0.0903416947
    endloop
  endfacet
  facet normal 0.382443607 0.806167066 -0.451476932
    outer loop
      vertex 0.0811328813 0.01753195 0.0903416947
      vertex 0.0811328739 0.017200416 0.0897496939
      vertex 0.0806443319 0.0173807275 0.0896578208
    endloop
  endfacet
  facet normal 0.382443577 0.806167245 -0.451476932
    outer loop
      vertex 0.0811328813 0.01753195 0.0903416947
      vertex 0.0806443319 0.0173807275 0.0896578208
      vertex 0.0806443319 0.0177044999 0.090235956
    endloop
  endfacet
  facet normal -0.382422894 0.806174636 -0.451481074
    outer loop
      vertex 0.0806443319 0.0177044999 0.090235956
      vertex 0.0806443319 0.0173807275 0.0896578208
      vertex 0.0801557824 0.0172004271 0.0897496939
    endloop
  endfacet
  facet normal -0.382425129 0.806174755 -0.451478988
    outer loop
      vertex 0.0806443319 0.0177044999 0.090235956
      vertex 0.0801557824 0.0172004271 0.0897496939
      vertex 0.0801557824 0.0175319631 0.0903416947
    endloop
  endfacet
  facet normal -0.923768163 0.334124565 -0.187118515
    outer loop
      vertex 0.0801557824 0.0175319631 0.0903416947
      vertex 0.0801557824 0.0172004271 0.0897496939
      vertex 0.0799534097 0.0167651307 0.0899714902
    endloop
  endfacet
  facet normal -0.923773229 0.334118754 -0.187103689
    outer loop
      vertex 0.0801557824 0.0175319631 0.0903416947
      vertex 0.0799534097 0.0167651307 0.0899714902
      vertex 0.0799534172 0.0171154086 0.090596959
    endloop
  endfacet
  facet normal -0.923779309 -0.334096521 0.18711327
    outer loop
      vertex 0.0799534172 0.0171154086 0.090596959
      vertex 0.0799534097 0.0167651307 0.0899714902
      vertex 0.0801557675 0.0163298286 0.0901932865
    endloop
  endfacet
  facet normal -0.923778832 -0.334096938 0.187114313
    outer loop
      vertex 0.0799534172 0.0171154086 0.090596959
      vertex 0.0801557675 0.0163298286 0.0901932865
      vertex 0.080155775 0.0166988522 0.0908522233
    endloop
  endfacet
  facet normal -0.3824386 -0.806167185 0.451481074
    outer loop
      vertex 0.080155775 0.0166988522 0.0908522233
      vertex 0.0801557675 0.0163298286 0.0901932865
      vertex 0.080644317 0.0161495171 0.0902851596
    endloop
  endfacet
  facet normal -0.382443517 -0.806167185 0.451476872
    outer loop
      vertex 0.080155775 0.0166988522 0.0908522233
      vertex 0.080644317 0.0161495171 0.0902851596
      vertex 0.0806443244 0.0165263023 0.090957962
    endloop
  endfacet
  facet normal 0.382422686 -0.83911413 0.386833668
    outer loop
      vertex 0.080644317 0.0161495171 0.0902851596
      vertex 0.0806443095 0.015826676 0.0895848647
      vertex 0.081132859 0.0160136297 0.0895074233
    endloop
  endfacet
  facet normal 0.382422239 -0.839114428 0.386833489
    outer loop
      vertex 0.080644317 0.0161495171 0.0902851596
      vertex 0.081132859 0.0160136297 0.0895074233
      vertex 0.0811328664 0.0163298175 0.0901932865
    endloop
  endfacet
  facet normal 0.923767865 -0.34777984 0.160318896
    outer loop
      vertex 0.0811328664 0.0163298175 0.0901932865
      vertex 0.081132859 0.0160136297 0.0895074233
      vertex 0.0813352317 0.0164649859 0.0893204659
    endloop
  endfacet
  facet normal 0.923772991 -0.347764373 0.160322487
    outer loop
      vertex 0.0811328664 0.0163298175 0.0901932865
      vertex 0.0813352317 0.0164649859 0.0893204659
      vertex 0.0813352317 0.0167651139 0.0899714902
    endloop
  endfacet
  facet normal 0.923779607 0.347750098 -0.160315901
    outer loop
      vertex 0.0813352317 0.0167651139 0.0899714902
      vertex 0.0813352317 0.0164649859 0.0893204659
      vertex 0.0811328739 0.0169163495 0.0891335085
    endloop
  endfacet
  facet normal 0.923779428 0.347750485 -0.160315782
    outer loop
      vertex 0.0813352317 0.0167651139 0.0899714902
      vertex 0.0811328739 0.0169163495 0.0891335085
      vertex 0.0811328739 0.017200416 0.0897496939
    endloop
  endfacet
  facet normal 0.382436335 0.839107215 -0.386835217
    outer loop
      vertex 0.0811328739 0.017200416 0.0897496939
      vertex 0.0811328739 0.0169163495 0.0891335085
      vertex 0.0806443244 0.0171033125 0.0890560672
    endloop
  endfacet
  facet normal 0.382443756 0.839101732 -0.386839718
    outer loop
      vertex 0.0811328739 0.017200416 0.0897496939
      vertex 0.0806443244 0.0171033125 0.0890560672
      vertex 0.0806443319 0.0173807275 0.0896578208
    endloop
  endfacet
  facet normal -0.382419884 0.839114368 -0.386836052
    outer loop
      vertex 0.0806443319 0.0173807275 0.0896578208
      vertex 0.0806443244 0.0171033125 0.0890560672
      vertex 0.080155775 0.0169163607 0.0891335085
    endloop
  endfacet
  facet normal -0.382422268 0.839114249 -0.386833847
    outer loop
      vertex 0.0806443319 0.0173807275 0.0896578208
      vertex 0.080155775 0.0169163607 0.0891335085
      vertex 0.0801557824 0.0172004271 0.0897496939
    endloop
  endfacet
  facet normal -0.923773289 0.347768128 -0.160312742
    outer loop
      vertex 0.0801557824 0.0172004271 0.0897496939
      vertex 0.080155775 0.0169163607 0.0891335085
      vertex 0.0799534097 0.0164650027 0.0893204659
    endloop
  endfacet
  facet normal -0.923768044 0.34777528 -0.160327524
    outer loop
      vertex 0.0801557824 0.0172004271 0.0897496939
      vertex 0.0799534097 0.0164650027 0.0893204659
      vertex 0.0799534097 0.0167651307 0.0899714902
    endloop
  endfacet
  facet normal -0.92377919 -0.347751081 0.160316348
    outer loop
      vertex 0.0799534097 0.0167651307 0.0899714902
      vertex 0.0799534097 0.0164650027 0.0893204659
      vertex 0.0801557675 0.0160136409 0.0895074233
    endloop
  endfacet
  facet normal -0.923779488 -0.347750634 0.160315469
    outer loop
      vertex 0.0799534097 0.0167651307 0.0899714902
      vertex 0.0801557675 0.0160136409 0.0895074233
      vertex 0.0801557675 0.0163298286 0.0901932865
    endloop
  endfacet
  facet normal -0.382444024 -0.839104712 0.386833131
    outer loop
      vertex 0.0801557675 0.0163298286 0.0901932865
      vertex 0.0801557675 0.0160136409 0.0895074233
      vertex 0.0806443095 0.015826676 0.0895848647
    endloop
  endfacet
  facet normal -0.382438809 -0.83910507 0.386837631
    outer loop
      vertex 0.0801557675 0.0163298286 0.0901932865
      vertex 0.0806443095 0.015826676 0.0895848647
      vertex 0.080644317 0.0161495171 0.0902851596
    endloop
  endfacet
  facet normal 0.382421464 -0.866878092 0.319806486
    outer loop
      vertex 0.0806443095 0.015826676 0.0895848647
      vertex 0.0806443095 0.0155597767 0.0888613984
      vertex 0.081132859 0.0157522298 0.0887988657
    endloop
  endfacet
  facet normal 0.382422298 -0.866877437 0.319806963
    outer loop
      vertex 0.0806443095 0.015826676 0.0895848647
      vertex 0.081132859 0.0157522298 0.0887988657
      vertex 0.081132859 0.0160136297 0.0895074233
    endloop
  endfacet
  facet normal 0.923767686 -0.359283477 0.132546246
    outer loop
      vertex 0.081132859 0.0160136297 0.0895074233
      vertex 0.081132859 0.0157522298 0.0887988657
      vertex 0.0813352317 0.0162168648 0.088647902
    endloop
  endfacet
  facet normal 0.923767745 -0.359283537 0.132546246
    outer loop
      vertex 0.081132859 0.0160136297 0.0895074233
      vertex 0.0813352317 0.0162168648 0.088647902
      vertex 0.0813352317 0.0164649859 0.0893204659
    endloop
  endfacet
  facet normal 0.923779011 0.359258235 -0.132536918
    outer loop
      vertex 0.0813352317 0.0164649859 0.0893204659
      vertex 0.0813352317 0.0162168648 0.088647902
      vertex 0.0811328739 0.0166815016 0.0884969309
    endloop
  endfacet
  facet normal 0.923779726 0.359256029 -0.132537678
    outer loop
      vertex 0.0813352317 0.0164649859 0.0893204659
      vertex 0.0811328739 0.0166815016 0.0884969309
      vertex 0.0811328739 0.0169163495 0.0891335085
    endloop
  endfacet
  facet normal 0.382439733 0.866869569 -0.319807798
    outer loop
      vertex 0.0811328739 0.0169163495 0.0891335085
      vertex 0.0811328739 0.0166815016 0.0884969309
      vertex 0.0806443244 0.0168739669 0.0884343982
    endloop
  endfacet
  facet normal 0.382436484 0.866871774 -0.319805652
    outer loop
      vertex 0.0811328739 0.0169163495 0.0891335085
      vertex 0.0806443244 0.0168739669 0.0884343982
      vertex 0.0806443244 0.0171033125 0.0890560672
    endloop
  endfacet
  facet normal -0.382420063 0.866878152 -0.319808006
    outer loop
      vertex 0.0806443244 0.0171033125 0.0890560672
      vertex 0.0806443244 0.0168739669 0.0884343982
      vertex 0.080155775 0.0166815147 0.0884969309
    endloop
  endfacet
  facet normal -0.382419527 0.866878211 -0.319808453
    outer loop
      vertex 0.0806443244 0.0171033125 0.0890560672
      vertex 0.080155775 0.0166815147 0.0884969309
      vertex 0.080155775 0.0169163607 0.0891335085
    endloop
  endfacet
  facet normal -0.923772931 0.359271556 -0.132542357
    outer loop
      vertex 0.080155775 0.0169163607 0.0891335085
      vertex 0.080155775 0.0166815147 0.0884969309
      vertex 0.0799534097 0.0162168816 0.088647902
    endloop
  endfacet
  facet normal -0.923773229 0.359271199 -0.132541686
    outer loop
      vertex 0.080155775 0.0169163607 0.0891335085
      vertex 0.0799534097 0.0162168816 0.088647902
      vertex 0.0799534097 0.0164650027 0.0893204659
    endloop
  endfacet
  facet normal -0.92377913 -0.359257609 0.13253668
    outer loop
      vertex 0.0799534097 0.0164650027 0.0893204659
      vertex 0.0799534097 0.0162168816 0.088647902
      vertex 0.0801557675 0.015752241 0.0887988657
    endloop
  endfacet
  facet normal -0.92377919 -0.359257668 0.132536724
    outer loop
      vertex 0.0799534097 0.0164650027 0.0893204659
      vertex 0.0801557675 0.015752241 0.0887988657
      vertex 0.0801557675 0.0160136409 0.0895074233
    endloop
  endfacet
  facet normal -0.382443339 -0.86686939 0.319804013
    outer loop
      vertex 0.0801557675 0.0160136409 0.0895074233
      vertex 0.0801557675 0.015752241 0.0887988657
      vertex 0.0806443095 0.0155597767 0.0888613984
    endloop
  endfacet
  facet normal -0.382444263 -0.86686933 0.319803208
    outer loop
      vertex 0.0801557675 0.0160136409 0.0895074233
      vertex 0.0806443095 0.0155597767 0.0888613984
      vertex 0.0806443095 0.015826676 0.0895848647
    endloop
  endfacet
  facet normal 0.382424444 -0.889294922 0.250810534
    outer loop
      vertex 0.0806443095 0.0155597767 0.0888613984
      vertex 0.0806443095 0.015350461 0.0881192312
      vertex 0.081132859 0.015547228 0.088071987
    endloop
  endfacet
  facet normal 0.382421315 -0.889296889 0.250808656
    outer loop
      vertex 0.0806443095 0.0155597767 0.0888613984
      vertex 0.081132859 0.015547228 0.088071987
      vertex 0.081132859 0.0157522298 0.0887988657
    endloop
  endfacet
  facet normal 0.923772693 -0.368563712 0.103946134
    outer loop
      vertex 0.081132859 0.0157522298 0.0887988657
      vertex 0.081132859 0.015547228 0.088071987
      vertex 0.0813352242 0.0160222743 0.087957941
    endloop
  endfacet
  facet normal 0.923767745 -0.368577749 0.103940457
    outer loop
      vertex 0.081132859 0.0157522298 0.0887988657
      vertex 0.0813352242 0.0160222743 0.087957941
      vertex 0.0813352317 0.0162168648 0.088647902
    endloop
  endfacet
  facet normal 0.923779309 0.368545562 -0.103951335
    outer loop
      vertex 0.0813352317 0.0162168648 0.088647902
      vertex 0.0813352242 0.0160222743 0.087957941
      vertex 0.0811328664 0.0164973252 0.0878438875
    endloop
  endfacet
  facet normal 0.923778951 0.368546456 -0.10395094
    outer loop
      vertex 0.0813352317 0.0162168648 0.088647902
      vertex 0.0811328664 0.0164973252 0.0878438875
      vertex 0.0811328739 0.0166815016 0.0884969309
    endloop
  endfacet
  facet normal 0.382445008 0.889286876 -0.25080812
    outer loop
      vertex 0.0811328739 0.0166815016 0.0884969309
      vertex 0.0811328664 0.0164973252 0.0878438875
      vertex 0.0806443244 0.0166941043 0.0877966508
    endloop
  endfacet
  facet normal 0.38244009 0.889289916 -0.250804633
    outer loop
      vertex 0.0811328739 0.0166815016 0.0884969309
      vertex 0.0806443244 0.0166941043 0.0877966508
      vertex 0.0806443244 0.0168739669 0.0884343982
    endloop
  endfacet
  facet normal -0.382419765 0.889297962 -0.250806928
    outer loop
      vertex 0.0806443244 0.0168739669 0.0884343982
      vertex 0.0806443244 0.0166941043 0.0877966508
      vertex 0.080155775 0.0164973382 0.0878438875
    endloop
  endfacet
  facet normal -0.382419825 0.889298022 -0.250806898
    outer loop
      vertex 0.0806443244 0.0168739669 0.0884343982
      vertex 0.080155775 0.0164973382 0.0878438875
      vertex 0.080155775 0.0166815147 0.0884969309
    endloop
  endfacet
  facet normal -0.92376858 0.368573666 -0.103948072
    outer loop
      vertex 0.080155775 0.0166815147 0.0884969309
      vertex 0.080155775 0.0164973382 0.0878438875
      vertex 0.0799534023 0.016022291 0.087957941
    endloop
  endfacet
  facet normal -0.923772871 0.368566036 -0.103937171
    outer loop
      vertex 0.080155775 0.0166815147 0.0884969309
      vertex 0.0799534023 0.016022291 0.087957941
      vertex 0.0799534097 0.0162168816 0.088647902
    endloop
  endfacet
  facet normal -0.923778713 -0.368546903 0.103951693
    outer loop
      vertex 0.0799534097 0.0162168816 0.088647902
      vertex 0.0799534023 0.016022291 0.087957941
      vertex 0.08015576 0.0155472402 0.088071987
    endloop
  endfacet
  facet normal -0.923779428 -0.368545651 0.103950046
    outer loop
      vertex 0.0799534097 0.0162168816 0.088647902
      vertex 0.08015576 0.0155472402 0.088071987
      vertex 0.0801557675 0.015752241 0.0887988657
    endloop
  endfacet
  facet normal -0.382443309 -0.889287412 0.250808775
    outer loop
      vertex 0.0801557675 0.015752241 0.0887988657
      vertex 0.08015576 0.0155472402 0.088071987
      vertex 0.0806443095 0.015350461 0.0881192312
    endloop
  endfacet
  facet normal -0.382443666 -0.889287293 0.250808418
    outer loop
      vertex 0.0801557675 0.015752241 0.0887988657
      vertex 0.0806443095 0.015350461 0.0881192312
      vertex 0.0806443095 0.0155597767 0.0888613984
    endloop
  endfacet
  facet normal 0.382420182 -0.906235337 0.180256143
    outer loop
      vertex 0.0806443095 0.015350461 0.0881192312
      vertex 0.0806443021 0.0152000217 0.0873629153
      vertex 0.0811328515 0.0153998882 0.0873312652
    endloop
  endfacet
  facet normal 0.382423908 -0.906233311 0.180258572
    outer loop
      vertex 0.0806443095 0.015350461 0.0881192312
      vertex 0.0811328515 0.0153998882 0.0873312652
      vertex 0.081132859 0.015547228 0.088071987
    endloop
  endfacet
  facet normal 0.923768461 -0.375594705 0.0747017339
    outer loop
      vertex 0.081132859 0.015547228 0.088071987
      vertex 0.0811328515 0.0153998882 0.0873312652
      vertex 0.0813352242 0.0158824194 0.0872548372
    endloop
  endfacet
  facet normal 0.923772693 -0.375583202 0.0747075155
    outer loop
      vertex 0.081132859 0.015547228 0.088071987
      vertex 0.0813352242 0.0158824194 0.0872548372
      vertex 0.0813352242 0.0160222743 0.087957941
    endloop
  endfacet
  facet normal 0.923778832 0.375568599 -0.0747045949
    outer loop
      vertex 0.0813352242 0.0160222743 0.087957941
      vertex 0.0813352242 0.0158824194 0.0872548372
      vertex 0.0811328664 0.0163649525 0.0871784091
    endloop
  endfacet
  facet normal 0.923779368 0.375567198 -0.0747053623
    outer loop
      vertex 0.0813352242 0.0160222743 0.087957941
      vertex 0.0811328664 0.0163649525 0.0871784091
      vertex 0.0811328664 0.0164973252 0.0878438875
    endloop
  endfacet
  facet normal 0.382446647 0.906223476 -0.180260032
    outer loop
      vertex 0.0811328664 0.0164973252 0.0878438875
      vertex 0.0811328664 0.0163649525 0.0871784091
      vertex 0.0806443244 0.0165648311 0.0871467516
    endloop
  endfacet
  facet normal 0.382445753 0.906223893 -0.180259362
    outer loop
      vertex 0.0811328664 0.0164973252 0.0878438875
      vertex 0.0806443244 0.0165648311 0.0871467516
      vertex 0.0806443244 0.0166941043 0.0877966508
    endloop
  endfacet
  facet normal -0.382420987 0.906233907 -0.180261359
    outer loop
      vertex 0.0806443244 0.0166941043 0.0877966508
      vertex 0.0806443244 0.0165648311 0.0871467516
      vertex 0.080155775 0.0163649656 0.0871784091
    endloop
  endfacet
  facet normal -0.382420182 0.906234205 -0.180262148
    outer loop
      vertex 0.0806443244 0.0166941043 0.0877966508
      vertex 0.080155775 0.0163649656 0.0871784091
      vertex 0.080155775 0.0164973382 0.0878438875
    endloop
  endfacet
  facet normal -0.923767924 0.375594467 -0.0747107863
    outer loop
      vertex 0.080155775 0.0164973382 0.0878438875
      vertex 0.080155775 0.0163649656 0.0871784091
      vertex 0.0799534023 0.0158824362 0.0872548372
    endloop
  endfacet
  facet normal -0.923768401 0.375593394 -0.074709557
    outer loop
      vertex 0.080155775 0.0164973382 0.0878438875
      vertex 0.0799534023 0.0158824362 0.0872548372
      vertex 0.0799534023 0.016022291 0.087957941
    endloop
  endfacet
  facet normal -0.923779845 -0.375566214 0.0747041255
    outer loop
      vertex 0.0799534023 0.016022291 0.087957941
      vertex 0.0799534023 0.0158824362 0.0872548372
      vertex 0.08015576 0.0153998993 0.0873312652
    endloop
  endfacet
  facet normal -0.923779011 -0.375567973 0.0747061968
    outer loop
      vertex 0.0799534023 0.016022291 0.087957941
      vertex 0.08015576 0.0153998993 0.0873312652
      vertex 0.08015576 0.0155472402 0.088071987
    endloop
  endfacet
  facet normal -0.382442772 -0.906224668 0.180261835
    outer loop
      vertex 0.08015576 0.0155472402 0.088071987
      vertex 0.08015576 0.0153998993 0.0873312652
      vertex 0.0806443021 0.0152000217 0.0873629153
    endloop
  endfacet
  facet normal -0.38244313 -0.906224549 0.180261552
    outer loop
      vertex 0.08015576 0.0155472402 0.088071987
      vertex 0.0806443021 0.0152000217 0.0873629153
      vertex 0.0806443095 0.015350461 0.0881192312
    endloop
  endfacet
  facet normal 0.382423103 -0.917582631 0.108603656
    outer loop
      vertex 0.0806443021 0.0152000217 0.0873629153
      vertex 0.0806443021 0.0151093854 0.0865971372
      vertex 0.0811328515 0.0153111201 0.08658126
    endloop
  endfacet
  facet normal 0.382420808 -0.917583764 0.108602107
    outer loop
      vertex 0.0806443021 0.0152000217 0.0873629153
      vertex 0.0811328515 0.0153111201 0.08658126
      vertex 0.0811328515 0.0153998882 0.0873312652
    endloop
  endfacet
  facet normal 0.923767984 -0.380298167 0.0450108014
    outer loop
      vertex 0.0811328515 0.0153998882 0.0873312652
      vertex 0.0811328515 0.0153111201 0.08658126
      vertex 0.0813352242 0.0157981589 0.0865429267
    endloop
  endfacet
  facet normal 0.923768401 -0.380297273 0.0450113229
    outer loop
      vertex 0.0811328515 0.0153998882 0.0873312652
      vertex 0.0813352242 0.0157981589 0.0865429267
      vertex 0.0813352242 0.0158824194 0.0872548372
    endloop
  endfacet
  facet normal 0.923778713 0.380272359 -0.0450083725
    outer loop
      vertex 0.0813352242 0.0158824194 0.0872548372
      vertex 0.0813352242 0.0157981589 0.0865429267
      vertex 0.0811328664 0.0162852015 0.0865046009
    endloop
  endfacet
  facet normal 0.923778832 0.38027215 -0.0450084955
    outer loop
      vertex 0.0813352242 0.0158824194 0.0872548372
      vertex 0.0811328664 0.0162852015 0.0865046009
      vertex 0.0811328664 0.0163649525 0.0871784091
    endloop
  endfacet
  facet normal 0.382442474 0.917574584 -0.108602881
    outer loop
      vertex 0.0811328664 0.0163649525 0.0871784091
      vertex 0.0811328664 0.0162852015 0.0865046009
      vertex 0.080644317 0.0164869484 0.0864887238
    endloop
  endfacet
  facet normal 0.382446706 0.917572379 -0.108606249
    outer loop
      vertex 0.0811328664 0.0163649525 0.0871784091
      vertex 0.080644317 0.0164869484 0.0864887238
      vertex 0.0806443244 0.0165648311 0.0871467516
    endloop
  endfacet
  facet normal -0.382421672 0.917583764 -0.108598948
    outer loop
      vertex 0.0806443244 0.0165648311 0.0871467516
      vertex 0.080644317 0.0164869484 0.0864887238
      vertex 0.0801557675 0.0162852146 0.0865046009
    endloop
  endfacet
  facet normal -0.382420719 0.917584062 -0.108599789
    outer loop
      vertex 0.0806443244 0.0165648311 0.0871467516
      vertex 0.0801557675 0.0162852146 0.0865046009
      vertex 0.080155775 0.0163649656 0.0871784091
    endloop
  endfacet
  facet normal -0.923772871 0.380287588 -0.0450001061
    outer loop
      vertex 0.080155775 0.0163649656 0.0871784091
      vertex 0.0801557675 0.0162852146 0.0865046009
      vertex 0.0799534023 0.0157981757 0.0865429267
    endloop
  endfacet
  facet normal -0.923767805 0.380298525 -0.0450114682
    outer loop
      vertex 0.080155775 0.0163649656 0.0871784091
      vertex 0.0799534023 0.0157981757 0.0865429267
      vertex 0.0799534023 0.0158824362 0.0872548372
    endloop
  endfacet
  facet normal -0.923779547 -0.380270541 0.0450081602
    outer loop
      vertex 0.0799534023 0.0158824362 0.0872548372
      vertex 0.0799534023 0.0157981757 0.0865429267
      vertex 0.08015576 0.0153111313 0.08658126
    endloop
  endfacet
  facet normal -0.923779845 -0.380269825 0.0450074486
    outer loop
      vertex 0.0799534023 0.0158824362 0.0872548372
      vertex 0.08015576 0.0153111313 0.08658126
      vertex 0.08015576 0.0153998993 0.0873312652
    endloop
  endfacet
  facet normal -0.382446051 -0.917573392 0.108600885
    outer loop
      vertex 0.08015576 0.0153998993 0.0873312652
      vertex 0.08015576 0.0153111313 0.08658126
      vertex 0.0806443021 0.0151093854 0.0865971372
    endloop
  endfacet
  facet normal -0.382443786 -0.917574167 0.10860265
    outer loop
      vertex 0.08015576 0.0153998993 0.0873312652
      vertex 0.0806443021 0.0151093854 0.0865971372
      vertex 0.0806443021 0.0152000217 0.0873629153
    endloop
  endfacet
  facet normal 0.382421821 -0.92327553 0.0362747572
    outer loop
      vertex 0.0806443021 0.0151093854 0.0865971372
      vertex 0.0806443021 0.0150791118 0.0858266056
      vertex 0.0811328515 0.0152814696 0.0858266056
    endloop
  endfacet
  facet normal 0.382423043 -0.923274934 0.0362756439
    outer loop
      vertex 0.0806443021 0.0151093854 0.0865971372
      vertex 0.0811328515 0.0152814696 0.0858266056
      vertex 0.0811328515 0.0153111201 0.08658126
    endloop
  endfacet
  facet normal 0.923767924 -0.382657588 0.0150346905
    outer loop
      vertex 0.0811328515 0.0153111201 0.08658126
      vertex 0.0811328515 0.0152814696 0.0858266056
      vertex 0.0813352242 0.0157700144 0.0858266056
    endloop
  endfacet
  facet normal 0.923767924 -0.382657439 0.0150347715
    outer loop
      vertex 0.0811328515 0.0153111201 0.08658126
      vertex 0.0813352242 0.0157700144 0.0858266056
      vertex 0.0813352242 0.0157981589 0.0865429267
    endloop
  endfacet
  facet normal 0.923779249 0.382630438 -0.0150337154
    outer loop
      vertex 0.0813352242 0.0157981589 0.0865429267
      vertex 0.0813352242 0.0157700144 0.0858266056
      vertex 0.0811328664 0.0162585638 0.0858266056
    endloop
  endfacet
  facet normal 0.923778892 0.382631153 -0.0150331678
    outer loop
      vertex 0.0813352242 0.0157981589 0.0865429267
      vertex 0.0811328664 0.0162585638 0.0858266056
      vertex 0.0811328664 0.0162852015 0.0865046009
    endloop
  endfacet
  facet normal 0.382442862 0.923266828 -0.0362741314
    outer loop
      vertex 0.0811328664 0.0162852015 0.0865046009
      vertex 0.0811328664 0.0162585638 0.0858266056
      vertex 0.080644317 0.0164609347 0.0858266056
    endloop
  endfacet
  facet normal 0.382442594 0.923267007 -0.0362738781
    outer loop
      vertex 0.0811328664 0.0162852015 0.0865046009
      vertex 0.080644317 0.0164609347 0.0858266056
      vertex 0.080644317 0.0164869484 0.0864887238
    endloop
  endfacet
  facet normal -0.382421821 0.923275471 -0.0362742059
    outer loop
      vertex 0.080644317 0.0164869484 0.0864887238
      vertex 0.080644317 0.0164609347 0.0858266056
      vertex 0.0801557675 0.0162585769 0.0858266056
    endloop
  endfacet
  facet normal -0.382421494 0.923275709 -0.036274489
    outer loop
      vertex 0.080644317 0.0164869484 0.0864887238
      vertex 0.0801557675 0.0162585769 0.0858266056
      vertex 0.0801557675 0.0162852146 0.0865046009
    endloop
  endfacet
  facet normal -0.923773229 0.382644981 -0.0150336977
    outer loop
      vertex 0.0801557675 0.0162852146 0.0865046009
      vertex 0.0801557675 0.0162585769 0.0858266056
      vertex 0.0799534023 0.0157700311 0.0858266056
    endloop
  endfacet
  facet normal -0.923772871 0.382645637 -0.0150343161
    outer loop
      vertex 0.0801557675 0.0162852146 0.0865046009
      vertex 0.0799534023 0.0157700311 0.0858266056
      vertex 0.0799534023 0.0157981757 0.0865429267
    endloop
  endfacet
  facet normal -0.923779368 -0.382629752 0.0150336884
    outer loop
      vertex 0.0799534023 0.0157981757 0.0865429267
      vertex 0.0799534023 0.0157700311 0.0858266056
      vertex 0.08015576 0.0152814807 0.0858266056
    endloop
  endfacet
  facet normal -0.923779428 -0.382629663 0.015033599
    outer loop
      vertex 0.0799534023 0.0157981757 0.0865429267
      vertex 0.08015576 0.0152814807 0.0858266056
      vertex 0.08015576 0.0153111313 0.08658126
    endloop
  endfacet
  facet normal -0.382444829 -0.923265934 0.0362752937
    outer loop
      vertex 0.08015576 0.0153111313 0.08658126
      vertex 0.08015576 0.0152814807 0.0858266056
      vertex 0.0806443021 0.0150791118 0.0858266056
    endloop
  endfacet
  facet normal -0.382446051 -0.923265576 0.0362743661
    outer loop
      vertex 0.08015576 0.0153111313 0.08658126
      vertex 0.0806443021 0.0150791118 0.0858266056
      vertex 0.0806443021 0.0151093854 0.0865971372
    endloop
  endfacet
  facet normal 0.382423043 -0.923275054 -0.0362750888
    outer loop
      vertex 0.0806443021 0.0150791118 0.0858266056
      vertex 0.0806443021 0.0151093854 0.0850560814
      vertex 0.0811328515 0.0153111201 0.0850719586
    endloop
  endfacet
  facet normal 0.382421821 -0.92327553 -0.0362760238
    outer loop
      vertex 0.0806443021 0.0150791118 0.0858266056
      vertex 0.0811328515 0.0153111201 0.0850719586
      vertex 0.0811328515 0.0152814696 0.0858266056
    endloop
  endfacet
  facet normal 0.923767984 -0.382657468 -0.0150348349
    outer loop
      vertex 0.0811328515 0.0152814696 0.0858266056
      vertex 0.0811328515 0.0153111201 0.0850719586
      vertex 0.0813352242 0.0157981589 0.0851102918
    endloop
  endfacet
  facet normal 0.923767924 -0.382657558 -0.0150349326
    outer loop
      vertex 0.0811328515 0.0152814696 0.0858266056
      vertex 0.0813352242 0.0157981589 0.0851102918
      vertex 0.0813352242 0.0157700144 0.0858266056
    endloop
  endfacet
  facet normal 0.923778892 0.382631093 0.015033897
    outer loop
      vertex 0.0813352242 0.0157700144 0.0858266056
      vertex 0.0813352242 0.0157981589 0.0851102918
      vertex 0.0811328664 0.0162852015 0.0851486176
    endloop
  endfacet
  facet normal 0.92377913 0.382630408 0.0150332842
    outer loop
      vertex 0.0813352242 0.0157700144 0.0858266056
      vertex 0.0811328664 0.0162852015 0.0851486176
      vertex 0.0811328664 0.0162585638 0.0858266056
    endloop
  endfacet
  facet normal 0.382442564 0.923267007 0.0362745374
    outer loop
      vertex 0.0811328664 0.0162585638 0.0858266056
      vertex 0.0811328664 0.0162852015 0.0851486176
      vertex 0.080644317 0.0164869484 0.0851644948
    endloop
  endfacet
  facet normal 0.382442892 0.923266888 0.0362742804
    outer loop
      vertex 0.0811328664 0.0162585638 0.0858266056
      vertex 0.080644317 0.0164869484 0.0851644948
      vertex 0.080644317 0.0164609347 0.0858266056
    endloop
  endfacet
  facet normal -0.382421523 0.923275709 0.0362746269
    outer loop
      vertex 0.080644317 0.0164609347 0.0858266056
      vertex 0.080644317 0.0164869484 0.0851644948
      vertex 0.0801557675 0.0162852146 0.0851486176
    endloop
  endfacet
  facet normal -0.382421821 0.92327553 0.0362748802
    outer loop
      vertex 0.080644317 0.0164609347 0.0858266056
      vertex 0.0801557675 0.0162852146 0.0851486176
      vertex 0.0801557675 0.0162585769 0.0858266056
    endloop
  endfacet
  facet normal -0.923772812 0.382645667 0.0150338896
    outer loop
      vertex 0.0801557675 0.0162585769 0.0858266056
      vertex 0.0801557675 0.0162852146 0.0851486176
      vertex 0.0799534023 0.0157981757 0.0851102918
    endloop
  endfacet
  facet normal -0.92377317 0.382644951 0.0150344456
    outer loop
      vertex 0.0801557675 0.0162585769 0.0858266056
      vertex 0.0799534023 0.0157981757 0.0851102918
      vertex 0.0799534023 0.0157700311 0.0858266056
    endloop
  endfacet
  facet normal -0.923779428 -0.382629633 -0.0150338402
    outer loop
      vertex 0.0799534023 0.0157700311 0.0858266056
      vertex 0.0799534023 0.0157981757 0.0851102918
      vertex 0.08015576 0.0153111313 0.0850719586
    endloop
  endfacet
  facet normal -0.923779368 -0.382629812 -0.015033735
    outer loop
      vertex 0.0799534023 0.0157700311 0.0858266056
      vertex 0.08015576 0.0153111313 0.0850719586
      vertex 0.08015576 0.0152814807 0.0858266056
    endloop
  endfacet
  facet normal -0.382446051 -0.923265457 -0.0362756364
    outer loop
      vertex 0.08015576 0.0152814807 0.0858266056
      vertex 0.08015576 0.0153111313 0.0850719586
      vertex 0.0806443021 0.0151093854 0.0850560814
    endloop
  endfacet
  facet normal -0.382444829 -0.923266053 -0.0362747349
    outer loop
      vertex 0.08015576 0.0152814807 0.0858266056
      vertex 0.0806443021 0.0151093854 0.0850560814
      vertex 0.0806443021 0.0150791118 0.0858266056
    endloop
  endfacet
  facet normal 0.382422239 -0.917583048 -0.10860265
    outer loop
      vertex 0.0806443021 0.0151093854 0.0850560814
      vertex 0.0806443021 0.0152000217 0.0842902958
      vertex 0.0811328515 0.0153998882 0.0843219534
    endloop
  endfacet
  facet normal 0.382423103 -0.91758275 -0.108601987
    outer loop
      vertex 0.0806443021 0.0151093854 0.0850560814
      vertex 0.0811328515 0.0153998882 0.0843219534
      vertex 0.0811328515 0.0153111201 0.0850719586
    endloop
  endfacet
  facet normal 0.923767805 -0.380298615 -0.0450108536
    outer loop
      vertex 0.0811328515 0.0153111201 0.0850719586
      vertex 0.0811328515 0.0153998882 0.0843219534
      vertex 0.0813352242 0.0158824176 0.0843983814
    endloop
  endfacet
  facet normal 0.923767984 -0.380298227 -0.0450104326
    outer loop
      vertex 0.0811328515 0.0153111201 0.0850719586
      vertex 0.0813352242 0.0158824176 0.0843983814
      vertex 0.0813352242 0.0157981589 0.0851102918
    endloop
  endfacet
  facet normal 0.923779368 0.380271137 0.0450072363
    outer loop
      vertex 0.0813352242 0.0157981589 0.0851102918
      vertex 0.0813352242 0.0158824176 0.0843983814
      vertex 0.0811328664 0.0163649525 0.0844748095
    endloop
  endfacet
  facet normal 0.923778772 0.380272329 0.0450085141
    outer loop
      vertex 0.0813352242 0.0157981589 0.0851102918
      vertex 0.0811328664 0.0163649525 0.0844748095
      vertex 0.0811328664 0.0162852015 0.0851486176
    endloop
  endfacet
  facet normal 0.382445276 0.917573512 0.108602755
    outer loop
      vertex 0.0811328664 0.0162852015 0.0851486176
      vertex 0.0811328664 0.0163649525 0.0844748095
      vertex 0.0806443244 0.0165648311 0.0845064595
    endloop
  endfacet
  facet normal 0.382442445 0.917574406 0.108605273
    outer loop
      vertex 0.0811328664 0.0162852015 0.0851486176
      vertex 0.0806443244 0.0165648311 0.0845064595
      vertex 0.080644317 0.0164869484 0.0851644948
    endloop
  endfacet
  facet normal -0.382414281 0.917586923 0.108598083
    outer loop
      vertex 0.080644317 0.0164869484 0.0851644948
      vertex 0.0806443244 0.0165648311 0.0845064595
      vertex 0.0801557675 0.0163649656 0.0844748095
    endloop
  endfacet
  facet normal -0.382421613 0.917583227 0.108603902
    outer loop
      vertex 0.080644317 0.0164869484 0.0851644948
      vertex 0.0801557675 0.0163649656 0.0844748095
      vertex 0.0801557675 0.0162852146 0.0851486176
    endloop
  endfacet
  facet normal -0.923773348 0.380285323 0.0450100489
    outer loop
      vertex 0.0801557675 0.0162852146 0.0851486176
      vertex 0.0801557675 0.0163649656 0.0844748095
      vertex 0.0799534023 0.0158824343 0.0843983814
    endloop
  endfacet
  facet normal -0.923772752 0.380286843 0.0450090803
    outer loop
      vertex 0.0801557675 0.0162852146 0.0851486176
      vertex 0.0799534023 0.0158824343 0.0843983814
      vertex 0.0799534023 0.0157981757 0.0851102918
    endloop
  endfacet
  facet normal -0.923779368 -0.380271137 -0.0450072363
    outer loop
      vertex 0.0799534023 0.0157981757 0.0851102918
      vertex 0.0799534023 0.0158824343 0.0843983814
      vertex 0.08015576 0.0153998993 0.0843219534
    endloop
  endfacet
  facet normal -0.923779607 -0.38027063 -0.0450075418
    outer loop
      vertex 0.0799534023 0.0157981757 0.0851102918
      vertex 0.08015576 0.0153998993 0.0843219534
      vertex 0.08015576 0.0153111313 0.0850719586
    endloop
  endfacet
  facet normal -0.382445127 -0.91757369 -0.108600922
    outer loop
      vertex 0.08015576 0.0153111313 0.0850719586
      vertex 0.08015576 0.0153998993 0.0843219534
      vertex 0.0806443021 0.0152000217 0.0842902958
    endloop
  endfacet
  facet normal -0.382445991 -0.917573333 -0.108601503
    outer loop
      vertex 0.08015576 0.0153111313 0.0850719586
      vertex 0.0806443021 0.0152000217 0.0842902958
      vertex 0.0806443021 0.0151093854 0.0850560814
    endloop
  endfacet
  facet normal 0.382422388 -0.906234384 -0.18025662
    outer loop
      vertex 0.0806443021 0.0152000217 0.0842902958
      vertex 0.0806443095 0.0153504601 0.0835339874
      vertex 0.081132859 0.0155472262 0.0835812315
    endloop
  endfacet
  facet normal 0.382422537 -0.906234324 -0.180256486
    outer loop
      vertex 0.0806443021 0.0152000217 0.0842902958
      vertex 0.081132859 0.0155472262 0.0835812315
      vertex 0.0811328515 0.0153998882 0.0843219534
    endloop
  endfacet
  facet normal 0.923772633 -0.375585198 -0.0746989027
    outer loop
      vertex 0.0811328515 0.0153998882 0.0843219534
      vertex 0.081132859 0.0155472262 0.0835812315
      vertex 0.0813352242 0.0160222724 0.0836952776
    endloop
  endfacet
  facet normal 0.923767865 -0.375594646 -0.0747097731
    outer loop
      vertex 0.0811328515 0.0153998882 0.0843219534
      vertex 0.0813352242 0.0160222724 0.0836952776
      vertex 0.0813352242 0.0158824176 0.0843983814
    endloop
  endfacet
  facet normal 0.923779845 0.375566214 0.0747041255
    outer loop
      vertex 0.0813352242 0.0158824176 0.0843983814
      vertex 0.0813352242 0.0160222724 0.0836952776
      vertex 0.0811328664 0.0164973252 0.0838093311
    endloop
  endfacet
  facet normal 0.923779368 0.375567287 0.0747053698
    outer loop
      vertex 0.0813352242 0.0158824176 0.0843983814
      vertex 0.0811328664 0.0164973252 0.0838093311
      vertex 0.0811328664 0.0163649525 0.0844748095
    endloop
  endfacet
  facet normal 0.382442832 0.906224966 0.180260316
    outer loop
      vertex 0.0811328664 0.0163649525 0.0844748095
      vertex 0.0811328664 0.0164973252 0.0838093311
      vertex 0.0806443244 0.0166941024 0.0838565677
    endloop
  endfacet
  facet normal 0.382444322 0.906224549 0.180258974
    outer loop
      vertex 0.0811328664 0.0163649525 0.0844748095
      vertex 0.0806443244 0.0166941024 0.0838565677
      vertex 0.0806443244 0.0165648311 0.0845064595
    endloop
  endfacet
  facet normal -0.382420123 0.906234443 0.180260941
    outer loop
      vertex 0.0806443244 0.0165648311 0.0845064595
      vertex 0.0806443244 0.0166941024 0.0838565677
      vertex 0.080155775 0.0164973363 0.0838093311
    endloop
  endfacet
  facet normal -0.382413745 0.906238139 0.180256128
    outer loop
      vertex 0.0806443244 0.0165648311 0.0845064595
      vertex 0.080155775 0.0164973363 0.0838093311
      vertex 0.0801557675 0.0163649656 0.0844748095
    endloop
  endfacet
  facet normal -0.923768282 0.375595778 0.0746996477
    outer loop
      vertex 0.0801557675 0.0163649656 0.0844748095
      vertex 0.080155775 0.0164973363 0.0838093311
      vertex 0.0799534023 0.0160222892 0.0836952776
    endloop
  endfacet
  facet normal -0.923773408 0.375581622 0.0747071877
    outer loop
      vertex 0.0801557675 0.0163649656 0.0844748095
      vertex 0.0799534023 0.0160222892 0.0836952776
      vertex 0.0799534023 0.0158824343 0.0843983814
    endloop
  endfacet
  facet normal -0.923778951 -0.37556839 -0.0747045577
    outer loop
      vertex 0.0799534023 0.0158824343 0.0843983814
      vertex 0.0799534023 0.0160222892 0.0836952776
      vertex 0.08015576 0.0155472383 0.0835812315
    endloop
  endfacet
  facet normal -0.923779428 -0.375567317 -0.0747051015
    outer loop
      vertex 0.0799534023 0.0158824343 0.0843983814
      vertex 0.08015576 0.0155472383 0.0835812315
      vertex 0.08015576 0.0153998993 0.0843219534
    endloop
  endfacet
  facet normal -0.38244167 -0.906225622 -0.180259764
    outer loop
      vertex 0.08015576 0.0153998993 0.0843219534
      vertex 0.08015576 0.0155472383 0.0835812315
      vertex 0.0806443095 0.0153504601 0.0835339874
    endloop
  endfacet
  facet normal -0.382445127 -0.906223714 -0.180262014
    outer loop
      vertex 0.08015576 0.0153998993 0.0843219534
      vertex 0.0806443095 0.0153504601 0.0835339874
      vertex 0.0806443021 0.0152000217 0.0842902958
    endloop
  endfacet
  facet normal 0.382421315 -0.889297247 -0.250807554
    outer loop
      vertex 0.0806443095 0.0153504601 0.0835339874
      vertex 0.0806443095 0.0155597748 0.0827918127
      vertex 0.081132859 0.015752228 0.0828543454
    endloop
  endfacet
  facet normal 0.382423103 -0.88929683 -0.250806063
    outer loop
      vertex 0.0806443095 0.0153504601 0.0835339874
      vertex 0.081132859 0.015752228 0.0828543454
      vertex 0.081132859 0.0155472262 0.0835812315
    endloop
  endfacet
  facet normal 0.923772931 -0.368563473 -0.103945009
    outer loop
      vertex 0.081132859 0.0155472262 0.0835812315
      vertex 0.081132859 0.015752228 0.0828543454
      vertex 0.0813352242 0.0162168611 0.0830053166
    endloop
  endfacet
  facet normal 0.923772693 -0.36856389 -0.103945531
    outer loop
      vertex 0.081132859 0.0155472262 0.0835812315
      vertex 0.0813352242 0.0162168611 0.0830053166
      vertex 0.0813352242 0.0160222724 0.0836952776
    endloop
  endfacet
  facet normal 0.923784316 0.368536741 0.103937872
    outer loop
      vertex 0.0813352242 0.0160222724 0.0836952776
      vertex 0.0813352242 0.0162168611 0.0830053166
      vertex 0.0811328739 0.0166814998 0.0831562877
    endloop
  endfacet
  facet normal 0.923779905 0.368544847 0.103949443
    outer loop
      vertex 0.0813352242 0.0160222724 0.0836952776
      vertex 0.0811328739 0.0166814998 0.0831562877
      vertex 0.0811328664 0.0164973252 0.0838093311
    endloop
  endfacet
  facet normal 0.38244009 0.889289498 0.250806302
    outer loop
      vertex 0.0811328664 0.0164973252 0.0838093311
      vertex 0.0811328739 0.0166814998 0.0831562877
      vertex 0.0806443244 0.016873965 0.0832188204
    endloop
  endfacet
  facet normal 0.382442147 0.889289081 0.250804394
    outer loop
      vertex 0.0811328664 0.0164973252 0.0838093311
      vertex 0.0806443244 0.016873965 0.0832188204
      vertex 0.0806443244 0.0166941024 0.0838565677
    endloop
  endfacet
  facet normal -0.382419825 0.889297962 0.250806928
    outer loop
      vertex 0.0806443244 0.0166941024 0.0838565677
      vertex 0.0806443244 0.016873965 0.0832188204
      vertex 0.080155775 0.0166815128 0.0831562877
    endloop
  endfacet
  facet normal -0.382419825 0.889298081 0.250806928
    outer loop
      vertex 0.0806443244 0.0166941024 0.0838565677
      vertex 0.080155775 0.0166815128 0.0831562877
      vertex 0.080155775 0.0164973363 0.0838093311
    endloop
  endfacet
  facet normal -0.923773408 0.368562341 0.103944875
    outer loop
      vertex 0.080155775 0.0164973363 0.0838093311
      vertex 0.080155775 0.0166815128 0.0831562877
      vertex 0.0799534097 0.0162168778 0.0830053166
    endloop
  endfacet
  facet normal -0.92376864 0.368575901 0.103938937
    outer loop
      vertex 0.080155775 0.0164973363 0.0838093311
      vertex 0.0799534097 0.0162168778 0.0830053166
      vertex 0.0799534023 0.0160222892 0.0836952776
    endloop
  endfacet
  facet normal -0.923784494 -0.36853385 -0.103947021
    outer loop
      vertex 0.0799534023 0.0160222892 0.0836952776
      vertex 0.0799534097 0.0162168778 0.0830053166
      vertex 0.08015576 0.0157522392 0.0828543454
    endloop
  endfacet
  facet normal -0.923778951 -0.368549615 -0.103940621
    outer loop
      vertex 0.0799534023 0.0160222892 0.0836952776
      vertex 0.08015576 0.0157522392 0.0828543454
      vertex 0.08015576 0.0155472383 0.0835812315
    endloop
  endfacet
  facet normal -0.38243866 -0.889290988 -0.250803292
    outer loop
      vertex 0.08015576 0.0155472383 0.0835812315
      vertex 0.08015576 0.0157522392 0.0828543454
      vertex 0.0806443095 0.0155597748 0.0827918127
    endloop
  endfacet
  facet normal -0.382441878 -0.889288962 -0.250805229
    outer loop
      vertex 0.08015576 0.0155472383 0.0835812315
      vertex 0.0806443095 0.0155597748 0.0827918127
      vertex 0.0806443095 0.0153504601 0.0835339874
    endloop
  endfacet
  facet normal 0.382422358 -0.866876662 -0.319809258
    outer loop
      vertex 0.0806443095 0.0155597748 0.0827918127
      vertex 0.0806443095 0.0158266742 0.0820683539
      vertex 0.081132859 0.0160136279 0.0821457952
    endloop
  endfacet
  facet normal 0.382421374 -0.866876721 -0.319810063
    outer loop
      vertex 0.0806443095 0.0155597748 0.0827918127
      vertex 0.081132859 0.0160136279 0.0821457952
      vertex 0.081132859 0.015752228 0.0828543454
    endloop
  endfacet
  facet normal 0.923767745 -0.359283 -0.132547468
    outer loop
      vertex 0.081132859 0.015752228 0.0828543454
      vertex 0.081132859 0.0160136279 0.0821457952
      vertex 0.0813352317 0.016464984 0.0823327526
    endloop
  endfacet
  facet normal 0.92377311 -0.359274417 -0.132533655
    outer loop
      vertex 0.081132859 0.015752228 0.0828543454
      vertex 0.0813352317 0.016464984 0.0823327526
      vertex 0.0813352242 0.0162168611 0.0830053166
    endloop
  endfacet
  facet normal 0.923779249 0.359253645 0.132546455
    outer loop
      vertex 0.0813352242 0.0162168611 0.0830053166
      vertex 0.0813352317 0.016464984 0.0823327526
      vertex 0.0811328739 0.0169163458 0.0825197101
    endloop
  endfacet
  facet normal 0.923784435 0.359245658 0.13253279
    outer loop
      vertex 0.0813352242 0.0162168611 0.0830053166
      vertex 0.0811328739 0.0169163458 0.0825197101
      vertex 0.0811328739 0.0166814998 0.0831562877
    endloop
  endfacet
  facet normal 0.382439286 0.866870522 0.319805592
    outer loop
      vertex 0.0811328739 0.0166814998 0.0831562877
      vertex 0.0811328739 0.0169163458 0.0825197101
      vertex 0.0806443244 0.0171033107 0.0825971514
    endloop
  endfacet
  facet normal 0.382439762 0.866870463 0.319805175
    outer loop
      vertex 0.0811328739 0.0166814998 0.0831562877
      vertex 0.0806443244 0.0171033107 0.0825971514
      vertex 0.0806443244 0.016873965 0.0832188204
    endloop
  endfacet
  facet normal -0.382422328 0.866877258 0.319807678
    outer loop
      vertex 0.0806443244 0.016873965 0.0832188204
      vertex 0.0806443244 0.0171033107 0.0825971514
      vertex 0.080155775 0.016916357 0.0825197101
    endloop
  endfacet
  facet normal -0.382420033 0.866878927 0.319806159
    outer loop
      vertex 0.0806443244 0.016873965 0.0832188204
      vertex 0.080155775 0.016916357 0.0825197101
      vertex 0.080155775 0.0166815128 0.0831562877
    endloop
  endfacet
  facet normal -0.923772812 0.35927245 0.132541642
    outer loop
      vertex 0.080155775 0.0166815128 0.0831562877
      vertex 0.080155775 0.016916357 0.0825197101
      vertex 0.0799534097 0.0164650008 0.0823327526
    endloop
  endfacet
  facet normal -0.923773468 0.359270304 0.132542372
    outer loop
      vertex 0.080155775 0.0166815128 0.0831562877
      vertex 0.0799534097 0.0164650008 0.0823327526
      vertex 0.0799534097 0.0162168778 0.0830053166
    endloop
  endfacet
  facet normal -0.92377919 -0.35925734 -0.132537574
    outer loop
      vertex 0.0799534097 0.0162168778 0.0830053166
      vertex 0.0799534097 0.0164650008 0.0823327526
      vertex 0.0801557675 0.016013639 0.0821457952
    endloop
  endfacet
  facet normal -0.923784256 -0.359242529 -0.132542253
    outer loop
      vertex 0.0799534097 0.0162168778 0.0830053166
      vertex 0.0801557675 0.016013639 0.0821457952
      vertex 0.08015576 0.0157522392 0.0828543454
    endloop
  endfacet
  facet normal -0.382444322 -0.866866589 -0.319810331
    outer loop
      vertex 0.08015576 0.0157522392 0.0828543454
      vertex 0.0801557675 0.016013639 0.0821457952
      vertex 0.0806443095 0.0158266742 0.0820683539
    endloop
  endfacet
  facet normal -0.382438332 -0.866870522 -0.319806993
    outer loop
      vertex 0.08015576 0.0157522392 0.0828543454
      vertex 0.0806443095 0.0158266742 0.0820683539
      vertex 0.0806443095 0.0155597748 0.0827918127
    endloop
  endfacet
  facet normal 0.382422298 -0.839115202 -0.386831939
    outer loop
      vertex 0.0806443095 0.0158266742 0.0820683539
      vertex 0.080644317 0.0161495134 0.0813680589
      vertex 0.0811328664 0.0163298137 0.081459932
    endloop
  endfacet
  facet normal 0.382422715 -0.839115083 -0.386831522
    outer loop
      vertex 0.0806443095 0.0158266742 0.0820683539
      vertex 0.0811328664 0.0163298137 0.081459932
      vertex 0.081132859 0.0160136279 0.0821457952
    endloop
  endfacet
  facet normal 0.923772871 -0.347769111 -0.160313025
    outer loop
      vertex 0.081132859 0.0160136279 0.0821457952
      vertex 0.0811328664 0.0163298137 0.081459932
      vertex 0.0813352317 0.0167651102 0.0816817284
    endloop
  endfacet
  facet normal 0.923767745 -0.347776353 -0.160327017
    outer loop
      vertex 0.081132859 0.0160136279 0.0821457952
      vertex 0.0813352317 0.0167651102 0.0816817284
      vertex 0.0813352317 0.016464984 0.0823327526
    endloop
  endfacet
  facet normal 0.923778534 0.347752661 0.16031608
    outer loop
      vertex 0.0813352317 0.016464984 0.0823327526
      vertex 0.0813352317 0.0167651102 0.0816817284
      vertex 0.0811328739 0.0172004122 0.0819035172
    endloop
  endfacet
  facet normal 0.92377913 0.347751886 0.160314471
    outer loop
      vertex 0.0813352317 0.016464984 0.0823327526
      vertex 0.0811328739 0.0172004122 0.0819035172
      vertex 0.0811328739 0.0169163458 0.0825197101
    endloop
  endfacet
  facet normal 0.382446378 0.839105248 0.386829585
    outer loop
      vertex 0.0811328739 0.0169163458 0.0825197101
      vertex 0.0811328739 0.0172004122 0.0819035172
      vertex 0.0806443319 0.0173807256 0.0819953904
    endloop
  endfacet
  facet normal 0.382439047 0.839105427 0.386836648
    outer loop
      vertex 0.0811328739 0.0169163458 0.0825197101
      vertex 0.0806443319 0.0173807256 0.0819953904
      vertex 0.0806443244 0.0171033107 0.0825971514
    endloop
  endfacet
  facet normal -0.38242501 0.839114249 0.386831254
    outer loop
      vertex 0.0806443244 0.0171033107 0.0825971514
      vertex 0.0806443319 0.0173807256 0.0819953904
      vertex 0.0801557824 0.0172004234 0.0819035172
    endloop
  endfacet
  facet normal -0.382422745 0.839115977 0.386829913
    outer loop
      vertex 0.0806443244 0.0171033107 0.0825971514
      vertex 0.0801557824 0.0172004234 0.0819035172
      vertex 0.080155775 0.016916357 0.0825197101
    endloop
  endfacet
  facet normal -0.92376703 0.347782671 0.16031751
    outer loop
      vertex 0.080155775 0.016916357 0.0825197101
      vertex 0.0801557824 0.0172004234 0.0819035172
      vertex 0.0799534097 0.016765127 0.0816817284
    endloop
  endfacet
  facet normal -0.923772693 0.347765476 0.160321981
    outer loop
      vertex 0.080155775 0.016916357 0.0825197101
      vertex 0.0799534097 0.016765127 0.0816817284
      vertex 0.0799534097 0.0164650008 0.0823327526
    endloop
  endfacet
  facet normal -0.923779428 -0.347750753 -0.160315201
    outer loop
      vertex 0.0799534097 0.0164650008 0.0823327526
      vertex 0.0799534097 0.016765127 0.0816817284
      vertex 0.0801557675 0.0163298249 0.081459932
    endloop
  endfacet
  facet normal -0.92377907 -0.347751617 -0.160314992
    outer loop
      vertex 0.0799534097 0.0164650008 0.0823327526
      vertex 0.0801557675 0.0163298249 0.081459932
      vertex 0.0801557675 0.016013639 0.0821457952
    endloop
  endfacet
  facet normal -0.38243866 -0.839107573 -0.386832178
    outer loop
      vertex 0.0801557675 0.016013639 0.0821457952
      vertex 0.0801557675 0.0163298249 0.081459932
      vertex 0.080644317 0.0161495134 0.0813680589
    endloop
  endfacet
  facet normal -0.382444024 -0.839103878 -0.38683486
    outer loop
      vertex 0.0801557675 0.016013639 0.0821457952
      vertex 0.080644317 0.0161495134 0.0813680589
      vertex 0.0806443095 0.0158266742 0.0820683539
    endloop
  endfacet
  facet normal 0.382414281 -0.806177676 -0.451482952
    outer loop
      vertex 0.080644317 0.0161495134 0.0813680589
      vertex 0.080644317 0.0165263023 0.0806952566
      vertex 0.0811328739 0.0166988391 0.0808009878
    endloop
  endfacet
  facet normal 0.382423043 -0.806177735 -0.451475501
    outer loop
      vertex 0.080644317 0.0161495134 0.0813680589
      vertex 0.0811328739 0.0166988391 0.0808009878
      vertex 0.0811328664 0.0163298137 0.081459932
    endloop
  endfacet
  facet normal 0.923772752 -0.33411929 -0.187104791
    outer loop
      vertex 0.0811328664 0.0163298137 0.081459932
      vertex 0.0811328739 0.0166988391 0.0808009878
      vertex 0.0813352391 0.0171153918 0.0810562521
    endloop
  endfacet
  facet normal 0.92377317 -0.334118724 -0.18710348
    outer loop
      vertex 0.0811328664 0.0163298137 0.081459932
      vertex 0.0813352391 0.0171153918 0.0810562521
      vertex 0.0813352317 0.0167651102 0.0816817284
    endloop
  endfacet
  facet normal 0.923779309 0.334096491 0.187113002
    outer loop
      vertex 0.0813352317 0.0167651102 0.0816817284
      vertex 0.0813352391 0.0171153918 0.0810562521
      vertex 0.0811328813 0.01753195 0.0813115165
    endloop
  endfacet
  facet normal 0.923778236 0.334097773 0.187116161
    outer loop
      vertex 0.0813352317 0.0167651102 0.0816817284
      vertex 0.0811328813 0.01753195 0.0813115165
      vertex 0.0811328739 0.0172004122 0.0819035172
    endloop
  endfacet
  facet normal 0.382443577 0.80616492 0.451480836
    outer loop
      vertex 0.0811328739 0.0172004122 0.0819035172
      vertex 0.0811328813 0.01753195 0.0813115165
      vertex 0.0806443319 0.0177044999 0.0814172551
    endloop
  endfacet
  facet normal 0.382446229 0.80616504 0.451478302
    outer loop
      vertex 0.0811328739 0.0172004122 0.0819035172
      vertex 0.0806443319 0.0177044999 0.0814172551
      vertex 0.0806443319 0.0173807256 0.0819953904
    endloop
  endfacet
  facet normal -0.382427871 0.806171775 0.451482058
    outer loop
      vertex 0.0806443319 0.0173807256 0.0819953904
      vertex 0.0806443319 0.0177044999 0.0814172551
      vertex 0.0801557824 0.0175319612 0.0813115165
    endloop
  endfacet
  facet normal -0.382425517 0.806173503 0.451480836
    outer loop
      vertex 0.0806443319 0.0173807256 0.0819953904
      vertex 0.0801557824 0.0175319612 0.0813115165
      vertex 0.0801557824 0.0172004234 0.0819035172
    endloop
  endfacet
  facet normal -0.923772871 0.334113955 0.187113628
    outer loop
      vertex 0.0801557824 0.0172004234 0.0819035172
      vertex 0.0801557824 0.0175319612 0.0813115165
      vertex 0.0799534172 0.0171154086 0.0810562521
    endloop
  endfacet
  facet normal -0.923767209 0.33413139 0.187110528
    outer loop
      vertex 0.0801557824 0.0172004234 0.0819035172
      vertex 0.0799534172 0.0171154086 0.0810562521
      vertex 0.0799534097 0.016765127 0.0816817284
    endloop
  endfacet
  facet normal -0.923779309 -0.334096491 -0.187112987
    outer loop
      vertex 0.0799534097 0.016765127 0.0816817284
      vertex 0.0799534172 0.0171154086 0.0810562521
      vertex 0.080155775 0.0166988503 0.0808009878
    endloop
  endfacet
  facet normal -0.923779249 -0.334096581 -0.187112957
    outer loop
      vertex 0.0799534097 0.016765127 0.0816817284
      vertex 0.080155775 0.0166988503 0.0808009878
      vertex 0.0801557675 0.0163298249 0.081459932
    endloop
  endfacet
  facet normal -0.382440001 -0.806167841 -0.451478601
    outer loop
      vertex 0.0801557675 0.0163298249 0.081459932
      vertex 0.080155775 0.0166988503 0.0808009878
      vertex 0.080644317 0.0165263023 0.0806952566
    endloop
  endfacet
  facet normal -0.382438689 -0.806168854 -0.451478064
    outer loop
      vertex 0.0801557675 0.0163298249 0.081459932
      vertex 0.080644317 0.0165263023 0.0806952566
      vertex 0.080644317 0.0161495134 0.0813680589
    endloop
  endfacet
  facet normal 0.382425159 -0.768271565 -0.513332009
    outer loop
      vertex 0.080644317 0.0165263023 0.0806952566
      vertex 0.0806443244 0.0169547163 0.080054082
      vertex 0.0811328739 0.017118426 0.0801730305
    endloop
  endfacet
  facet normal 0.382414371 -0.76827085 -0.513341248
    outer loop
      vertex 0.080644317 0.0165263023 0.0806952566
      vertex 0.0811328739 0.017118426 0.0801730305
      vertex 0.0811328739 0.0166988391 0.0808009878
    endloop
  endfacet
  facet normal 0.923767924 -0.318413943 -0.212757006
    outer loop
      vertex 0.0811328739 0.0166988391 0.0808009878
      vertex 0.0811328739 0.017118426 0.0801730305
      vertex 0.0813352466 0.0175136663 0.0804601908
    endloop
  endfacet
  facet normal 0.92377305 -0.318408966 -0.212742016
    outer loop
      vertex 0.0811328739 0.0166988391 0.0808009878
      vertex 0.0813352466 0.0175136663 0.0804601908
      vertex 0.0813352391 0.0171153918 0.0810562521
    endloop
  endfacet
  facet normal 0.923774302 0.318395793 0.212756306
    outer loop
      vertex 0.0813352391 0.0171153918 0.0810562521
      vertex 0.0813352466 0.0175136663 0.0804601908
      vertex 0.0811328813 0.0179089122 0.0807473511
    endloop
  endfacet
  facet normal 0.92377913 0.318391323 0.212741643
    outer loop
      vertex 0.0813352391 0.0171153918 0.0810562521
      vertex 0.0811328813 0.0179089122 0.0807473511
      vertex 0.0811328813 0.01753195 0.0813115165
    endloop
  endfacet
  facet normal 0.382445246 0.768260479 0.513333678
    outer loop
      vertex 0.0811328813 0.01753195 0.0813115165
      vertex 0.0811328813 0.0179089122 0.0807473511
      vertex 0.0806443393 0.0180726331 0.0808662996
    endloop
  endfacet
  facet normal 0.382443488 0.768260241 0.513335347
    outer loop
      vertex 0.0811328813 0.01753195 0.0813115165
      vertex 0.0806443393 0.0180726331 0.0808662996
      vertex 0.0806443319 0.0177044999 0.0814172551
    endloop
  endfacet
  facet normal -0.382425219 0.768271327 0.513332367
    outer loop
      vertex 0.0806443319 0.0177044999 0.0814172551
      vertex 0.0806443393 0.0180726331 0.0808662996
      vertex 0.0801557899 0.0179089233 0.0807473511
    endloop
  endfacet
  facet normal -0.382428586 0.768268526 0.513333976
    outer loop
      vertex 0.0806443319 0.0177044999 0.0814172551
      vertex 0.0801557899 0.0179089233 0.0807473511
      vertex 0.0801557824 0.0175319612 0.0813115165
    endloop
  endfacet
  facet normal -0.923772693 0.318410009 0.212741911
    outer loop
      vertex 0.0801557824 0.0175319612 0.0813115165
      vertex 0.0801557899 0.0179089233 0.0807473511
      vertex 0.0799534246 0.0175136831 0.0804601908
    endloop
  endfacet
  facet normal -0.923772991 0.318408906 0.212742001
    outer loop
      vertex 0.0801557824 0.0175319612 0.0813115165
      vertex 0.0799534246 0.0175136831 0.0804601908
      vertex 0.0799534172 0.0171154086 0.0810562521
    endloop
  endfacet
  facet normal -0.92377919 -0.31838578 -0.212749615
    outer loop
      vertex 0.0799534172 0.0171154086 0.0810562521
      vertex 0.0799534246 0.0175136831 0.0804601908
      vertex 0.0801557824 0.0171184372 0.0801730305
    endloop
  endfacet
  facet normal -0.923779011 -0.318386436 -0.212749586
    outer loop
      vertex 0.0799534172 0.0171154086 0.0810562521
      vertex 0.0801557824 0.0171184372 0.0801730305
      vertex 0.080155775 0.0166988503 0.0808009878
    endloop
  endfacet
  facet normal -0.382445365 -0.768258035 -0.513337195
    outer loop
      vertex 0.080155775 0.0166988503 0.0808009878
      vertex 0.0801557824 0.0171184372 0.0801730305
      vertex 0.0806443244 0.0169547163 0.080054082
    endloop
  endfacet
  facet normal -0.382439315 -0.768262565 -0.51333487
    outer loop
      vertex 0.080155775 0.0166988503 0.0808009878
      vertex 0.0806443244 0.0169547163 0.080054082
      vertex 0.080644317 0.0165263023 0.0806952566
    endloop
  endfacet
  facet normal 0.382425606 -0.725623071 -0.572033107
    outer loop
      vertex 0.0806443244 0.0169547163 0.080054082
      vertex 0.0806443319 0.017432116 0.0794485062
      vertex 0.0811328813 0.0175859872 0.0795799345
    endloop
  endfacet
  facet normal 0.382426023 -0.725623131 -0.57203275
    outer loop
      vertex 0.0806443244 0.0169547163 0.080054082
      vertex 0.0811328813 0.0175859872 0.0795799345
      vertex 0.0811328739 0.017118426 0.0801730305
    endloop
  endfacet
  facet normal 0.923772752 -0.300735325 -0.237070024
    outer loop
      vertex 0.0811328739 0.017118426 0.0801730305
      vertex 0.0811328813 0.0175859872 0.0795799345
      vertex 0.0813352466 0.0179574806 0.0798972175
    endloop
  endfacet
  facet normal 0.923767865 -0.300738931 -0.237084508
    outer loop
      vertex 0.0811328739 0.017118426 0.0801730305
      vertex 0.0813352466 0.0179574806 0.0798972175
      vertex 0.0813352466 0.0175136663 0.0804601908
    endloop
  endfacet
  facet normal 0.923778594 0.300718427 0.23706834
    outer loop
      vertex 0.0813352466 0.0175136663 0.0804601908
      vertex 0.0813352466 0.0179574806 0.0798972175
      vertex 0.0811328888 0.0183289777 0.0802145004
    endloop
  endfacet
  facet normal 0.923773944 0.300721586 0.237082735
    outer loop
      vertex 0.0813352466 0.0175136663 0.0804601908
      vertex 0.0811328888 0.0183289777 0.0802145004
      vertex 0.0811328813 0.0179089122 0.0807473511
    endloop
  endfacet
  facet normal 0.382447213 0.725612402 0.572032094
    outer loop
      vertex 0.0811328813 0.0179089122 0.0807473511
      vertex 0.0811328888 0.0183289777 0.0802145004
      vertex 0.0806443468 0.018482862 0.0803459287
    endloop
  endfacet
  facet normal 0.382445037 0.725611925 0.572034121
    outer loop
      vertex 0.0811328813 0.0179089122 0.0807473511
      vertex 0.0806443468 0.018482862 0.0803459287
      vertex 0.0806443393 0.0180726331 0.0808662996
    endloop
  endfacet
  facet normal -0.38242799 0.725622892 0.572031736
    outer loop
      vertex 0.0806443393 0.0180726331 0.0808662996
      vertex 0.0806443468 0.018482862 0.0803459287
      vertex 0.0801557973 0.0183289889 0.0802145004
    endloop
  endfacet
  facet normal -0.382426023 0.725624561 0.572030962
    outer loop
      vertex 0.0806443393 0.0180726331 0.0808662996
      vertex 0.0801557973 0.0183289889 0.0802145004
      vertex 0.0801557899 0.0179089233 0.0807473511
    endloop
  endfacet
  facet normal -0.923767328 0.300746709 0.2370767
    outer loop
      vertex 0.0801557899 0.0179089233 0.0807473511
      vertex 0.0801557973 0.0183289889 0.0802145004
      vertex 0.0799534246 0.0179574974 0.0798972175
    endloop
  endfacet
  facet normal -0.923772812 0.300729454 0.237077013
    outer loop
      vertex 0.0801557899 0.0179089233 0.0807473511
      vertex 0.0799534246 0.0179574974 0.0798972175
      vertex 0.0799534246 0.0175136831 0.0804601908
    endloop
  endfacet
  facet normal -0.923778594 -0.300718427 -0.23706834
    outer loop
      vertex 0.0799534246 0.0175136831 0.0804601908
      vertex 0.0799534246 0.0179574974 0.0798972175
      vertex 0.0801557824 0.0175860003 0.0795799345
    endloop
  endfacet
  facet normal -0.923779011 -0.300717264 -0.23706834
    outer loop
      vertex 0.0799534246 0.0175136831 0.0804601908
      vertex 0.0801557824 0.0175860003 0.0795799345
      vertex 0.0801557824 0.0171184372 0.0801730305
    endloop
  endfacet
  facet normal -0.382442236 -0.725614429 -0.572032988
    outer loop
      vertex 0.0801557824 0.0171184372 0.0801730305
      vertex 0.0801557824 0.0175860003 0.0795799345
      vertex 0.0806443319 0.017432116 0.0794485062
    endloop
  endfacet
  facet normal -0.382445037 -0.725612223 -0.572033882
    outer loop
      vertex 0.0801557824 0.0171184372 0.0801730305
      vertex 0.0806443319 0.017432116 0.0794485062
      vertex 0.0806443244 0.0169547163 0.080054082
    endloop
  endfacet
  facet normal 0.382419229 -0.678506553 -0.627203524
    outer loop
      vertex 0.0806443319 0.017432116 0.0794485062
      vertex 0.0806443393 0.0179555565 0.0788822547
      vertex 0.0811328888 0.018098643 0.0790253431
    endloop
  endfacet
  facet normal 0.382426679 -0.678508103 -0.627197385
    outer loop
      vertex 0.0806443319 0.017432116 0.0794485062
      vertex 0.0811328888 0.018098643 0.0790253431
      vertex 0.0811328813 0.0175859872 0.0795799345
    endloop
  endfacet
  facet normal 0.923772514 -0.281209797 -0.259933621
    outer loop
      vertex 0.0811328813 0.0175859872 0.0795799345
      vertex 0.0811328888 0.018098643 0.0790253431
      vertex 0.081335254 0.0184440948 0.0793707967
    endloop
  endfacet
  facet normal 0.923772991 -0.281209528 -0.259932131
    outer loop
      vertex 0.0811328813 0.0175859872 0.0795799345
      vertex 0.081335254 0.0184440948 0.0793707967
      vertex 0.0813352466 0.0179574806 0.0798972175
    endloop
  endfacet
  facet normal 0.92378068 0.281182945 0.25993368
    outer loop
      vertex 0.0813352466 0.0179574806 0.0798972175
      vertex 0.081335254 0.0184440948 0.0793707967
      vertex 0.0811328962 0.018789554 0.0797162578
    endloop
  endfacet
  facet normal 0.923778415 0.281183869 0.259940624
    outer loop
      vertex 0.0813352466 0.0179574806 0.0798972175
      vertex 0.0811328962 0.018789554 0.0797162578
      vertex 0.0811328888 0.0183289777 0.0802145004
    endloop
  endfacet
  facet normal 0.38243264 0.678495169 0.627207696
    outer loop
      vertex 0.0811328888 0.0183289777 0.0802145004
      vertex 0.0811328962 0.018789554 0.0797162578
      vertex 0.0806443468 0.0189326517 0.0798593462
    endloop
  endfacet
  facet normal 0.382447064 0.678499222 0.627194703
    outer loop
      vertex 0.0811328888 0.0183289777 0.0802145004
      vertex 0.0806443468 0.0189326517 0.0798593462
      vertex 0.0806443468 0.018482862 0.0803459287
    endloop
  endfacet
  facet normal -0.382419229 0.678507626 0.627202392
    outer loop
      vertex 0.0806443468 0.018482862 0.0803459287
      vertex 0.0806443468 0.0189326517 0.0798593462
      vertex 0.0801557973 0.0187895652 0.0797162578
    endloop
  endfacet
  facet normal -0.382428706 0.678499281 0.627205789
    outer loop
      vertex 0.0806443468 0.018482862 0.0803459287
      vertex 0.0801557973 0.0187895652 0.0797162578
      vertex 0.0801557973 0.0183289889 0.0802145004
    endloop
  endfacet
  facet normal -0.923774481 0.281197786 0.259939671
    outer loop
      vertex 0.0801557973 0.0183289889 0.0802145004
      vertex 0.0801557973 0.0187895652 0.0797162578
      vertex 0.0799534321 0.0184441116 0.0793707967
    endloop
  endfacet
  facet normal -0.923767626 0.281219065 0.259940892
    outer loop
      vertex 0.0801557973 0.0183289889 0.0802145004
      vertex 0.0799534321 0.0184441116 0.0793707967
      vertex 0.0799534246 0.0179574974 0.0798972175
    endloop
  endfacet
  facet normal -0.923778832 -0.281186074 -0.259936571
    outer loop
      vertex 0.0799534246 0.0179574974 0.0798972175
      vertex 0.0799534321 0.0184441116 0.0793707967
      vertex 0.0801557899 0.0180986542 0.0790253431
    endloop
  endfacet
  facet normal -0.923778474 -0.281187296 -0.25993669
    outer loop
      vertex 0.0799534246 0.0179574974 0.0798972175
      vertex 0.0801557899 0.0180986542 0.0790253431
      vertex 0.0801557824 0.0175860003 0.0795799345
    endloop
  endfacet
  facet normal -0.382432461 -0.678502381 -0.627200067
    outer loop
      vertex 0.0801557824 0.0175860003 0.0795799345
      vertex 0.0801557899 0.0180986542 0.0790253431
      vertex 0.0806443393 0.0179555565 0.0788822547
    endloop
  endfacet
  facet normal -0.382441998 -0.678494692 -0.62720263
    outer loop
      vertex 0.0801557824 0.0175860003 0.0795799345
      vertex 0.0806443393 0.0179555565 0.0788822547
      vertex 0.0806443319 0.017432116 0.0794485062
    endloop
  endfacet
  facet normal 0.382431716 -0.627208114 -0.678495407
    outer loop
      vertex 0.0806443393 0.0179555565 0.0788822547
      vertex 0.0806443468 0.0185218118 0.0783588067
      vertex 0.0811328962 0.0186532307 0.078512691
    endloop
  endfacet
  facet normal 0.382419437 -0.627204776 -0.678505421
    outer loop
      vertex 0.0806443393 0.0179555565 0.0788822547
      vertex 0.0811328962 0.0186532307 0.078512691
      vertex 0.0811328888 0.018098643 0.0790253431
    endloop
  endfacet
  facet normal 0.923772693 -0.259946525 -0.281197071
    outer loop
      vertex 0.0811328888 0.018098643 0.0790253431
      vertex 0.0811328962 0.0186532307 0.078512691
      vertex 0.0813352615 0.0189705137 0.0788841844
    endloop
  endfacet
  facet normal 0.923772693 -0.259946495 -0.281196922
    outer loop
      vertex 0.0811328888 0.018098643 0.0790253431
      vertex 0.0813352615 0.0189705137 0.0788841844
      vertex 0.081335254 0.0184440948 0.0793707967
    endloop
  endfacet
  facet normal 0.923779011 0.259922177 0.281198859
    outer loop
      vertex 0.081335254 0.0184440948 0.0793707967
      vertex 0.0813352615 0.0189705137 0.0788841844
      vertex 0.0811329037 0.0192878023 0.0792556778
    endloop
  endfacet
  facet normal 0.923780441 0.259921908 0.281194389
    outer loop
      vertex 0.081335254 0.0184440948 0.0793707967
      vertex 0.0811329037 0.0192878023 0.0792556778
      vertex 0.0811328962 0.018789554 0.0797162578
    endloop
  endfacet
  facet normal 0.382435232 0.627199769 0.67850107
    outer loop
      vertex 0.0811328962 0.018789554 0.0797162578
      vertex 0.0811329037 0.0192878023 0.0792556778
      vertex 0.0806443542 0.0194192324 0.0794095546
    endloop
  endfacet
  facet normal 0.382431597 0.627198517 0.678504288
    outer loop
      vertex 0.0811328962 0.018789554 0.0797162578
      vertex 0.0806443542 0.0194192324 0.0794095546
      vertex 0.0806443468 0.0189326517 0.0798593462
    endloop
  endfacet
  facet normal -0.382420927 0.627207875 0.678501785
    outer loop
      vertex 0.0806443468 0.0189326517 0.0798593462
      vertex 0.0806443542 0.0194192324 0.0794095546
      vertex 0.0801558048 0.0192878153 0.0792556778
    endloop
  endfacet
  facet normal -0.382419527 0.627209127 0.678501368
    outer loop
      vertex 0.0806443468 0.0189326517 0.0798593462
      vertex 0.0801558048 0.0192878153 0.0792556778
      vertex 0.0801557973 0.0187895652 0.0797162578
    endloop
  endfacet
  facet normal -0.92377305 0.259948462 0.281194299
    outer loop
      vertex 0.0801557973 0.0187895652 0.0797162578
      vertex 0.0801558048 0.0192878153 0.0792556778
      vertex 0.0799534395 0.0189705305 0.0788841844
    endloop
  endfacet
  facet normal -0.9237746 0.259943455 0.281193614
    outer loop
      vertex 0.0801557973 0.0187895652 0.0797162578
      vertex 0.0799534395 0.0189705305 0.0788841844
      vertex 0.0799534321 0.0184441116 0.0793707967
    endloop
  endfacet
  facet normal -0.923779011 -0.259922177 -0.281198859
    outer loop
      vertex 0.0799534321 0.0184441116 0.0793707967
      vertex 0.0799534395 0.0189705305 0.0788841844
      vertex 0.0801557973 0.0186532419 0.078512691
    endloop
  endfacet
  facet normal -0.923778474 -0.259923577 -0.281199098
    outer loop
      vertex 0.0799534321 0.0184441116 0.0793707967
      vertex 0.0801557973 0.0186532419 0.078512691
      vertex 0.0801557899 0.0180986542 0.0790253431
    endloop
  endfacet
  facet normal -0.382444173 -0.627192259 -0.678502977
    outer loop
      vertex 0.0801557899 0.0180986542 0.0790253431
      vertex 0.0801557973 0.0186532419 0.078512691
      vertex 0.0806443468 0.0185218118 0.0783588067
    endloop
  endfacet
  facet normal -0.382431686 -0.62720263 -0.678500473
    outer loop
      vertex 0.0801557899 0.0180986542 0.0790253431
      vertex 0.0806443468 0.0185218118 0.0783588067
      vertex 0.0806443393 0.0179555565 0.0788822547
    endloop
  endfacet
  facet normal 0.382428497 -0.572034299 -0.725620568
    outer loop
      vertex 0.0806443468 0.0185218118 0.0783588067
      vertex 0.0806443542 0.0191273894 0.0778814107
      vertex 0.0811329037 0.0192463286 0.0780451298
    endloop
  endfacet
  facet normal 0.382432938 -0.572035789 -0.725616992
    outer loop
      vertex 0.0806443468 0.0185218118 0.0783588067
      vertex 0.0811329037 0.0192463286 0.0780451298
      vertex 0.0811328962 0.0186532307 0.078512691
    endloop
  endfacet
  facet normal 0.923772275 -0.237084478 -0.300725162
    outer loop
      vertex 0.0811328962 0.0186532307 0.078512691
      vertex 0.0811329037 0.0192463286 0.0780451298
      vertex 0.0813352689 0.0195334889 0.0784403682
    endloop
  endfacet
  facet normal 0.92377305 -0.237084493 -0.300723135
    outer loop
      vertex 0.0811328962 0.0186532307 0.078512691
      vertex 0.0813352689 0.0195334889 0.0784403682
      vertex 0.0813352615 0.0189705137 0.0788841844
    endloop
  endfacet
  facet normal 0.923779786 0.237059206 0.300722063
    outer loop
      vertex 0.0813352615 0.0189705137 0.0788841844
      vertex 0.0813352689 0.0195334889 0.0784403682
      vertex 0.0811329111 0.0198206529 0.078835614
    endloop
  endfacet
  facet normal 0.923778653 0.237059116 0.300725758
    outer loop
      vertex 0.0813352615 0.0189705137 0.0788841844
      vertex 0.0811329111 0.0198206529 0.078835614
      vertex 0.0811329037 0.0192878023 0.0792556778
    endloop
  endfacet
  facet normal 0.382430255 0.572028279 0.725624442
    outer loop
      vertex 0.0811329037 0.0192878023 0.0792556778
      vertex 0.0811329111 0.0198206529 0.078835614
      vertex 0.0806443617 0.0199396033 0.0789993256
    endloop
  endfacet
  facet normal 0.382434517 0.572030067 0.725620687
    outer loop
      vertex 0.0811329037 0.0192878023 0.0792556778
      vertex 0.0806443617 0.0199396033 0.0789993256
      vertex 0.0806443542 0.0194192324 0.0794095546
    endloop
  endfacet
  facet normal -0.38241899 0.572040856 0.725620508
    outer loop
      vertex 0.0806443542 0.0194192324 0.0794095546
      vertex 0.0806443617 0.0199396033 0.0789993256
      vertex 0.0801558122 0.0198206641 0.078835614
    endloop
  endfacet
  facet normal -0.382421583 0.572038293 0.725620985
    outer loop
      vertex 0.0806443542 0.0194192324 0.0794095546
      vertex 0.0801558122 0.0198206641 0.078835614
      vertex 0.0801558048 0.0192878153 0.0792556778
    endloop
  endfacet
  facet normal -0.923773646 0.237083077 0.300722331
    outer loop
      vertex 0.0801558048 0.0192878153 0.0792556778
      vertex 0.0801558122 0.0198206641 0.078835614
      vertex 0.079953447 0.0195335057 0.0784403682
    endloop
  endfacet
  facet normal -0.923773289 0.237083972 0.30072251
    outer loop
      vertex 0.0801558048 0.0192878153 0.0792556778
      vertex 0.079953447 0.0195335057 0.0784403682
      vertex 0.0799534395 0.0189705305 0.0788841844
    endloop
  endfacet
  facet normal -0.923778236 -0.237061605 -0.300725162
    outer loop
      vertex 0.0799534395 0.0189705305 0.0788841844
      vertex 0.079953447 0.0195335057 0.0784403682
      vertex 0.0801558048 0.0192463417 0.0780451298
    endloop
  endfacet
  facet normal -0.923778653 -0.237060249 -0.300724804
    outer loop
      vertex 0.0799534395 0.0189705305 0.0788841844
      vertex 0.0801558048 0.0192463417 0.0780451298
      vertex 0.0801557973 0.0186532419 0.078512691
    endloop
  endfacet
  facet normal -0.382441521 -0.572026491 -0.725619793
    outer loop
      vertex 0.0801557973 0.0186532419 0.078512691
      vertex 0.0801558048 0.0192463417 0.0780451298
      vertex 0.0806443542 0.0191273894 0.0778814107
    endloop
  endfacet
  facet normal -0.382443935 -0.572024584 -0.725620091
    outer loop
      vertex 0.0801557973 0.0186532419 0.078512691
      vertex 0.0806443542 0.0191273894 0.0778814107
      vertex 0.0806443468 0.0185218118 0.0783588067
    endloop
  endfacet
  facet normal 0.382420927 -0.513343751 -0.768265843
    outer loop
      vertex 0.0806443542 0.0191273894 0.0778814107
      vertex 0.0806443617 0.0197685584 0.0774529949
      vertex 0.0811329111 0.0198742859 0.0776255354
    endloop
  endfacet
  facet normal 0.38242963 -0.513347208 -0.768259346
    outer loop
      vertex 0.0806443542 0.0191273894 0.0778814107
      vertex 0.0811329111 0.0198742859 0.0776255354
      vertex 0.0811329037 0.0192463286 0.0780451298
    endloop
  endfacet
  facet normal 0.923774838 -0.212757781 -0.318393022
    outer loop
      vertex 0.0811329037 0.0192463286 0.0780451298
      vertex 0.0811329111 0.0198742859 0.0776255354
      vertex 0.0813352764 0.0201295502 0.0780420974
    endloop
  endfacet
  facet normal 0.923772573 -0.21275726 -0.318400234
    outer loop
      vertex 0.0811329037 0.0192463286 0.0780451298
      vertex 0.0813352764 0.0201295502 0.0780420974
      vertex 0.0813352689 0.0195334889 0.0784403682
    endloop
  endfacet
  facet normal 0.923773706 0.212739632 0.31840834
    outer loop
      vertex 0.0813352689 0.0195334889 0.0784403682
      vertex 0.0813352764 0.0201295502 0.0780420974
      vertex 0.0811329111 0.0203848165 0.0784586519
    endloop
  endfacet
  facet normal 0.923779666 0.212741435 0.318389982
    outer loop
      vertex 0.0813352689 0.0195334889 0.0784403682
      vertex 0.0811329111 0.0203848165 0.0784586519
      vertex 0.0811329111 0.0198206529 0.078835614
    endloop
  endfacet
  facet normal 0.382437706 0.513336599 0.768262327
    outer loop
      vertex 0.0811329111 0.0198206529 0.078835614
      vertex 0.0811329111 0.0203848165 0.0784586519
      vertex 0.0806443691 0.020490557 0.0786311924
    endloop
  endfacet
  facet normal 0.382429391 0.513332605 0.768269062
    outer loop
      vertex 0.0811329111 0.0198206529 0.078835614
      vertex 0.0806443691 0.020490557 0.0786311924
      vertex 0.0806443617 0.0199396033 0.0789993256
    endloop
  endfacet
  facet normal -0.382420987 0.513341725 0.768267274
    outer loop
      vertex 0.0806443617 0.0199396033 0.0789993256
      vertex 0.0806443691 0.020490557 0.0786311924
      vertex 0.0801558197 0.0203848295 0.0784586519
    endloop
  endfacet
  facet normal -0.382419497 0.513343096 0.768267035
    outer loop
      vertex 0.0806443617 0.0199396033 0.0789993256
      vertex 0.0801558197 0.0203848295 0.0784586519
      vertex 0.0801558122 0.0198206641 0.078835614
    endloop
  endfacet
  facet normal -0.923772871 0.212758496 0.318398297
    outer loop
      vertex 0.0801558122 0.0198206641 0.078835614
      vertex 0.0801558197 0.0203848295 0.0784586519
      vertex 0.0799534544 0.020129567 0.0780420974
    endloop
  endfacet
  facet normal -0.923773944 0.212755352 0.318397343
    outer loop
      vertex 0.0801558122 0.0198206641 0.078835614
      vertex 0.0799534544 0.020129567 0.0780420974
      vertex 0.079953447 0.0195335057 0.0784403682
    endloop
  endfacet
  facet normal -0.923780799 -0.212730259 -0.318394363
    outer loop
      vertex 0.079953447 0.0195335057 0.0784403682
      vertex 0.0799534544 0.020129567 0.0780420974
      vertex 0.0801558122 0.0198742989 0.0776255354
    endloop
  endfacet
  facet normal -0.923777878 -0.212738588 -0.318397105
    outer loop
      vertex 0.079953447 0.0195335057 0.0784403682
      vertex 0.0801558122 0.0198742989 0.0776255354
      vertex 0.0801558048 0.0192463417 0.0780451298
    endloop
  endfacet
  facet normal -0.38243261 -0.513340175 -0.768262386
    outer loop
      vertex 0.0801558048 0.0192463417 0.0780451298
      vertex 0.0801558122 0.0198742989 0.0776255354
      vertex 0.0806443617 0.0197685584 0.0774529949
    endloop
  endfacet
  facet normal -0.382441133 -0.513332963 -0.768263102
    outer loop
      vertex 0.0801558048 0.0192463417 0.0780451298
      vertex 0.0806443617 0.0197685584 0.0774529949
      vertex 0.0806443542 0.0191273894 0.0778814107
    endloop
  endfacet
  facet normal 0.382431239 -0.451483518 -0.806169391
    outer loop
      vertex 0.0806443617 0.0197685584 0.0774529949
      vertex 0.0806443691 0.0204413626 0.0770762041
      vertex 0.0811329186 0.0205332264 0.0772565156
    endloop
  endfacet
  facet normal 0.382421583 -0.451479167 -0.806176364
    outer loop
      vertex 0.0806443617 0.0197685584 0.0774529949
      vertex 0.0811329186 0.0205332264 0.0772565156
      vertex 0.0811329111 0.0198742859 0.0776255354
    endloop
  endfacet
  facet normal 0.923773646 -0.187118307 -0.334109277
    outer loop
      vertex 0.0811329111 0.0198742859 0.0776255354
      vertex 0.0811329186 0.0205332264 0.0772565156
      vertex 0.0813352838 0.0207550209 0.0776918158
    endloop
  endfacet
  facet normal 0.923775315 -0.187119082 -0.334104329
    outer loop
      vertex 0.0811329111 0.0198742859 0.0776255354
      vertex 0.0813352838 0.0207550209 0.0776918158
      vertex 0.0813352764 0.0201295502 0.0780420974
    endloop
  endfacet
  facet normal 0.923772514 0.187105522 0.334119469
    outer loop
      vertex 0.0813352764 0.0201295502 0.0780420974
      vertex 0.0813352838 0.0207550209 0.0776918158
      vertex 0.0811329186 0.0209768191 0.0781271085
    endloop
  endfacet
  facet normal 0.923773468 0.187106013 0.334116578
    outer loop
      vertex 0.0813352764 0.0201295502 0.0780420974
      vertex 0.0811329186 0.0209768191 0.0781271085
      vertex 0.0811329111 0.0203848165 0.0784586519
    endloop
  endfacet
  facet normal 0.382446587 0.451477617 0.806165338
    outer loop
      vertex 0.0811329111 0.0203848165 0.0784586519
      vertex 0.0811329186 0.0209768191 0.0781271085
      vertex 0.0806443766 0.0210686959 0.07830742
    endloop
  endfacet
  facet normal 0.382436812 0.451472312 0.806173027
    outer loop
      vertex 0.0811329111 0.0203848165 0.0784586519
      vertex 0.0806443766 0.0210686959 0.07830742
      vertex 0.0806443691 0.020490557 0.0786311924
    endloop
  endfacet
  facet normal -0.382432848 0.451480627 0.806170166
    outer loop
      vertex 0.0806443691 0.020490557 0.0786311924
      vertex 0.0806443766 0.0210686959 0.07830742
      vertex 0.0801558271 0.0209768303 0.0781271085
    endloop
  endfacet
  facet normal -0.382421821 0.451491058 0.806169629
    outer loop
      vertex 0.0806443691 0.020490557 0.0786311924
      vertex 0.0801558271 0.0209768303 0.0781271085
      vertex 0.0801558197 0.0203848295 0.0784586519
    endloop
  endfacet
  facet normal -0.923771501 0.187126547 0.334110647
    outer loop
      vertex 0.0801558197 0.0203848295 0.0784586519
      vertex 0.0801558271 0.0209768303 0.0781271085
      vertex 0.0799534619 0.0207550377 0.0776918158
    endloop
  endfacet
  facet normal -0.92377317 0.187121466 0.334108621
    outer loop
      vertex 0.0801558197 0.0203848295 0.0784586519
      vertex 0.0799534619 0.0207550377 0.0776918158
      vertex 0.0799534544 0.020129567 0.0780420974
    endloop
  endfacet
  facet normal -0.923779547 -0.187097207 -0.334104627
    outer loop
      vertex 0.0799534544 0.020129567 0.0780420974
      vertex 0.0799534619 0.0207550377 0.0776918158
      vertex 0.0801558197 0.0205332376 0.0772565156
    endloop
  endfacet
  facet normal -0.923780501 -0.187094748 -0.334103614
    outer loop
      vertex 0.0799534544 0.020129567 0.0780420974
      vertex 0.0801558197 0.0205332376 0.0772565156
      vertex 0.0801558122 0.0198742989 0.0776255354
    endloop
  endfacet
  facet normal -0.382440269 -0.451469749 -0.806172788
    outer loop
      vertex 0.0801558122 0.0198742989 0.0776255354
      vertex 0.0801558197 0.0205332376 0.0772565156
      vertex 0.0806443691 0.0204413626 0.0770762041
    endloop
  endfacet
  facet normal -0.382431865 -0.451476932 -0.806172729
    outer loop
      vertex 0.0801558122 0.0198742989 0.0776255354
      vertex 0.0806443691 0.0204413626 0.0770762041
      vertex 0.0806443617 0.0197685584 0.0774529949
    endloop
  endfacet
  facet normal 0.382424384 -0.386834502 -0.839113057
    outer loop
      vertex 0.0806443691 0.0204413626 0.0770762041
      vertex 0.0806443766 0.0211416539 0.0767533705
      vertex 0.081132926 0.0212190896 0.0769403279
    endloop
  endfacet
  facet normal 0.382432461 -0.386838526 -0.839107454
    outer loop
      vertex 0.0806443691 0.0204413626 0.0770762041
      vertex 0.081132926 0.0212190896 0.0769403279
      vertex 0.0811329186 0.0205332264 0.0772565156
    endloop
  endfacet
  facet normal 0.923772514 -0.160330668 -0.34776178
    outer loop
      vertex 0.0811329186 0.0205332264 0.0772565156
      vertex 0.081132926 0.0212190896 0.0769403279
      vertex 0.0813352913 0.021406047 0.0773916841
    endloop
  endfacet
  facet normal 0.923773944 -0.160331607 -0.347757846
    outer loop
      vertex 0.0811329186 0.0205332264 0.0772565156
      vertex 0.0813352913 0.021406047 0.0773916841
      vertex 0.0813352838 0.0207550209 0.0776918158
    endloop
  endfacet
  facet normal 0.923775136 0.160312921 0.347763211
    outer loop
      vertex 0.0813352838 0.0207550209 0.0776918158
      vertex 0.0813352913 0.021406047 0.0773916841
      vertex 0.081132926 0.0215930082 0.0778430477
    endloop
  endfacet
  facet normal 0.923772097 0.160310537 0.34777233
    outer loop
      vertex 0.0813352838 0.0207550209 0.0776918158
      vertex 0.081132926 0.0215930082 0.0778430477
      vertex 0.0811329186 0.0209768191 0.0781271085
    endloop
  endfacet
  facet normal 0.382437021 0.386823088 0.83911252
    outer loop
      vertex 0.0811329186 0.0209768191 0.0781271085
      vertex 0.081132926 0.0215930082 0.0778430477
      vertex 0.080644384 0.0216704551 0.0780300051
    endloop
  endfacet
  facet normal 0.38244617 0.386828512 0.839105785
    outer loop
      vertex 0.0811329186 0.0209768191 0.0781271085
      vertex 0.080644384 0.0216704551 0.0780300051
      vertex 0.0806443766 0.0210686959 0.07830742
    endloop
  endfacet
  facet normal -0.382424295 0.386840165 0.839110434
    outer loop
      vertex 0.0806443766 0.0210686959 0.07830742
      vertex 0.080644384 0.0216704551 0.0780300051
      vertex 0.0801558346 0.0215930194 0.0778430477
    endloop
  endfacet
  facet normal -0.382433653 0.386831284 0.839110255
    outer loop
      vertex 0.0806443766 0.0210686959 0.07830742
      vertex 0.0801558346 0.0215930194 0.0778430477
      vertex 0.0801558271 0.0209768303 0.0781271085
    endloop
  endfacet
  facet normal -0.923774242 0.160326764 0.347759038
    outer loop
      vertex 0.0801558271 0.0209768303 0.0781271085
      vertex 0.0801558346 0.0215930194 0.0778430477
      vertex 0.0799534693 0.0214060638 0.0773916841
    endloop
  endfacet
  facet normal -0.923771799 0.160333678 0.347762406
    outer loop
      vertex 0.0801558271 0.0209768303 0.0781271085
      vertex 0.0799534693 0.0214060638 0.0773916841
      vertex 0.0799534619 0.0207550377 0.0776918158
    endloop
  endfacet
  facet normal -0.923778474 -0.160309553 -0.347755969
    outer loop
      vertex 0.0799534619 0.0207550377 0.0776918158
      vertex 0.0799534693 0.0214060638 0.0773916841
      vertex 0.0801558271 0.0212191008 0.0769403279
    endloop
  endfacet
  facet normal -0.923779309 -0.160307378 -0.347754836
    outer loop
      vertex 0.0799534619 0.0207550377 0.0776918158
      vertex 0.0801558271 0.0212191008 0.0769403279
      vertex 0.0801558197 0.0205332376 0.0772565156
    endloop
  endfacet
  facet normal -0.382431954 -0.38683182 -0.839110792
    outer loop
      vertex 0.0801558197 0.0205332376 0.0772565156
      vertex 0.0801558271 0.0212191008 0.0769403279
      vertex 0.0806443766 0.0211416539 0.0767533705
    endloop
  endfacet
  facet normal -0.382439852 -0.386825025 -0.839110315
    outer loop
      vertex 0.0801558197 0.0205332376 0.0772565156
      vertex 0.0806443766 0.0211416539 0.0767533705
      vertex 0.0806443691 0.0204413626 0.0770762041
    endloop
  endfacet
  facet normal 0.38242352 -0.319813371 -0.866874754
    outer loop
      vertex 0.0806443766 0.0211416539 0.0767533705
      vertex 0.080644384 0.0218651183 0.0764864683
      vertex 0.0811329335 0.0219276473 0.0766789243
    endloop
  endfacet
  facet normal 0.38242498 -0.319814146 -0.866873682
    outer loop
      vertex 0.0806443766 0.0211416539 0.0767533705
      vertex 0.0811329335 0.0219276473 0.0766789243
      vertex 0.081132926 0.0212190896 0.0769403279
    endloop
  endfacet
  facet normal 0.923774242 -0.132551074 -0.359265089
    outer loop
      vertex 0.081132926 0.0212190896 0.0769403279
      vertex 0.0811329335 0.0219276473 0.0766789243
      vertex 0.0813352987 0.0220786128 0.0771435648
    endloop
  endfacet
  facet normal 0.923772871 -0.132549793 -0.359269083
    outer loop
      vertex 0.081132926 0.0212190896 0.0769403279
      vertex 0.0813352987 0.0220786128 0.0771435648
      vertex 0.0813352913 0.021406047 0.0773916841
    endloop
  endfacet
  facet normal 0.923773348 0.132531404 0.359274715
    outer loop
      vertex 0.0813352913 0.021406047 0.0773916841
      vertex 0.0813352987 0.0220786128 0.0771435648
      vertex 0.0811329335 0.0222295858 0.0776081979
    endloop
  endfacet
  facet normal 0.923774838 0.132533044 0.359269917
    outer loop
      vertex 0.0813352913 0.021406047 0.0773916841
      vertex 0.0811329335 0.0222295858 0.0776081979
      vertex 0.081132926 0.0215930082 0.0778430477
    endloop
  endfacet
  facet normal 0.382446051 0.319805145 0.866867661
    outer loop
      vertex 0.081132926 0.0215930082 0.0778430477
      vertex 0.0811329335 0.0222295858 0.0776081979
      vertex 0.0806443915 0.022292126 0.0778006613
    endloop
  endfacet
  facet normal 0.382436007 0.319798559 0.866874635
    outer loop
      vertex 0.081132926 0.0215930082 0.0778430477
      vertex 0.0806443915 0.022292126 0.0778006613
      vertex 0.080644384 0.0216704551 0.0780300051
    endloop
  endfacet
  facet normal -0.382434875 0.319806784 0.866872072
    outer loop
      vertex 0.080644384 0.0216704551 0.0780300051
      vertex 0.0806443915 0.022292126 0.0778006613
      vertex 0.080155842 0.022229597 0.0776081979
    endloop
  endfacet
  facet normal -0.382424951 0.319816053 0.866872966
    outer loop
      vertex 0.080644384 0.0216704551 0.0780300051
      vertex 0.080155842 0.022229597 0.0776081979
      vertex 0.0801558346 0.0215930194 0.0778430477
    endloop
  endfacet
  facet normal -0.923772454 0.132554159 0.359268546
    outer loop
      vertex 0.0801558346 0.0215930194 0.0778430477
      vertex 0.080155842 0.022229597 0.0776081979
      vertex 0.0799534768 0.0220786296 0.0771435648
    endloop
  endfacet
  facet normal -0.92377466 0.132548317 0.359265119
    outer loop
      vertex 0.0801558346 0.0215930194 0.0778430477
      vertex 0.0799534768 0.0220786296 0.0771435648
      vertex 0.0799534693 0.0214060638 0.0773916841
    endloop
  endfacet
  facet normal -0.923780084 -0.132525787 -0.359259516
    outer loop
      vertex 0.0799534693 0.0214060638 0.0773916841
      vertex 0.0799534768 0.0220786296 0.0771435648
      vertex 0.0801558346 0.0219276585 0.0766789243
    endloop
  endfacet
  facet normal -0.923778117 -0.132530704 -0.359262496
    outer loop
      vertex 0.0799534693 0.0214060638 0.0773916841
      vertex 0.0801558346 0.0219276585 0.0766789243
      vertex 0.0801558271 0.0212191008 0.0769403279
    endloop
  endfacet
  facet normal -0.382429779 -0.319806367 -0.866874397
    outer loop
      vertex 0.0801558271 0.0212191008 0.0769403279
      vertex 0.0801558346 0.0219276585 0.0766789243
      vertex 0.080644384 0.0218651183 0.0764864683
    endloop
  endfacet
  facet normal -0.38243109 -0.319805324 -0.866874278
    outer loop
      vertex 0.0801558271 0.0212191008 0.0769403279
      vertex 0.080644384 0.0218651183 0.0764864683
      vertex 0.0806443766 0.0211416539 0.0767533705
    endloop
  endfacet
  facet normal 0.382424682 -0.250812799 -0.889294207
    outer loop
      vertex 0.080644384 0.0218651183 0.0764864683
      vertex 0.0806443915 0.022607293 0.0762771517
      vertex 0.0811329409 0.0226545278 0.0764739215
    endloop
  endfacet
  facet normal 0.382424086 -0.250812441 -0.889294624
    outer loop
      vertex 0.080644384 0.0218651183 0.0764864683
      vertex 0.0811329409 0.0226545278 0.0764739215
      vertex 0.0811329335 0.0219276473 0.0766789243
    endloop
  endfacet
  facet normal 0.923773348 -0.103954695 -0.368559778
    outer loop
      vertex 0.0811329335 0.0219276473 0.0766789243
      vertex 0.0811329409 0.0226545278 0.0764739215
      vertex 0.0813353062 0.0227685738 0.0769489706
    endloop
  endfacet
  facet normal 0.92377466 -0.103956237 -0.368555933
    outer loop
      vertex 0.0811329335 0.0219276473 0.0766789243
      vertex 0.0813353062 0.0227685738 0.0769489706
      vertex 0.0813352987 0.0220786128 0.0771435648
    endloop
  endfacet
  facet normal 0.923774004 0.103938229 0.368562847
    outer loop
      vertex 0.0813352987 0.0220786128 0.0771435648
      vertex 0.0813353062 0.0227685738 0.0769489706
      vertex 0.0811329409 0.0228826255 0.0774240196
    endloop
  endfacet
  facet normal 0.923772871 0.103936948 0.368565738
    outer loop
      vertex 0.0813352987 0.0220786128 0.0771435648
      vertex 0.0811329409 0.0228826255 0.0774240196
      vertex 0.0811329335 0.0222295858 0.0776081979
    endloop
  endfacet
  facet normal 0.382447064 0.250803471 0.889287293
    outer loop
      vertex 0.0811329335 0.0222295858 0.0776081979
      vertex 0.0811329409 0.0228826255 0.0774240196
      vertex 0.0806443989 0.0229298733 0.0776207969
    endloop
  endfacet
  facet normal 0.382445455 0.250802338 0.889288366
    outer loop
      vertex 0.0811329335 0.0222295858 0.0776081979
      vertex 0.0806443989 0.0229298733 0.0776207969
      vertex 0.0806443915 0.022292126 0.0778006613
    endloop
  endfacet
  facet normal -0.382436305 0.250811636 0.889289677
    outer loop
      vertex 0.0806443915 0.022292126 0.0778006613
      vertex 0.0806443989 0.0229298733 0.0776207969
      vertex 0.0801558495 0.0228826385 0.0774240196
    endloop
  endfacet
  facet normal -0.38243565 0.250812173 0.889289737
    outer loop
      vertex 0.0806443915 0.022292126 0.0778006613
      vertex 0.0801558495 0.0228826385 0.0774240196
      vertex 0.080155842 0.022229597 0.0776081979
    endloop
  endfacet
  facet normal -0.923773468 0.103955865 0.368559182
    outer loop
      vertex 0.080155842 0.022229597 0.0776081979
      vertex 0.0801558495 0.0228826385 0.0774240196
      vertex 0.0799534842 0.0227685906 0.0769489706
    endloop
  endfacet
  facet normal -0.923772752 0.103957467 0.368560255
    outer loop
      vertex 0.080155842 0.022229597 0.0776081979
      vertex 0.0799534842 0.0227685906 0.0769489706
      vertex 0.0799534768 0.0220786296 0.0771435648
    endloop
  endfacet
  facet normal -0.923773944 -0.103938222 -0.368562758
    outer loop
      vertex 0.0799534768 0.0220786296 0.0771435648
      vertex 0.0799534842 0.0227685906 0.0769489706
      vertex 0.0801558495 0.022654539 0.0764739215
    endloop
  endfacet
  facet normal -0.923779607 -0.103924237 -0.368552476
    outer loop
      vertex 0.0799534768 0.0220786296 0.0771435648
      vertex 0.0801558495 0.022654539 0.0764739215
      vertex 0.0801558346 0.0219276585 0.0766789243
    endloop
  endfacet
  facet normal -0.382434756 -0.250800341 -0.889293432
    outer loop
      vertex 0.0801558346 0.0219276585 0.0766789243
      vertex 0.0801558495 0.022654539 0.0764739215
      vertex 0.0806443915 0.022607293 0.0762771517
    endloop
  endfacet
  facet normal -0.382428885 -0.250805199 -0.889294624
    outer loop
      vertex 0.0801558346 0.0219276585 0.0766789243
      vertex 0.0806443915 0.022607293 0.0762771517
      vertex 0.080644384 0.0218651183 0.0764864683
    endloop
  endfacet
  facet normal 0.382436842 -0.180266991 -0.906226158
    outer loop
      vertex 0.0806443915 0.022607293 0.0762771517
      vertex 0.0806443989 0.0233636014 0.0761267096
      vertex 0.0811329484 0.0233952533 0.0763265863
    endloop
  endfacet
  facet normal 0.382425457 -0.180259511 -0.906232476
    outer loop
      vertex 0.0806443915 0.022607293 0.0762771517
      vertex 0.0811329484 0.0233952533 0.0763265863
      vertex 0.0811329409 0.0226545278 0.0764739215
    endloop
  endfacet
  facet normal 0.923772454 -0.0747151077 -0.375582308
    outer loop
      vertex 0.0811329409 0.0226545278 0.0764739215
      vertex 0.0811329484 0.0233952533 0.0763265863
      vertex 0.0813353136 0.0234716758 0.0768091157
    endloop
  endfacet
  facet normal 0.923773587 -0.0747166798 -0.375579149
    outer loop
      vertex 0.0811329409 0.0226545278 0.0764739215
      vertex 0.0813353136 0.0234716758 0.0768091157
      vertex 0.0813353062 0.0227685738 0.0769489706
    endloop
  endfacet
  facet normal 0.923780024 0.0746948496 0.375567794
    outer loop
      vertex 0.0813353062 0.0227685738 0.0769489706
      vertex 0.0813353136 0.0234716758 0.0768091157
      vertex 0.0811329558 0.0235481039 0.0772916526
    endloop
  endfacet
  facet normal 0.923773468 0.0746852234 0.375585765
    outer loop
      vertex 0.0813353062 0.0227685738 0.0769489706
      vertex 0.0811329558 0.0235481039 0.0772916526
      vertex 0.0811329409 0.0228826255 0.0774240196
    endloop
  endfacet
  facet normal 0.382428855 0.180245891 0.906233728
    outer loop
      vertex 0.0811329409 0.0228826255 0.0774240196
      vertex 0.0811329558 0.0235481039 0.0772916526
      vertex 0.0806444064 0.023579767 0.0774915218
    endloop
  endfacet
  facet normal 0.382446349 0.180259109 0.906223774
    outer loop
      vertex 0.0811329409 0.0228826255 0.0774240196
      vertex 0.0806444064 0.023579767 0.0774915218
      vertex 0.0806443989 0.0229298733 0.0776207969
    endloop
  endfacet
  facet normal -0.382424444 0.180269286 0.906230927
    outer loop
      vertex 0.0806443989 0.0229298733 0.0776207969
      vertex 0.0806444064 0.023579767 0.0774915218
      vertex 0.0801558569 0.0235481169 0.0772916526
    endloop
  endfacet
  facet normal -0.382437259 0.180257574 0.906227887
    outer loop
      vertex 0.0806443989 0.0229298733 0.0776207969
      vertex 0.0801558569 0.0235481169 0.0772916526
      vertex 0.0801558495 0.0228826385 0.0774240196
    endloop
  endfacet
  facet normal -0.9237746 0.074714534 0.375577211
    outer loop
      vertex 0.0801558495 0.0228826385 0.0774240196
      vertex 0.0801558569 0.0235481169 0.0772916526
      vertex 0.0799534917 0.0234716926 0.0768091157
    endloop
  endfacet
  facet normal -0.923773766 0.0747166574 0.37557897
    outer loop
      vertex 0.0801558495 0.0228826385 0.0774240196
      vertex 0.0799534917 0.0234716926 0.0768091157
      vertex 0.0799534842 0.0227685906 0.0769489706
    endloop
  endfacet
  facet normal -0.92377305 -0.0746981427 -0.375584364
    outer loop
      vertex 0.0799534842 0.0227685906 0.0769489706
      vertex 0.0799534917 0.0234716926 0.0768091157
      vertex 0.0801558569 0.0233952645 0.0763265863
    endloop
  endfacet
  facet normal -0.923773706 -0.0746966973 -0.375583082
    outer loop
      vertex 0.0799534842 0.0227685906 0.0769489706
      vertex 0.0801558569 0.0233952645 0.0763265863
      vertex 0.0801558495 0.022654539 0.0764739215
    endloop
  endfacet
  facet normal -0.382445574 -0.180250496 -0.906225801
    outer loop
      vertex 0.0801558495 0.022654539 0.0764739215
      vertex 0.0801558569 0.0233952645 0.0763265863
      vertex 0.0806443989 0.0233636014 0.0761267096
    endloop
  endfacet
  facet normal -0.382433921 -0.180259943 -0.906228781
    outer loop
      vertex 0.0801558495 0.022654539 0.0764739215
      vertex 0.0806443989 0.0233636014 0.0761267096
      vertex 0.0806443915 0.022607293 0.0762771517
    endloop
  endfacet
  facet normal 0.382434487 -0.108601108 -0.917578161
    outer loop
      vertex 0.0806443989 0.0233636014 0.0761267096
      vertex 0.0806444138 0.0241293833 0.0760360807
      vertex 0.0811329558 0.0241452549 0.0762378201
    endloop
  endfacet
  facet normal 0.382437676 -0.108603321 -0.917576611
    outer loop
      vertex 0.0806443989 0.0233636014 0.0761267096
      vertex 0.0811329558 0.0241452549 0.0762378201
      vertex 0.0811329484 0.0233952533 0.0763265863
    endloop
  endfacet
  facet normal 0.923772156 -0.045017954 -0.3802872
    outer loop
      vertex 0.0811329484 0.0233952533 0.0763265863
      vertex 0.0811329558 0.0241452549 0.0762378201
      vertex 0.0813353211 0.0241835825 0.0767248571
    endloop
  endfacet
  facet normal 0.923772752 -0.0450188629 -0.38028568
    outer loop
      vertex 0.0811329484 0.0233952533 0.0763265863
      vertex 0.0813353211 0.0241835825 0.0767248571
      vertex 0.0813353136 0.0234716758 0.0768091157
    endloop
  endfacet
  facet normal 0.923779666 0.0449978337 0.380271405
    outer loop
      vertex 0.0813353136 0.0234716758 0.0768091157
      vertex 0.0813353211 0.0241835825 0.0767248571
      vertex 0.0811329633 0.0242219158 0.0772119015
    endloop
  endfacet
  facet normal 0.923779666 0.0449979231 0.380271226
    outer loop
      vertex 0.0813353136 0.0234716758 0.0768091157
      vertex 0.0811329633 0.0242219158 0.0772119015
      vertex 0.0811329558 0.0235481039 0.0772916526
    endloop
  endfacet
  facet normal 0.382432014 0.108598627 0.917579472
    outer loop
      vertex 0.0811329558 0.0235481039 0.0772916526
      vertex 0.0811329633 0.0242219158 0.0772119015
      vertex 0.0806444138 0.0242378004 0.0774136409
    endloop
  endfacet
  facet normal 0.382427722 0.108595178 0.917581677
    outer loop
      vertex 0.0811329558 0.0235481039 0.0772916526
      vertex 0.0806444138 0.0242378004 0.0774136409
      vertex 0.0806444064 0.023579767 0.0774915218
    endloop
  endfacet
  facet normal -0.38242951 0.108603634 0.917580009
    outer loop
      vertex 0.0806444064 0.023579767 0.0774915218
      vertex 0.0806444138 0.0242378004 0.0774136409
      vertex 0.0801558644 0.0242219288 0.0772119015
    endloop
  endfacet
  facet normal -0.382425427 0.108607322 0.91758126
    outer loop
      vertex 0.0806444064 0.023579767 0.0774915218
      vertex 0.0801558644 0.0242219288 0.0772119015
      vertex 0.0801558569 0.0235481169 0.0772916526
    endloop
  endfacet
  facet normal -0.923774302 0.0450196192 0.380281955
    outer loop
      vertex 0.0801558569 0.0235481169 0.0772916526
      vertex 0.0801558644 0.0242219288 0.0772119015
      vertex 0.0799534991 0.0241835993 0.0767248571
    endloop
  endfacet
  facet normal -0.923774898 0.0450182669 0.380280614
    outer loop
      vertex 0.0801558569 0.0235481169 0.0772916526
      vertex 0.0799534991 0.0241835993 0.0767248571
      vertex 0.0799534917 0.0234716926 0.0768091157
    endloop
  endfacet
  facet normal -0.923772633 -0.0449998342 -0.380288273
    outer loop
      vertex 0.0799534917 0.0234716926 0.0768091157
      vertex 0.0799534991 0.0241835993 0.0767248571
      vertex 0.0801558644 0.024145266 0.0762378201
    endloop
  endfacet
  facet normal -0.923772693 -0.0449997224 -0.380288184
    outer loop
      vertex 0.0799534917 0.0234716926 0.0768091157
      vertex 0.0801558644 0.024145266 0.0762378201
      vertex 0.0801558569 0.0233952645 0.0763265863
    endloop
  endfacet
  facet normal -0.382431656 -0.108596109 -0.917579949
    outer loop
      vertex 0.0801558569 0.0233952645 0.0763265863
      vertex 0.0801558644 0.024145266 0.0762378201
      vertex 0.0806444138 0.0241293833 0.0760360807
    endloop
  endfacet
  facet normal -0.382444501 -0.108585946 -0.917575777
    outer loop
      vertex 0.0801558569 0.0233952645 0.0763265863
      vertex 0.0806444138 0.0241293833 0.0760360807
      vertex 0.0806443989 0.0233636014 0.0761267096
    endloop
  endfacet
  facet normal 0.382433325 -0.0362849496 -0.923270345
    outer loop
      vertex 0.0806444138 0.0241293833 0.0760360807
      vertex 0.0806444213 0.0248999149 0.0760058016
      vertex 0.0811329708 0.0248999093 0.0762081668
    endloop
  endfacet
  facet normal 0.382435322 -0.0362863988 -0.92326951
    outer loop
      vertex 0.0806444138 0.0241293833 0.0760360807
      vertex 0.0811329708 0.0248999093 0.0762081668
      vertex 0.0811329558 0.0241452549 0.0762378201
    endloop
  endfacet
  facet normal 0.923778832 -0.0150532797 -0.382630408
    outer loop
      vertex 0.0811329558 0.0241452549 0.0762378201
      vertex 0.0811329708 0.0248999093 0.0762081668
      vertex 0.0813353285 0.0248999055 0.0766967162
    endloop
  endfacet
  facet normal 0.923772454 -0.0150419092 -0.382646263
    outer loop
      vertex 0.0811329558 0.0241452549 0.0762378201
      vertex 0.0813353285 0.0248999055 0.0766967162
      vertex 0.0813353211 0.0241835825 0.0767248571
    endloop
  endfacet
  facet normal 0.923777282 0.0150222713 0.382635355
    outer loop
      vertex 0.0813353211 0.0241835825 0.0767248571
      vertex 0.0813353285 0.0248999055 0.0766967162
      vertex 0.0811329708 0.0248999093 0.0771852583
    endloop
  endfacet
  facet normal 0.923779368 0.0150261652 0.382630229
    outer loop
      vertex 0.0813353211 0.0241835825 0.0767248571
      vertex 0.0811329708 0.0248999093 0.0771852583
      vertex 0.0811329633 0.0242219158 0.0772119015
    endloop
  endfacet
  facet normal 0.38243413 0.036277771 0.923270285
    outer loop
      vertex 0.0811329633 0.0242219158 0.0772119015
      vertex 0.0811329708 0.0248999093 0.0771852583
      vertex 0.0806444213 0.0248999149 0.0773876235
    endloop
  endfacet
  facet normal 0.382431 0.0362751633 0.923271656
    outer loop
      vertex 0.0811329633 0.0242219158 0.0772119015
      vertex 0.0806444213 0.0248999149 0.0773876235
      vertex 0.0806444138 0.0242378004 0.0774136409
    endloop
  endfacet
  facet normal -0.382433355 0.0362837091 0.923270404
    outer loop
      vertex 0.0806444138 0.0242378004 0.0774136409
      vertex 0.0806444213 0.0248999149 0.0773876235
      vertex 0.0801558718 0.0248999204 0.0771852583
    endloop
  endfacet
  facet normal -0.382430315 0.0362863205 0.923271537
    outer loop
      vertex 0.0806444138 0.0242378004 0.0774136409
      vertex 0.0801558718 0.0248999204 0.0771852583
      vertex 0.0801558644 0.0242219288 0.0772119015
    endloop
  endfacet
  facet normal -0.923771918 0.0150471805 0.382647395
    outer loop
      vertex 0.0801558644 0.0242219288 0.0772119015
      vertex 0.0801558718 0.0248999204 0.0771852583
      vertex 0.0799535066 0.0248999223 0.0766967162
    endloop
  endfacet
  facet normal -0.92377454 0.0150417127 0.382641256
    outer loop
      vertex 0.0801558644 0.0242219288 0.0772119015
      vertex 0.0799535066 0.0248999223 0.0766967162
      vertex 0.0799534991 0.0241835993 0.0767248571
    endloop
  endfacet
  facet normal -0.923774421 -0.0150225507 -0.382642478
    outer loop
      vertex 0.0799534991 0.0241835993 0.0767248571
      vertex 0.0799535066 0.0248999223 0.0766967162
      vertex 0.0801558718 0.0248999204 0.0762081668
    endloop
  endfacet
  facet normal -0.923772275 -0.0150265861 -0.382647246
    outer loop
      vertex 0.0799534991 0.0241835993 0.0767248571
      vertex 0.0801558718 0.0248999204 0.0762081668
      vertex 0.0801558644 0.024145266 0.0762378201
    endloop
  endfacet
  facet normal -0.382434189 -0.0362751149 -0.923270464
    outer loop
      vertex 0.0801558644 0.024145266 0.0762378201
      vertex 0.0801558718 0.0248999204 0.0762081668
      vertex 0.0806444213 0.0248999149 0.0760058016
    endloop
  endfacet
  facet normal -0.382430941 -0.0362775959 -0.923271656
    outer loop
      vertex 0.0801558644 0.024145266 0.0762378201
      vertex 0.0806444213 0.0248999149 0.0760058016
      vertex 0.0806444138 0.0241293833 0.0760360807
    endloop
  endfacet
  facet normal 0.382430792 0.0362686925 -0.923272014
    outer loop
      vertex 0.0806444213 0.0248999149 0.0760058016
      vertex 0.0806444287 0.0256704465 0.0760360733
      vertex 0.0811329782 0.0256545637 0.0762378126
    endloop
  endfacet
  facet normal 0.382434309 0.036266014 -0.923270702
    outer loop
      vertex 0.0806444213 0.0248999149 0.0760058016
      vertex 0.0811329782 0.0256545637 0.0762378126
      vertex 0.0811329708 0.0248999093 0.0762081668
    endloop
  endfacet
  facet normal 0.923774302 0.0150226168 -0.382642508
    outer loop
      vertex 0.0811329708 0.0248999093 0.0762081668
      vertex 0.0811329782 0.0256545637 0.0762378126
      vertex 0.0813353434 0.0256162304 0.0767248571
    endloop
  endfacet
  facet normal 0.923779488 0.0150124375 -0.382630438
    outer loop
      vertex 0.0811329708 0.0248999093 0.0762081668
      vertex 0.0813353434 0.0256162304 0.0767248571
      vertex 0.0813353285 0.0248999055 0.0766967162
    endloop
  endfacet
  facet normal 0.92377466 -0.0150512606 0.382640541
    outer loop
      vertex 0.0813353285 0.0248999055 0.0766967162
      vertex 0.0813353434 0.0256162304 0.0767248571
      vertex 0.0811329782 0.0255779009 0.0772119015
    endloop
  endfacet
  facet normal 0.923776925 -0.0150467157 0.382635444
    outer loop
      vertex 0.0813353285 0.0248999055 0.0766967162
      vertex 0.0811329782 0.0255779009 0.0772119015
      vertex 0.0811329708 0.0248999093 0.0771852583
    endloop
  endfacet
  facet normal 0.382430345 -0.0362863243 0.923271537
    outer loop
      vertex 0.0811329708 0.0248999093 0.0771852583
      vertex 0.0811329782 0.0255779009 0.0772119015
      vertex 0.0806444287 0.0255620293 0.0774136409
    endloop
  endfacet
  facet normal 0.382433325 -0.0362837017 0.923270404
    outer loop
      vertex 0.0811329708 0.0248999093 0.0771852583
      vertex 0.0806444287 0.0255620293 0.0774136409
      vertex 0.0806444213 0.0248999149 0.0773876235
    endloop
  endfacet
  facet normal -0.382430881 -0.0362751558 0.923271775
    outer loop
      vertex 0.0806444213 0.0248999149 0.0773876235
      vertex 0.0806444287 0.0255620293 0.0774136409
      vertex 0.0801558793 0.0255779121 0.0772119015
    endloop
  endfacet
  facet normal -0.38243413 -0.0362778828 0.923270226
    outer loop
      vertex 0.0806444213 0.0248999149 0.0773876235
      vertex 0.0801558793 0.0255779121 0.0772119015
      vertex 0.0801558718 0.0248999204 0.0771852583
    endloop
  endfacet
  facet normal -0.923779368 -0.0150262006 0.382630199
    outer loop
      vertex 0.0801558718 0.0248999204 0.0771852583
      vertex 0.0801558793 0.0255779121 0.0772119015
      vertex 0.0799535215 0.0256162472 0.0767248571
    endloop
  endfacet
  facet normal -0.923772454 -0.0150130987 0.382647514
    outer loop
      vertex 0.0801558718 0.0248999204 0.0771852583
      vertex 0.0799535215 0.0256162472 0.0767248571
      vertex 0.0799535066 0.0248999223 0.0766967162
    endloop
  endfacet
  facet normal -0.923779726 0.0150507912 -0.382628649
    outer loop
      vertex 0.0799535066 0.0248999223 0.0766967162
      vertex 0.0799535215 0.0256162472 0.0767248571
      vertex 0.0801558793 0.0256545749 0.0762378126
    endloop
  endfacet
  facet normal -0.923774123 0.0150408475 -0.382642478
    outer loop
      vertex 0.0799535066 0.0248999223 0.0766967162
      vertex 0.0801558793 0.0256545749 0.0762378126
      vertex 0.0801558718 0.0248999204 0.0762081668
    endloop
  endfacet
  facet normal -0.382430166 0.0362736136 -0.923272073
    outer loop
      vertex 0.0801558718 0.0248999204 0.0762081668
      vertex 0.0801558793 0.0256545749 0.0762378126
      vertex 0.0806444287 0.0256704465 0.0760360733
    endloop
  endfacet
  facet normal -0.382433474 0.036276035 -0.923270702
    outer loop
      vertex 0.0801558718 0.0248999204 0.0762081668
      vertex 0.0806444287 0.0256704465 0.0760360733
      vertex 0.0806444213 0.0248999149 0.0760058016
    endloop
  endfacet
  facet normal 0.382439315 0.108598933 -0.917576432
    outer loop
      vertex 0.0806444287 0.0256704465 0.0760360733
      vertex 0.0806444362 0.0264362264 0.0761267096
      vertex 0.0811329857 0.0264045652 0.0763265863
    endloop
  endfacet
  facet normal 0.382431537 0.108605094 -0.917578876
    outer loop
      vertex 0.0806444287 0.0256704465 0.0760360733
      vertex 0.0811329857 0.0264045652 0.0763265863
      vertex 0.0811329782 0.0256545637 0.0762378126
    endloop
  endfacet
  facet normal 0.923772752 0.0450034328 -0.380287617
    outer loop
      vertex 0.0811329782 0.0256545637 0.0762378126
      vertex 0.0811329857 0.0264045652 0.0763265863
      vertex 0.0813353509 0.0263281371 0.0768091157
    endloop
  endfacet
  facet normal 0.92377466 0.0449992456 -0.380283386
    outer loop
      vertex 0.0811329782 0.0256545637 0.0762378126
      vertex 0.0813353509 0.0263281371 0.0768091157
      vertex 0.0813353434 0.0256162304 0.0767248571
    endloop
  endfacet
  facet normal 0.923774898 -0.0450182669 0.380280674
    outer loop
      vertex 0.0813353434 0.0256162304 0.0767248571
      vertex 0.0813353509 0.0263281371 0.0768091157
      vertex 0.0811329857 0.0262517128 0.0772916526
    endloop
  endfacet
  facet normal 0.923774302 -0.0450196117 0.380281925
    outer loop
      vertex 0.0813353434 0.0256162304 0.0767248571
      vertex 0.0811329857 0.0262517128 0.0772916526
      vertex 0.0811329782 0.0255779009 0.0772119015
    endloop
  endfacet
  facet normal 0.382425427 -0.1086073 0.91758126
    outer loop
      vertex 0.0811329782 0.0255779009 0.0772119015
      vertex 0.0811329857 0.0262517128 0.0772916526
      vertex 0.0806444362 0.0262200627 0.0774915218
    endloop
  endfacet
  facet normal 0.382429481 -0.108603649 0.917580009
    outer loop
      vertex 0.0811329782 0.0255779009 0.0772119015
      vertex 0.0806444362 0.0262200627 0.0774915218
      vertex 0.0806444287 0.0255620293 0.0774136409
    endloop
  endfacet
  facet normal -0.382427722 -0.108595178 0.917581677
    outer loop
      vertex 0.0806444287 0.0255620293 0.0774136409
      vertex 0.0806444362 0.0262200627 0.0774915218
      vertex 0.0801558867 0.0262517259 0.0772916526
    endloop
  endfacet
  facet normal -0.382431686 -0.108598351 0.917579651
    outer loop
      vertex 0.0806444287 0.0255620293 0.0774136409
      vertex 0.0801558867 0.0262517259 0.0772916526
      vertex 0.0801558793 0.0255779121 0.0772119015
    endloop
  endfacet
  facet normal -0.923779666 -0.0449978039 0.380271256
    outer loop
      vertex 0.0801558793 0.0255779121 0.0772119015
      vertex 0.0801558867 0.0262517259 0.0772916526
      vertex 0.0799535289 0.0263281539 0.0768091157
    endloop
  endfacet
  facet normal -0.923779786 -0.0449978225 0.380271256
    outer loop
      vertex 0.0801558793 0.0255779121 0.0772119015
      vertex 0.0799535289 0.0263281539 0.0768091157
      vertex 0.0799535215 0.0256162472 0.0767248571
    endloop
  endfacet
  facet normal -0.923772752 0.0450188592 -0.38028568
    outer loop
      vertex 0.0799535215 0.0256162472 0.0767248571
      vertex 0.0799535289 0.0263281539 0.0768091157
      vertex 0.0801558942 0.0264045764 0.0763265863
    endloop
  endfacet
  facet normal -0.92377913 0.0450287834 -0.380269259
    outer loop
      vertex 0.0799535215 0.0256162472 0.0767248571
      vertex 0.0801558942 0.0264045764 0.0763265863
      vertex 0.0801558793 0.0256545749 0.0762378126
    endloop
  endfacet
  facet normal -0.382442445 0.108615816 -0.917573094
    outer loop
      vertex 0.0801558793 0.0256545749 0.0762378126
      vertex 0.0801558942 0.0264045764 0.0763265863
      vertex 0.0806444362 0.0264362264 0.0761267096
    endloop
  endfacet
  facet normal -0.382429391 0.108606748 -0.917579532
    outer loop
      vertex 0.0801558793 0.0256545749 0.0762378126
      vertex 0.0806444362 0.0264362264 0.0761267096
      vertex 0.0806444287 0.0256704465 0.0760360733
    endloop
  endfacet
  facet normal 0.382433861 0.180255935 -0.906229615
    outer loop
      vertex 0.0806444362 0.0264362264 0.0761267096
      vertex 0.0806444511 0.0271925367 0.0762771517
      vertex 0.0811329931 0.0271452907 0.0764739215
    endloop
  endfacet
  facet normal 0.382439971 0.180250898 -0.906228006
    outer loop
      vertex 0.0806444362 0.0264362264 0.0761267096
      vertex 0.0811329931 0.0271452907 0.0764739215
      vertex 0.0811329857 0.0264045652 0.0763265863
    endloop
  endfacet
  facet normal 0.923773766 0.0746966451 -0.375582874
    outer loop
      vertex 0.0811329857 0.0264045652 0.0763265863
      vertex 0.0811329931 0.0271452907 0.0764739215
      vertex 0.0813353583 0.0270312373 0.0769489706
    endloop
  endfacet
  facet normal 0.923772991 0.0746983439 -0.375584334
    outer loop
      vertex 0.0811329857 0.0264045652 0.0763265863
      vertex 0.0813353583 0.0270312373 0.0769489706
      vertex 0.0813353509 0.0263281371 0.0768091157
    endloop
  endfacet
  facet normal 0.923773646 -0.074716866 0.375579089
    outer loop
      vertex 0.0813353509 0.0263281371 0.0768091157
      vertex 0.0813353583 0.0270312373 0.0769489706
      vertex 0.0811329931 0.0269171912 0.0774240196
    endloop
  endfacet
  facet normal 0.9237746 -0.0747145712 0.375577241
    outer loop
      vertex 0.0813353509 0.0263281371 0.0768091157
      vertex 0.0811329931 0.0269171912 0.0774240196
      vertex 0.0811329857 0.0262517128 0.0772916526
    endloop
  endfacet
  facet normal 0.38243717 -0.180257574 0.906227887
    outer loop
      vertex 0.0811329857 0.0262517128 0.0772916526
      vertex 0.0811329931 0.0269171912 0.0774240196
      vertex 0.0806444436 0.0268699564 0.0776207969
    endloop
  endfacet
  facet normal 0.382424474 -0.180269301 0.906230927
    outer loop
      vertex 0.0811329857 0.0262517128 0.0772916526
      vertex 0.0806444436 0.0268699564 0.0776207969
      vertex 0.0806444362 0.0262200627 0.0774915218
    endloop
  endfacet
  facet normal -0.382440805 -0.180259541 0.906226039
    outer loop
      vertex 0.0806444362 0.0262200627 0.0774915218
      vertex 0.0806444436 0.0268699564 0.0776207969
      vertex 0.0801558942 0.0269172024 0.0774240196
    endloop
  endfacet
  facet normal -0.382428825 -0.180250511 0.906232834
    outer loop
      vertex 0.0806444362 0.0262200627 0.0774915218
      vertex 0.0801558942 0.0269172024 0.0774240196
      vertex 0.0801558867 0.0262517259 0.0772916526
    endloop
  endfacet
  facet normal -0.923778594 -0.0746929571 0.375571609
    outer loop
      vertex 0.0801558867 0.0262517259 0.0772916526
      vertex 0.0801558942 0.0269172024 0.0774240196
      vertex 0.0799535364 0.027031254 0.0769489706
    endloop
  endfacet
  facet normal -0.923780084 -0.0746950284 0.375567764
    outer loop
      vertex 0.0801558867 0.0262517259 0.0772916526
      vertex 0.0799535364 0.027031254 0.0769489706
      vertex 0.0799535289 0.0263281539 0.0768091157
    endloop
  endfacet
  facet normal -0.923773706 0.0747168213 -0.37557888
    outer loop
      vertex 0.0799535289 0.0263281539 0.0768091157
      vertex 0.0799535364 0.027031254 0.0769489706
      vertex 0.0801559016 0.0271453019 0.0764739215
    endloop
  endfacet
  facet normal -0.923772454 0.0747151002 -0.375582308
    outer loop
      vertex 0.0799535289 0.0263281539 0.0768091157
      vertex 0.0801559016 0.0271453019 0.0764739215
      vertex 0.0801558942 0.0264045764 0.0763265863
    endloop
  endfacet
  facet normal -0.382425398 0.180259511 -0.906232476
    outer loop
      vertex 0.0801558942 0.0264045764 0.0763265863
      vertex 0.0801559016 0.0271453019 0.0764739215
      vertex 0.0806444511 0.0271925367 0.0762771517
    endloop
  endfacet
  facet normal -0.382441193 0.180269837 -0.906223834
    outer loop
      vertex 0.0801558942 0.0264045764 0.0763265863
      vertex 0.0806444511 0.0271925367 0.0762771517
      vertex 0.0806444362 0.0264362264 0.0761267096
    endloop
  endfacet
  facet normal 0.382433861 0.250804663 -0.889292598
    outer loop
      vertex 0.0806444511 0.0271925367 0.0762771517
      vertex 0.0806444585 0.0279347114 0.0764864683
      vertex 0.0811330006 0.0278721713 0.0766789243
    endloop
  endfacet
  facet normal 0.382434666 0.250803977 -0.889292419
    outer loop
      vertex 0.0806444511 0.0271925367 0.0762771517
      vertex 0.0811330006 0.0278721713 0.0766789243
      vertex 0.0811329931 0.0271452907 0.0764739215
    endloop
  endfacet
  facet normal 0.923774779 0.103936188 -0.368561268
    outer loop
      vertex 0.0811329931 0.0271452907 0.0764739215
      vertex 0.0811330006 0.0278721713 0.0766789243
      vertex 0.0813353658 0.0277212001 0.0771435648
    endloop
  endfacet
  facet normal 0.923774064 0.103937864 -0.36856252
    outer loop
      vertex 0.0811329931 0.0271452907 0.0764739215
      vertex 0.0813353658 0.0277212001 0.0771435648
      vertex 0.0813353583 0.0270312373 0.0769489706
    endloop
  endfacet
  facet normal 0.923772812 -0.103957199 0.368560344
    outer loop
      vertex 0.0813353583 0.0270312373 0.0769489706
      vertex 0.0813353658 0.0277212001 0.0771435648
      vertex 0.0811330006 0.0275702327 0.0776081979
    endloop
  endfacet
  facet normal 0.923773229 -0.103955969 0.36855945
    outer loop
      vertex 0.0813353583 0.0270312373 0.0769489706
      vertex 0.0811330006 0.0275702327 0.0776081979
      vertex 0.0811329931 0.0269171912 0.0774240196
    endloop
  endfacet
  facet normal 0.382424116 -0.250813454 0.889294326
    outer loop
      vertex 0.0811329931 0.0269171912 0.0774240196
      vertex 0.0811330006 0.0275702327 0.0776081979
      vertex 0.0806444511 0.0275077038 0.0778006539
    endloop
  endfacet
  facet normal 0.382436395 -0.25080198 0.88929224
    outer loop
      vertex 0.0811329931 0.0269171912 0.0774240196
      vertex 0.0806444511 0.0275077038 0.0778006539
      vertex 0.0806444436 0.0268699564 0.0776207969
    endloop
  endfacet
  facet normal -0.382428735 -0.25079456 0.889297605
    outer loop
      vertex 0.0806444436 0.0268699564 0.0776207969
      vertex 0.0806444511 0.0275077038 0.0778006539
      vertex 0.0801559016 0.0275702439 0.0776081979
    endloop
  endfacet
  facet normal -0.382441282 -0.250803441 0.889289796
    outer loop
      vertex 0.0806444436 0.0268699564 0.0776207969
      vertex 0.0801559016 0.0275702439 0.0776081979
      vertex 0.0801558942 0.0269172024 0.0774240196
    endloop
  endfacet
  facet normal -0.923777759 -0.103933506 0.368554562
    outer loop
      vertex 0.0801558942 0.0269172024 0.0774240196
      vertex 0.0801559016 0.0275702439 0.0776081979
      vertex 0.0799535438 0.027721215 0.0771435648
    endloop
  endfacet
  facet normal -0.923778951 -0.103934966 0.368551224
    outer loop
      vertex 0.0801558942 0.0269172024 0.0774240196
      vertex 0.0799535438 0.027721215 0.0771435648
      vertex 0.0799535364 0.027031254 0.0769489706
    endloop
  endfacet
  facet normal -0.923774779 0.103956155 -0.368555635
    outer loop
      vertex 0.0799535364 0.027031254 0.0769489706
      vertex 0.0799535438 0.027721215 0.0771435648
      vertex 0.0801559091 0.0278721824 0.0766789243
    endloop
  endfacet
  facet normal -0.923773408 0.103954606 -0.36855945
    outer loop
      vertex 0.0799535364 0.027031254 0.0769489706
      vertex 0.0801559091 0.0278721824 0.0766789243
      vertex 0.0801559016 0.0271453019 0.0764739215
    endloop
  endfacet
  facet normal -0.382424116 0.250812471 -0.889294624
    outer loop
      vertex 0.0801559016 0.0271453019 0.0764739215
      vertex 0.0801559091 0.0278721824 0.0766789243
      vertex 0.0806444585 0.0279347114 0.0764864683
    endloop
  endfacet
  facet normal -0.382424682 0.250812799 -0.889294207
    outer loop
      vertex 0.0801559016 0.0271453019 0.0764739215
      vertex 0.0806444585 0.0279347114 0.0764864683
      vertex 0.0806444511 0.0271925367 0.0762771517
    endloop
  endfacet
  facet normal 0.382432103 0.319805145 -0.86687386
    outer loop
      vertex 0.0806444585 0.0279347114 0.0764864683
      vertex 0.080644466 0.0286581758 0.0767533705
      vertex 0.0811330155 0.0285807271 0.0769403279
    endloop
  endfacet
  facet normal 0.382434815 0.31980285 -0.866873562
    outer loop
      vertex 0.0806444585 0.0279347114 0.0764864683
      vertex 0.0811330155 0.0285807271 0.0769403279
      vertex 0.0811330006 0.0278721713 0.0766789243
    endloop
  endfacet
  facet normal 0.923777878 0.132522702 -0.359266251
    outer loop
      vertex 0.0811330006 0.0278721713 0.0766789243
      vertex 0.0811330155 0.0285807271 0.0769403279
      vertex 0.0813353732 0.0283937659 0.0773916841
    endloop
  endfacet
  facet normal 0.923775077 0.132529944 -0.359270781
    outer loop
      vertex 0.0811330006 0.0278721713 0.0766789243
      vertex 0.0813353732 0.0283937659 0.0773916841
      vertex 0.0813353658 0.0277212001 0.0771435648
    endloop
  endfacet
  facet normal 0.92377466 -0.132548317 0.359265119
    outer loop
      vertex 0.0813353658 0.0277212001 0.0771435648
      vertex 0.0813353732 0.0283937659 0.0773916841
      vertex 0.081133008 0.0282068104 0.0778430477
    endloop
  endfacet
  facet normal 0.923772454 -0.132554159 0.359268546
    outer loop
      vertex 0.0813353658 0.0277212001 0.0771435648
      vertex 0.081133008 0.0282068104 0.0778430477
      vertex 0.0811330006 0.0275702327 0.0776081979
    endloop
  endfacet
  facet normal 0.382424951 -0.319816053 0.866872966
    outer loop
      vertex 0.0811330006 0.0275702327 0.0776081979
      vertex 0.081133008 0.0282068104 0.0778430477
      vertex 0.0806444585 0.0281293746 0.0780300051
    endloop
  endfacet
  facet normal 0.382423401 -0.319817543 0.866873145
    outer loop
      vertex 0.0811330006 0.0275702327 0.0776081979
      vertex 0.0806444585 0.0281293746 0.0780300051
      vertex 0.0806444511 0.0275077038 0.0778006539
    endloop
  endfacet
  facet normal -0.382436126 -0.319807678 0.866871178
    outer loop
      vertex 0.0806444511 0.0275077038 0.0778006539
      vertex 0.0806444585 0.0281293746 0.0780300051
      vertex 0.0801559165 0.0282068215 0.0778430477
    endloop
  endfacet
  facet normal -0.382429868 -0.319803536 0.86687547
    outer loop
      vertex 0.0806444511 0.0275077038 0.0778006539
      vertex 0.0801559165 0.0282068215 0.0778430477
      vertex 0.0801559016 0.0275702439 0.0776081979
    endloop
  endfacet
  facet normal -0.923774779 -0.132523656 0.359273791
    outer loop
      vertex 0.0801559016 0.0275702439 0.0776081979
      vertex 0.0801559165 0.0282068215 0.0778430477
      vertex 0.0799535513 0.0283937827 0.0773916841
    endloop
  endfacet
  facet normal -0.923778117 -0.132527053 0.359263957
    outer loop
      vertex 0.0801559016 0.0275702439 0.0776081979
      vertex 0.0799535513 0.0283937827 0.0773916841
      vertex 0.0799535438 0.027721215 0.0771435648
    endloop
  endfacet
  facet normal -0.923772871 0.13254948 -0.359269232
    outer loop
      vertex 0.0799535438 0.027721215 0.0771435648
      vertex 0.0799535513 0.0283937827 0.0773916841
      vertex 0.0801559165 0.0285807401 0.0769403279
    endloop
  endfacet
  facet normal -0.923774421 0.13255091 -0.359264672
    outer loop
      vertex 0.0799535438 0.027721215 0.0771435648
      vertex 0.0801559165 0.0285807401 0.0769403279
      vertex 0.0801559091 0.0278721824 0.0766789243
    endloop
  endfacet
  facet normal -0.382424951 0.319814146 -0.866873682
    outer loop
      vertex 0.0801559091 0.0278721824 0.0766789243
      vertex 0.0801559165 0.0285807401 0.0769403279
      vertex 0.080644466 0.0286581758 0.0767533705
    endloop
  endfacet
  facet normal -0.38242349 0.319813311 -0.866874695
    outer loop
      vertex 0.0801559091 0.0278721824 0.0766789243
      vertex 0.080644466 0.0286581758 0.0767533705
      vertex 0.0806444585 0.0279347114 0.0764864683
    endloop
  endfacet
  facet normal 0.382441074 0.386824846 -0.839109838
    outer loop
      vertex 0.080644466 0.0286581758 0.0767533705
      vertex 0.0806444734 0.0293584671 0.0770762041
      vertex 0.0811330229 0.0292665903 0.0772565156
    endloop
  endfacet
  facet normal 0.382433206 0.386831582 -0.839110315
    outer loop
      vertex 0.080644466 0.0286581758 0.0767533705
      vertex 0.0811330229 0.0292665903 0.0772565156
      vertex 0.0811330155 0.0285807271 0.0769403279
    endloop
  endfacet
  facet normal 0.92377907 0.160307586 -0.347755283
    outer loop
      vertex 0.0811330155 0.0285807271 0.0769403279
      vertex 0.0811330229 0.0292665903 0.0772565156
      vertex 0.0813353807 0.0290447921 0.0776918158
    endloop
  endfacet
  facet normal 0.923778236 0.160309777 -0.347756386
    outer loop
      vertex 0.0811330155 0.0285807271 0.0769403279
      vertex 0.0813353807 0.0290447921 0.0776918158
      vertex 0.0813353732 0.0283937659 0.0773916841
    endloop
  endfacet
  facet normal 0.923772037 -0.16033347 0.347761929
    outer loop
      vertex 0.0813353732 0.0283937659 0.0773916841
      vertex 0.0813353807 0.0290447921 0.0776918158
      vertex 0.0811330155 0.0288229976 0.0781271085
    endloop
  endfacet
  facet normal 0.923774362 -0.160327181 0.347758919
    outer loop
      vertex 0.0813353732 0.0283937659 0.0773916841
      vertex 0.0811330155 0.0288229976 0.0781271085
      vertex 0.081133008 0.0282068104 0.0778430477
    endloop
  endfacet
  facet normal 0.382432431 -0.386832476 0.839110374
    outer loop
      vertex 0.081133008 0.0282068104 0.0778430477
      vertex 0.0811330155 0.0288229976 0.0781271085
      vertex 0.080644466 0.0287311338 0.07830742
    endloop
  endfacet
  facet normal 0.382424295 -0.386840165 0.839110434
    outer loop
      vertex 0.081133008 0.0282068104 0.0778430477
      vertex 0.080644466 0.0287311338 0.07830742
      vertex 0.0806444585 0.0281293746 0.0780300051
    endloop
  endfacet
  facet normal -0.38244617 -0.386828542 0.839105844
    outer loop
      vertex 0.0806444585 0.0281293746 0.0780300051
      vertex 0.080644466 0.0287311338 0.07830742
      vertex 0.080155924 0.0288230106 0.0781271085
    endloop
  endfacet
  facet normal -0.382437021 -0.386823028 0.83911252
    outer loop
      vertex 0.0806444585 0.0281293746 0.0780300051
      vertex 0.080155924 0.0288230106 0.0781271085
      vertex 0.0801559165 0.0282068215 0.0778430477
    endloop
  endfacet
  facet normal -0.923772156 -0.160310552 0.34777227
    outer loop
      vertex 0.0801559165 0.0282068215 0.0778430477
      vertex 0.080155924 0.0288230106 0.0781271085
      vertex 0.0799535587 0.0290448088 0.0776918158
    endloop
  endfacet
  facet normal -0.923775136 -0.160312891 0.347763211
    outer loop
      vertex 0.0801559165 0.0282068215 0.0778430477
      vertex 0.0799535587 0.0290448088 0.0776918158
      vertex 0.0799535513 0.0283937827 0.0773916841
    endloop
  endfacet
  facet normal -0.923773766 0.160331801 -0.347758323
    outer loop
      vertex 0.0799535513 0.0283937827 0.0773916841
      vertex 0.0799535587 0.0290448088 0.0776918158
      vertex 0.080155924 0.0292666014 0.0772565156
    endloop
  endfacet
  facet normal -0.923772573 0.160331026 -0.347761691
    outer loop
      vertex 0.0799535513 0.0283937827 0.0773916841
      vertex 0.080155924 0.0292666014 0.0772565156
      vertex 0.0801559165 0.0285807401 0.0769403279
    endloop
  endfacet
  facet normal -0.382433742 0.386839271 -0.839106619
    outer loop
      vertex 0.0801559165 0.0285807401 0.0769403279
      vertex 0.080155924 0.0292666014 0.0772565156
      vertex 0.0806444734 0.0293584671 0.0770762041
    endloop
  endfacet
  facet normal -0.382424384 0.386834472 -0.839113116
    outer loop
      vertex 0.0801559165 0.0285807401 0.0769403279
      vertex 0.0806444734 0.0293584671 0.0770762041
      vertex 0.080644466 0.0286581758 0.0767533705
    endloop
  endfacet
  facet normal 0.382431835 0.451475978 -0.806173205
    outer loop
      vertex 0.0806444734 0.0293584671 0.0770762041
      vertex 0.0806444809 0.0300312731 0.0774529949
      vertex 0.0811330304 0.0299255326 0.0776255354
    endloop
  endfacet
  facet normal 0.382441759 0.451467454 -0.806173325
    outer loop
      vertex 0.0806444734 0.0293584671 0.0770762041
      vertex 0.0811330304 0.0299255326 0.0776255354
      vertex 0.0811330229 0.0292665903 0.0772565156
    endloop
  endfacet
  facet normal 0.923780501 0.187093943 -0.334104031
    outer loop
      vertex 0.0811330229 0.0292665903 0.0772565156
      vertex 0.0811330304 0.0299255326 0.0776255354
      vertex 0.0813353881 0.0296702646 0.0780420974
    endloop
  endfacet
  facet normal 0.923779368 0.187097088 -0.334105402
    outer loop
      vertex 0.0811330229 0.0292665903 0.0772565156
      vertex 0.0813353881 0.0296702646 0.0780420974
      vertex 0.0813353807 0.0290447921 0.0776918158
    endloop
  endfacet
  facet normal 0.923773468 -0.187120765 0.334108382
    outer loop
      vertex 0.0813353807 0.0290447921 0.0776918158
      vertex 0.0813353881 0.0296702646 0.0780420974
      vertex 0.0811330229 0.0294150002 0.0784586519
    endloop
  endfacet
  facet normal 0.923771679 -0.187125772 0.334110349
    outer loop
      vertex 0.0813353807 0.0290447921 0.0776918158
      vertex 0.0811330229 0.0294150002 0.0784586519
      vertex 0.0811330155 0.0288229976 0.0781271085
    endloop
  endfacet
  facet normal 0.382421762 -0.451489985 0.806170225
    outer loop
      vertex 0.0811330155 0.0288229976 0.0781271085
      vertex 0.0811330229 0.0294150002 0.0784586519
      vertex 0.0806444734 0.0293092728 0.0786311924
    endloop
  endfacet
  facet normal 0.382431298 -0.451480925 0.806170762
    outer loop
      vertex 0.0811330155 0.0288229976 0.0781271085
      vertex 0.0806444734 0.0293092728 0.0786311924
      vertex 0.080644466 0.0287311338 0.07830742
    endloop
  endfacet
  facet normal -0.382431775 -0.451473296 0.806174755
    outer loop
      vertex 0.080644466 0.0287311338 0.07830742
      vertex 0.0806444734 0.0293092728 0.0786311924
      vertex 0.080155924 0.0294150133 0.0784586519
    endloop
  endfacet
  facet normal -0.382446468 -0.451481253 0.806163251
    outer loop
      vertex 0.080644466 0.0287311338 0.07830742
      vertex 0.080155924 0.0294150133 0.0784586519
      vertex 0.080155924 0.0288230106 0.0781271085
    endloop
  endfacet
  facet normal -0.923778832 -0.187108546 0.334100336
    outer loop
      vertex 0.080155924 0.0288230106 0.0781271085
      vertex 0.080155924 0.0294150133 0.0784586519
      vertex 0.0799535662 0.0296702813 0.0780420974
    endloop
  endfacet
  facet normal -0.923772514 -0.187105089 0.334119678
    outer loop
      vertex 0.080155924 0.0288230106 0.0781271085
      vertex 0.0799535662 0.0296702813 0.0780420974
      vertex 0.0799535587 0.0290448088 0.0776918158
    endloop
  endfacet
  facet normal -0.923775017 0.187118962 -0.334105104
    outer loop
      vertex 0.0799535587 0.0290448088 0.0776918158
      vertex 0.0799535662 0.0296702813 0.0780420974
      vertex 0.0801559314 0.0299255438 0.0776255354
    endloop
  endfacet
  facet normal -0.923773348 0.187118188 -0.334110051
    outer loop
      vertex 0.0799535587 0.0290448088 0.0776918158
      vertex 0.0801559314 0.0299255438 0.0776255354
      vertex 0.080155924 0.0292666014 0.0772565156
    endloop
  endfacet
  facet normal -0.382423013 0.451477885 -0.806176424
    outer loop
      vertex 0.080155924 0.0292666014 0.0772565156
      vertex 0.0801559314 0.0299255438 0.0776255354
      vertex 0.0806444809 0.0300312731 0.0774529949
    endloop
  endfacet
  facet normal -0.382432729 0.451482236 -0.806169271
    outer loop
      vertex 0.080155924 0.0292666014 0.0772565156
      vertex 0.0806444809 0.0300312731 0.0774529949
      vertex 0.0806444734 0.0293584671 0.0770762041
    endloop
  endfacet
  facet normal 0.382441103 0.51333195 -0.768263698
    outer loop
      vertex 0.0806444809 0.0300312731 0.0774529949
      vertex 0.0806444883 0.0306724329 0.0778814033
      vertex 0.0811330378 0.0305534806 0.0780451223
    endloop
  endfacet
  facet normal 0.382432669 0.513339162 -0.768263102
    outer loop
      vertex 0.0806444809 0.0300312731 0.0774529949
      vertex 0.0811330378 0.0305534806 0.0780451223
      vertex 0.0811330304 0.0299255326 0.0776255354
    endloop
  endfacet
  facet normal 0.923777938 0.212738171 -0.318397403
    outer loop
      vertex 0.0811330304 0.0299255326 0.0776255354
      vertex 0.0811330378 0.0305534806 0.0780451223
      vertex 0.0813353956 0.0302663166 0.0784403607
    endloop
  endfacet
  facet normal 0.923780799 0.212729812 -0.318394631
    outer loop
      vertex 0.0811330304 0.0299255326 0.0776255354
      vertex 0.0813353956 0.0302663166 0.0784403607
      vertex 0.0813353881 0.0296702646 0.0780420974
    endloop
  endfacet
  facet normal 0.923773706 -0.212755308 0.318398267
    outer loop
      vertex 0.0813353881 0.0296702646 0.0780420974
      vertex 0.0813353956 0.0302663166 0.0784403607
      vertex 0.0811330304 0.0299791601 0.0788356066
    endloop
  endfacet
  facet normal 0.923773229 -0.212756634 0.318398654
    outer loop
      vertex 0.0813353881 0.0296702646 0.0780420974
      vertex 0.0811330304 0.0299791601 0.0788356066
      vertex 0.0811330229 0.0294150002 0.0784586519
    endloop
  endfacet
  facet normal 0.38243109 -0.513336897 0.768265367
    outer loop
      vertex 0.0811330229 0.0294150002 0.0784586519
      vertex 0.0811330304 0.0299791601 0.0788356066
      vertex 0.0806444809 0.029860219 0.0789993256
    endloop
  endfacet
  facet normal 0.382420868 -0.513346493 0.768263996
    outer loop
      vertex 0.0811330229 0.0294150002 0.0784586519
      vertex 0.0806444809 0.029860219 0.0789993256
      vertex 0.0806444734 0.0293092728 0.0786311924
    endloop
  endfacet
  facet normal -0.382441103 -0.513334692 0.76826185
    outer loop
      vertex 0.0806444734 0.0293092728 0.0786311924
      vertex 0.0806444809 0.029860219 0.0789993256
      vertex 0.0801559314 0.0299791712 0.0788356066
    endloop
  endfacet
  facet normal -0.382432789 -0.513330698 0.768268704
    outer loop
      vertex 0.0806444734 0.0293092728 0.0786311924
      vertex 0.0801559314 0.0299791712 0.0788356066
      vertex 0.080155924 0.0294150133 0.0784586519
    endloop
  endfacet
  facet normal -0.92377919 -0.212732151 0.318397492
    outer loop
      vertex 0.080155924 0.0294150133 0.0784586519
      vertex 0.0801559314 0.0299791712 0.0788356066
      vertex 0.0799535736 0.0302663334 0.0784403607
    endloop
  endfacet
  facet normal -0.92377907 -0.212732106 0.318398118
    outer loop
      vertex 0.080155924 0.0294150133 0.0784586519
      vertex 0.0799535736 0.0302663334 0.0784403607
      vertex 0.0799535662 0.0296702813 0.0780420974
    endloop
  endfacet
  facet normal -0.923772216 0.212757215 -0.318401128
    outer loop
      vertex 0.0799535662 0.0296702813 0.0780420974
      vertex 0.0799535736 0.0302663334 0.0784403607
      vertex 0.0801559389 0.0305534918 0.0780451223
    endloop
  endfacet
  facet normal -0.9237746 0.212757736 -0.318393886
    outer loop
      vertex 0.0799535662 0.0296702813 0.0780420974
      vertex 0.0801559389 0.0305534918 0.0780451223
      vertex 0.0801559314 0.0299255438 0.0776255354
    endloop
  endfacet
  facet normal -0.382431239 0.513345718 -0.768259346
    outer loop
      vertex 0.0801559314 0.0299255438 0.0776255354
      vertex 0.0801559389 0.0305534918 0.0780451223
      vertex 0.0806444883 0.0306724329 0.0778814033
    endloop
  endfacet
  facet normal -0.382422596 0.513342261 -0.768265963
    outer loop
      vertex 0.0801559314 0.0299255438 0.0776255354
      vertex 0.0806444883 0.0306724329 0.0778814033
      vertex 0.0806444809 0.0300312731 0.0774529949
    endloop
  endfacet
  facet normal 0.382432729 0.572032869 -0.725619376
    outer loop
      vertex 0.0806444883 0.0306724329 0.0778814033
      vertex 0.0806444958 0.0312780105 0.0783588067
      vertex 0.0811330453 0.0311465822 0.0785126835
    endloop
  endfacet
  facet normal 0.38244158 0.572025478 -0.725620627
    outer loop
      vertex 0.0806444883 0.0306724329 0.0778814033
      vertex 0.0811330453 0.0311465822 0.0785126835
      vertex 0.0811330378 0.0305534806 0.0780451223
    endloop
  endfacet
  facet normal 0.923778951 0.23705931 -0.300724566
    outer loop
      vertex 0.0811330378 0.0305534806 0.0780451223
      vertex 0.0811330453 0.0311465822 0.0785126835
      vertex 0.081335403 0.0308292918 0.0788841769
    endloop
  endfacet
  facet normal 0.923778236 0.23706165 -0.300725192
    outer loop
      vertex 0.0811330378 0.0305534806 0.0780451223
      vertex 0.081335403 0.0308292918 0.0788841769
      vertex 0.0813353956 0.0302663166 0.0784403607
    endloop
  endfacet
  facet normal 0.92377305 -0.237084463 0.300723135
    outer loop
      vertex 0.0813353956 0.0302663166 0.0784403607
      vertex 0.081335403 0.0308292918 0.0788841769
      vertex 0.0811330378 0.0305120088 0.0792556703
    endloop
  endfacet
  facet normal 0.923773289 -0.237083554 0.300722957
    outer loop
      vertex 0.0813353956 0.0302663166 0.0784403607
      vertex 0.0811330378 0.0305120088 0.0792556703
      vertex 0.0811330304 0.0299791601 0.0788356066
    endloop
  endfacet
  facet normal 0.38242346 -0.572037816 0.725620389
    outer loop
      vertex 0.0811330304 0.0299791601 0.0788356066
      vertex 0.0811330378 0.0305120088 0.0792556703
      vertex 0.0806444883 0.0303805899 0.0794095472
    endloop
  endfacet
  facet normal 0.382430375 -0.572031438 0.725621819
    outer loop
      vertex 0.0811330304 0.0299791601 0.0788356066
      vertex 0.0806444883 0.0303805899 0.0794095472
      vertex 0.0806444809 0.029860219 0.0789993256
    endloop
  endfacet
  facet normal -0.382434487 -0.57202369 0.725625873
    outer loop
      vertex 0.0806444809 0.029860219 0.0789993256
      vertex 0.0806444883 0.0303805899 0.0794095472
      vertex 0.0801559389 0.03051202 0.0792556703
    endloop
  endfacet
  facet normal -0.38244158 -0.57202661 0.725619733
    outer loop
      vertex 0.0806444809 0.029860219 0.0789993256
      vertex 0.0801559389 0.03051202 0.0792556703
      vertex 0.0801559314 0.0299791712 0.0788356066
    endloop
  endfacet
  facet normal -0.923778653 -0.237059623 0.300725311
    outer loop
      vertex 0.0801559314 0.0299791712 0.0788356066
      vertex 0.0801559389 0.03051202 0.0792556703
      vertex 0.0799535811 0.0308293086 0.0788841769
    endloop
  endfacet
  facet normal -0.923779428 -0.237059653 0.300722688
    outer loop
      vertex 0.0801559314 0.0299791712 0.0788356066
      vertex 0.0799535811 0.0308293086 0.0788841769
      vertex 0.0799535736 0.0302663334 0.0784403607
    endloop
  endfacet
  facet normal -0.923773289 0.237084001 -0.30072251
    outer loop
      vertex 0.0799535736 0.0302663334 0.0784403607
      vertex 0.0799535811 0.0308293086 0.0788841769
      vertex 0.0801559463 0.0311465934 0.0785126835
    endloop
  endfacet
  facet normal -0.923772037 0.237084031 -0.300726503
    outer loop
      vertex 0.0799535736 0.0302663334 0.0784403607
      vertex 0.0801559463 0.0311465934 0.0785126835
      vertex 0.0801559389 0.0305534918 0.0780451223
    endloop
  endfacet
  facet normal -0.382421553 0.572036445 -0.725622416
    outer loop
      vertex 0.0801559389 0.0305534918 0.0780451223
      vertex 0.0801559463 0.0311465934 0.0785126835
      vertex 0.0806444958 0.0312780105 0.0783588067
    endloop
  endfacet
  facet normal -0.382430226 0.572039425 -0.725615621
    outer loop
      vertex 0.0801559389 0.0305534918 0.0780451223
      vertex 0.0806444958 0.0312780105 0.0783588067
      vertex 0.0806444883 0.0306724329 0.0778814033
    endloop
  endfacet
  facet normal 0.3824296 0.627198458 -0.67850548
    outer loop
      vertex 0.0806444958 0.0312780105 0.0783588067
      vertex 0.0806445032 0.0318442658 0.0788822472
      vertex 0.0811330527 0.0317011699 0.0790253356
    endloop
  endfacet
  facet normal 0.382433325 0.627195418 -0.678506315
    outer loop
      vertex 0.0806444958 0.0312780105 0.0783588067
      vertex 0.0811330527 0.0317011699 0.0790253356
      vertex 0.0811330453 0.0311465822 0.0785126835
    endloop
  endfacet
  facet normal 0.923778474 0.259923607 -0.281199098
    outer loop
      vertex 0.0811330453 0.0311465822 0.0785126835
      vertex 0.0811330527 0.0317011699 0.0790253356
      vertex 0.0813354105 0.0313557126 0.0793707892
    endloop
  endfacet
  facet normal 0.923779428 0.259921104 -0.28119871
    outer loop
      vertex 0.0811330453 0.0311465822 0.0785126835
      vertex 0.0813354105 0.0313557126 0.0793707892
      vertex 0.081335403 0.0308292918 0.0788841769
    endloop
  endfacet
  facet normal 0.9237746 -0.259942979 0.281194091
    outer loop
      vertex 0.081335403 0.0308292918 0.0788841769
      vertex 0.0813354105 0.0313557126 0.0793707892
      vertex 0.0811330453 0.0310102589 0.0797162503
    endloop
  endfacet
  facet normal 0.923772693 -0.259949028 0.281194955
    outer loop
      vertex 0.081335403 0.0308292918 0.0788841769
      vertex 0.0811330453 0.0310102589 0.0797162503
      vertex 0.0811330378 0.0305120088 0.0792556703
    endloop
  endfacet
  facet normal 0.382419527 -0.627209127 0.678501368
    outer loop
      vertex 0.0811330378 0.0305120088 0.0792556703
      vertex 0.0811330453 0.0310102589 0.0797162503
      vertex 0.0806444958 0.0308671724 0.0798593387
    endloop
  endfacet
  facet normal 0.382422984 -0.627205968 0.678502321
    outer loop
      vertex 0.0811330378 0.0305120088 0.0792556703
      vertex 0.0806444958 0.0308671724 0.0798593387
      vertex 0.0806444883 0.0303805899 0.0794095472
    endloop
  endfacet
  facet normal -0.382431567 -0.627197206 0.67850548
    outer loop
      vertex 0.0806444883 0.0303805899 0.0794095472
      vertex 0.0806444958 0.0308671724 0.0798593387
      vertex 0.0801559463 0.0310102701 0.0797162503
    endloop
  endfacet
  facet normal -0.382435262 -0.627198458 0.678502262
    outer loop
      vertex 0.0806444883 0.0303805899 0.0794095472
      vertex 0.0801559463 0.0310102701 0.0797162503
      vertex 0.0801559389 0.03051202 0.0792556703
    endloop
  endfacet
  facet normal -0.923780143 -0.259922028 0.281195581
    outer loop
      vertex 0.0801559389 0.03051202 0.0792556703
      vertex 0.0801559463 0.0310102701 0.0797162503
      vertex 0.0799535885 0.0313557275 0.0793707892
    endloop
  endfacet
  facet normal -0.923778951 -0.259922147 0.281198829
    outer loop
      vertex 0.0801559389 0.03051202 0.0792556703
      vertex 0.0799535885 0.0313557275 0.0793707892
      vertex 0.0799535811 0.0308293086 0.0788841769
    endloop
  endfacet
  facet normal -0.92377311 0.259945959 -0.281196326
    outer loop
      vertex 0.0799535811 0.0308293086 0.0788841769
      vertex 0.0799535885 0.0313557275 0.0793707892
      vertex 0.0801559538 0.0317011811 0.0790253356
    endloop
  endfacet
  facet normal -0.92377305 0.259945959 -0.281196445
    outer loop
      vertex 0.0799535811 0.0308293086 0.0788841769
      vertex 0.0801559538 0.0317011811 0.0790253356
      vertex 0.0801559463 0.0311465934 0.0785126835
    endloop
  endfacet
  facet normal -0.382417381 0.627205372 -0.678506017
    outer loop
      vertex 0.0801559463 0.0311465934 0.0785126835
      vertex 0.0801559538 0.0317011811 0.0790253356
      vertex 0.0806445032 0.0318442658 0.0788822472
    endloop
  endfacet
  facet normal -0.382420897 0.627206326 -0.678503096
    outer loop
      vertex 0.0801559463 0.0311465934 0.0785126835
      vertex 0.0806445032 0.0318442658 0.0788822472
      vertex 0.0806444958 0.0312780105 0.0783588067
    endloop
  endfacet
  facet normal 0.382442534 0.678494573 -0.627202511
    outer loop
      vertex 0.0806445032 0.0318442658 0.0788822472
      vertex 0.0806445107 0.0323677063 0.0794484988
      vertex 0.0811330527 0.0322138257 0.079579927
    endloop
  endfacet
  facet normal 0.382430226 0.678504467 -0.627199113
    outer loop
      vertex 0.0806445032 0.0318442658 0.0788822472
      vertex 0.0811330527 0.0322138257 0.079579927
      vertex 0.0811330527 0.0317011699 0.0790253356
    endloop
  endfacet
  facet normal 0.923773587 0.281201601 -0.259938478
    outer loop
      vertex 0.0811330527 0.0317011699 0.0790253356
      vertex 0.0811330527 0.0322138257 0.079579927
      vertex 0.0813354179 0.0318423286 0.07989721
    endloop
  endfacet
  facet normal 0.923778832 0.281185567 -0.259937108
    outer loop
      vertex 0.0811330527 0.0317011699 0.0790253356
      vertex 0.0813354179 0.0318423286 0.07989721
      vertex 0.0813354105 0.0313557126 0.0793707892
    endloop
  endfacet
  facet normal 0.923769355 -0.2812154 0.259938538
    outer loop
      vertex 0.0813354105 0.0313557126 0.0793707892
      vertex 0.0813354179 0.0318423286 0.07989721
      vertex 0.0811330453 0.0314708352 0.0802145004
    endloop
  endfacet
  facet normal 0.923774421 -0.281199813 0.259937614
    outer loop
      vertex 0.0813354105 0.0313557126 0.0793707892
      vertex 0.0811330453 0.0314708352 0.0802145004
      vertex 0.0811330453 0.0310102589 0.0797162503
    endloop
  endfacet
  facet normal 0.382420689 -0.678506434 0.627202988
    outer loop
      vertex 0.0811330453 0.0310102589 0.0797162503
      vertex 0.0811330453 0.0314708352 0.0802145004
      vertex 0.0806444958 0.0313169621 0.0803459212
    endloop
  endfacet
  facet normal 0.382419199 -0.678507626 0.627202451
    outer loop
      vertex 0.0811330453 0.0310102589 0.0797162503
      vertex 0.0806444958 0.0313169621 0.0803459212
      vertex 0.0806444958 0.0308671724 0.0798593387
    endloop
  endfacet
  facet normal -0.382438838 -0.678501606 0.627196908
    outer loop
      vertex 0.0806444958 0.0308671724 0.0798593387
      vertex 0.0806444958 0.0313169621 0.0803459212
      vertex 0.0801559538 0.0314708464 0.0802145004
    endloop
  endfacet
  facet normal -0.38243252 -0.678499877 0.62720269
    outer loop
      vertex 0.0806444958 0.0308671724 0.0798593387
      vertex 0.0801559538 0.0314708464 0.0802145004
      vertex 0.0801559463 0.0310102701 0.0797162503
    endloop
  endfacet
  facet normal -0.923779845 -0.281183273 0.259936154
    outer loop
      vertex 0.0801559463 0.0310102701 0.0797162503
      vertex 0.0801559538 0.0314708464 0.0802145004
      vertex 0.079953596 0.0318423435 0.07989721
    endloop
  endfacet
  facet normal -0.923780203 -0.281183064 0.259934813
    outer loop
      vertex 0.0801559463 0.0310102701 0.0797162503
      vertex 0.079953596 0.0318423435 0.07989721
      vertex 0.0799535885 0.0313557275 0.0793707892
    endloop
  endfacet
  facet normal -0.923772991 0.281209081 -0.259932667
    outer loop
      vertex 0.0799535885 0.0313557275 0.0793707892
      vertex 0.079953596 0.0318423435 0.07989721
      vertex 0.0801559612 0.0322138369 0.079579927
    endloop
  endfacet
  facet normal -0.923772812 0.281209081 -0.259932965
    outer loop
      vertex 0.0799535885 0.0313557275 0.0793707892
      vertex 0.0801559612 0.0322138369 0.079579927
      vertex 0.0801559538 0.0317011811 0.0790253356
    endloop
  endfacet
  facet normal -0.382424504 0.678508818 -0.62719804
    outer loop
      vertex 0.0801559538 0.0317011811 0.0790253356
      vertex 0.0801559612 0.0322138369 0.079579927
      vertex 0.0806445107 0.0323677063 0.0794484988
    endloop
  endfacet
  facet normal -0.382417023 0.678507268 -0.62720418
    outer loop
      vertex 0.0801559538 0.0317011811 0.0790253356
      vertex 0.0806445107 0.0323677063 0.0794484988
      vertex 0.0806445032 0.0318442658 0.0788822472
    endloop
  endfacet
  facet normal 0.382447362 0.725609183 -0.572036028
    outer loop
      vertex 0.0806445107 0.0323677063 0.0794484988
      vertex 0.0806445181 0.0328451097 0.0800540745
      vertex 0.0811330602 0.0326813869 0.080173023
    endloop
  endfacet
  facet normal 0.382442504 0.725613117 -0.572034419
    outer loop
      vertex 0.0806445107 0.0323677063 0.0794484988
      vertex 0.0811330602 0.0326813869 0.080173023
      vertex 0.0811330527 0.0322138257 0.079579927
    endloop
  endfacet
  facet normal 0.923778951 0.300712317 -0.23707509
    outer loop
      vertex 0.0811330527 0.0322138257 0.079579927
      vertex 0.0811330602 0.0326813869 0.080173023
      vertex 0.0813354179 0.0322861411 0.0804601833
    endloop
  endfacet
  facet normal 0.923773706 0.30072844 -0.237075225
    outer loop
      vertex 0.0811330527 0.0322138257 0.079579927
      vertex 0.0813354179 0.0322861411 0.0804601833
      vertex 0.0813354179 0.0318423286 0.07989721
    endloop
  endfacet
  facet normal 0.923773289 -0.300729185 0.237075821
    outer loop
      vertex 0.0813354179 0.0318423286 0.07989721
      vertex 0.0813354179 0.0322861411 0.0804601833
      vertex 0.0811330527 0.0318908989 0.0807473436
    endloop
  endfacet
  facet normal 0.923769057 -0.300742388 0.237075523
    outer loop
      vertex 0.0813354179 0.0318423286 0.07989721
      vertex 0.0811330527 0.0318908989 0.0807473436
      vertex 0.0811330453 0.0314708352 0.0802145004
    endloop
  endfacet
  facet normal 0.382423639 -0.725622654 0.572034895
    outer loop
      vertex 0.0811330453 0.0314708352 0.0802145004
      vertex 0.0811330527 0.0318908989 0.0807473436
      vertex 0.0806445032 0.0317271911 0.0808662921
    endloop
  endfacet
  facet normal 0.38242054 -0.725625277 0.572033644
    outer loop
      vertex 0.0811330453 0.0314708352 0.0802145004
      vertex 0.0806445032 0.0317271911 0.0808662921
      vertex 0.0806444958 0.0313169621 0.0803459212
    endloop
  endfacet
  facet normal -0.382442474 -0.725612819 0.572034836
    outer loop
      vertex 0.0806444958 0.0313169621 0.0803459212
      vertex 0.0806445032 0.0317271911 0.0808662921
      vertex 0.0801559538 0.0318909138 0.0807473436
    endloop
  endfacet
  facet normal -0.382439822 -0.725612342 0.57203716
    outer loop
      vertex 0.0806444958 0.0313169621 0.0803459212
      vertex 0.0801559538 0.0318909138 0.0807473436
      vertex 0.0801559538 0.0314708464 0.0802145004
    endloop
  endfacet
  facet normal -0.923778117 -0.300717652 0.237071067
    outer loop
      vertex 0.0801559538 0.0314708464 0.0802145004
      vertex 0.0801559538 0.0318909138 0.0807473436
      vertex 0.079953596 0.032286156 0.0804601833
    endloop
  endfacet
  facet normal -0.923779964 -0.300716519 0.237065837
    outer loop
      vertex 0.0801559538 0.0314708464 0.0802145004
      vertex 0.079953596 0.032286156 0.0804601833
      vertex 0.079953596 0.0318423435 0.07989721
    endloop
  endfacet
  facet normal -0.923768282 0.300738603 -0.237083256
    outer loop
      vertex 0.079953596 0.0318423435 0.07989721
      vertex 0.079953596 0.032286156 0.0804601833
      vertex 0.0801559687 0.0326813981 0.080173023
    endloop
  endfacet
  facet normal -0.923772693 0.300735295 -0.237070024
    outer loop
      vertex 0.079953596 0.0318423435 0.07989721
      vertex 0.0801559687 0.0326813981 0.080173023
      vertex 0.0801559612 0.0322138369 0.079579927
    endloop
  endfacet
  facet normal -0.382428318 0.725622356 -0.572032094
    outer loop
      vertex 0.0801559612 0.0322138369 0.079579927
      vertex 0.0801559687 0.0326813981 0.080173023
      vertex 0.0806445181 0.0328451097 0.0800540745
    endloop
  endfacet
  facet normal -0.382423282 0.725621581 -0.572036386
    outer loop
      vertex 0.0801559612 0.0322138369 0.079579927
      vertex 0.0806445181 0.0328451097 0.0800540745
      vertex 0.0806445107 0.0323677063 0.0794484988
    endloop
  endfacet
  facet normal 0.382434428 0.768267453 -0.513331413
    outer loop
      vertex 0.0806445181 0.0328451097 0.0800540745
      vertex 0.0806445181 0.0332735218 0.0806952491
      vertex 0.0811330676 0.0331009738 0.0808009803
    endloop
  endfacet
  facet normal 0.382447869 0.768257141 -0.513336658
    outer loop
      vertex 0.0806445181 0.0328451097 0.0800540745
      vertex 0.0811330676 0.0331009738 0.0808009803
      vertex 0.0811330602 0.0326813869 0.080173023
    endloop
  endfacet
  facet normal 0.92377907 0.318386436 -0.212749586
    outer loop
      vertex 0.0811330602 0.0326813869 0.080173023
      vertex 0.0811330676 0.0331009738 0.0808009803
      vertex 0.0813354254 0.0326844156 0.0810562447
    endloop
  endfacet
  facet normal 0.92377919 0.31838581 -0.212749615
    outer loop
      vertex 0.0811330602 0.0326813869 0.080173023
      vertex 0.0813354254 0.0326844156 0.0810562447
      vertex 0.0813354179 0.0322861411 0.0804601833
    endloop
  endfacet
  facet normal 0.923772573 -0.318409771 0.212742567
    outer loop
      vertex 0.0813354179 0.0322861411 0.0804601833
      vertex 0.0813354254 0.0326844156 0.0810562447
      vertex 0.0811330602 0.0322678648 0.081311509
    endloop
  endfacet
  facet normal 0.92377317 -0.318408072 0.212742731
    outer loop
      vertex 0.0813354179 0.0322861411 0.0804601833
      vertex 0.0811330602 0.0322678648 0.081311509
      vertex 0.0811330527 0.0318908989 0.0807473436
    endloop
  endfacet
  facet normal 0.382426053 -0.768267095 0.513338089
    outer loop
      vertex 0.0811330527 0.0318908989 0.0807473436
      vertex 0.0811330602 0.0322678648 0.081311509
      vertex 0.0806445107 0.032095328 0.0814172477
    endloop
  endfacet
  facet normal 0.382422745 -0.768269718 0.51333648
    outer loop
      vertex 0.0811330527 0.0318908989 0.0807473436
      vertex 0.0806445107 0.032095328 0.0814172477
      vertex 0.0806445032 0.0317271911 0.0808662921
    endloop
  endfacet
  facet normal -0.382440925 -0.76825875 0.51333946
    outer loop
      vertex 0.0806445032 0.0317271911 0.0808662921
      vertex 0.0806445107 0.032095328 0.0814172477
      vertex 0.0801559612 0.032267876 0.081311509
    endloop
  endfacet
  facet normal -0.382442862 -0.768258989 0.513337791
    outer loop
      vertex 0.0806445032 0.0317271911 0.0808662921
      vertex 0.0801559612 0.032267876 0.081311509
      vertex 0.0801559538 0.0318909138 0.0807473436
    endloop
  endfacet
  facet normal -0.92377907 -0.318385988 0.212750256
    outer loop
      vertex 0.0801559538 0.0318909138 0.0807473436
      vertex 0.0801559612 0.032267876 0.081311509
      vertex 0.0799536034 0.0326844342 0.0810562447
    endloop
  endfacet
  facet normal -0.923778355 -0.318386555 0.212752134
    outer loop
      vertex 0.0801559538 0.0318909138 0.0807473436
      vertex 0.0799536034 0.0326844342 0.0810562447
      vertex 0.079953596 0.032286156 0.0804601833
    endloop
  endfacet
  facet normal -0.923772633 0.318408906 -0.212743998
    outer loop
      vertex 0.079953596 0.032286156 0.0804601833
      vertex 0.0799536034 0.0326844342 0.0810562447
      vertex 0.0801559687 0.033100985 0.0808009803
    endloop
  endfacet
  facet normal -0.923768282 0.318413079 -0.212756425
    outer loop
      vertex 0.079953596 0.032286156 0.0804601833
      vertex 0.0801559687 0.033100985 0.0808009803
      vertex 0.0801559687 0.0326813981 0.080173023
    endloop
  endfacet
  facet normal -0.382419348 0.768269122 -0.513340116
    outer loop
      vertex 0.0801559687 0.0326813981 0.080173023
      vertex 0.0801559687 0.033100985 0.0808009803
      vertex 0.0806445181 0.0332735218 0.0806952491
    endloop
  endfacet
  facet normal -0.382427722 0.768269718 -0.513333023
    outer loop
      vertex 0.0801559687 0.0326813981 0.080173023
      vertex 0.0806445181 0.0332735218 0.0806952491
      vertex 0.0806445181 0.0328451097 0.0800540745
    endloop
  endfacet
  facet normal 0.38243854 0.806166112 -0.451482922
    outer loop
      vertex 0.0806445181 0.0332735218 0.0806952491
      vertex 0.0806445256 0.0336503126 0.0813680515
      vertex 0.0811330751 0.0334700011 0.0814599246
    endloop
  endfacet
  facet normal 0.382435083 0.806168675 -0.451481432
    outer loop
      vertex 0.0806445181 0.0332735218 0.0806952491
      vertex 0.0811330751 0.0334700011 0.0814599246
      vertex 0.0811330676 0.0331009738 0.0808009803
    endloop
  endfacet
  facet normal 0.923778653 0.334097415 -0.187114373
    outer loop
      vertex 0.0811330676 0.0331009738 0.0808009803
      vertex 0.0811330751 0.0334700011 0.0814599246
      vertex 0.0813354328 0.0330346972 0.0816817135
    endloop
  endfacet
  facet normal 0.923779368 0.334095478 -0.187114671
    outer loop
      vertex 0.0811330676 0.0331009738 0.0808009803
      vertex 0.0813354328 0.0330346972 0.0816817135
      vertex 0.0813354254 0.0326844156 0.0810562447
    endloop
  endfacet
  facet normal 0.923768282 -0.33412835 0.187111065
    outer loop
      vertex 0.0813354254 0.0326844156 0.0810562447
      vertex 0.0813354328 0.0330346972 0.0816817135
      vertex 0.0811330602 0.0325994007 0.0819035098
    endloop
  endfacet
  facet normal 0.923772454 -0.334115386 0.187113389
    outer loop
      vertex 0.0813354254 0.0326844156 0.0810562447
      vertex 0.0811330602 0.0325994007 0.0819035098
      vertex 0.0811330602 0.0322678648 0.081311509
    endloop
  endfacet
  facet normal 0.382422954 -0.80617553 0.451479435
    outer loop
      vertex 0.0811330602 0.0322678648 0.081311509
      vertex 0.0811330602 0.0325994007 0.0819035098
      vertex 0.0806445107 0.0324191004 0.0819953829
    endloop
  endfacet
  facet normal 0.382425189 -0.806173801 0.451480597
    outer loop
      vertex 0.0811330602 0.0322678648 0.081311509
      vertex 0.0806445107 0.0324191004 0.0819953829
      vertex 0.0806445107 0.032095328 0.0814172477
    endloop
  endfacet
  facet normal -0.382443637 -0.806167185 0.451476902
    outer loop
      vertex 0.0806445107 0.032095328 0.0814172477
      vertex 0.0806445107 0.0324191004 0.0819953829
      vertex 0.0801559687 0.0325994119 0.0819035098
    endloop
  endfacet
  facet normal -0.382440925 -0.806166947 0.451479435
    outer loop
      vertex 0.0806445107 0.032095328 0.0814172477
      vertex 0.0801559687 0.0325994119 0.0819035098
      vertex 0.0801559612 0.032267876 0.081311509
    endloop
  endfacet
  facet normal -0.923779786 -0.334095091 0.187113628
    outer loop
      vertex 0.0801559612 0.032267876 0.081311509
      vertex 0.0801559687 0.0325994119 0.0819035098
      vertex 0.0799536109 0.0330347158 0.0816817135
    endloop
  endfacet
  facet normal -0.923779368 -0.334095478 0.187114671
    outer loop
      vertex 0.0801559612 0.032267876 0.081311509
      vertex 0.0799536109 0.0330347158 0.0816817135
      vertex 0.0799536034 0.0326844342 0.0810562447
    endloop
  endfacet
  facet normal -0.923772216 0.334119976 -0.187106386
    outer loop
      vertex 0.0799536034 0.0326844342 0.0810562447
      vertex 0.0799536109 0.0330347158 0.0816817135
      vertex 0.0801559761 0.0334700122 0.0814599246
    endloop
  endfacet
  facet normal -0.923772335 0.334119886 -0.187106073
    outer loop
      vertex 0.0799536034 0.0326844342 0.0810562447
      vertex 0.0801559761 0.0334700122 0.0814599246
      vertex 0.0801559687 0.033100985 0.0808009803
    endloop
  endfacet
  facet normal -0.382422984 0.806176722 -0.451477289
    outer loop
      vertex 0.0801559687 0.033100985 0.0808009803
      vertex 0.0801559761 0.0334700122 0.0814599246
      vertex 0.0806445256 0.0336503126 0.0813680515
    endloop
  endfacet
  facet normal -0.382419229 0.806176722 -0.451480389
    outer loop
      vertex 0.0801559687 0.033100985 0.0808009803
      vertex 0.0806445256 0.0336503126 0.0813680515
      vertex 0.0806445181 0.0332735218 0.0806952491
    endloop
  endfacet
  facet normal 0.382443875 0.839101553 -0.386840135
    outer loop
      vertex 0.0806445256 0.0336503126 0.0813680515
      vertex 0.080644533 0.0339731537 0.082068339
      vertex 0.0811330751 0.0337861888 0.0821457803
    endloop
  endfacet
  facet normal 0.382438749 0.83910507 -0.386837512
    outer loop
      vertex 0.0806445256 0.0336503126 0.0813680515
      vertex 0.0811330751 0.0337861888 0.0821457803
      vertex 0.0811330751 0.0334700011 0.0814599246
    endloop
  endfacet
  facet normal 0.923780382 0.347747773 -0.160315901
    outer loop
      vertex 0.0811330751 0.0334700011 0.0814599246
      vertex 0.0811330751 0.0337861888 0.0821457803
      vertex 0.0813354328 0.0333348252 0.0823327452
    endloop
  endfacet
  facet normal 0.92377907 0.347752005 -0.160314947
    outer loop
      vertex 0.0811330751 0.0334700011 0.0814599246
      vertex 0.0813354328 0.0333348252 0.0823327452
      vertex 0.0813354328 0.0330346972 0.0816817135
    endloop
  endfacet
  facet normal 0.923772752 -0.347765744 0.160321295
    outer loop
      vertex 0.0813354328 0.0330346972 0.0816817135
      vertex 0.0813354328 0.0333348252 0.0823327452
      vertex 0.0811330676 0.032883469 0.0825197026
    endloop
  endfacet
  facet normal 0.923767924 -0.347780317 0.160317481
    outer loop
      vertex 0.0813354328 0.0330346972 0.0816817135
      vertex 0.0811330676 0.032883469 0.0825197026
      vertex 0.0811330602 0.0325994007 0.0819035098
    endloop
  endfacet
  facet normal 0.382422715 -0.839114904 0.386831969
    outer loop
      vertex 0.0811330602 0.0325994007 0.0819035098
      vertex 0.0811330676 0.032883469 0.0825197026
      vertex 0.0806445181 0.0326965153 0.0825971439
    endloop
  endfacet
  facet normal 0.382422239 -0.839115322 0.386831731
    outer loop
      vertex 0.0811330602 0.0325994007 0.0819035098
      vertex 0.0806445181 0.0326965153 0.0825971439
      vertex 0.0806445107 0.0324191004 0.0819953829
    endloop
  endfacet
  facet normal -0.382439017 -0.839105427 0.386836648
    outer loop
      vertex 0.0806445107 0.0324191004 0.0819953829
      vertex 0.0806445181 0.0326965153 0.0825971439
      vertex 0.0801559687 0.0328834802 0.0825197026
    endloop
  endfacet
  facet normal -0.382443696 -0.839105308 0.386832118
    outer loop
      vertex 0.0806445107 0.0324191004 0.0819953829
      vertex 0.0801559687 0.0328834802 0.0825197026
      vertex 0.0801559687 0.0325994119 0.0819035098
    endloop
  endfacet
  facet normal -0.923778653 -0.347752541 0.160315827
    outer loop
      vertex 0.0801559687 0.0325994119 0.0819035098
      vertex 0.0801559687 0.0328834802 0.0825197026
      vertex 0.0799536109 0.0333348401 0.0823327452
    endloop
  endfacet
  facet normal -0.923779845 -0.347750902 0.160312444
    outer loop
      vertex 0.0801559687 0.0325994119 0.0819035098
      vertex 0.0799536109 0.0333348401 0.0823327452
      vertex 0.0799536109 0.0330347158 0.0816817135
    endloop
  endfacet
  facet normal -0.923769593 0.347773463 -0.16032283
    outer loop
      vertex 0.0799536109 0.0330347158 0.0816817135
      vertex 0.0799536109 0.0333348401 0.0823327452
      vertex 0.0801559836 0.0337862 0.0821457803
    endloop
  endfacet
  facet normal -0.923772037 0.347769916 -0.160316095
    outer loop
      vertex 0.0799536109 0.0330347158 0.0816817135
      vertex 0.0801559836 0.0337862 0.0821457803
      vertex 0.0801559761 0.0334700122 0.0814599246
    endloop
  endfacet
  facet normal -0.382422626 0.839112699 -0.386836886
    outer loop
      vertex 0.0801559761 0.0334700122 0.0814599246
      vertex 0.0801559836 0.0337862 0.0821457803
      vertex 0.080644533 0.0339731537 0.082068339
    endloop
  endfacet
  facet normal -0.382422358 0.839112759 -0.386837125
    outer loop
      vertex 0.0801559761 0.0334700122 0.0814599246
      vertex 0.080644533 0.0339731537 0.082068339
      vertex 0.0806445256 0.0336503126 0.0813680515
    endloop
  endfacet
  facet normal 0.382441908 0.866870463 -0.319802552
    outer loop
      vertex 0.080644533 0.0339731537 0.082068339
      vertex 0.080644533 0.0342400521 0.0827918053
      vertex 0.0811330751 0.0340475887 0.082854338
    endloop
  endfacet
  facet normal 0.382444263 0.866869032 -0.319803834
    outer loop
      vertex 0.080644533 0.0339731537 0.082068339
      vertex 0.0811330751 0.0340475887 0.082854338
      vertex 0.0811330751 0.0337861888 0.0821457803
    endloop
  endfacet
  facet normal 0.923779905 0.359256029 -0.132536128
    outer loop
      vertex 0.0811330751 0.0337861888 0.0821457803
      vertex 0.0811330751 0.0340475887 0.082854338
      vertex 0.0813354328 0.0335829481 0.0830053091
    endloop
  endfacet
  facet normal 0.923780441 0.359254569 -0.132536575
    outer loop
      vertex 0.0811330751 0.0337861888 0.0821457803
      vertex 0.0813354328 0.0335829481 0.0830053091
      vertex 0.0813354328 0.0333348252 0.0823327452
    endloop
  endfacet
  facet normal 0.923772931 -0.359271377 0.132542774
    outer loop
      vertex 0.0813354328 0.0333348252 0.0823327452
      vertex 0.0813354328 0.0335829481 0.0830053091
      vertex 0.0811330676 0.033118315 0.0831562802
    endloop
  endfacet
  facet normal 0.923772752 -0.359272063 0.132542551
    outer loop
      vertex 0.0813354328 0.0333348252 0.0823327452
      vertex 0.0811330676 0.033118315 0.0831562802
      vertex 0.0811330676 0.032883469 0.0825197026
    endloop
  endfacet
  facet normal 0.382420003 -0.866878033 0.319808394
    outer loop
      vertex 0.0811330676 0.032883469 0.0825197026
      vertex 0.0811330676 0.033118315 0.0831562802
      vertex 0.0806445181 0.0329258628 0.0832188129
    endloop
  endfacet
  facet normal 0.382422388 -0.866876423 0.319809943
    outer loop
      vertex 0.0811330676 0.032883469 0.0825197026
      vertex 0.0806445181 0.0329258628 0.0832188129
      vertex 0.0806445181 0.0326965153 0.0825971439
    endloop
  endfacet
  facet normal -0.382436931 -0.866870821 0.319807887
    outer loop
      vertex 0.0806445181 0.0326965153 0.0825971439
      vertex 0.0806445181 0.0329258628 0.0832188129
      vertex 0.0801559687 0.0331183262 0.0831562802
    endloop
  endfacet
  facet normal -0.382439286 -0.866870582 0.319805622
    outer loop
      vertex 0.0806445181 0.0326965153 0.0825971439
      vertex 0.0801559687 0.0331183262 0.0831562802
      vertex 0.0801559687 0.0328834802 0.0825197026
    endloop
  endfacet
  facet normal -0.923779905 -0.35925588 0.132536575
    outer loop
      vertex 0.0801559687 0.0328834802 0.0825197026
      vertex 0.0801559687 0.0331183262 0.0831562802
      vertex 0.0799536109 0.0335829668 0.0830053091
    endloop
  endfacet
  facet normal -0.923778772 -0.359257728 0.132539734
    outer loop
      vertex 0.0801559687 0.0328834802 0.0825197026
      vertex 0.0799536109 0.0335829668 0.0830053091
      vertex 0.0799536109 0.0333348401 0.0823327452
    endloop
  endfacet
  facet normal -0.923767984 0.359282106 -0.132548705
    outer loop
      vertex 0.0799536109 0.0333348401 0.0823327452
      vertex 0.0799536109 0.0335829668 0.0830053091
      vertex 0.0801559836 0.0340475999 0.082854338
    endloop
  endfacet
  facet normal -0.923769414 0.359279692 -0.132544875
    outer loop
      vertex 0.0799536109 0.0333348401 0.0823327452
      vertex 0.0801559836 0.0340475999 0.082854338
      vertex 0.0801559836 0.0337862 0.0821457803
    endloop
  endfacet
  facet normal -0.382419974 0.86687839 -0.319807321
    outer loop
      vertex 0.0801559836 0.0337862 0.0821457803
      vertex 0.0801559836 0.0340475999 0.082854338
      vertex 0.080644533 0.0342400521 0.0827918053
    endloop
  endfacet
  facet normal -0.382422298 0.866878152 -0.319805384
    outer loop
      vertex 0.0801559836 0.0337862 0.0821457803
      vertex 0.080644533 0.0342400521 0.0827918053
      vertex 0.080644533 0.0339731537 0.082068339
    endloop
  endfacet
  facet normal 0.382440388 0.889288962 -0.250807464
    outer loop
      vertex 0.080644533 0.0342400521 0.0827918053
      vertex 0.080644533 0.0344493687 0.08353398
      vertex 0.0811330825 0.0342525914 0.0835812241
    endloop
  endfacet
  facet normal 0.382442236 0.889287889 -0.250808597
    outer loop
      vertex 0.080644533 0.0342400521 0.0827918053
      vertex 0.0811330825 0.0342525914 0.0835812241
      vertex 0.0811330751 0.0340475887 0.082854338
    endloop
  endfacet
  facet normal 0.923779249 0.368546069 -0.103950031
    outer loop
      vertex 0.0811330751 0.0340475887 0.082854338
      vertex 0.0811330825 0.0342525914 0.0835812241
      vertex 0.0813354403 0.0337775387 0.0836952701
    endloop
  endfacet
  facet normal 0.923780024 0.368543983 -0.10395088
    outer loop
      vertex 0.0811330751 0.0340475887 0.082854338
      vertex 0.0813354403 0.0337775387 0.0836952701
      vertex 0.0813354328 0.0335829481 0.0830053091
    endloop
  endfacet
  facet normal 0.923768163 -0.368576825 0.103940196
    outer loop
      vertex 0.0813354328 0.0335829481 0.0830053091
      vertex 0.0813354403 0.0337775387 0.0836952701
      vertex 0.0811330676 0.0333024934 0.0838093236
    endloop
  endfacet
  facet normal 0.923772931 -0.368563116 0.103946157
    outer loop
      vertex 0.0813354328 0.0335829481 0.0830053091
      vertex 0.0811330676 0.0333024934 0.0838093236
      vertex 0.0811330676 0.033118315 0.0831562802
    endloop
  endfacet
  facet normal 0.382425576 -0.889295101 0.250808597
    outer loop
      vertex 0.0811330676 0.033118315 0.0831562802
      vertex 0.0811330676 0.0333024934 0.0838093236
      vertex 0.0806445181 0.0331057236 0.0838565603
    endloop
  endfacet
  facet normal 0.382419825 -0.889298737 0.250804543
    outer loop
      vertex 0.0811330676 0.033118315 0.0831562802
      vertex 0.0806445181 0.0331057236 0.0838565603
      vertex 0.0806445181 0.0329258628 0.0832188129
    endloop
  endfacet
  facet normal -0.382447958 -0.889287472 0.250801355
    outer loop
      vertex 0.0806445181 0.0329258628 0.0832188129
      vertex 0.0806445181 0.0331057236 0.0838565603
      vertex 0.0801559761 0.0333025046 0.0838093236
    endloop
  endfacet
  facet normal -0.382437289 -0.88928926 0.250811309
    outer loop
      vertex 0.0806445181 0.0329258628 0.0832188129
      vertex 0.0801559761 0.0333025046 0.0838093236
      vertex 0.0801559687 0.0331183262 0.0831562802
    endloop
  endfacet
  facet normal -0.923778832 -0.368546665 0.103952043
    outer loop
      vertex 0.0801559687 0.0331183262 0.0831562802
      vertex 0.0801559761 0.0333025046 0.0838093236
      vertex 0.0799536183 0.0337775536 0.0836952701
    endloop
  endfacet
  facet normal -0.923779964 -0.368544519 0.103949048
    outer loop
      vertex 0.0801559687 0.0331183262 0.0831562802
      vertex 0.0799536183 0.0337775536 0.0836952701
      vertex 0.0799536109 0.0335829668 0.0830053091
    endloop
  endfacet
  facet normal -0.923773527 0.368564665 -0.103934772
    outer loop
      vertex 0.0799536109 0.0335829668 0.0830053091
      vertex 0.0799536183 0.0337775536 0.0836952701
      vertex 0.0801559836 0.0342526026 0.0835812241
    endloop
  endfacet
  facet normal -0.923767924 0.368574947 -0.103948712
    outer loop
      vertex 0.0799536109 0.0335829668 0.0830053091
      vertex 0.0801559836 0.0342526026 0.0835812241
      vertex 0.0801559836 0.0340475999 0.082854338
    endloop
  endfacet
  facet normal -0.382423043 0.889296591 -0.250807136
    outer loop
      vertex 0.0801559836 0.0340475999 0.082854338
      vertex 0.0801559836 0.0342526026 0.0835812241
      vertex 0.080644533 0.0344493687 0.08353398
    endloop
  endfacet
  facet normal -0.382419914 0.889297247 -0.250809789
    outer loop
      vertex 0.0801559836 0.0340475999 0.082854338
      vertex 0.080644533 0.0344493687 0.08353398
      vertex 0.080644533 0.0342400521 0.0827918053
    endloop
  endfacet
  facet normal 0.382443696 0.90622431 -0.180262163
    outer loop
      vertex 0.080644533 0.0344493687 0.08353398
      vertex 0.0806445405 0.0345998071 0.0842902884
      vertex 0.0811330825 0.0343999304 0.0843219459
    endloop
  endfacet
  facet normal 0.38244018 0.906226158 -0.180259869
    outer loop
      vertex 0.080644533 0.0344493687 0.08353398
      vertex 0.0811330825 0.0343999304 0.0843219459
      vertex 0.0811330825 0.0342525914 0.0835812241
    endloop
  endfacet
  facet normal 0.923779964 0.375566125 -0.0747048631
    outer loop
      vertex 0.0811330825 0.0342525914 0.0835812241
      vertex 0.0811330825 0.0343999304 0.0843219459
      vertex 0.0813354403 0.0339173935 0.084398374
    endloop
  endfacet
  facet normal 0.923779488 0.375567198 -0.0747043118
    outer loop
      vertex 0.0811330825 0.0342525914 0.0835812241
      vertex 0.0813354403 0.0339173935 0.084398374
      vertex 0.0813354403 0.0337775387 0.0836952701
    endloop
  endfacet
  facet normal 0.923767507 -0.37559557 0.0747099593
    outer loop
      vertex 0.0813354403 0.0337775387 0.0836952701
      vertex 0.0813354403 0.0339173935 0.084398374
      vertex 0.0811330676 0.0334348641 0.0844747946
    endloop
  endfacet
  facet normal 0.923767865 -0.375594437 0.0747105777
    outer loop
      vertex 0.0813354403 0.0337775387 0.0836952701
      vertex 0.0811330676 0.0334348641 0.0844747946
      vertex 0.0811330676 0.0333024934 0.0838093236
    endloop
  endfacet
  facet normal 0.382421046 -0.906233966 0.180261612
    outer loop
      vertex 0.0811330676 0.0333024934 0.0838093236
      vertex 0.0811330676 0.0334348641 0.0844747946
      vertex 0.0806445181 0.0332349986 0.0845064521
    endloop
  endfacet
  facet normal 0.382426083 -0.906230986 0.180265442
    outer loop
      vertex 0.0811330676 0.0333024934 0.0838093236
      vertex 0.0806445181 0.0332349986 0.0845064521
      vertex 0.0806445181 0.0331057236 0.0838565603
    endloop
  endfacet
  facet normal -0.382443577 -0.906223834 0.180264011
    outer loop
      vertex 0.0806445181 0.0331057236 0.0838565603
      vertex 0.0806445181 0.0332349986 0.0845064521
      vertex 0.0801559761 0.0334348753 0.0844747946
    endloop
  endfacet
  facet normal -0.382448733 -0.906222641 0.180259362
    outer loop
      vertex 0.0806445181 0.0331057236 0.0838565603
      vertex 0.0801559761 0.0334348753 0.0844747946
      vertex 0.0801559761 0.0333025046 0.0838093236
    endloop
  endfacet
  facet normal -0.923779428 -0.375567049 0.0747051165
    outer loop
      vertex 0.0801559761 0.0333025046 0.0838093236
      vertex 0.0801559761 0.0334348753 0.0844747946
      vertex 0.0799536183 0.0339174122 0.084398374
    endloop
  endfacet
  facet normal -0.923778951 -0.375568211 0.0747064948
    outer loop
      vertex 0.0801559761 0.0333025046 0.0838093236
      vertex 0.0799536183 0.0339174122 0.084398374
      vertex 0.0799536183 0.0337775536 0.0836952701
    endloop
  endfacet
  facet normal -0.923767805 0.375594288 -0.0747117028
    outer loop
      vertex 0.0799536183 0.0337775536 0.0836952701
      vertex 0.0799536183 0.0339174122 0.084398374
      vertex 0.080155991 0.0343999416 0.0843219459
    endloop
  endfacet
  facet normal -0.923773348 0.375583291 -0.0746989921
    outer loop
      vertex 0.0799536183 0.0337775536 0.0836952701
      vertex 0.080155991 0.0343999416 0.0843219459
      vertex 0.0801559836 0.0342526026 0.0835812241
    endloop
  endfacet
  facet normal -0.382421046 0.906234682 -0.180257693
    outer loop
      vertex 0.0801559836 0.0342526026 0.0835812241
      vertex 0.080155991 0.0343999416 0.0843219459
      vertex 0.0806445405 0.0345998071 0.0842902884
    endloop
  endfacet
  facet normal -0.382422447 0.906234384 -0.180256605
    outer loop
      vertex 0.0801559836 0.0342526026 0.0835812241
      vertex 0.0806445405 0.0345998071 0.0842902884
      vertex 0.080644533 0.0344493687 0.08353398
    endloop
  endfacet
  facet normal 0.382447481 0.917572677 -0.108601429
    outer loop
      vertex 0.0806445405 0.0345998071 0.0842902884
      vertex 0.0806445405 0.0346904434 0.085056074
      vertex 0.0811330825 0.0344886966 0.0850719512
    endloop
  endfacet
  facet normal 0.382443607 0.917574644 -0.108598746
    outer loop
      vertex 0.0806445405 0.0345998071 0.0842902884
      vertex 0.0811330825 0.0344886966 0.0850719512
      vertex 0.0811330825 0.0343999304 0.0843219459
    endloop
  endfacet
  facet normal 0.923778236 0.3802737 -0.0450069681
    outer loop
      vertex 0.0811330825 0.0343999304 0.0843219459
      vertex 0.0811330825 0.0344886966 0.0850719512
      vertex 0.0813354403 0.0340016559 0.0851102769
    endloop
  endfacet
  facet normal 0.923779845 0.380269498 -0.0450094901
    outer loop
      vertex 0.0811330825 0.0343999304 0.0843219459
      vertex 0.0813354403 0.0340016559 0.0851102769
      vertex 0.0813354403 0.0339173935 0.084398374
    endloop
  endfacet
  facet normal 0.923773527 -0.380284846 0.0450113229
    outer loop
      vertex 0.0813354403 0.0339173935 0.084398374
      vertex 0.0813354403 0.0340016559 0.0851102769
      vertex 0.0811330751 0.0335146151 0.0851486102
    endloop
  endfacet
  facet normal 0.923767388 -0.380300671 0.0450011529
    outer loop
      vertex 0.0813354403 0.0339173935 0.084398374
      vertex 0.0811330751 0.0335146151 0.0851486102
      vertex 0.0811330676 0.0334348641 0.0844747946
    endloop
  endfacet
  facet normal 0.382424623 -0.917582512 0.108598389
    outer loop
      vertex 0.0811330676 0.0334348641 0.0844747946
      vertex 0.0811330751 0.0335146151 0.0851486102
      vertex 0.0806445256 0.0333128795 0.0851644874
    endloop
  endfacet
  facet normal 0.382420629 -0.917584598 0.108595207
    outer loop
      vertex 0.0811330676 0.0334348641 0.0844747946
      vertex 0.0806445256 0.0333128795 0.0851644874
      vertex 0.0806445181 0.0332349986 0.0845064521
    endloop
  endfacet
  facet normal -0.382442474 -0.917574644 0.108602688
    outer loop
      vertex 0.0806445181 0.0332349986 0.0845064521
      vertex 0.0806445256 0.0333128795 0.0851644874
      vertex 0.0801559761 0.0335146263 0.0851486102
    endloop
  endfacet
  facet normal -0.382443666 -0.917574286 0.108601622
    outer loop
      vertex 0.0806445181 0.0332349986 0.0845064521
      vertex 0.0801559761 0.0335146263 0.0851486102
      vertex 0.0801559761 0.0334348753 0.0844747946
    endloop
  endfacet
  facet normal -0.923779488 -0.380270571 0.0450078063
    outer loop
      vertex 0.0801559761 0.0334348753 0.0844747946
      vertex 0.0801559761 0.0335146263 0.0851486102
      vertex 0.0799536183 0.0340016708 0.0851102769
    endloop
  endfacet
  facet normal -0.923779547 -0.380270362 0.0450076237
    outer loop
      vertex 0.0801559761 0.0334348753 0.0844747946
      vertex 0.0799536183 0.0340016708 0.0851102769
      vertex 0.0799536183 0.0339174122 0.084398374
    endloop
  endfacet
  facet normal -0.923768222 0.380297482 -0.0450108275
    outer loop
      vertex 0.0799536183 0.0339174122 0.084398374
      vertex 0.0799536183 0.0340016708 0.0851102769
      vertex 0.080155991 0.0344887115 0.0850719512
    endloop
  endfacet
  facet normal -0.923767805 0.380298465 -0.0450117812
    outer loop
      vertex 0.0799536183 0.0339174122 0.084398374
      vertex 0.080155991 0.0344887115 0.0850719512
      vertex 0.080155991 0.0343999416 0.0843219459
    endloop
  endfacet
  facet normal -0.382418603 0.917584419 -0.108604461
    outer loop
      vertex 0.080155991 0.0343999416 0.0843219459
      vertex 0.080155991 0.0344887115 0.0850719512
      vertex 0.0806445405 0.0346904434 0.085056074
    endloop
  endfacet
  facet normal -0.382420748 0.917583704 -0.108602718
    outer loop
      vertex 0.080155991 0.0343999416 0.0843219459
      vertex 0.0806445405 0.0346904434 0.085056074
      vertex 0.0806445405 0.0345998071 0.0842902884
    endloop
  endfacet
  facet normal 0.382444799 0.923265934 -0.0362766124
    outer loop
      vertex 0.0806445405 0.0346904434 0.085056074
      vertex 0.0806445405 0.0347207189 0.0858266056
      vertex 0.0811330825 0.0345183499 0.0858266056
    endloop
  endfacet
  facet normal 0.3824476 0.923264742 -0.0362786613
    outer loop
      vertex 0.0806445405 0.0346904434 0.085056074
      vertex 0.0811330825 0.0345183499 0.0858266056
      vertex 0.0811330825 0.0344886966 0.0850719512
    endloop
  endfacet
  facet normal 0.92377913 0.382630408 -0.0150350388
    outer loop
      vertex 0.0811330825 0.0344886966 0.0850719512
      vertex 0.0811330825 0.0345183499 0.0858266056
      vertex 0.0813354403 0.0340298004 0.0858266056
    endloop
  endfacet
  facet normal 0.923778355 0.382632375 -0.0150336483
    outer loop
      vertex 0.0811330825 0.0344886966 0.0850719512
      vertex 0.0813354403 0.0340298004 0.0858266056
      vertex 0.0813354403 0.0340016559 0.0851102769
    endloop
  endfacet
  facet normal 0.92377317 -0.382644922 0.0150341289
    outer loop
      vertex 0.0813354403 0.0340016559 0.0851102769
      vertex 0.0813354403 0.0340298004 0.0858266056
      vertex 0.0811330751 0.0335412547 0.0858266056
    endloop
  endfacet
  facet normal 0.923773527 -0.382644206 0.015034711
    outer loop
      vertex 0.0813354403 0.0340016559 0.0851102769
      vertex 0.0811330751 0.0335412547 0.0858266056
      vertex 0.0811330751 0.0335146151 0.0851486102
    endloop
  endfacet
  facet normal 0.382421792 -0.923275471 0.0362770073
    outer loop
      vertex 0.0811330751 0.0335146151 0.0851486102
      vertex 0.0811330751 0.0335412547 0.0858266056
      vertex 0.0806445256 0.0333388969 0.0858266056
    endloop
  endfacet
  facet normal 0.382424593 -0.923274219 0.0362793505
    outer loop
      vertex 0.0811330751 0.0335146151 0.0851486102
      vertex 0.0806445256 0.0333388969 0.0858266056
      vertex 0.0806445256 0.0333128795 0.0851644874
    endloop
  endfacet
  facet normal -0.382439792 -0.923267961 0.0362791047
    outer loop
      vertex 0.0806445256 0.0333128795 0.0851644874
      vertex 0.0806445256 0.0333388969 0.0858266056
      vertex 0.0801559761 0.0335412659 0.0858266056
    endloop
  endfacet
  facet normal -0.382442564 -0.923266828 0.0362766534
    outer loop
      vertex 0.0806445256 0.0333128795 0.0851644874
      vertex 0.0801559761 0.0335412659 0.0858266056
      vertex 0.0801559761 0.0335146263 0.0851486102
    endloop
  endfacet
  facet normal -0.92377913 -0.382630378 0.0150341745
    outer loop
      vertex 0.0801559761 0.0335146263 0.0851486102
      vertex 0.0801559761 0.0335412659 0.0858266056
      vertex 0.0799536183 0.0340298153 0.0858266056
    endloop
  endfacet
  facet normal -0.923779488 -0.382629693 0.0150335254
    outer loop
      vertex 0.0801559761 0.0335146263 0.0851486102
      vertex 0.0799536183 0.0340298153 0.0858266056
      vertex 0.0799536183 0.0340016708 0.0851102769
    endloop
  endfacet
  facet normal -0.923768103 0.382656962 -0.0150346011
    outer loop
      vertex 0.0799536183 0.0340016708 0.0851102769
      vertex 0.0799536183 0.0340298153 0.0858266056
      vertex 0.080155991 0.0345183611 0.0858266056
    endloop
  endfacet
  facet normal -0.923768461 0.382656485 -0.0150341867
    outer loop
      vertex 0.0799536183 0.0340016708 0.0851102769
      vertex 0.080155991 0.0345183611 0.0858266056
      vertex 0.080155991 0.0344887115 0.0850719512
    endloop
  endfacet
  facet normal -0.382421821 0.92327553 -0.0362745337
    outer loop
      vertex 0.080155991 0.0344887115 0.0850719512
      vertex 0.080155991 0.0345183611 0.0858266056
      vertex 0.0806445405 0.0347207189 0.0858266056
    endloop
  endfacet
  facet normal -0.382418543 0.923276842 -0.0362770446
    outer loop
      vertex 0.080155991 0.0344887115 0.0850719512
      vertex 0.0806445405 0.0347207189 0.0858266056
      vertex 0.0806445405 0.0346904434 0.085056074
    endloop
  endfacet
endsolid K1_subtle_lens_rim_L
