solid K1_camera_lens_R
  facet normal -0.200212583 0.0640789643 0.977654755
    outer loop
      vertex 0.0773243234 -0.0249017924 0.0955713019
      vertex 0.0776438266 -0.024901798 0.0956367329
      vertex 0.0776438415 -0.023903355 0.0955712944
    endloop
  endfacet
  facet normal -0.20025973 0.0640940517 0.977644086
    outer loop
      vertex 0.0773243234 -0.0249017924 0.0955713019
      vertex 0.0776438415 -0.023903355 0.0955712944
      vertex 0.0773243383 -0.0239118915 0.0955064073
    endloop
  endfacet
  facet normal 0.962653637 0.0176952779 0.270157009
    outer loop
      vertex 0.0793746784 -0.0249018185 0.0933962911
      vertex 0.0795857981 -0.0249018203 0.092644006
      vertex 0.0795858055 -0.0242940076 0.0926041678
    endloop
  endfacet
  facet normal 0.962654829 0.0176898744 0.270153165
    outer loop
      vertex 0.0793746784 -0.0249018185 0.0933962911
      vertex 0.0795858055 -0.0242940076 0.0926041678
      vertex 0.0793746933 -0.0241958126 0.0933500081
    endloop
  endfacet
  facet normal -0.987724841 0.0102292979 0.155868098
    outer loop
      vertex 0.0753823593 -0.0249017701 0.0909146518
      vertex 0.0755239725 -0.0249017719 0.0918120444
      vertex 0.07552398 -0.0244025514 0.0917793289
    endloop
  endfacet
  facet normal -0.987723827 0.0102158738 0.155875668
    outer loop
      vertex 0.0753823593 -0.0249017701 0.0909146518
      vertex 0.07552398 -0.0244025514 0.0917793289
      vertex 0.0753823593 -0.0245196838 0.0908896104
    endloop
  endfacet
  facet normal -0.527121186 0.0555979386 0.847969413
    outer loop
      vertex 0.0770102888 -0.0249017905 0.0953760892
      vertex 0.0773243234 -0.0249017924 0.0955713019
      vertex 0.0773243383 -0.0239118915 0.0955064073
    endloop
  endfacet
  facet normal -0.527094722 0.0555872917 0.847986519
    outer loop
      vertex 0.0770102888 -0.0249017905 0.0953760892
      vertex 0.0773243383 -0.0239118915 0.0955064073
      vertex 0.0770103037 -0.0239373669 0.0953128785
    endloop
  endfacet
  facet normal 0.939178884 0.0224458501 0.342693985
    outer loop
      vertex 0.0791339502 -0.0249018166 0.0940560251
      vertex 0.0793746784 -0.0249018185 0.0933962911
      vertex 0.0793746933 -0.0241958126 0.0933500081
    endloop
  endfacet
  facet normal 0.939177752 0.0224491861 0.342696905
    outer loop
      vertex 0.0791339502 -0.0249018166 0.0940560251
      vertex 0.0793746933 -0.0241958126 0.0933500081
      vertex 0.0791339651 -0.024109697 0.0940040946
    endloop
  endfacet
  facet normal -0.994126797 0.00707744807 0.107989118
    outer loop
      vertex 0.075279437 -0.0249017701 0.0899671689
      vertex 0.0753823593 -0.0249017701 0.0909146518
      vertex 0.0753823593 -0.0245196838 0.0908896104
    endloop
  endfacet
  facet normal -0.994126976 0.00708006043 0.107988045
    outer loop
      vertex 0.075279437 -0.0249017701 0.0899671689
      vertex 0.0753823593 -0.0245196838 0.0908896104
      vertex 0.075279437 -0.0246433541 0.0899502262
    endloop
  endfacet
  facet normal -0.726907492 0.0449251644 0.685264349
    outer loop
      vertex 0.0767070949 -0.024901785 0.09505447
      vertex 0.0770102888 -0.0249017905 0.0953760892
      vertex 0.0770103037 -0.0239373669 0.0953128785
    endloop
  endfacet
  facet normal -0.726919115 0.0449322164 0.685251653
    outer loop
      vertex 0.0767070949 -0.024901785 0.09505447
      vertex 0.0770103037 -0.0239373669 0.0953128785
      vertex 0.0767071098 -0.0239793453 0.0949940011
    endloop
  endfacet
  facet normal 0.901542962 0.0282890275 0.431764066
    outer loop
      vertex 0.078867726 -0.0249018129 0.094611913
      vertex 0.0791339502 -0.0249018166 0.0940560251
      vertex 0.0791339651 -0.024109697 0.0940040946
    endloop
  endfacet
  facet normal 0.901540637 0.0282931458 0.431768417
    outer loop
      vertex 0.078867726 -0.0249018129 0.094611913
      vertex 0.0791339651 -0.024109697 0.0940040946
      vertex 0.0788677335 -0.0240371358 0.0945552364
    endloop
  endfacet
  facet normal -0.997971654 0.00416478189 0.063523002
    outer loop
      vertex 0.0752169713 -0.0249017682 0.0889858082
      vertex 0.075279437 -0.0249017701 0.0899671689
      vertex 0.075279437 -0.0246433541 0.0899502262
    endloop
  endfacet
  facet normal -0.997971714 0.00416549016 0.0635228232
    outer loop
      vertex 0.0752169713 -0.0249017682 0.0889858082
      vertex 0.075279437 -0.0246433541 0.0899502262
      vertex 0.0752169713 -0.0247714464 0.0889772624
    endloop
  endfacet
  facet normal 0.999779105 0.00137518486 0.0209715683
    outer loop
      vertex 0.0800706819 -0.0249018278 0.0889858082
      vertex 0.0800916255 -0.0249018278 0.0879873633
      vertex 0.0800706819 -0.0247715041 0.0889772624
    endloop
  endfacet
  facet normal -0.838337541 0.0356733985 0.543983161
    outer loop
      vertex 0.0764199272 -0.0249017831 0.094611913
      vertex 0.0767070949 -0.024901785 0.09505447
      vertex 0.0767071098 -0.0239793453 0.0949940011
    endloop
  endfacet
  facet normal -0.838328302 0.0356643908 0.543997943
    outer loop
      vertex 0.0764199272 -0.0249017831 0.094611913
      vertex 0.0767071098 -0.0239793453 0.0949940011
      vertex 0.0764199346 -0.024037106 0.0945552364
    endloop
  endfacet
  facet normal 0.83833003 0.0356498174 0.543996155
    outer loop
      vertex 0.0785805583 -0.0249018092 0.0950544551
      vertex 0.078867726 -0.0249018129 0.094611913
      vertex 0.0788677335 -0.0240371358 0.0945552364
    endloop
  endfacet
  facet normal 0.8383407 0.0356372893 0.543980539
    outer loop
      vertex 0.0785805583 -0.0249018092 0.0950544551
      vertex 0.0788677335 -0.0240371358 0.0945552364
      vertex 0.0785805732 -0.0239793677 0.0949940011
    endloop
  endfacet
  facet normal -0.999779105 0.00137520756 0.0209715702
    outer loop
      vertex 0.0751960278 -0.0249017682 0.0879873633
      vertex 0.0752169713 -0.0249017682 0.0889858082
      vertex 0.0752169713 -0.0247714464 0.0889772624
    endloop
  endfacet
  facet normal 0.997971654 0.00416541379 0.0635229796
    outer loop
      vertex 0.0800082162 -0.0249018259 0.0899671689
      vertex 0.0800706819 -0.0249018278 0.0889858082
      vertex 0.0800706819 -0.0247715041 0.0889772624
    endloop
  endfacet
  facet normal 0.997972012 0.00413575303 0.0635190979
    outer loop
      vertex 0.0800082162 -0.0249018259 0.0899671689
      vertex 0.0800706819 -0.0247715041 0.0889772624
      vertex 0.0800082237 -0.02464341 0.0899502262
    endloop
  endfacet
  facet normal -0.901542246 0.0283083916 0.431764126
    outer loop
      vertex 0.076153703 -0.0249017794 0.0940560251
      vertex 0.0764199272 -0.0249017831 0.094611913
      vertex 0.0764199346 -0.024037106 0.0945552364
    endloop
  endfacet
  facet normal -0.901545823 0.028314041 0.431756258
    outer loop
      vertex 0.076153703 -0.0249017794 0.0940560251
      vertex 0.0764199346 -0.024037106 0.0945552364
      vertex 0.0761537105 -0.0241096616 0.0940040946
    endloop
  endfacet
  facet normal 0.726924837 0.0448973142 0.68524766
    outer loop
      vertex 0.0782773644 -0.0249018054 0.0953760892
      vertex 0.0785805583 -0.0249018092 0.0950544551
      vertex 0.0785805732 -0.0239793677 0.0949940011
    endloop
  endfacet
  facet normal 0.726910233 0.0449082851 0.685262561
    outer loop
      vertex 0.0782773644 -0.0249018054 0.0953760892
      vertex 0.0785805732 -0.0239793677 0.0949940011
      vertex 0.0782773718 -0.0239373837 0.0953128785
    endloop
  endfacet
  facet normal 0.994127154 0.00705147441 0.10798914
    outer loop
      vertex 0.0799052939 -0.0249018241 0.0909146518
      vertex 0.0800082162 -0.0249018259 0.0899671689
      vertex 0.0800082237 -0.02464341 0.0899502262
    endloop
  endfacet
  facet normal 0.994126797 0.00705818785 0.107990898
    outer loop
      vertex 0.0799052939 -0.0249018241 0.0909146518
      vertex 0.0800082237 -0.02464341 0.0899502262
      vertex 0.0799053013 -0.0245197378 0.0908896104
    endloop
  endfacet
  facet normal -0.93917948 0.0224753134 0.342690438
    outer loop
      vertex 0.0759129748 -0.0249017775 0.0933962837
      vertex 0.076153703 -0.0249017794 0.0940560251
      vertex 0.0761537105 -0.0241096616 0.0940040946
    endloop
  endfacet
  facet normal -0.939178228 0.0224720016 0.342694253
    outer loop
      vertex 0.0759129748 -0.0249017775 0.0933962837
      vertex 0.0761537105 -0.0241096616 0.0940040946
      vertex 0.0759129822 -0.0241957717 0.0933500081
    endloop
  endfacet
  facet normal 0.527108133 0.0555747002 0.847979069
    outer loop
      vertex 0.0779633299 -0.0249018017 0.0955712944
      vertex 0.0782773644 -0.0249018054 0.0953760892
      vertex 0.0782773718 -0.0239373837 0.0953128785
    endloop
  endfacet
  facet normal 0.527095497 0.0555807799 0.847986519
    outer loop
      vertex 0.0779633299 -0.0249018017 0.0955712944
      vertex 0.0782773718 -0.0239373837 0.0953128785
      vertex 0.0779633373 -0.0239119008 0.0955064073
    endloop
  endfacet
  facet normal 0.987725258 0.0101960935 0.155868113
    outer loop
      vertex 0.0797636807 -0.0249018222 0.0918120444
      vertex 0.0799052939 -0.0249018241 0.0909146518
      vertex 0.0799053013 -0.0245197378 0.0908896104
    endloop
  endfacet
  facet normal 0.987725019 0.0101998886 0.155869648
    outer loop
      vertex 0.0797636807 -0.0249018222 0.0918120444
      vertex 0.0799053013 -0.0245197378 0.0908896104
      vertex 0.0797636881 -0.0244026016 0.0917793289
    endloop
  endfacet
  facet normal -0.962652564 0.0177179314 0.270159483
    outer loop
      vertex 0.0757018551 -0.0249017738 0.092644006
      vertex 0.0759129748 -0.0249017775 0.0933962837
      vertex 0.0759129822 -0.0241957717 0.0933500081
    endloop
  endfacet
  facet normal -0.962652802 0.0177189671 0.270158499
    outer loop
      vertex 0.0757018551 -0.0249017738 0.092644006
      vertex 0.0759129822 -0.0241957717 0.0933500081
      vertex 0.0757018626 -0.024293961 0.0926041678
    endloop
  endfacet
  facet normal 0.200236201 0.0640825406 0.977649629
    outer loop
      vertex 0.0776438266 -0.024901798 0.0956367329
      vertex 0.0779633299 -0.0249018017 0.0955712944
      vertex 0.0779633373 -0.0239119008 0.0955064073
    endloop
  endfacet
  facet normal 0.200265735 0.0640723035 0.977644265
    outer loop
      vertex 0.0776438266 -0.024901798 0.0956367329
      vertex 0.0779633373 -0.0239119008 0.0955064073
      vertex 0.0776438415 -0.023903355 0.0955712944
    endloop
  endfacet
  facet normal 0.977805853 0.0136861401 0.209065676
    outer loop
      vertex 0.0795857981 -0.0249018203 0.092644006
      vertex 0.0797636807 -0.0249018222 0.0918120444
      vertex 0.0797636881 -0.0244026016 0.0917793289
    endloop
  endfacet
  facet normal 0.977805138 0.0136911171 0.209068418
    outer loop
      vertex 0.0795857981 -0.0249018203 0.092644006
      vertex 0.0797636881 -0.0244026016 0.0917793289
      vertex 0.0795858055 -0.0242940076 0.0926041678
    endloop
  endfacet
  facet normal -0.977805376 0.0137149179 0.209065661
    outer loop
      vertex 0.0755239725 -0.0249017719 0.0918120444
      vertex 0.0757018551 -0.0249017738 0.092644006
      vertex 0.0757018626 -0.024293961 0.0926041678
    endloop
  endfacet
  facet normal -0.977805495 0.0137153082 0.209065393
    outer loop
      vertex 0.0755239725 -0.0249017719 0.0918120444
      vertex 0.0757018626 -0.024293961 0.0926041678
      vertex 0.07552398 -0.0244025514 0.0917793289
    endloop
  endfacet
  facet normal 0.527096689 0.165786028 0.83347708
    outer loop
      vertex 0.0779633373 -0.0239119008 0.0955064073
      vertex 0.0782773718 -0.0239373837 0.0953128785
      vertex 0.0782773867 -0.0229894631 0.0951243192
    endloop
  endfacet
  facet normal 0.527118981 0.16577363 0.833465397
    outer loop
      vertex 0.0779633373 -0.0239119008 0.0955064073
      vertex 0.0782773867 -0.0229894631 0.0951243192
      vertex 0.0779633522 -0.0229389369 0.0953128785
    endloop
  endfacet
  facet normal 0.987725317 0.0304565262 0.153202802
    outer loop
      vertex 0.0797636881 -0.0244026016 0.0917793289
      vertex 0.0799053013 -0.0245197378 0.0908896104
      vertex 0.0799053088 -0.0241441876 0.0908149034
    endloop
  endfacet
  facet normal 0.987725139 0.0304591339 0.153203458
    outer loop
      vertex 0.0797636881 -0.0244026016 0.0917793289
      vertex 0.0799053088 -0.0241441876 0.0908149034
      vertex 0.0797636956 -0.0239119213 0.0916817263
    endloop
  endfacet
  facet normal -0.962652445 0.052828338 0.265536278
    outer loop
      vertex 0.0757018626 -0.024293961 0.0926041678
      vertex 0.0759129822 -0.0241957717 0.0933500081
      vertex 0.0759129897 -0.0235018451 0.0932119787
    endloop
  endfacet
  facet normal -0.962653279 0.0528314039 0.265532553
    outer loop
      vertex 0.0757018626 -0.024293961 0.0926041678
      vertex 0.0759129897 -0.0235018451 0.0932119787
      vertex 0.07570187 -0.0236965474 0.092485331
    endloop
  endfacet
  facet normal 0.200267151 0.191129684 0.960917532
    outer loop
      vertex 0.0776438415 -0.023903355 0.0955712944
      vertex 0.0779633373 -0.0239119008 0.0955064073
      vertex 0.0779633522 -0.0229389369 0.0953128785
    endloop
  endfacet
  facet normal 0.200244799 0.191137895 0.960920572
    outer loop
      vertex 0.0776438415 -0.023903355 0.0955712944
      vertex 0.0779633522 -0.0229389369 0.0953128785
      vertex 0.077643849 -0.0229219943 0.0953760892
    endloop
  endfacet
  facet normal 0.977805555 0.0408600569 0.205491558
    outer loop
      vertex 0.0795858055 -0.0242940076 0.0926041678
      vertex 0.0797636881 -0.0244026016 0.0917793289
      vertex 0.0797636956 -0.0239119213 0.0916817263
    endloop
  endfacet
  facet normal 0.977805018 0.040864259 0.205493212
    outer loop
      vertex 0.0795858055 -0.0242940076 0.0926041678
      vertex 0.0797636956 -0.0239119213 0.0916817263
      vertex 0.079585813 -0.0236965939 0.092485331
    endloop
  endfacet
  facet normal -0.977805078 0.0408876203 0.205488041
    outer loop
      vertex 0.07552398 -0.0244025514 0.0917793289
      vertex 0.0757018626 -0.024293961 0.0926041678
      vertex 0.07570187 -0.0236965474 0.092485331
    endloop
  endfacet
  facet normal -0.97780329 0.040876355 0.205498844
    outer loop
      vertex 0.07552398 -0.0244025514 0.0917793289
      vertex 0.07570187 -0.0236965474 0.092485331
      vertex 0.07552398 -0.023911871 0.0916817263
    endloop
  endfacet
  facet normal -0.200257197 0.191140324 0.960917473
    outer loop
      vertex 0.0773243383 -0.0239118915 0.0955064073
      vertex 0.0776438415 -0.023903355 0.0955712944
      vertex 0.077643849 -0.0229219943 0.0953760892
    endloop
  endfacet
  facet normal -0.20023945 0.191135198 0.960922301
    outer loop
      vertex 0.0773243383 -0.0239118915 0.0955064073
      vertex 0.077643849 -0.0229219943 0.0953760892
      vertex 0.0773243457 -0.0229389276 0.0953128785
    endloop
  endfacet
  facet normal 0.962655306 0.0528068542 0.265529871
    outer loop
      vertex 0.0793746933 -0.0241958126 0.0933500081
      vertex 0.0795858055 -0.0242940076 0.0926041678
      vertex 0.079585813 -0.0236965939 0.092485331
    endloop
  endfacet
  facet normal 0.962655485 0.0528063625 0.265529633
    outer loop
      vertex 0.0793746933 -0.0241958126 0.0933500081
      vertex 0.079585813 -0.0236965939 0.092485331
      vertex 0.0793747008 -0.0235018861 0.0932119787
    endloop
  endfacet
  facet normal -0.987723827 0.030475134 0.153208524
    outer loop
      vertex 0.0753823593 -0.0245196838 0.0908896104
      vertex 0.07552398 -0.0244025514 0.0917793289
      vertex 0.07552398 -0.023911871 0.0916817263
    endloop
  endfacet
  facet normal -0.987725496 0.0304940362 0.153194308
    outer loop
      vertex 0.0753823593 -0.0245196838 0.0908896104
      vertex 0.07552398 -0.023911871 0.0916817263
      vertex 0.0753823668 -0.0241441336 0.0908149034
    endloop
  endfacet
  facet normal -0.527093768 0.165788308 0.83347851
    outer loop
      vertex 0.0770103037 -0.0239373669 0.0953128785
      vertex 0.0773243383 -0.0239118915 0.0955064073
      vertex 0.0773243457 -0.0229389276 0.0953128785
    endloop
  endfacet
  facet normal -0.52711755 0.165795803 0.833462059
    outer loop
      vertex 0.0770103037 -0.0239373669 0.0953128785
      vertex 0.0773243457 -0.0229389276 0.0953128785
      vertex 0.0770103112 -0.0229894482 0.0951243192
    endloop
  endfacet
  facet normal 0.939178288 0.066989623 0.33683303
    outer loop
      vertex 0.0791339651 -0.024109697 0.0940040946
      vertex 0.0793746933 -0.0241958126 0.0933500081
      vertex 0.0793747008 -0.0235018861 0.0932119787
    endloop
  endfacet
  facet normal 0.939178646 0.0669885576 0.336832285
    outer loop
      vertex 0.0791339651 -0.024109697 0.0940040946
      vertex 0.0793747008 -0.0235018861 0.0932119787
      vertex 0.0791339725 -0.0233311318 0.0938492343
    endloop
  endfacet
  facet normal -0.994126856 0.0211333949 0.106137916
    outer loop
      vertex 0.075279437 -0.0246433541 0.0899502262
      vertex 0.0753823593 -0.0245196838 0.0908896104
      vertex 0.0753823668 -0.0241441336 0.0908149034
    endloop
  endfacet
  facet normal -0.994127095 0.0211402941 0.10613396
    outer loop
      vertex 0.075279437 -0.0246433541 0.0899502262
      vertex 0.0753823668 -0.0241441336 0.0908149034
      vertex 0.0752794445 -0.0243893582 0.0898997039
    endloop
  endfacet
  facet normal -0.726917684 0.133983269 0.6735273
    outer loop
      vertex 0.0767071098 -0.0239793453 0.0949940011
      vertex 0.0770103037 -0.0239373669 0.0953128785
      vertex 0.0770103112 -0.0229894482 0.0951243192
    endloop
  endfacet
  facet normal -0.726915061 0.133982033 0.673530519
    outer loop
      vertex 0.0767071098 -0.0239793453 0.0949940011
      vertex 0.0770103112 -0.0229894482 0.0951243192
      vertex 0.0767071173 -0.0230726879 0.0948136523
    endloop
  endfacet
  facet normal 0.901541173 0.0844028518 0.424381465
    outer loop
      vertex 0.0788677335 -0.0240371358 0.0945552364
      vertex 0.0791339651 -0.024109697 0.0940040946
      vertex 0.0791339725 -0.0233311318 0.0938492343
    endloop
  endfacet
  facet normal 0.901543021 0.0843991116 0.424378425
    outer loop
      vertex 0.0788677335 -0.0240371358 0.0945552364
      vertex 0.0791339725 -0.0233311318 0.0938492343
      vertex 0.0788677484 -0.0231872536 0.0943861827
    endloop
  endfacet
  facet normal -0.997971594 0.0124477334 0.0624324307
    outer loop
      vertex 0.0752169713 -0.0247714464 0.0889772624
      vertex 0.075279437 -0.0246433541 0.0899502262
      vertex 0.0752794445 -0.0243893582 0.0898997039
    endloop
  endfacet
  facet normal -0.997971177 0.012418109 0.062444672
    outer loop
      vertex 0.0752169713 -0.0247714464 0.0889772624
      vertex 0.0752794445 -0.0243893582 0.0898997039
      vertex 0.0752169713 -0.0246433523 0.0889517888
    endloop
  endfacet
  facet normal 0.999779224 0.00404254114 0.0206204038
    outer loop
      vertex 0.0800706819 -0.0247715041 0.0889772624
      vertex 0.0800916255 -0.0249018278 0.0879873633
      vertex 0.0800706893 -0.02464341 0.0889517888
    endloop
  endfacet
  facet normal -0.838327467 0.106365345 0.534690082
    outer loop
      vertex 0.0764199346 -0.024037106 0.0945552364
      vertex 0.0767071098 -0.0239793453 0.0949940011
      vertex 0.0767071173 -0.0230726879 0.0948136523
    endloop
  endfacet
  facet normal -0.838333666 0.106370054 0.534679413
    outer loop
      vertex 0.0764199346 -0.024037106 0.0945552364
      vertex 0.0767071173 -0.0230726879 0.0948136523
      vertex 0.0764199495 -0.0231872238 0.0943861827
    endloop
  endfacet
  facet normal 0.838341832 0.106339276 0.534672618
    outer loop
      vertex 0.0785805732 -0.0239793677 0.0949940011
      vertex 0.0788677335 -0.0240371358 0.0945552364
      vertex 0.0788677484 -0.0231872536 0.0943861827
    endloop
  endfacet
  facet normal 0.838333845 0.106350169 0.534682989
    outer loop
      vertex 0.0785805732 -0.0239793677 0.0949940011
      vertex 0.0788677484 -0.0231872536 0.0943861827
      vertex 0.0785805807 -0.0230727103 0.0948136523
    endloop
  endfacet
  facet normal -0.999779105 0.00409919955 0.0206129458
    outer loop
      vertex 0.0751960278 -0.0249017682 0.0879873633
      vertex 0.0752169713 -0.0247714464 0.0889772624
      vertex 0.0752169713 -0.0246433523 0.0889517888
    endloop
  endfacet
  facet normal 0.997972429 0.0123584215 0.0624365807
    outer loop
      vertex 0.0800082237 -0.02464341 0.0899502262
      vertex 0.0800706819 -0.0247715041 0.0889772624
      vertex 0.0800706893 -0.02464341 0.0889517888
    endloop
  endfacet
  facet normal 0.997971654 0.012419357 0.0624365285
    outer loop
      vertex 0.0800082237 -0.02464341 0.0899502262
      vertex 0.0800706893 -0.02464341 0.0889517888
      vertex 0.0800082237 -0.024389416 0.0898997039
    endloop
  endfacet
  facet normal -0.901544869 0.0844287649 0.424368501
    outer loop
      vertex 0.0761537105 -0.0241096616 0.0940040946
      vertex 0.0764199346 -0.024037106 0.0945552364
      vertex 0.0764199495 -0.0231872238 0.0943861827
    endloop
  endfacet
  facet normal -0.901538432 0.0844205767 0.424383759
    outer loop
      vertex 0.0761537105 -0.0241096616 0.0940040946
      vertex 0.0764199495 -0.0231872238 0.0943861827
      vertex 0.0761537179 -0.0233310964 0.0938492343
    endloop
  endfacet
  facet normal 0.726910949 0.133971378 0.673537016
    outer loop
      vertex 0.0782773718 -0.0239373837 0.0953128785
      vertex 0.0785805732 -0.0239793677 0.0949940011
      vertex 0.0785805807 -0.0230727103 0.0948136523
    endloop
  endfacet
  facet normal 0.726916134 0.133966878 0.673532426
    outer loop
      vertex 0.0782773718 -0.0239373837 0.0953128785
      vertex 0.0785805807 -0.0230727103 0.0948136523
      vertex 0.0782773867 -0.0229894631 0.0951243192
    endloop
  endfacet
  facet normal 0.994126916 0.0211126059 0.106140621
    outer loop
      vertex 0.0799053013 -0.0245197378 0.0908896104
      vertex 0.0800082237 -0.02464341 0.0899502262
      vertex 0.0800082237 -0.024389416 0.0898997039
    endloop
  endfacet
  facet normal 0.994127631 0.0210940056 0.106138237
    outer loop
      vertex 0.0799053013 -0.0245197378 0.0908896104
      vertex 0.0800082237 -0.024389416 0.0898997039
      vertex 0.0799053088 -0.0241441876 0.0908149034
    endloop
  endfacet
  facet normal -0.939177752 0.0670062974 0.336831182
    outer loop
      vertex 0.0759129822 -0.0241957717 0.0933500081
      vertex 0.0761537105 -0.0241096616 0.0940040946
      vertex 0.0761537179 -0.0233310964 0.0938492343
    endloop
  endfacet
  facet normal -0.939178884 0.0670087039 0.336827546
    outer loop
      vertex 0.0759129822 -0.0241957717 0.0933500081
      vertex 0.0761537179 -0.0233310964 0.0938492343
      vertex 0.0759129897 -0.0235018451 0.0932119787
    endloop
  endfacet
  facet normal -0.527116001 0.273165673 0.80469209
    outer loop
      vertex 0.0770103112 -0.0229894482 0.0951243192
      vertex 0.0773243457 -0.0229389276 0.0953128785
      vertex 0.0773243606 -0.0219995491 0.0949940011
    endloop
  endfacet
  facet normal -0.527109981 0.273164332 0.804696381
    outer loop
      vertex 0.0770103112 -0.0229894482 0.0951243192
      vertex 0.0773243606 -0.0219995491 0.0949940011
      vertex 0.0770103261 -0.0220742468 0.0948136523
    endloop
  endfacet
  facet normal 0.939179182 0.11038018 0.325205564
    outer loop
      vertex 0.0791339725 -0.0233311318 0.0938492343
      vertex 0.0793747008 -0.0235018861 0.0932119787
      vertex 0.0793747082 -0.0228319131 0.0929845572
    endloop
  endfacet
  facet normal 0.939177692 0.110385485 0.325208247
    outer loop
      vertex 0.0791339725 -0.0233311318 0.0938492343
      vertex 0.0793747082 -0.0228319131 0.0929845572
      vertex 0.07913398 -0.0225794427 0.0935940668
    endloop
  endfacet
  facet normal -0.994126856 0.0347848721 0.102477893
    outer loop
      vertex 0.0752794445 -0.0243893582 0.0898997039
      vertex 0.0753823668 -0.0241441336 0.0908149034
      vertex 0.0753823668 -0.0237815455 0.0906918272
    endloop
  endfacet
  facet normal -0.994126856 0.0347844549 0.102478229
    outer loop
      vertex 0.0752794445 -0.0243893582 0.0898997039
      vertex 0.0753823668 -0.0237815455 0.0906918272
      vertex 0.0752794445 -0.0241441317 0.089816466
    endloop
  endfacet
  facet normal -0.726914048 0.220750868 0.650280714
    outer loop
      vertex 0.0767071173 -0.0230726879 0.0948136523
      vertex 0.0770103112 -0.0229894482 0.0951243192
      vertex 0.0770103261 -0.0220742468 0.0948136523
    endloop
  endfacet
  facet normal -0.726906538 0.220748603 0.650289893
    outer loop
      vertex 0.0767071173 -0.0230726879 0.0948136523
      vertex 0.0770103261 -0.0220742468 0.0948136523
      vertex 0.0767071247 -0.0221973248 0.0945165083
    endloop
  endfacet
  facet normal 0.901543617 0.139076695 0.409727544
    outer loop
      vertex 0.0788677484 -0.0231872536 0.0943861827
      vertex 0.0791339725 -0.0233311318 0.0938492343
      vertex 0.07913398 -0.0225794427 0.0935940668
    endloop
  endfacet
  facet normal 0.901545823 0.139071614 0.409724414
    outer loop
      vertex 0.0788677484 -0.0231872536 0.0943861827
      vertex 0.07913398 -0.0225794427 0.0935940668
      vertex 0.0788677558 -0.0223667063 0.0941076502
    endloop
  endfacet
  facet normal -0.997971237 0.0204639845 0.0602887906
    outer loop
      vertex 0.0752169713 -0.0246433523 0.0889517888
      vertex 0.0752794445 -0.0243893582 0.0898997039
      vertex 0.0752794445 -0.0241441317 0.089816466
    endloop
  endfacet
  facet normal -0.997971177 0.02046654 0.0602873042
    outer loop
      vertex 0.0752169713 -0.0246433523 0.0889517888
      vertex 0.0752794445 -0.0241441317 0.089816466
      vertex 0.0752169713 -0.0245196819 0.0889098048
    endloop
  endfacet
  facet normal 0.999779344 0.00675366959 0.0198939629
    outer loop
      vertex 0.0800706893 -0.02464341 0.0889517888
      vertex 0.0800916255 -0.0249018278 0.0879873633
      vertex 0.0800706893 -0.0245197397 0.0889098048
    endloop
  endfacet
  facet normal -0.838332713 0.175241083 0.516225517
    outer loop
      vertex 0.0764199495 -0.0231872238 0.0943861827
      vertex 0.0767071173 -0.0230726879 0.0948136523
      vertex 0.0767071247 -0.0221973248 0.0945165083
    endloop
  endfacet
  facet normal -0.838331223 0.175240278 0.516228318
    outer loop
      vertex 0.0764199495 -0.0231872238 0.0943861827
      vertex 0.0767071247 -0.0221973248 0.0945165083
      vertex 0.076419957 -0.0223666783 0.0941076502
    endloop
  endfacet
  facet normal 0.83833462 0.175224572 0.51622808
    outer loop
      vertex 0.0785805807 -0.0230727103 0.0948136523
      vertex 0.0788677484 -0.0231872536 0.0943861827
      vertex 0.0788677558 -0.0223667063 0.0941076502
    endloop
  endfacet
  facet normal 0.838331819 0.175228715 0.51623112
    outer loop
      vertex 0.0785805807 -0.0230727103 0.0948136523
      vertex 0.0788677558 -0.0223667063 0.0941076502
      vertex 0.0785805881 -0.0221973471 0.0945165083
    endloop
  endfacet
  facet normal -0.999779105 0.00675608171 0.0199010484
    outer loop
      vertex 0.0751960278 -0.0249017682 0.0879873633
      vertex 0.0752169713 -0.0246433523 0.0889517888
      vertex 0.0752169713 -0.0245196819 0.0889098048
    endloop
  endfacet
  facet normal 0.997971714 0.0204643533 0.0602808669
    outer loop
      vertex 0.0800082237 -0.024389416 0.0898997039
      vertex 0.0800706893 -0.02464341 0.0889517888
      vertex 0.0800706893 -0.0245197397 0.0889098048
    endloop
  endfacet
  facet normal 0.997971654 0.0204631761 0.0602810159
    outer loop
      vertex 0.0800082237 -0.024389416 0.0898997039
      vertex 0.0800706893 -0.0245197397 0.0889098048
      vertex 0.0800082237 -0.0241441894 0.0898164585
    endloop
  endfacet
  facet normal -0.901538074 0.139091805 0.409734756
    outer loop
      vertex 0.0761537179 -0.0233310964 0.0938492343
      vertex 0.0764199495 -0.0231872238 0.0943861827
      vertex 0.076419957 -0.0223666783 0.0941076502
    endloop
  endfacet
  facet normal -0.901545942 0.13909924 0.409715027
    outer loop
      vertex 0.0761537179 -0.0233310964 0.0938492343
      vertex 0.076419957 -0.0223666783 0.0941076502
      vertex 0.0761537328 -0.0225794073 0.0935940668
    endloop
  endfacet
  facet normal 0.726917148 0.220733881 0.650283039
    outer loop
      vertex 0.0782773867 -0.0229894631 0.0951243192
      vertex 0.0785805807 -0.0230727103 0.0948136523
      vertex 0.0785805881 -0.0221973471 0.0945165083
    endloop
  endfacet
  facet normal 0.726916552 0.220734507 0.650283456
    outer loop
      vertex 0.0782773867 -0.0229894631 0.0951243192
      vertex 0.0785805881 -0.0221973471 0.0945165083
      vertex 0.0782773942 -0.0220742635 0.0948136523
    endloop
  endfacet
  facet normal 0.994127691 0.0347847119 0.102469809
    outer loop
      vertex 0.0799053088 -0.0241441876 0.0908149034
      vertex 0.0800082237 -0.024389416 0.0898997039
      vertex 0.0800082237 -0.0241441894 0.0898164585
    endloop
  endfacet
  facet normal 0.99412781 0.034782324 0.102469832
    outer loop
      vertex 0.0799053088 -0.0241441876 0.0908149034
      vertex 0.0800082237 -0.0241441894 0.0898164585
      vertex 0.0799053088 -0.0237816013 0.0906918272
    endloop
  endfacet
  facet normal -0.939178288 0.11041002 0.325198233
    outer loop
      vertex 0.0759129897 -0.0235018451 0.0932119787
      vertex 0.0761537179 -0.0233310964 0.0938492343
      vertex 0.0761537328 -0.0225794073 0.0935940668
    endloop
  endfacet
  facet normal -0.939174294 0.110403262 0.325212002
    outer loop
      vertex 0.0759129897 -0.0235018451 0.0932119787
      vertex 0.0761537328 -0.0225794073 0.0935940668
      vertex 0.0759129971 -0.0228318721 0.0929845572
    endloop
  endfacet
  facet normal 0.527119935 0.273151308 0.804694355
    outer loop
      vertex 0.0779633522 -0.0229389369 0.0953128785
      vertex 0.0782773867 -0.0229894631 0.0951243192
      vertex 0.0782773942 -0.0220742635 0.0948136523
    endloop
  endfacet
  facet normal 0.527124465 0.273148477 0.804692268
    outer loop
      vertex 0.0779633522 -0.0229389369 0.0953128785
      vertex 0.0782773942 -0.0220742635 0.0948136523
      vertex 0.0779633671 -0.0219995566 0.0949940011
    endloop
  endfacet
  facet normal 0.987725377 0.0502072237 0.147911996
    outer loop
      vertex 0.0797636956 -0.0239119213 0.0916817263
      vertex 0.0799053088 -0.0241441876 0.0908149034
      vertex 0.0799053088 -0.0237816013 0.0906918272
    endloop
  endfacet
  facet normal 0.987726271 0.0501931719 0.147910252
    outer loop
      vertex 0.0797636956 -0.0239119213 0.0916817263
      vertex 0.0799053088 -0.0237816013 0.0906918272
      vertex 0.079763703 -0.0234381799 0.0915209129
    endloop
  endfacet
  facet normal -0.962652862 0.0870344713 0.256367892
    outer loop
      vertex 0.07570187 -0.0236965474 0.092485331
      vertex 0.0759129897 -0.0235018451 0.0932119787
      vertex 0.0759129971 -0.0228318721 0.0929845572
    endloop
  endfacet
  facet normal -0.962653399 0.0870362744 0.256365001
    outer loop
      vertex 0.07570187 -0.0236965474 0.092485331
      vertex 0.0759129971 -0.0228318721 0.0929845572
      vertex 0.0757018775 -0.0231197551 0.0922895372
    endloop
  endfacet
  facet normal 0.200246826 0.314926594 0.927751243
    outer loop
      vertex 0.077643849 -0.0229219943 0.0953760892
      vertex 0.0779633522 -0.0229389369 0.0953128785
      vertex 0.0779633671 -0.0219995566 0.0949940011
    endloop
  endfacet
  facet normal 0.200251728 0.314924777 0.927750885
    outer loop
      vertex 0.077643849 -0.0229219943 0.0953760892
      vertex 0.0779633671 -0.0219995566 0.0949940011
      vertex 0.0776438639 -0.0219745096 0.0950544626
    endloop
  endfacet
  facet normal 0.977805436 0.0673325956 0.198401064
    outer loop
      vertex 0.079585813 -0.0236965939 0.092485331
      vertex 0.0797636956 -0.0239119213 0.0916817263
      vertex 0.079763703 -0.0234381799 0.0915209129
    endloop
  endfacet
  facet normal 0.977805018 0.0673354045 0.198401734
    outer loop
      vertex 0.079585813 -0.0236965939 0.092485331
      vertex 0.079763703 -0.0234381799 0.0915209129
      vertex 0.0795858204 -0.0231198017 0.0922895372
    endloop
  endfacet
  facet normal -0.977803171 0.067360878 0.198402345
    outer loop
      vertex 0.07552398 -0.023911871 0.0916817263
      vertex 0.07570187 -0.0236965474 0.092485331
      vertex 0.0757018775 -0.0231197551 0.0922895372
    endloop
  endfacet
  facet normal -0.977803409 0.0673627481 0.198400006
    outer loop
      vertex 0.07552398 -0.023911871 0.0916817263
      vertex 0.0757018775 -0.0231197551 0.0922895372
      vertex 0.0755239874 -0.0234381277 0.0915209129
    endloop
  endfacet
  facet normal -0.200237975 0.314931333 0.927751601
    outer loop
      vertex 0.0773243457 -0.0229389276 0.0953128785
      vertex 0.077643849 -0.0229219943 0.0953760892
      vertex 0.0776438639 -0.0219745096 0.0950544626
    endloop
  endfacet
  facet normal -0.200244755 0.314933032 0.927749455
    outer loop
      vertex 0.0773243457 -0.0229389276 0.0953128785
      vertex 0.0776438639 -0.0219745096 0.0950544626
      vertex 0.0773243606 -0.0219995491 0.0949940011
    endloop
  endfacet
  facet normal 0.962655962 0.0870112181 0.256364465
    outer loop
      vertex 0.0793747008 -0.0235018861 0.0932119787
      vertex 0.079585813 -0.0236965939 0.092485331
      vertex 0.0795858204 -0.0231198017 0.0922895372
    endloop
  endfacet
  facet normal 0.962655783 0.0870120004 0.256364763
    outer loop
      vertex 0.0793747008 -0.0235018861 0.0932119787
      vertex 0.0795858204 -0.0231198017 0.0922895372
      vertex 0.0793747082 -0.0228319131 0.0929845572
    endloop
  endfacet
  facet normal -0.987725079 0.0502232313 0.147907853
    outer loop
      vertex 0.0753823668 -0.0241441336 0.0908149034
      vertex 0.07552398 -0.023911871 0.0916817263
      vertex 0.0755239874 -0.0234381277 0.0915209129
    endloop
  endfacet
  facet normal -0.987723827 0.0502099544 0.147920877
    outer loop
      vertex 0.0753823668 -0.0241441336 0.0908149034
      vertex 0.0755239874 -0.0234381277 0.0915209129
      vertex 0.0753823668 -0.0237815455 0.0906918272
    endloop
  endfacet
  facet normal -0.999779046 0.00934823509 0.0188273471
    outer loop
      vertex 0.0751960278 -0.0249017682 0.0879873633
      vertex 0.0752169713 -0.0245196819 0.0889098048
      vertex 0.0752169788 -0.0244025476 0.0888520405
    endloop
  endfacet
  facet normal 0.997971714 0.0281559713 0.0570945591
    outer loop
      vertex 0.0800082237 -0.0241441894 0.0898164585
      vertex 0.0800706893 -0.0245197397 0.0889098048
      vertex 0.0800706893 -0.0244026054 0.0888520405
    endloop
  endfacet
  facet normal 0.997972012 0.0281271469 0.0571022965
    outer loop
      vertex 0.0800082237 -0.0241441894 0.0898164585
      vertex 0.0800706893 -0.0244026054 0.0888520405
      vertex 0.0800082311 -0.023911925 0.0897019207
    endloop
  endfacet
  facet normal -0.901545048 0.191378742 0.388060123
    outer loop
      vertex 0.0761537328 -0.0225794073 0.0935940668
      vertex 0.076419957 -0.0223666783 0.0941076502
      vertex 0.0764199644 -0.0215895083 0.0937243924
    endloop
  endfacet
  facet normal -0.901544333 0.19137834 0.388061821
    outer loop
      vertex 0.0761537328 -0.0225794073 0.0935940668
      vertex 0.0764199644 -0.0215895083 0.0937243924
      vertex 0.0761537403 -0.0218674522 0.0932429731
    endloop
  endfacet
  facet normal 0.726917505 0.303718537 0.615910709
    outer loop
      vertex 0.0782773942 -0.0220742635 0.0948136523
      vertex 0.0785805881 -0.0221973471 0.0945165083
      vertex 0.078580603 -0.0213682596 0.0941076502
    endloop
  endfacet
  facet normal 0.726913393 0.303722918 0.615913332
    outer loop
      vertex 0.0782773942 -0.0220742635 0.0948136523
      vertex 0.078580603 -0.0213682596 0.0941076502
      vertex 0.0782774091 -0.0212074425 0.0943861827
    endloop
  endfacet
  facet normal 0.994127989 0.0478336997 0.0970638096
    outer loop
      vertex 0.0799053088 -0.0237816013 0.0906918272
      vertex 0.0800082237 -0.0241441894 0.0898164585
      vertex 0.0800082311 -0.023911925 0.0897019207
    endloop
  endfacet
  facet normal 0.994127572 0.0478451885 0.0970622599
    outer loop
      vertex 0.0799053088 -0.0237816013 0.0906918272
      vertex 0.0800082311 -0.023911925 0.0897019207
      vertex 0.0799053162 -0.0234381817 0.0905224681
    endloop
  endfacet
  facet normal -0.939173877 0.151907131 0.308020502
    outer loop
      vertex 0.0759129971 -0.0228318721 0.0929845572
      vertex 0.0761537328 -0.0225794073 0.0935940668
      vertex 0.0761537403 -0.0218674522 0.0932429731
    endloop
  endfacet
  facet normal -0.939175367 0.151908904 0.308015317
    outer loop
      vertex 0.0759129971 -0.0228318721 0.0929845572
      vertex 0.0761537403 -0.0218674522 0.0932429731
      vertex 0.0759130046 -0.0221973155 0.0926716253
    endloop
  endfacet
  facet normal 0.527125835 0.375844508 0.762154281
    outer loop
      vertex 0.0779633671 -0.0219995566 0.0949940011
      vertex 0.0782773942 -0.0220742635 0.0948136523
      vertex 0.0782774091 -0.0212074425 0.0943861827
    endloop
  endfacet
  facet normal 0.527112424 0.375853598 0.762159169
    outer loop
      vertex 0.0779633671 -0.0219995566 0.0949940011
      vertex 0.0782774091 -0.0212074425 0.0943861827
      vertex 0.0779633746 -0.0211098362 0.0945552364
    endloop
  endfacet
  facet normal 0.987726629 0.0690660626 0.14009285
    outer loop
      vertex 0.079763703 -0.0234381799 0.0915209129
      vertex 0.0799053088 -0.0237816013 0.0906918272
      vertex 0.0799053162 -0.0234381817 0.0905224681
    endloop
  endfacet
  facet normal 0.987725198 0.0690861717 0.140092626
    outer loop
      vertex 0.079763703 -0.0234381799 0.0915209129
      vertex 0.0799053162 -0.0234381817 0.0905224681
      vertex 0.079763703 -0.0229894798 0.0912996382
    endloop
  endfacet
  facet normal -0.962652981 0.119754478 0.242812723
    outer loop
      vertex 0.0757018775 -0.0231197551 0.0922895372
      vertex 0.0759129971 -0.0228318721 0.0929845572
      vertex 0.0759130046 -0.0221973155 0.0926716253
    endloop
  endfacet
  facet normal -0.9626531 0.119754747 0.242812157
    outer loop
      vertex 0.0757018775 -0.0231197551 0.0922895372
      vertex 0.0759130046 -0.0221973155 0.0926716253
      vertex 0.0757018849 -0.0225734543 0.0920201316
    endloop
  endfacet
  facet normal 0.200252876 0.433331013 0.878705382
    outer loop
      vertex 0.0776438639 -0.0219745096 0.0950544626
      vertex 0.0779633671 -0.0219995566 0.0949940011
      vertex 0.0779633746 -0.0211098362 0.0945552364
    endloop
  endfacet
  facet normal 0.200256601 0.433329523 0.878705204
    outer loop
      vertex 0.0776438639 -0.0219745096 0.0950544626
      vertex 0.0779633746 -0.0211098362 0.0945552364
      vertex 0.0776438713 -0.0210771114 0.094611913
    endloop
  endfacet
  facet normal 0.977805257 0.0926666632 0.187909096
    outer loop
      vertex 0.0795858204 -0.0231198017 0.0922895372
      vertex 0.079763703 -0.0234381799 0.0915209129
      vertex 0.079763703 -0.0229894798 0.0912996382
    endloop
  endfacet
  facet normal 0.977805257 0.0926664472 0.187909096
    outer loop
      vertex 0.0795858204 -0.0231198017 0.0922895372
      vertex 0.079763703 -0.0229894798 0.0912996382
      vertex 0.0795858204 -0.0225735009 0.0920201316
    endloop
  endfacet
  facet normal -0.977803111 0.0926815271 0.187912598
    outer loop
      vertex 0.0755239874 -0.0234381277 0.0915209129
      vertex 0.0757018775 -0.0231197551 0.0922895372
      vertex 0.0757018849 -0.0225734543 0.0920201316
    endloop
  endfacet
  facet normal -0.977803648 0.0926834717 0.187909439
    outer loop
      vertex 0.0755239874 -0.0234381277 0.0915209129
      vertex 0.0757018849 -0.0225734543 0.0920201316
      vertex 0.0755239949 -0.0229894295 0.0912996382
    endloop
  endfacet
  facet normal -0.20024313 0.433333337 0.878706336
    outer loop
      vertex 0.0773243606 -0.0219995491 0.0949940011
      vertex 0.0776438639 -0.0219745096 0.0950544626
      vertex 0.0776438713 -0.0210771114 0.094611913
    endloop
  endfacet
  facet normal -0.20024699 0.433334202 0.878705084
    outer loop
      vertex 0.0773243606 -0.0219995491 0.0949940011
      vertex 0.0776438713 -0.0210771114 0.094611913
      vertex 0.0773243681 -0.0211098287 0.0945552364
    endloop
  endfacet
  facet normal 0.962655902 0.119739771 0.242808416
    outer loop
      vertex 0.0793747082 -0.0228319131 0.0929845572
      vertex 0.0795858204 -0.0231198017 0.0922895372
      vertex 0.0795858204 -0.0225735009 0.0920201316
    endloop
  endfacet
  facet normal 0.962657928 0.119728886 0.242805973
    outer loop
      vertex 0.0793747082 -0.0228319131 0.0929845572
      vertex 0.0795858204 -0.0225735009 0.0920201316
      vertex 0.0793747157 -0.0221973583 0.0926716253
    endloop
  endfacet
  facet normal -0.987723649 0.0691038892 0.140094742
    outer loop
      vertex 0.0753823668 -0.0237815455 0.0906918272
      vertex 0.0755239874 -0.0234381277 0.0915209129
      vertex 0.0755239949 -0.0229894295 0.0912996382
    endloop
  endfacet
  facet normal -0.987724185 0.0691077933 0.14008978
    outer loop
      vertex 0.0753823668 -0.0237815455 0.0906918272
      vertex 0.0755239949 -0.0229894295 0.0912996382
      vertex 0.0753823742 -0.0234381277 0.0905224681
    endloop
  endfacet
  facet normal -0.527108371 0.375861794 0.762157917
    outer loop
      vertex 0.0770103261 -0.0220742468 0.0948136523
      vertex 0.0773243606 -0.0219995491 0.0949940011
      vertex 0.0773243681 -0.0211098287 0.0945552364
    endloop
  endfacet
  facet normal -0.527106166 0.375861526 0.762159526
    outer loop
      vertex 0.0770103261 -0.0220742468 0.0948136523
      vertex 0.0773243681 -0.0211098287 0.0945552364
      vertex 0.0770103335 -0.0212074276 0.0943861827
    endloop
  endfacet
  facet normal 0.93917805 0.151888192 0.308017135
    outer loop
      vertex 0.07913398 -0.0225794427 0.0935940668
      vertex 0.0793747082 -0.0228319131 0.0929845572
      vertex 0.0793747157 -0.0221973583 0.0926716253
    endloop
  endfacet
  facet normal 0.939178765 0.151885822 0.30801636
    outer loop
      vertex 0.07913398 -0.0225794427 0.0935940668
      vertex 0.0793747157 -0.0221973583 0.0926716253
      vertex 0.0791339874 -0.0218674894 0.0932429731
    endloop
  endfacet
  facet normal -0.994126678 0.0478836857 0.0970523432
    outer loop
      vertex 0.0752794445 -0.0241441317 0.089816466
      vertex 0.0753823668 -0.0237815455 0.0906918272
      vertex 0.0753823742 -0.0234381277 0.0905224681
    endloop
  endfacet
  facet normal -0.994126081 0.047869835 0.0970661044
    outer loop
      vertex 0.0752794445 -0.0241441317 0.089816466
      vertex 0.0753823742 -0.0234381277 0.0905224681
      vertex 0.0752794445 -0.0239118673 0.0897019207
    endloop
  endfacet
  facet normal -0.726905823 0.303742081 0.615912974
    outer loop
      vertex 0.0767071247 -0.0221973248 0.0945165083
      vertex 0.0770103261 -0.0220742468 0.0948136523
      vertex 0.0770103335 -0.0212074276 0.0943861827
    endloop
  endfacet
  facet normal -0.726910532 0.303742766 0.615906954
    outer loop
      vertex 0.0767071247 -0.0221973248 0.0945165083
      vertex 0.0770103335 -0.0212074276 0.0943861827
      vertex 0.0767071396 -0.0213682372 0.0941076502
    endloop
  endfacet
  facet normal 0.901546538 0.191361606 0.388065219
    outer loop
      vertex 0.0788677558 -0.0223667063 0.0941076502
      vertex 0.07913398 -0.0225794427 0.0935940668
      vertex 0.0791339874 -0.0218674894 0.0932429731
    endloop
  endfacet
  facet normal 0.901545048 0.191365182 0.388066828
    outer loop
      vertex 0.0788677558 -0.0223667063 0.0941076502
      vertex 0.0791339874 -0.0218674894 0.0932429731
      vertex 0.0788677633 -0.0215895381 0.0937243924
    endloop
  endfacet
  facet normal -0.997971296 0.0281601157 0.057100527
    outer loop
      vertex 0.0752169713 -0.0245196819 0.0889098048
      vertex 0.0752794445 -0.0241441317 0.089816466
      vertex 0.0752794445 -0.0239118673 0.0897019207
    endloop
  endfacet
  facet normal -0.997971952 0.0282053184 0.0570659041
    outer loop
      vertex 0.0752169713 -0.0245196819 0.0889098048
      vertex 0.0752794445 -0.0239118673 0.0897019207
      vertex 0.0752169788 -0.0244025476 0.0888520405
    endloop
  endfacet
  facet normal 0.999779284 0.0092921108 0.0188425034
    outer loop
      vertex 0.0800706893 -0.0245197397 0.0889098048
      vertex 0.0800916255 -0.0249018278 0.0879873633
      vertex 0.0800706893 -0.0244026054 0.0888520405
    endloop
  endfacet
  facet normal -0.838330626 0.241129875 0.488935709
    outer loop
      vertex 0.076419957 -0.0223666783 0.0941076502
      vertex 0.0767071247 -0.0221973248 0.0945165083
      vertex 0.0767071396 -0.0213682372 0.0941076502
    endloop
  endfacet
  facet normal -0.838326097 0.241128594 0.488944113
    outer loop
      vertex 0.076419957 -0.0223666783 0.0941076502
      vertex 0.0767071396 -0.0213682372 0.0941076502
      vertex 0.0764199644 -0.0215895083 0.0937243924
    endloop
  endfacet
  facet normal 0.838332653 0.241111696 0.488941312
    outer loop
      vertex 0.0785805881 -0.0221973471 0.0945165083
      vertex 0.0788677558 -0.0223667063 0.0941076502
      vertex 0.0788677633 -0.0215895381 0.0937243924
    endloop
  endfacet
  facet normal 0.838340223 0.241099149 0.488934457
    outer loop
      vertex 0.0785805881 -0.0221973471 0.0945165083
      vertex 0.0788677633 -0.0215895381 0.0937243924
      vertex 0.078580603 -0.0213682596 0.0941076502
    endloop
  endfacet
  facet normal 0.200257391 0.544317245 0.814626038
    outer loop
      vertex 0.0776438713 -0.0210771114 0.094611913
      vertex 0.0779633746 -0.0211098362 0.0945552364
      vertex 0.077963382 -0.0202849992 0.0940040946
    endloop
  endfacet
  facet normal 0.200269878 0.544312298 0.814626336
    outer loop
      vertex 0.0776438713 -0.0210771114 0.094611913
      vertex 0.077963382 -0.0202849992 0.0940040946
      vertex 0.0776438862 -0.0202451553 0.0940560177
    endloop
  endfacet
  facet normal 0.977805495 0.116389446 0.174212575
    outer loop
      vertex 0.0795858204 -0.0225735009 0.0920201316
      vertex 0.079763703 -0.0229894798 0.0912996382
      vertex 0.0797637105 -0.0225735027 0.0910216868
    endloop
  endfacet
  facet normal 0.977805316 0.116390005 0.17421256
    outer loop
      vertex 0.0795858204 -0.0225735009 0.0920201316
      vertex 0.0797637105 -0.0225735027 0.0910216868
      vertex 0.0795858279 -0.0220670383 0.0916817263
    endloop
  endfacet
  facet normal -0.97780323 0.116415508 0.174207687
    outer loop
      vertex 0.0755239949 -0.0229894295 0.0912996382
      vertex 0.0757018849 -0.0225734543 0.0920201316
      vertex 0.0757018924 -0.0220669918 0.0916817263
    endloop
  endfacet
  facet normal -0.977803767 0.116417557 0.174203023
    outer loop
      vertex 0.0755239949 -0.0229894295 0.0912996382
      vertex 0.0757018924 -0.0220669918 0.0916817263
      vertex 0.0755240023 -0.0225734506 0.0910216868
    endloop
  endfacet
  facet normal -0.200245202 0.544320047 0.814627171
    outer loop
      vertex 0.0773243681 -0.0211098287 0.0945552364
      vertex 0.0776438713 -0.0210771114 0.094611913
      vertex 0.0776438862 -0.0202451553 0.0940560177
    endloop
  endfacet
  facet normal -0.200250328 0.544320941 0.814625382
    outer loop
      vertex 0.0773243681 -0.0211098287 0.0945552364
      vertex 0.0776438862 -0.0202451553 0.0940560177
      vertex 0.077324383 -0.0202849898 0.0940040946
    endloop
  endfacet
  facet normal 0.962658286 0.150393203 0.225101888
    outer loop
      vertex 0.0793747157 -0.0221973583 0.0926716253
      vertex 0.0795858204 -0.0225735009 0.0920201316
      vertex 0.0795858279 -0.0220670383 0.0916817263
    endloop
  endfacet
  facet normal 0.962657809 0.150396138 0.225102171
    outer loop
      vertex 0.0793747157 -0.0221973583 0.0926716253
      vertex 0.0795858279 -0.0220670383 0.0916817263
      vertex 0.0793747231 -0.0216090754 0.0922785476
    endloop
  endfacet
  facet normal -0.987723768 0.086798884 0.129875794
    outer loop
      vertex 0.0753823742 -0.0234381277 0.0905224681
      vertex 0.0755239949 -0.0229894295 0.0912996382
      vertex 0.0755240023 -0.0225734506 0.0910216868
    endloop
  endfacet
  facet normal -0.987722456 0.0867894888 0.129891664
    outer loop
      vertex 0.0753823742 -0.0234381277 0.0905224681
      vertex 0.0755240023 -0.0225734506 0.0910216868
      vertex 0.0753823742 -0.0231197514 0.0903097391
    endloop
  endfacet
  facet normal -0.527104795 0.47213158 0.706577897
    outer loop
      vertex 0.0770103335 -0.0212074276 0.0943861827
      vertex 0.0773243681 -0.0211098287 0.0945552364
      vertex 0.077324383 -0.0202849898 0.0940040946
    endloop
  endfacet
  facet normal -0.527083576 0.472131103 0.70659405
    outer loop
      vertex 0.0770103335 -0.0212074276 0.0943861827
      vertex 0.077324383 -0.0202849898 0.0940040946
      vertex 0.077010341 -0.0204038192 0.0938492343
    endloop
  endfacet
  facet normal 0.939179182 0.190789834 0.285555243
    outer loop
      vertex 0.0791339874 -0.0218674894 0.0932429731
      vertex 0.0793747157 -0.0221973583 0.0926716253
      vertex 0.0793747231 -0.0216090754 0.0922785476
    endloop
  endfacet
  facet normal 0.939178646 0.190791726 0.285555601
    outer loop
      vertex 0.0791339874 -0.0218674894 0.0932429731
      vertex 0.0793747231 -0.0216090754 0.0922785476
      vertex 0.0791339949 -0.0212074537 0.0928019509
    endloop
  endfacet
  facet normal -0.994126081 0.0601277947 0.0899890214
    outer loop
      vertex 0.0752794445 -0.0239118673 0.0897019207
      vertex 0.0753823742 -0.0234381277 0.0905224681
      vertex 0.0753823742 -0.0231197514 0.0903097391
    endloop
  endfacet
  facet normal -0.994127154 0.0601472594 0.0899638459
    outer loop
      vertex 0.0752794445 -0.0239118673 0.0897019207
      vertex 0.0753823742 -0.0231197514 0.0903097391
      vertex 0.0752794519 -0.0236965418 0.0895580426
    endloop
  endfacet
  facet normal -0.726909995 0.381530166 0.570996106
    outer loop
      vertex 0.0767071396 -0.0213682372 0.0941076502
      vertex 0.0770103335 -0.0212074276 0.0943861827
      vertex 0.077010341 -0.0204038192 0.0938492343
    endloop
  endfacet
  facet normal -0.726918697 0.381530017 0.570985079
    outer loop
      vertex 0.0767071396 -0.0213682372 0.0941076502
      vertex 0.077010341 -0.0204038192 0.0938492343
      vertex 0.0767071471 -0.0205996111 0.0935940668
    endloop
  endfacet
  facet normal 0.901545584 0.240379542 0.359768301
    outer loop
      vertex 0.0788677633 -0.0215895381 0.0937243924
      vertex 0.0791339874 -0.0218674894 0.0932429731
      vertex 0.0791339949 -0.0212074537 0.0928019509
    endloop
  endfacet
  facet normal 0.901545346 0.240380108 0.35976848
    outer loop
      vertex 0.0788677633 -0.0215895381 0.0937243924
      vertex 0.0791339949 -0.0212074537 0.0928019509
      vertex 0.0788677707 -0.0208690427 0.0932429731
    endloop
  endfacet
  facet normal -0.997971535 0.0353926085 0.0529162884
    outer loop
      vertex 0.0752169788 -0.0244025476 0.0888520405
      vertex 0.0752794445 -0.0239118673 0.0897019207
      vertex 0.0752794519 -0.0236965418 0.0895580426
    endloop
  endfacet
  facet normal -0.997971177 0.0353722125 0.0529366471
    outer loop
      vertex 0.0752169788 -0.0244025476 0.0888520405
      vertex 0.0752794519 -0.0236965418 0.0895580426
      vertex 0.0752169788 -0.0242939554 0.0887794793
    endloop
  endfacet
  facet normal 0.999779344 0.0116722994 0.0174682997
    outer loop
      vertex 0.0800706893 -0.0244026054 0.0888520405
      vertex 0.0800916255 -0.0249018278 0.0879873633
      vertex 0.0800706893 -0.0242940132 0.0887794793
    endloop
  endfacet
  facet normal -0.838325441 0.30288747 0.453287601
    outer loop
      vertex 0.0764199644 -0.0215895083 0.0937243924
      vertex 0.0767071396 -0.0213682372 0.0941076502
      vertex 0.0767071471 -0.0205996111 0.0935940668
    endloop
  endfacet
  facet normal -0.838330626 0.302887678 0.453277856
    outer loop
      vertex 0.0764199644 -0.0215895083 0.0937243924
      vertex 0.0767071471 -0.0205996111 0.0935940668
      vertex 0.0764199793 -0.0208690129 0.0932429731
    endloop
  endfacet
  facet normal 0.838341236 0.302860707 0.453276396
    outer loop
      vertex 0.078580603 -0.0213682596 0.0941076502
      vertex 0.0788677633 -0.0215895381 0.0937243924
      vertex 0.0788677707 -0.0208690427 0.0932429731
    endloop
  endfacet
  facet normal 0.838338852 0.30286479 0.453277916
    outer loop
      vertex 0.078580603 -0.0213682596 0.0941076502
      vertex 0.0788677707 -0.0208690427 0.0932429731
      vertex 0.0785806105 -0.0205996335 0.0935940668
    endloop
  endfacet
  facet normal -0.999778986 0.0116806207 0.0174807422
    outer loop
      vertex 0.0751960278 -0.0249017682 0.0879873633
      vertex 0.0752169788 -0.0244025476 0.0888520405
      vertex 0.0752169788 -0.0242939554 0.0887794793
    endloop
  endfacet
  facet normal 0.997972131 0.0353638791 0.0529241711
    outer loop
      vertex 0.0800082311 -0.023911925 0.0897019207
      vertex 0.0800706893 -0.0244026054 0.0888520405
      vertex 0.0800706893 -0.0242940132 0.0887794793
    endloop
  endfacet
  facet normal 0.997972131 0.0353634655 0.0529243387
    outer loop
      vertex 0.0800082311 -0.023911925 0.0897019207
      vertex 0.0800706893 -0.0242940132 0.0887794793
      vertex 0.0800082311 -0.0236965995 0.0895580426
    endloop
  endfacet
  facet normal -0.901543736 0.240401343 0.359758377
    outer loop
      vertex 0.0761537403 -0.0218674522 0.0932429731
      vertex 0.0764199644 -0.0215895083 0.0937243924
      vertex 0.0764199793 -0.0208690129 0.0932429731
    endloop
  endfacet
  facet normal -0.90154016 0.240400389 0.359768033
    outer loop
      vertex 0.0761537403 -0.0218674522 0.0932429731
      vertex 0.0764199793 -0.0208690129 0.0932429731
      vertex 0.0761537477 -0.0212074183 0.0928019509
    endloop
  endfacet
  facet normal 0.726914585 0.381522685 0.570995271
    outer loop
      vertex 0.0782774091 -0.0212074425 0.0943861827
      vertex 0.078580603 -0.0213682596 0.0941076502
      vertex 0.0785806105 -0.0205996335 0.0935940668
    endloop
  endfacet
  facet normal 0.726922512 0.381513447 0.570991278
    outer loop
      vertex 0.0782774091 -0.0212074425 0.0943861827
      vertex 0.0785806105 -0.0205996335 0.0935940668
      vertex 0.0782774165 -0.0204038341 0.0938492343
    endloop
  endfacet
  facet normal 0.994127691 0.0601204075 0.0899751559
    outer loop
      vertex 0.0799053162 -0.0234381817 0.0905224681
      vertex 0.0800082311 -0.023911925 0.0897019207
      vertex 0.0800082311 -0.0236965995 0.0895580426
    endloop
  endfacet
  facet normal 0.99412781 0.0601188354 0.089975588
    outer loop
      vertex 0.0799053162 -0.0234381817 0.0905224681
      vertex 0.0800082311 -0.0236965995 0.0895580426
      vertex 0.0799053162 -0.0231198054 0.0903097391
    endloop
  endfacet
  facet normal -0.939174771 0.190812632 0.28555432
    outer loop
      vertex 0.0759130046 -0.0221973155 0.0926716253
      vertex 0.0761537403 -0.0218674522 0.0932429731
      vertex 0.0761537477 -0.0212074183 0.0928019509
    endloop
  endfacet
  facet normal -0.939175129 0.190812871 0.285553217
    outer loop
      vertex 0.0759130046 -0.0221973155 0.0926716253
      vertex 0.0761537477 -0.0212074183 0.0928019509
      vertex 0.075913012 -0.0216090344 0.0922785476
    endloop
  endfacet
  facet normal 0.527113378 0.472113997 0.706583142
    outer loop
      vertex 0.0779633746 -0.0211098362 0.0945552364
      vertex 0.0782774091 -0.0212074425 0.0943861827
      vertex 0.0782774165 -0.0204038341 0.0938492343
    endloop
  endfacet
  facet normal 0.527098656 0.472124517 0.706587136
    outer loop
      vertex 0.0779633746 -0.0211098362 0.0945552364
      vertex 0.0782774165 -0.0204038341 0.0938492343
      vertex 0.077963382 -0.0202849992 0.0940040946
    endloop
  endfacet
  facet normal 0.987725258 0.0867798328 0.12987718
    outer loop
      vertex 0.079763703 -0.0229894798 0.0912996382
      vertex 0.0799053162 -0.0234381817 0.0905224681
      vertex 0.0799053162 -0.0231198054 0.0903097391
    endloop
  endfacet
  facet normal 0.987726152 0.0867661163 0.129879117
    outer loop
      vertex 0.079763703 -0.0229894798 0.0912996382
      vertex 0.0799053162 -0.0231198054 0.0903097391
      vertex 0.0797637105 -0.0225735027 0.0910216868
    endloop
  endfacet
  facet normal -0.962652743 0.150423288 0.225105584
    outer loop
      vertex 0.0757018849 -0.0225734543 0.0920201316
      vertex 0.0759130046 -0.0221973155 0.0926716253
      vertex 0.075913012 -0.0216090344 0.0922785476
    endloop
  endfacet
  facet normal -0.962652802 0.150423497 0.225104868
    outer loop
      vertex 0.0757018849 -0.0225734543 0.0920201316
      vertex 0.075913012 -0.0216090344 0.0922785476
      vertex 0.0757018924 -0.0220669918 0.0916817263
    endloop
  endfacet
  facet normal -0.726917446 0.45279935 0.516298175
    outer loop
      vertex 0.0767071471 -0.0205996111 0.0935940668
      vertex 0.077010341 -0.0204038192 0.0938492343
      vertex 0.0770103559 -0.0196771733 0.0932119787
    endloop
  endfacet
  facet normal -0.726903558 0.452801913 0.516315401
    outer loop
      vertex 0.0767071471 -0.0205996111 0.0935940668
      vertex 0.0770103559 -0.0196771733 0.0932119787
      vertex 0.0767071545 -0.0199045949 0.0929845572
    endloop
  endfacet
  facet normal 0.901545823 0.285282284 0.325313836
    outer loop
      vertex 0.0788677707 -0.0208690427 0.0932429731
      vertex 0.0791339949 -0.0212074537 0.0928019509
      vertex 0.0791340023 -0.0206106286 0.0922785476
    endloop
  endfacet
  facet normal 0.901549637 0.285272062 0.325312138
    outer loop
      vertex 0.0788677707 -0.0208690427 0.0932429731
      vertex 0.0791340023 -0.0206106286 0.0922785476
      vertex 0.0788677856 -0.0202175491 0.0926716253
    endloop
  endfacet
  facet normal -0.997971237 0.0419776924 0.0478680767
    outer loop
      vertex 0.0752169788 -0.0242939554 0.0887794793
      vertex 0.0752794519 -0.0236965418 0.0895580426
      vertex 0.0752794519 -0.0235018376 0.0893872976
    endloop
  endfacet
  facet normal -0.997971237 0.0419768728 0.0478691421
    outer loop
      vertex 0.0752169788 -0.0242939554 0.0887794793
      vertex 0.0752794519 -0.0235018376 0.0893872976
      vertex 0.0752169788 -0.0241957624 0.0886933729
    endloop
  endfacet
  facet normal 0.999779344 0.0138518158 0.0157958884
    outer loop
      vertex 0.0800706893 -0.0242940132 0.0887794793
      vertex 0.0800916255 -0.0249018278 0.0879873633
      vertex 0.0800706893 -0.024195822 0.0886933729
    endloop
  endfacet
  facet normal -0.838329911 0.359455079 0.409871906
    outer loop
      vertex 0.0764199793 -0.0208690129 0.0932429731
      vertex 0.0767071471 -0.0205996111 0.0935940668
      vertex 0.0767071545 -0.0199045949 0.0929845572
    endloop
  endfacet
  facet normal -0.83833313 0.359454483 0.409866035
    outer loop
      vertex 0.0764199793 -0.0208690129 0.0932429731
      vertex 0.0767071545 -0.0199045949 0.0929845572
      vertex 0.0764199868 -0.0202175193 0.0926716253
    endloop
  endfacet
  facet normal 0.838339686 0.359431446 0.409872621
    outer loop
      vertex 0.0785806105 -0.0205996335 0.0935940668
      vertex 0.0788677707 -0.0208690427 0.0932429731
      vertex 0.0788677856 -0.0202175491 0.0926716253
    endloop
  endfacet
  facet normal 0.838335335 0.359439433 0.409874588
    outer loop
      vertex 0.0785806105 -0.0205996335 0.0935940668
      vertex 0.0788677856 -0.0202175491 0.0926716253
      vertex 0.0785806179 -0.0199046172 0.0929845572
    endloop
  endfacet
  facet normal -0.999779046 0.0138615258 0.0158072654
    outer loop
      vertex 0.0751960278 -0.0249017682 0.0879873633
      vertex 0.0752169788 -0.0242939554 0.0887794793
      vertex 0.0752169788 -0.0241957624 0.0886933729
    endloop
  endfacet
  facet normal 0.99797219 0.041967161 0.0478571393
    outer loop
      vertex 0.0800082311 -0.0236965995 0.0895580426
      vertex 0.0800706893 -0.0242940132 0.0887794793
      vertex 0.0800706893 -0.024195822 0.0886933729
    endloop
  endfacet
  facet normal 0.99797219 0.0419675224 0.0478569306
    outer loop
      vertex 0.0800082311 -0.0236965995 0.0895580426
      vertex 0.0800706893 -0.024195822 0.0886933729
      vertex 0.0800082311 -0.0235018935 0.0893872976
    endloop
  endfacet
  facet normal -0.901539564 0.285303444 0.325312644
    outer loop
      vertex 0.0761537477 -0.0212074183 0.0928019509
      vertex 0.0764199793 -0.0208690129 0.0932429731
      vertex 0.0764199868 -0.0202175193 0.0926716253
    endloop
  endfacet
  facet normal -0.901539743 0.285303444 0.325312287
    outer loop
      vertex 0.0761537477 -0.0212074183 0.0928019509
      vertex 0.0764199868 -0.0202175193 0.0926716253
      vertex 0.0761537552 -0.0206105933 0.0922785476
    endloop
  endfacet
  facet normal 0.726923406 0.452779233 0.516307354
    outer loop
      vertex 0.0782774165 -0.0204038341 0.0938492343
      vertex 0.0785806105 -0.0205996335 0.0935940668
      vertex 0.0785806179 -0.0199046172 0.0929845572
    endloop
  endfacet
  facet normal 0.726916909 0.452787042 0.516309619
    outer loop
      vertex 0.0782774165 -0.0204038341 0.0938492343
      vertex 0.0785806179 -0.0199046172 0.0929845572
      vertex 0.078277424 -0.0196771882 0.0932119787
    endloop
  endfacet
  facet normal 0.99412781 0.071347326 0.0813596919
    outer loop
      vertex 0.0799053162 -0.0231198054 0.0903097391
      vertex 0.0800082311 -0.0236965995 0.0895580426
      vertex 0.0800082311 -0.0235018935 0.0893872976
    endloop
  endfacet
  facet normal 0.994128466 0.0713313073 0.0813664123
    outer loop
      vertex 0.0799053162 -0.0231198054 0.0903097391
      vertex 0.0800082311 -0.0235018935 0.0893872976
      vertex 0.0799053237 -0.0228319205 0.0900572687
    endloop
  endfacet
  facet normal -0.939174592 0.226452872 0.258205771
    outer loop
      vertex 0.075913012 -0.0216090344 0.0922785476
      vertex 0.0761537477 -0.0212074183 0.0928019509
      vertex 0.0761537552 -0.0206105933 0.0922785476
    endloop
  endfacet
  facet normal -0.939173937 0.226452723 0.258208245
    outer loop
      vertex 0.075913012 -0.0216090344 0.0922785476
      vertex 0.0761537552 -0.0206105933 0.0922785476
      vertex 0.0759130195 -0.0210770909 0.0918120518
    endloop
  endfacet
  facet normal 0.527100027 0.560313284 0.638916671
    outer loop
      vertex 0.077963382 -0.0202849992 0.0940040946
      vertex 0.0782774165 -0.0204038341 0.0938492343
      vertex 0.078277424 -0.0196771882 0.0932119787
    endloop
  endfacet
  facet normal 0.527108073 0.560307384 0.6389153
    outer loop
      vertex 0.077963382 -0.0202849992 0.0940040946
      vertex 0.078277424 -0.0196771882 0.0932119787
      vertex 0.0779633895 -0.0195391551 0.0933500081
    endloop
  endfacet
  facet normal 0.98772651 0.102971271 0.117444389
    outer loop
      vertex 0.0797637105 -0.0225735027 0.0910216868
      vertex 0.0799053162 -0.0231198054 0.0903097391
      vertex 0.0799053237 -0.0228319205 0.0900572687
    endloop
  endfacet
  facet normal 0.98772639 0.10297364 0.117443733
    outer loop
      vertex 0.0797637105 -0.0225735027 0.0910216868
      vertex 0.0799053237 -0.0228319205 0.0900572687
      vertex 0.0797637179 -0.022197362 0.0906918272
    endloop
  endfacet
  facet normal -0.962652564 0.178517446 0.203547478
    outer loop
      vertex 0.0757018924 -0.0220669918 0.0916817263
      vertex 0.075913012 -0.0216090344 0.0922785476
      vertex 0.0759130195 -0.0210770909 0.0918120518
    endloop
  endfacet
  facet normal -0.962653697 0.178518519 0.203541428
    outer loop
      vertex 0.0757018924 -0.0220669918 0.0916817263
      vertex 0.0759130195 -0.0210770909 0.0918120518
      vertex 0.0757018998 -0.0216090325 0.0912801027
    endloop
  endfacet
  facet normal 0.200270608 0.64598608 0.736609578
    outer loop
      vertex 0.0776438862 -0.0202451553 0.0940560177
      vertex 0.077963382 -0.0202849992 0.0940040946
      vertex 0.0779633895 -0.0195391551 0.0933500081
    endloop
  endfacet
  facet normal 0.2002621 0.645989358 0.736609042
    outer loop
      vertex 0.0776438862 -0.0202451553 0.0940560177
      vertex 0.0779633895 -0.0195391551 0.0933500081
      vertex 0.0776438937 -0.0194928758 0.0933962837
    endloop
  endfacet
  facet normal 0.977805734 0.138129219 0.157531649
    outer loop
      vertex 0.0795858279 -0.0220670383 0.0916817263
      vertex 0.0797637105 -0.0225735027 0.0910216868
      vertex 0.0797637179 -0.022197362 0.0906918272
    endloop
  endfacet
  facet normal 0.977804959 0.138136104 0.157530576
    outer loop
      vertex 0.0795858279 -0.0220670383 0.0916817263
      vertex 0.0797637179 -0.022197362 0.0906918272
      vertex 0.0795858353 -0.0216090791 0.0912801027
    endloop
  endfacet
  facet normal -0.977803349 0.138158977 0.157520384
    outer loop
      vertex 0.0755240023 -0.0225734506 0.0910216868
      vertex 0.0757018924 -0.0220669918 0.0916817263
      vertex 0.0757018998 -0.0216090325 0.0912801027
    endloop
  endfacet
  facet normal -0.977801442 0.138154119 0.157537133
    outer loop
      vertex 0.0755240023 -0.0225734506 0.0910216868
      vertex 0.0757018998 -0.0216090325 0.0912801027
      vertex 0.0755240023 -0.0221973117 0.0906918272
    endloop
  endfacet
  facet normal -0.200247958 0.645993471 0.73660928
    outer loop
      vertex 0.077324383 -0.0202849898 0.0940040946
      vertex 0.0776438862 -0.0202451553 0.0940560177
      vertex 0.0776438937 -0.0194928758 0.0933962837
    endloop
  endfacet
  facet normal -0.200239658 0.645992517 0.73661238
    outer loop
      vertex 0.077324383 -0.0202849898 0.0940040946
      vertex 0.0776438937 -0.0194928758 0.0933962837
      vertex 0.0773243904 -0.0195391458 0.0933500081
    endloop
  endfacet
  facet normal 0.962658286 0.178490117 0.203544796
    outer loop
      vertex 0.0793747231 -0.0216090754 0.0922785476
      vertex 0.0795858279 -0.0220670383 0.0916817263
      vertex 0.0795858353 -0.0216090791 0.0912801027
    endloop
  endfacet
  facet normal 0.962658346 0.178488776 0.20354481
    outer loop
      vertex 0.0793747231 -0.0216090754 0.0922785476
      vertex 0.0795858353 -0.0216090791 0.0912801027
      vertex 0.0793747306 -0.0210771337 0.0918120518
    endloop
  endfacet
  facet normal -0.987722576 0.103001036 0.11745207
    outer loop
      vertex 0.0753823742 -0.0231197514 0.0903097391
      vertex 0.0755240023 -0.0225734506 0.0910216868
      vertex 0.0755240023 -0.0221973117 0.0906918272
    endloop
  endfacet
  facet normal -0.987724185 0.103010193 0.117430486
    outer loop
      vertex 0.0753823742 -0.0231197514 0.0903097391
      vertex 0.0755240023 -0.0221973117 0.0906918272
      vertex 0.0753823817 -0.0228318665 0.0900572687
    endloop
  endfacet
  facet normal -0.527083695 0.560323298 0.63892144
    outer loop
      vertex 0.077010341 -0.0204038192 0.0938492343
      vertex 0.077324383 -0.0202849898 0.0940040946
      vertex 0.0773243904 -0.0195391458 0.0933500081
    endloop
  endfacet
  facet normal -0.527101338 0.560321987 0.638908029
    outer loop
      vertex 0.077010341 -0.0204038192 0.0938492343
      vertex 0.0773243904 -0.0195391458 0.0933500081
      vertex 0.0770103559 -0.0196771733 0.0932119787
    endloop
  endfacet
  facet normal 0.939179003 0.226429015 0.258210301
    outer loop
      vertex 0.0791339949 -0.0212074537 0.0928019509
      vertex 0.0793747231 -0.0216090754 0.0922785476
      vertex 0.0793747306 -0.0210771337 0.0918120518
    endloop
  endfacet
  facet normal 0.939177811 0.226433724 0.258210659
    outer loop
      vertex 0.0791339949 -0.0212074537 0.0928019509
      vertex 0.0793747306 -0.0210771337 0.0918120518
      vertex 0.0791340023 -0.0206106286 0.0922785476
    endloop
  endfacet
  facet normal -0.994126797 0.0713702738 0.0813521743
    outer loop
      vertex 0.0752794519 -0.0236965418 0.0895580426
      vertex 0.0753823742 -0.0231197514 0.0903097391
      vertex 0.0753823817 -0.0228318665 0.0900572687
    endloop
  endfacet
  facet normal -0.994126022 0.0713587701 0.0813719407
    outer loop
      vertex 0.0752794519 -0.0236965418 0.0895580426
      vertex 0.0753823817 -0.0228318665 0.0900572687
      vertex 0.0752794519 -0.0235018376 0.0893872976
    endloop
  endfacet
  facet normal 0.994128704 0.0813332349 0.0713644847
    outer loop
      vertex 0.0799053237 -0.0228319205 0.0900572687
      vertex 0.0800082311 -0.0235018935 0.0893872976
      vertex 0.0800082386 -0.023331143 0.0891925916
    endloop
  endfacet
  facet normal 0.99412781 0.0813583434 0.071349889
    outer loop
      vertex 0.0799053237 -0.0228319205 0.0900572687
      vertex 0.0800082386 -0.023331143 0.0891925916
      vertex 0.0799053237 -0.022579452 0.0897693858
    endloop
  endfacet
  facet normal -0.939173639 0.258219421 0.226441219
    outer loop
      vertex 0.0759130195 -0.0210770909 0.0918120518
      vertex 0.0761537552 -0.0206105933 0.0922785476
      vertex 0.0761537626 -0.0200871937 0.0916817263
    endloop
  endfacet
  facet normal -0.939174294 0.258219302 0.226438671
    outer loop
      vertex 0.0759130195 -0.0210770909 0.0918120518
      vertex 0.0761537626 -0.0200871937 0.0916817263
      vertex 0.0759130269 -0.0206105914 0.0912801102
    endloop
  endfacet
  facet normal 0.527108967 0.638909519 0.560313046
    outer loop
      vertex 0.0779633895 -0.0195391551 0.0933500081
      vertex 0.078277424 -0.0196771882 0.0932119787
      vertex 0.0782774314 -0.0190399364 0.092485331
    endloop
  endfacet
  facet normal 0.527124882 0.638897479 0.560311913
    outer loop
      vertex 0.0779633895 -0.0195391551 0.0933500081
      vertex 0.0782774314 -0.0190399364 0.092485331
      vertex 0.0779634044 -0.0188850667 0.0926041678
    endloop
  endfacet
  facet normal 0.987726569 0.11743176 0.102985665
    outer loop
      vertex 0.0797637179 -0.022197362 0.0906918272
      vertex 0.0799053237 -0.0228319205 0.0900572687
      vertex 0.0799053237 -0.022579452 0.0897693858
    endloop
  endfacet
  facet normal 0.98772645 0.117433079 0.102985099
    outer loop
      vertex 0.0797637179 -0.022197362 0.0906918272
      vertex 0.0799053237 -0.022579452 0.0897693858
      vertex 0.0797637179 -0.0218674969 0.0903156847
    endloop
  endfacet
  facet normal -0.96265322 0.203558192 0.178501949
    outer loop
      vertex 0.0757018998 -0.0216090325 0.0912801027
      vertex 0.0759130195 -0.0210770909 0.0918120518
      vertex 0.0759130269 -0.0206105914 0.0912801102
    endloop
  endfacet
  facet normal -0.962650597 0.203557625 0.17851612
    outer loop
      vertex 0.0757018998 -0.0216090325 0.0912801027
      vertex 0.0759130269 -0.0206105914 0.0912801102
      vertex 0.0757018998 -0.0212074127 0.0908221453
    endloop
  endfacet
  facet normal 0.200263217 0.736605227 0.645993292
    outer loop
      vertex 0.0776438937 -0.0194928758 0.0933962837
      vertex 0.0779633895 -0.0195391551 0.0933500081
      vertex 0.0779634044 -0.0188850667 0.0926041678
    endloop
  endfacet
  facet normal 0.2002552 0.736608267 0.645992398
    outer loop
      vertex 0.0776438937 -0.0194928758 0.0933962837
      vertex 0.0779634044 -0.0188850667 0.0926041678
      vertex 0.0776439011 -0.0188331436 0.092644006
    endloop
  endfacet
  facet normal 0.977805138 0.157523409 0.138143077
    outer loop
      vertex 0.0795858353 -0.0216090791 0.0912801027
      vertex 0.0797637179 -0.022197362 0.0906918272
      vertex 0.0797637179 -0.0218674969 0.0903156847
    endloop
  endfacet
  facet normal 0.977806926 0.157508135 0.138147503
    outer loop
      vertex 0.0795858353 -0.0216090791 0.0912801027
      vertex 0.0797637179 -0.0218674969 0.0903156847
      vertex 0.0795858428 -0.0212074593 0.0908221453
    endloop
  endfacet
  facet normal -0.977801442 0.157535508 0.138155594
    outer loop
      vertex 0.0755240023 -0.0221973117 0.0906918272
      vertex 0.0757018998 -0.0216090325 0.0912801027
      vertex 0.0757018998 -0.0212074127 0.0908221453
    endloop
  endfacet
  facet normal -0.977803528 0.157538295 0.138137519
    outer loop
      vertex 0.0755240023 -0.0221973117 0.0906918272
      vertex 0.0757018998 -0.0212074127 0.0908221453
      vertex 0.0755240098 -0.0218674447 0.0903156847
    endloop
  endfacet
  facet normal -0.200238064 0.736612856 0.645992458
    outer loop
      vertex 0.0773243904 -0.0195391458 0.0933500081
      vertex 0.0776438937 -0.0194928758 0.0933962837
      vertex 0.0776439011 -0.0188331436 0.092644006
    endloop
  endfacet
  facet normal -0.200234547 0.736612618 0.645993769
    outer loop
      vertex 0.0773243904 -0.0195391458 0.0933500081
      vertex 0.0776439011 -0.0188331436 0.092644006
      vertex 0.0773243979 -0.0188850574 0.0926041678
    endloop
  endfacet
  facet normal 0.962658763 0.203528062 0.178505868
    outer loop
      vertex 0.0793747306 -0.0210771337 0.0918120518
      vertex 0.0795858353 -0.0216090791 0.0912801027
      vertex 0.0795858428 -0.0212074593 0.0908221453
    endloop
  endfacet
  facet normal 0.962656021 0.203543484 0.17850323
    outer loop
      vertex 0.0793747306 -0.0210771337 0.0918120518
      vertex 0.0795858428 -0.0212074593 0.0908221453
      vertex 0.0793747306 -0.0206106324 0.0912801102
    endloop
  endfacet
  facet normal -0.987723827 0.117455184 0.102985509
    outer loop
      vertex 0.0753823817 -0.0228318665 0.0900572687
      vertex 0.0755240023 -0.0221973117 0.0906918272
      vertex 0.0755240098 -0.0218674447 0.0903156847
    endloop
  endfacet
  facet normal -0.987722635 0.11745055 0.103002146
    outer loop
      vertex 0.0753823817 -0.0228318665 0.0900572687
      vertex 0.0755240098 -0.0218674447 0.0903156847
      vertex 0.0753823817 -0.022579398 0.0897693858
    endloop
  endfacet
  facet normal -0.527100623 0.638916552 0.560312867
    outer loop
      vertex 0.0770103559 -0.0196771733 0.0932119787
      vertex 0.0773243904 -0.0195391458 0.0933500081
      vertex 0.0773243979 -0.0188850574 0.0926041678
    endloop
  endfacet
  facet normal -0.527105272 0.638915777 0.56030947
    outer loop
      vertex 0.0770103559 -0.0196771733 0.0932119787
      vertex 0.0773243979 -0.0188850574 0.0926041678
      vertex 0.0770103633 -0.0190399196 0.092485331
    endloop
  endfacet
  facet normal 0.939178109 0.258204311 0.226439595
    outer loop
      vertex 0.0791340023 -0.0206106286 0.0922785476
      vertex 0.0793747306 -0.0210771337 0.0918120518
      vertex 0.0793747306 -0.0206106324 0.0912801102
    endloop
  endfacet
  facet normal 0.939181387 0.258191764 0.22644037
    outer loop
      vertex 0.0791340023 -0.0206106286 0.0922785476
      vertex 0.0793747306 -0.0206106324 0.0912801102
      vertex 0.0791340098 -0.0200872291 0.0916817263
    endloop
  endfacet
  facet normal -0.994126022 0.081370309 0.0713604018
    outer loop
      vertex 0.0752794519 -0.0235018376 0.0893872976
      vertex 0.0753823817 -0.0228318665 0.0900572687
      vertex 0.0753823817 -0.022579398 0.0897693858
    endloop
  endfacet
  facet normal -0.994126022 0.0813707337 0.0713593587
    outer loop
      vertex 0.0752794519 -0.0235018376 0.0893872976
      vertex 0.0753823817 -0.022579398 0.0897693858
      vertex 0.0752794519 -0.0233310871 0.0891925916
    endloop
  endfacet
  facet normal -0.72690326 0.516321778 0.452795208
    outer loop
      vertex 0.0767071545 -0.0199045949 0.0929845572
      vertex 0.0770103559 -0.0196771733 0.0932119787
      vertex 0.0770103633 -0.0190399196 0.092485331
    endloop
  endfacet
  facet normal -0.726906598 0.516320646 0.452791184
    outer loop
      vertex 0.0767071545 -0.0199045949 0.0929845572
      vertex 0.0770103633 -0.0190399196 0.092485331
      vertex 0.076707162 -0.0192950815 0.0922895372
    endloop
  endfacet
  facet normal 0.901550353 0.325295776 0.285288692
    outer loop
      vertex 0.0788677856 -0.0202175491 0.0926716253
      vertex 0.0791340023 -0.0206106286 0.0922785476
      vertex 0.0791340098 -0.0200872291 0.0916817263
    endloop
  endfacet
  facet normal 0.901544929 0.32531023 0.285289168
    outer loop
      vertex 0.0788677856 -0.0202175491 0.0926716253
      vertex 0.0791340098 -0.0200872291 0.0916817263
      vertex 0.0788677856 -0.019646205 0.0920201316
    endloop
  endfacet
  facet normal -0.997971177 0.0478676744 0.0419783331
    outer loop
      vertex 0.0752169788 -0.0241957624 0.0886933729
      vertex 0.0752794519 -0.0235018376 0.0893872976
      vertex 0.0752794519 -0.0233310871 0.0891925916
    endloop
  endfacet
  facet normal -0.997971237 0.0478686094 0.0419767387
    outer loop
      vertex 0.0752169788 -0.0241957624 0.0886933729
      vertex 0.0752794519 -0.0233310871 0.0891925916
      vertex 0.0752169788 -0.0241096504 0.0885951743
    endloop
  endfacet
  facet normal 0.999779284 0.0157958157 0.0138518987
    outer loop
      vertex 0.0800706893 -0.024195822 0.0886933729
      vertex 0.0800916255 -0.0249018278 0.0879873633
      vertex 0.0800706893 -0.0241097081 0.0885951743
    endloop
  endfacet
  facet normal -0.838332117 0.409878075 0.35944283
    outer loop
      vertex 0.0764199868 -0.0202175193 0.0926716253
      vertex 0.0767071545 -0.0199045949 0.0929845572
      vertex 0.076707162 -0.0192950815 0.0922895372
    endloop
  endfacet
  facet normal -0.838331699 0.409878284 0.359443665
    outer loop
      vertex 0.0764199868 -0.0202175193 0.0926716253
      vertex 0.076707162 -0.0192950815 0.0922895372
      vertex 0.0764199942 -0.0196461752 0.0920201316
    endloop
  endfacet
  facet normal 0.838335633 0.409869105 0.359445184
    outer loop
      vertex 0.0785806179 -0.0199046172 0.0929845572
      vertex 0.0788677856 -0.0202175491 0.0926716253
      vertex 0.0788677856 -0.019646205 0.0920201316
    endloop
  endfacet
  facet normal 0.838340938 0.409859031 0.359444112
    outer loop
      vertex 0.0785806179 -0.0199046172 0.0929845572
      vertex 0.0788677856 -0.019646205 0.0920201316
      vertex 0.0785806254 -0.0192951038 0.0922895372
    endloop
  endfacet
  facet normal -0.999778986 0.0158072133 0.013861591
    outer loop
      vertex 0.0751960278 -0.0249017682 0.0879873633
      vertex 0.0752169788 -0.0241957624 0.0886933729
      vertex 0.0752169788 -0.0241096504 0.0885951743
    endloop
  endfacet
  facet normal 0.997972131 0.0478569716 0.0419674329
    outer loop
      vertex 0.0800082311 -0.0235018935 0.0893872976
      vertex 0.0800706893 -0.024195822 0.0886933729
      vertex 0.0800706893 -0.0241097081 0.0885951743
    endloop
  endfacet
  facet normal 0.997972548 0.0478328615 0.0419859812
    outer loop
      vertex 0.0800082311 -0.0235018935 0.0893872976
      vertex 0.0800706893 -0.0241097081 0.0885951743
      vertex 0.0800082386 -0.023331143 0.0891925916
    endloop
  endfacet
  facet normal -0.901539207 0.325324446 0.285291314
    outer loop
      vertex 0.0761537552 -0.0206105933 0.0922785476
      vertex 0.0764199868 -0.0202175193 0.0926716253
      vertex 0.0764199942 -0.0196461752 0.0920201316
    endloop
  endfacet
  facet normal -0.901539207 0.325324446 0.285291314
    outer loop
      vertex 0.0761537552 -0.0206105933 0.0922785476
      vertex 0.0764199942 -0.0196461752 0.0920201316
      vertex 0.0761537626 -0.0200871937 0.0916817263
    endloop
  endfacet
  facet normal 0.726917982 0.516303837 0.452792048
    outer loop
      vertex 0.078277424 -0.0196771882 0.0932119787
      vertex 0.0785806179 -0.0199046172 0.0929845572
      vertex 0.0785806254 -0.0192951038 0.0922895372
    endloop
  endfacet
  facet normal 0.726919055 0.516302466 0.45279187
    outer loop
      vertex 0.078277424 -0.0196771882 0.0932119787
      vertex 0.0785806254 -0.0192951038 0.0922895372
      vertex 0.0782774314 -0.0190399364 0.092485331
    endloop
  endfacet
  facet normal -0.200233579 0.814631104 0.544318557
    outer loop
      vertex 0.0773243979 -0.0188850574 0.0926041678
      vertex 0.0776439011 -0.0188331436 0.092644006
      vertex 0.0776439086 -0.0182772484 0.0918120518
    endloop
  endfacet
  facet normal -0.200236097 0.814631164 0.544317484
    outer loop
      vertex 0.0773243979 -0.0188850574 0.0926041678
      vertex 0.0776439086 -0.0182772484 0.0918120518
      vertex 0.0773244053 -0.0183339175 0.0917793289
    endloop
  endfacet
  facet normal 0.962655962 0.225101471 0.150408477
    outer loop
      vertex 0.0793747306 -0.0206106324 0.0912801102
      vertex 0.0795858428 -0.0212074593 0.0908221453
      vertex 0.0795858428 -0.020869052 0.0903156847
    endloop
  endfacet
  facet normal 0.962658226 0.225089625 0.150412142
    outer loop
      vertex 0.0793747306 -0.0206106324 0.0912801102
      vertex 0.0795858428 -0.020869052 0.0903156847
      vertex 0.079374738 -0.0202175546 0.0906918272
    endloop
  endfacet
  facet normal -0.987722576 0.12989077 0.0867896527
    outer loop
      vertex 0.0753823817 -0.022579398 0.0897693858
      vertex 0.0755240098 -0.0218674447 0.0903156847
      vertex 0.0755240098 -0.0215894971 0.0898997039
    endloop
  endfacet
  facet normal -0.987724066 0.129893735 0.0867687762
    outer loop
      vertex 0.0753823817 -0.022579398 0.0897693858
      vertex 0.0755240098 -0.0215894971 0.0898997039
      vertex 0.0753823891 -0.0223666653 0.0894510075
    endloop
  endfacet
  facet normal -0.527103722 0.706585824 0.47212097
    outer loop
      vertex 0.0770103633 -0.0190399196 0.092485331
      vertex 0.0773243979 -0.0188850574 0.0926041678
      vertex 0.0773244053 -0.0183339175 0.0917793289
    endloop
  endfacet
  facet normal -0.527090967 0.706589222 0.47213003
    outer loop
      vertex 0.0770103633 -0.0190399196 0.092485331
      vertex 0.0773244053 -0.0183339175 0.0917793289
      vertex 0.0770103633 -0.0185029656 0.0916817263
    endloop
  endfacet
  facet normal 0.939181864 0.285537869 0.190802023
    outer loop
      vertex 0.0791340098 -0.0200872291 0.0916817263
      vertex 0.0793747306 -0.0206106324 0.0912801102
      vertex 0.079374738 -0.0202175546 0.0906918272
    endloop
  endfacet
  facet normal 0.939181268 0.285540193 0.190801576
    outer loop
      vertex 0.0791340098 -0.0200872291 0.0916817263
      vertex 0.079374738 -0.0202175546 0.0906918272
      vertex 0.0791340172 -0.0196462069 0.0910216868
    endloop
  endfacet
  facet normal -0.994125903 0.0900004879 0.0601129234
    outer loop
      vertex 0.0752794519 -0.0233310871 0.0891925916
      vertex 0.0753823817 -0.022579398 0.0897693858
      vertex 0.0753823891 -0.0223666653 0.0894510075
    endloop
  endfacet
  facet normal -0.99412626 0.0900031924 0.0601029396
    outer loop
      vertex 0.0752794519 -0.0233310871 0.0891925916
      vertex 0.0753823891 -0.0223666653 0.0894510075
      vertex 0.0752794594 -0.0231872108 0.0889772624
    endloop
  endfacet
  facet normal -0.72690624 0.57099992 0.381531775
    outer loop
      vertex 0.076707162 -0.0192950815 0.0922895372
      vertex 0.0770103633 -0.0190399196 0.092485331
      vertex 0.0770103633 -0.0185029656 0.0916817263
    endloop
  endfacet
  facet normal -0.726915777 0.570995092 0.381520748
    outer loop
      vertex 0.076707162 -0.0192950815 0.0922895372
      vertex 0.0770103633 -0.0185029656 0.0916817263
      vertex 0.0767071694 -0.0187815018 0.0915209129
    endloop
  endfacet
  facet normal 0.901545346 0.359760016 0.240393013
    outer loop
      vertex 0.0788677856 -0.019646205 0.0920201316
      vertex 0.0791340098 -0.0200872291 0.0916817263
      vertex 0.0791340172 -0.0196462069 0.0910216868
    endloop
  endfacet
  facet normal 0.901546061 0.35975787 0.240393221
    outer loop
      vertex 0.0788677856 -0.019646205 0.0920201316
      vertex 0.0791340172 -0.0196462069 0.0910216868
      vertex 0.0788677931 -0.0191647839 0.0912996382
    endloop
  endfacet
  facet normal -0.997971177 0.0529548563 0.0353482552
    outer loop
      vertex 0.0752169788 -0.0241096504 0.0885951743
      vertex 0.0752794519 -0.0233310871 0.0891925916
      vertex 0.0752794594 -0.0231872108 0.0889772624
    endloop
  endfacet
  facet normal -0.99797076 0.0529434085 0.0353758223
    outer loop
      vertex 0.0752169788 -0.0241096504 0.0885951743
      vertex 0.0752794594 -0.0231872108 0.0889772624
      vertex 0.0752169788 -0.0240370911 0.088486582
    endloop
  endfacet
  facet normal 0.999779284 0.0174337905 0.0117172366
    outer loop
      vertex 0.0800706893 -0.0241097081 0.0885951743
      vertex 0.0800916255 -0.0249018278 0.0879873633
      vertex 0.0800706968 -0.0240371507 0.088486582
    endloop
  endfacet
  facet normal -0.838331163 0.453288436 0.302870333
    outer loop
      vertex 0.0764199942 -0.0196461752 0.0920201316
      vertex 0.076707162 -0.0192950815 0.0922895372
      vertex 0.0767071694 -0.0187815018 0.0915209129
    endloop
  endfacet
  facet normal -0.838325143 0.453292519 0.302880943
    outer loop
      vertex 0.0764199942 -0.0196461752 0.0920201316
      vertex 0.0767071694 -0.0187815018 0.0915209129
      vertex 0.0764199942 -0.0191647559 0.0912996382
    endloop
  endfacet
  facet normal 0.838341534 0.453266919 0.302873701
    outer loop
      vertex 0.0785806254 -0.0192951038 0.0922895372
      vertex 0.0788677856 -0.019646205 0.0920201316
      vertex 0.0788677931 -0.0191647839 0.0912996382
    endloop
  endfacet
  facet normal 0.838340461 0.453269094 0.302873701
    outer loop
      vertex 0.0785806254 -0.0192951038 0.0922895372
      vertex 0.0788677931 -0.0191647839 0.0912996382
      vertex 0.0785806328 -0.0187815242 0.0915209129
    endloop
  endfacet
  facet normal -0.999779046 0.0174808856 0.0116804158
    outer loop
      vertex 0.0751960278 -0.0249017682 0.0879873633
      vertex 0.0752169788 -0.0241096504 0.0885951743
      vertex 0.0752169788 -0.0240370911 0.088486582
    endloop
  endfacet
  facet normal 0.997972965 0.0528837927 0.0354035497
    outer loop
      vertex 0.0800082386 -0.023331143 0.0891925916
      vertex 0.0800706893 -0.0241097081 0.0885951743
      vertex 0.0800706968 -0.0240371507 0.088486582
    endloop
  endfacet
  facet normal 0.997972131 0.0529246628 0.0353626125
    outer loop
      vertex 0.0800082386 -0.023331143 0.0891925916
      vertex 0.0800706968 -0.0240371507 0.088486582
      vertex 0.0800082386 -0.0231872667 0.0889772624
    endloop
  endfacet
  facet normal -0.901538908 0.359774977 0.240394369
    outer loop
      vertex 0.0761537626 -0.0200871937 0.0916817263
      vertex 0.0764199942 -0.0196461752 0.0920201316
      vertex 0.0764199942 -0.0191647559 0.0912996382
    endloop
  endfacet
  facet normal -0.901539743 0.359774351 0.240392402
    outer loop
      vertex 0.0761537626 -0.0200871937 0.0916817263
      vertex 0.0764199942 -0.0191647559 0.0912996382
      vertex 0.0761537626 -0.0196461715 0.0910216868
    endloop
  endfacet
  facet normal 0.72691977 0.570985079 0.381528109
    outer loop
      vertex 0.0782774314 -0.0190399364 0.092485331
      vertex 0.0785806254 -0.0192951038 0.0922895372
      vertex 0.0785806328 -0.0187815242 0.0915209129
    endloop
  endfacet
  facet normal 0.726920247 0.570984364 0.381528109
    outer loop
      vertex 0.0782774314 -0.0190399364 0.092485331
      vertex 0.0785806328 -0.0187815242 0.0915209129
      vertex 0.0782774389 -0.0185029823 0.0916817263
    endloop
  endfacet
  facet normal 0.99412775 0.0899759904 0.0601191819
    outer loop
      vertex 0.0799053237 -0.022579452 0.0897693858
      vertex 0.0800082386 -0.023331143 0.0891925916
      vertex 0.0800082386 -0.0231872667 0.0889772624
    endloop
  endfacet
  facet normal 0.994128466 0.0899594054 0.0601319857
    outer loop
      vertex 0.0799053237 -0.022579452 0.0897693858
      vertex 0.0800082386 -0.0231872667 0.0889772624
      vertex 0.0799053311 -0.0223667193 0.0894510075
    endloop
  endfacet
  facet normal -0.939174056 0.285561591 0.190805256
    outer loop
      vertex 0.0759130269 -0.0206105914 0.0912801102
      vertex 0.0761537626 -0.0200871937 0.0916817263
      vertex 0.0761537626 -0.0196461715 0.0910216868
    endloop
  endfacet
  facet normal -0.939173818 0.28556174 0.190806076
    outer loop
      vertex 0.0759130269 -0.0206105914 0.0912801102
      vertex 0.0761537626 -0.0196461715 0.0910216868
      vertex 0.0759130269 -0.0202175137 0.0906918272
    endloop
  endfacet
  facet normal 0.52712512 0.706569374 0.472121716
    outer loop
      vertex 0.0779634044 -0.0188850667 0.0926041678
      vertex 0.0782774314 -0.0190399364 0.092485331
      vertex 0.0782774389 -0.0185029823 0.0916817263
    endloop
  endfacet
  facet normal 0.527115166 0.706577003 0.472121477
    outer loop
      vertex 0.0779634044 -0.0188850667 0.0926041678
      vertex 0.0782774389 -0.0185029823 0.0916817263
      vertex 0.0779634044 -0.0183339249 0.0917793289
    endloop
  endfacet
  facet normal 0.987726629 0.129858717 0.0867916122
    outer loop
      vertex 0.0797637179 -0.0218674969 0.0903156847
      vertex 0.0799053237 -0.022579452 0.0897693858
      vertex 0.0799053311 -0.0223667193 0.0894510075
    endloop
  endfacet
  facet normal 0.987726271 0.129863247 0.0867889598
    outer loop
      vertex 0.0797637179 -0.0218674969 0.0903156847
      vertex 0.0799053311 -0.0223667193 0.0894510075
      vertex 0.0797637254 -0.0215895493 0.0898997039
    endloop
  endfacet
  facet normal -0.962650657 0.225117832 0.150418803
    outer loop
      vertex 0.0757018998 -0.0212074127 0.0908221453
      vertex 0.0759130269 -0.0206105914 0.0912801102
      vertex 0.0759130269 -0.0202175137 0.0906918272
    endloop
  endfacet
  facet normal -0.96265316 0.225116476 0.150404319
    outer loop
      vertex 0.0757018998 -0.0212074127 0.0908221453
      vertex 0.0759130269 -0.0202175137 0.0906918272
      vertex 0.0757019073 -0.0208690055 0.0903156847
    endloop
  endfacet
  facet normal 0.200256422 0.814625978 0.544317782
    outer loop
      vertex 0.0776439011 -0.0188331436 0.092644006
      vertex 0.0779634044 -0.0188850667 0.0926041678
      vertex 0.0779634044 -0.0183339249 0.0917793289
    endloop
  endfacet
  facet normal 0.200258851 0.814625204 0.54431814
    outer loop
      vertex 0.0776439011 -0.0188331436 0.092644006
      vertex 0.0779634044 -0.0183339249 0.0917793289
      vertex 0.0776439086 -0.0182772484 0.0918120518
    endloop
  endfacet
  facet normal 0.977807343 0.174190208 0.116406918
    outer loop
      vertex 0.0795858428 -0.0212074593 0.0908221453
      vertex 0.0797637179 -0.0218674969 0.0903156847
      vertex 0.0797637254 -0.0215895493 0.0898997039
    endloop
  endfacet
  facet normal 0.977805495 0.17420505 0.116400443
    outer loop
      vertex 0.0795858428 -0.0212074593 0.0908221453
      vertex 0.0797637254 -0.0215895493 0.0898997039
      vertex 0.0795858428 -0.020869052 0.0903156847
    endloop
  endfacet
  facet normal -0.977803171 0.174220651 0.116396494
    outer loop
      vertex 0.0755240098 -0.0218674447 0.0903156847
      vertex 0.0757018998 -0.0212074127 0.0908221453
      vertex 0.0757019073 -0.0208690055 0.0903156847
    endloop
  endfacet
  facet normal -0.977801621 0.174220398 0.116409563
    outer loop
      vertex 0.0755240098 -0.0218674447 0.0903156847
      vertex 0.0757019073 -0.0208690055 0.0903156847
      vertex 0.0755240098 -0.0215894971 0.0898997039
    endloop
  endfacet
  facet normal 0.999779403 0.0188356973 0.00928905047
    outer loop
      vertex 0.0800706968 -0.0240371507 0.088486582
      vertex 0.0800916255 -0.0249018278 0.0879873633
      vertex 0.0800706968 -0.0239793863 0.0883694515
    endloop
  endfacet
  facet normal -0.838324785 0.488951683 0.24111791
    outer loop
      vertex 0.0764199942 -0.0191647559 0.0912996382
      vertex 0.0767071694 -0.0187815018 0.0915209129
      vertex 0.0767071769 -0.01837264 0.0906918272
    endloop
  endfacet
  facet normal -0.838326097 0.488950431 0.24111563
    outer loop
      vertex 0.0764199942 -0.0191647559 0.0912996382
      vertex 0.0767071769 -0.01837264 0.0906918272
      vertex 0.0764200017 -0.0187814981 0.0905224681
    endloop
  endfacet
  facet normal 0.838340878 0.488924235 0.241117597
    outer loop
      vertex 0.0785806328 -0.0187815242 0.0915209129
      vertex 0.0788677931 -0.0191647839 0.0912996382
      vertex 0.0788678005 -0.0187815279 0.0905224681
    endloop
  endfacet
  facet normal 0.838342369 0.488921344 0.241117999
    outer loop
      vertex 0.0785806328 -0.0187815242 0.0915209129
      vertex 0.0788678005 -0.0187815279 0.0905224681
      vertex 0.0785806403 -0.0183726624 0.0906918272
    endloop
  endfacet
  facet normal -0.999778986 0.0188558083 0.00929896906
    outer loop
      vertex 0.0751960278 -0.0249017682 0.0879873633
      vertex 0.0752169788 -0.0240370911 0.088486582
      vertex 0.0752169788 -0.0239793267 0.0883694515
    endloop
  endfacet
  facet normal 0.997972131 0.0570870228 0.0281531606
    outer loop
      vertex 0.0800082386 -0.0231872667 0.0889772624
      vertex 0.0800706968 -0.0240371507 0.088486582
      vertex 0.0800706968 -0.0239793863 0.0883694515
    endloop
  endfacet
  facet normal 0.997972131 0.0570876338 0.0281523839
    outer loop
      vertex 0.0800082386 -0.0231872667 0.0889772624
      vertex 0.0800706968 -0.0239793863 0.0883694515
      vertex 0.0800082386 -0.023072727 0.088744998
    endloop
  endfacet
  facet normal -0.901539266 0.388077736 0.191370115
    outer loop
      vertex 0.0761537626 -0.0196461715 0.0910216868
      vertex 0.0764199942 -0.0191647559 0.0912996382
      vertex 0.0764200017 -0.0187814981 0.0905224681
    endloop
  endfacet
  facet normal -0.90153873 0.388078481 0.191371709
    outer loop
      vertex 0.0761537626 -0.0196461715 0.0910216868
      vertex 0.0764200017 -0.0187814981 0.0905224681
      vertex 0.0761537701 -0.019295074 0.0903097391
    endloop
  endfacet
  facet normal 0.726921141 0.615898132 0.303735346
    outer loop
      vertex 0.0782774389 -0.0185029823 0.0916817263
      vertex 0.0785806328 -0.0187815242 0.0915209129
      vertex 0.0785806403 -0.0183726624 0.0906918272
    endloop
  endfacet
  facet normal 0.726918757 0.615901172 0.303735018
    outer loop
      vertex 0.0782774389 -0.0185029823 0.0916817263
      vertex 0.0785806403 -0.0183726624 0.0906918272
      vertex 0.0782774463 -0.0180755127 0.0908149034
    endloop
  endfacet
  facet normal 0.994128644 0.0970460698 0.0478576347
    outer loop
      vertex 0.0799053311 -0.0223667193 0.0894510075
      vertex 0.0800082386 -0.0231872667 0.0889772624
      vertex 0.0800082386 -0.023072727 0.088744998
    endloop
  endfacet
  facet normal 0.994128644 0.0970460176 0.0478576869
    outer loop
      vertex 0.0799053311 -0.0223667193 0.0894510075
      vertex 0.0800082386 -0.023072727 0.088744998
      vertex 0.0799053311 -0.0221973639 0.0891075879
    endloop
  endfacet
  facet normal -0.939173818 0.308027267 0.151894018
    outer loop
      vertex 0.0759130269 -0.0202175137 0.0906918272
      vertex 0.0761537626 -0.0196461715 0.0910216868
      vertex 0.0761537701 -0.019295074 0.0903097391
    endloop
  endfacet
  facet normal -0.93917495 0.308025807 0.151889756
    outer loop
      vertex 0.0759130269 -0.0202175137 0.0906918272
      vertex 0.0761537701 -0.019295074 0.0903097391
      vertex 0.0759130344 -0.0199045856 0.0900572687
    endloop
  endfacet
  facet normal 0.527115881 0.762154818 0.375857562
    outer loop
      vertex 0.0779634044 -0.0183339249 0.0917793289
      vertex 0.0782774389 -0.0185029823 0.0916817263
      vertex 0.0782774463 -0.0180755127 0.0908149034
    endloop
  endfacet
  facet normal 0.527116477 0.762154341 0.375857651
    outer loop
      vertex 0.0779634044 -0.0183339249 0.0917793289
      vertex 0.0782774463 -0.0180755127 0.0908149034
      vertex 0.0779634118 -0.017895164 0.0908896104
    endloop
  endfacet
  facet normal 0.98772645 0.140085965 0.0690825954
    outer loop
      vertex 0.0797637254 -0.0215895493 0.0898997039
      vertex 0.0799053311 -0.0223667193 0.0894510075
      vertex 0.0799053311 -0.0221973639 0.0891075879
    endloop
  endfacet
  facet normal 0.98772651 0.14008531 0.0690831244
    outer loop
      vertex 0.0797637254 -0.0215895493 0.0898997039
      vertex 0.0799053311 -0.0221973639 0.0891075879
      vertex 0.0797637254 -0.0213682745 0.0894510075
    endloop
  endfacet
  facet normal -0.962652802 0.242823288 0.119735315
    outer loop
      vertex 0.0757019073 -0.0208690055 0.0903156847
      vertex 0.0759130269 -0.0202175137 0.0906918272
      vertex 0.0759130344 -0.0199045856 0.0900572687
    endloop
  endfacet
  facet normal -0.962650061 0.242826596 0.119749978
    outer loop
      vertex 0.0757019073 -0.0208690055 0.0903156847
      vertex 0.0759130344 -0.0199045856 0.0900572687
      vertex 0.0757019073 -0.0205995981 0.0897693858
    endloop
  endfacet
  facet normal 0.200258642 0.878704071 0.433330894
    outer loop
      vertex 0.0776439086 -0.0182772484 0.0918120518
      vertex 0.0779634044 -0.0183339249 0.0917793289
      vertex 0.0779634118 -0.017895164 0.0908896104
    endloop
  endfacet
  facet normal 0.200250506 0.878706753 0.433329195
    outer loop
      vertex 0.0776439086 -0.0182772484 0.0918120518
      vertex 0.0779634118 -0.017895164 0.0908896104
      vertex 0.0776439086 -0.0178347006 0.0909146518
    endloop
  endfacet
  facet normal 0.977805495 0.18790774 0.0926667973
    outer loop
      vertex 0.0795858428 -0.020869052 0.0903156847
      vertex 0.0797637254 -0.0215895493 0.0898997039
      vertex 0.0797637254 -0.0213682745 0.0894510075
    endloop
  endfacet
  facet normal 0.977807164 0.187895641 0.0926740989
    outer loop
      vertex 0.0795858428 -0.020869052 0.0903156847
      vertex 0.0797637254 -0.0213682745 0.0894510075
      vertex 0.0795858502 -0.0205996446 0.0897693858
    endloop
  endfacet
  facet normal -0.977801621 0.187923878 0.0926746801
    outer loop
      vertex 0.0755240098 -0.0215894971 0.0898997039
      vertex 0.0757019073 -0.0208690055 0.0903156847
      vertex 0.0757019073 -0.0205995981 0.0897693858
    endloop
  endfacet
  facet normal -0.977803707 0.187921882 0.092656754
    outer loop
      vertex 0.0755240098 -0.0215894971 0.0898997039
      vertex 0.0757019073 -0.0205995981 0.0897693858
      vertex 0.0755240172 -0.0213682242 0.0894510075
    endloop
  endfacet
  facet normal -0.200234458 0.878709674 0.433330655
    outer loop
      vertex 0.0773244053 -0.0183339175 0.0917793289
      vertex 0.0776439086 -0.0182772484 0.0918120518
      vertex 0.0776439086 -0.0178347006 0.0909146518
    endloop
  endfacet
  facet normal -0.200230911 0.878709793 0.433332026
    outer loop
      vertex 0.0773244053 -0.0183339175 0.0917793289
      vertex 0.0776439086 -0.0178347006 0.0909146518
      vertex 0.0773244053 -0.0178951565 0.0908896104
    endloop
  endfacet
  facet normal 0.962658644 0.242794231 0.11974714
    outer loop
      vertex 0.079374738 -0.0202175546 0.0906918272
      vertex 0.0795858428 -0.020869052 0.0903156847
      vertex 0.0795858502 -0.0205996446 0.0897693858
    endloop
  endfacet
  facet normal 0.962655544 0.242809832 0.119739987
    outer loop
      vertex 0.079374738 -0.0202175546 0.0906918272
      vertex 0.0795858502 -0.0205996446 0.0897693858
      vertex 0.079374738 -0.0199046265 0.0900572687
    endloop
  endfacet
  facet normal -0.987723768 0.14010784 0.0690772533
    outer loop
      vertex 0.0753823891 -0.0223666653 0.0894510075
      vertex 0.0755240098 -0.0215894971 0.0898997039
      vertex 0.0755240172 -0.0213682242 0.0894510075
    endloop
  endfacet
  facet normal -0.987722576 0.140107661 0.0690932944
    outer loop
      vertex 0.0753823891 -0.0223666653 0.0894510075
      vertex 0.0755240172 -0.0213682242 0.0894510075
      vertex 0.0753823891 -0.0221973099 0.0891075879
    endloop
  endfacet
  facet normal -0.52709043 0.762170613 0.375861228
    outer loop
      vertex 0.0770103633 -0.0185029656 0.0916817263
      vertex 0.0773244053 -0.0183339175 0.0917793289
      vertex 0.0773244053 -0.0178951565 0.0908896104
    endloop
  endfacet
  facet normal -0.527103603 0.762165844 0.375852287
    outer loop
      vertex 0.0770103633 -0.0185029656 0.0916817263
      vertex 0.0773244053 -0.0178951565 0.0908896104
      vertex 0.0770103708 -0.0180754978 0.0908149034
    endloop
  endfacet
  facet normal 0.939181566 0.308005065 0.151890531
    outer loop
      vertex 0.0791340172 -0.0196462069 0.0910216868
      vertex 0.079374738 -0.0202175546 0.0906918272
      vertex 0.079374738 -0.0199046265 0.0900572687
    endloop
  endfacet
  facet normal 0.939182401 0.308002263 0.1518915
    outer loop
      vertex 0.0791340172 -0.0196462069 0.0910216868
      vertex 0.079374738 -0.0199046265 0.0900572687
      vertex 0.0791340172 -0.0192951094 0.0903097391
    endloop
  endfacet
  facet normal -0.994126081 0.0970670283 0.0478680544
    outer loop
      vertex 0.0752794594 -0.0231872108 0.0889772624
      vertex 0.0753823891 -0.0223666653 0.0894510075
      vertex 0.0753823891 -0.0221973099 0.0891075879
    endloop
  endfacet
  facet normal -0.994126022 0.0970669314 0.0478686877
    outer loop
      vertex 0.0752794594 -0.0231872108 0.0889772624
      vertex 0.0753823891 -0.0221973099 0.0891075879
      vertex 0.0752794594 -0.0230726693 0.088744998
    endloop
  endfacet
  facet normal -0.7269153 0.615909874 0.303725451
    outer loop
      vertex 0.0767071694 -0.0187815018 0.0915209129
      vertex 0.0770103633 -0.0185029656 0.0916817263
      vertex 0.0770103708 -0.0180754978 0.0908149034
    endloop
  endfacet
  facet normal -0.726911902 0.61591208 0.303729147
    outer loop
      vertex 0.0767071694 -0.0187815018 0.0915209129
      vertex 0.0770103708 -0.0180754978 0.0908149034
      vertex 0.0767071769 -0.01837264 0.0906918272
    endloop
  endfacet
  facet normal 0.901546359 0.388060421 0.191372246
    outer loop
      vertex 0.0788677931 -0.0191647839 0.0912996382
      vertex 0.0791340172 -0.0196462069 0.0910216868
      vertex 0.0791340172 -0.0192951094 0.0903097391
    endloop
  endfacet
  facet normal 0.90154928 0.388052583 0.191374093
    outer loop
      vertex 0.0788677931 -0.0191647839 0.0912996382
      vertex 0.0791340172 -0.0192951094 0.0903097391
      vertex 0.0788678005 -0.0187815279 0.0905224681
    endloop
  endfacet
  facet normal -0.9979707 0.0571078472 0.0281627998
    outer loop
      vertex 0.0752169788 -0.0240370911 0.088486582
      vertex 0.0752794594 -0.0231872108 0.0889772624
      vertex 0.0752794594 -0.0230726693 0.088744998
    endloop
  endfacet
  facet normal -0.9979707 0.0571077093 0.028163353
    outer loop
      vertex 0.0752169788 -0.0240370911 0.088486582
      vertex 0.0752794594 -0.0230726693 0.088744998
      vertex 0.0752169788 -0.0239793267 0.0883694515
    endloop
  endfacet
  facet normal 0.98772651 0.147904307 0.050206352
    outer loop
      vertex 0.0797637254 -0.0213682745 0.0894510075
      vertex 0.0799053311 -0.0221973639 0.0891075879
      vertex 0.0799053311 -0.0220742822 0.088744998
    endloop
  endfacet
  facet normal 0.98772651 0.147904351 0.0502062999
    outer loop
      vertex 0.0797637254 -0.0213682745 0.0894510075
      vertex 0.0799053311 -0.0220742822 0.088744998
      vertex 0.0797637254 -0.0212074611 0.0889772624
    endloop
  endfacet
  facet normal -0.96265018 0.256379873 0.0870295241
    outer loop
      vertex 0.0757019073 -0.0205995981 0.0897693858
      vertex 0.0759130344 -0.0199045856 0.0900572687
      vertex 0.0759130344 -0.0196771603 0.0893872976
    endloop
  endfacet
  facet normal -0.962652981 0.25637424 0.0870142579
    outer loop
      vertex 0.0757019073 -0.0205995981 0.0897693858
      vertex 0.0759130344 -0.0196771603 0.0893872976
      vertex 0.0757019147 -0.0204038043 0.0891925916
    endloop
  endfacet
  facet normal 0.200251728 0.927749276 0.314929485
    outer loop
      vertex 0.0776439086 -0.0178347006 0.0909146518
      vertex 0.0779634118 -0.017895164 0.0908896104
      vertex 0.0779634193 -0.0175762866 0.0899502262
    endloop
  endfacet
  facet normal 0.200257167 0.927747607 0.314930856
    outer loop
      vertex 0.0776439086 -0.0178347006 0.0909146518
      vertex 0.0779634193 -0.0175762866 0.0899502262
      vertex 0.077643916 -0.0175130721 0.0899671689
    endloop
  endfacet
  facet normal 0.977807283 0.198388174 0.0673431009
    outer loop
      vertex 0.0795858502 -0.0205996446 0.0897693858
      vertex 0.0797637254 -0.0213682745 0.0894510075
      vertex 0.0797637254 -0.0212074611 0.0889772624
    endloop
  endfacet
  facet normal 0.977807283 0.19838804 0.0673431754
    outer loop
      vertex 0.0795858502 -0.0205996446 0.0897693858
      vertex 0.0797637254 -0.0212074611 0.0889772624
      vertex 0.0795858502 -0.0204038508 0.0891925916
    endloop
  endfacet
  facet normal -0.97780329 0.198409349 0.0673377663
    outer loop
      vertex 0.0755240172 -0.0213682242 0.0894510075
      vertex 0.0757019073 -0.0205995981 0.0897693858
      vertex 0.0757019147 -0.0204038043 0.0891925916
    endloop
  endfacet
  facet normal -0.977801621 0.198412687 0.0673514083
    outer loop
      vertex 0.0755240172 -0.0213682242 0.0894510075
      vertex 0.0757019147 -0.0204038043 0.0891925916
      vertex 0.0755240172 -0.0212074108 0.0889772624
    endloop
  endfacet
  facet normal -0.200230956 0.927753568 0.314929754
    outer loop
      vertex 0.0773244053 -0.0178951565 0.0908896104
      vertex 0.0776439086 -0.0178347006 0.0909146518
      vertex 0.077643916 -0.0175130721 0.0899671689
    endloop
  endfacet
  facet normal -0.20023647 0.92775321 0.314927638
    outer loop
      vertex 0.0773244053 -0.0178951565 0.0908896104
      vertex 0.077643916 -0.0175130721 0.0899671689
      vertex 0.0773244128 -0.0175762791 0.0899502262
    endloop
  endfacet
  facet normal 0.962655544 0.256361723 0.0870224684
    outer loop
      vertex 0.079374738 -0.0199046265 0.0900572687
      vertex 0.0795858502 -0.0205996446 0.0897693858
      vertex 0.0795858502 -0.0204038508 0.0891925916
    endloop
  endfacet
  facet normal 0.962658048 0.256349772 0.0870299861
    outer loop
      vertex 0.079374738 -0.0199046265 0.0900572687
      vertex 0.0795858502 -0.0204038508 0.0891925916
      vertex 0.0793747455 -0.0196772013 0.0893872976
    endloop
  endfacet
  facet normal -0.987722576 0.147927657 0.0502142012
    outer loop
      vertex 0.0753823891 -0.0221973099 0.0891075879
      vertex 0.0755240172 -0.0213682242 0.0894510075
      vertex 0.0755240172 -0.0212074108 0.0889772624
    endloop
  endfacet
  facet normal -0.987722576 0.147927672 0.0502142832
    outer loop
      vertex 0.0753823891 -0.0221973099 0.0891075879
      vertex 0.0755240172 -0.0212074108 0.0889772624
      vertex 0.0753823891 -0.0220742282 0.088744998
    endloop
  endfacet
  facet normal -0.527101755 0.804704726 0.273155779
    outer loop
      vertex 0.0770103708 -0.0180754978 0.0908149034
      vertex 0.0773244053 -0.0178951565 0.0908896104
      vertex 0.0773244128 -0.0175762791 0.0899502262
    endloop
  endfacet
  facet normal -0.527100384 0.804705322 0.273156673
    outer loop
      vertex 0.0770103708 -0.0180754978 0.0908149034
      vertex 0.0773244128 -0.0175762791 0.0899502262
      vertex 0.0770103782 -0.0177648291 0.0898997039
    endloop
  endfacet
  facet normal 0.93918258 0.32518962 0.110397771
    outer loop
      vertex 0.0791340172 -0.0192951094 0.0903097391
      vertex 0.079374738 -0.0199046265 0.0900572687
      vertex 0.0793747455 -0.0196772013 0.0893872976
    endloop
  endfacet
  facet normal 0.939182103 0.325191528 0.11039684
    outer loop
      vertex 0.0791340172 -0.0192951094 0.0903097391
      vertex 0.0793747455 -0.0196772013 0.0893872976
      vertex 0.0791340247 -0.0190399457 0.08955805
    endloop
  endfacet
  facet normal -0.994126081 0.102484927 0.0347886793
    outer loop
      vertex 0.0752794594 -0.0230726693 0.088744998
      vertex 0.0753823891 -0.0221973099 0.0891075879
      vertex 0.0753823891 -0.0220742282 0.088744998
    endloop
  endfacet
  facet normal -0.994125903 0.102484912 0.0347898491
    outer loop
      vertex 0.0752794594 -0.0230726693 0.088744998
      vertex 0.0753823891 -0.0220742282 0.088744998
      vertex 0.0752794594 -0.0229894258 0.088499777
    endloop
  endfacet
  facet normal -0.726912081 0.650287509 0.220737189
    outer loop
      vertex 0.0767071769 -0.01837264 0.0906918272
      vertex 0.0770103708 -0.0180754978 0.0908149034
      vertex 0.0770103782 -0.0177648291 0.0898997039
    endloop
  endfacet
  facet normal -0.726903379 0.650294363 0.220745802
    outer loop
      vertex 0.0767071769 -0.01837264 0.0906918272
      vertex 0.0770103782 -0.0177648291 0.0898997039
      vertex 0.0767071769 -0.0180754941 0.089816466
    endloop
  endfacet
  facet normal 0.901549876 0.409710646 0.139086783
    outer loop
      vertex 0.0788678005 -0.0187815279 0.0905224681
      vertex 0.0791340172 -0.0192951094 0.0903097391
      vertex 0.0791340247 -0.0190399457 0.08955805
    endloop
  endfacet
  facet normal 0.901544988 0.409723043 0.139082134
    outer loop
      vertex 0.0788678005 -0.0187815279 0.0905224681
      vertex 0.0791340247 -0.0190399457 0.08955805
      vertex 0.0788678005 -0.0185029898 0.0897019207
    endloop
  endfacet
  facet normal -0.9979707 0.0602952056 0.0204679929
    outer loop
      vertex 0.0752169788 -0.0239793267 0.0883694515
      vertex 0.0752794594 -0.0230726693 0.088744998
      vertex 0.0752794594 -0.0229894258 0.088499777
    endloop
  endfacet
  facet normal -0.99797076 0.0602953136 0.0204671323
    outer loop
      vertex 0.0752169788 -0.0239793267 0.0883694515
      vertex 0.0752794594 -0.0229894258 0.088499777
      vertex 0.0752169788 -0.0239373464 0.0882457793
    endloop
  endfacet
  facet normal 0.999779403 0.0198870301 0.0067509152
    outer loop
      vertex 0.0800706968 -0.0239793863 0.0883694515
      vertex 0.0800916255 -0.0249018278 0.0879873633
      vertex 0.0800706968 -0.0239374042 0.0882457793
    endloop
  endfacet
  facet normal -0.83832562 0.516237557 0.175239503
    outer loop
      vertex 0.0764200017 -0.0187814981 0.0905224681
      vertex 0.0767071769 -0.01837264 0.0906918272
      vertex 0.0767071769 -0.0180754941 0.089816466
    endloop
  endfacet
  facet normal -0.838326097 0.516236961 0.175238714
    outer loop
      vertex 0.0764200017 -0.0187814981 0.0905224681
      vertex 0.0767071769 -0.0180754941 0.089816466
      vertex 0.0764200017 -0.01850296 0.0897019207
    endloop
  endfacet
  facet normal 0.838342607 0.516213238 0.175230637
    outer loop
      vertex 0.0785806403 -0.0183726624 0.0906918272
      vertex 0.0788678005 -0.0187815279 0.0905224681
      vertex 0.0788678005 -0.0185029898 0.0897019207
    endloop
  endfacet
  facet normal 0.838343084 0.516212225 0.175230905
    outer loop
      vertex 0.0785806403 -0.0183726624 0.0906918272
      vertex 0.0788678005 -0.0185029898 0.0897019207
      vertex 0.0785806403 -0.0180755164 0.089816466
    endloop
  endfacet
  facet normal -0.999778986 0.0199083667 0.00675786333
    outer loop
      vertex 0.0751960278 -0.0249017682 0.0879873633
      vertex 0.0752169788 -0.0239793267 0.0883694515
      vertex 0.0752169788 -0.0239373464 0.0882457793
    endloop
  endfacet
  facet normal 0.997972131 0.0602736026 0.0204606671
    outer loop
      vertex 0.0800082386 -0.023072727 0.088744998
      vertex 0.0800706968 -0.0239793863 0.0883694515
      vertex 0.0800706968 -0.0239374042 0.0882457793
    endloop
  endfacet
  facet normal 0.99797219 0.0602736138 0.020460669
    outer loop
      vertex 0.0800082386 -0.023072727 0.088744998
      vertex 0.0800706968 -0.0239374042 0.0882457793
      vertex 0.0800082386 -0.0229894836 0.088499777
    endloop
  endfacet
  facet normal -0.901538491 0.409735531 0.139086366
    outer loop
      vertex 0.0761537701 -0.019295074 0.0903097391
      vertex 0.0764200017 -0.0187814981 0.0905224681
      vertex 0.0764200017 -0.01850296 0.0897019207
    endloop
  endfacet
  facet normal -0.901538551 0.409735501 0.139086306
    outer loop
      vertex 0.0761537701 -0.019295074 0.0903097391
      vertex 0.0764200017 -0.01850296 0.0897019207
      vertex 0.0761537701 -0.0190399103 0.08955805
    endloop
  endfacet
  facet normal 0.72691983 0.650277853 0.220740184
    outer loop
      vertex 0.0782774463 -0.0180755127 0.0908149034
      vertex 0.0785806403 -0.0183726624 0.0906918272
      vertex 0.0785806403 -0.0180755164 0.089816466
    endloop
  endfacet
  facet normal 0.726919413 0.650278509 0.22074005
    outer loop
      vertex 0.0782774463 -0.0180755127 0.0908149034
      vertex 0.0785806403 -0.0180755164 0.089816466
      vertex 0.0782774463 -0.017764844 0.0898997039
    endloop
  endfacet
  facet normal 0.994128644 0.102462128 0.0347820967
    outer loop
      vertex 0.0799053311 -0.0221973639 0.0891075879
      vertex 0.0800082386 -0.023072727 0.088744998
      vertex 0.0800082386 -0.0229894836 0.088499777
    endloop
  endfacet
  facet normal 0.994128585 0.102462836 0.0347811729
    outer loop
      vertex 0.0799053311 -0.0221973639 0.0891075879
      vertex 0.0800082386 -0.0229894836 0.088499777
      vertex 0.0799053311 -0.0220742822 0.088744998
    endloop
  endfacet
  facet normal -0.939174771 0.325213552 0.110395007
    outer loop
      vertex 0.0759130344 -0.0199045856 0.0900572687
      vertex 0.0761537701 -0.019295074 0.0903097391
      vertex 0.0761537701 -0.0190399103 0.08955805
    endloop
  endfacet
  facet normal -0.939174533 0.325213879 0.110395581
    outer loop
      vertex 0.0759130344 -0.0199045856 0.0900572687
      vertex 0.0761537701 -0.0190399103 0.08955805
      vertex 0.0759130344 -0.0196771603 0.0893872976
    endloop
  endfacet
  facet normal 0.527115643 0.80469501 0.273157448
    outer loop
      vertex 0.0779634118 -0.017895164 0.0908896104
      vertex 0.0782774463 -0.0180755127 0.0908149034
      vertex 0.0782774463 -0.017764844 0.0898997039
    endloop
  endfacet
  facet normal 0.527122915 0.804689705 0.273159057
    outer loop
      vertex 0.0779634118 -0.017895164 0.0908896104
      vertex 0.0782774463 -0.017764844 0.0898997039
      vertex 0.0779634193 -0.0175762866 0.0899502262
    endloop
  endfacet
  facet normal -0.527100146 0.833474576 0.165788293
    outer loop
      vertex 0.0770103782 -0.0177648291 0.0898997039
      vertex 0.0773244128 -0.0175762791 0.0899502262
      vertex 0.0773244128 -0.0173827447 0.0889772624
    endloop
  endfacet
  facet normal -0.527103126 0.833472967 0.165786624
    outer loop
      vertex 0.0770103782 -0.0177648291 0.0898997039
      vertex 0.0773244128 -0.0173827447 0.0889772624
      vertex 0.0770103782 -0.0175762773 0.0889517814
    endloop
  endfacet
  facet normal 0.939182281 0.336820245 0.0669982508
    outer loop
      vertex 0.0791340247 -0.0190399457 0.08955805
      vertex 0.0793747455 -0.0196772013 0.0893872976
      vertex 0.0793747455 -0.01953917 0.0886933729
    endloop
  endfacet
  facet normal 0.939181805 0.336821616 0.0669973567
    outer loop
      vertex 0.0791340247 -0.0190399457 0.08955805
      vertex 0.0793747455 -0.01953917 0.0886933729
      vertex 0.0791340247 -0.0188850798 0.0887794793
    endloop
  endfacet
  facet normal -0.994126022 0.106149137 0.0211145282
    outer loop
      vertex 0.0752794594 -0.0229894258 0.088499777
      vertex 0.0753823891 -0.0220742282 0.088744998
      vertex 0.0753823891 -0.0219995268 0.0883694515
    endloop
  endfacet
  facet normal -0.994126022 0.10614907 0.0211139843
    outer loop
      vertex 0.0752794594 -0.0229894258 0.088499777
      vertex 0.0753823891 -0.0219995268 0.0883694515
      vertex 0.0752794594 -0.0229389034 0.0882457793
    endloop
  endfacet
  facet normal -0.726903975 0.673543811 0.133975014
    outer loop
      vertex 0.0767071769 -0.0180754941 0.089816466
      vertex 0.0770103782 -0.0177648291 0.0898997039
      vertex 0.0770103782 -0.0175762773 0.0889517814
    endloop
  endfacet
  facet normal -0.726903439 0.673544288 0.133975476
    outer loop
      vertex 0.0767071769 -0.0180754941 0.089816466
      vertex 0.0770103782 -0.0175762773 0.0889517814
      vertex 0.0767071769 -0.0178951491 0.0889098048
    endloop
  endfacet
  facet normal 0.901545167 0.424371272 0.0844119117
    outer loop
      vertex 0.0788678005 -0.0185029898 0.0897019207
      vertex 0.0791340247 -0.0190399457 0.08955805
      vertex 0.0791340247 -0.0188850798 0.0887794793
    endloop
  endfacet
  facet normal 0.901550114 0.424359411 0.0844182968
    outer loop
      vertex 0.0788678005 -0.0185029898 0.0897019207
      vertex 0.0791340247 -0.0188850798 0.0887794793
      vertex 0.078867808 -0.018333938 0.0888520405
    endloop
  endfacet
  facet normal -0.9979707 0.0624510124 0.0124220569
    outer loop
      vertex 0.0752169788 -0.0239373464 0.0882457793
      vertex 0.0752794594 -0.0229894258 0.088499777
      vertex 0.0752794594 -0.0229389034 0.0882457793
    endloop
  endfacet
  facet normal -0.9979707 0.0624510124 0.0124224555
    outer loop
      vertex 0.0752169788 -0.0239373464 0.0882457793
      vertex 0.0752794594 -0.0229389034 0.0882457793
      vertex 0.0752169788 -0.0239118673 0.0881176889
    endloop
  endfacet
  facet normal 0.999779403 0.0205980688 0.00409726892
    outer loop
      vertex 0.0800706968 -0.0239374042 0.0882457793
      vertex 0.0800916255 -0.0249018278 0.0879873633
      vertex 0.0800706968 -0.023911925 0.0881176889
    endloop
  endfacet
  facet normal -0.83832562 0.534694493 0.106356688
    outer loop
      vertex 0.0764200017 -0.01850296 0.0897019207
      vertex 0.0767071769 -0.0180754941 0.089816466
      vertex 0.0767071769 -0.0178951491 0.0889098048
    endloop
  endfacet
  facet normal -0.838331759 0.534686744 0.106348522
    outer loop
      vertex 0.0764200017 -0.01850296 0.0897019207
      vertex 0.0767071769 -0.0178951491 0.0889098048
      vertex 0.0764200091 -0.0183339082 0.0888520405
    endloop
  endfacet
  facet normal 0.838343024 0.534666896 0.106359288
    outer loop
      vertex 0.0785806403 -0.0180755164 0.089816466
      vertex 0.0788678005 -0.0185029898 0.0897019207
      vertex 0.078867808 -0.018333938 0.0888520405
    endloop
  endfacet
  facet normal 0.838335633 0.534679532 0.106353723
    outer loop
      vertex 0.0785806403 -0.0180755164 0.089816466
      vertex 0.078867808 -0.018333938 0.0888520405
      vertex 0.0785806403 -0.0178951714 0.0889098048
    endloop
  endfacet
  facet normal -0.999779046 0.0206200983 0.0041016438
    outer loop
      vertex 0.0751960278 -0.0249017682 0.0879873633
      vertex 0.0752169788 -0.0239373464 0.0882457793
      vertex 0.0752169788 -0.0239118673 0.0881176889
    endloop
  endfacet
  facet normal 0.997972131 0.0624286495 0.0124179861
    outer loop
      vertex 0.0800082386 -0.0229894836 0.088499777
      vertex 0.0800706968 -0.0239374042 0.0882457793
      vertex 0.0800706968 -0.023911925 0.0881176889
    endloop
  endfacet
  facet normal 0.997972131 0.0624288172 0.0124176415
    outer loop
      vertex 0.0800082386 -0.0229894836 0.088499777
      vertex 0.0800706968 -0.023911925 0.0881176889
      vertex 0.0800082386 -0.0229389612 0.0882457793
    endloop
  endfacet
  facet normal -0.901538551 0.424386054 0.0844077915
    outer loop
      vertex 0.0761537701 -0.0190399103 0.08955805
      vertex 0.0764200017 -0.01850296 0.0897019207
      vertex 0.0764200091 -0.0183339082 0.0888520405
    endloop
  endfacet
  facet normal -0.901534498 0.424392968 0.0844162256
    outer loop
      vertex 0.0761537701 -0.0190399103 0.08955805
      vertex 0.0764200091 -0.0183339082 0.0888520405
      vertex 0.0761537701 -0.0188850444 0.0887794793
    endloop
  endfacet
  facet normal 0.726920247 0.673526883 0.133972019
    outer loop
      vertex 0.0782774463 -0.017764844 0.0898997039
      vertex 0.0785806403 -0.0180755164 0.089816466
      vertex 0.0785806403 -0.0178951714 0.0889098048
    endloop
  endfacet
  facet normal 0.726927936 0.673517883 0.133975565
    outer loop
      vertex 0.0782774463 -0.017764844 0.0898997039
      vertex 0.0785806403 -0.0178951714 0.0889098048
      vertex 0.0782774538 -0.0175762922 0.0889517814
    endloop
  endfacet
  facet normal 0.994128585 0.106126077 0.0211094022
    outer loop
      vertex 0.0799053311 -0.0220742822 0.088744998
      vertex 0.0800082386 -0.0229894836 0.088499777
      vertex 0.0800082386 -0.0229389612 0.0882457793
    endloop
  endfacet
  facet normal 0.994128644 0.106125817 0.0211098883
    outer loop
      vertex 0.0799053311 -0.0220742822 0.088744998
      vertex 0.0800082386 -0.0229389612 0.0882457793
      vertex 0.0799053311 -0.0219995808 0.0883694515
    endloop
  endfacet
  facet normal -0.939174414 0.336841404 0.0670012832
    outer loop
      vertex 0.0759130344 -0.0196771603 0.0893872976
      vertex 0.0761537701 -0.0190399103 0.08955805
      vertex 0.0761537701 -0.0188850444 0.0887794793
    endloop
  endfacet
  facet normal -0.939173996 0.336842328 0.0670026466
    outer loop
      vertex 0.0759130344 -0.0196771603 0.0893872976
      vertex 0.0761537701 -0.0188850444 0.0887794793
      vertex 0.0759130344 -0.019539129 0.0886933729
    endloop
  endfacet
  facet normal 0.527123392 0.833459735 0.165788129
    outer loop
      vertex 0.0779634193 -0.0175762866 0.0899502262
      vertex 0.0782774463 -0.017764844 0.0898997039
      vertex 0.0782774538 -0.0175762922 0.0889517814
    endloop
  endfacet
  facet normal 0.527117312 0.833464026 0.165786192
    outer loop
      vertex 0.0779634193 -0.0175762866 0.0899502262
      vertex 0.0782774538 -0.0175762922 0.0889517814
      vertex 0.0779634193 -0.0173827522 0.0889772624
    endloop
  endfacet
  facet normal 0.98772645 0.153192133 0.0304720197
    outer loop
      vertex 0.0797637254 -0.0212074611 0.0889772624
      vertex 0.0799053311 -0.0220742822 0.088744998
      vertex 0.0799053311 -0.0219995808 0.0883694515
    endloop
  endfacet
  facet normal 0.98772651 0.153192252 0.0304718986
    outer loop
      vertex 0.0797637254 -0.0212074611 0.0889772624
      vertex 0.0799053311 -0.0219995808 0.0883694515
      vertex 0.0797637254 -0.0211098585 0.088486582
    endloop
  endfacet
  facet normal -0.962652743 0.265536845 0.0528189801
    outer loop
      vertex 0.0757019147 -0.0204038043 0.0891925916
      vertex 0.0759130344 -0.0196771603 0.0893872976
      vertex 0.0759130344 -0.019539129 0.0886933729
    endloop
  endfacet
  facet normal -0.962652922 0.265536398 0.0528181829
    outer loop
      vertex 0.0757019147 -0.0204038043 0.0891925916
      vertex 0.0759130344 -0.019539129 0.0886933729
      vertex 0.0757019147 -0.0202849712 0.0885951743
    endloop
  endfacet
  facet normal 0.200255558 0.960918188 0.191138387
    outer loop
      vertex 0.077643916 -0.0175130721 0.0899671689
      vertex 0.0779634193 -0.0175762866 0.0899502262
      vertex 0.0779634193 -0.0173827522 0.0889772624
    endloop
  endfacet
  facet normal 0.200257227 0.960917771 0.191138849
    outer loop
      vertex 0.077643916 -0.0175130721 0.0899671689
      vertex 0.0779634193 -0.0173827522 0.0889772624
      vertex 0.077643916 -0.0173178669 0.0889858082
    endloop
  endfacet
  facet normal 0.977807283 0.205480844 0.0408727601
    outer loop
      vertex 0.0795858502 -0.0204038508 0.0891925916
      vertex 0.0797637254 -0.0212074611 0.0889772624
      vertex 0.0797637254 -0.0211098585 0.088486582
    endloop
  endfacet
  facet normal 0.977807224 0.205481082 0.0408724993
    outer loop
      vertex 0.0795858502 -0.0204038508 0.0891925916
      vertex 0.0797637254 -0.0211098585 0.088486582
      vertex 0.0795858502 -0.0202850178 0.0885951743
    endloop
  endfacet
  facet normal -0.977801681 0.205506459 0.040877562
    outer loop
      vertex 0.0755240172 -0.0212074108 0.0889772624
      vertex 0.0757019147 -0.0204038043 0.0891925916
      vertex 0.0757019147 -0.0202849712 0.0885951743
    endloop
  endfacet
  facet normal -0.977801621 0.205506623 0.040877901
    outer loop
      vertex 0.0755240172 -0.0212074108 0.0889772624
      vertex 0.0757019147 -0.0202849712 0.0885951743
      vertex 0.0755240172 -0.0211098082 0.088486582
    endloop
  endfacet
  facet normal -0.200234056 0.96092242 0.191139773
    outer loop
      vertex 0.0773244128 -0.0175762791 0.0899502262
      vertex 0.077643916 -0.0175130721 0.0899671689
      vertex 0.077643916 -0.0173178669 0.0889858082
    endloop
  endfacet
  facet normal -0.20023565 0.960922182 0.191139176
    outer loop
      vertex 0.0773244128 -0.0175762791 0.0899502262
      vertex 0.077643916 -0.0173178669 0.0889858082
      vertex 0.0773244128 -0.0173827447 0.0889772624
    endloop
  endfacet
  facet normal 0.962658226 0.265517861 0.0528145023
    outer loop
      vertex 0.0793747455 -0.0196772013 0.0893872976
      vertex 0.0795858502 -0.0204038508 0.0891925916
      vertex 0.0795858502 -0.0202850178 0.0885951743
    endloop
  endfacet
  facet normal 0.962658405 0.265517175 0.0528150722
    outer loop
      vertex 0.0793747455 -0.0196772013 0.0893872976
      vertex 0.0795858502 -0.0202850178 0.0885951743
      vertex 0.0793747455 -0.01953917 0.0886933729
    endloop
  endfacet
  facet normal -0.987722635 0.153216392 0.0304766987
    outer loop
      vertex 0.0753823891 -0.0220742282 0.088744998
      vertex 0.0755240172 -0.0212074108 0.0889772624
      vertex 0.0755240172 -0.0211098082 0.088486582
    endloop
  endfacet
  facet normal -0.987722635 0.153216422 0.0304768607
    outer loop
      vertex 0.0753823891 -0.0220742282 0.088744998
      vertex 0.0755240172 -0.0211098082 0.088486582
      vertex 0.0753823891 -0.0219995268 0.0883694515
    endloop
  endfacet
  facet normal 0.99797225 0.0635155216 0.00416308874
    outer loop
      vertex 0.0800082386 -0.0229389612 0.0882457793
      vertex 0.0800706968 -0.023911925 0.0881176889
      vertex 0.0800706968 -0.0239033829 0.0879873633
    endloop
  endfacet
  facet normal 0.997972071 0.0635155663 0.0041629211
    outer loop
      vertex 0.0800082386 -0.0229389612 0.0882457793
      vertex 0.0800706968 -0.0239033829 0.0879873633
      vertex 0.0800082386 -0.0229220241 0.0879873633
    endloop
  endfacet
  facet normal -0.901534438 0.431780964 0.0283007957
    outer loop
      vertex 0.0761537701 -0.0188850444 0.0887794793
      vertex 0.0764200091 -0.0183339082 0.0888520405
      vertex 0.0764200091 -0.0182772335 0.0879873633
    endloop
  endfacet
  facet normal -0.901539147 0.431771666 0.0282920655
    outer loop
      vertex 0.0761537701 -0.0188850444 0.0887794793
      vertex 0.0764200091 -0.0182772335 0.0879873633
      vertex 0.0761537775 -0.018833125 0.0879873633
    endloop
  endfacet
  facet normal 0.726928771 0.685242653 0.0449128672
    outer loop
      vertex 0.0782774538 -0.0175762922 0.0889517814
      vertex 0.0785806403 -0.0178951714 0.0889098048
      vertex 0.0785806403 -0.0178347118 0.0879873633
    endloop
  endfacet
  facet normal 0.726930499 0.685240686 0.0449139625
    outer loop
      vertex 0.0782774538 -0.0175762922 0.0889517814
      vertex 0.0785806403 -0.0178347118 0.0879873633
      vertex 0.0782774538 -0.0175130796 0.0879873633
    endloop
  endfacet
  facet normal 0.994128644 0.107973307 0.00707676355
    outer loop
      vertex 0.0799053311 -0.0219995808 0.0883694515
      vertex 0.0800082386 -0.0229389612 0.0882457793
      vertex 0.0800082386 -0.0229220241 0.0879873633
    endloop
  endfacet
  facet normal 0.994128585 0.107973248 0.00707690837
    outer loop
      vertex 0.0799053311 -0.0219995808 0.0883694515
      vertex 0.0800082386 -0.0229220241 0.0879873633
      vertex 0.0799053311 -0.0219745375 0.0879873633
    endloop
  endfacet
  facet normal -0.939174056 0.342706859 0.0224539395
    outer loop
      vertex 0.0759130344 -0.019539129 0.0886933729
      vertex 0.0761537701 -0.0188850444 0.0887794793
      vertex 0.0761537775 -0.018833125 0.0879873633
    endloop
  endfacet
  facet normal -0.939171076 0.342714339 0.0224623848
    outer loop
      vertex 0.0759130344 -0.019539129 0.0886933729
      vertex 0.0761537775 -0.018833125 0.0879873633
      vertex 0.0759130344 -0.0194928553 0.0879873633
    endloop
  endfacet
  facet normal 0.527117074 0.847973108 0.0555802211
    outer loop
      vertex 0.0779634193 -0.0173827522 0.0889772624
      vertex 0.0782774538 -0.0175762922 0.0889517814
      vertex 0.0782774538 -0.0175130796 0.0879873633
    endloop
  endfacet
  facet normal 0.527114689 0.847974598 0.0555792861
    outer loop
      vertex 0.0779634193 -0.0173827522 0.0889772624
      vertex 0.0782774538 -0.0175130796 0.0879873633
      vertex 0.0779634193 -0.0173178706 0.0879873633
    endloop
  endfacet
  facet normal 0.98772651 0.155858964 0.0102154668
    outer loop
      vertex 0.0797637254 -0.0211098585 0.088486582
      vertex 0.0799053311 -0.0219995808 0.0883694515
      vertex 0.0799053311 -0.0219745375 0.0879873633
    endloop
  endfacet
  facet normal 0.98772645 0.155858845 0.0102157043
    outer loop
      vertex 0.0797637254 -0.0211098585 0.088486582
      vertex 0.0799053311 -0.0219745375 0.0879873633
      vertex 0.0797637254 -0.0210771374 0.0879873633
    endloop
  endfacet
  facet normal -0.962652802 0.270159185 0.0177069213
    outer loop
      vertex 0.0757019147 -0.0202849712 0.0885951743
      vertex 0.0759130344 -0.019539129 0.0886933729
      vertex 0.0759130344 -0.0194928553 0.0879873633
    endloop
  endfacet
  facet normal -0.962652683 0.270159423 0.0177072827
    outer loop
      vertex 0.0757019147 -0.0202849712 0.0885951743
      vertex 0.0759130344 -0.0194928553 0.0879873633
      vertex 0.0757019147 -0.020245133 0.0879873633
    endloop
  endfacet
  facet normal 0.200255886 0.977645993 0.0640784055
    outer loop
      vertex 0.077643916 -0.0173178669 0.0889858082
      vertex 0.0779634193 -0.0173827522 0.0889772624
      vertex 0.0779634193 -0.0173178706 0.0879873633
    endloop
  endfacet
  facet normal 0.200251952 0.977646768 0.0640771613
    outer loop
      vertex 0.077643916 -0.0173178669 0.0889858082
      vertex 0.0779634193 -0.0173178706 0.0879873633
      vertex 0.077643916 -0.0172524266 0.0879873633
    endloop
  endfacet
  facet normal 0.977807164 0.209058076 0.0137026263
    outer loop
      vertex 0.0795858502 -0.0202850178 0.0885951743
      vertex 0.0797637254 -0.0211098585 0.088486582
      vertex 0.0797637254 -0.0210771374 0.0879873633
    endloop
  endfacet
  facet normal 0.977807164 0.20905818 0.0137024736
    outer loop
      vertex 0.0795858502 -0.0202850178 0.0885951743
      vertex 0.0797637254 -0.0210771374 0.0879873633
      vertex 0.0795858502 -0.0202451795 0.0879873633
    endloop
  endfacet
  facet normal -0.977801621 0.209084079 0.0137041667
    outer loop
      vertex 0.0755240172 -0.0211098082 0.088486582
      vertex 0.0757019147 -0.0202849712 0.0885951743
      vertex 0.0757019147 -0.020245133 0.0879873633
    endloop
  endfacet
  facet normal -0.977801561 0.209084183 0.0137043381
    outer loop
      vertex 0.0755240172 -0.0211098082 0.088486582
      vertex 0.0757019147 -0.020245133 0.0879873633
      vertex 0.0755240172 -0.0210770871 0.0879873633
    endloop
  endfacet
  facet normal -0.200233951 0.977650464 0.0640774071
    outer loop
      vertex 0.0773244128 -0.0173827447 0.0889772624
      vertex 0.077643916 -0.0173178669 0.0889858082
      vertex 0.077643916 -0.0172524266 0.0879873633
    endloop
  endfacet
  facet normal -0.200230062 0.977651238 0.0640787482
    outer loop
      vertex 0.0773244128 -0.0173827447 0.0889772624
      vertex 0.077643916 -0.0172524266 0.0879873633
      vertex 0.0773244128 -0.0173178632 0.0879873633
    endloop
  endfacet
  facet normal 0.962658405 0.270139635 0.017705977
    outer loop
      vertex 0.0793747455 -0.01953917 0.0886933729
      vertex 0.0795858502 -0.0202850178 0.0885951743
      vertex 0.0795858502 -0.0202451795 0.0879873633
    endloop
  endfacet
  facet normal 0.962658346 0.270139962 0.0177056696
    outer loop
      vertex 0.0793747455 -0.01953917 0.0886933729
      vertex 0.0795858502 -0.0202451795 0.0879873633
      vertex 0.0793747455 -0.0194928963 0.0879873633
    endloop
  endfacet
  facet normal -0.987722576 0.155883551 0.0102173379
    outer loop
      vertex 0.0753823891 -0.0219995268 0.0883694515
      vertex 0.0755240172 -0.0211098082 0.088486582
      vertex 0.0755240172 -0.0210770871 0.0879873633
    endloop
  endfacet
  facet normal -0.987722635 0.155883476 0.0102170967
    outer loop
      vertex 0.0753823891 -0.0219995268 0.0883694515
      vertex 0.0755240172 -0.0210770871 0.0879873633
      vertex 0.0753823891 -0.0219744835 0.0879873633
    endloop
  endfacet
  facet normal -0.52710253 0.847982228 0.0555797927
    outer loop
      vertex 0.0770103782 -0.0175762773 0.0889517814
      vertex 0.0773244128 -0.0173827447 0.0889772624
      vertex 0.0773244128 -0.0173178632 0.0879873633
    endloop
  endfacet
  facet normal -0.527100146 0.847983539 0.0555809103
    outer loop
      vertex 0.0770103782 -0.0175762773 0.0889517814
      vertex 0.0773244128 -0.0173178632 0.0879873633
      vertex 0.0770103782 -0.0175130647 0.0879873633
    endloop
  endfacet
  facet normal 0.939181924 0.342684627 0.0224604271
    outer loop
      vertex 0.0791340247 -0.0188850798 0.0887794793
      vertex 0.0793747455 -0.01953917 0.0886933729
      vertex 0.0793747455 -0.0194928963 0.0879873633
    endloop
  endfacet
  facet normal 0.939182341 0.342683703 0.0224612597
    outer loop
      vertex 0.0791340247 -0.0188850798 0.0887794793
      vertex 0.0793747455 -0.0194928963 0.0879873633
      vertex 0.0791340247 -0.0188331604 0.0879873633
    endloop
  endfacet
  facet normal -0.994126022 0.107996888 0.00707846414
    outer loop
      vertex 0.0752794594 -0.0229389034 0.0882457793
      vertex 0.0753823891 -0.0219995268 0.0883694515
      vertex 0.0753823891 -0.0219744835 0.0879873633
    endloop
  endfacet
  facet normal -0.994126081 0.107996859 0.00707830256
    outer loop
      vertex 0.0752794594 -0.0229389034 0.0882457793
      vertex 0.0753823891 -0.0219744835 0.0879873633
      vertex 0.0752794594 -0.0229219664 0.0879873633
    endloop
  endfacet
  facet normal -0.726903975 0.68526876 0.0449158028
    outer loop
      vertex 0.0767071769 -0.0178951491 0.0889098048
      vertex 0.0770103782 -0.0175762773 0.0889517814
      vertex 0.0770103782 -0.0175130647 0.0879873633
    endloop
  endfacet
  facet normal -0.726905763 0.685266912 0.0449144617
    outer loop
      vertex 0.0767071769 -0.0178951491 0.0889098048
      vertex 0.0770103782 -0.0175130647 0.0879873633
      vertex 0.0767071769 -0.0178346895 0.0879873633
    endloop
  endfacet
  facet normal 0.901550293 0.431747943 0.0282989908
    outer loop
      vertex 0.078867808 -0.018333938 0.0888520405
      vertex 0.0791340247 -0.0188850798 0.0887794793
      vertex 0.0791340247 -0.0188331604 0.0879873633
    endloop
  endfacet
  facet normal 0.901550114 0.43174839 0.0282986704
    outer loop
      vertex 0.078867808 -0.018333938 0.0888520405
      vertex 0.0791340247 -0.0188331604 0.0879873633
      vertex 0.078867808 -0.0182772633 0.0879873633
    endloop
  endfacet
  facet normal -0.997970641 0.0635381863 0.00416439259
    outer loop
      vertex 0.0752169788 -0.0239118673 0.0881176889
      vertex 0.0752794594 -0.0229389034 0.0882457793
      vertex 0.0752794594 -0.0229219664 0.0879873633
    endloop
  endfacet
  facet normal -0.99797076 0.0635382086 0.00416456442
    outer loop
      vertex 0.0752169788 -0.0239118673 0.0881176889
      vertex 0.0752794594 -0.0229219664 0.0879873633
      vertex 0.0752169788 -0.0239033252 0.0879873633
    endloop
  endfacet
  facet normal 0.999779463 0.020956656 0.00137358822
    outer loop
      vertex 0.0800706968 -0.023911925 0.0881176889
      vertex 0.0800916255 -0.0249018278 0.0879873633
      vertex 0.0800706968 -0.0239033829 0.0879873633
    endloop
  endfacet
  facet normal -0.838331521 0.543993652 0.035654977
    outer loop
      vertex 0.0764200091 -0.0183339082 0.0888520405
      vertex 0.0767071769 -0.0178951491 0.0889098048
      vertex 0.0767071769 -0.0178346895 0.0879873633
    endloop
  endfacet
  facet normal -0.838330805 0.543994665 0.0356557779
    outer loop
      vertex 0.0764200091 -0.0183339082 0.0888520405
      vertex 0.0767071769 -0.0178346895 0.0879873633
      vertex 0.0764200091 -0.0182772335 0.0879873633
    endloop
  endfacet
  facet normal 0.838335752 0.543987155 0.0356552824
    outer loop
      vertex 0.0785806403 -0.0178951714 0.0889098048
      vertex 0.078867808 -0.018333938 0.0888520405
      vertex 0.078867808 -0.0182772633 0.0879873633
    endloop
  endfacet
  facet normal 0.838334978 0.543988168 0.0356546268
    outer loop
      vertex 0.0785806403 -0.0178951714 0.0889098048
      vertex 0.078867808 -0.0182772633 0.0879873633
      vertex 0.0785806403 -0.0178347118 0.0879873633
    endloop
  endfacet
  facet normal -0.999778986 0.0209790654 0.00137506134
    outer loop
      vertex 0.0751960278 -0.0249017682 0.0879873633
      vertex 0.0752169788 -0.0239118673 0.0881176889
      vertex 0.0752169788 -0.0239033252 0.0879873633
    endloop
  endfacet
  facet normal 0.977807164 0.20905818 -0.0137026338
    outer loop
      vertex 0.0795858502 -0.0202451795 0.0879873633
      vertex 0.0797637254 -0.0210771374 0.0879873633
      vertex 0.0797637254 -0.0211098585 0.0874881446
    endloop
  endfacet
  facet normal 0.977807224 0.209058076 -0.0137024671
    outer loop
      vertex 0.0795858502 -0.0202451795 0.0879873633
      vertex 0.0797637254 -0.0211098585 0.0874881446
      vertex 0.0795858502 -0.0202850178 0.0873795524
    endloop
  endfacet
  facet normal -0.977801621 0.209084213 -0.0137042021
    outer loop
      vertex 0.0755240172 -0.0210770871 0.0879873633
      vertex 0.0757019147 -0.020245133 0.0879873633
      vertex 0.0757019147 -0.0202849712 0.0873795524
    endloop
  endfacet
  facet normal -0.977801621 0.209084645 -0.0137035893
    outer loop
      vertex 0.0755240172 -0.0210770871 0.0879873633
      vertex 0.0757019147 -0.0202849712 0.0873795524
      vertex 0.0755240172 -0.0211098064 0.0874881446
    endloop
  endfacet
  facet normal -0.200230077 0.977651238 -0.0640774518
    outer loop
      vertex 0.0773244128 -0.0173178632 0.0879873633
      vertex 0.077643916 -0.0172524266 0.0879873633
      vertex 0.077643916 -0.0173178669 0.0869889185
    endloop
  endfacet
  facet normal -0.200233996 0.977650404 -0.0640786961
    outer loop
      vertex 0.0773244128 -0.0173178632 0.0879873633
      vertex 0.077643916 -0.0173178669 0.0869889185
      vertex 0.0773244128 -0.0173827447 0.0869974643
    endloop
  endfacet
  facet normal 0.962658286 0.270139903 -0.0177060254
    outer loop
      vertex 0.0793747455 -0.0194928963 0.0879873633
      vertex 0.0795858502 -0.0202451795 0.0879873633
      vertex 0.0795858502 -0.0202850178 0.0873795524
    endloop
  endfacet
  facet normal 0.962658346 0.270139664 -0.0177056529
    outer loop
      vertex 0.0793747455 -0.0194928963 0.0879873633
      vertex 0.0795858502 -0.0202850178 0.0873795524
      vertex 0.0793747455 -0.01953917 0.0872813538
    endloop
  endfacet
  facet normal -0.987722635 0.155883461 -0.0102167362
    outer loop
      vertex 0.0753823891 -0.0219744835 0.0879873633
      vertex 0.0755240172 -0.0210770871 0.0879873633
      vertex 0.0755240172 -0.0211098064 0.0874881446
    endloop
  endfacet
  facet normal -0.987722635 0.155883282 -0.0102170827
    outer loop
      vertex 0.0753823891 -0.0219744835 0.0879873633
      vertex 0.0755240172 -0.0211098064 0.0874881446
      vertex 0.0753823891 -0.0219995268 0.0876052752
    endloop
  endfacet
  facet normal -0.527100205 0.847983658 -0.0555798747
    outer loop
      vertex 0.0770103782 -0.0175130647 0.0879873633
      vertex 0.0773244128 -0.0173178632 0.0879873633
      vertex 0.0773244128 -0.0173827447 0.0869974643
    endloop
  endfacet
  facet normal -0.527097881 0.847985089 -0.0555789471
    outer loop
      vertex 0.0770103782 -0.0175130647 0.0879873633
      vertex 0.0773244128 -0.0173827447 0.0869974643
      vertex 0.0770103782 -0.0175762754 0.0870229378
    endloop
  endfacet
  facet normal 0.939182281 0.342683673 -0.0224603657
    outer loop
      vertex 0.0791340247 -0.0188331604 0.0879873633
      vertex 0.0793747455 -0.0194928963 0.0879873633
      vertex 0.0793747455 -0.01953917 0.0872813538
    endloop
  endfacet
  facet normal 0.939181983 0.342684537 -0.0224613138
    outer loop
      vertex 0.0791340247 -0.0188331604 0.0879873633
      vertex 0.0793747455 -0.01953917 0.0872813538
      vertex 0.0791340247 -0.0188850798 0.0871952474
    endloop
  endfacet
  facet normal -0.994126022 0.107996844 -0.00707844226
    outer loop
      vertex 0.0752794594 -0.0229219664 0.0879873633
      vertex 0.0753823891 -0.0219744835 0.0879873633
      vertex 0.0753823891 -0.0219995268 0.0876052752
    endloop
  endfacet
  facet normal -0.994126081 0.107996903 -0.00707830582
    outer loop
      vertex 0.0752794594 -0.0229219664 0.0879873633
      vertex 0.0753823891 -0.0219995268 0.0876052752
      vertex 0.0752794594 -0.0229389034 0.0877289474
    endloop
  endfacet
  facet normal -0.726905823 0.685266912 -0.0449140035
    outer loop
      vertex 0.0767071769 -0.0178346895 0.0879873633
      vertex 0.0770103782 -0.0175130647 0.0879873633
      vertex 0.0770103782 -0.0175762754 0.0870229378
    endloop
  endfacet
  facet normal -0.726906419 0.685266197 -0.0449144132
    outer loop
      vertex 0.0767071769 -0.0178346895 0.0879873633
      vertex 0.0770103782 -0.0175762754 0.0870229378
      vertex 0.0767071769 -0.0178951491 0.0870649219
    endloop
  endfacet
  facet normal 0.901550055 0.43174839 -0.0282990206
    outer loop
      vertex 0.078867808 -0.0182772633 0.0879873633
      vertex 0.0791340247 -0.0188331604 0.0879873633
      vertex 0.0791340247 -0.0188850798 0.0871952474
    endloop
  endfacet
  facet normal 0.90155077 0.43174687 -0.0282976385
    outer loop
      vertex 0.078867808 -0.0182772633 0.0879873633
      vertex 0.0791340247 -0.0188850798 0.0871952474
      vertex 0.078867808 -0.0183339361 0.0871226862
    endloop
  endfacet
  facet normal -0.997970641 0.0635382012 -0.00416442193
    outer loop
      vertex 0.0752169788 -0.0239033252 0.0879873633
      vertex 0.0752794594 -0.0229219664 0.0879873633
      vertex 0.0752794594 -0.0229389034 0.0877289474
    endloop
  endfacet
  facet normal -0.99797076 0.0635381639 -0.00416456163
    outer loop
      vertex 0.0752169788 -0.0239033252 0.0879873633
      vertex 0.0752794594 -0.0229389034 0.0877289474
      vertex 0.0752169788 -0.0239118673 0.0878570378
    endloop
  endfacet
  facet normal 0.999779463 0.020956656 -0.00137358822
    outer loop
      vertex 0.0800706968 -0.0239033829 0.0879873633
      vertex 0.0800916255 -0.0249018278 0.0879873633
      vertex 0.0800706968 -0.023911925 0.0878570378
    endloop
  endfacet
  facet normal -0.838330805 0.543994606 -0.0356550366
    outer loop
      vertex 0.0764200091 -0.0182772335 0.0879873633
      vertex 0.0767071769 -0.0178346895 0.0879873633
      vertex 0.0767071769 -0.0178951491 0.0870649219
    endloop
  endfacet
  facet normal -0.838331521 0.543993592 -0.0356557108
    outer loop
      vertex 0.0764200091 -0.0182772335 0.0879873633
      vertex 0.0767071769 -0.0178951491 0.0870649219
      vertex 0.0764200091 -0.0183339082 0.0871226862
    endloop
  endfacet
  facet normal 0.838335037 0.543988168 -0.0356541835
    outer loop
      vertex 0.0785806403 -0.0178347118 0.0879873633
      vertex 0.078867808 -0.0182772633 0.0879873633
      vertex 0.078867808 -0.0183339361 0.0871226862
    endloop
  endfacet
  facet normal 0.83833468 0.543988824 -0.0356546715
    outer loop
      vertex 0.0785806403 -0.0178347118 0.0879873633
      vertex 0.078867808 -0.0183339361 0.0871226862
      vertex 0.0785806403 -0.0178951714 0.0870649219
    endloop
  endfacet
  facet normal -0.999778986 0.0209790654 -0.00137506134
    outer loop
      vertex 0.0751960278 -0.0249017682 0.0879873633
      vertex 0.0752169788 -0.0239033252 0.0879873633
      vertex 0.0752169788 -0.0239118673 0.0878570378
    endloop
  endfacet
  facet normal 0.99797219 0.0635155737 -0.00416303659
    outer loop
      vertex 0.0800082386 -0.0229220241 0.0879873633
      vertex 0.0800706968 -0.0239033829 0.0879873633
      vertex 0.0800706968 -0.023911925 0.0878570378
    endloop
  endfacet
  facet normal 0.997972131 0.0635155439 -0.00416291971
    outer loop
      vertex 0.0800082386 -0.0229220241 0.0879873633
      vertex 0.0800706968 -0.023911925 0.0878570378
      vertex 0.0800082386 -0.0229389612 0.0877289474
    endloop
  endfacet
  facet normal -0.901538968 0.431771576 -0.0283001717
    outer loop
      vertex 0.0761537775 -0.018833125 0.0879873633
      vertex 0.0764200091 -0.0182772335 0.0879873633
      vertex 0.0764200091 -0.0183339082 0.0871226862
    endloop
  endfacet
  facet normal -0.901533663 0.431783199 -0.0282918084
    outer loop
      vertex 0.0761537775 -0.018833125 0.0879873633
      vertex 0.0764200091 -0.0183339082 0.0871226862
      vertex 0.0761537701 -0.0188850425 0.0871952474
    endloop
  endfacet
  facet normal 0.726930559 0.685240746 -0.0449127443
    outer loop
      vertex 0.0782774538 -0.0175130796 0.0879873633
      vertex 0.0785806403 -0.0178347118 0.0879873633
      vertex 0.0785806403 -0.0178951714 0.0870649219
    endloop
  endfacet
  facet normal 0.726929247 0.685241997 -0.0449137054
    outer loop
      vertex 0.0782774538 -0.0175130796 0.0879873633
      vertex 0.0785806403 -0.0178951714 0.0870649219
      vertex 0.0782774538 -0.0175762922 0.0870229378
    endloop
  endfacet
  facet normal 0.994128644 0.107973255 -0.00707675936
    outer loop
      vertex 0.0799053311 -0.0219745375 0.0879873633
      vertex 0.0800082386 -0.0229220241 0.0879873633
      vertex 0.0800082386 -0.0229389612 0.0877289474
    endloop
  endfacet
  facet normal 0.994128644 0.107973285 -0.0070769107
    outer loop
      vertex 0.0799053311 -0.0219745375 0.0879873633
      vertex 0.0800082386 -0.0229389612 0.0877289474
      vertex 0.0799053311 -0.0219995808 0.0876052752
    endloop
  endfacet
  facet normal -0.939171314 0.342714399 -0.0224536341
    outer loop
      vertex 0.0759130344 -0.0194928553 0.0879873633
      vertex 0.0761537775 -0.018833125 0.0879873633
      vertex 0.0761537701 -0.0188850425 0.0871952474
    endloop
  endfacet
  facet normal -0.939174533 0.342705041 -0.0224617757
    outer loop
      vertex 0.0759130344 -0.0194928553 0.0879873633
      vertex 0.0761537701 -0.0188850425 0.0871952474
      vertex 0.0759130344 -0.019539129 0.0872813538
    endloop
  endfacet
  facet normal 0.527114749 0.847974658 -0.0555799045
    outer loop
      vertex 0.0779634193 -0.0173178706 0.0879873633
      vertex 0.0782774538 -0.0175130796 0.0879873633
      vertex 0.0782774538 -0.0175762922 0.0870229378
    endloop
  endfacet
  facet normal 0.52711606 0.847973764 -0.0555792302
    outer loop
      vertex 0.0779634193 -0.0173178706 0.0879873633
      vertex 0.0782774538 -0.0175762922 0.0870229378
      vertex 0.0779634193 -0.0173827522 0.0869974643
    endloop
  endfacet
  facet normal 0.987726569 0.155858845 -0.0102154585
    outer loop
      vertex 0.0797637254 -0.0210771374 0.0879873633
      vertex 0.0799053311 -0.0219745375 0.0879873633
      vertex 0.0799053311 -0.0219995808 0.0876052752
    endloop
  endfacet
  facet normal 0.98772651 0.155858949 -0.0102157108
    outer loop
      vertex 0.0797637254 -0.0210771374 0.0879873633
      vertex 0.0799053311 -0.0219995808 0.0876052752
      vertex 0.0797637254 -0.0211098585 0.0874881446
    endloop
  endfacet
  facet normal -0.962652802 0.270159453 -0.01770694
    outer loop
      vertex 0.0757019147 -0.020245133 0.0879873633
      vertex 0.0759130344 -0.0194928553 0.0879873633
      vertex 0.0759130344 -0.019539129 0.0872813538
    endloop
  endfacet
  facet normal -0.962652802 0.270159155 -0.0177072641
    outer loop
      vertex 0.0757019147 -0.020245133 0.0879873633
      vertex 0.0759130344 -0.019539129 0.0872813538
      vertex 0.0757019147 -0.0202849712 0.0873795524
    endloop
  endfacet
  facet normal 0.200251937 0.977646708 -0.0640784577
    outer loop
      vertex 0.077643916 -0.0172524266 0.0879873633
      vertex 0.0779634193 -0.0173178706 0.0879873633
      vertex 0.0779634193 -0.0173827522 0.0869974643
    endloop
  endfacet
  facet normal 0.200255856 0.977645993 -0.0640771091
    outer loop
      vertex 0.077643916 -0.0172524266 0.0879873633
      vertex 0.0779634193 -0.0173827522 0.0869974643
      vertex 0.077643916 -0.0173178669 0.0869889185
    endloop
  endfacet
  facet normal -0.726906896 0.673540354 -0.133976698
    outer loop
      vertex 0.0767071769 -0.0178951491 0.0870649219
      vertex 0.0770103782 -0.0175762754 0.0870229378
      vertex 0.0770103782 -0.0177648291 0.0860750228
    endloop
  endfacet
  facet normal -0.726903975 0.673543751 -0.133975372
    outer loop
      vertex 0.0767071769 -0.0178951491 0.0870649219
      vertex 0.0770103782 -0.0177648291 0.0860750228
      vertex 0.0767071769 -0.0180754941 0.0861582607
    endloop
  endfacet
  facet normal 0.901550889 0.424359471 -0.0844095349
    outer loop
      vertex 0.078867808 -0.0183339361 0.0871226862
      vertex 0.0791340247 -0.0188850798 0.0871952474
      vertex 0.0791340247 -0.0190399457 0.0864166766
    endloop
  endfacet
  facet normal 0.901545942 0.424368083 -0.0844200253
    outer loop
      vertex 0.078867808 -0.0183339361 0.0871226862
      vertex 0.0791340247 -0.0190399457 0.0864166766
      vertex 0.0788678005 -0.0185029879 0.0862728059
    endloop
  endfacet
  facet normal -0.9979707 0.0624509975 -0.0124225169
    outer loop
      vertex 0.0752169788 -0.0239118673 0.0878570378
      vertex 0.0752794594 -0.0229389034 0.0877289474
      vertex 0.0752794594 -0.0229894277 0.0874749497
    endloop
  endfacet
  facet normal -0.997970641 0.0624510273 -0.0124224583
    outer loop
      vertex 0.0752169788 -0.0239118673 0.0878570378
      vertex 0.0752794594 -0.0229894277 0.0874749497
      vertex 0.0752169788 -0.0239373464 0.0877289474
    endloop
  endfacet
  facet normal 0.999779463 0.0205980707 -0.00409726938
    outer loop
      vertex 0.0800706968 -0.023911925 0.0878570378
      vertex 0.0800916255 -0.0249018278 0.0879873633
      vertex 0.0800706968 -0.0239374042 0.0877289474
    endloop
  endfacet
  facet normal -0.83833158 0.534685791 -0.106354982
    outer loop
      vertex 0.0764200091 -0.0183339082 0.0871226862
      vertex 0.0767071769 -0.0178951491 0.0870649219
      vertex 0.0767071769 -0.0180754941 0.0861582607
    endloop
  endfacet
  facet normal -0.83832556 0.534696102 -0.106350385
    outer loop
      vertex 0.0764200091 -0.0183339082 0.0871226862
      vertex 0.0767071769 -0.0180754941 0.0861582607
      vertex 0.0764200017 -0.01850296 0.0862728059
    endloop
  endfacet
  facet normal 0.838334382 0.53467989 -0.106361836
    outer loop
      vertex 0.0785806403 -0.0178951714 0.0870649219
      vertex 0.078867808 -0.0183339361 0.0871226862
      vertex 0.0788678005 -0.0185029879 0.0862728059
    endloop
  endfacet
  facet normal 0.838341773 0.534670472 -0.106351927
    outer loop
      vertex 0.0785806403 -0.0178951714 0.0870649219
      vertex 0.0788678005 -0.0185029879 0.0862728059
      vertex 0.0785806403 -0.0180755164 0.0861582607
    endloop
  endfacet
  facet normal -0.999779046 0.0206200983 -0.0041016438
    outer loop
      vertex 0.0751960278 -0.0249017682 0.0879873633
      vertex 0.0752169788 -0.0239118673 0.0878570378
      vertex 0.0752169788 -0.0239373464 0.0877289474
    endloop
  endfacet
  facet normal 0.997972071 0.062428765 -0.0124180345
    outer loop
      vertex 0.0800082386 -0.0229389612 0.0877289474
      vertex 0.0800706968 -0.023911925 0.0878570378
      vertex 0.0800706968 -0.0239374042 0.0877289474
    endloop
  endfacet
  facet normal 0.997972131 0.0624287613 -0.0124176303
    outer loop
      vertex 0.0800082386 -0.0229389612 0.0877289474
      vertex 0.0800706968 -0.0239374042 0.0877289474
      vertex 0.0800082386 -0.0229894836 0.0874749497
    endloop
  endfacet
  facet normal -0.90153414 0.424395144 -0.0844095871
    outer loop
      vertex 0.0761537701 -0.0188850425 0.0871952474
      vertex 0.0764200091 -0.0183339082 0.0871226862
      vertex 0.0764200017 -0.01850296 0.0862728059
    endloop
  endfacet
  facet normal -0.901538193 0.424385518 -0.0844147354
    outer loop
      vertex 0.0761537701 -0.0188850425 0.0871952474
      vertex 0.0764200017 -0.01850296 0.0862728059
      vertex 0.0761537701 -0.0190399084 0.0864166766
    endloop
  endfacet
  facet normal 0.726929665 0.673517048 -0.133970067
    outer loop
      vertex 0.0782774538 -0.0175762922 0.0870229378
      vertex 0.0785806403 -0.0178951714 0.0870649219
      vertex 0.0785806403 -0.0180755164 0.0861582607
    endloop
  endfacet
  facet normal 0.726920426 0.673525453 -0.133978128
    outer loop
      vertex 0.0782774538 -0.0175762922 0.0870229378
      vertex 0.0785806403 -0.0180755164 0.0861582607
      vertex 0.0782774463 -0.017764844 0.0860750228
    endloop
  endfacet
  facet normal 0.994128585 0.106125876 -0.0211093631
    outer loop
      vertex 0.0799053311 -0.0219995808 0.0876052752
      vertex 0.0800082386 -0.0229389612 0.0877289474
      vertex 0.0800082386 -0.0229894836 0.0874749497
    endloop
  endfacet
  facet normal 0.994128585 0.106125891 -0.0211094841
    outer loop
      vertex 0.0799053311 -0.0219995808 0.0876052752
      vertex 0.0800082386 -0.0229894836 0.0874749497
      vertex 0.0799053311 -0.0220742822 0.0872297212
    endloop
  endfacet
  facet normal -0.939174354 0.336841673 -0.0670013428
    outer loop
      vertex 0.0759130344 -0.019539129 0.0872813538
      vertex 0.0761537701 -0.0188850425 0.0871952474
      vertex 0.0761537701 -0.0190399084 0.0864166766
    endloop
  endfacet
  facet normal -0.939174414 0.336841315 -0.0670015439
    outer loop
      vertex 0.0759130344 -0.019539129 0.0872813538
      vertex 0.0761537701 -0.0190399084 0.0864166766
      vertex 0.0759130344 -0.0196771584 0.086587429
    endloop
  endfacet
  facet normal 0.527114332 0.83346498 -0.165790498
    outer loop
      vertex 0.0779634193 -0.0173827522 0.0869974643
      vertex 0.0782774538 -0.0175762922 0.0870229378
      vertex 0.0782774463 -0.017764844 0.0860750228
    endloop
  endfacet
  facet normal 0.527123392 0.833460271 -0.165785447
    outer loop
      vertex 0.0779634193 -0.0173827522 0.0869974643
      vertex 0.0782774463 -0.017764844 0.0860750228
      vertex 0.0779634193 -0.0175762866 0.0860245004
    endloop
  endfacet
  facet normal 0.98772645 0.153192282 -0.0304714665
    outer loop
      vertex 0.0797637254 -0.0211098585 0.0874881446
      vertex 0.0799053311 -0.0219995808 0.0876052752
      vertex 0.0799053311 -0.0220742822 0.0872297212
    endloop
  endfacet
  facet normal 0.98772645 0.153192416 -0.030471934
    outer loop
      vertex 0.0797637254 -0.0211098585 0.0874881446
      vertex 0.0799053311 -0.0220742822 0.0872297212
      vertex 0.0797637254 -0.0212074611 0.0869974643
    endloop
  endfacet
  facet normal -0.962652862 0.265536398 -0.0528181978
    outer loop
      vertex 0.0757019147 -0.0202849712 0.0873795524
      vertex 0.0759130344 -0.019539129 0.0872813538
      vertex 0.0759130344 -0.0196771584 0.086587429
    endloop
  endfacet
  facet normal -0.962652862 0.265536398 -0.0528181829
    outer loop
      vertex 0.0757019147 -0.0202849712 0.0873795524
      vertex 0.0759130344 -0.0196771584 0.086587429
      vertex 0.0757019147 -0.0204038043 0.0867821351
    endloop
  endfacet
  facet normal 0.200257212 0.96091789 -0.191138327
    outer loop
      vertex 0.077643916 -0.0173178669 0.0869889185
      vertex 0.0779634193 -0.0173827522 0.0869974643
      vertex 0.0779634193 -0.0175762866 0.0860245004
    endloop
  endfacet
  facet normal 0.200255588 0.960918128 -0.191138923
    outer loop
      vertex 0.077643916 -0.0173178669 0.0869889185
      vertex 0.0779634193 -0.0175762866 0.0860245004
      vertex 0.077643916 -0.0175130721 0.0860075578
    endloop
  endfacet
  facet normal 0.977807224 0.205481052 -0.0408728383
    outer loop
      vertex 0.0795858502 -0.0202850178 0.0873795524
      vertex 0.0797637254 -0.0211098585 0.0874881446
      vertex 0.0797637254 -0.0212074611 0.0869974643
    endloop
  endfacet
  facet normal 0.977807224 0.205480933 -0.0408724695
    outer loop
      vertex 0.0795858502 -0.0202850178 0.0873795524
      vertex 0.0797637254 -0.0212074611 0.0869974643
      vertex 0.0795858502 -0.0204038508 0.0867821351
    endloop
  endfacet
  facet normal -0.977801561 0.205507085 -0.0408776887
    outer loop
      vertex 0.0755240172 -0.0211098064 0.0874881446
      vertex 0.0757019147 -0.0202849712 0.0873795524
      vertex 0.0757019147 -0.0204038043 0.0867821351
    endloop
  endfacet
  facet normal -0.977801681 0.205506846 -0.040877942
    outer loop
      vertex 0.0755240172 -0.0211098064 0.0874881446
      vertex 0.0757019147 -0.0204038043 0.0867821351
      vertex 0.0755240172 -0.021207409 0.0869974643
    endloop
  endfacet
  facet normal -0.200235665 0.960922122 -0.191139713
    outer loop
      vertex 0.0773244128 -0.0173827447 0.0869974643
      vertex 0.077643916 -0.0173178669 0.0869889185
      vertex 0.077643916 -0.0175130721 0.0860075578
    endloop
  endfacet
  facet normal -0.20023407 0.960922539 -0.191139251
    outer loop
      vertex 0.0773244128 -0.0173827447 0.0869974643
      vertex 0.077643916 -0.0175130721 0.0860075578
      vertex 0.0773244128 -0.0175762791 0.0860245004
    endloop
  endfacet
  facet normal 0.962658405 0.265517235 -0.0528143458
    outer loop
      vertex 0.0793747455 -0.01953917 0.0872813538
      vertex 0.0795858502 -0.0202850178 0.0873795524
      vertex 0.0795858502 -0.0204038508 0.0867821351
    endloop
  endfacet
  facet normal 0.962658405 0.265517265 -0.0528143793
    outer loop
      vertex 0.0793747455 -0.01953917 0.0872813538
      vertex 0.0795858502 -0.0204038508 0.0867821351
      vertex 0.0793747455 -0.0196771994 0.086587429
    endloop
  endfacet
  facet normal -0.987722635 0.153216153 -0.0304766502
    outer loop
      vertex 0.0753823891 -0.0219995268 0.0876052752
      vertex 0.0755240172 -0.0211098064 0.0874881446
      vertex 0.0755240172 -0.021207409 0.0869974643
    endloop
  endfacet
  facet normal -0.987722635 0.153216034 -0.0304767843
    outer loop
      vertex 0.0753823891 -0.0219995268 0.0876052752
      vertex 0.0755240172 -0.021207409 0.0869974643
      vertex 0.0753823891 -0.0220742282 0.0872297287
    endloop
  endfacet
  facet normal -0.527096629 0.833476603 -0.16578871
    outer loop
      vertex 0.0770103782 -0.0175762754 0.0870229378
      vertex 0.0773244128 -0.0173827447 0.0869974643
      vertex 0.0773244128 -0.0175762791 0.0860245004
    endloop
  endfacet
  facet normal -0.527100146 0.833474159 -0.165789798
    outer loop
      vertex 0.0770103782 -0.0175762754 0.0870229378
      vertex 0.0773244128 -0.0175762791 0.0860245004
      vertex 0.0770103782 -0.0177648291 0.0860750228
    endloop
  endfacet
  facet normal 0.939181805 0.336821586 -0.0669976249
    outer loop
      vertex 0.0791340247 -0.0188850798 0.0871952474
      vertex 0.0793747455 -0.01953917 0.0872813538
      vertex 0.0793747455 -0.0196771994 0.086587429
    endloop
  endfacet
  facet normal 0.939181983 0.336821377 -0.066997312
    outer loop
      vertex 0.0791340247 -0.0188850798 0.0871952474
      vertex 0.0793747455 -0.0196771994 0.086587429
      vertex 0.0791340247 -0.0190399457 0.0864166766
    endloop
  endfacet
  facet normal -0.994126022 0.106148995 -0.0211144984
    outer loop
      vertex 0.0752794594 -0.0229389034 0.0877289474
      vertex 0.0753823891 -0.0219995268 0.0876052752
      vertex 0.0753823891 -0.0220742282 0.0872297287
    endloop
  endfacet
  facet normal -0.994126081 0.106148869 -0.0211147238
    outer loop
      vertex 0.0752794594 -0.0229389034 0.0877289474
      vertex 0.0753823891 -0.0220742282 0.0872297287
      vertex 0.0752794594 -0.0229894277 0.0874749497
    endloop
  endfacet
  facet normal 0.994128585 0.102462545 -0.0347812138
    outer loop
      vertex 0.0799053311 -0.0220742822 0.0872297212
      vertex 0.0800082386 -0.0229894836 0.0874749497
      vertex 0.0800082386 -0.023072727 0.0872297212
    endloop
  endfacet
  facet normal 0.994128585 0.102462552 -0.0347817875
    outer loop
      vertex 0.0799053311 -0.0220742822 0.0872297212
      vertex 0.0800082386 -0.023072727 0.0872297212
      vertex 0.0799053311 -0.0221973639 0.0868671387
    endloop
  endfacet
  facet normal -0.939174473 0.32521373 -0.110395864
    outer loop
      vertex 0.0759130344 -0.0196771584 0.086587429
      vertex 0.0761537701 -0.0190399084 0.0864166766
      vertex 0.0761537701 -0.019295074 0.0856649876
    endloop
  endfacet
  facet normal -0.939174354 0.325214177 -0.110395685
    outer loop
      vertex 0.0759130344 -0.0196771584 0.086587429
      vertex 0.0761537701 -0.019295074 0.0856649876
      vertex 0.0759130344 -0.0199045837 0.0859174579
    endloop
  endfacet
  facet normal 0.527123034 0.804690719 -0.273155987
    outer loop
      vertex 0.0779634193 -0.0175762866 0.0860245004
      vertex 0.0782774463 -0.017764844 0.0860750228
      vertex 0.0782774463 -0.0180755127 0.0851598233
    endloop
  endfacet
  facet normal 0.527115703 0.804693937 -0.273160487
    outer loop
      vertex 0.0779634193 -0.0175762866 0.0860245004
      vertex 0.0782774463 -0.0180755127 0.0851598233
      vertex 0.0779634118 -0.017895164 0.0850851163
    endloop
  endfacet
  facet normal 0.98772639 0.147904456 -0.0502074584
    outer loop
      vertex 0.0797637254 -0.0212074611 0.0869974643
      vertex 0.0799053311 -0.0220742822 0.0872297212
      vertex 0.0799053311 -0.0221973639 0.0868671387
    endloop
  endfacet
  facet normal 0.98772645 0.147904322 -0.0502062887
    outer loop
      vertex 0.0797637254 -0.0212074611 0.0869974643
      vertex 0.0799053311 -0.0221973639 0.0868671387
      vertex 0.0797637254 -0.0213682745 0.0865237191
    endloop
  endfacet
  facet normal -0.962652922 0.256370336 -0.0870262757
    outer loop
      vertex 0.0757019147 -0.0204038043 0.0867821351
      vertex 0.0759130344 -0.0196771584 0.086587429
      vertex 0.0759130344 -0.0199045837 0.0859174579
    endloop
  endfacet
  facet normal -0.962650239 0.25638324 -0.0870181397
    outer loop
      vertex 0.0757019147 -0.0204038043 0.0867821351
      vertex 0.0759130344 -0.0199045837 0.0859174579
      vertex 0.0757019073 -0.0205995999 0.0862053409
    endloop
  endfacet
  facet normal 0.200257182 0.927748144 -0.314929128
    outer loop
      vertex 0.077643916 -0.0175130721 0.0860075578
      vertex 0.0779634193 -0.0175762866 0.0860245004
      vertex 0.0779634118 -0.017895164 0.0850851163
    endloop
  endfacet
  facet normal 0.200251743 0.92774868 -0.314931184
    outer loop
      vertex 0.077643916 -0.0175130721 0.0860075578
      vertex 0.0779634118 -0.017895164 0.0850851163
      vertex 0.0776439086 -0.0178347006 0.0850600749
    endloop
  endfacet
  facet normal 0.977807224 0.19838807 -0.0673430637
    outer loop
      vertex 0.0795858502 -0.0204038508 0.0867821351
      vertex 0.0797637254 -0.0212074611 0.0869974643
      vertex 0.0797637254 -0.0213682745 0.0865237191
    endloop
  endfacet
  facet normal 0.977807224 0.198388293 -0.0673438981
    outer loop
      vertex 0.0795858502 -0.0204038508 0.0867821351
      vertex 0.0797637254 -0.0213682745 0.0865237191
      vertex 0.0795858502 -0.0205996465 0.0862053409
    endloop
  endfacet
  facet normal -0.9778018 0.198416069 -0.0673407018
    outer loop
      vertex 0.0755240172 -0.021207409 0.0869974643
      vertex 0.0757019147 -0.0204038043 0.0867821351
      vertex 0.0757019073 -0.0205995999 0.0862053409
    endloop
  endfacet
  facet normal -0.977803409 0.198404983 -0.0673495755
    outer loop
      vertex 0.0755240172 -0.021207409 0.0869974643
      vertex 0.0757019073 -0.0205995999 0.0862053409
      vertex 0.0755240172 -0.0213682242 0.0865237191
    endloop
  endfacet
  facet normal -0.20023641 0.927752674 -0.314929396
    outer loop
      vertex 0.0773244128 -0.0175762791 0.0860245004
      vertex 0.077643916 -0.0175130721 0.0860075578
      vertex 0.0776439086 -0.0178347006 0.0850600749
    endloop
  endfacet
  facet normal -0.200230941 0.927754223 -0.314927995
    outer loop
      vertex 0.0773244128 -0.0175762791 0.0860245004
      vertex 0.0776439086 -0.0178347006 0.0850600749
      vertex 0.0773244053 -0.0178951565 0.0850851163
    endloop
  endfacet
  facet normal 0.962658465 0.256351918 -0.0870199353
    outer loop
      vertex 0.0793747455 -0.0196771994 0.086587429
      vertex 0.0795858502 -0.0204038508 0.0867821351
      vertex 0.0795858502 -0.0205996465 0.0862053409
    endloop
  endfacet
  facet normal 0.96265614 0.256356478 -0.087032266
    outer loop
      vertex 0.0793747455 -0.0196771994 0.086587429
      vertex 0.0795858502 -0.0205996465 0.0862053409
      vertex 0.079374738 -0.0199046247 0.0859174579
    endloop
  endfacet
  facet normal -0.987722695 0.147927284 -0.0502146669
    outer loop
      vertex 0.0753823891 -0.0220742282 0.0872297287
      vertex 0.0755240172 -0.021207409 0.0869974643
      vertex 0.0755240172 -0.0213682242 0.0865237191
    endloop
  endfacet
  facet normal -0.987722576 0.147927627 -0.0502142683
    outer loop
      vertex 0.0753823891 -0.0220742282 0.0872297287
      vertex 0.0755240172 -0.0213682242 0.0865237191
      vertex 0.0753823891 -0.0221973099 0.0868671387
    endloop
  endfacet
  facet normal -0.527100325 0.804705501 -0.273156077
    outer loop
      vertex 0.0770103782 -0.0177648291 0.0860750228
      vertex 0.0773244128 -0.0175762791 0.0860245004
      vertex 0.0773244053 -0.0178951565 0.0850851163
    endloop
  endfacet
  facet normal -0.527101696 0.804704428 -0.273156404
    outer loop
      vertex 0.0770103782 -0.0177648291 0.0860750228
      vertex 0.0773244053 -0.0178951565 0.0850851163
      vertex 0.0770103708 -0.0180754978 0.0851598233
    endloop
  endfacet
  facet normal 0.939181745 0.325191885 -0.110398568
    outer loop
      vertex 0.0791340247 -0.0190399457 0.0864166766
      vertex 0.0793747455 -0.0196771994 0.086587429
      vertex 0.079374738 -0.0199046247 0.0859174579
    endloop
  endfacet
  facet normal 0.939182281 0.325190961 -0.110396639
    outer loop
      vertex 0.0791340247 -0.0190399457 0.0864166766
      vertex 0.079374738 -0.0199046247 0.0859174579
      vertex 0.0791340172 -0.0192951094 0.0856649876
    endloop
  endfacet
  facet normal -0.994126022 0.102485016 -0.0347886905
    outer loop
      vertex 0.0752794594 -0.0229894277 0.0874749497
      vertex 0.0753823891 -0.0220742282 0.0872297287
      vertex 0.0753823891 -0.0221973099 0.0868671387
    endloop
  endfacet
  facet normal -0.994126081 0.102484785 -0.0347890258
    outer loop
      vertex 0.0752794594 -0.0229894277 0.0874749497
      vertex 0.0753823891 -0.0221973099 0.0868671387
      vertex 0.0752794594 -0.0230726693 0.0872297287
    endloop
  endfacet
  facet normal -0.726903677 0.650296092 -0.220740125
    outer loop
      vertex 0.0767071769 -0.0180754941 0.0861582607
      vertex 0.0770103782 -0.0177648291 0.0860750228
      vertex 0.0770103708 -0.0180754978 0.0851598233
    endloop
  endfacet
  facet normal -0.726903677 0.650295973 -0.220740139
    outer loop
      vertex 0.0767071769 -0.0180754941 0.0861582607
      vertex 0.0770103708 -0.0180754978 0.0851598233
      vertex 0.0767071694 -0.01837264 0.0852828994
    endloop
  endfacet
  facet normal 0.901545227 0.409719646 -0.139089867
    outer loop
      vertex 0.0788678005 -0.0185029879 0.0862728059
      vertex 0.0791340247 -0.0190399457 0.0864166766
      vertex 0.0791340172 -0.0192951094 0.0856649876
    endloop
  endfacet
  facet normal 0.901550114 0.409712672 -0.139078617
    outer loop
      vertex 0.0788678005 -0.0185029879 0.0862728059
      vertex 0.0791340172 -0.0192951094 0.0856649876
      vertex 0.0788678005 -0.018781526 0.0854522586
    endloop
  endfacet
  facet normal -0.9979707 0.060295321 -0.0204675719
    outer loop
      vertex 0.0752169788 -0.0239373464 0.0877289474
      vertex 0.0752794594 -0.0229894277 0.0874749497
      vertex 0.0752794594 -0.0230726693 0.0872297287
    endloop
  endfacet
  facet normal -0.9979707 0.0602955334 -0.0204672068
    outer loop
      vertex 0.0752169788 -0.0239373464 0.0877289474
      vertex 0.0752794594 -0.0230726693 0.0872297287
      vertex 0.0752169788 -0.0239793267 0.0876052752
    endloop
  endfacet
  facet normal 0.999779403 0.0198870264 -0.00675091427
    outer loop
      vertex 0.0800706968 -0.0239374042 0.0877289474
      vertex 0.0800916255 -0.0249018278 0.0879873633
      vertex 0.0800706968 -0.0239793863 0.0876052752
    endloop
  endfacet
  facet normal -0.838326335 0.516238749 -0.175232768
    outer loop
      vertex 0.0764200017 -0.01850296 0.0862728059
      vertex 0.0767071769 -0.0180754941 0.0861582607
      vertex 0.0767071694 -0.01837264 0.0852828994
    endloop
  endfacet
  facet normal -0.838331103 0.516230226 -0.175235257
    outer loop
      vertex 0.0764200017 -0.01850296 0.0862728059
      vertex 0.0767071694 -0.01837264 0.0852828994
      vertex 0.0764200017 -0.0187814962 0.0854522586
    endloop
  endfacet
  facet normal 0.838342071 0.516213834 -0.175230891
    outer loop
      vertex 0.0785806403 -0.0180755164 0.0861582607
      vertex 0.0788678005 -0.0185029879 0.0862728059
      vertex 0.0788678005 -0.018781526 0.0854522586
    endloop
  endfacet
  facet normal 0.838341534 0.51621443 -0.17523165
    outer loop
      vertex 0.0785806403 -0.0180755164 0.0861582607
      vertex 0.0788678005 -0.018781526 0.0854522586
      vertex 0.0785806403 -0.0183726624 0.0852828994
    endloop
  endfacet
  facet normal -0.999778986 0.0199083667 -0.00675786333
    outer loop
      vertex 0.0751960278 -0.0249017682 0.0879873633
      vertex 0.0752169788 -0.0239373464 0.0877289474
      vertex 0.0752169788 -0.0239793267 0.0876052752
    endloop
  endfacet
  facet normal 0.997972131 0.0602736101 -0.020460695
    outer loop
      vertex 0.0800082386 -0.0229894836 0.0874749497
      vertex 0.0800706968 -0.0239374042 0.0877289474
      vertex 0.0800706968 -0.0239793863 0.0876052752
    endloop
  endfacet
  facet normal 0.997972131 0.0602736808 -0.020460071
    outer loop
      vertex 0.0800082386 -0.0229894836 0.0874749497
      vertex 0.0800706968 -0.0239793863 0.0876052752
      vertex 0.0800082386 -0.023072727 0.0872297212
    endloop
  endfacet
  facet normal -0.901538074 0.409736812 -0.139085874
    outer loop
      vertex 0.0761537701 -0.0190399084 0.0864166766
      vertex 0.0764200017 -0.01850296 0.0862728059
      vertex 0.0764200017 -0.0187814962 0.0854522586
    endloop
  endfacet
  facet normal -0.901539147 0.40973419 -0.139086872
    outer loop
      vertex 0.0761537701 -0.0190399084 0.0864166766
      vertex 0.0764200017 -0.0187814962 0.0854522586
      vertex 0.0761537701 -0.019295074 0.0856649876
    endloop
  endfacet
  facet normal 0.726919353 0.650278389 -0.220740348
    outer loop
      vertex 0.0782774463 -0.017764844 0.0860750228
      vertex 0.0785806403 -0.0180755164 0.0861582607
      vertex 0.0785806403 -0.0183726624 0.0852828994
    endloop
  endfacet
  facet normal 0.72691983 0.650277913 -0.220739856
    outer loop
      vertex 0.0782774463 -0.017764844 0.0860750228
      vertex 0.0785806403 -0.0183726624 0.0852828994
      vertex 0.0782774463 -0.0180755127 0.0851598233
    endloop
  endfacet
  facet normal 0.962655663 0.242803961 -0.119751103
    outer loop
      vertex 0.079374738 -0.0199046247 0.0859174579
      vertex 0.0795858502 -0.0205996465 0.0862053409
      vertex 0.0795858428 -0.020869052 0.085659042
    endloop
  endfacet
  facet normal 0.962658405 0.242800519 -0.119736113
    outer loop
      vertex 0.079374738 -0.0199046247 0.0859174579
      vertex 0.0795858428 -0.020869052 0.085659042
      vertex 0.079374738 -0.0202175546 0.0852828994
    endloop
  endfacet
  facet normal -0.987722814 0.140113249 -0.0690799356
    outer loop
      vertex 0.0753823891 -0.0221973099 0.0868671387
      vertex 0.0755240172 -0.0213682242 0.0865237191
      vertex 0.0755240098 -0.0215894971 0.0860750228
    endloop
  endfacet
  facet normal -0.987723887 0.140100613 -0.069089815
    outer loop
      vertex 0.0753823891 -0.0221973099 0.0868671387
      vertex 0.0755240098 -0.0215894971 0.0860750228
      vertex 0.0753823891 -0.0223666653 0.0865237191
    endloop
  endfacet
  facet normal -0.527103543 0.762163341 -0.375857651
    outer loop
      vertex 0.0770103708 -0.0180754978 0.0851598233
      vertex 0.0773244053 -0.0178951565 0.0850851163
      vertex 0.0773244053 -0.0183339175 0.0841953978
    endloop
  endfacet
  facet normal -0.527090192 0.762173295 -0.375855953
    outer loop
      vertex 0.0770103708 -0.0180754978 0.0851598233
      vertex 0.0773244053 -0.0183339175 0.0841953978
      vertex 0.0770103633 -0.0185029656 0.0842930004
    endloop
  endfacet
  facet normal 0.939182222 0.308003455 -0.15189068
    outer loop
      vertex 0.0791340172 -0.0192951094 0.0856649876
      vertex 0.079374738 -0.0199046247 0.0859174579
      vertex 0.079374738 -0.0202175546 0.0852828994
    endloop
  endfacet
  facet normal 0.93918246 0.308003038 -0.151889503
    outer loop
      vertex 0.0791340172 -0.0192951094 0.0856649876
      vertex 0.079374738 -0.0202175546 0.0852828994
      vertex 0.0791340172 -0.019646205 0.0849530324
    endloop
  endfacet
  facet normal -0.994126022 0.0970671773 -0.0478681289
    outer loop
      vertex 0.0752794594 -0.0230726693 0.0872297287
      vertex 0.0753823891 -0.0221973099 0.0868671387
      vertex 0.0753823891 -0.0223666653 0.0865237191
    endloop
  endfacet
  facet normal -0.994126022 0.0970667079 -0.0478685759
    outer loop
      vertex 0.0752794594 -0.0230726693 0.0872297287
      vertex 0.0753823891 -0.0223666653 0.0865237191
      vertex 0.0752794594 -0.0231872108 0.0869974643
    endloop
  endfacet
  facet normal -0.726903558 0.61592108 -0.303730994
    outer loop
      vertex 0.0767071694 -0.01837264 0.0852828994
      vertex 0.0770103708 -0.0180754978 0.0851598233
      vertex 0.0770103633 -0.0185029656 0.0842930004
    endloop
  endfacet
  facet normal -0.72691375 0.615908265 -0.303732395
    outer loop
      vertex 0.0767071694 -0.01837264 0.0852828994
      vertex 0.0770103633 -0.0185029656 0.0842930004
      vertex 0.0767071694 -0.0187814999 0.0844538137
    endloop
  endfacet
  facet normal 0.901549995 0.388054729 -0.191366404
    outer loop
      vertex 0.0788678005 -0.018781526 0.0854522586
      vertex 0.0791340172 -0.0192951094 0.0856649876
      vertex 0.0791340172 -0.019646205 0.0849530324
    endloop
  endfacet
  facet normal 0.901544929 0.388060361 -0.191378832
    outer loop
      vertex 0.0788678005 -0.018781526 0.0854522586
      vertex 0.0791340172 -0.019646205 0.0849530324
      vertex 0.0788677931 -0.0191647839 0.0846750885
    endloop
  endfacet
  facet normal -0.9979707 0.057107918 -0.0281628482
    outer loop
      vertex 0.0752169788 -0.0239793267 0.0876052752
      vertex 0.0752794594 -0.0230726693 0.0872297287
      vertex 0.0752794594 -0.0231872108 0.0869974643
    endloop
  endfacet
  facet normal -0.997970641 0.0571075752 -0.0281632859
    outer loop
      vertex 0.0752169788 -0.0239793267 0.0876052752
      vertex 0.0752794594 -0.0231872108 0.0869974643
      vertex 0.0752169788 -0.0240370911 0.0874881446
    endloop
  endfacet
  facet normal 0.999779463 0.0188357998 -0.00928880181
    outer loop
      vertex 0.0800706968 -0.0239793863 0.0876052752
      vertex 0.0800916255 -0.0249018278 0.0879873633
      vertex 0.0800706968 -0.0240371488 0.0874881446
    endloop
  endfacet
  facet normal -0.838331521 0.488939911 -0.241118565
    outer loop
      vertex 0.0764200017 -0.0187814962 0.0854522586
      vertex 0.0767071694 -0.01837264 0.0852828994
      vertex 0.0767071694 -0.0187814999 0.0844538137
    endloop
  endfacet
  facet normal -0.838324726 0.488952368 -0.241116598
    outer loop
      vertex 0.0764200017 -0.0187814962 0.0854522586
      vertex 0.0767071694 -0.0187814999 0.0844538137
      vertex 0.0764199942 -0.0191647541 0.0846750885
    endloop
  endfacet
  facet normal 0.838341475 0.488922954 -0.241118148
    outer loop
      vertex 0.0785806403 -0.0183726624 0.0852828994
      vertex 0.0788678005 -0.018781526 0.0854522586
      vertex 0.0788677931 -0.0191647839 0.0846750885
    endloop
  endfacet
  facet normal 0.838341832 0.488922596 -0.241117537
    outer loop
      vertex 0.0785806403 -0.0183726624 0.0852828994
      vertex 0.0788677931 -0.0191647839 0.0846750885
      vertex 0.0785806328 -0.0187815223 0.0844538137
    endloop
  endfacet
  facet normal -0.999778986 0.0188558083 -0.00929896906
    outer loop
      vertex 0.0751960278 -0.0249017682 0.0879873633
      vertex 0.0752169788 -0.0239793267 0.0876052752
      vertex 0.0752169788 -0.0240370911 0.0874881446
    endloop
  endfacet
  facet normal 0.99797225 0.0570873916 -0.0281523932
    outer loop
      vertex 0.0800082386 -0.023072727 0.0872297212
      vertex 0.0800706968 -0.0239793863 0.0876052752
      vertex 0.0800706968 -0.0240371488 0.0874881446
    endloop
  endfacet
  facet normal 0.99797219 0.0570872128 -0.0281530786
    outer loop
      vertex 0.0800082386 -0.023072727 0.0872297212
      vertex 0.0800706968 -0.0240371488 0.0874881446
      vertex 0.0800082386 -0.0231872667 0.0869974643
    endloop
  endfacet
  facet normal -0.901539266 0.388077974 -0.191370249
    outer loop
      vertex 0.0761537701 -0.019295074 0.0856649876
      vertex 0.0764200017 -0.0187814962 0.0854522586
      vertex 0.0764199942 -0.0191647541 0.0846750885
    endloop
  endfacet
  facet normal -0.901538253 0.388080418 -0.191369638
    outer loop
      vertex 0.0761537701 -0.019295074 0.0856649876
      vertex 0.0764199942 -0.0191647541 0.0846750885
      vertex 0.0761537626 -0.0196461696 0.0849530324
    endloop
  endfacet
  facet normal 0.726918697 0.615900934 -0.303735346
    outer loop
      vertex 0.0782774463 -0.0180755127 0.0851598233
      vertex 0.0785806403 -0.0183726624 0.0852828994
      vertex 0.0785806328 -0.0187815223 0.0844538137
    endloop
  endfacet
  facet normal 0.726921082 0.615899444 -0.303732812
    outer loop
      vertex 0.0782774463 -0.0180755127 0.0851598233
      vertex 0.0785806328 -0.0187815223 0.0844538137
      vertex 0.0782774389 -0.0185029805 0.0842930004
    endloop
  endfacet
  facet normal 0.994128585 0.0970458463 -0.0478590541
    outer loop
      vertex 0.0799053311 -0.0221973639 0.0868671387
      vertex 0.0800082386 -0.023072727 0.0872297212
      vertex 0.0800082386 -0.0231872667 0.0869974643
    endloop
  endfacet
  facet normal 0.994128585 0.0970460325 -0.0478576943
    outer loop
      vertex 0.0799053311 -0.0221973639 0.0868671387
      vertex 0.0800082386 -0.0231872667 0.0869974643
      vertex 0.0799053311 -0.0223667193 0.0865237191
    endloop
  endfacet
  facet normal -0.939174652 0.308026105 -0.151891053
    outer loop
      vertex 0.0759130344 -0.0199045837 0.0859174579
      vertex 0.0761537701 -0.019295074 0.0856649876
      vertex 0.0761537626 -0.0196461696 0.0849530324
    endloop
  endfacet
  facet normal -0.939174354 0.308027476 -0.151890591
    outer loop
      vertex 0.0759130344 -0.0199045837 0.0859174579
      vertex 0.0761537626 -0.0196461696 0.0849530324
      vertex 0.0759130269 -0.0202175118 0.0852828994
    endloop
  endfacet
  facet normal 0.527116537 0.762155116 -0.375856072
    outer loop
      vertex 0.0779634118 -0.017895164 0.0850851163
      vertex 0.0782774463 -0.0180755127 0.0851598233
      vertex 0.0782774389 -0.0185029805 0.0842930004
    endloop
  endfacet
  facet normal 0.527112603 0.762156487 -0.375858724
    outer loop
      vertex 0.0779634118 -0.017895164 0.0850851163
      vertex 0.0782774389 -0.0185029805 0.0842930004
      vertex 0.0779634044 -0.0183339249 0.0841953978
    endloop
  endfacet
  facet normal 0.98772651 0.140085593 -0.0690823868
    outer loop
      vertex 0.0797637254 -0.0213682745 0.0865237191
      vertex 0.0799053311 -0.0221973639 0.0868671387
      vertex 0.0799053311 -0.0223667193 0.0865237191
    endloop
  endfacet
  facet normal 0.987725317 0.140085429 -0.0690990165
    outer loop
      vertex 0.0797637254 -0.0213682745 0.0865237191
      vertex 0.0799053311 -0.0223667193 0.0865237191
      vertex 0.0797637179 -0.0215895474 0.0860750228
    endloop
  endfacet
  facet normal -0.962650597 0.242830172 -0.119738691
    outer loop
      vertex 0.0757019073 -0.0205995999 0.0862053409
      vertex 0.0759130344 -0.0199045837 0.0859174579
      vertex 0.0759130269 -0.0202175118 0.0852828994
    endloop
  endfacet
  facet normal -0.9626531 0.242817342 -0.119744584
    outer loop
      vertex 0.0757019073 -0.0205995999 0.0862053409
      vertex 0.0759130269 -0.0202175118 0.0852828994
      vertex 0.0757019073 -0.0208690055 0.085659042
    endloop
  endfacet
  facet normal 0.200250521 0.878705502 -0.433331609
    outer loop
      vertex 0.0776439086 -0.0178347006 0.0850600749
      vertex 0.0779634118 -0.017895164 0.0850851163
      vertex 0.0779634044 -0.0183339249 0.0841953978
    endloop
  endfacet
  facet normal 0.200258657 0.878705204 -0.43332845
    outer loop
      vertex 0.0776439086 -0.0178347006 0.0850600749
      vertex 0.0779634044 -0.0183339249 0.0841953978
      vertex 0.0776439086 -0.0182772484 0.0841626748
    endloop
  endfacet
  facet normal 0.977807045 0.187895253 -0.0926761031
    outer loop
      vertex 0.0795858502 -0.0205996465 0.0862053409
      vertex 0.0797637254 -0.0213682745 0.0865237191
      vertex 0.0797637179 -0.0215895474 0.0860750228
    endloop
  endfacet
  facet normal 0.977807403 0.187894911 -0.092673108
    outer loop
      vertex 0.0795858502 -0.0205996465 0.0862053409
      vertex 0.0797637179 -0.0215895474 0.0860750228
      vertex 0.0795858428 -0.020869052 0.085659042
    endloop
  endfacet
  facet normal -0.977803469 0.187916577 -0.092670463
    outer loop
      vertex 0.0755240172 -0.0213682242 0.0865237191
      vertex 0.0757019073 -0.0205995999 0.0862053409
      vertex 0.0757019073 -0.0208690055 0.085659042
    endloop
  endfacet
  facet normal -0.977801383 0.187931448 -0.0926614702
    outer loop
      vertex 0.0755240172 -0.0213682242 0.0865237191
      vertex 0.0757019073 -0.0208690055 0.085659042
      vertex 0.0755240098 -0.0215894971 0.0860750228
    endloop
  endfacet
  facet normal -0.200230882 0.87871033 -0.433330983
    outer loop
      vertex 0.0773244053 -0.0178951565 0.0850851163
      vertex 0.0776439086 -0.0178347006 0.0850600749
      vertex 0.0776439086 -0.0182772484 0.0841626748
    endloop
  endfacet
  facet normal -0.200234458 0.878709197 -0.433331728
    outer loop
      vertex 0.0773244053 -0.0178951565 0.0850851163
      vertex 0.0776439086 -0.0182772484 0.0841626748
      vertex 0.0773244053 -0.0183339175 0.0841953978
    endloop
  endfacet
  facet normal -0.838325322 0.453295887 -0.30287537
    outer loop
      vertex 0.0764199942 -0.0191647541 0.0846750885
      vertex 0.0767071694 -0.0187814999 0.0844538137
      vertex 0.076707162 -0.0192950796 0.0836851895
    endloop
  endfacet
  facet normal -0.83832562 0.45329538 -0.30287534
    outer loop
      vertex 0.0764199942 -0.0191647541 0.0846750885
      vertex 0.076707162 -0.0192950796 0.0836851895
      vertex 0.0764199868 -0.0196461752 0.083954595
    endloop
  endfacet
  facet normal 0.838341296 0.453267813 -0.302873105
    outer loop
      vertex 0.0785806328 -0.0187815223 0.0844538137
      vertex 0.0788677931 -0.0191647839 0.0846750885
      vertex 0.0788677856 -0.0196462031 0.083954595
    endloop
  endfacet
  facet normal 0.83834374 0.453266144 -0.302868754
    outer loop
      vertex 0.0785806328 -0.0187815223 0.0844538137
      vertex 0.0788677856 -0.0196462031 0.083954595
      vertex 0.0785806254 -0.019295102 0.083685182
    endloop
  endfacet
  facet normal -0.999779046 0.0174808856 -0.0116804158
    outer loop
      vertex 0.0751960278 -0.0249017682 0.0879873633
      vertex 0.0752169788 -0.0240370911 0.0874881446
      vertex 0.0752169788 -0.0241096504 0.0873795524
    endloop
  endfacet
  facet normal 0.997971892 0.0528959259 -0.0354125798
    outer loop
      vertex 0.0800082386 -0.0231872667 0.0869974643
      vertex 0.0800706968 -0.0240371488 0.0874881446
      vertex 0.0800706893 -0.0241097081 0.0873795524
    endloop
  endfacet
  facet normal 0.997972727 0.0529184006 -0.035358429
    outer loop
      vertex 0.0800082386 -0.0231872667 0.0869974643
      vertex 0.0800706893 -0.0241097081 0.0873795524
      vertex 0.0800082386 -0.023331143 0.0867821351
    endloop
  endfacet
  facet normal -0.90153867 0.359779447 -0.240389019
    outer loop
      vertex 0.0761537626 -0.0196461696 0.0849530324
      vertex 0.0764199942 -0.0191647541 0.0846750885
      vertex 0.0764199868 -0.0196461752 0.083954595
    endloop
  endfacet
  facet normal -0.90154326 0.35976702 -0.240390226
    outer loop
      vertex 0.0761537626 -0.0196461696 0.0849530324
      vertex 0.0764199868 -0.0196461752 0.083954595
      vertex 0.0761537626 -0.0200871918 0.0842930004
    endloop
  endfacet
  facet normal 0.726920485 0.570986211 -0.381525159
    outer loop
      vertex 0.0782774389 -0.0185029805 0.0842930004
      vertex 0.0785806328 -0.0187815223 0.0844538137
      vertex 0.0785806254 -0.019295102 0.083685182
    endloop
  endfacet
  facet normal 0.726919711 0.570986569 -0.381526053
    outer loop
      vertex 0.0782774389 -0.0185029805 0.0842930004
      vertex 0.0785806254 -0.019295102 0.083685182
      vertex 0.0782774314 -0.0190399345 0.0834893882
    endloop
  endfacet
  facet normal 0.994128585 0.0899693742 -0.0601147525
    outer loop
      vertex 0.0799053311 -0.0223667193 0.0865237191
      vertex 0.0800082386 -0.0231872667 0.0869974643
      vertex 0.0800082386 -0.023331143 0.0867821351
    endloop
  endfacet
  facet normal 0.994127929 0.0899638906 -0.0601349846
    outer loop
      vertex 0.0799053311 -0.0223667193 0.0865237191
      vertex 0.0800082386 -0.023331143 0.0867821351
      vertex 0.0799053237 -0.022579452 0.0862053409
    endloop
  endfacet
  facet normal -0.939174533 0.285559565 -0.190806061
    outer loop
      vertex 0.0759130269 -0.0202175118 0.0852828994
      vertex 0.0761537626 -0.0196461696 0.0849530324
      vertex 0.0761537626 -0.0200871918 0.0842930004
    endloop
  endfacet
  facet normal -0.939174056 0.285561204 -0.190805718
    outer loop
      vertex 0.0759130269 -0.0202175118 0.0852828994
      vertex 0.0761537626 -0.0200871918 0.0842930004
      vertex 0.0759130269 -0.0206105895 0.0846946165
    endloop
  endfacet
  facet normal 0.527112067 0.706578195 -0.472123146
    outer loop
      vertex 0.0779634044 -0.0183339249 0.0841953978
      vertex 0.0782774389 -0.0185029805 0.0842930004
      vertex 0.0782774314 -0.0190399345 0.0834893882
    endloop
  endfacet
  facet normal 0.527107894 0.706579268 -0.472126126
    outer loop
      vertex 0.0779634044 -0.0183339249 0.0841953978
      vertex 0.0782774314 -0.0190399345 0.0834893882
      vertex 0.0779633969 -0.0188850649 0.0833705589
    endloop
  endfacet
  facet normal 0.987725019 0.12986733 -0.0867973492
    outer loop
      vertex 0.0797637179 -0.0215895474 0.0860750228
      vertex 0.0799053311 -0.0223667193 0.0865237191
      vertex 0.0799053237 -0.022579452 0.0862053409
    endloop
  endfacet
  facet normal 0.98772651 0.129870266 -0.0867765397
    outer loop
      vertex 0.0797637179 -0.0215895474 0.0860750228
      vertex 0.0799053237 -0.022579452 0.0862053409
      vertex 0.0797637179 -0.0218674969 0.085659042
    endloop
  endfacet
  facet normal -0.96265316 0.225110367 -0.150413796
    outer loop
      vertex 0.0757019073 -0.0208690055 0.085659042
      vertex 0.0759130269 -0.0202175118 0.0852828994
      vertex 0.0759130269 -0.0206105895 0.0846946165
    endloop
  endfacet
  facet normal -0.962650537 0.225124225 -0.150409505
    outer loop
      vertex 0.0757019073 -0.0208690055 0.085659042
      vertex 0.0759130269 -0.0206105895 0.0846946165
      vertex 0.0757018998 -0.0212074127 0.0851525813
    endloop
  endfacet
  facet normal 0.200258836 0.814625621 -0.544317424
    outer loop
      vertex 0.0776439086 -0.0182772484 0.0841626748
      vertex 0.0779634044 -0.0183339249 0.0841953978
      vertex 0.0779633969 -0.0188850649 0.0833705589
    endloop
  endfacet
  facet normal 0.200256273 0.814625561 -0.544318438
    outer loop
      vertex 0.0776439086 -0.0182772484 0.0841626748
      vertex 0.0779633969 -0.0188850649 0.0833705589
      vertex 0.0776439011 -0.0188331436 0.0833307207
    endloop
  endfacet
  facet normal 0.977807224 0.174198508 -0.116395712
    outer loop
      vertex 0.0795858428 -0.020869052 0.085659042
      vertex 0.0797637179 -0.0215895474 0.0860750228
      vertex 0.0797637179 -0.0218674969 0.085659042
    endloop
  endfacet
  facet normal 0.977807164 0.174198523 -0.116396077
    outer loop
      vertex 0.0795858428 -0.020869052 0.085659042
      vertex 0.0797637179 -0.0218674969 0.085659042
      vertex 0.0795858428 -0.0212074593 0.0851525813
    endloop
  endfacet
  facet normal -0.9778018 0.174225926 -0.116400018
    outer loop
      vertex 0.0755240098 -0.0215894971 0.0860750228
      vertex 0.0757019073 -0.0208690055 0.085659042
      vertex 0.0757018998 -0.0212074127 0.0851525813
    endloop
  endfacet
  facet normal -0.977803349 0.174213991 -0.116405278
    outer loop
      vertex 0.0755240098 -0.0215894971 0.0860750228
      vertex 0.0757018998 -0.0212074127 0.0851525813
      vertex 0.0755240098 -0.0218674447 0.085659042
    endloop
  endfacet
  facet normal -0.200236127 0.814630628 -0.544318259
    outer loop
      vertex 0.0773244053 -0.0183339175 0.0841953978
      vertex 0.0776439086 -0.0182772484 0.0841626748
      vertex 0.0776439011 -0.0188331436 0.0833307207
    endloop
  endfacet
  facet normal -0.200233519 0.814631581 -0.544317842
    outer loop
      vertex 0.0773244053 -0.0183339175 0.0841953978
      vertex 0.0776439011 -0.0188331436 0.0833307207
      vertex 0.0773243979 -0.0188850574 0.0833705589
    endloop
  endfacet
  facet normal 0.962658465 0.225094527 -0.150403813
    outer loop
      vertex 0.079374738 -0.0202175546 0.0852828994
      vertex 0.0795858428 -0.020869052 0.085659042
      vertex 0.0795858428 -0.0212074593 0.0851525813
    endloop
  endfacet
  facet normal 0.96265626 0.225095585 -0.150415406
    outer loop
      vertex 0.079374738 -0.0202175546 0.0852828994
      vertex 0.0795858428 -0.0212074593 0.0851525813
      vertex 0.0793747306 -0.0206106305 0.0846946165
    endloop
  endfacet
  facet normal -0.987723827 0.129884183 -0.0867852643
    outer loop
      vertex 0.0753823891 -0.0223666653 0.0865237191
      vertex 0.0755240098 -0.0215894971 0.0860750228
      vertex 0.0755240098 -0.0218674447 0.085659042
    endloop
  endfacet
  facet normal -0.987722397 0.129902348 -0.086774528
    outer loop
      vertex 0.0753823891 -0.0223666653 0.0865237191
      vertex 0.0755240098 -0.0218674447 0.085659042
      vertex 0.0753823817 -0.022579398 0.0862053409
    endloop
  endfacet
  facet normal -0.527091146 0.706592262 -0.472125292
    outer loop
      vertex 0.0770103633 -0.0185029656 0.0842930004
      vertex 0.0773244053 -0.0183339175 0.0841953978
      vertex 0.0773243979 -0.0188850574 0.0833705589
    endloop
  endfacet
  facet normal -0.527095675 0.706588864 -0.472125471
    outer loop
      vertex 0.0770103633 -0.0185029656 0.0842930004
      vertex 0.0773243979 -0.0188850574 0.0833705589
      vertex 0.0770103633 -0.0190399196 0.0834893882
    endloop
  endfacet
  facet normal 0.939182222 0.285537571 -0.190800935
    outer loop
      vertex 0.0791340172 -0.019646205 0.0849530324
      vertex 0.079374738 -0.0202175546 0.0852828994
      vertex 0.0793747306 -0.0206106305 0.0846946165
    endloop
  endfacet
  facet normal 0.939181983 0.285537809 -0.190802142
    outer loop
      vertex 0.0791340172 -0.019646205 0.0849530324
      vertex 0.0793747306 -0.0206106305 0.0846946165
      vertex 0.0791340098 -0.0200872272 0.0842930004
    endloop
  endfacet
  facet normal -0.994126201 0.0899982899 -0.0601114333
    outer loop
      vertex 0.0752794594 -0.0231872108 0.0869974643
      vertex 0.0753823891 -0.0223666653 0.0865237191
      vertex 0.0753823817 -0.022579398 0.0862053409
    endloop
  endfacet
  facet normal -0.994125783 0.0900064483 -0.0601051152
    outer loop
      vertex 0.0752794594 -0.0231872108 0.0869974643
      vertex 0.0753823817 -0.022579398 0.0862053409
      vertex 0.0752794519 -0.0233310871 0.0867821351
    endloop
  endfacet
  facet normal -0.726913989 0.570994675 -0.381524682
    outer loop
      vertex 0.0767071694 -0.0187814999 0.0844538137
      vertex 0.0770103633 -0.0185029656 0.0842930004
      vertex 0.0770103633 -0.0190399196 0.0834893882
    endloop
  endfacet
  facet normal -0.726908684 0.571001232 -0.381524801
    outer loop
      vertex 0.0767071694 -0.0187814999 0.0844538137
      vertex 0.0770103633 -0.0190399196 0.0834893882
      vertex 0.076707162 -0.0192950796 0.0836851895
    endloop
  endfacet
  facet normal 0.901544392 0.359760404 -0.240396008
    outer loop
      vertex 0.0788677931 -0.0191647839 0.0846750885
      vertex 0.0791340172 -0.019646205 0.0849530324
      vertex 0.0791340098 -0.0200872272 0.0842930004
    endloop
  endfacet
  facet normal 0.901545286 0.359759629 -0.240393475
    outer loop
      vertex 0.0788677931 -0.0191647839 0.0846750885
      vertex 0.0791340098 -0.0200872272 0.0842930004
      vertex 0.0788677856 -0.0196462031 0.083954595
    endloop
  endfacet
  facet normal -0.997970819 0.0529580787 -0.0353504084
    outer loop
      vertex 0.0752169788 -0.0240370911 0.0874881446
      vertex 0.0752794594 -0.0231872108 0.0869974643
      vertex 0.0752794519 -0.0233310871 0.0867821351
    endloop
  endfacet
  facet normal -0.997971177 0.0529369935 -0.0353715345
    outer loop
      vertex 0.0752169788 -0.0240370911 0.0874881446
      vertex 0.0752794519 -0.0233310871 0.0867821351
      vertex 0.0752169788 -0.0241096504 0.0873795524
    endloop
  endfacet
  facet normal 0.999779344 0.0174336378 -0.011717435
    outer loop
      vertex 0.0800706968 -0.0240371488 0.0874881446
      vertex 0.0800916255 -0.0249018278 0.0879873633
      vertex 0.0800706893 -0.0241097081 0.0873795524
    endloop
  endfacet
  facet normal 0.98772639 0.117432289 -0.102986142
    outer loop
      vertex 0.0797637179 -0.0218674969 0.085659042
      vertex 0.0799053237 -0.022579452 0.0862053409
      vertex 0.0799053237 -0.0228319205 0.0859174579
    endloop
  endfacet
  facet normal 0.987725377 0.117428288 -0.10300047
    outer loop
      vertex 0.0797637179 -0.0218674969 0.085659042
      vertex 0.0799053237 -0.0228319205 0.0859174579
      vertex 0.0797637105 -0.022197362 0.0852828994
    endloop
  endfacet
  facet normal -0.962650955 0.20356372 -0.178507492
    outer loop
      vertex 0.0757018998 -0.0212074127 0.0851525813
      vertex 0.0759130269 -0.0206105895 0.0846946165
      vertex 0.0759130195 -0.0210770909 0.0841626748
    endloop
  endfacet
  facet normal -0.962652862 0.20355317 -0.178509325
    outer loop
      vertex 0.0757018998 -0.0212074127 0.0851525813
      vertex 0.0759130195 -0.0210770909 0.0841626748
      vertex 0.0757018998 -0.0216090325 0.0846946165
    endloop
  endfacet
  facet normal 0.200255632 0.736610591 -0.645989537
    outer loop
      vertex 0.0776439011 -0.0188331436 0.0833307207
      vertex 0.0779633969 -0.0188850649 0.0833705589
      vertex 0.0779633895 -0.0195391532 0.0826247111
    endloop
  endfacet
  facet normal 0.200244576 0.736609876 -0.645993769
    outer loop
      vertex 0.0776439011 -0.0188331436 0.0833307207
      vertex 0.0779633895 -0.0195391532 0.0826247111
      vertex 0.0776438937 -0.0194928758 0.082578443
    endloop
  endfacet
  facet normal 0.977806985 0.157507434 -0.138148412
    outer loop
      vertex 0.0795858428 -0.0212074593 0.0851525813
      vertex 0.0797637179 -0.0218674969 0.085659042
      vertex 0.0797637105 -0.022197362 0.0852828994
    endloop
  endfacet
  facet normal 0.977807343 0.157507941 -0.138145089
    outer loop
      vertex 0.0795858428 -0.0212074593 0.0851525813
      vertex 0.0797637105 -0.022197362 0.0852828994
      vertex 0.0795858353 -0.0216090791 0.0846946165
    endloop
  endfacet
  facet normal -0.97780329 0.157529861 -0.138148412
    outer loop
      vertex 0.0755240098 -0.0218674447 0.085659042
      vertex 0.0757018998 -0.0212074127 0.0851525813
      vertex 0.0757018998 -0.0216090325 0.0846946165
    endloop
  endfacet
  facet normal -0.977801442 0.157545522 -0.138143867
    outer loop
      vertex 0.0755240098 -0.0218674447 0.085659042
      vertex 0.0757018998 -0.0216090325 0.0846946165
      vertex 0.0755240023 -0.0221973117 0.0852828994
    endloop
  endfacet
  facet normal -0.200234622 0.736613393 -0.645992875
    outer loop
      vertex 0.0773243979 -0.0188850574 0.0833705589
      vertex 0.0776439011 -0.0188331436 0.0833307207
      vertex 0.0776438937 -0.0194928758 0.082578443
    endloop
  endfacet
  facet normal -0.20022358 0.736617565 -0.645991683
    outer loop
      vertex 0.0773243979 -0.0188850574 0.0833705589
      vertex 0.0776438937 -0.0194928758 0.082578443
      vertex 0.0773243904 -0.0195391458 0.0826247111
    endloop
  endfacet
  facet normal 0.962655962 0.203537017 -0.178510815
    outer loop
      vertex 0.0793747306 -0.0206106305 0.0846946165
      vertex 0.0795858428 -0.0212074593 0.0851525813
      vertex 0.0795858353 -0.0216090791 0.0846946165
    endloop
  endfacet
  facet normal 0.962658286 0.203537524 -0.178498015
    outer loop
      vertex 0.0793747306 -0.0206106305 0.0846946165
      vertex 0.0795858353 -0.0216090791 0.0846946165
      vertex 0.0793747306 -0.0210771319 0.0841626748
    endloop
  endfacet
  facet normal -0.987722695 0.117460065 -0.10298977
    outer loop
      vertex 0.0753823817 -0.022579398 0.0862053409
      vertex 0.0755240098 -0.0218674447 0.085659042
      vertex 0.0755240023 -0.0221973117 0.0852828994
    endloop
  endfacet
  facet normal -0.987723947 0.117444165 -0.102996551
    outer loop
      vertex 0.0753823817 -0.022579398 0.0862053409
      vertex 0.0755240023 -0.0221973117 0.0852828994
      vertex 0.0753823817 -0.0228318665 0.0859174579
    endloop
  endfacet
  facet normal -0.527095735 0.638921678 -0.560311735
    outer loop
      vertex 0.0770103633 -0.0190399196 0.0834893882
      vertex 0.0773243979 -0.0188850574 0.0833705589
      vertex 0.0773243904 -0.0195391458 0.0826247111
    endloop
  endfacet
  facet normal -0.527097881 0.638920069 -0.560311556
    outer loop
      vertex 0.0770103633 -0.0190399196 0.0834893882
      vertex 0.0773243904 -0.0195391458 0.0826247111
      vertex 0.0770103559 -0.0196771715 0.0827627406
    endloop
  endfacet
  facet normal 0.939181685 0.258197248 -0.226433381
    outer loop
      vertex 0.0791340098 -0.0200872272 0.0842930004
      vertex 0.0793747306 -0.0206106305 0.0846946165
      vertex 0.0793747306 -0.0210771319 0.0841626748
    endloop
  endfacet
  facet normal 0.939178169 0.258198112 -0.226446778
    outer loop
      vertex 0.0791340098 -0.0200872272 0.0842930004
      vertex 0.0793747306 -0.0210771319 0.0841626748
      vertex 0.0791340023 -0.0206106286 0.0836961791
    endloop
  endfacet
  facet normal -0.994126081 0.0813701153 -0.0713602006
    outer loop
      vertex 0.0752794519 -0.0233310871 0.0867821351
      vertex 0.0753823817 -0.022579398 0.0862053409
      vertex 0.0753823817 -0.0228318665 0.0859174579
    endloop
  endfacet
  facet normal -0.994126022 0.0813710541 -0.0713596418
    outer loop
      vertex 0.0752794519 -0.0233310871 0.0867821351
      vertex 0.0753823817 -0.0228318665 0.0859174579
      vertex 0.0752794519 -0.0235018376 0.086587429
    endloop
  endfacet
  facet normal -0.726910293 0.516316831 -0.452789545
    outer loop
      vertex 0.076707162 -0.0192950796 0.0836851895
      vertex 0.0770103633 -0.0190399196 0.0834893882
      vertex 0.0770103559 -0.0196771715 0.0827627406
    endloop
  endfacet
  facet normal -0.726908445 0.516319156 -0.452789873
    outer loop
      vertex 0.076707162 -0.0192950796 0.0836851895
      vertex 0.0770103559 -0.0196771715 0.0827627406
      vertex 0.0767071545 -0.019904593 0.0829901695
    endloop
  endfacet
  facet normal 0.901544631 0.325304031 -0.285297006
    outer loop
      vertex 0.0788677856 -0.0196462031 0.083954595
      vertex 0.0791340098 -0.0200872272 0.0842930004
      vertex 0.0791340023 -0.0206106286 0.0836961791
    endloop
  endfacet
  facet normal 0.901545644 0.325303674 -0.285294652
    outer loop
      vertex 0.0788677856 -0.0196462031 0.083954595
      vertex 0.0791340023 -0.0206106286 0.0836961791
      vertex 0.0788677782 -0.0202175491 0.0833031014
    endloop
  endfacet
  facet normal -0.997971237 0.0478675067 -0.0419781841
    outer loop
      vertex 0.0752169788 -0.0241096504 0.0873795524
      vertex 0.0752794519 -0.0233310871 0.0867821351
      vertex 0.0752794519 -0.0235018376 0.086587429
    endloop
  endfacet
  facet normal -0.997971237 0.0478689708 -0.0419770554
    outer loop
      vertex 0.0752169788 -0.0241096504 0.0873795524
      vertex 0.0752794519 -0.0235018376 0.086587429
      vertex 0.0752169788 -0.0241957624 0.0872813538
    endloop
  endfacet
  facet normal 0.999779344 0.0157959536 -0.0138517218
    outer loop
      vertex 0.0800706893 -0.0241097081 0.0873795524
      vertex 0.0800916255 -0.0249018278 0.0879873633
      vertex 0.0800706893 -0.0241958201 0.0872813538
    endloop
  endfacet
  facet normal -0.838326037 0.409885198 -0.359449029
    outer loop
      vertex 0.0764199868 -0.0196461752 0.083954595
      vertex 0.076707162 -0.0192950796 0.0836851895
      vertex 0.0767071545 -0.019904593 0.0829901695
    endloop
  endfacet
  facet normal -0.838333189 0.409871787 -0.359447539
    outer loop
      vertex 0.0764199868 -0.0196461752 0.083954595
      vertex 0.0767071545 -0.019904593 0.0829901695
      vertex 0.0764199868 -0.0202175193 0.0833031014
    endloop
  endfacet
  facet normal 0.83834362 0.409854412 -0.359443098
    outer loop
      vertex 0.0785806254 -0.019295102 0.083685182
      vertex 0.0788677856 -0.0196462031 0.083954595
      vertex 0.0788677782 -0.0202175491 0.0833031014
    endloop
  endfacet
  facet normal 0.838343084 0.40985468 -0.359444112
    outer loop
      vertex 0.0785806254 -0.019295102 0.083685182
      vertex 0.0788677782 -0.0202175491 0.0833031014
      vertex 0.0785806179 -0.0199046154 0.0829901695
    endloop
  endfacet
  facet normal -0.999778986 0.0158072133 -0.013861591
    outer loop
      vertex 0.0751960278 -0.0249017682 0.0879873633
      vertex 0.0752169788 -0.0241096504 0.0873795524
      vertex 0.0752169788 -0.0241957624 0.0872813538
    endloop
  endfacet
  facet normal 0.997972727 0.0478514694 -0.0419617109
    outer loop
      vertex 0.0800082386 -0.023331143 0.0867821351
      vertex 0.0800706893 -0.0241097081 0.0873795524
      vertex 0.0800706893 -0.0241958201 0.0872813538
    endloop
  endfacet
  facet normal 0.99797225 0.0478359051 -0.0419886447
    outer loop
      vertex 0.0800082386 -0.023331143 0.0867821351
      vertex 0.0800706893 -0.0241958201 0.0872813538
      vertex 0.0800082311 -0.0235018935 0.086587429
    endloop
  endfacet
  facet normal -0.901543319 0.325312942 -0.285291523
    outer loop
      vertex 0.0761537626 -0.0200871918 0.0842930004
      vertex 0.0764199868 -0.0196461752 0.083954595
      vertex 0.0764199868 -0.0202175193 0.0833031014
    endloop
  endfacet
  facet normal -0.901539266 0.32532385 -0.285291821
    outer loop
      vertex 0.0761537626 -0.0200871918 0.0842930004
      vertex 0.0764199868 -0.0202175193 0.0833031014
      vertex 0.0761537552 -0.0206105933 0.0836961791
    endloop
  endfacet
  facet normal 0.726918936 0.516300619 -0.452794135
    outer loop
      vertex 0.0782774314 -0.0190399345 0.0834893882
      vertex 0.0785806254 -0.019295102 0.083685182
      vertex 0.0785806179 -0.0199046154 0.0829901695
    endloop
  endfacet
  facet normal 0.726923227 0.516299129 -0.452788919
    outer loop
      vertex 0.0782774314 -0.0190399345 0.0834893882
      vertex 0.0785806179 -0.0199046154 0.0829901695
      vertex 0.078277424 -0.0196771864 0.0827627406
    endloop
  endfacet
  facet normal 0.994127631 0.08134152 -0.0713717639
    outer loop
      vertex 0.0799053237 -0.022579452 0.0862053409
      vertex 0.0800082386 -0.023331143 0.0867821351
      vertex 0.0800082311 -0.0235018935 0.086587429
    endloop
  endfacet
  facet normal 0.994128525 0.0813527331 -0.0713449717
    outer loop
      vertex 0.0799053237 -0.022579452 0.0862053409
      vertex 0.0800082311 -0.0235018935 0.086587429
      vertex 0.0799053237 -0.0228319205 0.0859174579
    endloop
  endfacet
  facet normal -0.939174235 0.258217782 -0.226440579
    outer loop
      vertex 0.0759130269 -0.0206105895 0.0846946165
      vertex 0.0761537626 -0.0200871918 0.0842930004
      vertex 0.0761537552 -0.0206105933 0.0836961791
    endloop
  endfacet
  facet normal -0.939173579 0.258220226 -0.22644043
    outer loop
      vertex 0.0759130269 -0.0206105895 0.0846946165
      vertex 0.0761537552 -0.0206105933 0.0836961791
      vertex 0.0759130195 -0.0210770909 0.0841626748
    endloop
  endfacet
  facet normal 0.527106404 0.638910651 -0.560314178
    outer loop
      vertex 0.0779633969 -0.0188850649 0.0833705589
      vertex 0.0782774314 -0.0190399345 0.0834893882
      vertex 0.078277424 -0.0196771864 0.0827627406
    endloop
  endfacet
  facet normal 0.527108967 0.638910234 -0.560312212
    outer loop
      vertex 0.0779633969 -0.0188850649 0.0833705589
      vertex 0.078277424 -0.0196771864 0.0827627406
      vertex 0.0779633895 -0.0195391532 0.0826247111
    endloop
  endfacet
  facet normal 0.939177573 0.226431295 -0.258213848
    outer loop
      vertex 0.0791340023 -0.0206106286 0.0836961791
      vertex 0.0793747306 -0.0210771319 0.0841626748
      vertex 0.0793747231 -0.0216090754 0.0836961791
    endloop
  endfacet
  facet normal 0.939179182 0.226431683 -0.25820753
    outer loop
      vertex 0.0791340023 -0.0206106286 0.0836961791
      vertex 0.0793747231 -0.0216090754 0.0836961791
      vertex 0.0791339949 -0.0212074518 0.0831727758
    endloop
  endfacet
  facet normal -0.994126201 0.0713741481 -0.0813565925
    outer loop
      vertex 0.0752794519 -0.0235018376 0.086587429
      vertex 0.0753823817 -0.0228318665 0.0859174579
      vertex 0.0753823742 -0.0231197514 0.0856649876
    endloop
  endfacet
  facet normal -0.994126916 0.0713553205 -0.0813644677
    outer loop
      vertex 0.0752794519 -0.0235018376 0.086587429
      vertex 0.0753823742 -0.0231197514 0.0856649876
      vertex 0.0752794519 -0.0236965418 0.0864166766
    endloop
  endfacet
  facet normal -0.726909637 0.452801049 -0.516307533
    outer loop
      vertex 0.0767071545 -0.019904593 0.0829901695
      vertex 0.0770103559 -0.0196771715 0.0827627406
      vertex 0.077010341 -0.0204038192 0.0821254924
    endloop
  endfacet
  facet normal -0.726910353 0.452800304 -0.516307354
    outer loop
      vertex 0.0767071545 -0.019904593 0.0829901695
      vertex 0.077010341 -0.0204038192 0.0821254924
      vertex 0.0767071471 -0.0205996092 0.0823806524
    endloop
  endfacet
  facet normal 0.901545227 0.285283774 -0.325314462
    outer loop
      vertex 0.0788677782 -0.0202175491 0.0833031014
      vertex 0.0791340023 -0.0206106286 0.0836961791
      vertex 0.0791339949 -0.0212074518 0.0831727758
    endloop
  endfacet
  facet normal 0.901545465 0.285283715 -0.325313717
    outer loop
      vertex 0.0788677782 -0.0202175491 0.0833031014
      vertex 0.0791339949 -0.0212074518 0.0831727758
      vertex 0.0788677707 -0.0208690427 0.0827317536
    endloop
  endfacet
  facet normal -0.997971237 0.0419787914 -0.0478672273
    outer loop
      vertex 0.0752169788 -0.0241957624 0.0872813538
      vertex 0.0752794519 -0.0235018376 0.086587429
      vertex 0.0752794519 -0.0236965418 0.0864166766
    endloop
  endfacet
  facet normal -0.997971237 0.0419764072 -0.0478686094
    outer loop
      vertex 0.0752169788 -0.0241957624 0.0872813538
      vertex 0.0752794519 -0.0236965418 0.0864166766
      vertex 0.0752169788 -0.0242939554 0.0871952474
    endloop
  endfacet
  facet normal 0.999779344 0.0138516584 -0.0157960095
    outer loop
      vertex 0.0800706893 -0.0241958201 0.0872813538
      vertex 0.0800916255 -0.0249018278 0.0879873633
      vertex 0.0800706893 -0.0242940132 0.0871952474
    endloop
  endfacet
  facet normal -0.838333726 0.359453678 -0.40986532
    outer loop
      vertex 0.0764199868 -0.0202175193 0.0833031014
      vertex 0.0767071545 -0.019904593 0.0829901695
      vertex 0.0767071471 -0.0205996092 0.0823806524
    endloop
  endfacet
  facet normal -0.838333666 0.359453827 -0.40986532
    outer loop
      vertex 0.0764199868 -0.0202175193 0.0833031014
      vertex 0.0767071471 -0.0205996092 0.0823806524
      vertex 0.0764199793 -0.0208690129 0.0827317536
    endloop
  endfacet
  facet normal 0.838342488 0.359433979 -0.409864575
    outer loop
      vertex 0.0785806179 -0.0199046154 0.0829901695
      vertex 0.0788677782 -0.0202175491 0.0833031014
      vertex 0.0788677707 -0.0208690427 0.0827317536
    endloop
  endfacet
  facet normal 0.838343263 0.3594338 -0.409863144
    outer loop
      vertex 0.0785806179 -0.0199046154 0.0829901695
      vertex 0.0788677707 -0.0208690427 0.0827317536
      vertex 0.0785806105 -0.0205996316 0.0823806524
    endloop
  endfacet
  facet normal -0.999779046 0.0138615258 -0.0158072654
    outer loop
      vertex 0.0751960278 -0.0249017682 0.0879873633
      vertex 0.0752169788 -0.0241957624 0.0872813538
      vertex 0.0752169788 -0.0242939554 0.0871952474
    endloop
  endfacet
  facet normal 0.997972131 0.0419668593 -0.0478577092
    outer loop
      vertex 0.0800082311 -0.0235018935 0.086587429
      vertex 0.0800706893 -0.0241958201 0.0872813538
      vertex 0.0800706893 -0.0242940132 0.0871952474
    endloop
  endfacet
  facet normal 0.997972131 0.0419683345 -0.0478557684
    outer loop
      vertex 0.0800082311 -0.0235018935 0.086587429
      vertex 0.0800706893 -0.0242940132 0.0871952474
      vertex 0.0800082311 -0.0236965995 0.0864166766
    endloop
  endfacet
  facet normal -0.901539743 0.285303235 -0.325312465
    outer loop
      vertex 0.0761537552 -0.0206105933 0.0836961791
      vertex 0.0764199868 -0.0202175193 0.0833031014
      vertex 0.0764199793 -0.0208690129 0.0827317536
    endloop
  endfacet
  facet normal -0.901539207 0.285304666 -0.325312644
    outer loop
      vertex 0.0761537552 -0.0206105933 0.0836961791
      vertex 0.0764199793 -0.0208690129 0.0827317536
      vertex 0.0761537477 -0.0212074164 0.0831727758
    endloop
  endfacet
  facet normal 0.726922929 0.45278272 -0.516305029
    outer loop
      vertex 0.078277424 -0.0196771864 0.0827627406
      vertex 0.0785806179 -0.0199046154 0.0829901695
      vertex 0.0785806105 -0.0205996316 0.0823806524
    endloop
  endfacet
  facet normal 0.726916134 0.452784002 -0.516313553
    outer loop
      vertex 0.078277424 -0.0196771864 0.0827627406
      vertex 0.0785806105 -0.0205996316 0.0823806524
      vertex 0.0782774165 -0.0204038341 0.0821254924
    endloop
  endfacet
  facet normal 0.994128585 0.0713446662 -0.0813530833
    outer loop
      vertex 0.0799053237 -0.0228319205 0.0859174579
      vertex 0.0800082311 -0.0235018935 0.086587429
      vertex 0.0800082311 -0.0236965995 0.0864166766
    endloop
  endfacet
  facet normal 0.99412787 0.0713346601 -0.0813702419
    outer loop
      vertex 0.0799053237 -0.0228319205 0.0859174579
      vertex 0.0800082311 -0.0236965995 0.0864166766
      vertex 0.0799053162 -0.0231198054 0.0856649876
    endloop
  endfacet
  facet normal -0.939173937 0.226454362 -0.258206636
    outer loop
      vertex 0.0759130195 -0.0210770909 0.0841626748
      vertex 0.0761537552 -0.0206105933 0.0836961791
      vertex 0.0761537477 -0.0212074164 0.0831727758
    endloop
  endfacet
  facet normal -0.939174592 0.226451918 -0.258206457
    outer loop
      vertex 0.0759130195 -0.0210770909 0.0841626748
      vertex 0.0761537477 -0.0212074164 0.0831727758
      vertex 0.075913012 -0.0216090325 0.0836961791
    endloop
  endfacet
  facet normal 0.527107954 0.560305476 -0.63891691
    outer loop
      vertex 0.0779633895 -0.0195391532 0.0826247111
      vertex 0.078277424 -0.0196771864 0.0827627406
      vertex 0.0782774165 -0.0204038341 0.0821254924
    endloop
  endfacet
  facet normal 0.527113497 0.560305119 -0.638912737
    outer loop
      vertex 0.0779633895 -0.0195391532 0.0826247111
      vertex 0.0782774165 -0.0204038341 0.0821254924
      vertex 0.077963382 -0.0202849973 0.0819706246
    endloop
  endfacet
  facet normal 0.987725139 0.102977373 -0.117451333
    outer loop
      vertex 0.0797637105 -0.022197362 0.0852828994
      vertex 0.0799053237 -0.0228319205 0.0859174579
      vertex 0.0799053162 -0.0231198054 0.0856649876
    endloop
  endfacet
  facet normal 0.98772645 0.102985471 -0.117432259
    outer loop
      vertex 0.0797637105 -0.022197362 0.0852828994
      vertex 0.0799053162 -0.0231198054 0.0856649876
      vertex 0.0797637105 -0.0225735027 0.0849530324
    endloop
  endfacet
  facet normal -0.962653041 0.178516641 -0.203545853
    outer loop
      vertex 0.0757018998 -0.0216090325 0.0846946165
      vertex 0.0759130195 -0.0210770909 0.0841626748
      vertex 0.075913012 -0.0216090325 0.0836961791
    endloop
  endfacet
  facet normal -0.962652504 0.178519711 -0.203545749
    outer loop
      vertex 0.0757018998 -0.0216090325 0.0846946165
      vertex 0.075913012 -0.0216090325 0.0836961791
      vertex 0.0757018924 -0.0220669899 0.0842930004
    endloop
  endfacet
  facet normal 0.200242013 0.645989895 -0.736613989
    outer loop
      vertex 0.0776438937 -0.0194928758 0.082578443
      vertex 0.0779633895 -0.0195391532 0.0826247111
      vertex 0.077963382 -0.0202849973 0.0819706246
    endloop
  endfacet
  facet normal 0.200246051 0.645990312 -0.736612439
    outer loop
      vertex 0.0776438937 -0.0194928758 0.082578443
      vertex 0.077963382 -0.0202849973 0.0819706246
      vertex 0.0776438788 -0.0202451553 0.081918709
    endloop
  endfacet
  facet normal 0.977807164 0.138137534 -0.157515451
    outer loop
      vertex 0.0795858353 -0.0216090791 0.0846946165
      vertex 0.0797637105 -0.022197362 0.0852828994
      vertex 0.0797637105 -0.0225735027 0.0849530324
    endloop
  endfacet
  facet normal 0.977805495 0.138133392 -0.157529756
    outer loop
      vertex 0.0795858353 -0.0216090791 0.0846946165
      vertex 0.0797637105 -0.0225735027 0.0849530324
      vertex 0.0795858279 -0.0220670365 0.0842930004
    endloop
  endfacet
  facet normal -0.9778018 0.138162598 -0.157526806
    outer loop
      vertex 0.0755240023 -0.0221973117 0.0852828994
      vertex 0.0757018998 -0.0216090325 0.0846946165
      vertex 0.0757018924 -0.0220669899 0.0842930004
    endloop
  endfacet
  facet normal -0.977803349 0.138149872 -0.157528728
    outer loop
      vertex 0.0755240023 -0.0221973117 0.0852828994
      vertex 0.0757018924 -0.0220669899 0.0842930004
      vertex 0.0755240023 -0.0225734506 0.0849530324
    endloop
  endfacet
  facet normal -0.200223148 0.645997941 -0.736612082
    outer loop
      vertex 0.0773243904 -0.0195391458 0.0826247111
      vertex 0.0776438937 -0.0194928758 0.082578443
      vertex 0.0776438788 -0.0202451553 0.081918709
    endloop
  endfacet
  facet normal -0.200236097 0.645992994 -0.736612916
    outer loop
      vertex 0.0773243904 -0.0195391458 0.0826247111
      vertex 0.0776438788 -0.0202451553 0.081918709
      vertex 0.077324383 -0.0202849898 0.0819706246
    endloop
  endfacet
  facet normal 0.962657988 0.178489089 -0.203546554
    outer loop
      vertex 0.0793747306 -0.0210771319 0.0841626748
      vertex 0.0795858353 -0.0216090791 0.0846946165
      vertex 0.0795858279 -0.0220670365 0.0842930004
    endloop
  endfacet
  facet normal 0.962658107 0.178489193 -0.203545988
    outer loop
      vertex 0.0793747306 -0.0210771319 0.0841626748
      vertex 0.0795858279 -0.0220670365 0.0842930004
      vertex 0.0793747231 -0.0216090754 0.0836961791
    endloop
  endfacet
  facet normal -0.987723887 0.102996454 -0.11744418
    outer loop
      vertex 0.0753823817 -0.0228318665 0.0859174579
      vertex 0.0755240023 -0.0221973117 0.0852828994
      vertex 0.0755240023 -0.0225734506 0.0849530324
    endloop
  endfacet
  facet normal -0.987722456 0.103017166 -0.117438406
    outer loop
      vertex 0.0753823817 -0.0228318665 0.0859174579
      vertex 0.0755240023 -0.0225734506 0.0849530324
      vertex 0.0753823742 -0.0231197514 0.0856649876
    endloop
  endfacet
  facet normal -0.527098715 0.560317099 -0.638914406
    outer loop
      vertex 0.0770103559 -0.0196771715 0.0827627406
      vertex 0.0773243904 -0.0195391458 0.0826247111
      vertex 0.077324383 -0.0202849898 0.0819706246
    endloop
  endfacet
  facet normal -0.527094543 0.560320258 -0.638915181
    outer loop
      vertex 0.0770103559 -0.0196771715 0.0827627406
      vertex 0.077324383 -0.0202849898 0.0819706246
      vertex 0.077010341 -0.0204038192 0.0821254924
    endloop
  endfacet
  facet normal -0.901539981 0.240405709 -0.359764874
    outer loop
      vertex 0.0761537477 -0.0212074164 0.0831727758
      vertex 0.0764199793 -0.0208690129 0.0827317536
      vertex 0.0764199644 -0.0215895083 0.0822503343
    endloop
  endfacet
  facet normal -0.901543915 0.240395576 -0.359761864
    outer loop
      vertex 0.0761537477 -0.0212074164 0.0831727758
      vertex 0.0764199644 -0.0215895083 0.0822503343
      vertex 0.0761537403 -0.0218674522 0.0827317536
    endloop
  endfacet
  facet normal 0.726914823 0.381518036 -0.570998013
    outer loop
      vertex 0.0782774165 -0.0204038341 0.0821254924
      vertex 0.0785806105 -0.0205996316 0.0823806524
      vertex 0.078580603 -0.0213682596 0.0818670765
    endloop
  endfacet
  facet normal 0.72692126 0.381517887 -0.570989966
    outer loop
      vertex 0.0782774165 -0.0204038341 0.0821254924
      vertex 0.078580603 -0.0213682596 0.0818670765
      vertex 0.0782774091 -0.0212074425 0.0815885365
    endloop
  endfacet
  facet normal 0.994127691 0.0601184182 -0.0899767876
    outer loop
      vertex 0.0799053162 -0.0231198054 0.0856649876
      vertex 0.0800082311 -0.0236965995 0.0864166766
      vertex 0.0800082311 -0.023911925 0.0862728059
    endloop
  endfacet
  facet normal 0.99412781 0.0601190701 -0.0899759382
    outer loop
      vertex 0.0799053162 -0.0231198054 0.0856649876
      vertex 0.0800082311 -0.023911925 0.0862728059
      vertex 0.0799053162 -0.0234381817 0.0854522586
    endloop
  endfacet
  facet normal -0.93917501 0.190811828 -0.285553932
    outer loop
      vertex 0.075913012 -0.0216090325 0.0836961791
      vertex 0.0761537477 -0.0212074164 0.0831727758
      vertex 0.0761537403 -0.0218674522 0.0827317536
    endloop
  endfacet
  facet normal -0.939174771 0.190812901 -0.285554141
    outer loop
      vertex 0.075913012 -0.0216090325 0.0836961791
      vertex 0.0761537403 -0.0218674522 0.0827317536
      vertex 0.0759130046 -0.0221973155 0.0833031014
    endloop
  endfacet
  facet normal 0.527112722 0.472118735 -0.70658046
    outer loop
      vertex 0.077963382 -0.0202849973 0.0819706246
      vertex 0.0782774165 -0.0204038341 0.0821254924
      vertex 0.0782774091 -0.0212074425 0.0815885365
    endloop
  endfacet
  facet normal 0.527113199 0.472118765 -0.706580102
    outer loop
      vertex 0.077963382 -0.0202849973 0.0819706246
      vertex 0.0782774091 -0.0212074425 0.0815885365
      vertex 0.0779633746 -0.0211098362 0.0814194828
    endloop
  endfacet
  facet normal 0.98772651 0.086775437 -0.129870668
    outer loop
      vertex 0.0797637105 -0.0225735027 0.0849530324
      vertex 0.0799053162 -0.0231198054 0.0856649876
      vertex 0.0799053162 -0.0234381817 0.0854522586
    endloop
  endfacet
  facet normal 0.987725437 0.0867673308 -0.129884422
    outer loop
      vertex 0.0797637105 -0.0225735027 0.0849530324
      vertex 0.0799053162 -0.0234381817 0.0854522586
      vertex 0.079763703 -0.0229894798 0.0846750885
    endloop
  endfacet
  facet normal -0.962652922 0.150422737 -0.225105509
    outer loop
      vertex 0.0757018924 -0.0220669899 0.0842930004
      vertex 0.075913012 -0.0216090325 0.0836961791
      vertex 0.0759130046 -0.0221973155 0.0833031014
    endloop
  endfacet
  facet normal -0.962652802 0.150423422 -0.225105569
    outer loop
      vertex 0.0757018924 -0.0220669899 0.0842930004
      vertex 0.0759130046 -0.0221973155 0.0833031014
      vertex 0.0757018849 -0.0225734543 0.083954595
    endloop
  endfacet
  facet normal 0.200244233 0.544317901 -0.814628899
    outer loop
      vertex 0.0776438788 -0.0202451553 0.081918709
      vertex 0.077963382 -0.0202849973 0.0819706246
      vertex 0.0779633746 -0.0211098362 0.0814194828
    endloop
  endfacet
  facet normal 0.200236157 0.54431653 -0.81463176
    outer loop
      vertex 0.0776438788 -0.0202451553 0.081918709
      vertex 0.0779633746 -0.0211098362 0.0814194828
      vertex 0.0776438713 -0.0210771132 0.0813628137
    endloop
  endfacet
  facet normal 0.977805138 0.116388254 -0.174215466
    outer loop
      vertex 0.0795858279 -0.0220670365 0.0842930004
      vertex 0.0797637105 -0.0225735027 0.0849530324
      vertex 0.079763703 -0.0229894798 0.0846750885
    endloop
  endfacet
  facet normal 0.977805495 0.116389558 -0.1742125
    outer loop
      vertex 0.0795858279 -0.0220670365 0.0842930004
      vertex 0.079763703 -0.0229894798 0.0846750885
      vertex 0.0795858204 -0.0225735009 0.083954595
    endloop
  endfacet
  facet normal -0.977803409 0.116414569 -0.174206883
    outer loop
      vertex 0.0755240023 -0.0225734506 0.0849530324
      vertex 0.0757018924 -0.0220669899 0.0842930004
      vertex 0.0757018849 -0.0225734543 0.083954595
    endloop
  endfacet
  facet normal -0.977803171 0.116416983 -0.174206838
    outer loop
      vertex 0.0755240023 -0.0225734506 0.0849530324
      vertex 0.0757018849 -0.0225734543 0.083954595
      vertex 0.0755239949 -0.0229894295 0.0846750885
    endloop
  endfacet
  facet normal -0.200236544 0.544319034 -0.814630091
    outer loop
      vertex 0.077324383 -0.0202849898 0.0819706246
      vertex 0.0776438788 -0.0202451553 0.081918709
      vertex 0.0776438713 -0.0210771132 0.0813628137
    endloop
  endfacet
  facet normal -0.200223878 0.544323981 -0.814629912
    outer loop
      vertex 0.077324383 -0.0202849898 0.0819706246
      vertex 0.0776438713 -0.0210771132 0.0813628137
      vertex 0.0773243681 -0.0211098287 0.0814194828
    endloop
  endfacet
  facet normal 0.96265763 0.150394142 -0.225104123
    outer loop
      vertex 0.0793747231 -0.0216090754 0.0836961791
      vertex 0.0795858279 -0.0220670365 0.0842930004
      vertex 0.0795858204 -0.0225735009 0.083954595
    endloop
  endfacet
  facet normal 0.962658346 0.150395319 -0.225100264
    outer loop
      vertex 0.0793747231 -0.0216090754 0.0836961791
      vertex 0.0795858204 -0.0225735009 0.083954595
      vertex 0.0793747157 -0.0221973564 0.0833031014
    endloop
  endfacet
  facet normal -0.987722874 0.0868006125 -0.129881874
    outer loop
      vertex 0.0753823742 -0.0231197514 0.0856649876
      vertex 0.0755240023 -0.0225734506 0.0849530324
      vertex 0.0755239949 -0.0229894295 0.0846750885
    endloop
  endfacet
  facet normal -0.987723947 0.0867844671 -0.129884139
    outer loop
      vertex 0.0753823742 -0.0231197514 0.0856649876
      vertex 0.0755239949 -0.0229894295 0.0846750885
      vertex 0.0753823742 -0.0234381277 0.0854522586
    endloop
  endfacet
  facet normal -0.527095973 0.47213459 -0.706582427
    outer loop
      vertex 0.077010341 -0.0204038192 0.0821254924
      vertex 0.077324383 -0.0202849898 0.0819706246
      vertex 0.0773243681 -0.0211098287 0.0814194828
    endloop
  endfacet
  facet normal -0.527104914 0.472128272 -0.706580102
    outer loop
      vertex 0.077010341 -0.0204038192 0.0821254924
      vertex 0.0773243681 -0.0211098287 0.0814194828
      vertex 0.0770103335 -0.0212074276 0.0815885365
    endloop
  endfacet
  facet normal 0.939178765 0.190790758 -0.28555572
    outer loop
      vertex 0.0791339949 -0.0212074518 0.0831727758
      vertex 0.0793747231 -0.0216090754 0.0836961791
      vertex 0.0793747157 -0.0221973564 0.0833031014
    endloop
  endfacet
  facet normal 0.939179122 0.190791011 -0.285554528
    outer loop
      vertex 0.0791339949 -0.0212074518 0.0831727758
      vertex 0.0793747157 -0.0221973564 0.0833031014
      vertex 0.0791339874 -0.0218674876 0.0827317536
    endloop
  endfacet
  facet normal -0.994126856 0.0601236522 -0.0899828225
    outer loop
      vertex 0.0752794519 -0.0236965418 0.0864166766
      vertex 0.0753823742 -0.0231197514 0.0856649876
      vertex 0.0753823742 -0.0234381277 0.0854522586
    endloop
  endfacet
  facet normal -0.994125843 0.060151279 -0.0899752975
    outer loop
      vertex 0.0752794519 -0.0236965418 0.0864166766
      vertex 0.0753823742 -0.0234381277 0.0854522586
      vertex 0.0752794445 -0.0239118692 0.0862728059
    endloop
  endfacet
  facet normal -0.726910949 0.381533295 -0.570992827
    outer loop
      vertex 0.0767071471 -0.0205996092 0.0823806524
      vertex 0.077010341 -0.0204038192 0.0821254924
      vertex 0.0770103335 -0.0212074276 0.0815885365
    endloop
  endfacet
  facet normal -0.726916611 0.381526768 -0.570990026
    outer loop
      vertex 0.0767071471 -0.0205996092 0.0823806524
      vertex 0.0770103335 -0.0212074276 0.0815885365
      vertex 0.0767071396 -0.0213682372 0.0818670765
    endloop
  endfacet
  facet normal 0.901545048 0.240380168 -0.359769195
    outer loop
      vertex 0.0788677707 -0.0208690427 0.0827317536
      vertex 0.0791339949 -0.0212074518 0.0831727758
      vertex 0.0791339874 -0.0218674876 0.0827317536
    endloop
  endfacet
  facet normal 0.901545286 0.240380242 -0.359768659
    outer loop
      vertex 0.0788677707 -0.0208690427 0.0827317536
      vertex 0.0791339874 -0.0218674876 0.0827317536
      vertex 0.0788677633 -0.0215895381 0.0822503343
    endloop
  endfacet
  facet normal -0.997971356 0.0353930593 -0.0529201478
    outer loop
      vertex 0.0752169788 -0.0242939554 0.0871952474
      vertex 0.0752794519 -0.0236965418 0.0864166766
      vertex 0.0752794445 -0.0239118692 0.0862728059
    endloop
  endfacet
  facet normal -0.997971654 0.035368111 -0.0529305078
    outer loop
      vertex 0.0752169788 -0.0242939554 0.0871952474
      vertex 0.0752794445 -0.0239118692 0.0862728059
      vertex 0.0752169788 -0.0244025476 0.0871226862
    endloop
  endfacet
  facet normal 0.999779344 0.0116722994 -0.0174682997
    outer loop
      vertex 0.0800706893 -0.0242940132 0.0871952474
      vertex 0.0800916255 -0.0249018278 0.0879873633
      vertex 0.0800706893 -0.0244026054 0.0871226862
    endloop
  endfacet
  facet normal -0.838334382 0.302876264 -0.453278452
    outer loop
      vertex 0.0764199793 -0.0208690129 0.0827317536
      vertex 0.0767071471 -0.0205996092 0.0823806524
      vertex 0.0767071396 -0.0213682372 0.0818670765
    endloop
  endfacet
  facet normal -0.838325322 0.302892298 -0.453284711
    outer loop
      vertex 0.0764199793 -0.0208690129 0.0827317536
      vertex 0.0767071396 -0.0213682372 0.0818670765
      vertex 0.0764199644 -0.0215895083 0.0822503343
    endloop
  endfacet
  facet normal 0.838342786 0.302859247 -0.45327425
    outer loop
      vertex 0.0785806105 -0.0205996316 0.0823806524
      vertex 0.0788677707 -0.0208690427 0.0827317536
      vertex 0.0788677633 -0.0215895381 0.0822503343
    endloop
  endfacet
  facet normal 0.838341296 0.302859217 -0.45327726
    outer loop
      vertex 0.0785806105 -0.0205996316 0.0823806524
      vertex 0.0788677633 -0.0215895381 0.0822503343
      vertex 0.078580603 -0.0213682596 0.0818670765
    endloop
  endfacet
  facet normal -0.999778986 0.0116806207 -0.0174807422
    outer loop
      vertex 0.0751960278 -0.0249017682 0.0879873633
      vertex 0.0752169788 -0.0242939554 0.0871952474
      vertex 0.0752169788 -0.0244025476 0.0871226862
    endloop
  endfacet
  facet normal 0.99797219 0.0353635885 -0.0529237241
    outer loop
      vertex 0.0800082311 -0.0236965995 0.0864166766
      vertex 0.0800706893 -0.0242940132 0.0871952474
      vertex 0.0800706893 -0.0244026054 0.0871226862
    endloop
  endfacet
  facet normal 0.99797219 0.0353621766 -0.0529251471
    outer loop
      vertex 0.0800082311 -0.0236965995 0.0864166766
      vertex 0.0800706893 -0.0244026054 0.0871226862
      vertex 0.0800082311 -0.023911925 0.0862728059
    endloop
  endfacet
  facet normal 0.977805078 0.0926539674 -0.187916234
    outer loop
      vertex 0.0795858204 -0.0225735009 0.083954595
      vertex 0.079763703 -0.0229894798 0.0846750885
      vertex 0.0797636956 -0.0234381799 0.0844538137
    endloop
  endfacet
  facet normal 0.977805436 0.0926554278 -0.187913805
    outer loop
      vertex 0.0795858204 -0.0225735009 0.083954595
      vertex 0.0797636956 -0.0234381799 0.0844538137
      vertex 0.079585813 -0.0231198017 0.0836851895
    endloop
  endfacet
  facet normal -0.977803588 0.0926807076 -0.187911019
    outer loop
      vertex 0.0755239949 -0.0229894295 0.0846750885
      vertex 0.0757018849 -0.0225734543 0.083954595
      vertex 0.0757018775 -0.0231197551 0.0836851895
    endloop
  endfacet
  facet normal -0.977803111 0.0926840454 -0.187911361
    outer loop
      vertex 0.0755239949 -0.0229894295 0.0846750885
      vertex 0.0757018775 -0.0231197551 0.0836851895
      vertex 0.0755239874 -0.0234381296 0.0844538137
    endloop
  endfacet
  facet normal -0.200224832 0.433335096 -0.878709733
    outer loop
      vertex 0.0773243681 -0.0211098287 0.0814194828
      vertex 0.0776438713 -0.0210771132 0.0813628137
      vertex 0.0776438639 -0.0219745114 0.0809202641
    endloop
  endfacet
  facet normal -0.20024322 0.433327913 -0.878709078
    outer loop
      vertex 0.0773243681 -0.0211098287 0.0814194828
      vertex 0.0776438639 -0.0219745114 0.0809202641
      vertex 0.0773243606 -0.021999551 0.0809807256
    endloop
  endfacet
  facet normal 0.962657869 0.119726062 -0.242807209
    outer loop
      vertex 0.0793747157 -0.0221973564 0.0833031014
      vertex 0.0795858204 -0.0225735009 0.083954595
      vertex 0.079585813 -0.0231198017 0.0836851895
    endloop
  endfacet
  facet normal 0.962658584 0.119727552 -0.242803976
    outer loop
      vertex 0.0793747157 -0.0221973564 0.0833031014
      vertex 0.079585813 -0.0231198017 0.0836851895
      vertex 0.0793747082 -0.0228319131 0.0829901695
    endloop
  endfacet
  facet normal -0.987724066 0.0691026226 -0.140092745
    outer loop
      vertex 0.0753823742 -0.0234381277 0.0854522586
      vertex 0.0755239949 -0.0229894295 0.0846750885
      vertex 0.0755239874 -0.0234381296 0.0844538137
    endloop
  endfacet
  facet normal -0.987723649 0.0691088587 -0.140092686
    outer loop
      vertex 0.0753823742 -0.0234381277 0.0854522586
      vertex 0.0755239874 -0.0234381296 0.0844538137
      vertex 0.0753823668 -0.0237815473 0.0852828994
    endloop
  endfacet
  facet normal -0.527106047 0.375856668 -0.762162089
    outer loop
      vertex 0.0770103335 -0.0212074276 0.0815885365
      vertex 0.0773243681 -0.0211098287 0.0814194828
      vertex 0.0773243606 -0.021999551 0.0809807256
    endloop
  endfacet
  facet normal -0.527095318 0.37586385 -0.762165964
    outer loop
      vertex 0.0770103335 -0.0212074276 0.0815885365
      vertex 0.0773243606 -0.021999551 0.0809807256
      vertex 0.0770103261 -0.0220742486 0.0811610669
    endloop
  endfacet
  facet normal 0.939178824 0.151887015 -0.308015645
    outer loop
      vertex 0.0791339874 -0.0218674876 0.0827317536
      vertex 0.0793747157 -0.0221973564 0.0833031014
      vertex 0.0793747082 -0.0228319131 0.0829901695
    endloop
  endfacet
  facet normal 0.939179301 0.1518877 -0.308013648
    outer loop
      vertex 0.0791339874 -0.0218674876 0.0827317536
      vertex 0.0793747082 -0.0228319131 0.0829901695
      vertex 0.07913398 -0.0225794408 0.0823806524
    endloop
  endfacet
  facet normal -0.994126201 0.0478856601 -0.0970568731
    outer loop
      vertex 0.0752794445 -0.0239118692 0.0862728059
      vertex 0.0753823742 -0.0234381277 0.0854522586
      vertex 0.0753823668 -0.0237815473 0.0852828994
    endloop
  endfacet
  facet normal -0.994126916 0.0478669219 -0.0970594138
    outer loop
      vertex 0.0752794445 -0.0239118692 0.0862728059
      vertex 0.0753823668 -0.0237815473 0.0852828994
      vertex 0.0752794445 -0.0241441317 0.0861582607
    endloop
  endfacet
  facet normal -0.726917565 0.303736031 -0.615902007
    outer loop
      vertex 0.0767071396 -0.0213682372 0.0818670765
      vertex 0.0770103335 -0.0212074276 0.0815885365
      vertex 0.0770103261 -0.0220742486 0.0811610669
    endloop
  endfacet
  facet normal -0.726904631 0.303749979 -0.615910351
    outer loop
      vertex 0.0767071396 -0.0213682372 0.0818670765
      vertex 0.0770103261 -0.0220742486 0.0811610669
      vertex 0.0767071247 -0.0221973248 0.0814582109
    endloop
  endfacet
  facet normal 0.901544869 0.191366449 -0.388066709
    outer loop
      vertex 0.0788677633 -0.0215895381 0.0822503343
      vertex 0.0791339874 -0.0218674876 0.0827317536
      vertex 0.07913398 -0.0225794408 0.0823806524
    endloop
  endfacet
  facet normal 0.901544213 0.191366032 -0.388068527
    outer loop
      vertex 0.0788677633 -0.0215895381 0.0822503343
      vertex 0.07913398 -0.0225794408 0.0823806524
      vertex 0.0788677558 -0.0223667063 0.0818670765
    endloop
  endfacet
  facet normal -0.997971654 0.0281570256 -0.0570938252
    outer loop
      vertex 0.0752169788 -0.0244025476 0.0871226862
      vertex 0.0752794445 -0.0239118692 0.0862728059
      vertex 0.0752794445 -0.0241441317 0.0861582607
    endloop
  endfacet
  facet normal -0.997970998 0.0282118265 -0.0570790991
    outer loop
      vertex 0.0752169788 -0.0244025476 0.0871226862
      vertex 0.0752794445 -0.0241441317 0.0861582607
      vertex 0.0752169713 -0.0245196819 0.0870649219
    endloop
  endfacet
  facet normal 0.999779284 0.0092921108 -0.0188425034
    outer loop
      vertex 0.0800706893 -0.0244026054 0.0871226862
      vertex 0.0800916255 -0.0249018278 0.0879873633
      vertex 0.0800706893 -0.0245197397 0.0870649219
    endloop
  endfacet
  facet normal -0.838326395 0.241136327 -0.488939881
    outer loop
      vertex 0.0764199644 -0.0215895083 0.0822503343
      vertex 0.0767071396 -0.0213682372 0.0818670765
      vertex 0.0767071247 -0.0221973248 0.0814582109
    endloop
  endfacet
  facet normal -0.83833456 0.241122857 -0.48893249
    outer loop
      vertex 0.0764199644 -0.0215895083 0.0822503343
      vertex 0.0767071247 -0.0221973248 0.0814582109
      vertex 0.076419957 -0.0223666783 0.0818670765
    endloop
  endfacet
  facet normal 0.838340521 0.241106346 -0.488930404
    outer loop
      vertex 0.078580603 -0.0213682596 0.0818670765
      vertex 0.0788677633 -0.0215895381 0.0822503343
      vertex 0.0788677558 -0.0223667063 0.0818670765
    endloop
  endfacet
  facet normal 0.838336468 0.241105199 -0.488937825
    outer loop
      vertex 0.078580603 -0.0213682596 0.0818670765
      vertex 0.0788677558 -0.0223667063 0.0818670765
      vertex 0.0785805881 -0.0221973471 0.0814582109
    endloop
  endfacet
  facet normal -0.999779046 0.00934823509 -0.0188273471
    outer loop
      vertex 0.0751960278 -0.0249017682 0.0879873633
      vertex 0.0752169788 -0.0244025476 0.0871226862
      vertex 0.0752169713 -0.0245196819 0.0870649219
    endloop
  endfacet
  facet normal 0.99797219 0.0281525608 -0.0570876375
    outer loop
      vertex 0.0800082311 -0.023911925 0.0862728059
      vertex 0.0800706893 -0.0244026054 0.0871226862
      vertex 0.0800706893 -0.0245197397 0.0870649219
    endloop
  endfacet
  facet normal 0.997971773 0.0281301942 -0.0571047701
    outer loop
      vertex 0.0800082311 -0.023911925 0.0862728059
      vertex 0.0800706893 -0.0245197397 0.0870649219
      vertex 0.0800082237 -0.0241441894 0.0861582607
    endloop
  endfacet
  facet normal -0.901544452 0.191379279 -0.388061255
    outer loop
      vertex 0.0761537403 -0.0218674522 0.0827317536
      vertex 0.0764199644 -0.0215895083 0.0822503343
      vertex 0.076419957 -0.0223666783 0.0818670765
    endloop
  endfacet
  facet normal -0.901542664 0.191383585 -0.388063222
    outer loop
      vertex 0.0761537403 -0.0218674522 0.0827317536
      vertex 0.076419957 -0.0223666783 0.0818670765
      vertex 0.0761537328 -0.0225794055 0.0823806524
    endloop
  endfacet
  facet normal 0.726920545 0.303721488 -0.615905583
    outer loop
      vertex 0.0782774091 -0.0212074425 0.0815885365
      vertex 0.078580603 -0.0213682596 0.0818670765
      vertex 0.0785805881 -0.0221973471 0.0814582109
    endloop
  endfacet
  facet normal 0.726917446 0.30372107 -0.615909576
    outer loop
      vertex 0.0782774091 -0.0212074425 0.0815885365
      vertex 0.0785805881 -0.0221973471 0.0814582109
      vertex 0.0782773942 -0.0220742635 0.0811610669
    endloop
  endfacet
  facet normal 0.994127572 0.0478380546 -0.0970663577
    outer loop
      vertex 0.0799053162 -0.0234381817 0.0854522586
      vertex 0.0800082311 -0.023911925 0.0862728059
      vertex 0.0800082237 -0.0241441894 0.0861582607
    endloop
  endfacet
  facet normal 0.994127929 0.0478442051 -0.0970602781
    outer loop
      vertex 0.0799053162 -0.0234381817 0.0854522586
      vertex 0.0800082237 -0.0241441894 0.0861582607
      vertex 0.0799053088 -0.0237816013 0.0852828994
    endloop
  endfacet
  facet normal -0.939175248 0.151908353 -0.308015645
    outer loop
      vertex 0.0759130046 -0.0221973155 0.0833031014
      vertex 0.0761537403 -0.0218674522 0.0827317536
      vertex 0.0761537328 -0.0225794055 0.0823806524
    endloop
  endfacet
  facet normal -0.939175129 0.151909202 -0.308015972
    outer loop
      vertex 0.0759130046 -0.0221973155 0.0833031014
      vertex 0.0761537328 -0.0225794055 0.0823806524
      vertex 0.0759129971 -0.0228318721 0.0829901695
    endloop
  endfacet
  facet normal 0.527112246 0.375848293 -0.762161911
    outer loop
      vertex 0.0779633746 -0.0211098362 0.0814194828
      vertex 0.0782774091 -0.0212074425 0.0815885365
      vertex 0.0782773942 -0.0220742635 0.0811610669
    endloop
  endfacet
  facet normal 0.527102292 0.375847071 -0.762169421
    outer loop
      vertex 0.0779633746 -0.0211098362 0.0814194828
      vertex 0.0782773942 -0.0220742635 0.0811610669
      vertex 0.0779633597 -0.0219995584 0.0809807256
    endloop
  endfacet
  facet normal 0.987725019 0.0690704361 -0.140101686
    outer loop
      vertex 0.079763703 -0.0229894798 0.0846750885
      vertex 0.0799053162 -0.0234381817 0.0854522586
      vertex 0.0799053088 -0.0237816013 0.0852828994
    endloop
  endfacet
  facet normal 0.987725377 0.069072783 -0.140098751
    outer loop
      vertex 0.079763703 -0.0229894798 0.0846750885
      vertex 0.0799053088 -0.0237816013 0.0852828994
      vertex 0.0797636956 -0.0234381799 0.0844538137
    endloop
  endfacet
  facet normal -0.9626531 0.119754307 -0.24281238
    outer loop
      vertex 0.0757018849 -0.0225734543 0.083954595
      vertex 0.0759130046 -0.0221973155 0.0833031014
      vertex 0.0759129971 -0.0228318721 0.0829901695
    endloop
  endfacet
  facet normal -0.962652981 0.119754933 -0.242812529
    outer loop
      vertex 0.0757018849 -0.0225734543 0.083954595
      vertex 0.0759129971 -0.0228318721 0.0829901695
      vertex 0.0757018775 -0.0231197551 0.0836851895
    endloop
  endfacet
  facet normal 0.200234383 0.433324665 -0.878712714
    outer loop
      vertex 0.0776438713 -0.0210771132 0.0813628137
      vertex 0.0779633746 -0.0211098362 0.0814194828
      vertex 0.0779633597 -0.0219995584 0.0809807256
    endloop
  endfacet
  facet normal 0.200257331 0.433329403 -0.878705084
    outer loop
      vertex 0.0776438713 -0.0210771132 0.0813628137
      vertex 0.0779633597 -0.0219995584 0.0809807256
      vertex 0.0776438639 -0.0219745114 0.0809202641
    endloop
  endfacet
  facet normal 0.901543498 0.139072821 -0.409729183
    outer loop
      vertex 0.0788677558 -0.0223667063 0.0818670765
      vertex 0.07913398 -0.0225794408 0.0823806524
      vertex 0.0791339725 -0.0233311318 0.0821254924
    endloop
  endfacet
  facet normal 0.901545703 0.139074996 -0.409723431
    outer loop
      vertex 0.0788677558 -0.0223667063 0.0818670765
      vertex 0.0791339725 -0.0233311318 0.0821254924
      vertex 0.0788677484 -0.0231872536 0.0815885365
    endloop
  endfacet
  facet normal -0.997971237 0.0204637274 -0.0602884777
    outer loop
      vertex 0.0752169713 -0.0245196819 0.0870649219
      vertex 0.0752794445 -0.0241441317 0.0861582607
      vertex 0.0752794445 -0.0243893601 0.0860750228
    endloop
  endfacet
  facet normal -0.997971177 0.0204667971 -0.0602880605
    outer loop
      vertex 0.0752169713 -0.0245196819 0.0870649219
      vertex 0.0752794445 -0.0243893601 0.0860750228
      vertex 0.0752169713 -0.0246433523 0.0870229378
    endloop
  endfacet
  facet normal 0.999779344 0.00675358064 -0.0198940001
    outer loop
      vertex 0.0800706893 -0.0245197397 0.0870649219
      vertex 0.0800916255 -0.0249018278 0.0879873633
      vertex 0.0800706893 -0.0246434119 0.0870229378
    endloop
  endfacet
  facet normal -0.838335156 0.175239876 -0.516221881
    outer loop
      vertex 0.076419957 -0.0223666783 0.0818670765
      vertex 0.0767071247 -0.0221973248 0.0814582109
      vertex 0.0767071173 -0.0230726879 0.0811610669
    endloop
  endfacet
  facet normal -0.838332653 0.175243735 -0.516224742
    outer loop
      vertex 0.076419957 -0.0223666783 0.0818670765
      vertex 0.0767071173 -0.0230726879 0.0811610669
      vertex 0.0764199495 -0.0231872238 0.0815885365
    endloop
  endfacet
  facet normal 0.838335872 0.175228149 -0.516224802
    outer loop
      vertex 0.0785805881 -0.0221973471 0.0814582109
      vertex 0.0788677558 -0.0223667063 0.0818670765
      vertex 0.0788677484 -0.0231872536 0.0815885365
    endloop
  endfacet
  facet normal 0.838334501 0.175227419 -0.516227305
    outer loop
      vertex 0.0785805881 -0.0221973471 0.0814582109
      vertex 0.0788677484 -0.0231872536 0.0815885365
      vertex 0.0785805807 -0.0230727103 0.0811610669
    endloop
  endfacet
  facet normal -0.999779105 0.00675608171 -0.0199010484
    outer loop
      vertex 0.0751960278 -0.0249017682 0.0879873633
      vertex 0.0752169713 -0.0245196819 0.0870649219
      vertex 0.0752169713 -0.0246433523 0.0870229378
    endloop
  endfacet
  facet normal 0.997971654 0.0204638373 -0.0602802709
    outer loop
      vertex 0.0800082237 -0.0241441894 0.0861582607
      vertex 0.0800706893 -0.0245197397 0.0870649219
      vertex 0.0800706893 -0.0246434119 0.0870229378
    endloop
  endfacet
  facet normal 0.997971654 0.0204615369 -0.0602815822
    outer loop
      vertex 0.0800082237 -0.0241441894 0.0861582607
      vertex 0.0800706893 -0.0246434119 0.0870229378
      vertex 0.0800082237 -0.024389416 0.0860750228
    endloop
  endfacet
  facet normal -0.901543319 0.139091656 -0.409723282
    outer loop
      vertex 0.0761537328 -0.0225794055 0.0823806524
      vertex 0.076419957 -0.0223666783 0.0818670765
      vertex 0.0764199495 -0.0231872238 0.0815885365
    endloop
  endfacet
  facet normal -0.901540041 0.13909927 -0.40972802
    outer loop
      vertex 0.0761537328 -0.0225794055 0.0823806524
      vertex 0.0764199495 -0.0231872238 0.0815885365
      vertex 0.0761537179 -0.0233310964 0.0821254924
    endloop
  endfacet
  facet normal 0.726916492 0.220734119 -0.650283635
    outer loop
      vertex 0.0782773942 -0.0220742635 0.0811610669
      vertex 0.0785805881 -0.0221973471 0.0814582109
      vertex 0.0785805807 -0.0230727103 0.0811610669
    endloop
  endfacet
  facet normal 0.726917148 0.220734313 -0.650282919
    outer loop
      vertex 0.0782773942 -0.0220742635 0.0811610669
      vertex 0.0785805807 -0.0230727103 0.0811610669
      vertex 0.0782773867 -0.0229894631 0.0808504
    endloop
  endfacet
  facet normal 0.99412775 0.0347819477 -0.102470823
    outer loop
      vertex 0.0799053088 -0.0237816013 0.0852828994
      vertex 0.0800082237 -0.0241441894 0.0861582607
      vertex 0.0800082237 -0.024389416 0.0860750228
    endloop
  endfacet
  facet normal 0.99412775 0.0347825177 -0.102470413
    outer loop
      vertex 0.0799053088 -0.0237816013 0.0852828994
      vertex 0.0800082237 -0.024389416 0.0860750228
      vertex 0.0799053088 -0.0241441876 0.0851598233
    endloop
  endfacet
  facet normal -0.939175725 0.110409111 -0.325205833
    outer loop
      vertex 0.0759129971 -0.0228318721 0.0829901695
      vertex 0.0761537328 -0.0225794055 0.0823806524
      vertex 0.0761537179 -0.0233310964 0.0821254924
    endloop
  endfacet
  facet normal -0.939177215 0.110403918 -0.32520324
    outer loop
      vertex 0.0759129971 -0.0228318721 0.0829901695
      vertex 0.0761537179 -0.0233310964 0.0821254924
      vertex 0.0759129897 -0.0235018451 0.0827627406
    endloop
  endfacet
  facet normal 0.527100503 0.273155123 -0.804705679
    outer loop
      vertex 0.0779633597 -0.0219995584 0.0809807256
      vertex 0.0782773942 -0.0220742635 0.0811610669
      vertex 0.0782773867 -0.0229894631 0.0808504
    endloop
  endfacet
  facet normal 0.527106106 0.273156375 -0.804701567
    outer loop
      vertex 0.0779633597 -0.0219995584 0.0809807256
      vertex 0.0782773867 -0.0229894631 0.0808504
      vertex 0.0779633522 -0.0229389369 0.0806618482
    endloop
  endfacet
  facet normal 0.987725198 0.0502075478 -0.147913009
    outer loop
      vertex 0.0797636956 -0.0234381799 0.0844538137
      vertex 0.0799053088 -0.0237816013 0.0852828994
      vertex 0.0799053088 -0.0241441876 0.0851598233
    endloop
  endfacet
  facet normal 0.987725258 0.0502091087 -0.147911444
    outer loop
      vertex 0.0797636956 -0.0234381799 0.0844538137
      vertex 0.0799053088 -0.0241441876 0.0851598233
      vertex 0.0797636956 -0.0239119213 0.0842930004
    endloop
  endfacet
  facet normal -0.962653399 0.0870363563 -0.256364971
    outer loop
      vertex 0.0757018775 -0.0231197551 0.0836851895
      vertex 0.0759129971 -0.0228318721 0.0829901695
      vertex 0.0759129897 -0.0235018451 0.0827627406
    endloop
  endfacet
  facet normal -0.962652743 0.0870400369 -0.256366313
    outer loop
      vertex 0.0757018775 -0.0231197551 0.0836851895
      vertex 0.0759129897 -0.0235018451 0.0827627406
      vertex 0.07570187 -0.0236965474 0.0834893882
    endloop
  endfacet
  facet normal 0.200256288 0.314927995 -0.92774874
    outer loop
      vertex 0.0776438639 -0.0219745114 0.0809202641
      vertex 0.0779633597 -0.0219995584 0.0809807256
      vertex 0.0779633522 -0.0229389369 0.0806618482
    endloop
  endfacet
  facet normal 0.200245097 0.314925194 -0.927752137
    outer loop
      vertex 0.0776438639 -0.0219745114 0.0809202641
      vertex 0.0779633522 -0.0229389369 0.0806618482
      vertex 0.077643849 -0.0229219962 0.0805986375
    endloop
  endfacet
  facet normal 0.977805197 0.0673466623 -0.198397145
    outer loop
      vertex 0.079585813 -0.0231198017 0.0836851895
      vertex 0.0797636956 -0.0234381799 0.0844538137
      vertex 0.0797636956 -0.0239119213 0.0842930004
    endloop
  endfacet
  facet normal 0.977805495 0.0673483312 -0.198395029
    outer loop
      vertex 0.079585813 -0.0231198017 0.0836851895
      vertex 0.0797636956 -0.0239119213 0.0842930004
      vertex 0.079585813 -0.0236965939 0.0834893882
    endloop
  endfacet
  facet normal -0.977803588 0.0673626065 -0.198399931
    outer loop
      vertex 0.0755239874 -0.0234381296 0.0844538137
      vertex 0.0757018775 -0.0231197551 0.0836851895
      vertex 0.07570187 -0.0236965474 0.0834893882
    endloop
  endfacet
  facet normal -0.977803469 0.0673630163 -0.198400036
    outer loop
      vertex 0.0755239874 -0.0234381296 0.0844538137
      vertex 0.07570187 -0.0236965474 0.0834893882
      vertex 0.07552398 -0.023911871 0.0842930004
    endloop
  endfacet
  facet normal -0.200244814 0.314930886 -0.92775023
    outer loop
      vertex 0.0773243606 -0.021999551 0.0809807256
      vertex 0.0776438639 -0.0219745114 0.0809202641
      vertex 0.077643849 -0.0229219962 0.0805986375
    endloop
  endfacet
  facet normal -0.200237915 0.314933449 -0.927750826
    outer loop
      vertex 0.0773243606 -0.021999551 0.0809807256
      vertex 0.077643849 -0.0229219962 0.0805986375
      vertex 0.0773243457 -0.0229389295 0.0806618482
    endloop
  endfacet
  facet normal 0.962658465 0.087022379 -0.256350935
    outer loop
      vertex 0.0793747082 -0.0228319131 0.0829901695
      vertex 0.079585813 -0.0231198017 0.0836851895
      vertex 0.079585813 -0.0236965939 0.0834893882
    endloop
  endfacet
  facet normal 0.962655842 0.0870144591 -0.2563636
    outer loop
      vertex 0.0793747082 -0.0228319131 0.0829901695
      vertex 0.079585813 -0.0236965939 0.0834893882
      vertex 0.0793747008 -0.0235018861 0.0827627406
    endloop
  endfacet
  facet normal -0.987723947 0.050225649 -0.147914395
    outer loop
      vertex 0.0753823668 -0.0237815473 0.0852828994
      vertex 0.0755239874 -0.0234381296 0.0844538137
      vertex 0.07552398 -0.023911871 0.0842930004
    endloop
  endfacet
  facet normal -0.987725258 0.0502072573 -0.147912174
    outer loop
      vertex 0.0753823668 -0.0237815473 0.0852828994
      vertex 0.07552398 -0.023911871 0.0842930004
      vertex 0.0753823668 -0.0241441336 0.0851598233
    endloop
  endfacet
  facet normal -0.527096272 0.273169577 -0.804703593
    outer loop
      vertex 0.0770103261 -0.0220742486 0.0811610669
      vertex 0.0773243606 -0.021999551 0.0809807256
      vertex 0.0773243457 -0.0229389295 0.0806618482
    endloop
  endfacet
  facet normal -0.527101159 0.273166567 -0.804701388
    outer loop
      vertex 0.0770103261 -0.0220742486 0.0811610669
      vertex 0.0773243457 -0.0229389295 0.0806618482
      vertex 0.0770103112 -0.0229894482 0.0808504
    endloop
  endfacet
  facet normal 0.939178944 0.110383682 -0.325205177
    outer loop
      vertex 0.07913398 -0.0225794408 0.0823806524
      vertex 0.0793747082 -0.0228319131 0.0829901695
      vertex 0.0793747008 -0.0235018861 0.0827627406
    endloop
  endfacet
  facet normal 0.93917799 0.110382058 -0.325208455
    outer loop
      vertex 0.07913398 -0.0225794408 0.0823806524
      vertex 0.0793747008 -0.0235018861 0.0827627406
      vertex 0.0791339725 -0.0233311318 0.0821254924
    endloop
  endfacet
  facet normal -0.994126856 0.0347851217 -0.102478042
    outer loop
      vertex 0.0752794445 -0.0241441317 0.0861582607
      vertex 0.0753823668 -0.0237815473 0.0852828994
      vertex 0.0753823668 -0.0241441336 0.0851598233
    endloop
  endfacet
  facet normal -0.994126916 0.034784127 -0.102478042
    outer loop
      vertex 0.0752794445 -0.0241441317 0.0861582607
      vertex 0.0753823668 -0.0241441336 0.0851598233
      vertex 0.0752794445 -0.0243893601 0.0860750228
    endloop
  endfacet
  facet normal -0.726906002 0.220753953 -0.650288582
    outer loop
      vertex 0.0767071247 -0.0221973248 0.0814582109
      vertex 0.0770103261 -0.0220742486 0.0811610669
      vertex 0.0770103112 -0.0229894482 0.0808504
    endloop
  endfacet
  facet normal -0.726914167 0.220745996 -0.650282204
    outer loop
      vertex 0.0767071247 -0.0221973248 0.0814582109
      vertex 0.0770103112 -0.0229894482 0.0808504
      vertex 0.0767071173 -0.0230726879 0.0811610669
    endloop
  endfacet
  facet normal -0.939177692 0.0670094788 -0.336830854
    outer loop
      vertex 0.0759129897 -0.0235018451 0.0827627406
      vertex 0.0761537179 -0.0233310964 0.0821254924
      vertex 0.0761537105 -0.0241096616 0.0819706246
    endloop
  endfacet
  facet normal -0.939177692 0.0670093372 -0.336830765
    outer loop
      vertex 0.0759129897 -0.0235018451 0.0827627406
      vertex 0.0761537105 -0.0241096616 0.0819706246
      vertex 0.0759129822 -0.0241957717 0.0826247111
    endloop
  endfacet
  facet normal 0.527104795 0.165778756 -0.833473444
    outer loop
      vertex 0.0779633522 -0.0229389369 0.0806618482
      vertex 0.0782773867 -0.0229894631 0.0808504
      vertex 0.0782773718 -0.0239373837 0.0806618482
    endloop
  endfacet
  facet normal 0.527111113 0.165780738 -0.833469093
    outer loop
      vertex 0.0779633522 -0.0229389369 0.0806618482
      vertex 0.0782773718 -0.0239373837 0.0806618482
      vertex 0.0779633373 -0.0239119008 0.0804683119
    endloop
  endfacet
  facet normal 0.987725139 0.0304568056 -0.153204098
    outer loop
      vertex 0.0797636956 -0.0239119213 0.0842930004
      vertex 0.0799053088 -0.0241441876 0.0851598233
      vertex 0.0799053013 -0.0245197378 0.0850851163
    endloop
  endfacet
  facet normal 0.987725258 0.0304589346 -0.153202474
    outer loop
      vertex 0.0797636956 -0.0239119213 0.0842930004
      vertex 0.0799053013 -0.0245197378 0.0850851163
      vertex 0.0797636881 -0.0244026016 0.0841953978
    endloop
  endfacet
  facet normal -0.96265316 0.0528278165 -0.265533537
    outer loop
      vertex 0.07570187 -0.0236965474 0.0834893882
      vertex 0.0759129897 -0.0235018451 0.0827627406
      vertex 0.0759129822 -0.0241957717 0.0826247111
    endloop
  endfacet
  facet normal -0.9626531 0.052828338 -0.265533805
    outer loop
      vertex 0.07570187 -0.0236965474 0.0834893882
      vertex 0.0759129822 -0.0241957717 0.0826247111
      vertex 0.0757018626 -0.024293961 0.0833705589
    endloop
  endfacet
  facet normal 0.200243726 0.191137686 -0.96092087
    outer loop
      vertex 0.077643849 -0.0229219962 0.0805986375
      vertex 0.0779633522 -0.0229389369 0.0806618482
      vertex 0.0779633373 -0.0239119008 0.0804683119
    endloop
  endfacet
  facet normal 0.200245574 0.191138238 -0.960920334
    outer loop
      vertex 0.077643849 -0.0229219962 0.0805986375
      vertex 0.0779633373 -0.0239119008 0.0804683119
      vertex 0.0776438415 -0.023903355 0.0804034323
    endloop
  endfacet
  facet normal 0.977805376 0.0408602282 -0.205492452
    outer loop
      vertex 0.079585813 -0.0236965939 0.0834893882
      vertex 0.0797636956 -0.0239119213 0.0842930004
      vertex 0.0797636881 -0.0244026016 0.0841953978
    endloop
  endfacet
  facet normal 0.977805495 0.0408613309 -0.205491394
    outer loop
      vertex 0.079585813 -0.0236965939 0.0834893882
      vertex 0.0797636881 -0.0244026016 0.0841953978
      vertex 0.0795858055 -0.0242940076 0.0833705589
    endloop
  endfacet
  facet normal -0.977803826 0.0408862904 -0.205494389
    outer loop
      vertex 0.07552398 -0.023911871 0.0842930004
      vertex 0.07570187 -0.0236965474 0.0834893882
      vertex 0.0757018626 -0.024293961 0.0833705589
    endloop
  endfacet
  facet normal -0.977805316 0.040874552 -0.205489799
    outer loop
      vertex 0.07552398 -0.023911871 0.0842930004
      vertex 0.0757018626 -0.024293961 0.0833705589
      vertex 0.07552398 -0.0244025514 0.0841953978
    endloop
  endfacet
  facet normal -0.200239494 0.191141367 -0.960921049
    outer loop
      vertex 0.0773243457 -0.0229389295 0.0806618482
      vertex 0.077643849 -0.0229219962 0.0805986375
      vertex 0.0776438415 -0.023903355 0.0804034323
    endloop
  endfacet
  facet normal -0.200236797 0.191142395 -0.960921347
    outer loop
      vertex 0.0773243457 -0.0229389295 0.0806618482
      vertex 0.0776438415 -0.023903355 0.0804034323
      vertex 0.0773243383 -0.0239118934 0.0804683119
    endloop
  endfacet
  facet normal 0.962655365 0.0528036207 -0.265530348
    outer loop
      vertex 0.0793747008 -0.0235018861 0.0827627406
      vertex 0.079585813 -0.0236965939 0.0834893882
      vertex 0.0795858055 -0.0242940076 0.0833705589
    endloop
  endfacet
  facet normal 0.962653756 0.0527976193 -0.265537649
    outer loop
      vertex 0.0793747008 -0.0235018861 0.0827627406
      vertex 0.0795858055 -0.0242940076 0.0833705589
      vertex 0.0793746859 -0.0241958126 0.0826247111
    endloop
  endfacet
  facet normal -0.987725258 0.0304734092 -0.153199792
    outer loop
      vertex 0.0753823668 -0.0241441336 0.0851598233
      vertex 0.07552398 -0.023911871 0.0842930004
      vertex 0.07552398 -0.0244025514 0.0841953978
    endloop
  endfacet
  facet normal -0.987723649 0.0304962974 -0.153205693
    outer loop
      vertex 0.0753823668 -0.0241441336 0.0851598233
      vertex 0.07552398 -0.0244025514 0.0841953978
      vertex 0.0753823593 -0.0245196838 0.0850851163
    endloop
  endfacet
  facet normal -0.527102351 0.165793404 -0.833472013
    outer loop
      vertex 0.0770103112 -0.0229894482 0.0808504
      vertex 0.0773243457 -0.0229389295 0.0806618482
      vertex 0.0773243383 -0.0239118934 0.0804683119
    endloop
  endfacet
  facet normal -0.527107954 0.165790319 -0.833469093
    outer loop
      vertex 0.0770103112 -0.0229894482 0.0808504
      vertex 0.0773243383 -0.0239118934 0.0804683119
      vertex 0.0770103037 -0.0239373688 0.0806618482
    endloop
  endfacet
  facet normal 0.939177334 0.0669804886 -0.336837858
    outer loop
      vertex 0.0791339725 -0.0233311318 0.0821254924
      vertex 0.0793747008 -0.0235018861 0.0827627406
      vertex 0.0793746859 -0.0241958126 0.0826247111
    endloop
  endfacet
  facet normal 0.939178467 0.0669831187 -0.336833954
    outer loop
      vertex 0.0791339725 -0.0233311318 0.0821254924
      vertex 0.0793746859 -0.0241958126 0.0826247111
      vertex 0.0791339576 -0.024109697 0.0819706246
    endloop
  endfacet
  facet normal -0.994127035 0.021132974 -0.106135868
    outer loop
      vertex 0.0752794445 -0.0243893601 0.0860750228
      vertex 0.0753823668 -0.0241441336 0.0851598233
      vertex 0.0753823593 -0.0245196838 0.0850851163
    endloop
  endfacet
  facet normal -0.994126797 0.0211410355 -0.106136903
    outer loop
      vertex 0.0752794445 -0.0243893601 0.0860750228
      vertex 0.0753823593 -0.0245196838 0.0850851163
      vertex 0.075279437 -0.0246433541 0.0860245004
    endloop
  endfacet
  facet normal -0.726914883 0.133978501 -0.673531353
    outer loop
      vertex 0.0767071173 -0.0230726879 0.0811610669
      vertex 0.0770103112 -0.0229894482 0.0808504
      vertex 0.0770103037 -0.0239373688 0.0806618482
    endloop
  endfacet
  facet normal -0.726908982 0.133983701 -0.673536658
    outer loop
      vertex 0.0767071173 -0.0230726879 0.0811610669
      vertex 0.0770103037 -0.0239373688 0.0806618482
      vertex 0.0767071024 -0.0239793453 0.0809807256
    endloop
  endfacet
  facet normal 0.901545107 0.084396854 -0.424374193
    outer loop
      vertex 0.0788677484 -0.0231872536 0.0815885365
      vertex 0.0791339725 -0.0233311318 0.0821254924
      vertex 0.0791339576 -0.024109697 0.0819706246
    endloop
  endfacet
  facet normal 0.901546001 0.0843978897 -0.424372256
    outer loop
      vertex 0.0788677484 -0.0231872536 0.0815885365
      vertex 0.0791339576 -0.024109697 0.0819706246
      vertex 0.0788677335 -0.0240371358 0.0814194828
    endloop
  endfacet
  facet normal -0.997971296 0.012448634 -0.0624365397
    outer loop
      vertex 0.0752169713 -0.0246433523 0.0870229378
      vertex 0.0752794445 -0.0243893601 0.0860750228
      vertex 0.075279437 -0.0246433541 0.0860245004
    endloop
  endfacet
  facet normal -0.997971773 0.012416495 -0.0624365583
    outer loop
      vertex 0.0752169713 -0.0246433523 0.0870229378
      vertex 0.075279437 -0.0246433541 0.0860245004
      vertex 0.0752169713 -0.0247714464 0.0869974643
    endloop
  endfacet
  facet normal 0.999779224 0.00404259842 -0.0206203982
    outer loop
      vertex 0.0800706893 -0.0246434119 0.0870229378
      vertex 0.0800916255 -0.0249018278 0.0879873633
      vertex 0.0800706819 -0.0247715041 0.0869974643
    endloop
  endfacet
  facet normal -0.838333488 0.106365919 -0.534680426
    outer loop
      vertex 0.0764199495 -0.0231872238 0.0815885365
      vertex 0.0767071173 -0.0230726879 0.0811610669
      vertex 0.0767071024 -0.0239793453 0.0809807256
    endloop
  endfacet
  facet normal -0.838329613 0.106371269 -0.534685493
    outer loop
      vertex 0.0764199495 -0.0231872238 0.0815885365
      vertex 0.0767071024 -0.0239793453 0.0809807256
      vertex 0.0764199346 -0.024037106 0.0814194828
    endloop
  endfacet
  facet normal 0.838333607 0.106341787 -0.534685016
    outer loop
      vertex 0.0785805807 -0.0230727103 0.0811610669
      vertex 0.0788677484 -0.0231872536 0.0815885365
      vertex 0.0788677335 -0.0240371358 0.0814194828
    endloop
  endfacet
  facet normal 0.838331342 0.106340066 -0.53468895
    outer loop
      vertex 0.0785805807 -0.0230727103 0.0811610669
      vertex 0.0788677335 -0.0240371358 0.0814194828
      vertex 0.0785805658 -0.0239793677 0.0809807256
    endloop
  endfacet
  facet normal -0.999779105 0.00409919955 -0.0206129458
    outer loop
      vertex 0.0751960278 -0.0249017682 0.0879873633
      vertex 0.0752169713 -0.0246433523 0.0870229378
      vertex 0.0752169713 -0.0247714464 0.0869974643
    endloop
  endfacet
  facet normal 0.997971416 0.0123616848 -0.06245194
    outer loop
      vertex 0.0800082237 -0.024389416 0.0860750228
      vertex 0.0800706893 -0.0246434119 0.0870229378
      vertex 0.0800706819 -0.0247715041 0.0869974643
    endloop
  endfacet
  facet normal 0.997972131 0.0124178091 -0.0624287464
    outer loop
      vertex 0.0800082237 -0.024389416 0.0860750228
      vertex 0.0800706819 -0.0247715041 0.0869974643
      vertex 0.0800082237 -0.02464341 0.0860245004
    endloop
  endfacet
  facet normal -0.901540935 0.0844303668 -0.424376518
    outer loop
      vertex 0.0761537179 -0.0233310964 0.0821254924
      vertex 0.0764199495 -0.0231872238 0.0815885365
      vertex 0.0764199346 -0.024037106 0.0814194828
    endloop
  endfacet
  facet normal -0.901545048 0.0844217986 -0.424369484
    outer loop
      vertex 0.0761537179 -0.0233310964 0.0821254924
      vertex 0.0764199346 -0.024037106 0.0814194828
      vertex 0.0761537105 -0.0241096616 0.0819706246
    endloop
  endfacet
  facet normal 0.726915896 0.133959308 -0.673534155
    outer loop
      vertex 0.0782773867 -0.0229894631 0.0808504
      vertex 0.0785805807 -0.0230727103 0.0811610669
      vertex 0.0785805658 -0.0239793677 0.0809807256
    endloop
  endfacet
  facet normal 0.726919651 0.133961037 -0.673529685
    outer loop
      vertex 0.0782773867 -0.0229894631 0.0808504
      vertex 0.0785805658 -0.0239793677 0.0809807256
      vertex 0.0782773718 -0.0239373837 0.0806618482
    endloop
  endfacet
  facet normal 0.994127691 0.0211112164 -0.10613364
    outer loop
      vertex 0.0799053088 -0.0241441876 0.0851598233
      vertex 0.0800082237 -0.024389416 0.0860750228
      vertex 0.0800082237 -0.02464341 0.0860245004
    endloop
  endfacet
  facet normal 0.994127095 0.0210949462 -0.10614296
    outer loop
      vertex 0.0799053088 -0.0241441876 0.0851598233
      vertex 0.0800082237 -0.02464341 0.0860245004
      vertex 0.0799053013 -0.0245197378 0.0850851163
    endloop
  endfacet
  facet normal 0.96265316 0.0176953375 -0.270158887
    outer loop
      vertex 0.0793746859 -0.0241958126 0.0826247111
      vertex 0.0795858055 -0.0242940076 0.0833705589
      vertex 0.0795857981 -0.0249018222 0.0833307207
    endloop
  endfacet
  facet normal 0.962653637 0.017697433 -0.27015692
    outer loop
      vertex 0.0793746859 -0.0241958126 0.0826247111
      vertex 0.0795857981 -0.0249018222 0.0833307207
      vertex 0.0793746784 -0.0249018185 0.0825784355
    endloop
  endfacet
  facet normal -0.987724006 0.0102319019 -0.155873567
    outer loop
      vertex 0.0753823593 -0.0245196838 0.0850851163
      vertex 0.07552398 -0.0244025514 0.0841953978
      vertex 0.0755239725 -0.0249017738 0.0841626748
    endloop
  endfacet
  facet normal -0.987725198 0.010215247 -0.155866861
    outer loop
      vertex 0.0753823593 -0.0245196838 0.0850851163
      vertex 0.0755239725 -0.0249017738 0.0841626748
      vertex 0.0753823593 -0.0249017719 0.0850600749
    endloop
  endfacet
  facet normal -0.527109265 0.0555856116 -0.847977638
    outer loop
      vertex 0.0770103037 -0.0239373688 0.0806618482
      vertex 0.0773243383 -0.0239118934 0.0804683119
      vertex 0.0773243234 -0.0249017961 0.0804034323
    endloop
  endfacet
  facet normal -0.527106762 0.0555868 -0.847979069
    outer loop
      vertex 0.0770103037 -0.0239373688 0.0806618482
      vertex 0.0773243234 -0.0249017961 0.0804034323
      vertex 0.0770102888 -0.0249017924 0.0805986375
    endloop
  endfacet
  facet normal 0.939177871 0.0224523228 -0.342696548
    outer loop
      vertex 0.0791339576 -0.024109697 0.0819706246
      vertex 0.0793746859 -0.0241958126 0.0826247111
      vertex 0.0793746784 -0.0249018185 0.0825784355
    endloop
  endfacet
  facet normal 0.939177573 0.0224516038 -0.342697352
    outer loop
      vertex 0.0791339576 -0.024109697 0.0819706246
      vertex 0.0793746784 -0.0249018185 0.0825784355
      vertex 0.0791339502 -0.0249018166 0.081918709
    endloop
  endfacet
  facet normal -0.994126976 0.00707736751 -0.10798841
    outer loop
      vertex 0.075279437 -0.0246433541 0.0860245004
      vertex 0.0753823593 -0.0245196838 0.0850851163
      vertex 0.0753823593 -0.0249017719 0.0850600749
    endloop
  endfacet
  facet normal -0.994126916 0.00708013214 -0.10798914
    outer loop
      vertex 0.075279437 -0.0246433541 0.0860245004
      vertex 0.0753823593 -0.0249017719 0.0850600749
      vertex 0.075279437 -0.0249017701 0.0860075578
    endloop
  endfacet
  facet normal -0.726910293 0.0449249707 -0.685261488
    outer loop
      vertex 0.0767071024 -0.0239793453 0.0809807256
      vertex 0.0770103037 -0.0239373688 0.0806618482
      vertex 0.0770102888 -0.0249017924 0.0805986375
    endloop
  endfacet
  facet normal -0.726915479 0.0449210033 -0.685256064
    outer loop
      vertex 0.0767071024 -0.0239793453 0.0809807256
      vertex 0.0770102888 -0.0249017924 0.0805986375
      vertex 0.0767070949 -0.0249017868 0.0809202641
    endloop
  endfacet
  facet normal 0.901545227 0.028289089 -0.431759
    outer loop
      vertex 0.0788677335 -0.0240371358 0.0814194828
      vertex 0.0791339576 -0.024109697 0.0819706246
      vertex 0.0791339502 -0.0249018166 0.081918709
    endloop
  endfacet
  facet normal 0.901545107 0.0282888282 -0.431759357
    outer loop
      vertex 0.0788677335 -0.0240371358 0.0814194828
      vertex 0.0791339502 -0.0249018166 0.081918709
      vertex 0.078867726 -0.0249018129 0.0813628137
    endloop
  endfacet
  facet normal -0.997971654 0.00416474789 -0.0635229051
    outer loop
      vertex 0.0752169713 -0.0247714464 0.0869974643
      vertex 0.075279437 -0.0246433541 0.0860245004
      vertex 0.075279437 -0.0249017701 0.0860075578
    endloop
  endfacet
  facet normal -0.997971714 0.00416550227 -0.063523002
    outer loop
      vertex 0.0752169713 -0.0247714464 0.0869974643
      vertex 0.075279437 -0.0249017701 0.0860075578
      vertex 0.0752169713 -0.0249017682 0.0869889185
    endloop
  endfacet
  facet normal 0.999779105 0.00137518486 -0.0209715683
    outer loop
      vertex 0.0800706819 -0.0247715041 0.0869974643
      vertex 0.0800916255 -0.0249018278 0.0879873633
      vertex 0.0800706819 -0.0249018278 0.0869889185
    endloop
  endfacet
  facet normal -0.838330507 0.0356629156 -0.543994546
    outer loop
      vertex 0.0764199346 -0.024037106 0.0814194828
      vertex 0.0767071024 -0.0239793453 0.0809807256
      vertex 0.0767070949 -0.0249017868 0.0809202641
    endloop
  endfacet
  facet normal -0.838333666 0.0356591791 -0.543989956
    outer loop
      vertex 0.0764199346 -0.024037106 0.0814194828
      vertex 0.0767070949 -0.0249017868 0.0809202641
      vertex 0.0764199272 -0.0249017831 0.0813628137
    endloop
  endfacet
  facet normal 0.838330269 0.035645131 -0.543996155
    outer loop
      vertex 0.0785805658 -0.0239793677 0.0809807256
      vertex 0.0788677335 -0.0240371358 0.0814194828
      vertex 0.078867726 -0.0249018129 0.0813628137
    endloop
  endfacet
  facet normal 0.838334143 0.0356489867 -0.543989837
    outer loop
      vertex 0.0785805658 -0.0239793677 0.0809807256
      vertex 0.078867726 -0.0249018129 0.0813628137
      vertex 0.0785805583 -0.024901811 0.0809202641
    endloop
  endfacet
  facet normal -0.999779105 0.00137520756 -0.0209715702
    outer loop
      vertex 0.0751960278 -0.0249017682 0.0879873633
      vertex 0.0752169713 -0.0247714464 0.0869974643
      vertex 0.0752169713 -0.0249017682 0.0869889185
    endloop
  endfacet
  facet normal 0.99797219 0.00416490575 -0.0635152832
    outer loop
      vertex 0.0800082237 -0.02464341 0.0860245004
      vertex 0.0800706819 -0.0247715041 0.0869974643
      vertex 0.0800706819 -0.0249018278 0.0869889185
    endloop
  endfacet
  facet normal 0.997971773 0.00413600821 -0.0635229945
    outer loop
      vertex 0.0800082237 -0.02464341 0.0860245004
      vertex 0.0800706819 -0.0249018278 0.0869889185
      vertex 0.0800082162 -0.0249018259 0.0860075578
    endloop
  endfacet
  facet normal -0.901545525 0.0283042341 -0.43175745
    outer loop
      vertex 0.0761537105 -0.0241096616 0.0819706246
      vertex 0.0764199346 -0.024037106 0.0814194828
      vertex 0.0764199272 -0.0249017831 0.0813628137
    endloop
  endfacet
  facet normal -0.901544511 0.0283061247 -0.431759417
    outer loop
      vertex 0.0761537105 -0.0241096616 0.0819706246
      vertex 0.0764199272 -0.0249017831 0.0813628137
      vertex 0.076153703 -0.0249017794 0.081918709
    endloop
  endfacet
  facet normal 0.726918697 0.0449090116 -0.685253561
    outer loop
      vertex 0.0782773718 -0.0239373837 0.0806618482
      vertex 0.0785805658 -0.0239793677 0.0809807256
      vertex 0.0785805583 -0.024901811 0.0809202641
    endloop
  endfacet
  facet normal 0.726916552 0.0449077524 -0.685255826
    outer loop
      vertex 0.0782773718 -0.0239373837 0.0806618482
      vertex 0.0785805583 -0.024901811 0.0809202641
      vertex 0.0782773644 -0.0249018073 0.0805986375
    endloop
  endfacet
  facet normal 0.994126737 0.00705163181 -0.107991762
    outer loop
      vertex 0.0799053013 -0.0245197378 0.0850851163
      vertex 0.0800082237 -0.02464341 0.0860245004
      vertex 0.0800082162 -0.0249018259 0.0860075578
    endloop
  endfacet
  facet normal 0.994127035 0.00705803791 -0.10798914
    outer loop
      vertex 0.0799053013 -0.0245197378 0.0850851163
      vertex 0.0800082162 -0.0249018259 0.0860075578
      vertex 0.0799052939 -0.0249018259 0.0850600749
    endloop
  endfacet
  facet normal -0.939178109 0.0224691499 -0.342694581
    outer loop
      vertex 0.0759129822 -0.0241957717 0.0826247111
      vertex 0.0761537105 -0.0241096616 0.0819706246
      vertex 0.076153703 -0.0249017794 0.081918709
    endloop
  endfacet
  facet normal -0.939177096 0.0224721991 -0.342697263
    outer loop
      vertex 0.0759129822 -0.0241957717 0.0826247111
      vertex 0.076153703 -0.0249017794 0.081918709
      vertex 0.0759129748 -0.0249017775 0.0825784355
    endloop
  endfacet
  facet normal 0.527109921 0.0555745177 -0.847977996
    outer loop
      vertex 0.0779633373 -0.0239119008 0.0804683119
      vertex 0.0782773718 -0.0239373837 0.0806618482
      vertex 0.0782773644 -0.0249018073 0.0805986375
    endloop
  endfacet
  facet normal 0.527108133 0.0555737987 -0.847979069
    outer loop
      vertex 0.0779633373 -0.0239119008 0.0804683119
      vertex 0.0782773644 -0.0249018073 0.0805986375
      vertex 0.0779633299 -0.0249018036 0.0804034323
    endloop
  endfacet
  facet normal 0.9877249 0.0101962145 -0.155870125
    outer loop
      vertex 0.0797636881 -0.0244026016 0.0841953978
      vertex 0.0799053013 -0.0245197378 0.0850851163
      vertex 0.0799052939 -0.0249018259 0.0850600749
    endloop
  endfacet
  facet normal 0.987725377 0.0102019925 -0.155866832
    outer loop
      vertex 0.0797636881 -0.0244026016 0.0841953978
      vertex 0.0799052939 -0.0249018259 0.0850600749
      vertex 0.0797636807 -0.0249018241 0.0841626748
    endloop
  endfacet
  facet normal -0.962653458 0.0177176967 -0.270156175
    outer loop
      vertex 0.0757018626 -0.024293961 0.0833705589
      vertex 0.0759129822 -0.0241957717 0.0826247111
      vertex 0.0759129748 -0.0249017775 0.0825784355
    endloop
  endfacet
  facet normal -0.962653279 0.0177188125 -0.27015695
    outer loop
      vertex 0.0757018626 -0.024293961 0.0833705589
      vertex 0.0759129748 -0.0249017775 0.0825784355
      vertex 0.0757018551 -0.0249017756 0.0833307207
    endloop
  endfacet
  facet normal 0.200243875 0.0640749931 -0.977648616
    outer loop
      vertex 0.0776438415 -0.023903355 0.0804034323
      vertex 0.0779633373 -0.0239119008 0.0804683119
      vertex 0.0779633299 -0.0249018036 0.0804034323
    endloop
  endfacet
  facet normal 0.20023635 0.0640725791 -0.977650285
    outer loop
      vertex 0.0776438415 -0.023903355 0.0804034323
      vertex 0.0779633299 -0.0249018036 0.0804034323
      vertex 0.0776438266 -0.0249017999 0.0803379938
    endloop
  endfacet
  facet normal 0.977805197 0.0136894053 -0.209068671
    outer loop
      vertex 0.0795858055 -0.0242940076 0.0833705589
      vertex 0.0797636881 -0.0244026016 0.0841953978
      vertex 0.0797636807 -0.0249018241 0.0841626748
    endloop
  endfacet
  facet normal 0.977805376 0.0136910127 -0.209067449
    outer loop
      vertex 0.0795858055 -0.0242940076 0.0833705589
      vertex 0.0797636807 -0.0249018241 0.0841626748
      vertex 0.0795857981 -0.0249018222 0.0833307207
    endloop
  endfacet
  facet normal -0.977805376 0.0137148537 -0.209065408
    outer loop
      vertex 0.07552398 -0.0244025514 0.0841953978
      vertex 0.0757018626 -0.024293961 0.0833705589
      vertex 0.0757018551 -0.0249017756 0.0833307207
    endloop
  endfacet
  facet normal -0.977804959 0.013718511 -0.209067419
    outer loop
      vertex 0.07552398 -0.0244025514 0.0841953978
      vertex 0.0757018551 -0.0249017756 0.0833307207
      vertex 0.0755239725 -0.0249017738 0.0841626748
    endloop
  endfacet
  facet normal -0.200237989 0.0640785024 -0.97764957
    outer loop
      vertex 0.0773243383 -0.0239118934 0.0804683119
      vertex 0.0776438415 -0.023903355 0.0804034323
      vertex 0.0776438266 -0.0249017999 0.0803379938
    endloop
  endfacet
  facet normal -0.20023483 0.0640796125 -0.977650166
    outer loop
      vertex 0.0773243383 -0.0239118934 0.0804683119
      vertex 0.0776438266 -0.0249017999 0.0803379938
      vertex 0.0773243234 -0.0249017961 0.0804034323
    endloop
  endfacet
  facet normal 0.838333786 -0.0356591828 -0.543989897
    outer loop
      vertex 0.0785805583 -0.024901811 0.0809202641
      vertex 0.078867726 -0.0249018129 0.0813628137
      vertex 0.0788677186 -0.02576649 0.0814194828
    endloop
  endfacet
  facet normal 0.838324368 -0.0356702805 -0.544003606
    outer loop
      vertex 0.0785805583 -0.024901811 0.0809202641
      vertex 0.0788677186 -0.02576649 0.0814194828
      vertex 0.0785805434 -0.0258242525 0.0809807256
    endloop
  endfacet
  facet normal -0.999779105 -0.00137518789 -0.0209715683
    outer loop
      vertex 0.0751960278 -0.0249017682 0.0879873633
      vertex 0.0752169713 -0.0249017682 0.0869889185
      vertex 0.0752169713 -0.0250320919 0.0869974643
    endloop
  endfacet
  facet normal 0.997971714 -0.00416547479 -0.063523002
    outer loop
      vertex 0.0800082162 -0.0249018259 0.0860075578
      vertex 0.0800706819 -0.0249018278 0.0869889185
      vertex 0.0800706819 -0.0250321496 0.0869974643
    endloop
  endfacet
  facet normal 0.997971714 -0.00416474557 -0.0635229051
    outer loop
      vertex 0.0800082162 -0.0249018259 0.0860075578
      vertex 0.0800706819 -0.0250321496 0.0869974643
      vertex 0.0800082162 -0.0251602437 0.0860245004
    endloop
  endfacet
  facet normal -0.901545107 -0.0282888357 -0.431759357
    outer loop
      vertex 0.076153703 -0.0249017794 0.081918709
      vertex 0.0764199272 -0.0249017831 0.0813628137
      vertex 0.0764199197 -0.0257664602 0.0814194828
    endloop
  endfacet
  facet normal -0.901540279 -0.0282812994 -0.431769788
    outer loop
      vertex 0.076153703 -0.0249017794 0.081918709
      vertex 0.0764199197 -0.0257664602 0.0814194828
      vertex 0.0761536881 -0.025693899 0.0819706246
    endloop
  endfacet
  facet normal 0.726915479 -0.0449268669 -0.685255766
    outer loop
      vertex 0.0782773644 -0.0249018073 0.0805986375
      vertex 0.0785805583 -0.024901811 0.0809202641
      vertex 0.0785805434 -0.0258242525 0.0809807256
    endloop
  endfacet
  facet normal 0.726918638 -0.0449244715 -0.685252547
    outer loop
      vertex 0.0782773644 -0.0249018073 0.0805986375
      vertex 0.0785805434 -0.0258242525 0.0809807256
      vertex 0.0782773495 -0.0258662291 0.0806618482
    endloop
  endfacet
  facet normal 0.994126856 -0.00708007021 -0.107989118
    outer loop
      vertex 0.0799052939 -0.0249018259 0.0850600749
      vertex 0.0800082162 -0.0249018259 0.0860075578
      vertex 0.0800082162 -0.0251602437 0.0860245004
    endloop
  endfacet
  facet normal 0.994126976 -0.00707737543 -0.107988402
    outer loop
      vertex 0.0799052939 -0.0249018259 0.0850600749
      vertex 0.0800082162 -0.0251602437 0.0860245004
      vertex 0.0799052939 -0.0252839141 0.0850851163
    endloop
  endfacet
  facet normal -0.939177752 -0.022442773 -0.342697412
    outer loop
      vertex 0.0759129748 -0.0249017775 0.0825784355
      vertex 0.076153703 -0.0249017794 0.081918709
      vertex 0.0761536881 -0.025693899 0.0819706246
    endloop
  endfacet
  facet normal -0.939177632 -0.0224424973 -0.342697769
    outer loop
      vertex 0.0759129748 -0.0249017775 0.0825784355
      vertex 0.0761536881 -0.025693899 0.0819706246
      vertex 0.0759129599 -0.0256077833 0.0826247111
    endloop
  endfacet
  facet normal 0.527106762 -0.0555869155 -0.847979069
    outer loop
      vertex 0.0779633299 -0.0249018036 0.0804034323
      vertex 0.0782773644 -0.0249018073 0.0805986375
      vertex 0.0782773495 -0.0258662291 0.0806618482
    endloop
  endfacet
  facet normal 0.527109265 -0.0555857196 -0.847977638
    outer loop
      vertex 0.0779633299 -0.0249018036 0.0804034323
      vertex 0.0782773495 -0.0258662291 0.0806618482
      vertex 0.077963315 -0.0258917045 0.0804683119
    endloop
  endfacet
  facet normal 0.987725198 -0.0102152415 -0.155866861
    outer loop
      vertex 0.0797636807 -0.0249018241 0.0841626748
      vertex 0.0799052939 -0.0249018259 0.0850600749
      vertex 0.0799052939 -0.0252839141 0.0850851163
    endloop
  endfacet
  facet normal 0.987724006 -0.0102319168 -0.155873582
    outer loop
      vertex 0.0797636807 -0.0249018241 0.0841626748
      vertex 0.0799052939 -0.0252839141 0.0850851163
      vertex 0.0797636732 -0.0254010465 0.0841953978
    endloop
  endfacet
  facet normal -0.962653875 -0.0176872723 -0.270157009
    outer loop
      vertex 0.0757018551 -0.0249017756 0.0833307207
      vertex 0.0759129748 -0.0249017775 0.0825784355
      vertex 0.0759129599 -0.0256077833 0.0826247111
    endloop
  endfacet
  facet normal -0.962655663 -0.017694762 -0.270150065
    outer loop
      vertex 0.0757018551 -0.0249017756 0.0833307207
      vertex 0.0759129599 -0.0256077833 0.0826247111
      vertex 0.0757018477 -0.0255095903 0.0833705589
    endloop
  endfacet
  facet normal 0.200234801 -0.0640797392 -0.977650106
    outer loop
      vertex 0.0776438266 -0.0249017999 0.0803379938
      vertex 0.0779633299 -0.0249018036 0.0804034323
      vertex 0.077963315 -0.0258917045 0.0804683119
    endloop
  endfacet
  facet normal 0.200238004 -0.0640786216 -0.97764957
    outer loop
      vertex 0.0776438266 -0.0249017999 0.0803379938
      vertex 0.077963315 -0.0258917045 0.0804683119
      vertex 0.0776438117 -0.0259002429 0.0804034323
    endloop
  endfacet
  facet normal 0.977804899 -0.0137185231 -0.209067419
    outer loop
      vertex 0.0795857981 -0.0249018222 0.0833307207
      vertex 0.0797636807 -0.0249018241 0.0841626748
      vertex 0.0797636732 -0.0254010465 0.0841953978
    endloop
  endfacet
  facet normal 0.977805376 -0.0137148499 -0.209065408
    outer loop
      vertex 0.0795857981 -0.0249018222 0.0833307207
      vertex 0.0797636732 -0.0254010465 0.0841953978
      vertex 0.0795857906 -0.0255096368 0.0833705589
    endloop
  endfacet
  facet normal -0.977805376 -0.0136910062 -0.209067449
    outer loop
      vertex 0.0755239725 -0.0249017738 0.0841626748
      vertex 0.0757018551 -0.0249017756 0.0833307207
      vertex 0.0757018477 -0.0255095903 0.0833705589
    endloop
  endfacet
  facet normal -0.977805138 -0.0136894519 -0.209068611
    outer loop
      vertex 0.0755239725 -0.0249017738 0.0841626748
      vertex 0.0757018477 -0.0255095903 0.0833705589
      vertex 0.0755239651 -0.0254009943 0.0841953978
    endloop
  endfacet
  facet normal -0.200236335 -0.0640726984 -0.977650285
    outer loop
      vertex 0.0773243234 -0.0249017961 0.0804034323
      vertex 0.0776438266 -0.0249017999 0.0803379938
      vertex 0.0776438117 -0.0259002429 0.0804034323
    endloop
  endfacet
  facet normal -0.200243875 -0.0640751123 -0.977648556
    outer loop
      vertex 0.0773243234 -0.0249017961 0.0804034323
      vertex 0.0776438117 -0.0259002429 0.0804034323
      vertex 0.0773243159 -0.025891697 0.0804683119
    endloop
  endfacet
  facet normal 0.96265322 -0.0177188292 -0.27015698
    outer loop
      vertex 0.0793746784 -0.0249018185 0.0825784355
      vertex 0.0795857981 -0.0249018222 0.0833307207
      vertex 0.0795857906 -0.0255096368 0.0833705589
    endloop
  endfacet
  facet normal 0.962653458 -0.0177177023 -0.270156205
    outer loop
      vertex 0.0793746784 -0.0249018185 0.0825784355
      vertex 0.0795857906 -0.0255096368 0.0833705589
      vertex 0.079374671 -0.0256078243 0.0826247111
    endloop
  endfacet
  facet normal -0.987725377 -0.0102020521 -0.155866846
    outer loop
      vertex 0.0753823593 -0.0249017719 0.0850600749
      vertex 0.0755239725 -0.0249017738 0.0841626748
      vertex 0.0755239651 -0.0254009943 0.0841953978
    endloop
  endfacet
  facet normal -0.9877249 -0.0101962006 -0.155870125
    outer loop
      vertex 0.0753823593 -0.0249017719 0.0850600749
      vertex 0.0755239651 -0.0254009943 0.0841953978
      vertex 0.0753823519 -0.02528386 0.0850851163
    endloop
  endfacet
  facet normal -0.527108133 -0.0555739105 -0.847979128
    outer loop
      vertex 0.0770102888 -0.0249017924 0.0805986375
      vertex 0.0773243234 -0.0249017961 0.0804034323
      vertex 0.0773243159 -0.025891697 0.0804683119
    endloop
  endfacet
  facet normal -0.527109861 -0.0555746146 -0.847977877
    outer loop
      vertex 0.0770102888 -0.0249017924 0.0805986375
      vertex 0.0773243159 -0.025891697 0.0804683119
      vertex 0.0770102814 -0.0258662142 0.0806618482
    endloop
  endfacet
  facet normal 0.939177096 -0.0224721991 -0.342697263
    outer loop
      vertex 0.0791339502 -0.0249018166 0.081918709
      vertex 0.0793746784 -0.0249018185 0.0825784355
      vertex 0.079374671 -0.0256078243 0.0826247111
    endloop
  endfacet
  facet normal 0.939178109 -0.0224691462 -0.34269461
    outer loop
      vertex 0.0791339502 -0.0249018166 0.081918709
      vertex 0.079374671 -0.0256078243 0.0826247111
      vertex 0.0791339427 -0.0256939344 0.0819706246
    endloop
  endfacet
  facet normal -0.994126976 -0.00705801928 -0.107989118
    outer loop
      vertex 0.075279437 -0.0249017701 0.0860075578
      vertex 0.0753823593 -0.0249017719 0.0850600749
      vertex 0.0753823519 -0.02528386 0.0850851163
    endloop
  endfacet
  facet normal -0.994126856 -0.00705164066 -0.107991748
    outer loop
      vertex 0.075279437 -0.0249017701 0.0860075578
      vertex 0.0753823519 -0.02528386 0.0850851163
      vertex 0.0752794296 -0.025160186 0.0860245004
    endloop
  endfacet
  facet normal -0.72691679 -0.0449078344 -0.685255647
    outer loop
      vertex 0.0767070949 -0.0249017868 0.0809202641
      vertex 0.0770102888 -0.0249017924 0.0805986375
      vertex 0.0770102814 -0.0258662142 0.0806618482
    endloop
  endfacet
  facet normal -0.726910055 -0.0449037589 -0.685263097
    outer loop
      vertex 0.0767070949 -0.0249017868 0.0809202641
      vertex 0.0770102814 -0.0258662142 0.0806618482
      vertex 0.07670708 -0.0258242302 0.0809807256
    endloop
  endfacet
  facet normal 0.901544452 -0.0283061303 -0.431759417
    outer loop
      vertex 0.078867726 -0.0249018129 0.0813628137
      vertex 0.0791339502 -0.0249018166 0.081918709
      vertex 0.0791339427 -0.0256939344 0.0819706246
    endloop
  endfacet
  facet normal 0.901545525 -0.0283042379 -0.43175742
    outer loop
      vertex 0.078867726 -0.0249018129 0.0813628137
      vertex 0.0791339427 -0.0256939344 0.0819706246
      vertex 0.0788677186 -0.02576649 0.0814194828
    endloop
  endfacet
  facet normal -0.997971773 -0.00413600914 -0.0635229945
    outer loop
      vertex 0.0752169713 -0.0249017682 0.0869889185
      vertex 0.075279437 -0.0249017701 0.0860075578
      vertex 0.0752794296 -0.025160186 0.0860245004
    endloop
  endfacet
  facet normal -0.99797219 -0.00416493509 -0.0635152683
    outer loop
      vertex 0.0752169713 -0.0249017682 0.0869889185
      vertex 0.0752794296 -0.025160186 0.0860245004
      vertex 0.0752169713 -0.0250320919 0.0869974643
    endloop
  endfacet
  facet normal 0.999779105 -0.00137520453 -0.0209715702
    outer loop
      vertex 0.0800706819 -0.0249018278 0.0869889185
      vertex 0.0800916255 -0.0249018278 0.0879873633
      vertex 0.0800706819 -0.0250321496 0.0869974643
    endloop
  endfacet
  facet normal -0.838334441 -0.0356422067 -0.543989837
    outer loop
      vertex 0.0764199272 -0.0249017831 0.0813628137
      vertex 0.0767070949 -0.0249017868 0.0809202641
      vertex 0.07670708 -0.0258242302 0.0809807256
    endloop
  endfacet
  facet normal -0.838336825 -0.0356444791 -0.543986082
    outer loop
      vertex 0.0764199272 -0.0249017831 0.0813628137
      vertex 0.07670708 -0.0258242302 0.0809807256
      vertex 0.0764199197 -0.0257664602 0.0814194828
    endloop
  endfacet
  facet normal -0.962655962 -0.0528059676 -0.265527666
    outer loop
      vertex 0.0757018477 -0.0255095903 0.0833705589
      vertex 0.0759129599 -0.0256077833 0.0826247111
      vertex 0.0759129524 -0.0263017099 0.0827627406
    endloop
  endfacet
  facet normal -0.962655365 -0.0528036691 -0.265530467
    outer loop
      vertex 0.0757018477 -0.0255095903 0.0833705589
      vertex 0.0759129524 -0.0263017099 0.0827627406
      vertex 0.0757018402 -0.0261070039 0.0834893882
    endloop
  endfacet
  facet normal 0.200236738 -0.191142038 -0.960921407
    outer loop
      vertex 0.0776438117 -0.0259002429 0.0804034323
      vertex 0.077963315 -0.0258917045 0.0804683119
      vertex 0.0779633075 -0.0268646702 0.0806618482
    endloop
  endfacet
  facet normal 0.200238407 -0.191141412 -0.960921288
    outer loop
      vertex 0.0776438117 -0.0259002429 0.0804034323
      vertex 0.0779633075 -0.0268646702 0.0806618482
      vertex 0.0776438043 -0.0268816017 0.0805986375
    endloop
  endfacet
  facet normal 0.977805316 -0.0408747233 -0.205489784
    outer loop
      vertex 0.0795857906 -0.0255096368 0.0833705589
      vertex 0.0797636732 -0.0254010465 0.0841953978
      vertex 0.0797636732 -0.025891725 0.0842930004
    endloop
  endfacet
  facet normal 0.977803826 -0.0408862978 -0.205494314
    outer loop
      vertex 0.0795857906 -0.0255096368 0.0833705589
      vertex 0.0797636732 -0.025891725 0.0842930004
      vertex 0.0795857832 -0.0261070505 0.0834893882
    endloop
  endfacet
  facet normal -0.977805495 -0.0408613272 -0.205491334
    outer loop
      vertex 0.0755239651 -0.0254009943 0.0841953978
      vertex 0.0757018477 -0.0255095903 0.0833705589
      vertex 0.0757018402 -0.0261070039 0.0834893882
    endloop
  endfacet
  facet normal -0.977805316 -0.0408602171 -0.205492347
    outer loop
      vertex 0.0755239651 -0.0254009943 0.0841953978
      vertex 0.0757018402 -0.0261070039 0.0834893882
      vertex 0.0755239576 -0.0258916747 0.0842930004
    endloop
  endfacet
  facet normal -0.200245559 -0.191138223 -0.960920334
    outer loop
      vertex 0.0773243159 -0.025891697 0.0804683119
      vertex 0.0776438117 -0.0259002429 0.0804034323
      vertex 0.0776438043 -0.0268816017 0.0805986375
    endloop
  endfacet
  facet normal -0.200242624 -0.191137373 -0.960921168
    outer loop
      vertex 0.0773243159 -0.025891697 0.0804683119
      vertex 0.0776438043 -0.0268816017 0.0805986375
      vertex 0.077324301 -0.0268646628 0.0806618482
    endloop
  endfacet
  facet normal 0.962653041 -0.0528283641 -0.265533924
    outer loop
      vertex 0.079374671 -0.0256078243 0.0826247111
      vertex 0.0795857906 -0.0255096368 0.0833705589
      vertex 0.0795857832 -0.0261070505 0.0834893882
    endloop
  endfacet
  facet normal 0.96265316 -0.0528278276 -0.265533656
    outer loop
      vertex 0.079374671 -0.0256078243 0.0826247111
      vertex 0.0795857832 -0.0261070505 0.0834893882
      vertex 0.0793746635 -0.0263017509 0.0827627406
    endloop
  endfacet
  facet normal -0.987725317 -0.0304589551 -0.153202534
    outer loop
      vertex 0.0753823519 -0.02528386 0.0850851163
      vertex 0.0755239651 -0.0254009943 0.0841953978
      vertex 0.0755239576 -0.0258916747 0.0842930004
    endloop
  endfacet
  facet normal -0.987725079 -0.0304568 -0.153204143
    outer loop
      vertex 0.0753823519 -0.02528386 0.0850851163
      vertex 0.0755239576 -0.0258916747 0.0842930004
      vertex 0.0753823444 -0.0256594103 0.0851598233
    endloop
  endfacet
  facet normal -0.527111053 -0.16578041 -0.833469152
    outer loop
      vertex 0.0770102814 -0.0258662142 0.0806618482
      vertex 0.0773243159 -0.025891697 0.0804683119
      vertex 0.077324301 -0.0268646628 0.0806618482
    endloop
  endfacet
  facet normal -0.52710551 -0.165778667 -0.833473027
    outer loop
      vertex 0.0770102814 -0.0258662142 0.0806618482
      vertex 0.077324301 -0.0268646628 0.0806618482
      vertex 0.0770102665 -0.0268141348 0.0808504
    endloop
  endfacet
  facet normal 0.939177692 -0.0670093447 -0.336830765
    outer loop
      vertex 0.0791339427 -0.0256939344 0.0819706246
      vertex 0.079374671 -0.0256078243 0.0826247111
      vertex 0.0793746635 -0.0263017509 0.0827627406
    endloop
  endfacet
  facet normal 0.939177692 -0.0670094639 -0.336830854
    outer loop
      vertex 0.0791339427 -0.0256939344 0.0819706246
      vertex 0.0793746635 -0.0263017509 0.0827627406
      vertex 0.0791339353 -0.0264724996 0.0821254924
    endloop
  endfacet
  facet normal -0.994127035 -0.0210949462 -0.106142923
    outer loop
      vertex 0.0752794296 -0.025160186 0.0860245004
      vertex 0.0753823519 -0.02528386 0.0850851163
      vertex 0.0753823444 -0.0256594103 0.0851598233
    endloop
  endfacet
  facet normal -0.99412775 -0.0211112164 -0.106133595
    outer loop
      vertex 0.0752794296 -0.025160186 0.0860245004
      vertex 0.0753823444 -0.0256594103 0.0851598233
      vertex 0.0752794296 -0.02541418 0.0860750228
    endloop
  endfacet
  facet normal -0.726911306 -0.133962795 -0.673538506
    outer loop
      vertex 0.07670708 -0.0258242302 0.0809807256
      vertex 0.0770102814 -0.0258662142 0.0806618482
      vertex 0.0770102665 -0.0268141348 0.0808504
    endloop
  endfacet
  facet normal -0.726916015 -0.133965015 -0.673532784
    outer loop
      vertex 0.07670708 -0.0258242302 0.0809807256
      vertex 0.0770102665 -0.0268141348 0.0808504
      vertex 0.0767070726 -0.0267308876 0.0811610669
    endloop
  endfacet
  facet normal 0.901545048 -0.084421806 -0.424369544
    outer loop
      vertex 0.0788677186 -0.02576649 0.0814194828
      vertex 0.0791339427 -0.0256939344 0.0819706246
      vertex 0.0791339353 -0.0264724996 0.0821254924
    endloop
  endfacet
  facet normal 0.901540935 -0.0844303444 -0.424376488
    outer loop
      vertex 0.0788677186 -0.02576649 0.0814194828
      vertex 0.0791339353 -0.0264724996 0.0821254924
      vertex 0.0788677037 -0.0266163722 0.0815885365
    endloop
  endfacet
  facet normal -0.997972131 -0.0124177942 -0.0624287464
    outer loop
      vertex 0.0752169713 -0.0250320919 0.0869974643
      vertex 0.0752794296 -0.025160186 0.0860245004
      vertex 0.0752794296 -0.02541418 0.0860750228
    endloop
  endfacet
  facet normal -0.997971356 -0.012361519 -0.0624519959
    outer loop
      vertex 0.0752169713 -0.0250320919 0.0869974643
      vertex 0.0752794296 -0.02541418 0.0860750228
      vertex 0.0752169639 -0.025160186 0.0870229378
    endloop
  endfacet
  facet normal 0.999779105 -0.00409921072 -0.0206129495
    outer loop
      vertex 0.0800706819 -0.0250321496 0.0869974643
      vertex 0.0800916255 -0.0249018278 0.0879873633
      vertex 0.0800706819 -0.0251602437 0.0870229378
    endloop
  endfacet
  facet normal -0.838337898 -0.106344752 -0.534677923
    outer loop
      vertex 0.0764199197 -0.0257664602 0.0814194828
      vertex 0.07670708 -0.0258242302 0.0809807256
      vertex 0.0767070726 -0.0267308876 0.0811610669
    endloop
  endfacet
  facet normal -0.838333607 -0.106341556 -0.534685135
    outer loop
      vertex 0.0764199197 -0.0257664602 0.0814194828
      vertex 0.0767070726 -0.0267308876 0.0811610669
      vertex 0.0764199048 -0.0266163442 0.0815885365
    endloop
  endfacet
  facet normal 0.838323355 -0.106373146 -0.53469497
    outer loop
      vertex 0.0785805434 -0.0258242525 0.0809807256
      vertex 0.0788677186 -0.02576649 0.0814194828
      vertex 0.0788677037 -0.0266163722 0.0815885365
    endloop
  endfacet
  facet normal 0.838333547 -0.106359303 -0.534681737
    outer loop
      vertex 0.0785805434 -0.0258242525 0.0809807256
      vertex 0.0788677037 -0.0266163722 0.0815885365
      vertex 0.0785805359 -0.0267309099 0.0811610669
    endloop
  endfacet
  facet normal -0.999779165 -0.0040425295 -0.0206204057
    outer loop
      vertex 0.0751960278 -0.0249017682 0.0879873633
      vertex 0.0752169713 -0.0250320919 0.0869974643
      vertex 0.0752169639 -0.025160186 0.0870229378
    endloop
  endfacet
  facet normal 0.997971714 -0.0124164624 -0.062436536
    outer loop
      vertex 0.0800082162 -0.0251602437 0.0860245004
      vertex 0.0800706819 -0.0250321496 0.0869974643
      vertex 0.0800706819 -0.0251602437 0.0870229378
    endloop
  endfacet
  facet normal 0.997971296 -0.0124486266 -0.0624365062
    outer loop
      vertex 0.0800082162 -0.0251602437 0.0860245004
      vertex 0.0800706819 -0.0251602437 0.0870229378
      vertex 0.0800082088 -0.0254142378 0.0860750228
    endloop
  endfacet
  facet normal -0.901541293 -0.0843996331 -0.424381971
    outer loop
      vertex 0.0761536881 -0.025693899 0.0819706246
      vertex 0.0764199197 -0.0257664602 0.0814194828
      vertex 0.0764199048 -0.0266163442 0.0815885365
    endloop
  endfacet
  facet normal -0.901545465 -0.0844050199 -0.424371898
    outer loop
      vertex 0.0761536881 -0.025693899 0.0819706246
      vertex 0.0764199048 -0.0266163442 0.0815885365
      vertex 0.0761536807 -0.0264724642 0.0821254924
    endloop
  endfacet
  facet normal 0.726917624 -0.133976176 -0.67352891
    outer loop
      vertex 0.0782773495 -0.0258662291 0.0806618482
      vertex 0.0785805434 -0.0258242525 0.0809807256
      vertex 0.0785805359 -0.0267309099 0.0811610669
    endloop
  endfacet
  facet normal 0.7269153 -0.133978173 -0.673530996
    outer loop
      vertex 0.0782773495 -0.0258662291 0.0806618482
      vertex 0.0785805359 -0.0267309099 0.0811610669
      vertex 0.078277342 -0.0268141516 0.0808504
    endloop
  endfacet
  facet normal 0.994126797 -0.021141028 -0.106136903
    outer loop
      vertex 0.0799052939 -0.0252839141 0.0850851163
      vertex 0.0800082162 -0.0251602437 0.0860245004
      vertex 0.0800082088 -0.0254142378 0.0860750228
    endloop
  endfacet
  facet normal 0.994127035 -0.0211329795 -0.106135868
    outer loop
      vertex 0.0799052939 -0.0252839141 0.0850851163
      vertex 0.0800082088 -0.0254142378 0.0860750228
      vertex 0.0799052864 -0.0256594643 0.0851598233
    endloop
  endfacet
  facet normal -0.939178288 -0.0669918433 -0.336832702
    outer loop
      vertex 0.0759129599 -0.0256077833 0.0826247111
      vertex 0.0761536881 -0.025693899 0.0819706246
      vertex 0.0761536807 -0.0264724642 0.0821254924
    endloop
  endfacet
  facet normal -0.939177394 -0.0669900849 -0.336835325
    outer loop
      vertex 0.0759129599 -0.0256077833 0.0826247111
      vertex 0.0761536807 -0.0264724642 0.0821254924
      vertex 0.0759129524 -0.0263017099 0.0827627406
    endloop
  endfacet
  facet normal 0.527107954 -0.165789992 -0.833469212
    outer loop
      vertex 0.077963315 -0.0258917045 0.0804683119
      vertex 0.0782773495 -0.0258662291 0.0806618482
      vertex 0.078277342 -0.0268141516 0.0808504
    endloop
  endfacet
  facet normal 0.527102411 -0.165793121 -0.833472133
    outer loop
      vertex 0.077963315 -0.0258917045 0.0804683119
      vertex 0.078277342 -0.0268141516 0.0808504
      vertex 0.0779633075 -0.0268646702 0.0806618482
    endloop
  endfacet
  facet normal 0.987723649 -0.03049629 -0.153205693
    outer loop
      vertex 0.0797636732 -0.0254010465 0.0841953978
      vertex 0.0799052939 -0.0252839141 0.0850851163
      vertex 0.0799052864 -0.0256594643 0.0851598233
    endloop
  endfacet
  facet normal 0.987725258 -0.0304735228 -0.153199822
    outer loop
      vertex 0.0797636732 -0.0254010465 0.0841953978
      vertex 0.0799052864 -0.0256594643 0.0851598233
      vertex 0.0797636732 -0.025891725 0.0842930004
    endloop
  endfacet
  facet normal 0.939177215 -0.110403635 -0.325203329
    outer loop
      vertex 0.0791339353 -0.0264724996 0.0821254924
      vertex 0.0793746635 -0.0263017509 0.0827627406
      vertex 0.0793746561 -0.0269717257 0.0829901695
    endloop
  endfacet
  facet normal 0.939175606 -0.110409185 -0.325206071
    outer loop
      vertex 0.0791339353 -0.0264724996 0.0821254924
      vertex 0.0793746561 -0.0269717257 0.0829901695
      vertex 0.0791339204 -0.0272241905 0.0823806524
    endloop
  endfacet
  facet normal -0.99412781 -0.0347825103 -0.102470338
    outer loop
      vertex 0.0752794296 -0.02541418 0.0860750228
      vertex 0.0753823444 -0.0256594103 0.0851598233
      vertex 0.0753823444 -0.0260219965 0.0852828994
    endloop
  endfacet
  facet normal -0.994127691 -0.0347817093 -0.102470927
    outer loop
      vertex 0.0752794296 -0.02541418 0.0860750228
      vertex 0.0753823444 -0.0260219965 0.0852828994
      vertex 0.0752794296 -0.0256594084 0.0861582607
    endloop
  endfacet
  facet normal -0.726917088 -0.220733896 -0.650283039
    outer loop
      vertex 0.0767070726 -0.0267308876 0.0811610669
      vertex 0.0770102665 -0.0268141348 0.0808504
      vertex 0.077010259 -0.0277293362 0.0811610669
    endloop
  endfacet
  facet normal -0.726917088 -0.220733896 -0.650282979
    outer loop
      vertex 0.0767070726 -0.0267308876 0.0811610669
      vertex 0.077010259 -0.0277293362 0.0811610669
      vertex 0.0767070651 -0.0276062507 0.0814582109
    endloop
  endfacet
  facet normal 0.901539981 -0.139099255 -0.409727991
    outer loop
      vertex 0.0788677037 -0.0266163722 0.0815885365
      vertex 0.0791339353 -0.0264724996 0.0821254924
      vertex 0.0791339204 -0.0272241905 0.0823806524
    endloop
  endfacet
  facet normal 0.901543438 -0.139091238 -0.409723014
    outer loop
      vertex 0.0788677037 -0.0266163722 0.0815885365
      vertex 0.0791339204 -0.0272241905 0.0823806524
      vertex 0.0788676962 -0.0274369195 0.0818670765
    endloop
  endfacet
  facet normal -0.997971654 -0.0204614066 -0.0602816679
    outer loop
      vertex 0.0752169639 -0.025160186 0.0870229378
      vertex 0.0752794296 -0.02541418 0.0860750228
      vertex 0.0752794296 -0.0256594084 0.0861582607
    endloop
  endfacet
  facet normal -0.997971773 -0.0204640981 -0.0602801144
    outer loop
      vertex 0.0752169639 -0.025160186 0.0870229378
      vertex 0.0752794296 -0.0256594084 0.0861582607
      vertex 0.0752169639 -0.0252838563 0.0870649219
    endloop
  endfacet
  facet normal 0.999779105 -0.00675598206 -0.0199010726
    outer loop
      vertex 0.0800706819 -0.0251602437 0.0870229378
      vertex 0.0800916255 -0.0249018278 0.0879873633
      vertex 0.0800706819 -0.0252839159 0.0870649219
    endloop
  endfacet
  facet normal -0.838334501 -0.175227433 -0.516227305
    outer loop
      vertex 0.0764199048 -0.0266163442 0.0815885365
      vertex 0.0767070726 -0.0267308876 0.0811610669
      vertex 0.0767070651 -0.0276062507 0.0814582109
    endloop
  endfacet
  facet normal -0.83833617 -0.175228328 -0.516224146
    outer loop
      vertex 0.0764199048 -0.0266163442 0.0815885365
      vertex 0.0767070651 -0.0276062507 0.0814582109
      vertex 0.0764198974 -0.0274368897 0.0818670765
    endloop
  endfacet
  facet normal 0.838333011 -0.175243214 -0.516224384
    outer loop
      vertex 0.0785805359 -0.0267309099 0.0811610669
      vertex 0.0788677037 -0.0266163722 0.0815885365
      vertex 0.0788676962 -0.0274369195 0.0818670765
    endloop
  endfacet
  facet normal 0.838335156 -0.175239861 -0.516221881
    outer loop
      vertex 0.0785805359 -0.0267309099 0.0811610669
      vertex 0.0788676962 -0.0274369195 0.0818670765
      vertex 0.0785805285 -0.0276062731 0.0814582109
    endloop
  endfacet
  facet normal -0.999779344 -0.00675366307 -0.0198939592
    outer loop
      vertex 0.0751960278 -0.0249017682 0.0879873633
      vertex 0.0752169639 -0.025160186 0.0870229378
      vertex 0.0752169639 -0.0252838563 0.0870649219
    endloop
  endfacet
  facet normal 0.997971177 -0.0204665009 -0.0602881014
    outer loop
      vertex 0.0800082088 -0.0254142378 0.0860750228
      vertex 0.0800706819 -0.0251602437 0.0870229378
      vertex 0.0800706819 -0.0252839159 0.0870649219
    endloop
  endfacet
  facet normal 0.997971237 -0.0204638671 -0.0602884553
    outer loop
      vertex 0.0800082088 -0.0254142378 0.0860750228
      vertex 0.0800706819 -0.0252839159 0.0870649219
      vertex 0.0800082088 -0.0256594643 0.0861582607
    endloop
  endfacet
  facet normal -0.901545942 -0.13907516 -0.409722984
    outer loop
      vertex 0.0761536807 -0.0264724642 0.0821254924
      vertex 0.0764199048 -0.0266163442 0.0815885365
      vertex 0.0764198974 -0.0274368897 0.0818670765
    endloop
  endfacet
  facet normal -0.901543498 -0.139072835 -0.409729183
    outer loop
      vertex 0.0761536807 -0.0264724642 0.0821254924
      vertex 0.0764198974 -0.0274368897 0.0818670765
      vertex 0.0761536732 -0.0272241551 0.0823806524
    endloop
  endfacet
  facet normal 0.726914823 -0.220745757 -0.650281549
    outer loop
      vertex 0.078277342 -0.0268141516 0.0808504
      vertex 0.0785805359 -0.0267309099 0.0811610669
      vertex 0.0785805285 -0.0276062731 0.0814582109
    endloop
  endfacet
  facet normal 0.726906717 -0.220753759 -0.650287867
    outer loop
      vertex 0.078277342 -0.0268141516 0.0808504
      vertex 0.0785805285 -0.0276062731 0.0814582109
      vertex 0.0782773271 -0.0277293511 0.0811610669
    endloop
  endfacet
  facet normal 0.994126856 -0.0347843878 -0.102477968
    outer loop
      vertex 0.0799052864 -0.0256594643 0.0851598233
      vertex 0.0800082088 -0.0254142378 0.0860750228
      vertex 0.0800082088 -0.0256594643 0.0861582607
    endloop
  endfacet
  facet normal 0.994126976 -0.0347850919 -0.102477983
    outer loop
      vertex 0.0799052864 -0.0256594643 0.0851598233
      vertex 0.0800082088 -0.0256594643 0.0861582607
      vertex 0.0799052864 -0.0260220505 0.0852828994
    endloop
  endfacet
  facet normal -0.93917799 -0.110382058 -0.325208455
    outer loop
      vertex 0.0759129524 -0.0263017099 0.0827627406
      vertex 0.0761536807 -0.0264724642 0.0821254924
      vertex 0.0761536732 -0.0272241551 0.0823806524
    endloop
  endfacet
  facet normal -0.939178944 -0.110383682 -0.325205177
    outer loop
      vertex 0.0759129524 -0.0263017099 0.0827627406
      vertex 0.0761536732 -0.0272241551 0.0823806524
      vertex 0.075912945 -0.0269716829 0.0829901695
    endloop
  endfacet
  facet normal 0.527101099 -0.273166567 -0.804701447
    outer loop
      vertex 0.0779633075 -0.0268646702 0.0806618482
      vertex 0.078277342 -0.0268141516 0.0808504
      vertex 0.0782773271 -0.0277293511 0.0811610669
    endloop
  endfacet
  facet normal 0.527096272 -0.273169607 -0.804703593
    outer loop
      vertex 0.0779633075 -0.0268646702 0.0806618482
      vertex 0.0782773271 -0.0277293511 0.0811610669
      vertex 0.0779632926 -0.0278040487 0.0809807256
    endloop
  endfacet
  facet normal 0.987725198 -0.0502073169 -0.147912249
    outer loop
      vertex 0.0797636732 -0.025891725 0.0842930004
      vertex 0.0799052864 -0.0256594643 0.0851598233
      vertex 0.0799052864 -0.0260220505 0.0852828994
    endloop
  endfacet
  facet normal 0.987723947 -0.0502254702 -0.147914484
    outer loop
      vertex 0.0797636732 -0.025891725 0.0842930004
      vertex 0.0799052864 -0.0260220505 0.0852828994
      vertex 0.0797636658 -0.0263654683 0.0844538137
    endloop
  endfacet
  facet normal -0.962655723 -0.0870145112 -0.25636375
    outer loop
      vertex 0.0757018402 -0.0261070039 0.0834893882
      vertex 0.0759129524 -0.0263017099 0.0827627406
      vertex 0.075912945 -0.0269716829 0.0829901695
    endloop
  endfacet
  facet normal -0.962655663 -0.0870143697 -0.256363958
    outer loop
      vertex 0.0757018402 -0.0261070039 0.0834893882
      vertex 0.075912945 -0.0269716829 0.0829901695
      vertex 0.0757018328 -0.0266837962 0.0836851895
    endloop
  endfacet
  facet normal 0.200236171 -0.314933628 -0.927751184
    outer loop
      vertex 0.0776438043 -0.0268816017 0.0805986375
      vertex 0.0779633075 -0.0268646702 0.0806618482
      vertex 0.0779632926 -0.0278040487 0.0809807256
    endloop
  endfacet
  facet normal 0.200244755 -0.31493029 -0.927750409
    outer loop
      vertex 0.0776438043 -0.0268816017 0.0805986375
      vertex 0.0779632926 -0.0278040487 0.0809807256
      vertex 0.0776437894 -0.0278290883 0.0809202641
    endloop
  endfacet
  facet normal 0.977803528 -0.0673627108 -0.198399961
    outer loop
      vertex 0.0795857832 -0.0261070505 0.0834893882
      vertex 0.0797636732 -0.025891725 0.0842930004
      vertex 0.0797636658 -0.0263654683 0.0844538137
    endloop
  endfacet
  facet normal 0.977803528 -0.0673626289 -0.198399946
    outer loop
      vertex 0.0795857832 -0.0261070505 0.0834893882
      vertex 0.0797636658 -0.0263654683 0.0844538137
      vertex 0.0795857757 -0.0266838428 0.0836851895
    endloop
  endfacet
  facet normal -0.977805674 -0.0673367009 -0.198398039
    outer loop
      vertex 0.0755239576 -0.0258916747 0.0842930004
      vertex 0.0757018402 -0.0261070039 0.0834893882
      vertex 0.0757018328 -0.0266837962 0.0836851895
    endloop
  endfacet
  facet normal -0.977805078 -0.0673329309 -0.198402762
    outer loop
      vertex 0.0755239576 -0.0258916747 0.0842930004
      vertex 0.0757018328 -0.0266837962 0.0836851895
      vertex 0.0755239502 -0.026365418 0.0844538137
    endloop
  endfacet
  facet normal -0.200243324 -0.314924747 -0.927752674
    outer loop
      vertex 0.077324301 -0.0268646628 0.0806618482
      vertex 0.0776438043 -0.0268816017 0.0805986375
      vertex 0.0776437894 -0.0278290883 0.0809202641
    endloop
  endfacet
  facet normal -0.200251758 -0.314926893 -0.927750111
    outer loop
      vertex 0.077324301 -0.0268646628 0.0806618482
      vertex 0.0776437894 -0.0278290883 0.0809202641
      vertex 0.0773242861 -0.0278040413 0.0809807256
    endloop
  endfacet
  facet normal 0.962652743 -0.0870401263 -0.256366551
    outer loop
      vertex 0.0793746635 -0.0263017509 0.0827627406
      vertex 0.0795857832 -0.0261070505 0.0834893882
      vertex 0.0795857757 -0.0266838428 0.0836851895
    endloop
  endfacet
  facet normal 0.962653399 -0.0870361254 -0.256365031
    outer loop
      vertex 0.0793746635 -0.0263017509 0.0827627406
      vertex 0.0795857757 -0.0266838428 0.0836851895
      vertex 0.0793746561 -0.0269717257 0.0829901695
    endloop
  endfacet
  facet normal -0.987725377 -0.0501947328 -0.147915438
    outer loop
      vertex 0.0753823444 -0.0256594103 0.0851598233
      vertex 0.0755239576 -0.0258916747 0.0842930004
      vertex 0.0755239502 -0.026365418 0.0844538137
    endloop
  endfacet
  facet normal -0.98772639 -0.0502049625 -0.147905424
    outer loop
      vertex 0.0753823444 -0.0256594103 0.0851598233
      vertex 0.0755239502 -0.026365418 0.0844538137
      vertex 0.0753823444 -0.0260219965 0.0852828994
    endloop
  endfacet
  facet normal -0.527107418 -0.273152411 -0.804702163
    outer loop
      vertex 0.0770102665 -0.0268141348 0.0808504
      vertex 0.077324301 -0.0268646628 0.0806618482
      vertex 0.0773242861 -0.0278040413 0.0809807256
    endloop
  endfacet
  facet normal -0.527109563 -0.273152888 -0.804700613
    outer loop
      vertex 0.0770102665 -0.0268141348 0.0808504
      vertex 0.0773242861 -0.0278040413 0.0809807256
      vertex 0.077010259 -0.0277293362 0.0811610669
    endloop
  endfacet
  facet normal 0.726905584 -0.303749621 -0.615909576
    outer loop
      vertex 0.0782773271 -0.0277293511 0.0811610669
      vertex 0.0785805285 -0.0276062731 0.0814582109
      vertex 0.0785805136 -0.0284353606 0.0818670765
    endloop
  endfacet
  facet normal 0.726918459 -0.303735673 -0.615901232
    outer loop
      vertex 0.0782773271 -0.0277293511 0.0811610669
      vertex 0.0785805136 -0.0284353606 0.0818670765
      vertex 0.0782773197 -0.0285961721 0.0815885365
    endloop
  endfacet
  facet normal 0.994126856 -0.0478665642 -0.0970594585
    outer loop
      vertex 0.0799052864 -0.0260220505 0.0852828994
      vertex 0.0800082088 -0.0256594643 0.0861582607
      vertex 0.0800082088 -0.0258917287 0.0862728059
    endloop
  endfacet
  facet normal 0.994126201 -0.0478856675 -0.0970568806
    outer loop
      vertex 0.0799052864 -0.0260220505 0.0852828994
      vertex 0.0800082088 -0.0258917287 0.0862728059
      vertex 0.079905279 -0.0263654701 0.0854522586
    endloop
  endfacet
  facet normal -0.939179301 -0.1518877 -0.308013618
    outer loop
      vertex 0.075912945 -0.0269716829 0.0829901695
      vertex 0.0761536732 -0.0272241551 0.0823806524
      vertex 0.0761536658 -0.0279361084 0.0827317536
    endloop
  endfacet
  facet normal -0.939177573 -0.151885554 -0.308020055
    outer loop
      vertex 0.075912945 -0.0269716829 0.0829901695
      vertex 0.0761536658 -0.0279361084 0.0827317536
      vertex 0.0759129375 -0.0276062395 0.0833030939
    endloop
  endfacet
  facet normal 0.527095377 -0.37586388 -0.762165964
    outer loop
      vertex 0.0779632926 -0.0278040487 0.0809807256
      vertex 0.0782773271 -0.0277293511 0.0811610669
      vertex 0.0782773197 -0.0285961721 0.0815885365
    endloop
  endfacet
  facet normal 0.527104318 -0.375857741 -0.762162626
    outer loop
      vertex 0.0779632926 -0.0278040487 0.0809807256
      vertex 0.0782773197 -0.0285961721 0.0815885365
      vertex 0.0779632851 -0.0286937691 0.0814194828
    endloop
  endfacet
  facet normal 0.987723649 -0.0691088438 -0.140092686
    outer loop
      vertex 0.0797636658 -0.0263654683 0.0844538137
      vertex 0.0799052864 -0.0260220505 0.0852828994
      vertex 0.079905279 -0.0263654701 0.0854522586
    endloop
  endfacet
  facet normal 0.987724066 -0.0691029206 -0.140092745
    outer loop
      vertex 0.0797636658 -0.0263654683 0.0844538137
      vertex 0.079905279 -0.0263654701 0.0854522586
      vertex 0.0797636583 -0.0268141665 0.0846750885
    endloop
  endfacet
  facet normal -0.962656021 -0.119729243 -0.242813155
    outer loop
      vertex 0.0757018328 -0.0266837962 0.0836851895
      vertex 0.075912945 -0.0269716829 0.0829901695
      vertex 0.0759129375 -0.0276062395 0.0833030939
    endloop
  endfacet
  facet normal -0.962658763 -0.11973545 -0.242799655
    outer loop
      vertex 0.0757018328 -0.0266837962 0.0836851895
      vertex 0.0759129375 -0.0276062395 0.0833030939
      vertex 0.0757018328 -0.027230097 0.083954595
    endloop
  endfacet
  facet normal 0.200243235 -0.433328599 -0.87870872
    outer loop
      vertex 0.0776437894 -0.0278290883 0.0809202641
      vertex 0.0779632926 -0.0278040487 0.0809807256
      vertex 0.0779632851 -0.0286937691 0.0814194828
    endloop
  endfacet
  facet normal 0.200227186 -0.433334827 -0.878709257
    outer loop
      vertex 0.0776437894 -0.0278290883 0.0809202641
      vertex 0.0779632851 -0.0286937691 0.0814194828
      vertex 0.0776437819 -0.0287264865 0.0813628137
    endloop
  endfacet
  facet normal 0.977803111 -0.0926843286 -0.187911212
    outer loop
      vertex 0.0795857757 -0.0266838428 0.0836851895
      vertex 0.0797636658 -0.0263654683 0.0844538137
      vertex 0.0797636583 -0.0268141665 0.0846750885
    endloop
  endfacet
  facet normal 0.977803588 -0.0926806331 -0.18791084
    outer loop
      vertex 0.0795857757 -0.0266838428 0.0836851895
      vertex 0.0797636583 -0.0268141665 0.0846750885
      vertex 0.0795857683 -0.0272301435 0.083954595
    endloop
  endfacet
  facet normal -0.977805257 -0.0926664993 -0.187909171
    outer loop
      vertex 0.0755239502 -0.026365418 0.0844538137
      vertex 0.0757018328 -0.0266837962 0.0836851895
      vertex 0.0757018328 -0.027230097 0.083954595
    endloop
  endfacet
  facet normal -0.977805316 -0.0926668346 -0.18790862
    outer loop
      vertex 0.0755239502 -0.026365418 0.0844538137
      vertex 0.0757018328 -0.027230097 0.083954595
      vertex 0.0755239502 -0.0268141162 0.0846750885
    endloop
  endfacet
  facet normal -0.200252905 -0.43332985 -0.878705859
    outer loop
      vertex 0.0773242861 -0.0278040413 0.0809807256
      vertex 0.0776437894 -0.0278290883 0.0809202641
      vertex 0.0776437819 -0.0287264865 0.0813628137
    endloop
  endfacet
  facet normal -0.200236872 -0.433326483 -0.878711164
    outer loop
      vertex 0.0773242861 -0.0278040413 0.0809807256
      vertex 0.0776437819 -0.0287264865 0.0813628137
      vertex 0.0773242787 -0.0286937617 0.0814194828
    endloop
  endfacet
  facet normal 0.962653041 -0.11975494 -0.242812529
    outer loop
      vertex 0.0793746561 -0.0269717257 0.0829901695
      vertex 0.0795857757 -0.0266838428 0.0836851895
      vertex 0.0795857683 -0.0272301435 0.083954595
    endloop
  endfacet
  facet normal 0.962653756 -0.119751111 -0.242811635
    outer loop
      vertex 0.0793746561 -0.0269717257 0.0829901695
      vertex 0.0795857683 -0.0272301435 0.083954595
      vertex 0.0793746486 -0.0276062824 0.0833030939
    endloop
  endfacet
  facet normal -0.98772639 -0.0690830648 -0.140085772
    outer loop
      vertex 0.0753823444 -0.0260219965 0.0852828994
      vertex 0.0755239502 -0.026365418 0.0844538137
      vertex 0.0755239502 -0.0268141162 0.0846750885
    endloop
  endfacet
  facet normal -0.987725019 -0.0690705106 -0.140101835
    outer loop
      vertex 0.0753823444 -0.0260219965 0.0852828994
      vertex 0.0755239502 -0.0268141162 0.0846750885
      vertex 0.075382337 -0.0263654161 0.0854522586
    endloop
  endfacet
  facet normal -0.527111232 -0.3758488 -0.762162328
    outer loop
      vertex 0.077010259 -0.0277293362 0.0811610669
      vertex 0.0773242861 -0.0278040413 0.0809807256
      vertex 0.0773242787 -0.0286937617 0.0814194828
    endloop
  endfacet
  facet normal -0.527112246 -0.375848889 -0.762161553
    outer loop
      vertex 0.077010259 -0.0277293362 0.0811610669
      vertex 0.0773242787 -0.0286937617 0.0814194828
      vertex 0.0770102441 -0.0285961553 0.0815885365
    endloop
  endfacet
  facet normal 0.93917501 -0.151906371 -0.308017552
    outer loop
      vertex 0.0791339204 -0.0272241905 0.0823806524
      vertex 0.0793746561 -0.0269717257 0.0829901695
      vertex 0.0793746486 -0.0276062824 0.0833030939
    endloop
  endfacet
  facet normal 0.939174116 -0.151909381 -0.308018535
    outer loop
      vertex 0.0791339204 -0.0272241905 0.0823806524
      vertex 0.0793746486 -0.0276062824 0.0833030939
      vertex 0.0791339129 -0.0279361457 0.0827317536
    endloop
  endfacet
  facet normal -0.994127929 -0.0478441976 -0.097060293
    outer loop
      vertex 0.0752794296 -0.0256594084 0.0861582607
      vertex 0.0753823444 -0.0260219965 0.0852828994
      vertex 0.075382337 -0.0263654161 0.0854522586
    endloop
  endfacet
  facet normal -0.994127512 -0.0478383303 -0.097066097
    outer loop
      vertex 0.0752794296 -0.0256594084 0.0861582607
      vertex 0.075382337 -0.0263654161 0.0854522586
      vertex 0.0752794221 -0.025891671 0.0862728059
    endloop
  endfacet
  facet normal -0.72691834 -0.30372116 -0.615908504
    outer loop
      vertex 0.0767070651 -0.0276062507 0.0814582109
      vertex 0.077010259 -0.0277293362 0.0811610669
      vertex 0.0770102441 -0.0285961553 0.0815885365
    endloop
  endfacet
  facet normal -0.726920605 -0.303721517 -0.615905583
    outer loop
      vertex 0.0767070651 -0.0276062507 0.0814582109
      vertex 0.0770102441 -0.0285961553 0.0815885365
      vertex 0.0767070502 -0.0284353383 0.0818670765
    endloop
  endfacet
  facet normal 0.901543021 -0.191382959 -0.388062954
    outer loop
      vertex 0.0788676962 -0.0274369195 0.0818670765
      vertex 0.0791339204 -0.0272241905 0.0823806524
      vertex 0.0791339129 -0.0279361457 0.0827317536
    endloop
  endfacet
  facet normal 0.901544452 -0.191379294 -0.388061285
    outer loop
      vertex 0.0788676962 -0.0274369195 0.0818670765
      vertex 0.0791339129 -0.0279361457 0.0827317536
      vertex 0.0788676888 -0.0282140896 0.0822503343
    endloop
  endfacet
  facet normal -0.997971773 -0.0281303618 -0.0571046285
    outer loop
      vertex 0.0752169639 -0.0252838563 0.0870649219
      vertex 0.0752794296 -0.0256594084 0.0861582607
      vertex 0.0752794221 -0.025891671 0.0862728059
    endloop
  endfacet
  facet normal -0.99797219 -0.0281525571 -0.0570876338
    outer loop
      vertex 0.0752169639 -0.0252838563 0.0870649219
      vertex 0.0752794221 -0.025891671 0.0862728059
      vertex 0.0752169639 -0.0254009906 0.0871226862
    endloop
  endfacet
  facet normal 0.999778986 -0.00934834499 -0.0188272763
    outer loop
      vertex 0.0800706819 -0.0252839159 0.0870649219
      vertex 0.0800916255 -0.0249018278 0.0879873633
      vertex 0.0800706744 -0.0254010484 0.0871226862
    endloop
  endfacet
  facet normal -0.838337004 -0.241104886 -0.488937199
    outer loop
      vertex 0.0764198974 -0.0274368897 0.0818670765
      vertex 0.0767070651 -0.0276062507 0.0814582109
      vertex 0.0767070502 -0.0284353383 0.0818670765
    endloop
  endfacet
  facet normal -0.838340402 -0.241105869 -0.488930643
    outer loop
      vertex 0.0764198974 -0.0274368897 0.0818670765
      vertex 0.0767070502 -0.0284353383 0.0818670765
      vertex 0.0764198899 -0.0282140598 0.0822503343
    endloop
  endfacet
  facet normal 0.83833456 -0.241122857 -0.48893249
    outer loop
      vertex 0.0785805285 -0.0276062731 0.0814582109
      vertex 0.0788676962 -0.0274369195 0.0818670765
      vertex 0.0788676888 -0.0282140896 0.0822503343
    endloop
  endfacet
  facet normal 0.838326395 -0.241136312 -0.488939792
    outer loop
      vertex 0.0785805285 -0.0276062731 0.0814582109
      vertex 0.0788676888 -0.0282140896 0.0822503343
      vertex 0.0785805136 -0.0284353606 0.0818670765
    endloop
  endfacet
  facet normal -0.999779284 -0.00929210708 -0.0188424997
    outer loop
      vertex 0.0751960278 -0.0249017682 0.0879873633
      vertex 0.0752169639 -0.0252838563 0.0870649219
      vertex 0.0752169639 -0.0254009906 0.0871226862
    endloop
  endfacet
  facet normal 0.997970939 -0.0282122325 -0.0570789948
    outer loop
      vertex 0.0800082088 -0.0256594643 0.0861582607
      vertex 0.0800706819 -0.0252839159 0.0870649219
      vertex 0.0800706744 -0.0254010484 0.0871226862
    endloop
  endfacet
  facet normal 0.997971714 -0.0281568393 -0.0570938773
    outer loop
      vertex 0.0800082088 -0.0256594643 0.0861582607
      vertex 0.0800706744 -0.0254010484 0.0871226862
      vertex 0.0800082088 -0.0258917287 0.0862728059
    endloop
  endfacet
  facet normal -0.901544154 -0.191365629 -0.388068646
    outer loop
      vertex 0.0761536732 -0.0272241551 0.0823806524
      vertex 0.0764198974 -0.0274368897 0.0818670765
      vertex 0.0764198899 -0.0282140598 0.0822503343
    endloop
  endfacet
  facet normal -0.901545048 -0.191366196 -0.388066262
    outer loop
      vertex 0.0761536732 -0.0272241551 0.0823806524
      vertex 0.0764198899 -0.0282140598 0.0822503343
      vertex 0.0761536658 -0.0279361084 0.0827317536
    endloop
  endfacet
  facet normal -0.977805495 -0.116389424 -0.174212337
    outer loop
      vertex 0.0755239502 -0.0268141162 0.0846750885
      vertex 0.0757018328 -0.027230097 0.083954595
      vertex 0.0757018253 -0.0277365614 0.0842930004
    endloop
  endfacet
  facet normal -0.977805018 -0.116387904 -0.174215734
    outer loop
      vertex 0.0755239502 -0.0268141162 0.0846750885
      vertex 0.0757018253 -0.0277365614 0.0842930004
      vertex 0.0755239427 -0.0272300951 0.0849530324
    endloop
  endfacet
  facet normal -0.200239241 -0.544315875 -0.814631522
    outer loop
      vertex 0.0773242787 -0.0286937617 0.0814194828
      vertex 0.0776437819 -0.0287264865 0.0813628137
      vertex 0.077643767 -0.0295584425 0.081918709
    endloop
  endfacet
  facet normal -0.200248674 -0.544317365 -0.814628124
    outer loop
      vertex 0.0773242787 -0.0286937617 0.0814194828
      vertex 0.077643767 -0.0295584425 0.081918709
      vertex 0.0773242712 -0.0295186006 0.0819706246
    endloop
  endfacet
  facet normal 0.962653339 -0.15042226 -0.225103825
    outer loop
      vertex 0.0793746486 -0.0276062824 0.0833030939
      vertex 0.0795857683 -0.0272301435 0.083954595
      vertex 0.0795857608 -0.0277366079 0.0842930004
    endloop
  endfacet
  facet normal 0.962653339 -0.150422081 -0.22510381
    outer loop
      vertex 0.0793746486 -0.0276062824 0.0833030939
      vertex 0.0795857608 -0.0277366079 0.0842930004
      vertex 0.0793746412 -0.0281945635 0.0836961716
    endloop
  endfacet
  facet normal -0.987725317 -0.0867671445 -0.12988472
    outer loop
      vertex 0.075382337 -0.0263654161 0.0854522586
      vertex 0.0755239502 -0.0268141162 0.0846750885
      vertex 0.0755239427 -0.0272300951 0.0849530324
    endloop
  endfacet
  facet normal -0.98772651 -0.0867754593 -0.129870653
    outer loop
      vertex 0.075382337 -0.0263654161 0.0854522586
      vertex 0.0755239427 -0.0272300951 0.0849530324
      vertex 0.075382337 -0.0266837925 0.0856649876
    endloop
  endfacet
  facet normal -0.527113259 -0.472118765 -0.706580102
    outer loop
      vertex 0.0770102441 -0.0285961553 0.0815885365
      vertex 0.0773242787 -0.0286937617 0.0814194828
      vertex 0.0773242712 -0.0295186006 0.0819706246
    endloop
  endfacet
  facet normal -0.527110755 -0.472118676 -0.706582069
    outer loop
      vertex 0.0770102441 -0.0285961553 0.0815885365
      vertex 0.0773242712 -0.0295186006 0.0819706246
      vertex 0.0770102367 -0.0293997657 0.0821254924
    endloop
  endfacet
  facet normal 0.939173758 -0.190814942 -0.285556287
    outer loop
      vertex 0.0791339129 -0.0279361457 0.0827317536
      vertex 0.0793746486 -0.0276062824 0.0833030939
      vertex 0.0793746412 -0.0281945635 0.0836961716
    endloop
  endfacet
  facet normal 0.939174175 -0.190813139 -0.285555929
    outer loop
      vertex 0.0791339129 -0.0279361457 0.0827317536
      vertex 0.0793746412 -0.0281945635 0.0836961716
      vertex 0.0791339055 -0.0285961814 0.0831727758
    endloop
  endfacet
  facet normal -0.99412781 -0.0601190217 -0.0899758413
    outer loop
      vertex 0.0752794221 -0.025891671 0.0862728059
      vertex 0.075382337 -0.0263654161 0.0854522586
      vertex 0.075382337 -0.0266837925 0.0856649876
    endloop
  endfacet
  facet normal -0.99412781 -0.0601180643 -0.0899770707
    outer loop
      vertex 0.0752794221 -0.025891671 0.0862728059
      vertex 0.075382337 -0.0266837925 0.0856649876
      vertex 0.0752794221 -0.0261069983 0.0864166766
    endloop
  endfacet
  facet normal -0.72692132 -0.381517291 -0.570990384
    outer loop
      vertex 0.0767070502 -0.0284353383 0.0818670765
      vertex 0.0770102441 -0.0285961553 0.0815885365
      vertex 0.0770102367 -0.0293997657 0.0821254924
    endloop
  endfacet
  facet normal -0.726915956 -0.38151738 -0.570997059
    outer loop
      vertex 0.0767070502 -0.0284353383 0.0818670765
      vertex 0.0770102367 -0.0293997657 0.0821254924
      vertex 0.0767070428 -0.0292039663 0.0823806524
    endloop
  endfacet
  facet normal 0.901543856 -0.240395561 -0.359761804
    outer loop
      vertex 0.0788676888 -0.0282140896 0.0822503343
      vertex 0.0791339129 -0.0279361457 0.0827317536
      vertex 0.0791339055 -0.0285961814 0.0831727758
    endloop
  endfacet
  facet normal 0.901539981 -0.240405679 -0.359764904
    outer loop
      vertex 0.0788676888 -0.0282140896 0.0822503343
      vertex 0.0791339055 -0.0285961814 0.0831727758
      vertex 0.0788676739 -0.0289345849 0.0827317536
    endloop
  endfacet
  facet normal -0.99797219 -0.035361968 -0.052925285
    outer loop
      vertex 0.0752169639 -0.0254009906 0.0871226862
      vertex 0.0752794221 -0.025891671 0.0862728059
      vertex 0.0752794221 -0.0261069983 0.0864166766
    endloop
  endfacet
  facet normal -0.99797219 -0.0353635512 -0.0529236794
    outer loop
      vertex 0.0752169639 -0.0254009906 0.0871226862
      vertex 0.0752794221 -0.0261069983 0.0864166766
      vertex 0.0752169639 -0.0255095828 0.0871952474
    endloop
  endfacet
  facet normal 0.999778986 -0.0116806161 -0.017480744
    outer loop
      vertex 0.0800706744 -0.0254010484 0.0871226862
      vertex 0.0800916255 -0.0249018278 0.0879873633
      vertex 0.0800706744 -0.0255096406 0.0871952474
    endloop
  endfacet
  facet normal -0.838341236 -0.302859157 -0.45327723
    outer loop
      vertex 0.0764198899 -0.0282140598 0.0822503343
      vertex 0.0767070502 -0.0284353383 0.0818670765
      vertex 0.0767070428 -0.0292039663 0.0823806524
    endloop
  endfacet
  facet normal -0.838342786 -0.302859247 -0.45327422
    outer loop
      vertex 0.0764198899 -0.0282140598 0.0822503343
      vertex 0.0767070428 -0.0292039663 0.0823806524
      vertex 0.0764198825 -0.0289345551 0.0827317536
    endloop
  endfacet
  facet normal 0.838325322 -0.302892268 -0.45328474
    outer loop
      vertex 0.0785805136 -0.0284353606 0.0818670765
      vertex 0.0788676888 -0.0282140896 0.0822503343
      vertex 0.0788676739 -0.0289345849 0.0827317536
    endloop
  endfacet
  facet normal 0.838334441 -0.302876294 -0.453278542
    outer loop
      vertex 0.0785805136 -0.0284353606 0.0818670765
      vertex 0.0788676739 -0.0289345849 0.0827317536
      vertex 0.0785805061 -0.0292039886 0.0823806524
    endloop
  endfacet
  facet normal -0.999779344 -0.0116723031 -0.0174683072
    outer loop
      vertex 0.0751960278 -0.0249017682 0.0879873633
      vertex 0.0752169639 -0.0254009906 0.0871226862
      vertex 0.0752169639 -0.0255095828 0.0871952474
    endloop
  endfacet
  facet normal 0.997971654 -0.0353680737 -0.0529304519
    outer loop
      vertex 0.0800082088 -0.0258917287 0.0862728059
      vertex 0.0800706744 -0.0254010484 0.0871226862
      vertex 0.0800706744 -0.0255096406 0.0871952474
    endloop
  endfacet
  facet normal 0.997971356 -0.0353932679 -0.0529199988
    outer loop
      vertex 0.0800082088 -0.0258917287 0.0862728059
      vertex 0.0800706744 -0.0255096406 0.0871952474
      vertex 0.0800082013 -0.0261070542 0.0864166766
    endloop
  endfacet
  facet normal -0.901545525 -0.240379855 -0.359768093
    outer loop
      vertex 0.0761536658 -0.0279361084 0.0827317536
      vertex 0.0764198899 -0.0282140598 0.0822503343
      vertex 0.0764198825 -0.0289345551 0.0827317536
    endloop
  endfacet
  facet normal -0.901545048 -0.240379721 -0.359769583
    outer loop
      vertex 0.0761536658 -0.0279361084 0.0827317536
      vertex 0.0764198825 -0.0289345551 0.0827317536
      vertex 0.0761536583 -0.028596146 0.0831727758
    endloop
  endfacet
  facet normal 0.726917684 -0.381526172 -0.570989013
    outer loop
      vertex 0.0782773197 -0.0285961721 0.0815885365
      vertex 0.0785805136 -0.0284353606 0.0818670765
      vertex 0.0785805061 -0.0292039886 0.0823806524
    endloop
  endfacet
  facet normal 0.726912081 -0.381532639 -0.570991814
    outer loop
      vertex 0.0782773197 -0.0285961721 0.0815885365
      vertex 0.0785805061 -0.0292039886 0.0823806524
      vertex 0.0782773122 -0.0293997806 0.0821254924
    endloop
  endfacet
  facet normal 0.994125903 -0.0601516701 -0.0899750888
    outer loop
      vertex 0.079905279 -0.0263654701 0.0854522586
      vertex 0.0800082088 -0.0258917287 0.0862728059
      vertex 0.0800082013 -0.0261070542 0.0864166766
    endloop
  endfacet
  facet normal 0.994126856 -0.0601235963 -0.0899827108
    outer loop
      vertex 0.079905279 -0.0263654701 0.0854522586
      vertex 0.0800082013 -0.0261070542 0.0864166766
      vertex 0.079905279 -0.0266838465 0.0856649876
    endloop
  endfacet
  facet normal -0.939178109 -0.190792218 -0.285557121
    outer loop
      vertex 0.0759129375 -0.0276062395 0.0833030939
      vertex 0.0761536658 -0.0279361084 0.0827317536
      vertex 0.0761536583 -0.028596146 0.0831727758
    endloop
  endfacet
  facet normal -0.939177752 -0.19079195 -0.285558403
    outer loop
      vertex 0.0759129375 -0.0276062395 0.0833030939
      vertex 0.0761536583 -0.028596146 0.0831727758
      vertex 0.0759129301 -0.0281945225 0.0836961716
    endloop
  endfacet
  facet normal 0.527102947 -0.472128958 -0.706581056
    outer loop
      vertex 0.0779632851 -0.0286937691 0.0814194828
      vertex 0.0782773197 -0.0285961721 0.0815885365
      vertex 0.0782773122 -0.0293997806 0.0821254924
    endloop
  endfacet
  facet normal 0.527096033 -0.472133845 -0.706582904
    outer loop
      vertex 0.0779632851 -0.0286937691 0.0814194828
      vertex 0.0782773122 -0.0293997806 0.0821254924
      vertex 0.0779632702 -0.0295186099 0.0819706246
    endloop
  endfacet
  facet normal 0.987723887 -0.0867845863 -0.129884303
    outer loop
      vertex 0.0797636583 -0.0268141665 0.0846750885
      vertex 0.079905279 -0.0263654701 0.0854522586
      vertex 0.079905279 -0.0266838465 0.0856649876
    endloop
  endfacet
  facet normal 0.987722814 -0.0868007094 -0.129882008
    outer loop
      vertex 0.0797636583 -0.0268141665 0.0846750885
      vertex 0.079905279 -0.0266838465 0.0856649876
      vertex 0.0797636509 -0.0272301454 0.0849530324
    endloop
  endfacet
  facet normal -0.962658882 -0.150394022 -0.225099042
    outer loop
      vertex 0.0757018328 -0.027230097 0.083954595
      vertex 0.0759129375 -0.0276062395 0.0833030939
      vertex 0.0759129301 -0.0281945225 0.0836961716
    endloop
  endfacet
  facet normal -0.962658167 -0.150392964 -0.225102365
    outer loop
      vertex 0.0757018328 -0.027230097 0.083954595
      vertex 0.0759129301 -0.0281945225 0.0836961716
      vertex 0.0757018253 -0.0277365614 0.0842930004
    endloop
  endfacet
  facet normal 0.200226948 -0.544322729 -0.814629912
    outer loop
      vertex 0.0776437819 -0.0287264865 0.0813628137
      vertex 0.0779632851 -0.0286937691 0.0814194828
      vertex 0.0779632702 -0.0295186099 0.0819706246
    endloop
  endfacet
  facet normal 0.200229049 -0.544321954 -0.814629912
    outer loop
      vertex 0.0776437819 -0.0287264865 0.0813628137
      vertex 0.0779632702 -0.0295186099 0.0819706246
      vertex 0.077643767 -0.0295584425 0.081918709
    endloop
  endfacet
  facet normal 0.97780323 -0.116416849 -0.174206629
    outer loop
      vertex 0.0795857683 -0.0272301435 0.083954595
      vertex 0.0797636583 -0.0268141665 0.0846750885
      vertex 0.0797636509 -0.0272301454 0.0849530324
    endloop
  endfacet
  facet normal 0.977803528 -0.116414435 -0.174206674
    outer loop
      vertex 0.0795857683 -0.0272301435 0.083954595
      vertex 0.0797636509 -0.0272301454 0.0849530324
      vertex 0.0795857608 -0.0277366079 0.0842930004
    endloop
  endfacet
  facet normal 0.901539266 -0.285302281 -0.325314552
    outer loop
      vertex 0.0788676739 -0.0289345849 0.0827317536
      vertex 0.0791339055 -0.0285961814 0.0831727758
      vertex 0.079133898 -0.0291930046 0.0836961716
    endloop
  endfacet
  facet normal 0.901537955 -0.285305589 -0.325315058
    outer loop
      vertex 0.0788676739 -0.0289345849 0.0827317536
      vertex 0.079133898 -0.0291930046 0.0836961716
      vertex 0.0788676664 -0.0295860786 0.0833031014
    endloop
  endfacet
  facet normal -0.997972131 -0.0419685282 -0.0478555299
    outer loop
      vertex 0.0752169639 -0.0255095828 0.0871952474
      vertex 0.0752794221 -0.0261069983 0.0864166766
      vertex 0.0752794221 -0.0263017025 0.086587429
    endloop
  endfacet
  facet normal -0.997972071 -0.0419668444 -0.0478577092
    outer loop
      vertex 0.0752169639 -0.0255095828 0.0871952474
      vertex 0.0752794221 -0.0263017025 0.086587429
      vertex 0.0752169639 -0.0256077759 0.0872813538
    endloop
  endfacet
  facet normal 0.999779046 -0.0138615314 -0.0158072673
    outer loop
      vertex 0.0800706744 -0.0255096406 0.0871952474
      vertex 0.0800916255 -0.0249018278 0.0879873633
      vertex 0.0800706744 -0.0256078336 0.0872813538
    endloop
  endfacet
  facet normal -0.838343263 -0.35943383 -0.409863144
    outer loop
      vertex 0.0764198825 -0.0289345551 0.0827317536
      vertex 0.0767070428 -0.0292039663 0.0823806524
      vertex 0.0767070353 -0.0298989825 0.0829901695
    endloop
  endfacet
  facet normal -0.838335931 -0.35943535 -0.409877032
    outer loop
      vertex 0.0764198825 -0.0289345551 0.0827317536
      vertex 0.0767070353 -0.0298989825 0.0829901695
      vertex 0.0764198676 -0.0295860488 0.0833031014
    endloop
  endfacet
  facet normal 0.838333607 -0.359453797 -0.40986535
    outer loop
      vertex 0.0785805061 -0.0292039886 0.0823806524
      vertex 0.0788676739 -0.0289345849 0.0827317536
      vertex 0.0788676664 -0.0295860786 0.0833031014
    endloop
  endfacet
  facet normal 0.838334441 -0.359452516 -0.409865052
    outer loop
      vertex 0.0785805061 -0.0292039886 0.0823806524
      vertex 0.0788676664 -0.0295860786 0.0833031014
      vertex 0.0785804987 -0.0298990067 0.0829901695
    endloop
  endfacet
  facet normal -0.999779344 -0.0138516678 -0.0157960057
    outer loop
      vertex 0.0751960278 -0.0249017682 0.0879873633
      vertex 0.0752169639 -0.0255095828 0.0871952474
      vertex 0.0752169639 -0.0256077759 0.0872813538
    endloop
  endfacet
  facet normal 0.997971237 -0.0419763811 -0.0478685834
    outer loop
      vertex 0.0800082013 -0.0261070542 0.0864166766
      vertex 0.0800706744 -0.0255096406 0.0871952474
      vertex 0.0800706744 -0.0256078336 0.0872813538
    endloop
  endfacet
  facet normal 0.997971237 -0.0419787876 -0.0478672273
    outer loop
      vertex 0.0800082013 -0.0261070542 0.0864166766
      vertex 0.0800706744 -0.0256078336 0.0872813538
      vertex 0.0800082013 -0.0263017584 0.086587429
    endloop
  endfacet
  facet normal -0.901545644 -0.285277605 -0.325318456
    outer loop
      vertex 0.0761536583 -0.028596146 0.0831727758
      vertex 0.0764198825 -0.0289345551 0.0827317536
      vertex 0.0764198676 -0.0295860488 0.0833031014
    endloop
  endfacet
  facet normal -0.901548147 -0.285277396 -0.325311869
    outer loop
      vertex 0.0761536583 -0.028596146 0.0831727758
      vertex 0.0764198676 -0.0295860488 0.0833031014
      vertex 0.0761536509 -0.0291929692 0.0836961716
    endloop
  endfacet
  facet normal 0.726911664 -0.452798635 -0.516306818
    outer loop
      vertex 0.0782773122 -0.0293997806 0.0821254924
      vertex 0.0785805061 -0.0292039886 0.0823806524
      vertex 0.0785804987 -0.0298990067 0.0829901695
    endloop
  endfacet
  facet normal 0.726909637 -0.452801168 -0.516307592
    outer loop
      vertex 0.0782773122 -0.0293997806 0.0821254924
      vertex 0.0785804987 -0.0298990067 0.0829901695
      vertex 0.0782772973 -0.0301264282 0.0827627406
    endloop
  endfacet
  facet normal 0.994126916 -0.071355246 -0.0813643634
    outer loop
      vertex 0.079905279 -0.0266838465 0.0856649876
      vertex 0.0800082013 -0.0261070542 0.0864166766
      vertex 0.0800082013 -0.0263017584 0.086587429
    endloop
  endfacet
  facet normal 0.994126201 -0.0713740513 -0.0813564807
    outer loop
      vertex 0.079905279 -0.0266838465 0.0856649876
      vertex 0.0800082013 -0.0263017584 0.086587429
      vertex 0.0799052715 -0.0269717313 0.0859174579
    endloop
  endfacet
  facet normal -0.939178288 -0.226431474 -0.258210987
    outer loop
      vertex 0.0759129301 -0.0281945225 0.0836961716
      vertex 0.0761536583 -0.028596146 0.0831727758
      vertex 0.0761536509 -0.0291929692 0.0836961716
    endloop
  endfacet
  facet normal -0.939178586 -0.226431549 -0.258209974
    outer loop
      vertex 0.0759129301 -0.0281945225 0.0836961716
      vertex 0.0761536509 -0.0291929692 0.0836961716
      vertex 0.0759129226 -0.028726466 0.0841626748
    endloop
  endfacet
  facet normal 0.527094603 -0.560320199 -0.638915122
    outer loop
      vertex 0.0779632702 -0.0295186099 0.0819706246
      vertex 0.0782773122 -0.0293997806 0.0821254924
      vertex 0.0782772973 -0.0301264282 0.0827627406
    endloop
  endfacet
  facet normal 0.527098656 -0.560317099 -0.638914466
    outer loop
      vertex 0.0779632702 -0.0295186099 0.0819706246
      vertex 0.0782772973 -0.0301264282 0.0827627406
      vertex 0.0779632628 -0.030264454 0.0826247111
    endloop
  endfacet
  facet normal 0.987722397 -0.103017308 -0.117438592
    outer loop
      vertex 0.0797636509 -0.0272301454 0.0849530324
      vertex 0.079905279 -0.0266838465 0.0856649876
      vertex 0.0799052715 -0.0269717313 0.0859174579
    endloop
  endfacet
  facet normal 0.987723947 -0.102996171 -0.117444456
    outer loop
      vertex 0.0797636509 -0.0272301454 0.0849530324
      vertex 0.0799052715 -0.0269717313 0.0859174579
      vertex 0.0797636509 -0.0276062861 0.0852828994
    endloop
  endfacet
  facet normal -0.962658584 -0.178489655 -0.20354329
    outer loop
      vertex 0.0757018253 -0.0277365614 0.0842930004
      vertex 0.0759129301 -0.0281945225 0.0836961716
      vertex 0.0759129226 -0.028726466 0.0841626748
    endloop
  endfacet
  facet normal -0.962657869 -0.178488985 -0.203547254
    outer loop
      vertex 0.0757018253 -0.0277365614 0.0842930004
      vertex 0.0759129226 -0.028726466 0.0841626748
      vertex 0.0757018179 -0.0281945206 0.0846946165
    endloop
  endfacet
  facet normal 0.200227916 -0.645994067 -0.736614227
    outer loop
      vertex 0.077643767 -0.0295584425 0.081918709
      vertex 0.0779632702 -0.0295186099 0.0819706246
      vertex 0.0779632628 -0.030264454 0.0826247111
    endloop
  endfacet
  facet normal 0.200223193 -0.645995915 -0.73661387
    outer loop
      vertex 0.077643767 -0.0295584425 0.081918709
      vertex 0.0779632628 -0.030264454 0.0826247111
      vertex 0.0776437595 -0.0303107239 0.082578443
    endloop
  endfacet
  facet normal 0.977803349 -0.138149261 -0.157528833
    outer loop
      vertex 0.0795857608 -0.0277366079 0.0842930004
      vertex 0.0797636509 -0.0272301454 0.0849530324
      vertex 0.0797636509 -0.0276062861 0.0852828994
    endloop
  endfacet
  facet normal 0.977801859 -0.138162076 -0.157526851
    outer loop
      vertex 0.0795857608 -0.0277366079 0.0842930004
      vertex 0.0797636509 -0.0276062861 0.0852828994
      vertex 0.0795857534 -0.0281945672 0.0846946165
    endloop
  endfacet
  facet normal -0.977805436 -0.138133049 -0.15753004
    outer loop
      vertex 0.0755239427 -0.0272300951 0.0849530324
      vertex 0.0757018253 -0.0277365614 0.0842930004
      vertex 0.0757018179 -0.0281945206 0.0846946165
    endloop
  endfacet
  facet normal -0.977805197 -0.138132527 -0.157531813
    outer loop
      vertex 0.0755239427 -0.0272300951 0.0849530324
      vertex 0.0757018179 -0.0281945206 0.0846946165
      vertex 0.0755239353 -0.0276062358 0.0852828994
    endloop
  endfacet
  facet normal -0.200250491 -0.645990014 -0.736611664
    outer loop
      vertex 0.0773242712 -0.0295186006 0.0819706246
      vertex 0.077643767 -0.0295584425 0.081918709
      vertex 0.0776437595 -0.0303107239 0.082578443
    endloop
  endfacet
  facet normal -0.200241968 -0.645989001 -0.736614764
    outer loop
      vertex 0.0773242712 -0.0295186006 0.0819706246
      vertex 0.0776437595 -0.0303107239 0.082578443
      vertex 0.0773242638 -0.0302644465 0.0826247111
    endloop
  endfacet
  facet normal 0.962652922 -0.17851831 -0.203544989
    outer loop
      vertex 0.0793746412 -0.0281945635 0.0836961716
      vertex 0.0795857608 -0.0277366079 0.0842930004
      vertex 0.0795857534 -0.0281945672 0.0846946165
    endloop
  endfacet
  facet normal 0.962652922 -0.178518146 -0.203544989
    outer loop
      vertex 0.0793746412 -0.0281945635 0.0836961716
      vertex 0.0795857534 -0.0281945672 0.0846946165
      vertex 0.0793746337 -0.028726507 0.0841626748
    endloop
  endfacet
  facet normal -0.987726629 -0.102973796 -0.117441244
    outer loop
      vertex 0.075382337 -0.0266837925 0.0856649876
      vertex 0.0755239427 -0.0272300951 0.0849530324
      vertex 0.0755239353 -0.0276062358 0.0852828994
    endloop
  endfacet
  facet normal -0.98772639 -0.102972083 -0.117445305
    outer loop
      vertex 0.075382337 -0.0266837925 0.0856649876
      vertex 0.0755239353 -0.0276062358 0.0852828994
      vertex 0.0753823295 -0.0269716773 0.0859174579
    endloop
  endfacet
  facet normal -0.527111173 -0.560305297 -0.638914526
    outer loop
      vertex 0.0770102367 -0.0293997657 0.0821254924
      vertex 0.0773242712 -0.0295186006 0.0819706246
      vertex 0.0773242638 -0.0302644465 0.0826247111
    endloop
  endfacet
  facet normal -0.527110517 -0.560305417 -0.638915122
    outer loop
      vertex 0.0770102367 -0.0293997657 0.0821254924
      vertex 0.0773242638 -0.0302644465 0.0826247111
      vertex 0.0770102292 -0.0301264115 0.0827627406
    endloop
  endfacet
  facet normal 0.939173818 -0.226454973 -0.258206695
    outer loop
      vertex 0.0791339055 -0.0285961814 0.0831727758
      vertex 0.0793746412 -0.0281945635 0.0836961716
      vertex 0.0793746337 -0.028726507 0.0841626748
    endloop
  endfacet
  facet normal 0.939174831 -0.22645092 -0.258206397
    outer loop
      vertex 0.0791339055 -0.0285961814 0.0831727758
      vertex 0.0793746337 -0.028726507 0.0841626748
      vertex 0.079133898 -0.0291930046 0.0836961716
    endloop
  endfacet
  facet normal -0.99412787 -0.0713346675 -0.0813702568
    outer loop
      vertex 0.0752794221 -0.0261069983 0.0864166766
      vertex 0.075382337 -0.0266837925 0.0856649876
      vertex 0.0753823295 -0.0269716773 0.0859174579
    endloop
  endfacet
  facet normal -0.994128644 -0.0713449344 -0.0813526139
    outer loop
      vertex 0.0752794221 -0.0261069983 0.0864166766
      vertex 0.0753823295 -0.0269716773 0.0859174579
      vertex 0.0752794221 -0.0263017025 0.086587429
    endloop
  endfacet
  facet normal -0.726917386 -0.452783734 -0.516311944
    outer loop
      vertex 0.0767070428 -0.0292039663 0.0823806524
      vertex 0.0770102367 -0.0293997657 0.0821254924
      vertex 0.0770102292 -0.0301264115 0.0827627406
    endloop
  endfacet
  facet normal -0.72692287 -0.452782691 -0.516305029
    outer loop
      vertex 0.0767070428 -0.0292039663 0.0823806524
      vertex 0.0770102292 -0.0301264115 0.0827627406
      vertex 0.0767070353 -0.0298989825 0.0829901695
    endloop
  endfacet
  facet normal 0.527097762 -0.638920128 -0.560311556
    outer loop
      vertex 0.0779632628 -0.030264454 0.0826247111
      vertex 0.0782772973 -0.0301264282 0.0827627406
      vertex 0.0782772899 -0.0307636801 0.0834893882
    endloop
  endfacet
  facet normal 0.527095795 -0.638921618 -0.560311735
    outer loop
      vertex 0.0779632628 -0.030264454 0.0826247111
      vertex 0.0782772899 -0.0307636801 0.0834893882
      vertex 0.0779632553 -0.0309185423 0.0833705589
    endloop
  endfacet
  facet normal 0.987723947 -0.117444173 -0.102996543
    outer loop
      vertex 0.0797636509 -0.0276062861 0.0852828994
      vertex 0.0799052715 -0.0269717313 0.0859174579
      vertex 0.0799052715 -0.0272241998 0.0862053409
    endloop
  endfacet
  facet normal 0.987722754 -0.117460512 -0.102989599
    outer loop
      vertex 0.0797636509 -0.0276062861 0.0852828994
      vertex 0.0799052715 -0.0272241998 0.0862053409
      vertex 0.0797636434 -0.0279361513 0.085659042
    endloop
  endfacet
  facet normal -0.962658167 -0.203537866 -0.178498298
    outer loop
      vertex 0.0757018179 -0.0281945206 0.0846946165
      vertex 0.0759129226 -0.028726466 0.0841626748
      vertex 0.0759129226 -0.0291929673 0.0846946165
    endloop
  endfacet
  facet normal -0.962656021 -0.203537405 -0.178510323
    outer loop
      vertex 0.0757018179 -0.0281945206 0.0846946165
      vertex 0.0759129226 -0.0291929673 0.0846946165
      vertex 0.0757018104 -0.0285961386 0.0851525813
    endloop
  endfacet
  facet normal 0.20022358 -0.736617565 -0.645991623
    outer loop
      vertex 0.0776437595 -0.0303107239 0.082578443
      vertex 0.0779632628 -0.030264454 0.0826247111
      vertex 0.0779632553 -0.0309185423 0.0833705589
    endloop
  endfacet
  facet normal 0.200230554 -0.736614943 -0.645992398
    outer loop
      vertex 0.0776437595 -0.0303107239 0.082578443
      vertex 0.0779632553 -0.0309185423 0.0833705589
      vertex 0.0776437521 -0.0309704542 0.0833307207
    endloop
  endfacet
  facet normal 0.977801502 -0.157545716 -0.138143241
    outer loop
      vertex 0.0795857534 -0.0281945672 0.0846946165
      vertex 0.0797636509 -0.0276062861 0.0852828994
      vertex 0.0797636434 -0.0279361513 0.085659042
    endloop
  endfacet
  facet normal 0.977803409 -0.157529905 -0.138147816
    outer loop
      vertex 0.0795857534 -0.0281945672 0.0846946165
      vertex 0.0797636434 -0.0279361513 0.085659042
      vertex 0.0795857534 -0.0285961851 0.0851525813
    endloop
  endfacet
  facet normal -0.977805555 -0.157514334 -0.138150051
    outer loop
      vertex 0.0755239353 -0.0276062358 0.0852828994
      vertex 0.0757018179 -0.0281945206 0.0846946165
      vertex 0.0757018104 -0.0285961386 0.0851525813
    endloop
  endfacet
  facet normal -0.977807164 -0.15751633 -0.138136849
    outer loop
      vertex 0.0755239353 -0.0276062358 0.0852828994
      vertex 0.0757018104 -0.0285961386 0.0851525813
      vertex 0.0755239353 -0.027936101 0.085659042
    endloop
  endfacet
  facet normal -0.20024462 -0.73661083 -0.645992815
    outer loop
      vertex 0.0773242638 -0.0302644465 0.0826247111
      vertex 0.0776437595 -0.0303107239 0.082578443
      vertex 0.0776437521 -0.0309704542 0.0833307207
    endloop
  endfacet
  facet normal -0.200247005 -0.736610949 -0.645991862
    outer loop
      vertex 0.0773242638 -0.0302644465 0.0826247111
      vertex 0.0776437521 -0.0309704542 0.0833307207
      vertex 0.0773242489 -0.0309185348 0.0833705589
    endloop
  endfacet
  facet normal 0.962652683 -0.20355393 -0.178509161
    outer loop
      vertex 0.0793746337 -0.028726507 0.0841626748
      vertex 0.0795857534 -0.0281945672 0.0846946165
      vertex 0.0795857534 -0.0285961851 0.0851525813
    endloop
  endfacet
  facet normal 0.962650955 -0.203563735 -0.178507507
    outer loop
      vertex 0.0793746337 -0.028726507 0.0841626748
      vertex 0.0795857534 -0.0285961851 0.0851525813
      vertex 0.0793746263 -0.0291930083 0.0846946165
    endloop
  endfacet
  facet normal -0.987726569 -0.117432676 -0.102984741
    outer loop
      vertex 0.0753823295 -0.0269716773 0.0859174579
      vertex 0.0755239353 -0.0276062358 0.0852828994
      vertex 0.0755239353 -0.027936101 0.085659042
    endloop
  endfacet
  facet normal -0.98772639 -0.117432281 -0.102986127
    outer loop
      vertex 0.0753823295 -0.0269716773 0.0859174579
      vertex 0.0755239353 -0.027936101 0.085659042
      vertex 0.0753823295 -0.0272241458 0.0862053409
    endloop
  endfacet
  facet normal -0.527111828 -0.63890636 -0.560314059
    outer loop
      vertex 0.0770102292 -0.0301264115 0.0827627406
      vertex 0.0773242638 -0.0302644465 0.0826247111
      vertex 0.0773242489 -0.0309185348 0.0833705589
    endloop
  endfacet
  facet normal -0.527115345 -0.638905704 -0.560311377
    outer loop
      vertex 0.0770102292 -0.0301264115 0.0827627406
      vertex 0.0773242489 -0.0309185348 0.0833705589
      vertex 0.0770102218 -0.0307636652 0.0834893882
    endloop
  endfacet
  facet normal 0.939174414 -0.258218497 -0.22643894
    outer loop
      vertex 0.079133898 -0.0291930046 0.0836961716
      vertex 0.0793746337 -0.028726507 0.0841626748
      vertex 0.0793746263 -0.0291930083 0.0846946165
    endloop
  endfacet
  facet normal 0.939174235 -0.258219063 -0.22643888
    outer loop
      vertex 0.079133898 -0.0291930046 0.0836961716
      vertex 0.0793746263 -0.0291930083 0.0846946165
      vertex 0.0791338906 -0.029716406 0.0842930004
    endloop
  endfacet
  facet normal -0.994128525 -0.0813526139 -0.0713448599
    outer loop
      vertex 0.0752794221 -0.0263017025 0.086587429
      vertex 0.0753823295 -0.0269716773 0.0859174579
      vertex 0.0753823295 -0.0272241458 0.0862053409
    endloop
  endfacet
  facet normal -0.994127691 -0.0813414007 -0.071371682
    outer loop
      vertex 0.0752794221 -0.0263017025 0.086587429
      vertex 0.0753823295 -0.0272241458 0.0862053409
      vertex 0.0752794147 -0.026472453 0.0867821351
    endloop
  endfacet
  facet normal -0.726923287 -0.516298473 -0.452789634
    outer loop
      vertex 0.0767070353 -0.0298989825 0.0829901695
      vertex 0.0770102292 -0.0301264115 0.0827627406
      vertex 0.0770102218 -0.0307636652 0.0834893882
    endloop
  endfacet
  facet normal -0.726920426 -0.516299486 -0.452793032
    outer loop
      vertex 0.0767070353 -0.0298989825 0.0829901695
      vertex 0.0770102218 -0.0307636652 0.0834893882
      vertex 0.0767070279 -0.0305084959 0.083685182
    endloop
  endfacet
  facet normal 0.901537657 -0.325328082 -0.285292
    outer loop
      vertex 0.0788676664 -0.0295860786 0.0833031014
      vertex 0.079133898 -0.0291930046 0.0836961716
      vertex 0.0791338906 -0.029716406 0.0842930004
    endloop
  endfacet
  facet normal 0.90153873 -0.325325102 -0.28529188
    outer loop
      vertex 0.0788676664 -0.0295860786 0.0833031014
      vertex 0.0791338906 -0.029716406 0.0842930004
      vertex 0.078867659 -0.0301574226 0.083954595
    endloop
  endfacet
  facet normal -0.99797225 -0.0478359014 -0.0419886559
    outer loop
      vertex 0.0752169639 -0.0256077759 0.0872813538
      vertex 0.0752794221 -0.0263017025 0.086587429
      vertex 0.0752794147 -0.026472453 0.0867821351
    endloop
  endfacet
  facet normal -0.997972667 -0.0478514805 -0.0419617221
    outer loop
      vertex 0.0752169639 -0.0256077759 0.0872813538
      vertex 0.0752794147 -0.026472453 0.0867821351
      vertex 0.0752169639 -0.0256938878 0.0873795524
    endloop
  endfacet
  facet normal 0.999778986 -0.0158072133 -0.0138615938
    outer loop
      vertex 0.0800706744 -0.0256078336 0.0872813538
      vertex 0.0800916255 -0.0249018278 0.0879873633
      vertex 0.0800706744 -0.0256939456 0.0873795524
    endloop
  endfacet
  facet normal -0.838336587 -0.409862161 -0.359450668
    outer loop
      vertex 0.0764198676 -0.0295860488 0.0833031014
      vertex 0.0767070353 -0.0298989825 0.0829901695
      vertex 0.0767070279 -0.0305084959 0.083685182
    endloop
  endfacet
  facet normal -0.838343799 -0.409858912 -0.359437436
    outer loop
      vertex 0.0764198676 -0.0295860488 0.0833031014
      vertex 0.0767070279 -0.0305084959 0.083685182
      vertex 0.0764198676 -0.0301573947 0.083954595
    endloop
  endfacet
  facet normal 0.838333845 -0.4098759 -0.359441578
    outer loop
      vertex 0.0785804987 -0.0298990067 0.0829901695
      vertex 0.0788676664 -0.0295860786 0.0833031014
      vertex 0.078867659 -0.0301574226 0.083954595
    endloop
  endfacet
  facet normal 0.838335156 -0.409873188 -0.359441251
    outer loop
      vertex 0.0785804987 -0.0298990067 0.0829901695
      vertex 0.078867659 -0.0301574226 0.083954595
      vertex 0.0785804912 -0.0305085182 0.083685182
    endloop
  endfacet
  facet normal -0.999779344 -0.0157959517 -0.0138517302
    outer loop
      vertex 0.0751960278 -0.0249017682 0.0879873633
      vertex 0.0752169639 -0.0256077759 0.0872813538
      vertex 0.0752169639 -0.0256938878 0.0873795524
    endloop
  endfacet
  facet normal 0.997971237 -0.0478689745 -0.0419770628
    outer loop
      vertex 0.0800082013 -0.0263017584 0.086587429
      vertex 0.0800706744 -0.0256078336 0.0872813538
      vertex 0.0800706744 -0.0256939456 0.0873795524
    endloop
  endfacet
  facet normal 0.997971296 -0.0478672311 -0.041978389
    outer loop
      vertex 0.0800082013 -0.0263017584 0.086587429
      vertex 0.0800706744 -0.0256939456 0.0873795524
      vertex 0.0800082013 -0.0264725108 0.0867821351
    endloop
  endfacet
  facet normal -0.901548684 -0.325304091 -0.285284668
    outer loop
      vertex 0.0761536509 -0.0291929692 0.0836961716
      vertex 0.0764198676 -0.0295860488 0.0833031014
      vertex 0.0764198676 -0.0301573947 0.083954595
    endloop
  endfacet
  facet normal -0.90154475 -0.32530573 -0.28529492
    outer loop
      vertex 0.0761536509 -0.0291929692 0.0836961716
      vertex 0.0764198676 -0.0301573947 0.083954595
      vertex 0.0761536434 -0.0297163706 0.0842930004
    endloop
  endfacet
  facet normal 0.726908445 -0.516317368 -0.45279181
    outer loop
      vertex 0.0782772973 -0.0301264282 0.0827627406
      vertex 0.0785804987 -0.0298990067 0.0829901695
      vertex 0.0785804912 -0.0305085182 0.083685182
    endloop
  endfacet
  facet normal 0.726906478 -0.516319871 -0.452792138
    outer loop
      vertex 0.0782772973 -0.0301264282 0.0827627406
      vertex 0.0785804912 -0.0305085182 0.083685182
      vertex 0.0782772899 -0.0307636801 0.0834893882
    endloop
  endfacet
  facet normal 0.994126022 -0.0813705325 -0.0713599324
    outer loop
      vertex 0.0799052715 -0.0269717313 0.0859174579
      vertex 0.0800082013 -0.0263017584 0.086587429
      vertex 0.0800082013 -0.0264725108 0.0867821351
    endloop
  endfacet
  facet normal 0.994126081 -0.0813701078 -0.0713602081
    outer loop
      vertex 0.0799052715 -0.0269717313 0.0859174579
      vertex 0.0800082013 -0.0264725108 0.0867821351
      vertex 0.0799052715 -0.0272241998 0.0862053409
    endloop
  endfacet
  facet normal -0.939178884 -0.258197933 -0.226443753
    outer loop
      vertex 0.0759129226 -0.028726466 0.0841626748
      vertex 0.0761536509 -0.0291929692 0.0836961716
      vertex 0.0761536434 -0.0297163706 0.0842930004
    endloop
  endfacet
  facet normal -0.939181685 -0.258197218 -0.226433396
    outer loop
      vertex 0.0759129226 -0.028726466 0.0841626748
      vertex 0.0761536434 -0.0297163706 0.0842930004
      vertex 0.0759129226 -0.0291929673 0.0846946165
    endloop
  endfacet
  facet normal -0.987726629 -0.129861608 -0.086787872
    outer loop
      vertex 0.0753823295 -0.0272241458 0.0862053409
      vertex 0.0755239353 -0.027936101 0.085659042
      vertex 0.0755239278 -0.0282140486 0.0860750228
    endloop
  endfacet
  facet normal -0.987726212 -0.129860863 -0.0867930353
    outer loop
      vertex 0.0753823295 -0.0272241458 0.0862053409
      vertex 0.0755239278 -0.0282140486 0.0860750228
      vertex 0.0753823221 -0.0274368785 0.0865237191
    endloop
  endfacet
  facet normal -0.527116835 -0.706577599 -0.472118676
    outer loop
      vertex 0.0770102218 -0.0307636652 0.0834893882
      vertex 0.0773242489 -0.0309185348 0.0833705589
      vertex 0.0773242489 -0.0314696729 0.0841953978
    endloop
  endfacet
  facet normal -0.527109087 -0.706579685 -0.472124159
    outer loop
      vertex 0.0770102218 -0.0307636652 0.0834893882
      vertex 0.0773242489 -0.0314696729 0.0841953978
      vertex 0.0770102143 -0.0313006192 0.0842930004
    endloop
  endfacet
  facet normal 0.939173996 -0.285561204 -0.190805718
    outer loop
      vertex 0.0791338906 -0.029716406 0.0842930004
      vertex 0.0793746263 -0.0291930083 0.0846946165
      vertex 0.0793746263 -0.029586086 0.0852828994
    endloop
  endfacet
  facet normal 0.939174533 -0.285559565 -0.190806061
    outer loop
      vertex 0.0791338906 -0.029716406 0.0842930004
      vertex 0.0793746263 -0.029586086 0.0852828994
      vertex 0.0791338906 -0.0301574282 0.0849530324
    endloop
  endfacet
  facet normal -0.994127989 -0.0899637491 -0.0601348765
    outer loop
      vertex 0.0752794147 -0.026472453 0.0867821351
      vertex 0.0753823295 -0.0272241458 0.0862053409
      vertex 0.0753823221 -0.0274368785 0.0865237191
    endloop
  endfacet
  facet normal -0.994128585 -0.0899692327 -0.0601146482
    outer loop
      vertex 0.0752794147 -0.026472453 0.0867821351
      vertex 0.0753823221 -0.0274368785 0.0865237191
      vertex 0.0752794147 -0.0266163293 0.0869974643
    endloop
  endfacet
  facet normal -0.72692138 -0.570985079 -0.38152504
    outer loop
      vertex 0.0767070279 -0.0305084959 0.083685182
      vertex 0.0770102218 -0.0307636652 0.0834893882
      vertex 0.0770102143 -0.0313006192 0.0842930004
    endloop
  endfacet
  facet normal -0.726920426 -0.570985675 -0.381526172
    outer loop
      vertex 0.0767070279 -0.0305084959 0.083685182
      vertex 0.0770102143 -0.0313006192 0.0842930004
      vertex 0.0767070204 -0.0310220774 0.0844538137
    endloop
  endfacet
  facet normal 0.901538551 -0.359775156 -0.24039568
    outer loop
      vertex 0.078867659 -0.0301574226 0.083954595
      vertex 0.0791338906 -0.029716406 0.0842930004
      vertex 0.0791338906 -0.0301574282 0.0849530324
    endloop
  endfacet
  facet normal 0.901538372 -0.359775454 -0.240395665
    outer loop
      vertex 0.078867659 -0.0301574226 0.083954595
      vertex 0.0791338906 -0.0301574282 0.0849530324
      vertex 0.078867659 -0.0306388438 0.0846750885
    endloop
  endfacet
  facet normal -0.997972727 -0.0529183894 -0.035358429
    outer loop
      vertex 0.0752169639 -0.0256938878 0.0873795524
      vertex 0.0752794147 -0.026472453 0.0867821351
      vertex 0.0752794147 -0.0266163293 0.0869974643
    endloop
  endfacet
  facet normal -0.997971892 -0.0528959185 -0.0354125611
    outer loop
      vertex 0.0752169639 -0.0256938878 0.0873795524
      vertex 0.0752794147 -0.0266163293 0.0869974643
      vertex 0.0752169564 -0.0257664472 0.0874881446
    endloop
  endfacet
  facet normal 0.999779046 -0.0174808875 -0.0116804102
    outer loop
      vertex 0.0800706744 -0.0256939456 0.0873795524
      vertex 0.0800916255 -0.0249018278 0.0879873633
      vertex 0.0800706744 -0.0257665049 0.0874881446
    endloop
  endfacet
  facet normal -0.838343799 -0.453265518 -0.302869499
    outer loop
      vertex 0.0764198676 -0.0301573947 0.083954595
      vertex 0.0767070279 -0.0305084959 0.083685182
      vertex 0.0767070204 -0.0310220774 0.0844538137
    endloop
  endfacet
  facet normal -0.83834213 -0.453266621 -0.30287233
    outer loop
      vertex 0.0764198676 -0.0301573947 0.083954595
      vertex 0.0767070204 -0.0310220774 0.0844538137
      vertex 0.0764198601 -0.030638814 0.0846750885
    endloop
  endfacet
  facet normal 0.83833462 -0.453279823 -0.302873671
    outer loop
      vertex 0.0785804912 -0.0305085182 0.083685182
      vertex 0.078867659 -0.0301574226 0.083954595
      vertex 0.078867659 -0.0306388438 0.0846750885
    endloop
  endfacet
  facet normal 0.838326275 -0.453295648 -0.302873313
    outer loop
      vertex 0.0785804912 -0.0305085182 0.083685182
      vertex 0.078867659 -0.0306388438 0.0846750885
      vertex 0.0785804838 -0.0310220998 0.0844538137
    endloop
  endfacet
  facet normal -0.999779344 -0.0174336284 -0.0117174415
    outer loop
      vertex 0.0751960278 -0.0249017682 0.0879873633
      vertex 0.0752169639 -0.0256938878 0.0873795524
      vertex 0.0752169564 -0.0257664472 0.0874881446
    endloop
  endfacet
  facet normal 0.997971177 -0.0529369004 -0.0353714861
    outer loop
      vertex 0.0800082013 -0.0264725108 0.0867821351
      vertex 0.0800706744 -0.0256939456 0.0873795524
      vertex 0.0800706744 -0.0257665049 0.0874881446
    endloop
  endfacet
  facet normal 0.99797076 -0.052957993 -0.03535036
    outer loop
      vertex 0.0800082013 -0.0264725108 0.0867821351
      vertex 0.0800706744 -0.0257665049 0.0874881446
      vertex 0.0800081939 -0.0266163871 0.0869974643
    endloop
  endfacet
  facet normal -0.901545286 -0.359759629 -0.240393475
    outer loop
      vertex 0.0761536434 -0.0297163706 0.0842930004
      vertex 0.0764198676 -0.0301573947 0.083954595
      vertex 0.0764198601 -0.030638814 0.0846750885
    endloop
  endfacet
  facet normal -0.901544392 -0.359760404 -0.240395978
    outer loop
      vertex 0.0761536434 -0.0297163706 0.0842930004
      vertex 0.0764198601 -0.030638814 0.0846750885
      vertex 0.076153636 -0.0301573928 0.0849530324
    endloop
  endfacet
  facet normal 0.726906002 -0.571004808 -0.381524891
    outer loop
      vertex 0.0782772899 -0.0307636801 0.0834893882
      vertex 0.0785804912 -0.0305085182 0.083685182
      vertex 0.0785804838 -0.0310220998 0.0844538137
    endloop
  endfacet
  facet normal 0.726913989 -0.570994675 -0.381524682
    outer loop
      vertex 0.0782772899 -0.0307636801 0.0834893882
      vertex 0.0785804838 -0.0310220998 0.0844538137
      vertex 0.0782772899 -0.0313006341 0.0842930004
    endloop
  endfacet
  facet normal 0.994125783 -0.0900064632 -0.0601051152
    outer loop
      vertex 0.0799052715 -0.0272241998 0.0862053409
      vertex 0.0800082013 -0.0264725108 0.0867821351
      vertex 0.0800081939 -0.0266163871 0.0869974643
    endloop
  endfacet
  facet normal 0.994126201 -0.0899982825 -0.0601114333
    outer loop
      vertex 0.0799052715 -0.0272241998 0.0862053409
      vertex 0.0800081939 -0.0266163871 0.0869974643
      vertex 0.0799052641 -0.0274369325 0.0865237191
    endloop
  endfacet
  facet normal -0.939181924 -0.285537809 -0.190802112
    outer loop
      vertex 0.0759129226 -0.0291929673 0.0846946165
      vertex 0.0761536434 -0.0297163706 0.0842930004
      vertex 0.076153636 -0.0301573928 0.0849530324
    endloop
  endfacet
  facet normal -0.939182222 -0.285537541 -0.19080092
    outer loop
      vertex 0.0759129226 -0.0291929673 0.0846946165
      vertex 0.076153636 -0.0301573928 0.0849530324
      vertex 0.0759129152 -0.0295860432 0.0852828994
    endloop
  endfacet
  facet normal 0.527095616 -0.706588805 -0.472125411
    outer loop
      vertex 0.0779632553 -0.0309185423 0.0833705589
      vertex 0.0782772899 -0.0307636801 0.0834893882
      vertex 0.0782772899 -0.0313006341 0.0842930004
    endloop
  endfacet
  facet normal 0.527088165 -0.706594527 -0.472125232
    outer loop
      vertex 0.0779632553 -0.0309185423 0.0833705589
      vertex 0.0782772899 -0.0313006341 0.0842930004
      vertex 0.0779632479 -0.0314696804 0.0841953978
    endloop
  endfacet
  facet normal 0.987722397 -0.129902571 -0.0867746845
    outer loop
      vertex 0.0797636434 -0.0279361513 0.085659042
      vertex 0.0799052715 -0.0272241998 0.0862053409
      vertex 0.0799052641 -0.0274369325 0.0865237191
    endloop
  endfacet
  facet normal 0.987723768 -0.129884392 -0.0867853984
    outer loop
      vertex 0.0797636434 -0.0279361513 0.085659042
      vertex 0.0799052641 -0.0274369325 0.0865237191
      vertex 0.0797636434 -0.0282140989 0.0860750228
    endloop
  endfacet
  facet normal -0.96265626 -0.225095585 -0.150415421
    outer loop
      vertex 0.0757018104 -0.0285961386 0.0851525813
      vertex 0.0759129226 -0.0291929673 0.0846946165
      vertex 0.0759129152 -0.0295860432 0.0852828994
    endloop
  endfacet
  facet normal -0.962658167 -0.225094587 -0.150404677
    outer loop
      vertex 0.0757018104 -0.0285961386 0.0851525813
      vertex 0.0759129152 -0.0295860432 0.0852828994
      vertex 0.0757018104 -0.0289345477 0.085659042
    endloop
  endfacet
  facet normal 0.200229004 -0.81463325 -0.544317126
    outer loop
      vertex 0.0776437521 -0.0309704542 0.0833307207
      vertex 0.0779632553 -0.0309185423 0.0833705589
      vertex 0.0779632479 -0.0314696804 0.0841953978
    endloop
  endfacet
  facet normal 0.200236171 -0.814630628 -0.544318259
    outer loop
      vertex 0.0776437521 -0.0309704542 0.0833307207
      vertex 0.0779632479 -0.0314696804 0.0841953978
      vertex 0.0776437446 -0.0315263495 0.0841626748
    endloop
  endfacet
  facet normal 0.977803349 -0.174213633 -0.11640507
    outer loop
      vertex 0.0795857534 -0.0285961851 0.0851525813
      vertex 0.0797636434 -0.0279361513 0.085659042
      vertex 0.0797636434 -0.0282140989 0.0860750228
    endloop
  endfacet
  facet normal 0.977801919 -0.174225032 -0.116400063
    outer loop
      vertex 0.0795857534 -0.0285961851 0.0851525813
      vertex 0.0797636434 -0.0282140989 0.0860750228
      vertex 0.0795857459 -0.0289345942 0.085659042
    endloop
  endfacet
  facet normal -0.977807224 -0.174198195 -0.116396524
    outer loop
      vertex 0.0755239353 -0.027936101 0.085659042
      vertex 0.0757018104 -0.0285961386 0.0851525813
      vertex 0.0757018104 -0.0289345477 0.085659042
    endloop
  endfacet
  facet normal -0.977805436 -0.174197868 -0.116412029
    outer loop
      vertex 0.0755239353 -0.027936101 0.085659042
      vertex 0.0757018104 -0.0289345477 0.085659042
      vertex 0.0755239278 -0.0282140486 0.0860750228
    endloop
  endfacet
  facet normal -0.200247303 -0.814627051 -0.544319451
    outer loop
      vertex 0.0773242489 -0.0309185348 0.0833705589
      vertex 0.0776437521 -0.0309704542 0.0833307207
      vertex 0.0776437446 -0.0315263495 0.0841626748
    endloop
  endfacet
  facet normal -0.200258821 -0.81462729 -0.544314981
    outer loop
      vertex 0.0773242489 -0.0309185348 0.0833705589
      vertex 0.0776437446 -0.0315263495 0.0841626748
      vertex 0.0773242489 -0.0314696729 0.0841953978
    endloop
  endfacet
  facet normal 0.962650597 -0.225123823 -0.150410041
    outer loop
      vertex 0.0793746263 -0.0291930083 0.0846946165
      vertex 0.0795857534 -0.0285961851 0.0851525813
      vertex 0.0795857459 -0.0289345942 0.085659042
    endloop
  endfacet
  facet normal 0.962652981 -0.225110784 -0.150414065
    outer loop
      vertex 0.0793746263 -0.0291930083 0.0846946165
      vertex 0.0795857459 -0.0289345942 0.085659042
      vertex 0.0793746263 -0.029586086 0.0852828994
    endloop
  endfacet
  facet normal 0.83832562 -0.488951027 -0.241115943
    outer loop
      vertex 0.0785804838 -0.0310220998 0.0844538137
      vertex 0.078867659 -0.0306388438 0.0846750885
      vertex 0.0788676515 -0.0310221016 0.0854522586
    endloop
  endfacet
  facet normal 0.838326156 -0.488950223 -0.241116107
    outer loop
      vertex 0.0785804838 -0.0310220998 0.0844538137
      vertex 0.0788676515 -0.0310221016 0.0854522586
      vertex 0.0785804763 -0.0314309597 0.0852828994
    endloop
  endfacet
  facet normal -0.999779463 -0.0188356694 -0.0092890365
    outer loop
      vertex 0.0751960278 -0.0249017682 0.0879873633
      vertex 0.0752169564 -0.0257664472 0.0874881446
      vertex 0.0752169564 -0.0258242115 0.0876052752
    endloop
  endfacet
  facet normal 0.997970641 -0.0571074747 -0.0281632319
    outer loop
      vertex 0.0800081939 -0.0266163871 0.0869974643
      vertex 0.0800706744 -0.0257665049 0.0874881446
      vertex 0.0800706744 -0.0258242693 0.0876052752
    endloop
  endfacet
  facet normal 0.997970641 -0.0571080707 -0.0281624645
    outer loop
      vertex 0.0800081939 -0.0266163871 0.0869974643
      vertex 0.0800706744 -0.0258242693 0.0876052752
      vertex 0.0800081939 -0.0267309267 0.0872297287
    endloop
  endfacet
  facet normal -0.901544929 -0.388060331 -0.191378832
    outer loop
      vertex 0.076153636 -0.0301573928 0.0849530324
      vertex 0.0764198601 -0.030638814 0.0846750885
      vertex 0.0764198527 -0.0310220718 0.0854522586
    endloop
  endfacet
  facet normal -0.901549399 -0.388055325 -0.191367701
    outer loop
      vertex 0.076153636 -0.0301573928 0.0849530324
      vertex 0.0764198527 -0.0310220718 0.0854522586
      vertex 0.076153636 -0.0305084903 0.0856649876
    endloop
  endfacet
  facet normal 0.726913571 -0.615911067 -0.303727239
    outer loop
      vertex 0.0782772899 -0.0313006341 0.0842930004
      vertex 0.0785804838 -0.0310220998 0.0844538137
      vertex 0.0785804763 -0.0314309597 0.0852828994
    endloop
  endfacet
  facet normal 0.72691375 -0.615910828 -0.303727269
    outer loop
      vertex 0.0782772899 -0.0313006341 0.0842930004
      vertex 0.0785804763 -0.0314309597 0.0852828994
      vertex 0.0782772824 -0.0317281038 0.0851598233
    endloop
  endfacet
  facet normal 0.994126141 -0.0970670804 -0.0478679799
    outer loop
      vertex 0.0799052641 -0.0274369325 0.0865237191
      vertex 0.0800081939 -0.0266163871 0.0869974643
      vertex 0.0800081939 -0.0267309267 0.0872297287
    endloop
  endfacet
  facet normal 0.994126022 -0.0970669985 -0.0478680395
    outer loop
      vertex 0.0799052641 -0.0274369325 0.0865237191
      vertex 0.0800081939 -0.0267309267 0.0872297287
      vertex 0.0799052641 -0.027606288 0.0868671387
    endloop
  endfacet
  facet normal -0.93918246 -0.308002681 -0.151890129
    outer loop
      vertex 0.0759129152 -0.0295860432 0.0852828994
      vertex 0.076153636 -0.0301573928 0.0849530324
      vertex 0.076153636 -0.0305084903 0.0856649876
    endloop
  endfacet
  facet normal -0.93918246 -0.30800277 -0.151890323
    outer loop
      vertex 0.0759129152 -0.0295860432 0.0852828994
      vertex 0.076153636 -0.0305084903 0.0856649876
      vertex 0.0759129152 -0.0298989732 0.0859174579
    endloop
  endfacet
  facet normal 0.527087033 -0.762174428 -0.375858188
    outer loop
      vertex 0.0779632479 -0.0314696804 0.0841953978
      vertex 0.0782772899 -0.0313006341 0.0842930004
      vertex 0.0782772824 -0.0317281038 0.0851598233
    endloop
  endfacet
  facet normal 0.527103424 -0.762162089 -0.375860214
    outer loop
      vertex 0.0779632479 -0.0314696804 0.0841953978
      vertex 0.0782772824 -0.0317281038 0.0851598233
      vertex 0.0779632479 -0.0319084451 0.0850851163
    endloop
  endfacet
  facet normal 0.987723827 -0.140100867 -0.0690899417
    outer loop
      vertex 0.0797636434 -0.0282140989 0.0860750228
      vertex 0.0799052641 -0.0274369325 0.0865237191
      vertex 0.0799052641 -0.027606288 0.0868671387
    endloop
  endfacet
  facet normal 0.987722754 -0.140113041 -0.0690804049
    outer loop
      vertex 0.0797636434 -0.0282140989 0.0860750228
      vertex 0.0799052641 -0.027606288 0.0868671387
      vertex 0.079763636 -0.0284353737 0.0865237191
    endloop
  endfacet
  facet normal -0.962658226 -0.242801026 -0.119736359
    outer loop
      vertex 0.0757018104 -0.0289345477 0.085659042
      vertex 0.0759129152 -0.0295860432 0.0852828994
      vertex 0.0759129152 -0.0298989732 0.0859174579
    endloop
  endfacet
  facet normal -0.962655485 -0.242804453 -0.119751364
    outer loop
      vertex 0.0757018104 -0.0289345477 0.085659042
      vertex 0.0759129152 -0.0298989732 0.0859174579
      vertex 0.075701803 -0.0292039532 0.0862053409
    endloop
  endfacet
  facet normal 0.200234532 -0.878707647 -0.433334708
    outer loop
      vertex 0.0776437446 -0.0315263495 0.0841626748
      vertex 0.0779632479 -0.0314696804 0.0841953978
      vertex 0.0779632479 -0.0319084451 0.0850851163
    endloop
  endfacet
  facet normal 0.200225949 -0.878710568 -0.43333292
    outer loop
      vertex 0.0776437446 -0.0315263495 0.0841626748
      vertex 0.0779632479 -0.0319084451 0.0850851163
      vertex 0.0776437446 -0.0319688991 0.0850600749
    endloop
  endfacet
  facet normal 0.977801621 -0.187930375 -0.0926617235
    outer loop
      vertex 0.0795857459 -0.0289345942 0.085659042
      vertex 0.0797636434 -0.0282140989 0.0860750228
      vertex 0.079763636 -0.0284353737 0.0865237191
    endloop
  endfacet
  facet normal 0.977803469 -0.187916234 -0.0926702842
    outer loop
      vertex 0.0795857459 -0.0289345942 0.085659042
      vertex 0.079763636 -0.0284353737 0.0865237191
      vertex 0.0795857459 -0.0292039998 0.0862053409
    endloop
  endfacet
  facet normal -0.977805793 -0.18790172 -0.0926764533
    outer loop
      vertex 0.0755239278 -0.0282140486 0.0860750228
      vertex 0.0757018104 -0.0289345477 0.085659042
      vertex 0.075701803 -0.0292039532 0.0862053409
    endloop
  endfacet
  facet normal -0.977807343 -0.187900245 -0.0926630944
    outer loop
      vertex 0.0755239278 -0.0282140486 0.0860750228
      vertex 0.075701803 -0.0292039532 0.0862053409
      vertex 0.0755239278 -0.0284353234 0.0865237191
    endloop
  endfacet
  facet normal -0.200258642 -0.878704548 -0.43332994
    outer loop
      vertex 0.0773242489 -0.0314696729 0.0841953978
      vertex 0.0776437446 -0.0315263495 0.0841626748
      vertex 0.0776437446 -0.0319688991 0.0850600749
    endloop
  endfacet
  facet normal -0.200245515 -0.878705025 -0.433335066
    outer loop
      vertex 0.0773242489 -0.0314696729 0.0841953978
      vertex 0.0776437446 -0.0319688991 0.0850600749
      vertex 0.0773242414 -0.0319084376 0.0850851163
    endloop
  endfacet
  facet normal 0.962652922 -0.242817834 -0.11974483
    outer loop
      vertex 0.0793746263 -0.029586086 0.0852828994
      vertex 0.0795857459 -0.0289345942 0.085659042
      vertex 0.0795857459 -0.0292039998 0.0862053409
    endloop
  endfacet
  facet normal 0.962650418 -0.242830649 -0.119738936
    outer loop
      vertex 0.0793746263 -0.029586086 0.0852828994
      vertex 0.0795857459 -0.0292039998 0.0862053409
      vertex 0.0793746188 -0.0298990142 0.0859174579
    endloop
  endfacet
  facet normal -0.98772645 -0.140085593 -0.0690832585
    outer loop
      vertex 0.0753823221 -0.0274368785 0.0865237191
      vertex 0.0755239278 -0.0282140486 0.0860750228
      vertex 0.0755239278 -0.0284353234 0.0865237191
    endloop
  endfacet
  facet normal -0.98772651 -0.140085593 -0.0690824091
    outer loop
      vertex 0.0753823221 -0.0274368785 0.0865237191
      vertex 0.0755239278 -0.0284353234 0.0865237191
      vertex 0.0753823221 -0.027606234 0.0868671387
    endloop
  endfacet
  facet normal -0.527109444 -0.762157023 -0.375862151
    outer loop
      vertex 0.0770102143 -0.0313006192 0.0842930004
      vertex 0.0773242489 -0.0314696729 0.0841953978
      vertex 0.0773242414 -0.0319084376 0.0850851163
    endloop
  endfacet
  facet normal -0.527116477 -0.76215452 -0.375857413
    outer loop
      vertex 0.0770102143 -0.0313006192 0.0842930004
      vertex 0.0773242414 -0.0319084376 0.0850851163
      vertex 0.0770102069 -0.0317280889 0.0851598233
    endloop
  endfacet
  facet normal 0.939174294 -0.308027476 -0.151890591
    outer loop
      vertex 0.0791338906 -0.0301574282 0.0849530324
      vertex 0.0793746263 -0.029586086 0.0852828994
      vertex 0.0793746188 -0.0298990142 0.0859174579
    endloop
  endfacet
  facet normal 0.93917495 -0.308025151 -0.151891366
    outer loop
      vertex 0.0791338906 -0.0301574282 0.0849530324
      vertex 0.0793746188 -0.0298990142 0.0859174579
      vertex 0.0791338831 -0.0305085257 0.0856649876
    endloop
  endfacet
  facet normal -0.994128585 -0.0970458537 -0.0478576086
    outer loop
      vertex 0.0752794147 -0.0266163293 0.0869974643
      vertex 0.0753823221 -0.0274368785 0.0865237191
      vertex 0.0753823221 -0.027606234 0.0868671387
    endloop
  endfacet
  facet normal -0.994128704 -0.0970458686 -0.047857523
    outer loop
      vertex 0.0752794147 -0.0266163293 0.0869974643
      vertex 0.0753823221 -0.027606234 0.0868671387
      vertex 0.0752794147 -0.026730869 0.0872297287
    endloop
  endfacet
  facet normal -0.726921141 -0.615898907 -0.303733855
    outer loop
      vertex 0.0767070204 -0.0310220774 0.0844538137
      vertex 0.0770102143 -0.0313006192 0.0842930004
      vertex 0.0770102069 -0.0317280889 0.0851598233
    endloop
  endfacet
  facet normal -0.726920485 -0.615899324 -0.303734541
    outer loop
      vertex 0.0767070204 -0.0310220774 0.0844538137
      vertex 0.0770102069 -0.0317280889 0.0851598233
      vertex 0.076707013 -0.0314309373 0.0852828994
    endloop
  endfacet
  facet normal 0.901538253 -0.388079971 -0.191370457
    outer loop
      vertex 0.078867659 -0.0306388438 0.0846750885
      vertex 0.0791338906 -0.0301574282 0.0849530324
      vertex 0.0791338831 -0.0305085257 0.0856649876
    endloop
  endfacet
  facet normal 0.90153867 -0.388078898 -0.191370696
    outer loop
      vertex 0.078867659 -0.0306388438 0.0846750885
      vertex 0.0791338831 -0.0305085257 0.0856649876
      vertex 0.0788676515 -0.0310221016 0.0854522586
    endloop
  endfacet
  facet normal -0.997972131 -0.0570876189 -0.028152369
    outer loop
      vertex 0.0752169564 -0.0257664472 0.0874881446
      vertex 0.0752794147 -0.0266163293 0.0869974643
      vertex 0.0752794147 -0.026730869 0.0872297287
    endloop
  endfacet
  facet normal -0.997972131 -0.0570873618 -0.0281533189
    outer loop
      vertex 0.0752169564 -0.0257664472 0.0874881446
      vertex 0.0752794147 -0.026730869 0.0872297287
      vertex 0.0752169564 -0.0258242115 0.0876052752
    endloop
  endfacet
  facet normal 0.999778986 -0.0188558064 -0.0092989672
    outer loop
      vertex 0.0800706744 -0.0257665049 0.0874881446
      vertex 0.0800916255 -0.0249018278 0.0879873633
      vertex 0.0800706744 -0.0258242693 0.0876052752
    endloop
  endfacet
  facet normal -0.838342726 -0.488921255 -0.241116896
    outer loop
      vertex 0.0764198601 -0.030638814 0.0846750885
      vertex 0.0767070204 -0.0310220774 0.0844538137
      vertex 0.076707013 -0.0314309373 0.0852828994
    endloop
  endfacet
  facet normal -0.838342369 -0.488921613 -0.241117492
    outer loop
      vertex 0.0764198601 -0.030638814 0.0846750885
      vertex 0.076707013 -0.0314309373 0.0852828994
      vertex 0.0764198527 -0.0310220718 0.0854522586
    endloop
  endfacet
  facet normal 0.200225696 -0.927756369 -0.314925045
    outer loop
      vertex 0.0776437446 -0.0319688991 0.0850600749
      vertex 0.0779632479 -0.0319084451 0.0850851163
      vertex 0.0779632404 -0.0322273187 0.0860245004
    endloop
  endfacet
  facet normal 0.20023647 -0.927753091 -0.314927697
    outer loop
      vertex 0.0776437446 -0.0319688991 0.0850600749
      vertex 0.0779632404 -0.0322273187 0.0860245004
      vertex 0.0776437372 -0.0322905257 0.0860075578
    endloop
  endfacet
  facet normal 0.977803469 -0.198404804 -0.0673487484
    outer loop
      vertex 0.0795857459 -0.0292039998 0.0862053409
      vertex 0.079763636 -0.0284353737 0.0865237191
      vertex 0.079763636 -0.028596187 0.0869974643
    endloop
  endfacet
  facet normal 0.977801979 -0.198415264 -0.0673404261
    outer loop
      vertex 0.0795857459 -0.0292039998 0.0862053409
      vertex 0.079763636 -0.028596187 0.0869974643
      vertex 0.0795857385 -0.0293997955 0.0867821351
    endloop
  endfacet
  facet normal -0.977807283 -0.198387891 -0.0673437566
    outer loop
      vertex 0.0755239278 -0.0284353234 0.0865237191
      vertex 0.075701803 -0.0292039532 0.0862053409
      vertex 0.075701803 -0.0293997489 0.0867821351
    endloop
  endfacet
  facet normal -0.977807343 -0.198387668 -0.0673429146
    outer loop
      vertex 0.0755239278 -0.0284353234 0.0865237191
      vertex 0.075701803 -0.0293997489 0.0867821351
      vertex 0.0755239278 -0.0285961367 0.0869974643
    endloop
  endfacet
  facet normal -0.200246528 -0.92775017 -0.314929873
    outer loop
      vertex 0.0773242414 -0.0319084376 0.0850851163
      vertex 0.0776437446 -0.0319688991 0.0850600749
      vertex 0.0776437372 -0.0322905257 0.0860075578
    endloop
  endfacet
  facet normal -0.200257242 -0.927749336 -0.314925849
    outer loop
      vertex 0.0773242414 -0.0319084376 0.0850851163
      vertex 0.0776437372 -0.0322905257 0.0860075578
      vertex 0.0773242339 -0.0322273113 0.0860245004
    endloop
  endfacet
  facet normal 0.962650001 -0.256383777 -0.0870183483
    outer loop
      vertex 0.0793746188 -0.0298990142 0.0859174579
      vertex 0.0795857459 -0.0292039998 0.0862053409
      vertex 0.0795857385 -0.0293997955 0.0867821351
    endloop
  endfacet
  facet normal 0.962652862 -0.256370902 -0.087026462
    outer loop
      vertex 0.0793746188 -0.0298990142 0.0859174579
      vertex 0.0795857385 -0.0293997955 0.0867821351
      vertex 0.0793746188 -0.0301264394 0.086587429
    endloop
  endfacet
  facet normal -0.98772645 -0.147904322 -0.0502062924
    outer loop
      vertex 0.0753823221 -0.027606234 0.0868671387
      vertex 0.0755239278 -0.0284353234 0.0865237191
      vertex 0.0755239278 -0.0285961367 0.0869974643
    endloop
  endfacet
  facet normal -0.98772651 -0.147904336 -0.0502063595
    outer loop
      vertex 0.0753823221 -0.027606234 0.0868671387
      vertex 0.0755239278 -0.0285961367 0.0869974643
      vertex 0.0753823221 -0.0277293157 0.0872297287
    endloop
  endfacet
  facet normal -0.527115643 -0.80469501 -0.273157626
    outer loop
      vertex 0.0770102069 -0.0317280889 0.0851598233
      vertex 0.0773242414 -0.0319084376 0.0850851163
      vertex 0.0773242339 -0.0322273113 0.0860245004
    endloop
  endfacet
  facet normal -0.527119637 -0.804693162 -0.273155183
    outer loop
      vertex 0.0770102069 -0.0317280889 0.0851598233
      vertex 0.0773242339 -0.0322273113 0.0860245004
      vertex 0.0770102069 -0.0320387557 0.0860750228
    endloop
  endfacet
  facet normal 0.939174712 -0.325213403 -0.110395402
    outer loop
      vertex 0.0791338831 -0.0305085257 0.0856649876
      vertex 0.0793746188 -0.0298990142 0.0859174579
      vertex 0.0793746188 -0.0301264394 0.086587429
    endloop
  endfacet
  facet normal 0.939174533 -0.325213969 -0.110395141
    outer loop
      vertex 0.0791338831 -0.0305085257 0.0856649876
      vertex 0.0793746188 -0.0301264394 0.086587429
      vertex 0.0791338831 -0.0307636894 0.0864166766
    endloop
  endfacet
  facet normal -0.994128644 -0.102462366 -0.0347810239
    outer loop
      vertex 0.0752794147 -0.026730869 0.0872297287
      vertex 0.0753823221 -0.027606234 0.0868671387
      vertex 0.0753823221 -0.0277293157 0.0872297287
    endloop
  endfacet
  facet normal -0.994128585 -0.102462359 -0.0347821899
    outer loop
      vertex 0.0752794147 -0.026730869 0.0872297287
      vertex 0.0753823221 -0.0277293157 0.0872297287
      vertex 0.0752794147 -0.0268141124 0.0874749497
    endloop
  endfacet
  facet normal -0.726921678 -0.650276542 -0.220738053
    outer loop
      vertex 0.076707013 -0.0314309373 0.0852828994
      vertex 0.0770102069 -0.0317280889 0.0851598233
      vertex 0.0770102069 -0.0320387557 0.0860750228
    endloop
  endfacet
  facet normal -0.726917386 -0.65027982 -0.220742241
    outer loop
      vertex 0.076707013 -0.0314309373 0.0852828994
      vertex 0.0770102069 -0.0320387557 0.0860750228
      vertex 0.076707013 -0.0317280851 0.0861582607
    endloop
  endfacet
  facet normal 0.901538491 -0.40973559 -0.139086321
    outer loop
      vertex 0.0788676515 -0.0310221016 0.0854522586
      vertex 0.0791338831 -0.0305085257 0.0856649876
      vertex 0.0791338831 -0.0307636894 0.0864166766
    endloop
  endfacet
  facet normal 0.901538074 -0.409736782 -0.139085874
    outer loop
      vertex 0.0788676515 -0.0310221016 0.0854522586
      vertex 0.0791338831 -0.0307636894 0.0864166766
      vertex 0.0788676515 -0.0313006379 0.0862728059
    endloop
  endfacet
  facet normal -0.99797219 -0.0602737293 -0.0204606969
    outer loop
      vertex 0.0752169564 -0.0258242115 0.0876052752
      vertex 0.0752794147 -0.026730869 0.0872297287
      vertex 0.0752794147 -0.0268141124 0.0874749497
    endloop
  endfacet
  facet normal -0.99797219 -0.0602738336 -0.0204598401
    outer loop
      vertex 0.0752169564 -0.0258242115 0.0876052752
      vertex 0.0752794147 -0.0268141124 0.0874749497
      vertex 0.0752169564 -0.0258661918 0.0877289474
    endloop
  endfacet
  facet normal 0.999778986 -0.0199083686 -0.00675785914
    outer loop
      vertex 0.0800706744 -0.0258242693 0.0876052752
      vertex 0.0800916255 -0.0249018278 0.0879873633
      vertex 0.0800706744 -0.0258662496 0.0877289474
    endloop
  endfacet
  facet normal -0.838342547 -0.516212583 -0.175232142
    outer loop
      vertex 0.0764198527 -0.0310220718 0.0854522586
      vertex 0.076707013 -0.0314309373 0.0852828994
      vertex 0.076707013 -0.0317280851 0.0861582607
    endloop
  endfacet
  facet normal -0.838345051 -0.516209781 -0.175228313
    outer loop
      vertex 0.0764198527 -0.0310220718 0.0854522586
      vertex 0.076707013 -0.0317280851 0.0861582607
      vertex 0.0764198527 -0.0313006081 0.0862728059
    endloop
  endfacet
  facet normal 0.83832562 -0.516238213 -0.175237969
    outer loop
      vertex 0.0785804763 -0.0314309597 0.0852828994
      vertex 0.0788676515 -0.0310221016 0.0854522586
      vertex 0.0788676515 -0.0313006379 0.0862728059
    endloop
  endfacet
  facet normal 0.838328123 -0.516233623 -0.17523928
    outer loop
      vertex 0.0785804763 -0.0314309597 0.0852828994
      vertex 0.0788676515 -0.0313006379 0.0862728059
      vertex 0.0785804763 -0.0317281075 0.0861582607
    endloop
  endfacet
  facet normal -0.999779463 -0.0198871028 -0.00675063394
    outer loop
      vertex 0.0751960278 -0.0249017682 0.0879873633
      vertex 0.0752169564 -0.0258242115 0.0876052752
      vertex 0.0752169564 -0.0258661918 0.0877289474
    endloop
  endfacet
  facet normal 0.99797076 -0.0602955297 -0.0204671882
    outer loop
      vertex 0.0800081939 -0.0267309267 0.0872297287
      vertex 0.0800706744 -0.0258242693 0.0876052752
      vertex 0.0800706744 -0.0258662496 0.0877289474
    endloop
  endfacet
  facet normal 0.9979707 -0.0602950975 -0.0204679631
    outer loop
      vertex 0.0800081939 -0.0267309267 0.0872297287
      vertex 0.0800706744 -0.0258662496 0.0877289474
      vertex 0.0800081939 -0.0268141702 0.0874749497
    endloop
  endfacet
  facet normal -0.901549518 -0.409714073 -0.139078185
    outer loop
      vertex 0.076153636 -0.0305084903 0.0856649876
      vertex 0.0764198527 -0.0310220718 0.0854522586
      vertex 0.0764198527 -0.0313006081 0.0862728059
    endloop
  endfacet
  facet normal -0.901544154 -0.409721822 -0.139090583
    outer loop
      vertex 0.076153636 -0.0305084903 0.0856649876
      vertex 0.0764198527 -0.0313006081 0.0862728059
      vertex 0.0761536285 -0.030763654 0.0864166766
    endloop
  endfacet
  facet normal 0.726914227 -0.650283098 -0.220743343
    outer loop
      vertex 0.0782772824 -0.0317281038 0.0851598233
      vertex 0.0785804763 -0.0314309597 0.0852828994
      vertex 0.0785804763 -0.0317281075 0.0861582607
    endloop
  endfacet
  facet normal 0.72690177 -0.650298357 -0.220739543
    outer loop
      vertex 0.0782772824 -0.0317281038 0.0851598233
      vertex 0.0785804763 -0.0317281075 0.0861582607
      vertex 0.078277275 -0.0320387706 0.0860750228
    endloop
  endfacet
  facet normal 0.994126141 -0.102484331 -0.0347896367
    outer loop
      vertex 0.0799052641 -0.027606288 0.0868671387
      vertex 0.0800081939 -0.0267309267 0.0872297287
      vertex 0.0800081939 -0.0268141702 0.0874749497
    endloop
  endfacet
  facet normal 0.994126081 -0.102485023 -0.0347887054
    outer loop
      vertex 0.0799052641 -0.027606288 0.0868671387
      vertex 0.0800081939 -0.0268141702 0.0874749497
      vertex 0.0799052641 -0.0277293697 0.0872297287
    endloop
  endfacet
  facet normal -0.93918258 -0.325190216 -0.110396385
    outer loop
      vertex 0.0759129152 -0.0298989732 0.0859174579
      vertex 0.076153636 -0.0305084903 0.0856649876
      vertex 0.0761536285 -0.030763654 0.0864166766
    endloop
  endfacet
  facet normal -0.939181983 -0.32519114 -0.1103983
    outer loop
      vertex 0.0759129152 -0.0298989732 0.0859174579
      vertex 0.0761536285 -0.030763654 0.0864166766
      vertex 0.0759129077 -0.0301263984 0.086587429
    endloop
  endfacet
  facet normal 0.527101696 -0.804705024 -0.273154944
    outer loop
      vertex 0.0779632479 -0.0319084451 0.0850851163
      vertex 0.0782772824 -0.0317281038 0.0851598233
      vertex 0.078277275 -0.0320387706 0.0860750228
    endloop
  endfacet
  facet normal 0.527096987 -0.804708481 -0.273153901
    outer loop
      vertex 0.0779632479 -0.0319084451 0.0850851163
      vertex 0.078277275 -0.0320387706 0.0860750228
      vertex 0.0779632404 -0.0322273187 0.0860245004
    endloop
  endfacet
  facet normal 0.987722576 -0.147927642 -0.0502142683
    outer loop
      vertex 0.079763636 -0.0284353737 0.0865237191
      vertex 0.0799052641 -0.027606288 0.0868671387
      vertex 0.0799052641 -0.0277293697 0.0872297287
    endloop
  endfacet
  facet normal 0.987722576 -0.147927687 -0.0502142198
    outer loop
      vertex 0.079763636 -0.0284353737 0.0865237191
      vertex 0.0799052641 -0.0277293697 0.0872297287
      vertex 0.079763636 -0.028596187 0.0869974643
    endloop
  endfacet
  facet normal -0.962655902 -0.256357044 -0.0870324671
    outer loop
      vertex 0.075701803 -0.0292039532 0.0862053409
      vertex 0.0759129152 -0.0298989732 0.0859174579
      vertex 0.0759129077 -0.0301263984 0.086587429
    endloop
  endfacet
  facet normal -0.962658286 -0.256352454 -0.087020129
    outer loop
      vertex 0.075701803 -0.0292039532 0.0862053409
      vertex 0.0759129077 -0.0301263984 0.086587429
      vertex 0.075701803 -0.0293997489 0.0867821351
    endloop
  endfacet
  facet normal -0.200255573 -0.960918128 -0.191138923
    outer loop
      vertex 0.0773242339 -0.0322273113 0.0860245004
      vertex 0.0776437372 -0.0322905257 0.0860075578
      vertex 0.0776437372 -0.0324857309 0.0869889185
    endloop
  endfacet
  facet normal -0.200251803 -0.960918665 -0.191140324
    outer loop
      vertex 0.0773242339 -0.0322273113 0.0860245004
      vertex 0.0776437372 -0.0324857309 0.0869889185
      vertex 0.0773242339 -0.0324208476 0.0869974643
    endloop
  endfacet
  facet normal 0.962652802 -0.265536994 -0.0528182946
    outer loop
      vertex 0.0793746188 -0.0301264394 0.086587429
      vertex 0.0795857385 -0.0293997955 0.0867821351
      vertex 0.0795857385 -0.0295186285 0.0873795524
    endloop
  endfacet
  facet normal 0.962652922 -0.265536338 -0.0528188832
    outer loop
      vertex 0.0793746188 -0.0301264394 0.086587429
      vertex 0.0795857385 -0.0295186285 0.0873795524
      vertex 0.0793746188 -0.0302644707 0.0872813538
    endloop
  endfacet
  facet normal -0.98772651 -0.153192177 -0.0304718968
    outer loop
      vertex 0.0753823221 -0.0277293157 0.0872297287
      vertex 0.0755239278 -0.0285961367 0.0869974643
      vertex 0.0755239278 -0.0286937393 0.0874881446
    endloop
  endfacet
  facet normal -0.98772651 -0.153192222 -0.0304720458
    outer loop
      vertex 0.0753823221 -0.0277293157 0.0872297287
      vertex 0.0755239278 -0.0286937393 0.0874881446
      vertex 0.0753823221 -0.0278040171 0.0876052752
    endloop
  endfacet
  facet normal -0.527119875 -0.833462119 -0.165787399
    outer loop
      vertex 0.0770102069 -0.0320387557 0.0860750228
      vertex 0.0773242339 -0.0322273113 0.0860245004
      vertex 0.0773242339 -0.0324208476 0.0869974643
    endloop
  endfacet
  facet normal -0.527117193 -0.83346355 -0.165788889
    outer loop
      vertex 0.0770102069 -0.0320387557 0.0860750228
      vertex 0.0773242339 -0.0324208476 0.0869974643
      vertex 0.0770101994 -0.0322273076 0.0870229453
    endloop
  endfacet
  facet normal 0.939174473 -0.336841106 -0.0670024082
    outer loop
      vertex 0.0791338831 -0.0307636894 0.0864166766
      vertex 0.0793746188 -0.0301264394 0.086587429
      vertex 0.0793746188 -0.0302644707 0.0872813538
    endloop
  endfacet
  facet normal 0.939174056 -0.336842477 -0.0670015067
    outer loop
      vertex 0.0791338831 -0.0307636894 0.0864166766
      vertex 0.0793746188 -0.0302644707 0.0872813538
      vertex 0.0791338831 -0.0309185553 0.0871952474
    endloop
  endfacet
  facet normal -0.994128644 -0.10612575 -0.0211098753
    outer loop
      vertex 0.0752794147 -0.0268141124 0.0874749497
      vertex 0.0753823221 -0.0277293157 0.0872297287
      vertex 0.0753823221 -0.0278040171 0.0876052752
    endloop
  endfacet
  facet normal -0.994128585 -0.106125779 -0.0211101305
    outer loop
      vertex 0.0752794147 -0.0268141124 0.0874749497
      vertex 0.0753823221 -0.0278040171 0.0876052752
      vertex 0.0752794147 -0.0268646367 0.0877289474
    endloop
  endfacet
  facet normal -0.726918459 -0.673527718 -0.133977517
    outer loop
      vertex 0.076707013 -0.0317280851 0.0861582607
      vertex 0.0770102069 -0.0320387557 0.0860750228
      vertex 0.0770101994 -0.0322273076 0.0870229453
    endloop
  endfacet
  facet normal -0.726926148 -0.673520744 -0.133970797
    outer loop
      vertex 0.076707013 -0.0317280851 0.0861582607
      vertex 0.0770101994 -0.0322273076 0.0870229453
      vertex 0.076707013 -0.0319084302 0.0870649219
    endloop
  endfacet
  facet normal 0.901538253 -0.424385518 -0.0844147429
    outer loop
      vertex 0.0788676515 -0.0313006379 0.0862728059
      vertex 0.0791338831 -0.0307636894 0.0864166766
      vertex 0.0791338831 -0.0309185553 0.0871952474
    endloop
  endfacet
  facet normal 0.901534677 -0.424393862 -0.0844102725
    outer loop
      vertex 0.0788676515 -0.0313006379 0.0862728059
      vertex 0.0791338831 -0.0309185553 0.0871952474
      vertex 0.0788676441 -0.0314696915 0.0871226862
    endloop
  endfacet
  facet normal -0.997972131 -0.0624286495 -0.012418082
    outer loop
      vertex 0.0752169564 -0.0258661918 0.0877289474
      vertex 0.0752794147 -0.0268141124 0.0874749497
      vertex 0.0752794147 -0.0268646367 0.0877289474
    endloop
  endfacet
  facet normal -0.997972131 -0.0624286495 -0.0124180056
    outer loop
      vertex 0.0752169564 -0.0258661918 0.0877289474
      vertex 0.0752794147 -0.0268646367 0.0877289474
      vertex 0.0752169564 -0.025891671 0.0878570378
    endloop
  endfacet
  facet normal 0.999778986 -0.0206200965 -0.00410165032
    outer loop
      vertex 0.0800706744 -0.0258662496 0.0877289474
      vertex 0.0800916255 -0.0249018278 0.0879873633
      vertex 0.0800706744 -0.0258917287 0.0878570378
    endloop
  endfacet
  facet normal -0.838344753 -0.534665704 -0.106350996
    outer loop
      vertex 0.0764198527 -0.0313006081 0.0862728059
      vertex 0.076707013 -0.0317280851 0.0861582607
      vertex 0.076707013 -0.0319084302 0.0870649219
    endloop
  endfacet
  facet normal -0.838336408 -0.534676611 -0.10636238
    outer loop
      vertex 0.0764198527 -0.0313006081 0.0862728059
      vertex 0.076707013 -0.0319084302 0.0870649219
      vertex 0.0764198452 -0.0314696617 0.0871226862
    endloop
  endfacet
  facet normal 0.838327587 -0.534692705 -0.106350884
    outer loop
      vertex 0.0785804763 -0.0317281075 0.0861582607
      vertex 0.0788676515 -0.0313006379 0.0862728059
      vertex 0.0788676441 -0.0314696915 0.0871226862
    endloop
  endfacet
  facet normal 0.838332593 -0.534684181 -0.106354654
    outer loop
      vertex 0.0785804763 -0.0317281075 0.0861582607
      vertex 0.0788676441 -0.0314696915 0.0871226862
      vertex 0.0785804763 -0.0319084525 0.0870649219
    endloop
  endfacet
  facet normal -0.999779463 -0.0205980726 -0.00409727031
    outer loop
      vertex 0.0751960278 -0.0249017682 0.0879873633
      vertex 0.0752169564 -0.0258661918 0.0877289474
      vertex 0.0752169564 -0.025891671 0.0878570378
    endloop
  endfacet
  facet normal 0.9979707 -0.0624509044 -0.0124224313
    outer loop
      vertex 0.0800081939 -0.0268141702 0.0874749497
      vertex 0.0800706744 -0.0258662496 0.0877289474
      vertex 0.0800706744 -0.0258917287 0.0878570378
    endloop
  endfacet
  facet normal 0.9979707 -0.0624510683 -0.0124220662
    outer loop
      vertex 0.0800081939 -0.0268141702 0.0874749497
      vertex 0.0800706744 -0.0258917287 0.0878570378
      vertex 0.0800081939 -0.0268646926 0.0877289474
    endloop
  endfacet
  facet normal -0.901544809 -0.42437011 -0.0844213739
    outer loop
      vertex 0.0761536285 -0.030763654 0.0864166766
      vertex 0.0764198527 -0.0313006081 0.0862728059
      vertex 0.0764198452 -0.0314696617 0.0871226862
    endloop
  endfacet
  facet normal -0.901550412 -0.424360693 -0.0844097957
    outer loop
      vertex 0.0761536285 -0.030763654 0.0864166766
      vertex 0.0764198452 -0.0314696617 0.0871226862
      vertex 0.0761536285 -0.0309185199 0.0871952474
    endloop
  endfacet
  facet normal 0.726902008 -0.673545718 -0.133975759
    outer loop
      vertex 0.078277275 -0.0320387706 0.0860750228
      vertex 0.0785804763 -0.0317281075 0.0861582607
      vertex 0.0785804763 -0.0319084525 0.0870649219
    endloop
  endfacet
  facet normal 0.726905286 -0.673541963 -0.133977294
    outer loop
      vertex 0.078277275 -0.0320387706 0.0860750228
      vertex 0.0785804763 -0.0319084525 0.0870649219
      vertex 0.078277275 -0.0322273262 0.0870229453
    endloop
  endfacet
  facet normal 0.994126081 -0.106149077 -0.0211139768
    outer loop
      vertex 0.0799052641 -0.0277293697 0.0872297287
      vertex 0.0800081939 -0.0268141702 0.0874749497
      vertex 0.0800081939 -0.0268646926 0.0877289474
    endloop
  endfacet
  facet normal 0.994126081 -0.106148802 -0.0211144593
    outer loop
      vertex 0.0799052641 -0.0277293697 0.0872297287
      vertex 0.0800081939 -0.0268646926 0.0877289474
      vertex 0.0799052641 -0.0278040711 0.0876052752
    endloop
  endfacet
  facet normal -0.939182162 -0.336820543 -0.0669971257
    outer loop
      vertex 0.0759129077 -0.0301263984 0.086587429
      vertex 0.0761536285 -0.030763654 0.0864166766
      vertex 0.0761536285 -0.0309185199 0.0871952474
    endloop
  endfacet
  facet normal -0.939182103 -0.33682093 -0.0669976696
    outer loop
      vertex 0.0759129077 -0.0301263984 0.086587429
      vertex 0.0761536285 -0.0309185199 0.0871952474
      vertex 0.0759129077 -0.0302644297 0.0872813612
    endloop
  endfacet
  facet normal 0.52709657 -0.833476245 -0.165790558
    outer loop
      vertex 0.0779632404 -0.0322273187 0.0860245004
      vertex 0.078277275 -0.0320387706 0.0860750228
      vertex 0.078277275 -0.0322273262 0.0870229453
    endloop
  endfacet
  facet normal 0.527095854 -0.833476782 -0.165790334
    outer loop
      vertex 0.0779632404 -0.0322273187 0.0860245004
      vertex 0.078277275 -0.0322273262 0.0870229453
      vertex 0.0779632404 -0.032420855 0.0869974643
    endloop
  endfacet
  facet normal 0.987722635 -0.153216347 -0.0304768551
    outer loop
      vertex 0.079763636 -0.028596187 0.0869974643
      vertex 0.0799052641 -0.0277293697 0.0872297287
      vertex 0.0799052641 -0.0278040711 0.0876052752
    endloop
  endfacet
  facet normal 0.987722635 -0.153216451 -0.0304767136
    outer loop
      vertex 0.079763636 -0.028596187 0.0869974643
      vertex 0.0799052641 -0.0278040711 0.0876052752
      vertex 0.079763636 -0.0286937896 0.0874881446
    endloop
  endfacet
  facet normal -0.962658226 -0.265517801 -0.0528146178
    outer loop
      vertex 0.075701803 -0.0293997489 0.0867821351
      vertex 0.0759129077 -0.0301263984 0.086587429
      vertex 0.0759129077 -0.0302644297 0.0872813612
    endloop
  endfacet
  facet normal -0.962658286 -0.265517712 -0.0528144576
    outer loop
      vertex 0.075701803 -0.0293997489 0.0867821351
      vertex 0.0759129077 -0.0302644297 0.0872813612
      vertex 0.075701803 -0.0295185819 0.0873795524
    endloop
  endfacet
  facet normal 0.20023407 -0.960922182 -0.191141024
    outer loop
      vertex 0.0776437372 -0.0322905257 0.0860075578
      vertex 0.0779632404 -0.0322273187 0.0860245004
      vertex 0.0779632404 -0.032420855 0.0869974643
    endloop
  endfacet
  facet normal 0.2002303 -0.960923195 -0.191139936
    outer loop
      vertex 0.0776437372 -0.0322905257 0.0860075578
      vertex 0.0779632404 -0.032420855 0.0869974643
      vertex 0.0776437372 -0.0324857309 0.0869889185
    endloop
  endfacet
  facet normal 0.9778018 -0.205505967 -0.0408777744
    outer loop
      vertex 0.0795857385 -0.0293997955 0.0867821351
      vertex 0.079763636 -0.028596187 0.0869974643
      vertex 0.079763636 -0.0286937896 0.0874881446
    endloop
  endfacet
  facet normal 0.9778018 -0.20550622 -0.0408775024
    outer loop
      vertex 0.0795857385 -0.0293997955 0.0867821351
      vertex 0.079763636 -0.0286937896 0.0874881446
      vertex 0.0795857385 -0.0295186285 0.0873795524
    endloop
  endfacet
  facet normal -0.977807343 -0.205480486 -0.040872395
    outer loop
      vertex 0.0755239278 -0.0285961367 0.0869974643
      vertex 0.075701803 -0.0293997489 0.0867821351
      vertex 0.075701803 -0.0295185819 0.0873795524
    endloop
  endfacet
  facet normal -0.977807283 -0.20548062 -0.0408727303
    outer loop
      vertex 0.0755239278 -0.0285961367 0.0869974643
      vertex 0.075701803 -0.0295185819 0.0873795524
      vertex 0.0755239278 -0.0286937393 0.0874881446
    endloop
  endfacet
  facet normal 0.999778986 -0.0209790692 -0.00137505727
    outer loop
      vertex 0.0800706744 -0.0258917287 0.0878570378
      vertex 0.0800916255 -0.0249018278 0.0879873633
      vertex 0.0800706744 -0.0259002708 0.0879873633
    endloop
  endfacet
  facet normal -0.838336706 -0.543985724 -0.0356533751
    outer loop
      vertex 0.0764198452 -0.0314696617 0.0871226862
      vertex 0.076707013 -0.0319084302 0.0870649219
      vertex 0.076707013 -0.0319688879 0.0879873633
    endloop
  endfacet
  facet normal -0.838335991 -0.543986559 -0.0356540792
    outer loop
      vertex 0.0764198452 -0.0314696617 0.0871226862
      vertex 0.076707013 -0.0319688879 0.0879873633
      vertex 0.0764198452 -0.0315263346 0.0879873633
    endloop
  endfacet
  facet normal 0.838332534 -0.543992102 -0.0356544256
    outer loop
      vertex 0.0785804763 -0.0319084525 0.0870649219
      vertex 0.0788676441 -0.0314696915 0.0871226862
      vertex 0.0788676441 -0.0315263644 0.0879873633
    endloop
  endfacet
  facet normal 0.838333905 -0.543989778 -0.0356558301
    outer loop
      vertex 0.0785804763 -0.0319084525 0.0870649219
      vertex 0.0788676441 -0.0315263644 0.0879873633
      vertex 0.0785804763 -0.031968914 0.0879873633
    endloop
  endfacet
  facet normal -0.999779463 -0.020956656 -0.00137359917
    outer loop
      vertex 0.0751960278 -0.0249017682 0.0879873633
      vertex 0.0752169564 -0.025891671 0.0878570378
      vertex 0.0752169564 -0.025900213 0.0879873633
    endloop
  endfacet
  facet normal 0.99797076 -0.0635381639 -0.00416457979
    outer loop
      vertex 0.0800081939 -0.0268646926 0.0877289474
      vertex 0.0800706744 -0.0258917287 0.0878570378
      vertex 0.0800706744 -0.0259002708 0.0879873633
    endloop
  endfacet
  facet normal 0.997970641 -0.0635382012 -0.0041644047
    outer loop
      vertex 0.0800081939 -0.0268646926 0.0877289474
      vertex 0.0800706744 -0.0259002708 0.0879873633
      vertex 0.0800081939 -0.0268816296 0.0879873633
    endloop
  endfacet
  facet normal -0.901550293 -0.431748092 -0.0282977112
    outer loop
      vertex 0.0761536285 -0.0309185199 0.0871952474
      vertex 0.0764198452 -0.0314696617 0.0871226862
      vertex 0.0764198452 -0.0315263346 0.0879873633
    endloop
  endfacet
  facet normal -0.901549518 -0.431749552 -0.0282990951
    outer loop
      vertex 0.0761536285 -0.0309185199 0.0871952474
      vertex 0.0764198452 -0.0315263346 0.0879873633
      vertex 0.0761536285 -0.0309704393 0.0879873633
    endloop
  endfacet
  facet normal 0.726905942 -0.685266614 -0.0449158363
    outer loop
      vertex 0.078277275 -0.0322273262 0.0870229453
      vertex 0.0785804763 -0.0319084525 0.0870649219
      vertex 0.0785804763 -0.031968914 0.0879873633
    endloop
  endfacet
  facet normal 0.726903796 -0.685268998 -0.0449144952
    outer loop
      vertex 0.078277275 -0.0322273262 0.0870229453
      vertex 0.0785804763 -0.031968914 0.0879873633
      vertex 0.078277275 -0.0322905369 0.0879873633
    endloop
  endfacet
  facet normal 0.994126081 -0.107996695 -0.00707828812
    outer loop
      vertex 0.0799052641 -0.0278040711 0.0876052752
      vertex 0.0800081939 -0.0268646926 0.0877289474
      vertex 0.0800081939 -0.0268816296 0.0879873633
    endloop
  endfacet
  facet normal 0.994126022 -0.107996628 -0.00707844086
    outer loop
      vertex 0.0799052641 -0.0278040711 0.0876052752
      vertex 0.0800081939 -0.0268816296 0.0879873633
      vertex 0.0799052641 -0.0278291143 0.0879873633
    endloop
  endfacet
  facet normal -0.939182043 -0.342684299 -0.0224613063
    outer loop
      vertex 0.0759129077 -0.0302644297 0.0872813612
      vertex 0.0761536285 -0.0309185199 0.0871952474
      vertex 0.0761536285 -0.0309704393 0.0879873633
    endloop
  endfacet
  facet normal -0.939182281 -0.342683673 -0.0224606115
    outer loop
      vertex 0.0759129077 -0.0302644297 0.0872813612
      vertex 0.0761536285 -0.0309704393 0.0879873633
      vertex 0.0759129077 -0.0303107034 0.0879873633
    endloop
  endfacet
  facet normal 0.527095199 -0.847986758 -0.0555794723
    outer loop
      vertex 0.0779632404 -0.032420855 0.0869974643
      vertex 0.078277275 -0.0322273262 0.0870229453
      vertex 0.078277275 -0.0322905369 0.0879873633
    endloop
  endfacet
  facet normal 0.527100205 -0.847983539 -0.0555814654
    outer loop
      vertex 0.0779632404 -0.032420855 0.0869974643
      vertex 0.078277275 -0.0322905369 0.0879873633
      vertex 0.0779632404 -0.0324857384 0.0879873633
    endloop
  endfacet
  facet normal 0.987722576 -0.155883595 -0.010217065
    outer loop
      vertex 0.079763636 -0.0286937896 0.0874881446
      vertex 0.0799052641 -0.0278040711 0.0876052752
      vertex 0.0799052641 -0.0278291143 0.0879873633
    endloop
  endfacet
  facet normal 0.987722635 -0.155883461 -0.0102173192
    outer loop
      vertex 0.079763636 -0.0286937896 0.0874881446
      vertex 0.0799052641 -0.0278291143 0.0879873633
      vertex 0.079763636 -0.0287265107 0.0879873633
    endloop
  endfacet
  facet normal -0.962658346 -0.270139813 -0.0177058522
    outer loop
      vertex 0.075701803 -0.0295185819 0.0873795524
      vertex 0.0759129077 -0.0302644297 0.0872813612
      vertex 0.0759129077 -0.0303107034 0.0879873633
    endloop
  endfacet
  facet normal -0.962658465 -0.270139277 -0.0177051369
    outer loop
      vertex 0.075701803 -0.0295185819 0.0873795524
      vertex 0.0759129077 -0.0303107034 0.0879873633
      vertex 0.075701803 -0.0295584183 0.0879873633
    endloop
  endfacet
  facet normal 0.200228512 -0.977651358 -0.064080596
    outer loop
      vertex 0.0776437372 -0.0324857309 0.0869889185
      vertex 0.0779632404 -0.032420855 0.0869974643
      vertex 0.0779632404 -0.0324857384 0.0879873633
    endloop
  endfacet
  facet normal 0.200224593 -0.977652311 -0.0640793443
    outer loop
      vertex 0.0776437372 -0.0324857309 0.0869889185
      vertex 0.0779632404 -0.0324857384 0.0879873633
      vertex 0.0776437372 -0.0325511731 0.0879873633
    endloop
  endfacet
  facet normal 0.97780174 -0.209083647 -0.0137042878
    outer loop
      vertex 0.0795857385 -0.0295186285 0.0873795524
      vertex 0.079763636 -0.0286937896 0.0874881446
      vertex 0.079763636 -0.0287265107 0.0879873633
    endloop
  endfacet
  facet normal 0.97780174 -0.209083766 -0.0137041509
    outer loop
      vertex 0.0795857385 -0.0295186285 0.0873795524
      vertex 0.079763636 -0.0287265107 0.0879873633
      vertex 0.0795857385 -0.0295584667 0.0879873633
    endloop
  endfacet
  facet normal -0.977807283 -0.209057719 -0.0137017975
    outer loop
      vertex 0.0755239278 -0.0286937393 0.0874881446
      vertex 0.075701803 -0.0295185819 0.0873795524
      vertex 0.075701803 -0.0295584183 0.0879873633
    endloop
  endfacet
  facet normal -0.977807164 -0.20905818 -0.0137026338
    outer loop
      vertex 0.0755239278 -0.0286937393 0.0874881446
      vertex 0.075701803 -0.0295584183 0.0879873633
      vertex 0.0755239278 -0.0287264604 0.0879873633
    endloop
  endfacet
  facet normal -0.200250402 -0.977647007 -0.0640790015
    outer loop
      vertex 0.0773242339 -0.0324208476 0.0869974643
      vertex 0.0776437372 -0.0324857309 0.0869889185
      vertex 0.0776437372 -0.0325511731 0.0879873633
    endloop
  endfacet
  facet normal -0.200257421 -0.977645695 -0.0640765503
    outer loop
      vertex 0.0773242339 -0.0324208476 0.0869974643
      vertex 0.0776437372 -0.0325511731 0.0879873633
      vertex 0.0773242339 -0.0324857272 0.0879873633
    endloop
  endfacet
  facet normal 0.962652862 -0.270159185 -0.0177072641
    outer loop
      vertex 0.0793746188 -0.0302644707 0.0872813538
      vertex 0.0795857385 -0.0295186285 0.0873795524
      vertex 0.0795857385 -0.0295584667 0.0879873633
    endloop
  endfacet
  facet normal 0.962652802 -0.270159453 -0.0177069493
    outer loop
      vertex 0.0793746188 -0.0302644707 0.0872813538
      vertex 0.0795857385 -0.0295584667 0.0879873633
      vertex 0.0793746188 -0.0303107444 0.0879873633
    endloop
  endfacet
  facet normal -0.98772645 -0.155858919 -0.0102157062
    outer loop
      vertex 0.0753823221 -0.0278040171 0.0876052752
      vertex 0.0755239278 -0.0286937393 0.0874881446
      vertex 0.0755239278 -0.0287264604 0.0879873633
    endloop
  endfacet
  facet normal -0.987726569 -0.155858845 -0.0102154817
    outer loop
      vertex 0.0753823221 -0.0278040171 0.0876052752
      vertex 0.0755239278 -0.0287264604 0.0879873633
      vertex 0.0753823221 -0.0278290603 0.0879873633
    endloop
  endfacet
  facet normal -0.527116954 -0.847973287 -0.0555775985
    outer loop
      vertex 0.0770101994 -0.0322273076 0.0870229453
      vertex 0.0773242339 -0.0324208476 0.0869974643
      vertex 0.0773242339 -0.0324857272 0.0879873633
    endloop
  endfacet
  facet normal -0.527107418 -0.847979009 -0.0555822514
    outer loop
      vertex 0.0770101994 -0.0322273076 0.0870229453
      vertex 0.0773242339 -0.0324857272 0.0879873633
      vertex 0.0770101994 -0.032290522 0.0879873633
    endloop
  endfacet
  facet normal 0.939174175 -0.342705905 -0.0224618372
    outer loop
      vertex 0.0791338831 -0.0309185553 0.0871952474
      vertex 0.0793746188 -0.0302644707 0.0872813538
      vertex 0.0793746188 -0.0303107444 0.0879873633
    endloop
  endfacet
  facet normal 0.939171314 -0.342714369 -0.0224544369
    outer loop
      vertex 0.0791338831 -0.0309185553 0.0871952474
      vertex 0.0793746188 -0.0303107444 0.0879873633
      vertex 0.0791338757 -0.0309704747 0.0879873633
    endloop
  endfacet
  facet normal -0.994128644 -0.107973292 -0.00707691303
    outer loop
      vertex 0.0752794147 -0.0268646367 0.0877289474
      vertex 0.0753823221 -0.0278040171 0.0876052752
      vertex 0.0753823221 -0.0278290603 0.0879873633
    endloop
  endfacet
  facet normal -0.994128644 -0.107973255 -0.00707675563
    outer loop
      vertex 0.0752794147 -0.0268646367 0.0877289474
      vertex 0.0753823221 -0.0278290603 0.0879873633
      vertex 0.0752794147 -0.0268815737 0.0879873633
    endloop
  endfacet
  facet normal -0.726926863 -0.68524456 -0.044915542
    outer loop
      vertex 0.076707013 -0.0319084302 0.0870649219
      vertex 0.0770101994 -0.0322273076 0.0870229453
      vertex 0.0770101994 -0.032290522 0.0879873633
    endloop
  endfacet
  facet normal -0.726932585 -0.685238659 -0.0449112281
    outer loop
      vertex 0.076707013 -0.0319084302 0.0870649219
      vertex 0.0770101994 -0.032290522 0.0879873633
      vertex 0.076707013 -0.0319688879 0.0879873633
    endloop
  endfacet
  facet normal 0.9015342 -0.431781948 -0.0282927491
    outer loop
      vertex 0.0788676441 -0.0314696915 0.0871226862
      vertex 0.0791338831 -0.0309185553 0.0871952474
      vertex 0.0791338757 -0.0309704747 0.0879873633
    endloop
  endfacet
  facet normal 0.901538372 -0.431772709 -0.0282993335
    outer loop
      vertex 0.0788676441 -0.0314696915 0.0871226862
      vertex 0.0791338757 -0.0309704747 0.0879873633
      vertex 0.0788676441 -0.0315263644 0.0879873633
    endloop
  endfacet
  facet normal -0.997972131 -0.0635154247 -0.00416290853
    outer loop
      vertex 0.0752169564 -0.025891671 0.0878570378
      vertex 0.0752794147 -0.0268646367 0.0877289474
      vertex 0.0752794147 -0.0268815737 0.0879873633
    endloop
  endfacet
  facet normal -0.99797225 -0.0635154471 -0.00416307244
    outer loop
      vertex 0.0752169564 -0.025891671 0.0878570378
      vertex 0.0752794147 -0.0268815737 0.0879873633
      vertex 0.0752169564 -0.025900213 0.0879873633
    endloop
  endfacet
  facet normal 0.987722635 -0.155883461 0.0102170976
    outer loop
      vertex 0.079763636 -0.0287265107 0.0879873633
      vertex 0.0799052641 -0.0278291143 0.0879873633
      vertex 0.0799052641 -0.0278040711 0.0883694515
    endloop
  endfacet
  facet normal 0.987722576 -0.155883506 0.0102171684
    outer loop
      vertex 0.079763636 -0.0287265107 0.0879873633
      vertex 0.0799052641 -0.0278040711 0.0883694515
      vertex 0.079763636 -0.0286937896 0.0884865895
    endloop
  endfacet
  facet normal -0.962658465 -0.270139307 0.0177056305
    outer loop
      vertex 0.075701803 -0.0295584183 0.0879873633
      vertex 0.0759129077 -0.0303107034 0.0879873633
      vertex 0.0759129077 -0.0302644297 0.0886933729
    endloop
  endfacet
  facet normal -0.962658405 -0.270139188 0.0177057385
    outer loop
      vertex 0.075701803 -0.0295584183 0.0879873633
      vertex 0.0759129077 -0.0302644297 0.0886933729
      vertex 0.075701803 -0.0295185801 0.0885951817
    endloop
  endfacet
  facet normal 0.200224563 -0.977652192 0.0640801713
    outer loop
      vertex 0.0776437372 -0.0325511731 0.0879873633
      vertex 0.0779632404 -0.0324857384 0.0879873633
      vertex 0.0779632404 -0.032420855 0.0889772698
    endloop
  endfacet
  facet normal 0.200227082 -0.977651834 0.0640793145
    outer loop
      vertex 0.0776437372 -0.0325511731 0.0879873633
      vertex 0.0779632404 -0.032420855 0.0889772698
      vertex 0.0776437372 -0.0324857309 0.0889858082
    endloop
  endfacet
  facet normal 0.97780174 -0.209083751 0.0137040894
    outer loop
      vertex 0.0795857385 -0.0295584667 0.0879873633
      vertex 0.079763636 -0.0287265107 0.0879873633
      vertex 0.079763636 -0.0286937896 0.0884865895
    endloop
  endfacet
  facet normal 0.977801681 -0.209084064 0.0137046427
    outer loop
      vertex 0.0795857385 -0.0295584667 0.0879873633
      vertex 0.079763636 -0.0286937896 0.0884865895
      vertex 0.0795857385 -0.0295186266 0.0885951817
    endloop
  endfacet
  facet normal -0.977807164 -0.209058195 0.013702319
    outer loop
      vertex 0.0755239278 -0.0287264604 0.0879873633
      vertex 0.075701803 -0.0295584183 0.0879873633
      vertex 0.075701803 -0.0295185801 0.0885951817
    endloop
  endfacet
  facet normal -0.977807164 -0.209058076 0.0137024233
    outer loop
      vertex 0.0755239278 -0.0287264604 0.0879873633
      vertex 0.075701803 -0.0295185801 0.0885951817
      vertex 0.0755239278 -0.0286937393 0.0884865895
    endloop
  endfacet
  facet normal -0.200257421 -0.977645576 0.0640789121
    outer loop
      vertex 0.0773242339 -0.0324857272 0.0879873633
      vertex 0.0776437372 -0.0325511731 0.0879873633
      vertex 0.0776437372 -0.0324857309 0.0889858082
    endloop
  endfacet
  facet normal -0.200248927 -0.977647543 0.0640761852
    outer loop
      vertex 0.0773242339 -0.0324857272 0.0879873633
      vertex 0.0776437372 -0.0324857309 0.0889858082
      vertex 0.0773242339 -0.0324208476 0.0889772698
    endloop
  endfacet
  facet normal 0.962652683 -0.270159423 0.0177079029
    outer loop
      vertex 0.0793746188 -0.0303107444 0.0879873633
      vertex 0.0795857385 -0.0295584667 0.0879873633
      vertex 0.0795857385 -0.0295186266 0.0885951817
    endloop
  endfacet
  facet normal 0.962652981 -0.270158738 0.0177069027
    outer loop
      vertex 0.0793746188 -0.0303107444 0.0879873633
      vertex 0.0795857385 -0.0295186266 0.0885951817
      vertex 0.0793746188 -0.0302644707 0.0886933729
    endloop
  endfacet
  facet normal -0.98772651 -0.155858859 0.0102155488
    outer loop
      vertex 0.0753823221 -0.0278290603 0.0879873633
      vertex 0.0755239278 -0.0287264604 0.0879873633
      vertex 0.0755239278 -0.0286937393 0.0884865895
    endloop
  endfacet
  facet normal -0.987726569 -0.155858874 0.0102154836
    outer loop
      vertex 0.0753823221 -0.0278290603 0.0879873633
      vertex 0.0755239278 -0.0286937393 0.0884865895
      vertex 0.0753823221 -0.0278040171 0.0883694515
    endloop
  endfacet
  facet normal -0.527107596 -0.847979248 0.055577565
    outer loop
      vertex 0.0770101994 -0.032290522 0.0879873633
      vertex 0.0773242339 -0.0324857272 0.0879873633
      vertex 0.0773242339 -0.0324208476 0.0889772698
    endloop
  endfacet
  facet normal -0.527117133 -0.847973049 0.0555814318
    outer loop
      vertex 0.0770101994 -0.032290522 0.0879873633
      vertex 0.0773242339 -0.0324208476 0.0889772698
      vertex 0.0770101994 -0.0322273076 0.0889517888
    endloop
  endfacet
  facet normal 0.939171076 -0.342714339 0.022462381
    outer loop
      vertex 0.0791338757 -0.0309704747 0.0879873633
      vertex 0.0793746188 -0.0303107444 0.0879873633
      vertex 0.0793746188 -0.0302644707 0.0886933729
    endloop
  endfacet
  facet normal 0.939174235 -0.342706144 0.022453092
    outer loop
      vertex 0.0791338757 -0.0309704747 0.0879873633
      vertex 0.0793746188 -0.0302644707 0.0886933729
      vertex 0.0791338831 -0.0309185572 0.0887794793
    endloop
  endfacet
  facet normal -0.994128585 -0.107973248 0.0070769107
    outer loop
      vertex 0.0752794147 -0.0268815737 0.0879873633
      vertex 0.0753823221 -0.0278290603 0.0879873633
      vertex 0.0753823221 -0.0278040171 0.0883694515
    endloop
  endfacet
  facet normal -0.994128644 -0.107973322 0.00707675982
    outer loop
      vertex 0.0752794147 -0.0268815737 0.0879873633
      vertex 0.0753823221 -0.0278040171 0.0883694515
      vertex 0.0752794147 -0.0268646367 0.0882457793
    endloop
  endfacet
  facet normal -0.726932526 -0.68523854 0.0449148044
    outer loop
      vertex 0.076707013 -0.0319688879 0.0879873633
      vertex 0.0770101994 -0.032290522 0.0879873633
      vertex 0.0770101994 -0.0322273076 0.0889517888
    endloop
  endfacet
  facet normal -0.72692728 -0.685244381 0.0449116044
    outer loop
      vertex 0.076707013 -0.0319688879 0.0879873633
      vertex 0.0770101994 -0.0322273076 0.0889517888
      vertex 0.076707013 -0.0319084302 0.0889098048
    endloop
  endfacet
  facet normal 0.901538551 -0.431772798 0.0282911249
    outer loop
      vertex 0.0788676441 -0.0315263644 0.0879873633
      vertex 0.0791338757 -0.0309704747 0.0879873633
      vertex 0.0791338831 -0.0309185572 0.0887794793
    endloop
  endfacet
  facet normal 0.901533842 -0.431782246 0.0282999575
    outer loop
      vertex 0.0788676441 -0.0315263644 0.0879873633
      vertex 0.0791338831 -0.0309185572 0.0887794793
      vertex 0.0788676441 -0.0314696915 0.0888520405
    endloop
  endfacet
  facet normal -0.997972071 -0.0635154396 0.00416290993
    outer loop
      vertex 0.0752169564 -0.025900213 0.0879873633
      vertex 0.0752794147 -0.0268815737 0.0879873633
      vertex 0.0752794147 -0.0268646367 0.0882457793
    endloop
  endfacet
  facet normal -0.99797219 -0.0635154098 0.00416307012
    outer loop
      vertex 0.0752169564 -0.025900213 0.0879873633
      vertex 0.0752794147 -0.0268646367 0.0882457793
      vertex 0.0752169564 -0.025891671 0.0881176889
    endloop
  endfacet
  facet normal 0.999778986 -0.0209790654 0.00137505715
    outer loop
      vertex 0.0800706744 -0.0259002708 0.0879873633
      vertex 0.0800916255 -0.0249018278 0.0879873633
      vertex 0.0800706744 -0.0258917287 0.0881176889
    endloop
  endfacet
  facet normal -0.83833611 -0.543986559 0.0356534347
    outer loop
      vertex 0.0764198452 -0.0315263346 0.0879873633
      vertex 0.076707013 -0.0319688879 0.0879873633
      vertex 0.076707013 -0.0319084302 0.0889098048
    endloop
  endfacet
  facet normal -0.838336706 -0.543985665 0.0356540158
    outer loop
      vertex 0.0764198452 -0.0315263346 0.0879873633
      vertex 0.076707013 -0.0319084302 0.0889098048
      vertex 0.0764198452 -0.0314696617 0.0888520405
    endloop
  endfacet
  facet normal 0.838333964 -0.543989778 0.0356542878
    outer loop
      vertex 0.0785804763 -0.031968914 0.0879873633
      vertex 0.0788676441 -0.0315263644 0.0879873633
      vertex 0.0788676441 -0.0314696915 0.0888520405
    endloop
  endfacet
  facet normal 0.838332593 -0.543991864 0.0356559679
    outer loop
      vertex 0.0785804763 -0.031968914 0.0879873633
      vertex 0.0788676441 -0.0314696915 0.0888520405
      vertex 0.0785804763 -0.0319084525 0.0889098048
    endloop
  endfacet
  facet normal -0.999779463 -0.020956656 0.00137359917
    outer loop
      vertex 0.0751960278 -0.0249017682 0.0879873633
      vertex 0.0752169564 -0.025900213 0.0879873633
      vertex 0.0752169564 -0.025891671 0.0881176889
    endloop
  endfacet
  facet normal 0.99797076 -0.0635382086 0.00416452717
    outer loop
      vertex 0.0800081939 -0.0268816296 0.0879873633
      vertex 0.0800706744 -0.0259002708 0.0879873633
      vertex 0.0800706744 -0.0258917287 0.0881176889
    endloop
  endfacet
  facet normal 0.997970641 -0.0635381863 0.0041644033
    outer loop
      vertex 0.0800081939 -0.0268816296 0.0879873633
      vertex 0.0800706744 -0.0258917287 0.0881176889
      vertex 0.0800081939 -0.0268646926 0.0882457793
    endloop
  endfacet
  facet normal -0.901549518 -0.431749552 0.0282978062
    outer loop
      vertex 0.0761536285 -0.0309704393 0.0879873633
      vertex 0.0764198452 -0.0315263346 0.0879873633
      vertex 0.0764198452 -0.0314696617 0.0888520405
    endloop
  endfacet
  facet normal -0.901550293 -0.431747943 0.0282989889
    outer loop
      vertex 0.0761536285 -0.0309704393 0.0879873633
      vertex 0.0764198452 -0.0314696617 0.0888520405
      vertex 0.0761536285 -0.0309185199 0.0887794793
    endloop
  endfacet
  facet normal 0.726903677 -0.685268939 0.0449159704
    outer loop
      vertex 0.078277275 -0.0322905369 0.0879873633
      vertex 0.0785804763 -0.031968914 0.0879873633
      vertex 0.0785804763 -0.0319084525 0.0889098048
    endloop
  endfacet
  facet normal 0.726906478 -0.685266256 0.0449139699
    outer loop
      vertex 0.078277275 -0.0322905369 0.0879873633
      vertex 0.0785804763 -0.0319084525 0.0889098048
      vertex 0.078277275 -0.0322273262 0.0889517888
    endloop
  endfacet
  facet normal 0.994126081 -0.107996643 0.00707831327
    outer loop
      vertex 0.0799052641 -0.0278291143 0.0879873633
      vertex 0.0800081939 -0.0268816296 0.0879873633
      vertex 0.0800081939 -0.0268646926 0.0882457793
    endloop
  endfacet
  facet normal 0.994126022 -0.107996672 0.00707844319
    outer loop
      vertex 0.0799052641 -0.0278291143 0.0879873633
      vertex 0.0800081939 -0.0268646926 0.0882457793
      vertex 0.0799052641 -0.0278040711 0.0883694515
    endloop
  endfacet
  facet normal -0.939182341 -0.342683703 0.0224612672
    outer loop
      vertex 0.0759129077 -0.0303107034 0.0879873633
      vertex 0.0761536285 -0.0309704393 0.0879873633
      vertex 0.0761536285 -0.0309185199 0.0887794793
    endloop
  endfacet
  facet normal -0.939181924 -0.342684627 0.0224604364
    outer loop
      vertex 0.0759129077 -0.0303107034 0.0879873633
      vertex 0.0761536285 -0.0309185199 0.0887794793
      vertex 0.0759129077 -0.0302644297 0.0886933729
    endloop
  endfacet
  facet normal 0.527100205 -0.847983658 0.0555788428
    outer loop
      vertex 0.0779632404 -0.0324857384 0.0879873633
      vertex 0.078277275 -0.0322905369 0.0879873633
      vertex 0.078277275 -0.0322273262 0.0889517888
    endloop
  endfacet
  facet normal 0.527095318 -0.847986579 0.0555812456
    outer loop
      vertex 0.0779632404 -0.0324857384 0.0879873633
      vertex 0.078277275 -0.0322273262 0.0889517888
      vertex 0.0779632404 -0.032420855 0.0889772698
    endloop
  endfacet
  facet normal -0.527117193 -0.833463728 0.165787712
    outer loop
      vertex 0.0770101994 -0.0322273076 0.0889517888
      vertex 0.0773242339 -0.0324208476 0.0889772698
      vertex 0.0773242339 -0.0322273113 0.0899502337
    endloop
  endfacet
  facet normal -0.527119935 -0.83346194 0.165788591
    outer loop
      vertex 0.0770101994 -0.0322273076 0.0889517888
      vertex 0.0773242339 -0.0322273113 0.0899502337
      vertex 0.0770102069 -0.0320387557 0.0898997113
    endloop
  endfacet
  facet normal 0.939174414 -0.336841643 0.0670015961
    outer loop
      vertex 0.0791338831 -0.0309185572 0.0887794793
      vertex 0.0793746188 -0.0302644707 0.0886933729
      vertex 0.0793746188 -0.0301264413 0.0893872976
    endloop
  endfacet
  facet normal 0.939174414 -0.336841434 0.0670012981
    outer loop
      vertex 0.0791338831 -0.0309185572 0.0887794793
      vertex 0.0793746188 -0.0301264413 0.0893872976
      vertex 0.0791338831 -0.0307636913 0.08955805
    endloop
  endfacet
  facet normal -0.994128525 -0.106125854 0.0211094767
    outer loop
      vertex 0.0752794147 -0.0268646367 0.0882457793
      vertex 0.0753823221 -0.0278040171 0.0883694515
      vertex 0.0753823221 -0.0277293157 0.0887450054
    endloop
  endfacet
  facet normal -0.994128644 -0.106125526 0.0211100783
    outer loop
      vertex 0.0752794147 -0.0268646367 0.0882457793
      vertex 0.0753823221 -0.0277293157 0.0887450054
      vertex 0.0752794147 -0.0268141124 0.088499777
    endloop
  endfacet
  facet normal -0.726927519 -0.6735183 0.13397564
    outer loop
      vertex 0.076707013 -0.0319084302 0.0889098048
      vertex 0.0770101994 -0.0322273076 0.0889517888
      vertex 0.0770102069 -0.0320387557 0.0898997113
    endloop
  endfacet
  facet normal -0.72691983 -0.6735273 0.133972108
    outer loop
      vertex 0.076707013 -0.0319084302 0.0889098048
      vertex 0.0770102069 -0.0320387557 0.0898997113
      vertex 0.076707013 -0.0317280851 0.089816466
    endloop
  endfacet
  facet normal 0.901533961 -0.424394131 0.0844164416
    outer loop
      vertex 0.0788676441 -0.0314696915 0.0888520405
      vertex 0.0791338831 -0.0309185572 0.0887794793
      vertex 0.0791338831 -0.0307636913 0.08955805
    endloop
  endfacet
  facet normal 0.901537478 -0.424388111 0.0844091251
    outer loop
      vertex 0.0788676441 -0.0314696915 0.0888520405
      vertex 0.0791338831 -0.0307636913 0.08955805
      vertex 0.0788676515 -0.0313006379 0.0897019207
    endloop
  endfacet
  facet normal -0.997972131 -0.0624286346 0.0124180671
    outer loop
      vertex 0.0752169564 -0.025891671 0.0881176889
      vertex 0.0752794147 -0.0268646367 0.0882457793
      vertex 0.0752794147 -0.0268141124 0.088499777
    endloop
  endfacet
  facet normal -0.997972131 -0.0624286644 0.0124180093
    outer loop
      vertex 0.0752169564 -0.025891671 0.0881176889
      vertex 0.0752794147 -0.0268141124 0.088499777
      vertex 0.0752169564 -0.0258661918 0.0882457793
    endloop
  endfacet
  facet normal 0.999779046 -0.0206200983 0.00410165079
    outer loop
      vertex 0.0800706744 -0.0258917287 0.0881176889
      vertex 0.0800916255 -0.0249018278 0.0879873633
      vertex 0.0800706744 -0.0258662496 0.0882457793
    endloop
  endfacet
  facet normal -0.838336706 -0.534677982 0.10635341
    outer loop
      vertex 0.0764198452 -0.0314696617 0.0888520405
      vertex 0.076707013 -0.0319084302 0.0889098048
      vertex 0.076707013 -0.0317280851 0.089816466
    endloop
  endfacet
  facet normal -0.838342965 -0.534667253 0.106358178
    outer loop
      vertex 0.0764198452 -0.0314696617 0.0888520405
      vertex 0.076707013 -0.0317280851 0.089816466
      vertex 0.0764198527 -0.0313006118 0.0897019207
    endloop
  endfacet
  facet normal 0.838332713 -0.534684956 0.106349364
    outer loop
      vertex 0.0785804763 -0.0319084525 0.0889098048
      vertex 0.0788676441 -0.0314696915 0.0888520405
      vertex 0.0788676515 -0.0313006379 0.0897019207
    endloop
  endfacet
  facet normal 0.838327765 -0.534691393 0.106356092
    outer loop
      vertex 0.0785804763 -0.0319084525 0.0889098048
      vertex 0.0788676515 -0.0313006379 0.0897019207
      vertex 0.0785804763 -0.0317281075 0.089816466
    endloop
  endfacet
  facet normal -0.999779463 -0.0205980726 0.00409727031
    outer loop
      vertex 0.0751960278 -0.0249017682 0.0879873633
      vertex 0.0752169564 -0.025891671 0.0881176889
      vertex 0.0752169564 -0.0258661918 0.0882457793
    endloop
  endfacet
  facet normal 0.9979707 -0.0624510124 0.0124224517
    outer loop
      vertex 0.0800081939 -0.0268646926 0.0882457793
      vertex 0.0800706744 -0.0258917287 0.0881176889
      vertex 0.0800706744 -0.0258662496 0.0882457793
    endloop
  endfacet
  facet normal 0.9979707 -0.0624510124 0.012422055
    outer loop
      vertex 0.0800081939 -0.0268646926 0.0882457793
      vertex 0.0800706744 -0.0258662496 0.0882457793
      vertex 0.0800081939 -0.0268141702 0.088499777
    endloop
  endfacet
  facet normal -0.901550174 -0.42435953 0.0844173953
    outer loop
      vertex 0.0761536285 -0.0309185199 0.0887794793
      vertex 0.0764198452 -0.0314696617 0.0888520405
      vertex 0.0764198527 -0.0313006118 0.0897019207
    endloop
  endfacet
  facet normal -0.901545644 -0.42437017 0.0844116807
    outer loop
      vertex 0.0761536285 -0.0309185199 0.0887794793
      vertex 0.0764198527 -0.0313006118 0.0897019207
      vertex 0.0761536285 -0.030763654 0.08955805
    endloop
  endfacet
  facet normal 0.726907015 -0.673540652 0.133974746
    outer loop
      vertex 0.078277275 -0.0322273262 0.0889517888
      vertex 0.0785804763 -0.0319084525 0.0889098048
      vertex 0.0785804763 -0.0317281075 0.089816466
    endloop
  endfacet
  facet normal 0.726903737 -0.673543692 0.133977637
    outer loop
      vertex 0.078277275 -0.0322273262 0.0889517888
      vertex 0.0785804763 -0.0317281075 0.089816466
      vertex 0.078277275 -0.0320387706 0.0898997113
    endloop
  endfacet
  facet normal 0.994126081 -0.106148861 0.0211139359
    outer loop
      vertex 0.0799052641 -0.0278040711 0.0883694515
      vertex 0.0800081939 -0.0268646926 0.0882457793
      vertex 0.0800081939 -0.0268141702 0.088499777
    endloop
  endfacet
  facet normal 0.994126081 -0.106148876 0.0211140569
    outer loop
      vertex 0.0799052641 -0.0278040711 0.0883694515
      vertex 0.0800081939 -0.0268141702 0.088499777
      vertex 0.0799052641 -0.0277293697 0.0887450054
    endloop
  endfacet
  facet normal -0.939181805 -0.336821616 0.0669973344
    outer loop
      vertex 0.0759129077 -0.0302644297 0.0886933729
      vertex 0.0761536285 -0.0309185199 0.0887794793
      vertex 0.0761536285 -0.030763654 0.08955805
    endloop
  endfacet
  facet normal -0.939182281 -0.336820245 0.0669982508
    outer loop
      vertex 0.0759129077 -0.0302644297 0.0886933729
      vertex 0.0761536285 -0.030763654 0.08955805
      vertex 0.0759129077 -0.0301263984 0.0893872976
    endloop
  endfacet
  facet normal 0.527095854 -0.833476782 0.165790662
    outer loop
      vertex 0.0779632404 -0.032420855 0.0889772698
      vertex 0.078277275 -0.0322273262 0.0889517888
      vertex 0.078277275 -0.0320387706 0.0898997113
    endloop
  endfacet
  facet normal 0.52709657 -0.833476305 0.165790245
    outer loop
      vertex 0.0779632404 -0.032420855 0.0889772698
      vertex 0.078277275 -0.0320387706 0.0898997113
      vertex 0.0779632404 -0.0322273187 0.0899502337
    endloop
  endfacet
  facet normal 0.987722635 -0.153216258 0.0304762553
    outer loop
      vertex 0.079763636 -0.0286937896 0.0884865895
      vertex 0.0799052641 -0.0278040711 0.0883694515
      vertex 0.0799052641 -0.0277293697 0.0887450054
    endloop
  endfacet
  facet normal 0.987722576 -0.153216511 0.0304771904
    outer loop
      vertex 0.079763636 -0.0286937896 0.0884865895
      vertex 0.0799052641 -0.0277293697 0.0887450054
      vertex 0.079763636 -0.028596187 0.0889772624
    endloop
  endfacet
  facet normal -0.962658465 -0.265517026 0.0528150313
    outer loop
      vertex 0.075701803 -0.0295185801 0.0885951817
      vertex 0.0759129077 -0.0302644297 0.0886933729
      vertex 0.0759129077 -0.0301263984 0.0893872976
    endloop
  endfacet
  facet normal -0.962658465 -0.265517086 0.0528149977
    outer loop
      vertex 0.075701803 -0.0295185801 0.0885951817
      vertex 0.0759129077 -0.0301263984 0.0893872976
      vertex 0.075701803 -0.029399747 0.0891925916
    endloop
  endfacet
  facet normal 0.200226009 -0.960923791 0.191141322
    outer loop
      vertex 0.0776437372 -0.0324857309 0.0889858082
      vertex 0.0779632404 -0.032420855 0.0889772698
      vertex 0.0779632404 -0.0322273187 0.0899502337
    endloop
  endfacet
  facet normal 0.200229749 -0.960923254 0.191139951
    outer loop
      vertex 0.0776437372 -0.0324857309 0.0889858082
      vertex 0.0779632404 -0.0322273187 0.0899502337
      vertex 0.0776437372 -0.0322905257 0.0899671689
    endloop
  endfacet
  facet normal 0.977801681 -0.205506533 0.0408785082
    outer loop
      vertex 0.0795857385 -0.0295186266 0.0885951817
      vertex 0.079763636 -0.0286937896 0.0884865895
      vertex 0.079763636 -0.028596187 0.0889772624
    endloop
  endfacet
  facet normal 0.977801681 -0.205506355 0.0408780351
    outer loop
      vertex 0.0795857385 -0.0295186266 0.0885951817
      vertex 0.079763636 -0.028596187 0.0889772624
      vertex 0.0795857385 -0.0293997936 0.0891925916
    endloop
  endfacet
  facet normal -0.977807224 -0.205481052 0.0408729874
    outer loop
      vertex 0.0755239278 -0.0286937393 0.0884865895
      vertex 0.075701803 -0.0295185801 0.0885951817
      vertex 0.075701803 -0.029399747 0.0891925916
    endloop
  endfacet
  facet normal -0.977807283 -0.205480695 0.0408733636
    outer loop
      vertex 0.0755239278 -0.0286937393 0.0884865895
      vertex 0.075701803 -0.029399747 0.0891925916
      vertex 0.0755239278 -0.0285961367 0.0889772624
    endloop
  endfacet
  facet normal -0.200247541 -0.960919738 0.191139251
    outer loop
      vertex 0.0773242339 -0.0324208476 0.0889772698
      vertex 0.0776437372 -0.0324857309 0.0889858082
      vertex 0.0776437372 -0.0322905257 0.0899671689
    endloop
  endfacet
  facet normal -0.200251326 -0.960918725 0.191140339
    outer loop
      vertex 0.0773242339 -0.0324208476 0.0889772698
      vertex 0.0776437372 -0.0322905257 0.0899671689
      vertex 0.0773242339 -0.0322273113 0.0899502337
    endloop
  endfacet
  facet normal 0.962652922 -0.265536219 0.0528187901
    outer loop
      vertex 0.0793746188 -0.0302644707 0.0886933729
      vertex 0.0795857385 -0.0295186266 0.0885951817
      vertex 0.0795857385 -0.0293997936 0.0891925916
    endloop
  endfacet
  facet normal 0.9626531 -0.265535831 0.0528180748
    outer loop
      vertex 0.0793746188 -0.0302644707 0.0886933729
      vertex 0.0795857385 -0.0293997936 0.0891925916
      vertex 0.0793746188 -0.0301264413 0.0893872976
    endloop
  endfacet
  facet normal -0.98772645 -0.153191939 0.0304722954
    outer loop
      vertex 0.0753823221 -0.0278040171 0.0883694515
      vertex 0.0755239278 -0.0286937393 0.0884865895
      vertex 0.0755239278 -0.0285961367 0.0889772624
    endloop
  endfacet
  facet normal -0.98772645 -0.15319255 0.0304715056
    outer loop
      vertex 0.0753823221 -0.0278040171 0.0883694515
      vertex 0.0755239278 -0.0285961367 0.0889772624
      vertex 0.0753823221 -0.0277293157 0.0887450054
    endloop
  endfacet
  facet normal 0.99797076 -0.0602953285 0.0204671193
    outer loop
      vertex 0.0800081939 -0.0268141702 0.088499777
      vertex 0.0800706744 -0.0258662496 0.0882457793
      vertex 0.0800706744 -0.0258242693 0.0883694515
    endloop
  endfacet
  facet normal 0.9979707 -0.0602952726 0.0204673987
    outer loop
      vertex 0.0800081939 -0.0268141702 0.088499777
      vertex 0.0800706744 -0.0258242693 0.0883694515
      vertex 0.0800081939 -0.0267309267 0.0887450054
    endloop
  endfacet
  facet normal -0.901545405 -0.409721732 0.139082626
    outer loop
      vertex 0.0761536285 -0.030763654 0.08955805
      vertex 0.0764198527 -0.0313006118 0.0897019207
      vertex 0.0764198527 -0.0310220718 0.0905224681
    endloop
  endfacet
  facet normal -0.901549816 -0.409710616 0.139086798
    outer loop
      vertex 0.0761536285 -0.030763654 0.08955805
      vertex 0.0764198527 -0.0310220718 0.0905224681
      vertex 0.076153636 -0.0305084903 0.0903097391
    endloop
  endfacet
  facet normal 0.726904213 -0.65029496 0.220741197
    outer loop
      vertex 0.078277275 -0.0320387706 0.0898997113
      vertex 0.0785804763 -0.0317281075 0.089816466
      vertex 0.0785804838 -0.0314309597 0.0906918272
    endloop
  endfacet
  facet normal 0.726908147 -0.650291979 0.220737383
    outer loop
      vertex 0.078277275 -0.0320387706 0.0898997113
      vertex 0.0785804838 -0.0314309597 0.0906918272
      vertex 0.0782772824 -0.0317281038 0.0908149108
    endloop
  endfacet
  facet normal 0.994126022 -0.10248474 0.0347887501
    outer loop
      vertex 0.0799052641 -0.0277293697 0.0887450054
      vertex 0.0800081939 -0.0268141702 0.088499777
      vertex 0.0800081939 -0.0267309267 0.0887450054
    endloop
  endfacet
  facet normal 0.994126081 -0.102484733 0.0347893201
    outer loop
      vertex 0.0799052641 -0.0277293697 0.0887450054
      vertex 0.0800081939 -0.0267309267 0.0887450054
      vertex 0.0799052641 -0.027606288 0.0891075879
    endloop
  endfacet
  facet normal -0.939182103 -0.325191587 0.110396855
    outer loop
      vertex 0.0759129077 -0.0301263984 0.0893872976
      vertex 0.0761536285 -0.030763654 0.08955805
      vertex 0.076153636 -0.0305084903 0.0903097391
    endloop
  endfacet
  facet normal -0.93918258 -0.32518962 0.110397786
    outer loop
      vertex 0.0759129077 -0.0301263984 0.0893872976
      vertex 0.076153636 -0.0305084903 0.0903097391
      vertex 0.0759129152 -0.0298989732 0.0900572687
    endloop
  endfacet
  facet normal 0.527096868 -0.804707885 0.273155868
    outer loop
      vertex 0.0779632404 -0.0322273187 0.0899502337
      vertex 0.078277275 -0.0320387706 0.0898997113
      vertex 0.0782772824 -0.0317281038 0.0908149108
    endloop
  endfacet
  facet normal 0.527096987 -0.804707706 0.273155808
    outer loop
      vertex 0.0779632404 -0.0322273187 0.0899502337
      vertex 0.0782772824 -0.0317281038 0.0908149108
      vertex 0.0779632479 -0.0319084451 0.0908896104
    endloop
  endfacet
  facet normal 0.987722456 -0.147927806 0.0502153151
    outer loop
      vertex 0.079763636 -0.028596187 0.0889772624
      vertex 0.0799052641 -0.0277293697 0.0887450054
      vertex 0.0799052641 -0.027606288 0.0891075879
    endloop
  endfacet
  facet normal 0.987722576 -0.147927657 0.0502142087
    outer loop
      vertex 0.079763636 -0.028596187 0.0889772624
      vertex 0.0799052641 -0.027606288 0.0891075879
      vertex 0.079763636 -0.0284353737 0.0894510075
    endloop
  endfacet
  facet normal -0.962658167 -0.256349206 0.0870298073
    outer loop
      vertex 0.075701803 -0.029399747 0.0891925916
      vertex 0.0759129077 -0.0301263984 0.0893872976
      vertex 0.0759129152 -0.0298989732 0.0900572687
    endloop
  endfacet
  facet normal -0.962655783 -0.256361187 0.0870222747
    outer loop
      vertex 0.075701803 -0.029399747 0.0891925916
      vertex 0.0759129152 -0.0298989732 0.0900572687
      vertex 0.075701803 -0.0292039532 0.0897693858
    endloop
  endfacet
  facet normal 0.200229421 -0.927754819 0.314927042
    outer loop
      vertex 0.0776437372 -0.0322905257 0.0899671689
      vertex 0.0779632404 -0.0322273187 0.0899502337
      vertex 0.0779632479 -0.0319084451 0.0908896104
    endloop
  endfacet
  facet normal 0.200225756 -0.927755237 0.314928472
    outer loop
      vertex 0.0776437372 -0.0322905257 0.0899671689
      vertex 0.0779632479 -0.0319084451 0.0908896104
      vertex 0.0776437446 -0.0319688991 0.0909146518
    endloop
  endfacet
  facet normal 0.977801621 -0.198412687 0.0673514307
    outer loop
      vertex 0.0795857385 -0.0293997936 0.0891925916
      vertex 0.079763636 -0.028596187 0.0889772624
      vertex 0.079763636 -0.0284353737 0.0894510075
    endloop
  endfacet
  facet normal 0.97780329 -0.198409349 0.0673377737
    outer loop
      vertex 0.0795857385 -0.0293997936 0.0891925916
      vertex 0.079763636 -0.0284353737 0.0894510075
      vertex 0.0795857459 -0.0292039998 0.0897693858
    endloop
  endfacet
  facet normal -0.977807283 -0.19838804 0.0673431754
    outer loop
      vertex 0.0755239278 -0.0285961367 0.0889772624
      vertex 0.075701803 -0.029399747 0.0891925916
      vertex 0.075701803 -0.0292039532 0.0897693858
    endloop
  endfacet
  facet normal -0.977807283 -0.198388144 0.0673430786
    outer loop
      vertex 0.0755239278 -0.0285961367 0.0889772624
      vertex 0.075701803 -0.0292039532 0.0897693858
      vertex 0.0755239278 -0.0284353234 0.0894510075
    endloop
  endfacet
  facet normal -0.200250119 -0.927749515 0.314929694
    outer loop
      vertex 0.0773242339 -0.0322273113 0.0899502337
      vertex 0.0776437372 -0.0322905257 0.0899671689
      vertex 0.0776437446 -0.0319688991 0.0909146518
    endloop
  endfacet
  facet normal -0.200246498 -0.927750647 0.3149288
    outer loop
      vertex 0.0773242339 -0.0322273113 0.0899502337
      vertex 0.0776437446 -0.0319688991 0.0909146518
      vertex 0.0773242414 -0.0319084376 0.0908896104
    endloop
  endfacet
  facet normal 0.962653279 -0.256373107 0.0870138779
    outer loop
      vertex 0.0793746188 -0.0301264413 0.0893872976
      vertex 0.0795857385 -0.0293997936 0.0891925916
      vertex 0.0795857459 -0.0292039998 0.0897693858
    endloop
  endfacet
  facet normal 0.962650418 -0.25637874 0.0870291218
    outer loop
      vertex 0.0793746188 -0.0301264413 0.0893872976
      vertex 0.0795857459 -0.0292039998 0.0897693858
      vertex 0.0793746188 -0.029899016 0.0900572687
    endloop
  endfacet
  facet normal -0.98772651 -0.147904724 0.0502064191
    outer loop
      vertex 0.0753823221 -0.0277293157 0.0887450054
      vertex 0.0755239278 -0.0285961367 0.0889772624
      vertex 0.0755239278 -0.0284353234 0.0894510075
    endloop
  endfacet
  facet normal -0.987726569 -0.147903934 0.0502072535
    outer loop
      vertex 0.0753823221 -0.0277293157 0.0887450054
      vertex 0.0755239278 -0.0284353234 0.0894510075
      vertex 0.0753823221 -0.027606234 0.0891075879
    endloop
  endfacet
  facet normal -0.527119517 -0.80469203 0.273158848
    outer loop
      vertex 0.0770102069 -0.0320387557 0.0898997113
      vertex 0.0773242339 -0.0322273113 0.0899502337
      vertex 0.0773242414 -0.0319084376 0.0908896104
    endloop
  endfacet
  facet normal -0.527110934 -0.804698288 0.273156911
    outer loop
      vertex 0.0770102069 -0.0320387557 0.0898997113
      vertex 0.0773242414 -0.0319084376 0.0908896104
      vertex 0.0770102069 -0.0317280889 0.0908149108
    endloop
  endfacet
  facet normal 0.939174473 -0.32521385 0.110395566
    outer loop
      vertex 0.0791338831 -0.0307636913 0.08955805
      vertex 0.0793746188 -0.0301264413 0.0893872976
      vertex 0.0793746188 -0.029899016 0.0900572687
    endloop
  endfacet
  facet normal 0.939174414 -0.325214028 0.110395968
    outer loop
      vertex 0.0791338831 -0.0307636913 0.08955805
      vertex 0.0793746188 -0.029899016 0.0900572687
      vertex 0.0791338831 -0.0305085257 0.0903097391
    endloop
  endfacet
  facet normal -0.994128585 -0.102462232 0.0347816721
    outer loop
      vertex 0.0752794147 -0.0268141124 0.088499777
      vertex 0.0753823221 -0.0277293157 0.0887450054
      vertex 0.0753823221 -0.027606234 0.0891075879
    endloop
  endfacet
  facet normal -0.994128525 -0.10246256 0.0347812027
    outer loop
      vertex 0.0752794147 -0.0268141124 0.088499777
      vertex 0.0753823221 -0.027606234 0.0891075879
      vertex 0.0752794147 -0.026730869 0.0887450054
    endloop
  endfacet
  facet normal -0.726920068 -0.650278151 0.220738605
    outer loop
      vertex 0.076707013 -0.0317280851 0.089816466
      vertex 0.0770102069 -0.0320387557 0.0898997113
      vertex 0.0770102069 -0.0317280889 0.0908149108
    endloop
  endfacet
  facet normal -0.7269243 -0.650272906 0.220739886
    outer loop
      vertex 0.076707013 -0.0317280851 0.089816466
      vertex 0.0770102069 -0.0317280889 0.0908149108
      vertex 0.076707013 -0.0314309373 0.0906918272
    endloop
  endfacet
  facet normal 0.901537478 -0.409737349 0.13908793
    outer loop
      vertex 0.0788676515 -0.0313006379 0.0897019207
      vertex 0.0791338831 -0.0307636913 0.08955805
      vertex 0.0791338831 -0.0305085257 0.0903097391
    endloop
  endfacet
  facet normal 0.901538551 -0.409735888 0.139085561
    outer loop
      vertex 0.0788676515 -0.0313006379 0.0897019207
      vertex 0.0791338831 -0.0305085257 0.0903097391
      vertex 0.0788676515 -0.0310221016 0.0905224681
    endloop
  endfacet
  facet normal -0.997972131 -0.0602737591 0.0204600897
    outer loop
      vertex 0.0752169564 -0.0258661918 0.0882457793
      vertex 0.0752794147 -0.0268141124 0.088499777
      vertex 0.0752794147 -0.026730869 0.0887450054
    endloop
  endfacet
  facet normal -0.99797219 -0.0602734648 0.0204606224
    outer loop
      vertex 0.0752169564 -0.0258661918 0.0882457793
      vertex 0.0752794147 -0.026730869 0.0887450054
      vertex 0.0752169564 -0.0258242097 0.0883694515
    endloop
  endfacet
  facet normal 0.999778986 -0.0199083686 0.00675785914
    outer loop
      vertex 0.0800706744 -0.0258662496 0.0882457793
      vertex 0.0800916255 -0.0249018278 0.0879873633
      vertex 0.0800706744 -0.0258242693 0.0883694515
    endloop
  endfacet
  facet normal -0.838343024 -0.516211927 0.175231919
    outer loop
      vertex 0.0764198527 -0.0313006118 0.0897019207
      vertex 0.076707013 -0.0317280851 0.089816466
      vertex 0.076707013 -0.0314309373 0.0906918272
    endloop
  endfacet
  facet normal -0.838342547 -0.516212761 0.17523168
    outer loop
      vertex 0.0764198527 -0.0313006118 0.0897019207
      vertex 0.076707013 -0.0314309373 0.0906918272
      vertex 0.0764198527 -0.0310220718 0.0905224681
    endloop
  endfacet
  facet normal 0.838328242 -0.516234457 0.175236687
    outer loop
      vertex 0.0785804763 -0.0317281075 0.089816466
      vertex 0.0788676515 -0.0313006379 0.0897019207
      vertex 0.0788676515 -0.0310221016 0.0905224681
    endloop
  endfacet
  facet normal 0.838331997 -0.516230285 0.17523101
    outer loop
      vertex 0.0785804763 -0.0317281075 0.089816466
      vertex 0.0788676515 -0.0310221016 0.0905224681
      vertex 0.0785804838 -0.0314309597 0.0906918272
    endloop
  endfacet
  facet normal -0.999779403 -0.0198870301 0.00675090961
    outer loop
      vertex 0.0751960278 -0.0249017682 0.0879873633
      vertex 0.0752169564 -0.0258661918 0.0882457793
      vertex 0.0752169564 -0.0258242097 0.0883694515
    endloop
  endfacet
  facet normal 0.977803648 -0.187922135 0.0926561207
    outer loop
      vertex 0.0795857459 -0.0292039998 0.0897693858
      vertex 0.079763636 -0.0284353737 0.0894510075
      vertex 0.0797636434 -0.0282140989 0.0898997113
    endloop
  endfacet
  facet normal 0.977801621 -0.187924162 0.0926741883
    outer loop
      vertex 0.0795857459 -0.0292039998 0.0897693858
      vertex 0.0797636434 -0.0282140989 0.0898997113
      vertex 0.0795857459 -0.0289345942 0.0903156847
    endloop
  endfacet
  facet normal -0.977807105 -0.187895834 0.0926735699
    outer loop
      vertex 0.0755239278 -0.0284353234 0.0894510075
      vertex 0.075701803 -0.0292039532 0.0897693858
      vertex 0.0757018104 -0.0289345477 0.0903156847
    endloop
  endfacet
  facet normal -0.977807403 -0.187893972 0.092674695
    outer loop
      vertex 0.0755239278 -0.0284353234 0.0894510075
      vertex 0.0757018104 -0.0289345477 0.0903156847
      vertex 0.0755239353 -0.0282140486 0.0898997113
    endloop
  endfacet
  facet normal -0.200245604 -0.878706872 0.433331102
    outer loop
      vertex 0.0773242414 -0.0319084376 0.0908896104
      vertex 0.0776437446 -0.0319688991 0.0909146518
      vertex 0.0776437446 -0.0315263495 0.0918120518
    endloop
  endfacet
  facet normal -0.200258702 -0.878702581 0.433333844
    outer loop
      vertex 0.0773242414 -0.0319084376 0.0908896104
      vertex 0.0776437446 -0.0315263495 0.0918120518
      vertex 0.0773242489 -0.0314696729 0.0917793289
    endloop
  endfacet
  facet normal 0.962650478 -0.24282591 0.119748794
    outer loop
      vertex 0.0793746188 -0.029899016 0.0900572687
      vertex 0.0795857459 -0.0292039998 0.0897693858
      vertex 0.0795857459 -0.0289345942 0.0903156847
    endloop
  endfacet
  facet normal 0.962652743 -0.24282293 0.119735852
    outer loop
      vertex 0.0793746188 -0.029899016 0.0900572687
      vertex 0.0795857459 -0.0289345942 0.0903156847
      vertex 0.0793746263 -0.029586086 0.0906918272
    endloop
  endfacet
  facet normal -0.98772639 -0.140080005 0.0690957829
    outer loop
      vertex 0.0753823221 -0.027606234 0.0891075879
      vertex 0.0755239278 -0.0284353234 0.0894510075
      vertex 0.0755239353 -0.0282140486 0.0898997113
    endloop
  endfacet
  facet normal -0.987725258 -0.140092045 0.0690863505
    outer loop
      vertex 0.0753823221 -0.027606234 0.0891075879
      vertex 0.0755239353 -0.0282140486 0.0898997113
      vertex 0.0753823221 -0.0274368767 0.0894510075
    endloop
  endfacet
  facet normal -0.527109921 -0.762156725 0.375862002
    outer loop
      vertex 0.0770102069 -0.0317280889 0.0908149108
      vertex 0.0773242414 -0.0319084376 0.0908896104
      vertex 0.0773242489 -0.0314696729 0.0917793289
    endloop
  endfacet
  facet normal -0.527102888 -0.76216203 0.375861138
    outer loop
      vertex 0.0770102069 -0.0317280889 0.0908149108
      vertex 0.0773242489 -0.0314696729 0.0917793289
      vertex 0.0770102143 -0.0313006192 0.0916817337
    endloop
  endfacet
  facet normal 0.939174652 -0.308026165 0.151890859
    outer loop
      vertex 0.0791338831 -0.0305085257 0.0903097391
      vertex 0.0793746188 -0.029899016 0.0900572687
      vertex 0.0793746263 -0.029586086 0.0906918272
    endloop
  endfacet
  facet normal 0.939174533 -0.308026284 0.151891127
    outer loop
      vertex 0.0791338831 -0.0305085257 0.0903097391
      vertex 0.0793746263 -0.029586086 0.0906918272
      vertex 0.0791338906 -0.0301574301 0.0910216942
    endloop
  endfacet
  facet normal -0.994128585 -0.0970459804 0.047858201
    outer loop
      vertex 0.0752794147 -0.026730869 0.0887450054
      vertex 0.0753823221 -0.027606234 0.0891075879
      vertex 0.0753823221 -0.0274368767 0.0894510075
    endloop
  endfacet
  facet normal -0.994128644 -0.0970453694 0.0478588119
    outer loop
      vertex 0.0752794147 -0.026730869 0.0887450054
      vertex 0.0753823221 -0.0274368767 0.0894510075
      vertex 0.0752794147 -0.0266163293 0.0889772624
    endloop
  endfacet
  facet normal -0.726924002 -0.615896106 0.303732514
    outer loop
      vertex 0.076707013 -0.0314309373 0.0906918272
      vertex 0.0770102069 -0.0317280889 0.0908149108
      vertex 0.0770102143 -0.0313006192 0.0916817337
    endloop
  endfacet
  facet normal -0.726924658 -0.615895391 0.303732634
    outer loop
      vertex 0.076707013 -0.0314309373 0.0906918272
      vertex 0.0770102143 -0.0313006192 0.0916817337
      vertex 0.0767070204 -0.0310220774 0.0915209129
    endloop
  endfacet
  facet normal 0.90153873 -0.388079524 0.191369206
    outer loop
      vertex 0.0788676515 -0.0310221016 0.0905224681
      vertex 0.0791338831 -0.0305085257 0.0903097391
      vertex 0.0791338906 -0.0301574301 0.0910216942
    endloop
  endfacet
  facet normal 0.901537836 -0.388080597 0.19137153
    outer loop
      vertex 0.0788676515 -0.0310221016 0.0905224681
      vertex 0.0791338906 -0.0301574301 0.0910216942
      vertex 0.078867659 -0.0306388438 0.0912996382
    endloop
  endfacet
  facet normal -0.99797219 -0.0570871271 0.0281530488
    outer loop
      vertex 0.0752169564 -0.0258242097 0.0883694515
      vertex 0.0752794147 -0.026730869 0.0887450054
      vertex 0.0752794147 -0.0266163293 0.0889772624
    endloop
  endfacet
  facet normal -0.99797219 -0.0570875444 0.0281525012
    outer loop
      vertex 0.0752169564 -0.0258242097 0.0883694515
      vertex 0.0752794147 -0.0266163293 0.0889772624
      vertex 0.0752169564 -0.0257664472 0.088486582
    endloop
  endfacet
  facet normal 0.999778986 -0.0188558064 0.0092989672
    outer loop
      vertex 0.0800706744 -0.0258242693 0.0883694515
      vertex 0.0800916255 -0.0249018278 0.0879873633
      vertex 0.0800706744 -0.0257665049 0.088486582
    endloop
  endfacet
  facet normal -0.838342488 -0.488921821 0.24111715
    outer loop
      vertex 0.0764198527 -0.0310220718 0.0905224681
      vertex 0.076707013 -0.0314309373 0.0906918272
      vertex 0.0767070204 -0.0310220774 0.0915209129
    endloop
  endfacet
  facet normal -0.838342845 -0.488921106 0.241117224
    outer loop
      vertex 0.0764198527 -0.0310220718 0.0905224681
      vertex 0.0767070204 -0.0310220774 0.0915209129
      vertex 0.0764198601 -0.030638814 0.0912996382
    endloop
  endfacet
  facet normal 0.838332653 -0.48894155 0.241111219
    outer loop
      vertex 0.0785804838 -0.0314309597 0.0906918272
      vertex 0.0788676515 -0.0310221016 0.0905224681
      vertex 0.078867659 -0.0306388438 0.0912996382
    endloop
  endfacet
  facet normal 0.838325858 -0.4889476 0.241122335
    outer loop
      vertex 0.0785804838 -0.0314309597 0.0906918272
      vertex 0.078867659 -0.0306388438 0.0912996382
      vertex 0.0785804838 -0.0310220998 0.0915209129
    endloop
  endfacet
  facet normal -0.999779463 -0.0188357998 0.00928880088
    outer loop
      vertex 0.0751960278 -0.0249017682 0.0879873633
      vertex 0.0752169564 -0.0258242097 0.0883694515
      vertex 0.0752169564 -0.0257664472 0.088486582
    endloop
  endfacet
  facet normal 0.9979707 -0.0571075082 0.0281632487
    outer loop
      vertex 0.0800081939 -0.0267309267 0.0887450054
      vertex 0.0800706744 -0.0258242693 0.0883694515
      vertex 0.0800706744 -0.0257665049 0.088486582
    endloop
  endfacet
  facet normal 0.99797076 -0.0571075566 0.0281631127
    outer loop
      vertex 0.0800081939 -0.0267309267 0.0887450054
      vertex 0.0800706744 -0.0257665049 0.088486582
      vertex 0.0800081939 -0.0266163871 0.0889772624
    endloop
  endfacet
  facet normal -0.90154928 -0.388052285 0.191374838
    outer loop
      vertex 0.076153636 -0.0305084903 0.0903097391
      vertex 0.0764198527 -0.0310220718 0.0905224681
      vertex 0.0764198601 -0.030638814 0.0912996382
    endloop
  endfacet
  facet normal -0.901544273 -0.388065547 0.191371754
    outer loop
      vertex 0.076153636 -0.0305084903 0.0903097391
      vertex 0.0764198601 -0.030638814 0.0912996382
      vertex 0.076153636 -0.0301573947 0.0910216942
    endloop
  endfacet
  facet normal 0.726908624 -0.615913153 0.303734809
    outer loop
      vertex 0.0782772824 -0.0317281038 0.0908149108
      vertex 0.0785804838 -0.0314309597 0.0906918272
      vertex 0.0785804838 -0.0310220998 0.0915209129
    endloop
  endfacet
  facet normal 0.726917148 -0.615907669 0.303725719
    outer loop
      vertex 0.0782772824 -0.0317281038 0.0908149108
      vertex 0.0785804838 -0.0310220998 0.0915209129
      vertex 0.0782772899 -0.0313006341 0.0916817337
    endloop
  endfacet
  facet normal 0.994126081 -0.097066842 0.0478693992
    outer loop
      vertex 0.0799052641 -0.027606288 0.0891075879
      vertex 0.0800081939 -0.0267309267 0.0887450054
      vertex 0.0800081939 -0.0266163871 0.0889772624
    endloop
  endfacet
  facet normal 0.994126022 -0.0970669538 0.0478685424
    outer loop
      vertex 0.0799052641 -0.027606288 0.0891075879
      vertex 0.0800081939 -0.0266163871 0.0889772624
      vertex 0.0799052641 -0.0274369307 0.0894510075
    endloop
  endfacet
  facet normal -0.93918246 -0.308003128 0.151889533
    outer loop
      vertex 0.0759129152 -0.0298989732 0.0900572687
      vertex 0.076153636 -0.0305084903 0.0903097391
      vertex 0.076153636 -0.0301573947 0.0910216942
    endloop
  endfacet
  facet normal -0.93918246 -0.308003008 0.151889548
    outer loop
      vertex 0.0759129152 -0.0298989732 0.0900572687
      vertex 0.076153636 -0.0301573947 0.0910216942
      vertex 0.0759129152 -0.0295860451 0.0906918272
    endloop
  endfacet
  facet normal 0.527097225 -0.762168765 0.375855356
    outer loop
      vertex 0.0779632479 -0.0319084451 0.0908896104
      vertex 0.0782772824 -0.0317281038 0.0908149108
      vertex 0.0782772899 -0.0313006341 0.0916817337
    endloop
  endfacet
  facet normal 0.527080774 -0.762174666 0.375866413
    outer loop
      vertex 0.0779632479 -0.0319084451 0.0908896104
      vertex 0.0782772899 -0.0313006341 0.0916817337
      vertex 0.0779632479 -0.0314696804 0.0917793289
    endloop
  endfacet
  facet normal 0.987722576 -0.140107408 0.0690939277
    outer loop
      vertex 0.079763636 -0.0284353737 0.0894510075
      vertex 0.0799052641 -0.027606288 0.0891075879
      vertex 0.0799052641 -0.0274369307 0.0894510075
    endloop
  endfacet
  facet normal 0.987723827 -0.140107587 0.0690765753
    outer loop
      vertex 0.079763636 -0.0284353737 0.0894510075
      vertex 0.0799052641 -0.0274369307 0.0894510075
      vertex 0.0797636434 -0.0282140989 0.0898997113
    endloop
  endfacet
  facet normal -0.962655723 -0.242809311 0.119739726
    outer loop
      vertex 0.075701803 -0.0292039532 0.0897693858
      vertex 0.0759129152 -0.0298989732 0.0900572687
      vertex 0.0759129152 -0.0295860451 0.0906918272
    endloop
  endfacet
  facet normal -0.962658584 -0.242794588 0.119746491
    outer loop
      vertex 0.075701803 -0.0292039532 0.0897693858
      vertex 0.0759129152 -0.0295860451 0.0906918272
      vertex 0.0757018104 -0.0289345477 0.0903156847
    endloop
  endfacet
  facet normal 0.200225919 -0.878709257 0.433335483
    outer loop
      vertex 0.0776437446 -0.0319688991 0.0909146518
      vertex 0.0779632479 -0.0319084451 0.0908896104
      vertex 0.0779632479 -0.0314696804 0.0917793289
    endloop
  endfacet
  facet normal 0.200234473 -0.878708959 0.433332145
    outer loop
      vertex 0.0776437446 -0.0319688991 0.0909146518
      vertex 0.0779632479 -0.0314696804 0.0917793289
      vertex 0.0776437446 -0.0315263495 0.0918120518
    endloop
  endfacet
  facet normal -0.726924717 -0.570979834 0.381526411
    outer loop
      vertex 0.0767070204 -0.0310220774 0.0915209129
      vertex 0.0770102143 -0.0313006192 0.0916817337
      vertex 0.0770102218 -0.0307636634 0.0924853384
    endloop
  endfacet
  facet normal -0.72691977 -0.570986152 0.38152656
    outer loop
      vertex 0.0767070204 -0.0310220774 0.0915209129
      vertex 0.0770102218 -0.0307636634 0.0924853384
      vertex 0.0767070279 -0.0305084959 0.0922895446
    endloop
  endfacet
  facet normal 0.901537895 -0.359776169 0.240396366
    outer loop
      vertex 0.078867659 -0.0306388438 0.0912996382
      vertex 0.0791338906 -0.0301574301 0.0910216942
      vertex 0.0791338906 -0.0297164079 0.0916817263
    endloop
  endfacet
  facet normal 0.901543796 -0.359771669 0.2403813
    outer loop
      vertex 0.078867659 -0.0306388438 0.0912996382
      vertex 0.0791338906 -0.0297164079 0.0916817263
      vertex 0.0788676664 -0.0301574226 0.0920201391
    endloop
  endfacet
  facet normal -0.997972131 -0.0529247373 0.0353626609
    outer loop
      vertex 0.0752169564 -0.0257664472 0.088486582
      vertex 0.0752794147 -0.0266163293 0.0889772624
      vertex 0.0752794147 -0.026472453 0.0891925916
    endloop
  endfacet
  facet normal -0.997972846 -0.052883327 0.0354041494
    outer loop
      vertex 0.0752169564 -0.0257664472 0.088486582
      vertex 0.0752794147 -0.026472453 0.0891925916
      vertex 0.0752169639 -0.0256938878 0.0885951743
    endloop
  endfacet
  facet normal 0.999779046 -0.0174808875 0.0116804102
    outer loop
      vertex 0.0800706744 -0.0257665049 0.088486582
      vertex 0.0800916255 -0.0249018278 0.0879873633
      vertex 0.0800706744 -0.0256939456 0.0885951743
    endloop
  endfacet
  facet normal -0.83834219 -0.453267604 0.30287084
    outer loop
      vertex 0.0764198601 -0.030638814 0.0912996382
      vertex 0.0767070204 -0.0310220774 0.0915209129
      vertex 0.0767070279 -0.0305084959 0.0922895446
    endloop
  endfacet
  facet normal -0.838341534 -0.453269064 0.30287084
    outer loop
      vertex 0.0764198601 -0.030638814 0.0912996382
      vertex 0.0767070279 -0.0305084959 0.0922895446
      vertex 0.0764198676 -0.0301573947 0.0920201391
    endloop
  endfacet
  facet normal 0.838326275 -0.453296006 0.302872628
    outer loop
      vertex 0.0785804838 -0.0310220998 0.0915209129
      vertex 0.078867659 -0.0306388438 0.0912996382
      vertex 0.0788676664 -0.0301574226 0.0920201391
    endloop
  endfacet
  facet normal 0.8383255 -0.453296453 0.30287388
    outer loop
      vertex 0.0785804838 -0.0310220998 0.0915209129
      vertex 0.0788676664 -0.0301574226 0.0920201391
      vertex 0.0785804912 -0.0305085182 0.0922895446
    endloop
  endfacet
  facet normal -0.999779344 -0.0174336284 0.0117174415
    outer loop
      vertex 0.0751960278 -0.0249017682 0.0879873633
      vertex 0.0752169564 -0.0257664472 0.088486582
      vertex 0.0752169639 -0.0256938878 0.0885951743
    endloop
  endfacet
  facet normal 0.9979707 -0.0529433228 0.0353757776
    outer loop
      vertex 0.0800081939 -0.0266163871 0.0889772624
      vertex 0.0800706744 -0.0257665049 0.088486582
      vertex 0.0800706744 -0.0256939456 0.0885951743
    endloop
  endfacet
  facet normal 0.997971117 -0.0529547743 0.035348203
    outer loop
      vertex 0.0800081939 -0.0266163871 0.0889772624
      vertex 0.0800706744 -0.0256939456 0.0885951743
      vertex 0.0800082013 -0.0264725108 0.0891925916
    endloop
  endfacet
  facet normal -0.901543975 -0.359763116 0.240393355
    outer loop
      vertex 0.076153636 -0.0301573947 0.0910216942
      vertex 0.0764198601 -0.030638814 0.0912996382
      vertex 0.0764198676 -0.0301573947 0.0920201391
    endloop
  endfacet
  facet normal -0.901546121 -0.359757334 0.240393922
    outer loop
      vertex 0.076153636 -0.0301573947 0.0910216942
      vertex 0.0764198676 -0.0301573947 0.0920201391
      vertex 0.0761536434 -0.0297163725 0.0916817263
    endloop
  endfacet
  facet normal 0.726918578 -0.570993662 0.38151747
    outer loop
      vertex 0.0782772899 -0.0313006341 0.0916817337
      vertex 0.0785804838 -0.0310220998 0.0915209129
      vertex 0.0785804912 -0.0305085182 0.0922895446
    endloop
  endfacet
  facet normal 0.72690469 -0.571000695 0.381533593
    outer loop
      vertex 0.0782772899 -0.0313006341 0.0916817337
      vertex 0.0785804912 -0.0305085182 0.0922895446
      vertex 0.0782772899 -0.0307636783 0.0924853384
    endloop
  endfacet
  facet normal 0.99412626 -0.090003334 0.0601030402
    outer loop
      vertex 0.0799052641 -0.0274369307 0.0894510075
      vertex 0.0800081939 -0.0266163871 0.0889772624
      vertex 0.0800082013 -0.0264725108 0.0891925916
    endloop
  endfacet
  facet normal 0.994125903 -0.0900007412 0.0601125546
    outer loop
      vertex 0.0799052641 -0.0274369307 0.0894510075
      vertex 0.0800082013 -0.0264725108 0.0891925916
      vertex 0.0799052715 -0.0272241998 0.0897693858
    endloop
  endfacet
  facet normal -0.939182222 -0.285537153 0.190801665
    outer loop
      vertex 0.0759129152 -0.0295860451 0.0906918272
      vertex 0.076153636 -0.0301573947 0.0910216942
      vertex 0.0761536434 -0.0297163725 0.0916817263
    endloop
  endfacet
  facet normal -0.939182162 -0.285537273 0.19080162
    outer loop
      vertex 0.0759129152 -0.0295860451 0.0906918272
      vertex 0.0761536434 -0.0297163725 0.0916817263
      vertex 0.0759129226 -0.0291929673 0.0912801102
    endloop
  endfacet
  facet normal 0.527079821 -0.706594229 0.472134978
    outer loop
      vertex 0.0779632479 -0.0314696804 0.0917793289
      vertex 0.0782772899 -0.0313006341 0.0916817337
      vertex 0.0782772899 -0.0307636783 0.0924853384
    endloop
  endfacet
  facet normal 0.527106583 -0.706587017 0.472115934
    outer loop
      vertex 0.0779632479 -0.0314696804 0.0917793289
      vertex 0.0782772899 -0.0307636783 0.0924853384
      vertex 0.0779632553 -0.0309185423 0.0926041752
    endloop
  endfacet
  facet normal 0.987724245 -0.129893467 0.0867678523
    outer loop
      vertex 0.0797636434 -0.0282140989 0.0898997113
      vertex 0.0799052641 -0.0274369307 0.0894510075
      vertex 0.0799052715 -0.0272241998 0.0897693858
    endloop
  endfacet
  facet normal 0.987722516 -0.129890203 0.0867908373
    outer loop
      vertex 0.0797636434 -0.0282140989 0.0898997113
      vertex 0.0799052715 -0.0272241998 0.0897693858
      vertex 0.0797636434 -0.0279361513 0.0903156847
    endloop
  endfacet
  facet normal -0.962658226 -0.225089654 0.150412142
    outer loop
      vertex 0.0757018104 -0.0289345477 0.0903156847
      vertex 0.0759129152 -0.0295860451 0.0906918272
      vertex 0.0759129226 -0.0291929673 0.0912801102
    endloop
  endfacet
  facet normal -0.962655723 -0.225102916 0.15040803
    outer loop
      vertex 0.0757018104 -0.0289345477 0.0903156847
      vertex 0.0759129226 -0.0291929673 0.0912801102
      vertex 0.0757018104 -0.0285961386 0.0908221528
    endloop
  endfacet
  facet normal 0.200236231 -0.814634204 0.544312835
    outer loop
      vertex 0.0776437446 -0.0315263495 0.0918120518
      vertex 0.0779632479 -0.0314696804 0.0917793289
      vertex 0.0779632553 -0.0309185423 0.0926041752
    endloop
  endfacet
  facet normal 0.200216904 -0.814633965 0.544320405
    outer loop
      vertex 0.0776437446 -0.0315263495 0.0918120518
      vertex 0.0779632553 -0.0309185423 0.0926041752
      vertex 0.0776437521 -0.0309704542 0.092644006
    endloop
  endfacet
  facet normal 0.977801621 -0.174219728 0.116411194
    outer loop
      vertex 0.0795857459 -0.0289345942 0.0903156847
      vertex 0.0797636434 -0.0282140989 0.0898997113
      vertex 0.0797636434 -0.0279361513 0.0903156847
    endloop
  endfacet
  facet normal 0.977803409 -0.174220055 0.116395012
    outer loop
      vertex 0.0795857459 -0.0289345942 0.0903156847
      vertex 0.0797636434 -0.0279361513 0.0903156847
      vertex 0.0795857534 -0.0285961851 0.0908221528
    endloop
  endfacet
  facet normal -0.977807224 -0.174199015 0.116395354
    outer loop
      vertex 0.0755239353 -0.0282140486 0.0898997113
      vertex 0.0757018104 -0.0289345477 0.0903156847
      vertex 0.0757018104 -0.0285961386 0.0908221528
    endloop
  endfacet
  facet normal -0.977807343 -0.174197197 0.116396144
    outer loop
      vertex 0.0755239353 -0.0282140486 0.0898997113
      vertex 0.0757018104 -0.0285961386 0.0908221528
      vertex 0.0755239353 -0.027936101 0.0903156847
    endloop
  endfacet
  facet normal -0.200258821 -0.814625204 0.54431814
    outer loop
      vertex 0.0773242489 -0.0314696729 0.0917793289
      vertex 0.0776437446 -0.0315263495 0.0918120518
      vertex 0.0776437521 -0.0309704542 0.092644006
    endloop
  endfacet
  facet normal -0.200244129 -0.814630449 0.544315755
    outer loop
      vertex 0.0773242489 -0.0314696729 0.0917793289
      vertex 0.0776437521 -0.0309704542 0.092644006
      vertex 0.0773242563 -0.030918533 0.0926041752
    endloop
  endfacet
  facet normal 0.96265322 -0.225117058 0.150403321
    outer loop
      vertex 0.0793746263 -0.029586086 0.0906918272
      vertex 0.0795857459 -0.0289345942 0.0903156847
      vertex 0.0795857534 -0.0285961851 0.0908221528
    endloop
  endfacet
  facet normal 0.962650359 -0.225118548 0.150419265
    outer loop
      vertex 0.0793746263 -0.029586086 0.0906918272
      vertex 0.0795857534 -0.0285961851 0.0908221528
      vertex 0.0793746263 -0.0291930083 0.0912801102
    endloop
  endfacet
  facet normal -0.987725377 -0.129875839 0.086781241
    outer loop
      vertex 0.0753823221 -0.0274368767 0.0894510075
      vertex 0.0755239353 -0.0282140486 0.0898997113
      vertex 0.0755239353 -0.027936101 0.0903156847
    endloop
  endfacet
  facet normal -0.987726688 -0.129858524 0.0867914706
    outer loop
      vertex 0.0753823221 -0.0274368767 0.0894510075
      vertex 0.0755239353 -0.027936101 0.0903156847
      vertex 0.0753823295 -0.027224144 0.0897693858
    endloop
  endfacet
  facet normal -0.52710098 -0.706584752 0.4721255
    outer loop
      vertex 0.0770102143 -0.0313006192 0.0916817337
      vertex 0.0773242489 -0.0314696729 0.0917793289
      vertex 0.0773242563 -0.030918533 0.0926041752
    endloop
  endfacet
  facet normal -0.527116179 -0.706573248 0.472125888
    outer loop
      vertex 0.0770102143 -0.0313006192 0.0916817337
      vertex 0.0773242563 -0.030918533 0.0926041752
      vertex 0.0770102218 -0.0307636634 0.0924853384
    endloop
  endfacet
  facet normal 0.939174831 -0.285559595 0.190804645
    outer loop
      vertex 0.0791338906 -0.0301574301 0.0910216942
      vertex 0.0793746263 -0.029586086 0.0906918272
      vertex 0.0793746263 -0.0291930083 0.0912801102
    endloop
  endfacet
  facet normal 0.939174354 -0.285559922 0.190806299
    outer loop
      vertex 0.0791338906 -0.0301574301 0.0910216942
      vertex 0.0793746263 -0.0291930083 0.0912801102
      vertex 0.0791338906 -0.0297164079 0.0916817263
    endloop
  endfacet
  facet normal -0.994128466 -0.0899594203 0.0601320006
    outer loop
      vertex 0.0752794147 -0.0266163293 0.0889772624
      vertex 0.0753823221 -0.0274368767 0.0894510075
      vertex 0.0753823295 -0.027224144 0.0897693858
    endloop
  endfacet
  facet normal -0.99412781 -0.0899760053 0.0601191744
    outer loop
      vertex 0.0752794147 -0.0266163293 0.0889772624
      vertex 0.0753823295 -0.027224144 0.0897693858
      vertex 0.0752794147 -0.026472453 0.0891925916
    endloop
  endfacet
  facet normal 0.994126022 -0.081370391 0.0713598505
    outer loop
      vertex 0.0799052715 -0.0272241998 0.0897693858
      vertex 0.0800082013 -0.0264725108 0.0891925916
      vertex 0.0800082013 -0.0263017584 0.0893872976
    endloop
  endfacet
  facet normal 0.994126022 -0.0813700408 0.0713606775
    outer loop
      vertex 0.0799052715 -0.0272241998 0.0897693858
      vertex 0.0800082013 -0.0263017584 0.0893872976
      vertex 0.0799052715 -0.0269717295 0.0900572687
    endloop
  endfacet
  facet normal -0.939181745 -0.258192211 0.226438761
    outer loop
      vertex 0.0759129226 -0.0291929673 0.0912801102
      vertex 0.0761536434 -0.0297163725 0.0916817263
      vertex 0.0761536509 -0.0291929711 0.092278555
    endloop
  endfacet
  facet normal -0.939179003 -0.258202612 0.22643812
    outer loop
      vertex 0.0759129226 -0.0291929673 0.0912801102
      vertex 0.0761536509 -0.0291929711 0.092278555
      vertex 0.0759129226 -0.028726466 0.0918120518
    endloop
  endfacet
  facet normal 0.527108073 -0.6389153 0.560307443
    outer loop
      vertex 0.0779632553 -0.0309185423 0.0926041752
      vertex 0.0782772899 -0.0307636783 0.0924853384
      vertex 0.0782772973 -0.0301264264 0.0932119861
    endloop
  endfacet
  facet normal 0.527100623 -0.638916552 0.560312867
    outer loop
      vertex 0.0779632553 -0.0309185423 0.0926041752
      vertex 0.0782772973 -0.0301264264 0.0932119861
      vertex 0.0779632628 -0.030264454 0.0933500156
    endloop
  endfacet
  facet normal 0.987722576 -0.117450379 0.103002749
    outer loop
      vertex 0.0797636434 -0.0279361513 0.0903156847
      vertex 0.0799052715 -0.0272241998 0.0897693858
      vertex 0.0799052715 -0.0269717295 0.0900572687
    endloop
  endfacet
  facet normal 0.987723768 -0.117455304 0.102985024
    outer loop
      vertex 0.0797636434 -0.0279361513 0.0903156847
      vertex 0.0799052715 -0.0269717295 0.0900572687
      vertex 0.0797636509 -0.0276062861 0.0906918272
    endloop
  endfacet
  facet normal -0.962655663 -0.203544378 0.178504005
    outer loop
      vertex 0.0757018104 -0.0285961386 0.0908221528
      vertex 0.0759129226 -0.0291929673 0.0912801102
      vertex 0.0759129226 -0.028726466 0.0918120518
    endloop
  endfacet
  facet normal -0.962658525 -0.20352897 0.178506657
    outer loop
      vertex 0.0757018104 -0.0285961386 0.0908221528
      vertex 0.0759129226 -0.028726466 0.0918120518
      vertex 0.0757018179 -0.0281945188 0.0912801102
    endloop
  endfacet
  facet normal 0.20021604 -0.736615479 0.645996273
    outer loop
      vertex 0.0776437521 -0.0309704542 0.092644006
      vertex 0.0779632553 -0.0309185423 0.0926041752
      vertex 0.0779632628 -0.030264454 0.0933500156
    endloop
  endfacet
  facet normal 0.200233802 -0.736616671 0.645989418
    outer loop
      vertex 0.0776437521 -0.0309704542 0.092644006
      vertex 0.0779632628 -0.030264454 0.0933500156
      vertex 0.0776437595 -0.0303107221 0.0933962911
    endloop
  endfacet
  facet normal 0.977803946 -0.15753752 0.138136029
    outer loop
      vertex 0.0795857534 -0.0285961851 0.0908221528
      vertex 0.0797636434 -0.0279361513 0.0903156847
      vertex 0.0797636509 -0.0276062861 0.0906918272
    endloop
  endfacet
  facet normal 0.977801681 -0.157534629 0.138154849
    outer loop
      vertex 0.0795857534 -0.0285961851 0.0908221528
      vertex 0.0797636509 -0.0276062861 0.0906918272
      vertex 0.0795857534 -0.0281945653 0.0912801102
    endloop
  endfacet
  facet normal -0.977807224 -0.157507241 0.138146743
    outer loop
      vertex 0.0755239353 -0.027936101 0.0903156847
      vertex 0.0757018104 -0.0285961386 0.0908221528
      vertex 0.0757018179 -0.0281945188 0.0912801102
    endloop
  endfacet
  facet normal -0.977807462 -0.157505274 0.138147295
    outer loop
      vertex 0.0755239353 -0.027936101 0.0903156847
      vertex 0.0757018179 -0.0281945188 0.0912801102
      vertex 0.0755239427 -0.027606234 0.0906918272
    endloop
  endfacet
  facet normal -0.200241178 -0.736613572 0.64599067
    outer loop
      vertex 0.0773242563 -0.030918533 0.0926041752
      vertex 0.0776437521 -0.0309704542 0.092644006
      vertex 0.0776437595 -0.0303107221 0.0933962911
    endloop
  endfacet
  facet normal -0.200259015 -0.736606896 0.645992696
    outer loop
      vertex 0.0773242563 -0.030918533 0.0926041752
      vertex 0.0776437595 -0.0303107221 0.0933962911
      vertex 0.0773242638 -0.0302644446 0.0933500156
    endloop
  endfacet
  facet normal 0.962650359 -0.203558519 0.178516909
    outer loop
      vertex 0.0793746263 -0.0291930083 0.0912801102
      vertex 0.0795857534 -0.0285961851 0.0908221528
      vertex 0.0795857534 -0.0281945653 0.0912801102
    endloop
  endfacet
  facet normal 0.962652743 -0.203559026 0.178503394
    outer loop
      vertex 0.0793746263 -0.0291930083 0.0912801102
      vertex 0.0795857534 -0.0281945653 0.0912801102
      vertex 0.0793746337 -0.028726507 0.0918120518
    endloop
  endfacet
  facet normal -0.98772639 -0.117423646 0.102996968
    outer loop
      vertex 0.0753823295 -0.027224144 0.0897693858
      vertex 0.0755239353 -0.027936101 0.0903156847
      vertex 0.0755239427 -0.027606234 0.0906918272
    endloop
  endfacet
  facet normal -0.987725258 -0.11743778 0.102990948
    outer loop
      vertex 0.0753823295 -0.027224144 0.0897693858
      vertex 0.0755239427 -0.027606234 0.0906918272
      vertex 0.0753823295 -0.0269716755 0.0900572687
    endloop
  endfacet
  facet normal -0.527115881 -0.638904274 0.560312569
    outer loop
      vertex 0.0770102218 -0.0307636634 0.0924853384
      vertex 0.0773242563 -0.030918533 0.0926041752
      vertex 0.0773242638 -0.0302644446 0.0933500156
    endloop
  endfacet
  facet normal -0.527109027 -0.638909519 0.560313106
    outer loop
      vertex 0.0770102218 -0.0307636634 0.0924853384
      vertex 0.0773242638 -0.0302644446 0.0933500156
      vertex 0.0770102292 -0.0301264115 0.0932119861
    endloop
  endfacet
  facet normal 0.939174533 -0.258218378 0.226438791
    outer loop
      vertex 0.0791338906 -0.0297164079 0.0916817263
      vertex 0.0793746263 -0.0291930083 0.0912801102
      vertex 0.0793746337 -0.028726507 0.0918120518
    endloop
  endfacet
  facet normal 0.939174592 -0.258218318 0.226438209
    outer loop
      vertex 0.0791338906 -0.0297164079 0.0916817263
      vertex 0.0793746337 -0.028726507 0.0918120518
      vertex 0.079133898 -0.0291930065 0.092278555
    endloop
  endfacet
  facet normal -0.99412781 -0.0813583508 0.071349889
    outer loop
      vertex 0.0752794147 -0.026472453 0.0891925916
      vertex 0.0753823295 -0.027224144 0.0897693858
      vertex 0.0753823295 -0.0269716755 0.0900572687
    endloop
  endfacet
  facet normal -0.994128704 -0.0813332275 0.0713645145
    outer loop
      vertex 0.0752794147 -0.026472453 0.0891925916
      vertex 0.0753823295 -0.0269716755 0.0900572687
      vertex 0.0752794221 -0.0263017025 0.0893872976
    endloop
  endfacet
  facet normal -0.726919055 -0.516302466 0.45279184
    outer loop
      vertex 0.0767070279 -0.0305084959 0.0922895446
      vertex 0.0770102218 -0.0307636634 0.0924853384
      vertex 0.0770102292 -0.0301264115 0.0932119861
    endloop
  endfacet
  facet normal -0.726917982 -0.516303837 0.452792048
    outer loop
      vertex 0.0767070279 -0.0305084959 0.0922895446
      vertex 0.0770102292 -0.0301264115 0.0932119861
      vertex 0.0767070353 -0.0298989825 0.0929845646
    endloop
  endfacet
  facet normal 0.901544571 -0.325317174 0.285282403
    outer loop
      vertex 0.0788676664 -0.0301574226 0.0920201391
      vertex 0.0791338906 -0.0297164079 0.0916817263
      vertex 0.079133898 -0.0291930065 0.092278555
    endloop
  endfacet
  facet normal 0.901539028 -0.325319678 0.285297424
    outer loop
      vertex 0.0788676664 -0.0301574226 0.0920201391
      vertex 0.079133898 -0.0291930065 0.092278555
      vertex 0.0788676664 -0.0295860786 0.0926716328
    endloop
  endfacet
  facet normal -0.997972548 -0.0478328764 0.0419859849
    outer loop
      vertex 0.0752169639 -0.0256938878 0.0885951743
      vertex 0.0752794147 -0.026472453 0.0891925916
      vertex 0.0752794221 -0.0263017025 0.0893872976
    endloop
  endfacet
  facet normal -0.997972131 -0.047857523 0.0419670194
    outer loop
      vertex 0.0752169639 -0.0256938878 0.0885951743
      vertex 0.0752794221 -0.0263017025 0.0893872976
      vertex 0.0752169639 -0.0256077759 0.0886933729
    endloop
  endfacet
  facet normal 0.999778986 -0.0158072133 0.0138615938
    outer loop
      vertex 0.0800706744 -0.0256939456 0.0885951743
      vertex 0.0800916255 -0.0249018278 0.0879873633
      vertex 0.0800706744 -0.0256078336 0.0886933729
    endloop
  endfacet
  facet normal -0.838340878 -0.409859031 0.359444082
    outer loop
      vertex 0.0764198676 -0.0301573947 0.0920201391
      vertex 0.0767070279 -0.0305084959 0.0922895446
      vertex 0.0767070353 -0.0298989825 0.0929845646
    endloop
  endfacet
  facet normal -0.838343084 -0.409855098 0.359443694
    outer loop
      vertex 0.0764198676 -0.0301573947 0.0920201391
      vertex 0.0767070353 -0.0298989825 0.0929845646
      vertex 0.076419875 -0.0295860488 0.0926716328
    endloop
  endfacet
  facet normal 0.838325858 -0.40988034 0.359455079
    outer loop
      vertex 0.0785804912 -0.0305085182 0.0922895446
      vertex 0.0788676664 -0.0301574226 0.0920201391
      vertex 0.0788676664 -0.0295860786 0.0926716328
    endloop
  endfacet
  facet normal 0.838330269 -0.409878373 0.359446913
    outer loop
      vertex 0.0785804912 -0.0305085182 0.0922895446
      vertex 0.0788676664 -0.0295860786 0.0926716328
      vertex 0.0785804987 -0.0298990048 0.0929845572
    endloop
  endfacet
  facet normal -0.999779344 -0.0157959517 0.0138517302
    outer loop
      vertex 0.0751960278 -0.0249017682 0.0879873633
      vertex 0.0752169639 -0.0256938878 0.0885951743
      vertex 0.0752169639 -0.0256077759 0.0886933729
    endloop
  endfacet
  facet normal 0.997971237 -0.0478685312 0.0419766456
    outer loop
      vertex 0.0800082013 -0.0264725108 0.0891925916
      vertex 0.0800706744 -0.0256939456 0.0885951743
      vertex 0.0800706744 -0.0256078336 0.0886933729
    endloop
  endfacet
  facet normal 0.997971237 -0.0478674471 0.0419785753
    outer loop
      vertex 0.0800082013 -0.0264725108 0.0891925916
      vertex 0.0800706744 -0.0256078336 0.0886933729
      vertex 0.0800082013 -0.0263017584 0.0893872976
    endloop
  endfacet
  facet normal -0.901545882 -0.325303316 0.285294354
    outer loop
      vertex 0.0761536434 -0.0297163725 0.0916817263
      vertex 0.0764198676 -0.0301573947 0.0920201391
      vertex 0.076419875 -0.0295860488 0.0926716328
    endloop
  endfacet
  facet normal -0.901545167 -0.325305194 0.285294443
    outer loop
      vertex 0.0761536434 -0.0297163725 0.0916817263
      vertex 0.076419875 -0.0295860488 0.0926716328
      vertex 0.0761536509 -0.0291929711 0.092278555
    endloop
  endfacet
  facet normal 0.726904929 -0.516319513 0.452795088
    outer loop
      vertex 0.0782772899 -0.0307636783 0.0924853384
      vertex 0.0785804912 -0.0305085182 0.0922895446
      vertex 0.0785804987 -0.0298990048 0.0929845572
    endloop
  endfacet
  facet normal 0.726908505 -0.516318262 0.452790827
    outer loop
      vertex 0.0782772899 -0.0307636783 0.0924853384
      vertex 0.0785804987 -0.0298990048 0.0929845572
      vertex 0.0782772973 -0.0301264264 0.0932119861
    endloop
  endfacet
  facet normal 0.9626531 -0.178517982 0.203544587
    outer loop
      vertex 0.0793746337 -0.028726507 0.0918120518
      vertex 0.0795857534 -0.0281945653 0.0912801102
      vertex 0.0795857608 -0.0277366061 0.0916817263
    endloop
  endfacet
  facet normal 0.96265316 -0.178518042 0.20354417
    outer loop
      vertex 0.0793746337 -0.028726507 0.0918120518
      vertex 0.0795857608 -0.0277366061 0.0916817263
      vertex 0.0793746412 -0.0281945653 0.092278555
    endloop
  endfacet
  facet normal -0.987725317 -0.10299062 0.11743813
    outer loop
      vertex 0.0753823295 -0.0269716755 0.0900572687
      vertex 0.0755239427 -0.027606234 0.0906918272
      vertex 0.0755239427 -0.0272300933 0.0910216942
    endloop
  endfacet
  facet normal -0.987726688 -0.102970645 0.117443673
    outer loop
      vertex 0.0753823295 -0.0269716755 0.0900572687
      vertex 0.0755239427 -0.0272300933 0.0910216942
      vertex 0.075382337 -0.0266837906 0.0903097391
    endloop
  endfacet
  facet normal -0.527108073 -0.560307384 0.6389153
    outer loop
      vertex 0.0770102292 -0.0301264115 0.0932119861
      vertex 0.0773242638 -0.0302644446 0.0933500156
      vertex 0.0773242712 -0.0295186006 0.0940041021
    endloop
  endfacet
  facet normal -0.52710247 -0.560311556 0.638916254
    outer loop
      vertex 0.0770102292 -0.0301264115 0.0932119861
      vertex 0.0773242712 -0.0295186006 0.0940041021
      vertex 0.0770102367 -0.0293997638 0.0938492417
    endloop
  endfacet
  facet normal 0.939175189 -0.226453006 0.258203536
    outer loop
      vertex 0.079133898 -0.0291930065 0.092278555
      vertex 0.0793746337 -0.028726507 0.0918120518
      vertex 0.0793746412 -0.0281945653 0.092278555
    endloop
  endfacet
  facet normal 0.939174592 -0.226452872 0.258205771
    outer loop
      vertex 0.079133898 -0.0291930065 0.092278555
      vertex 0.0793746412 -0.0281945653 0.092278555
      vertex 0.0791339055 -0.0285961814 0.0928019583
    endloop
  endfacet
  facet normal -0.994128466 -0.0713313073 0.0813664123
    outer loop
      vertex 0.0752794221 -0.0263017025 0.0893872976
      vertex 0.0753823295 -0.0269716755 0.0900572687
      vertex 0.075382337 -0.0266837906 0.0903097391
    endloop
  endfacet
  facet normal -0.994127691 -0.07135012 0.0813585371
    outer loop
      vertex 0.0752794221 -0.0263017025 0.0893872976
      vertex 0.075382337 -0.0266837906 0.0903097391
      vertex 0.0752794221 -0.0261069983 0.08955805
    endloop
  endfacet
  facet normal -0.726916969 -0.452786416 0.516310275
    outer loop
      vertex 0.0767070353 -0.0298989825 0.0929845646
      vertex 0.0770102292 -0.0301264115 0.0932119861
      vertex 0.0770102367 -0.0293997638 0.0938492417
    endloop
  endfacet
  facet normal -0.726922095 -0.452780157 0.516308427
    outer loop
      vertex 0.0767070353 -0.0298989825 0.0929845646
      vertex 0.0770102367 -0.0293997638 0.0938492417
      vertex 0.0767070428 -0.0292039663 0.0935940742
    endloop
  endfacet
  facet normal 0.901539385 -0.28530395 0.325312823
    outer loop
      vertex 0.0788676664 -0.0295860786 0.0926716328
      vertex 0.079133898 -0.0291930065 0.092278555
      vertex 0.0791339055 -0.0285961814 0.0928019583
    endloop
  endfacet
  facet normal 0.901537538 -0.28530407 0.325317621
    outer loop
      vertex 0.0788676664 -0.0295860786 0.0926716328
      vertex 0.0791339055 -0.0285961814 0.0928019583
      vertex 0.0788676739 -0.0289345849 0.0932429731
    endloop
  endfacet
  facet normal -0.997972131 -0.0419687554 0.0478557758
    outer loop
      vertex 0.0752169639 -0.0256077759 0.0886933729
      vertex 0.0752794221 -0.0263017025 0.0893872976
      vertex 0.0752794221 -0.0261069983 0.08955805
    endloop
  endfacet
  facet normal -0.99797225 -0.0419663787 0.0478571802
    outer loop
      vertex 0.0752169639 -0.0256077759 0.0886933729
      vertex 0.0752794221 -0.0261069983 0.08955805
      vertex 0.0752169639 -0.0255095828 0.0887794793
    endloop
  endfacet
  facet normal 0.999779046 -0.0138615314 0.0158072673
    outer loop
      vertex 0.0800706744 -0.0256078336 0.0886933729
      vertex 0.0800916255 -0.0249018278 0.0879873633
      vertex 0.0800706744 -0.0255096406 0.0887794793
    endloop
  endfacet
  facet normal -0.838342547 -0.359432191 0.409866333
    outer loop
      vertex 0.076419875 -0.0295860488 0.0926716328
      vertex 0.0767070353 -0.0298989825 0.0929845646
      vertex 0.0767070428 -0.0292039663 0.0935940742
    endloop
  endfacet
  facet normal -0.838343441 -0.359430432 0.409865886
    outer loop
      vertex 0.076419875 -0.0295860488 0.0926716328
      vertex 0.0767070428 -0.0292039663 0.0935940742
      vertex 0.0764198825 -0.0289345551 0.0932429731
    endloop
  endfacet
  facet normal 0.838330448 -0.359454393 0.40987134
    outer loop
      vertex 0.0785804987 -0.0298990048 0.0929845572
      vertex 0.0788676664 -0.0295860786 0.0926716328
      vertex 0.0788676739 -0.0289345849 0.0932429731
    endloop
  endfacet
  facet normal 0.838333666 -0.359453768 0.40986535
    outer loop
      vertex 0.0785804987 -0.0298990048 0.0929845572
      vertex 0.0788676739 -0.0289345849 0.0932429731
      vertex 0.0785805061 -0.0292039886 0.0935940742
    endloop
  endfacet
  facet normal -0.999779344 -0.0138516678 0.0157960057
    outer loop
      vertex 0.0751960278 -0.0249017682 0.0879873633
      vertex 0.0752169639 -0.0256077759 0.0886933729
      vertex 0.0752169639 -0.0255095828 0.0887794793
    endloop
  endfacet
  facet normal 0.997971237 -0.0419768579 0.0478691533
    outer loop
      vertex 0.0800082013 -0.0263017584 0.0893872976
      vertex 0.0800706744 -0.0256078336 0.0886933729
      vertex 0.0800706744 -0.0255096406 0.0887794793
    endloop
  endfacet
  facet normal 0.997971237 -0.0419785529 0.0478669591
    outer loop
      vertex 0.0800082013 -0.0263017584 0.0893872976
      vertex 0.0800706744 -0.0255096406 0.0887794793
      vertex 0.0800082013 -0.0261070542 0.08955805
    endloop
  endfacet
  facet normal -0.90154469 -0.285282612 0.325316638
    outer loop
      vertex 0.0761536509 -0.0291929711 0.092278555
      vertex 0.076419875 -0.0295860488 0.0926716328
      vertex 0.0764198825 -0.0289345551 0.0932429731
    endloop
  endfacet
  facet normal -0.901543796 -0.285285115 0.325317085
    outer loop
      vertex 0.0761536509 -0.0291929711 0.092278555
      vertex 0.0764198825 -0.0289345551 0.0932429731
      vertex 0.0761536583 -0.028596146 0.0928019583
    endloop
  endfacet
  facet normal 0.726909637 -0.452800781 0.51630789
    outer loop
      vertex 0.0782772973 -0.0301264264 0.0932119861
      vertex 0.0785804987 -0.0298990048 0.0929845572
      vertex 0.0785805061 -0.0292039886 0.0935940742
    endloop
  endfacet
  facet normal 0.726916194 -0.452799499 0.516299725
    outer loop
      vertex 0.0782772973 -0.0301264264 0.0932119861
      vertex 0.0785805061 -0.0292039886 0.0935940742
      vertex 0.0782773122 -0.0293997787 0.0938492417
    endloop
  endfacet
  facet normal 0.994126022 -0.0713604167 0.0813703015
    outer loop
      vertex 0.0799052715 -0.0269717295 0.0900572687
      vertex 0.0800082013 -0.0263017584 0.0893872976
      vertex 0.0800082013 -0.0261070542 0.08955805
    endloop
  endfacet
  facet normal 0.994126737 -0.0713706985 0.0813526511
    outer loop
      vertex 0.0799052715 -0.0269717295 0.0900572687
      vertex 0.0800082013 -0.0261070542 0.08955805
      vertex 0.079905279 -0.0266838446 0.0903097391
    endloop
  endfacet
  facet normal -0.939178824 -0.22643204 0.258208722
    outer loop
      vertex 0.0759129226 -0.028726466 0.0918120518
      vertex 0.0761536509 -0.0291929711 0.092278555
      vertex 0.0761536583 -0.028596146 0.0928019583
    endloop
  endfacet
  facet normal -0.939179242 -0.226430327 0.258208632
    outer loop
      vertex 0.0759129226 -0.028726466 0.0918120518
      vertex 0.0761536583 -0.028596146 0.0928019583
      vertex 0.0759129301 -0.0281945225 0.092278555
    endloop
  endfacet
  facet normal 0.527101278 -0.560321093 0.638908744
    outer loop
      vertex 0.0779632628 -0.030264454 0.0933500156
      vertex 0.0782772973 -0.0301264264 0.0932119861
      vertex 0.0782773122 -0.0293997787 0.0938492417
    endloop
  endfacet
  facet normal 0.527083814 -0.560322404 0.638922095
    outer loop
      vertex 0.0779632628 -0.030264454 0.0933500156
      vertex 0.0782773122 -0.0293997787 0.0938492417
      vertex 0.0779632702 -0.029518608 0.0940041021
    endloop
  endfacet
  facet normal 0.987724125 -0.103010073 0.117430322
    outer loop
      vertex 0.0797636509 -0.0276062861 0.0906918272
      vertex 0.0799052715 -0.0269717295 0.0900572687
      vertex 0.079905279 -0.0266838446 0.0903097391
    endloop
  endfacet
  facet normal 0.987722695 -0.103001475 0.117450505
    outer loop
      vertex 0.0797636509 -0.0276062861 0.0906918272
      vertex 0.079905279 -0.0266838446 0.0903097391
      vertex 0.0797636509 -0.0272301454 0.0910216942
    endloop
  endfacet
  facet normal -0.962658048 -0.178490922 0.203544736
    outer loop
      vertex 0.0757018179 -0.0281945188 0.0912801102
      vertex 0.0759129226 -0.028726466 0.0918120518
      vertex 0.0759129301 -0.0281945225 0.092278555
    endloop
  endfacet
  facet normal -0.962658226 -0.178490102 0.203544766
    outer loop
      vertex 0.0757018179 -0.0281945188 0.0912801102
      vertex 0.0759129301 -0.0281945225 0.092278555
      vertex 0.0757018253 -0.0277365595 0.0916817337
    endloop
  endfacet
  facet normal 0.200235948 -0.6459921 0.736613691
    outer loop
      vertex 0.0776437595 -0.0303107221 0.0933962911
      vertex 0.0779632628 -0.030264454 0.0933500156
      vertex 0.0779632702 -0.029518608 0.0940041021
    endloop
  endfacet
  facet normal 0.200248778 -0.64599365 0.736608982
    outer loop
      vertex 0.0776437595 -0.0303107221 0.0933962911
      vertex 0.0779632702 -0.029518608 0.0940041021
      vertex 0.0776437744 -0.0295584407 0.0940560251
    endloop
  endfacet
  facet normal 0.97780174 -0.138154536 0.157534838
    outer loop
      vertex 0.0795857534 -0.0281945653 0.0912801102
      vertex 0.0797636509 -0.0276062861 0.0906918272
      vertex 0.0797636509 -0.0272301454 0.0910216942
    endloop
  endfacet
  facet normal 0.97780323 -0.138158157 0.15752238
    outer loop
      vertex 0.0795857534 -0.0281945653 0.0912801102
      vertex 0.0797636509 -0.0272301454 0.0910216942
      vertex 0.0795857608 -0.0277366061 0.0916817263
    endloop
  endfacet
  facet normal -0.977807045 -0.138129473 0.157523036
    outer loop
      vertex 0.0755239427 -0.027606234 0.0906918272
      vertex 0.0757018179 -0.0281945188 0.0912801102
      vertex 0.0757018253 -0.0277365595 0.0916817337
    endloop
  endfacet
  facet normal -0.977805614 -0.138142452 0.157521054
    outer loop
      vertex 0.0755239427 -0.027606234 0.0906918272
      vertex 0.0757018253 -0.0277365595 0.0916817337
      vertex 0.0755239427 -0.0272300933 0.0910216942
    endloop
  endfacet
  facet normal -0.200258523 -0.645987809 0.736611366
    outer loop
      vertex 0.0773242638 -0.0302644446 0.0933500156
      vertex 0.0776437595 -0.0303107221 0.0933962911
      vertex 0.0776437744 -0.0295584407 0.0940560251
    endloop
  endfacet
  facet normal -0.200258806 -0.645987689 0.736611426
    outer loop
      vertex 0.0773242638 -0.0302644446 0.0933500156
      vertex 0.0776437744 -0.0295584407 0.0940560251
      vertex 0.0773242712 -0.0295186006 0.0940041021
    endloop
  endfacet
  facet normal -0.838342905 -0.302860796 0.453273088
    outer loop
      vertex 0.0764198825 -0.0289345551 0.0932429731
      vertex 0.0767070428 -0.0292039663 0.0935940742
      vertex 0.0767070502 -0.0284353383 0.0941076577
    endloop
  endfacet
  facet normal -0.838344693 -0.302857757 0.453271896
    outer loop
      vertex 0.0764198825 -0.0289345551 0.0932429731
      vertex 0.0767070502 -0.0284353383 0.0941076577
      vertex 0.0764198899 -0.0282140598 0.0937243924
    endloop
  endfacet
  facet normal 0.83833468 -0.302884221 0.453272641
    outer loop
      vertex 0.0785805061 -0.0292039886 0.0935940742
      vertex 0.0788676739 -0.0289345849 0.0932429731
      vertex 0.0788676888 -0.0282140896 0.0937243924
    endloop
  endfacet
  facet normal 0.838328958 -0.302884012 0.453283429
    outer loop
      vertex 0.0785805061 -0.0292039886 0.0935940742
      vertex 0.0788676888 -0.0282140896 0.0937243924
      vertex 0.0785805136 -0.0284353606 0.0941076577
    endloop
  endfacet
  facet normal -0.999779344 -0.0116723031 0.0174683072
    outer loop
      vertex 0.0751960278 -0.0249017682 0.0879873633
      vertex 0.0752169639 -0.0255095828 0.0887794793
      vertex 0.0752169639 -0.0254009906 0.0888520405
    endloop
  endfacet
  facet normal 0.997971237 -0.0353719816 0.0529363155
    outer loop
      vertex 0.0800082013 -0.0261070542 0.08955805
      vertex 0.0800706744 -0.0255096406 0.0887794793
      vertex 0.0800706744 -0.0254010484 0.0888520405
    endloop
  endfacet
  facet normal 0.997971475 -0.0353912897 0.0529170372
    outer loop
      vertex 0.0800082013 -0.0261070542 0.08955805
      vertex 0.0800706744 -0.0254010484 0.0888520405
      vertex 0.0800082088 -0.0258917287 0.0897019207
    endloop
  endfacet
  facet normal -0.90154314 -0.240382612 0.359772265
    outer loop
      vertex 0.0761536583 -0.028596146 0.0928019583
      vertex 0.0764198825 -0.0289345551 0.0932429731
      vertex 0.0764198899 -0.0282140598 0.0937243924
    endloop
  endfacet
  facet normal -0.901543379 -0.240382075 0.359772116
    outer loop
      vertex 0.0761536583 -0.028596146 0.0928019583
      vertex 0.0764198899 -0.0282140598 0.0937243924
      vertex 0.0761536658 -0.0279361103 0.0932429805
    endloop
  endfacet
  facet normal 0.726917565 -0.381530017 0.570986569
    outer loop
      vertex 0.0782773122 -0.0293997787 0.0938492417
      vertex 0.0785805061 -0.0292039886 0.0935940742
      vertex 0.0785805136 -0.0284353606 0.0941076577
    endloop
  endfacet
  facet normal 0.726909995 -0.381530195 0.570996106
    outer loop
      vertex 0.0782773122 -0.0293997787 0.0938492417
      vertex 0.0785805136 -0.0284353606 0.0941076577
      vertex 0.0782773197 -0.0285961702 0.0943861902
    endloop
  endfacet
  facet normal 0.994127035 -0.0601455793 0.089966014
    outer loop
      vertex 0.079905279 -0.0266838446 0.0903097391
      vertex 0.0800082013 -0.0261070542 0.08955805
      vertex 0.0800082088 -0.0258917287 0.0897019207
    endloop
  endfacet
  facet normal 0.994126081 -0.0601278059 0.089989014
    outer loop
      vertex 0.079905279 -0.0266838446 0.0903097391
      vertex 0.0800082088 -0.0258917287 0.0897019207
      vertex 0.079905279 -0.0263654683 0.0905224681
    endloop
  endfacet
  facet normal -0.939178765 -0.190791443 0.285555184
    outer loop
      vertex 0.0759129301 -0.0281945225 0.092278555
      vertex 0.0761536583 -0.028596146 0.0928019583
      vertex 0.0761536658 -0.0279361103 0.0932429805
    endloop
  endfacet
  facet normal -0.939179182 -0.190790266 0.285555005
    outer loop
      vertex 0.0759129301 -0.0281945225 0.092278555
      vertex 0.0761536658 -0.0279361103 0.0932429805
      vertex 0.0759129375 -0.0276062414 0.0926716328
    endloop
  endfacet
  facet normal 0.527083635 -0.472131044 0.70659405
    outer loop
      vertex 0.0779632702 -0.029518608 0.0940041021
      vertex 0.0782773122 -0.0293997787 0.0938492417
      vertex 0.0782773197 -0.0285961702 0.0943861902
    endloop
  endfacet
  facet normal 0.527104795 -0.47213158 0.706577897
    outer loop
      vertex 0.0779632702 -0.029518608 0.0940041021
      vertex 0.0782773197 -0.0285961702 0.0943861902
      vertex 0.0779632851 -0.0286937691 0.0945552438
    endloop
  endfacet
  facet normal 0.987722635 -0.0867889076 0.1298908
    outer loop
      vertex 0.0797636509 -0.0272301454 0.0910216942
      vertex 0.079905279 -0.0266838446 0.0903097391
      vertex 0.079905279 -0.0263654683 0.0905224681
    endloop
  endfacet
  facet normal 0.987723768 -0.0867972076 0.129876748
    outer loop
      vertex 0.0797636509 -0.0272301454 0.0910216942
      vertex 0.079905279 -0.0263654683 0.0905224681
      vertex 0.0797636583 -0.0268141665 0.0912996382
    endloop
  endfacet
  facet normal -0.962657809 -0.150396436 0.225101918
    outer loop
      vertex 0.0757018253 -0.0277365595 0.0916817337
      vertex 0.0759129301 -0.0281945225 0.092278555
      vertex 0.0759129375 -0.0276062414 0.0926716328
    endloop
  endfacet
  facet normal -0.962658405 -0.150393009 0.22510159
    outer loop
      vertex 0.0757018253 -0.0277365595 0.0916817337
      vertex 0.0759129375 -0.0276062414 0.0926716328
      vertex 0.0757018328 -0.027230097 0.0920201391
    endloop
  endfacet
  facet normal 0.200251803 -0.544320762 0.814625144
    outer loop
      vertex 0.0776437744 -0.0295584407 0.0940560251
      vertex 0.0779632702 -0.029518608 0.0940041021
      vertex 0.0779632851 -0.0286937691 0.0945552438
    endloop
  endfacet
  facet normal 0.200242206 -0.544319212 0.814628601
    outer loop
      vertex 0.0776437744 -0.0295584407 0.0940560251
      vertex 0.0779632851 -0.0286937691 0.0945552438
      vertex 0.0776437819 -0.0287264846 0.0946119204
    endloop
  endfacet
  facet normal 0.977803469 -0.116416186 0.174205646
    outer loop
      vertex 0.0795857608 -0.0277366061 0.0916817263
      vertex 0.0797636509 -0.0272301454 0.0910216942
      vertex 0.0797636583 -0.0268141665 0.0912996382
    endloop
  endfacet
  facet normal 0.977803528 -0.11641641 0.174205154
    outer loop
      vertex 0.0795857608 -0.0277366061 0.0916817263
      vertex 0.0797636583 -0.0268141665 0.0912996382
      vertex 0.0795857683 -0.0272301435 0.0920201391
    endloop
  endfacet
  facet normal -0.977805436 -0.116389893 0.174212366
    outer loop
      vertex 0.0755239427 -0.0272300933 0.0910216942
      vertex 0.0757018253 -0.0277365595 0.0916817337
      vertex 0.0757018328 -0.027230097 0.0920201391
    endloop
  endfacet
  facet normal -0.977805853 -0.116386227 0.174212441
    outer loop
      vertex 0.0755239427 -0.0272300933 0.0910216942
      vertex 0.0757018328 -0.027230097 0.0920201391
      vertex 0.0755239502 -0.0268141162 0.0912996382
    endloop
  endfacet
  facet normal -0.200259402 -0.544314742 0.81462729
    outer loop
      vertex 0.0773242712 -0.0295186006 0.0940041021
      vertex 0.0776437744 -0.0295584407 0.0940560251
      vertex 0.0776437819 -0.0287264846 0.0946119204
    endloop
  endfacet
  facet normal -0.200254291 -0.544316769 0.81462723
    outer loop
      vertex 0.0773242712 -0.0295186006 0.0940041021
      vertex 0.0776437819 -0.0287264846 0.0946119204
      vertex 0.0773242787 -0.0286937617 0.0945552438
    endloop
  endfacet
  facet normal 0.962653637 -0.150424376 0.225101218
    outer loop
      vertex 0.0793746412 -0.0281945653 0.092278555
      vertex 0.0795857608 -0.0277366061 0.0916817263
      vertex 0.0795857683 -0.0272301435 0.0920201391
    endloop
  endfacet
  facet normal 0.962652743 -0.150422946 0.225105792
    outer loop
      vertex 0.0793746412 -0.0281945653 0.092278555
      vertex 0.0795857683 -0.0272301435 0.0920201391
      vertex 0.0793746486 -0.0276062824 0.0926716328
    endloop
  endfacet
  facet normal -0.987726331 -0.0867640004 0.1298794
    outer loop
      vertex 0.075382337 -0.0266837906 0.0903097391
      vertex 0.0755239427 -0.0272300933 0.0910216942
      vertex 0.0755239502 -0.0268141162 0.0912996382
    endloop
  endfacet
  facet normal -0.987725258 -0.0867798179 0.12987718
    outer loop
      vertex 0.075382337 -0.0266837906 0.0903097391
      vertex 0.0755239502 -0.0268141162 0.0912996382
      vertex 0.075382337 -0.0263654143 0.0905224681
    endloop
  endfacet
  facet normal -0.527100682 -0.472123086 0.706586599
    outer loop
      vertex 0.0770102367 -0.0293997638 0.0938492417
      vertex 0.0773242712 -0.0295186006 0.0940041021
      vertex 0.0773242787 -0.0286937617 0.0945552438
    endloop
  endfacet
  facet normal -0.527115464 -0.472112596 0.706582665
    outer loop
      vertex 0.0770102367 -0.0293997638 0.0938492417
      vertex 0.0773242787 -0.0286937617 0.0945552438
      vertex 0.0770102441 -0.0285961535 0.0943861902
    endloop
  endfacet
  facet normal 0.93917501 -0.190812439 0.285553485
    outer loop
      vertex 0.0791339055 -0.0285961814 0.0928019583
      vertex 0.0793746412 -0.0281945653 0.092278555
      vertex 0.0793746486 -0.0276062824 0.0926716328
    endloop
  endfacet
  facet normal 0.939174831 -0.190812245 0.285554558
    outer loop
      vertex 0.0791339055 -0.0285961814 0.0928019583
      vertex 0.0793746486 -0.0276062824 0.0926716328
      vertex 0.0791339129 -0.0279361457 0.0932429805
    endloop
  endfacet
  facet normal -0.994127691 -0.0601192862 0.0899762809
    outer loop
      vertex 0.0752794221 -0.0261069983 0.08955805
      vertex 0.075382337 -0.0266837906 0.0903097391
      vertex 0.075382337 -0.0263654143 0.0905224681
    endloop
  endfacet
  facet normal -0.99412775 -0.0601204447 0.089975968
    outer loop
      vertex 0.0752794221 -0.0261069983 0.08955805
      vertex 0.075382337 -0.0263654143 0.0905224681
      vertex 0.0752794221 -0.025891671 0.0897019282
    endloop
  endfacet
  facet normal -0.726921499 -0.381513566 0.570992649
    outer loop
      vertex 0.0767070428 -0.0292039663 0.0935940742
      vertex 0.0770102367 -0.0293997638 0.0938492417
      vertex 0.0770102441 -0.0285961535 0.0943861902
    endloop
  endfacet
  facet normal -0.726913512 -0.381522685 0.570996642
    outer loop
      vertex 0.0767070428 -0.0292039663 0.0935940742
      vertex 0.0770102441 -0.0285961535 0.0943861902
      vertex 0.0767070502 -0.0284353383 0.0941076577
    endloop
  endfacet
  facet normal 0.901537955 -0.24040249 0.359772176
    outer loop
      vertex 0.0788676739 -0.0289345849 0.0932429731
      vertex 0.0791339055 -0.0285961814 0.0928019583
      vertex 0.0791339129 -0.0279361457 0.0932429805
    endloop
  endfacet
  facet normal 0.90154177 -0.240403488 0.359761626
    outer loop
      vertex 0.0788676739 -0.0289345849 0.0932429731
      vertex 0.0791339129 -0.0279361457 0.0932429805
      vertex 0.0788676888 -0.0282140896 0.0937243924
    endloop
  endfacet
  facet normal -0.997972131 -0.0353629962 0.0529240929
    outer loop
      vertex 0.0752169639 -0.0255095828 0.0887794793
      vertex 0.0752794221 -0.0261069983 0.08955805
      vertex 0.0752794221 -0.025891671 0.0897019282
    endloop
  endfacet
  facet normal -0.99797219 -0.0353636518 0.0529238321
    outer loop
      vertex 0.0752169639 -0.0255095828 0.0887794793
      vertex 0.0752794221 -0.025891671 0.0897019282
      vertex 0.0752169639 -0.0254009906 0.0888520405
    endloop
  endfacet
  facet normal 0.999779046 -0.0116806151 0.017480744
    outer loop
      vertex 0.0800706744 -0.0255096406 0.0887794793
      vertex 0.0800916255 -0.0249018278 0.0879873633
      vertex 0.0800706744 -0.0254010484 0.0888520405
    endloop
  endfacet
  facet normal 0.987724125 -0.0691074878 0.140089929
    outer loop
      vertex 0.0797636583 -0.0268141665 0.0912996382
      vertex 0.079905279 -0.0263654683 0.0905224681
      vertex 0.0799052864 -0.0260220487 0.0906918272
    endloop
  endfacet
  facet normal 0.987723708 -0.0691036656 0.140094832
    outer loop
      vertex 0.0797636583 -0.0268141665 0.0912996382
      vertex 0.0799052864 -0.0260220487 0.0906918272
      vertex 0.0797636658 -0.0263654664 0.0915209129
    endloop
  endfacet
  facet normal -0.962657988 -0.119728215 0.242806002
    outer loop
      vertex 0.0757018328 -0.027230097 0.0920201391
      vertex 0.0759129375 -0.0276062414 0.0926716328
      vertex 0.075912945 -0.0269716829 0.0929845646
    endloop
  endfacet
  facet normal -0.962658584 -0.119724646 0.242805198
    outer loop
      vertex 0.0757018328 -0.027230097 0.0920201391
      vertex 0.075912945 -0.0269716829 0.0929845646
      vertex 0.0757018402 -0.0266837943 0.0922895446
    endloop
  endfacet
  facet normal 0.200244486 -0.433333665 0.878705978
    outer loop
      vertex 0.0776437819 -0.0287264846 0.0946119204
      vertex 0.0779632851 -0.0286937691 0.0945552438
      vertex 0.0779632926 -0.0278040469 0.0949940085
    endloop
  endfacet
  facet normal 0.200221121 -0.433328837 0.878713608
    outer loop
      vertex 0.0776437819 -0.0287264846 0.0946119204
      vertex 0.0779632926 -0.0278040469 0.0949940085
      vertex 0.0776437894 -0.0278290845 0.0950544626
    endloop
  endfacet
  facet normal 0.977803946 -0.0926823765 0.187907949
    outer loop
      vertex 0.0795857683 -0.0272301435 0.0920201391
      vertex 0.0797636583 -0.0268141665 0.0912996382
      vertex 0.0797636658 -0.0263654664 0.0915209129
    endloop
  endfacet
  facet normal 0.977803469 -0.0926804617 0.187911108
    outer loop
      vertex 0.0795857683 -0.0272301435 0.0920201391
      vertex 0.0797636658 -0.0263654664 0.0915209129
      vertex 0.0795857757 -0.0266838409 0.0922895446
    endloop
  endfacet
  facet normal -0.977805436 -0.0926549956 0.187913552
    outer loop
      vertex 0.0755239502 -0.0268141162 0.0912996382
      vertex 0.0757018328 -0.027230097 0.0920201391
      vertex 0.0757018402 -0.0266837943 0.0922895446
    endloop
  endfacet
  facet normal -0.977805793 -0.0926525071 0.187913269
    outer loop
      vertex 0.0755239502 -0.0268141162 0.0912996382
      vertex 0.0757018402 -0.0266837943 0.0922895446
      vertex 0.0755239576 -0.0263654161 0.0915209129
    endloop
  endfacet
  facet normal -0.200254038 -0.433323175 0.878708899
    outer loop
      vertex 0.0773242787 -0.0286937617 0.0945552438
      vertex 0.0776437819 -0.0287264846 0.0946119204
      vertex 0.0776437894 -0.0278290845 0.0950544626
    endloop
  endfacet
  facet normal -0.200235218 -0.433330446 0.878709614
    outer loop
      vertex 0.0773242787 -0.0286937617 0.0945552438
      vertex 0.0776437894 -0.0278290845 0.0950544626
      vertex 0.0773242936 -0.0278040394 0.0949940085
    endloop
  endfacet
  facet normal 0.9626531 -0.119754441 0.242812335
    outer loop
      vertex 0.0793746486 -0.0276062824 0.0926716328
      vertex 0.0795857683 -0.0272301435 0.0920201391
      vertex 0.0795857757 -0.0266838409 0.0922895446
    endloop
  endfacet
  facet normal 0.962653041 -0.119754367 0.24281247
    outer loop
      vertex 0.0793746486 -0.0276062824 0.0926716328
      vertex 0.0795857757 -0.0266838409 0.0922895446
      vertex 0.0793746561 -0.0269717257 0.0929845646
    endloop
  endfacet
  facet normal -0.987725139 -0.0690734163 0.140100017
    outer loop
      vertex 0.075382337 -0.0263654143 0.0905224681
      vertex 0.0755239502 -0.0268141162 0.0912996382
      vertex 0.0755239576 -0.0263654161 0.0915209129
    endloop
  endfacet
  facet normal -0.987725377 -0.0690696239 0.140100032
    outer loop
      vertex 0.075382337 -0.0263654143 0.0905224681
      vertex 0.0755239576 -0.0263654161 0.0915209129
      vertex 0.0753823444 -0.0260219947 0.0906918272
    endloop
  endfacet
  facet normal -0.527113914 -0.375849009 0.76216042
    outer loop
      vertex 0.0770102441 -0.0285961535 0.0943861902
      vertex 0.0773242787 -0.0286937617 0.0945552438
      vertex 0.0773242936 -0.0278040394 0.0949940085
    endloop
  endfacet
  facet normal -0.527115226 -0.375848114 0.762159944
    outer loop
      vertex 0.0770102441 -0.0285961535 0.0943861902
      vertex 0.0773242936 -0.0278040394 0.0949940085
      vertex 0.077010259 -0.0277293343 0.0948136598
    endloop
  endfacet
  facet normal 0.939175367 -0.151908904 0.308015317
    outer loop
      vertex 0.0791339129 -0.0279361457 0.0932429805
      vertex 0.0793746486 -0.0276062824 0.0926716328
      vertex 0.0793746561 -0.0269717257 0.0929845646
    endloop
  endfacet
  facet normal 0.939173937 -0.151907295 0.308020025
    outer loop
      vertex 0.0791339129 -0.0279361457 0.0932429805
      vertex 0.0793746561 -0.0269717257 0.0929845646
      vertex 0.0791339204 -0.0272241924 0.0935940742
    endloop
  endfacet
  facet normal -0.994127631 -0.0478455164 0.0970629454
    outer loop
      vertex 0.0752794221 -0.025891671 0.0897019282
      vertex 0.075382337 -0.0263654143 0.0905224681
      vertex 0.0753823444 -0.0260219947 0.0906918272
    endloop
  endfacet
  facet normal -0.994127929 -0.047834035 0.0970644876
    outer loop
      vertex 0.0752794221 -0.025891671 0.0897019282
      vertex 0.0753823444 -0.0260219947 0.0906918272
      vertex 0.0752794296 -0.0256594066 0.089816466
    endloop
  endfacet
  facet normal -0.726912558 -0.303723872 0.615913987
    outer loop
      vertex 0.0767070502 -0.0284353383 0.0941076577
      vertex 0.0770102441 -0.0285961535 0.0943861902
      vertex 0.077010259 -0.0277293343 0.0948136598
    endloop
  endfacet
  facet normal -0.726918459 -0.303717554 0.615910172
    outer loop
      vertex 0.0767070502 -0.0284353383 0.0941076577
      vertex 0.077010259 -0.0277293343 0.0948136598
      vertex 0.0767070651 -0.0276062489 0.0945165157
    endloop
  endfacet
  facet normal 0.901542485 -0.191380605 0.388065428
    outer loop
      vertex 0.0788676888 -0.0282140896 0.0937243924
      vertex 0.0791339129 -0.0279361457 0.0932429805
      vertex 0.0791339204 -0.0272241924 0.0935940742
    endloop
  endfacet
  facet normal 0.901542783 -0.191380829 0.388064414
    outer loop
      vertex 0.0788676888 -0.0282140896 0.0937243924
      vertex 0.0791339204 -0.0272241924 0.0935940742
      vertex 0.0788676962 -0.0274369195 0.0941076502
    endloop
  endfacet
  facet normal -0.997972012 -0.0281269476 0.0571019091
    outer loop
      vertex 0.0752169639 -0.0254009906 0.0888520405
      vertex 0.0752794221 -0.025891671 0.0897019282
      vertex 0.0752794296 -0.0256594066 0.089816466
    endloop
  endfacet
  facet normal -0.997971773 -0.0281557795 0.0570941679
    outer loop
      vertex 0.0752169639 -0.0254009906 0.0888520405
      vertex 0.0752794296 -0.0256594066 0.089816466
      vertex 0.0752169639 -0.0252838563 0.0889098048
    endloop
  endfacet
  facet normal 0.999778986 -0.00934822857 0.0188273434
    outer loop
      vertex 0.0800706744 -0.0254010484 0.0888520405
      vertex 0.0800916255 -0.0249018278 0.0879873633
      vertex 0.0800706819 -0.0252839141 0.0889098048
    endloop
  endfacet
  facet normal -0.838344038 -0.241096154 0.48892948
    outer loop
      vertex 0.0764198899 -0.0282140598 0.0937243924
      vertex 0.0767070502 -0.0284353383 0.0941076577
      vertex 0.0767070651 -0.0276062489 0.0945165157
    endloop
  endfacet
  facet normal -0.838336408 -0.241108686 0.488936335
    outer loop
      vertex 0.0764198899 -0.0282140598 0.0937243924
      vertex 0.0767070651 -0.0276062489 0.0945165157
      vertex 0.0764198974 -0.0274368897 0.0941076502
    endloop
  endfacet
  facet normal 0.838329911 -0.241126031 0.488938898
    outer loop
      vertex 0.0785805136 -0.0284353606 0.0941076577
      vertex 0.0788676888 -0.0282140896 0.0937243924
      vertex 0.0788676962 -0.0274369195 0.0941076502
    endloop
  endfacet
  facet normal 0.838333964 -0.241127208 0.488931358
    outer loop
      vertex 0.0785805136 -0.0284353606 0.0941076577
      vertex 0.0788676962 -0.0274369195 0.0941076502
      vertex 0.0785805285 -0.0276062712 0.0945165157
    endloop
  endfacet
  facet normal -0.999779284 -0.00929210708 0.0188424997
    outer loop
      vertex 0.0751960278 -0.0249017682 0.0879873633
      vertex 0.0752169639 -0.0254009906 0.0888520405
      vertex 0.0752169639 -0.0252838563 0.0889098048
    endloop
  endfacet
  facet normal 0.997971952 -0.0282053091 0.0570658892
    outer loop
      vertex 0.0800082088 -0.0258917287 0.0897019207
      vertex 0.0800706744 -0.0254010484 0.0888520405
      vertex 0.0800706819 -0.0252839141 0.0889098048
    endloop
  endfacet
  facet normal 0.997971296 -0.0281601232 0.0571005344
    outer loop
      vertex 0.0800082088 -0.0258917287 0.0897019207
      vertex 0.0800706819 -0.0252839141 0.0889098048
      vertex 0.0800082088 -0.0256594643 0.089816466
    endloop
  endfacet
  facet normal -0.901542783 -0.191366941 0.388071269
    outer loop
      vertex 0.0761536658 -0.0279361103 0.0932429805
      vertex 0.0764198899 -0.0282140598 0.0937243924
      vertex 0.0764198974 -0.0274368897 0.0941076502
    endloop
  endfacet
  facet normal -0.901544273 -0.19136332 0.38806963
    outer loop
      vertex 0.0761536658 -0.0279361103 0.0932429805
      vertex 0.0764198974 -0.0274368897 0.0941076502
      vertex 0.0761536732 -0.0272241551 0.0935940742
    endloop
  endfacet
  facet normal 0.726910532 -0.30374226 0.615907252
    outer loop
      vertex 0.0782773197 -0.0285961702 0.0943861902
      vertex 0.0785805136 -0.0284353606 0.0941076577
      vertex 0.0785805285 -0.0276062712 0.0945165157
    endloop
  endfacet
  facet normal 0.726905763 -0.303741544 0.615913212
    outer loop
      vertex 0.0782773197 -0.0285961702 0.0943861902
      vertex 0.0785805285 -0.0276062712 0.0945165157
      vertex 0.0782773271 -0.0277293492 0.0948136598
    endloop
  endfacet
  facet normal 0.994126081 -0.0478698313 0.0970660895
    outer loop
      vertex 0.079905279 -0.0263654683 0.0905224681
      vertex 0.0800082088 -0.0258917287 0.0897019207
      vertex 0.0800082088 -0.0256594643 0.089816466
    endloop
  endfacet
  facet normal 0.994126737 -0.047883518 0.0970525146
    outer loop
      vertex 0.079905279 -0.0263654683 0.0905224681
      vertex 0.0800082088 -0.0256594643 0.089816466
      vertex 0.0799052864 -0.0260220487 0.0906918272
    endloop
  endfacet
  facet normal -0.939178705 -0.151885524 0.308016539
    outer loop
      vertex 0.0759129375 -0.0276062414 0.0926716328
      vertex 0.0761536658 -0.0279361103 0.0932429805
      vertex 0.0761536732 -0.0272241551 0.0935940742
    endloop
  endfacet
  facet normal -0.939178228 -0.151887283 0.308017135
    outer loop
      vertex 0.0759129375 -0.0276062414 0.0926716328
      vertex 0.0761536732 -0.0272241551 0.0935940742
      vertex 0.075912945 -0.0269716829 0.0929845646
    endloop
  endfacet
  facet normal 0.527106225 -0.3758609 0.762159884
    outer loop
      vertex 0.0779632851 -0.0286937691 0.0945552438
      vertex 0.0782773197 -0.0285961702 0.0943861902
      vertex 0.0782773271 -0.0277293492 0.0948136598
    endloop
  endfacet
  facet normal 0.527108431 -0.375861168 0.762158215
    outer loop
      vertex 0.0779632851 -0.0286937691 0.0945552438
      vertex 0.0782773271 -0.0277293492 0.0948136598
      vertex 0.0779632926 -0.0278040469 0.0949940085
    endloop
  endfacet
  facet normal 0.939174354 -0.11040289 0.325211823
    outer loop
      vertex 0.0791339204 -0.0272241924 0.0935940742
      vertex 0.0793746561 -0.0269717257 0.0929845646
      vertex 0.0793746635 -0.0263017509 0.0932119861
    endloop
  endfacet
  facet normal 0.939178288 -0.110409677 0.325197995
    outer loop
      vertex 0.0791339204 -0.0272241924 0.0935940742
      vertex 0.0793746635 -0.0263017509 0.0932119861
      vertex 0.0791339353 -0.0264725015 0.0938492417
    endloop
  endfacet
  facet normal -0.99412775 -0.0347844362 0.102469817
    outer loop
      vertex 0.0752794296 -0.0256594066 0.089816466
      vertex 0.0753823444 -0.0260219947 0.0906918272
      vertex 0.0753823444 -0.0256594084 0.0908149108
    endloop
  endfacet
  facet normal -0.994127691 -0.0347847119 0.102469824
    outer loop
      vertex 0.0752794296 -0.0256594066 0.089816466
      vertex 0.0753823444 -0.0256594084 0.0908149108
      vertex 0.0752794296 -0.02541418 0.0898997113
    endloop
  endfacet
  facet normal -0.726917088 -0.220733881 0.650283039
    outer loop
      vertex 0.0767070651 -0.0276062489 0.0945165157
      vertex 0.077010259 -0.0277293343 0.0948136598
      vertex 0.0770102665 -0.0268141329 0.0951243266
    endloop
  endfacet
  facet normal -0.726917148 -0.220733926 0.650283039
    outer loop
      vertex 0.0767070651 -0.0276062489 0.0945165157
      vertex 0.0770102665 -0.0268141329 0.0951243266
      vertex 0.0767070726 -0.0267308857 0.0948136598
    endloop
  endfacet
  facet normal 0.901543558 -0.139100492 0.409719735
    outer loop
      vertex 0.0788676962 -0.0274369195 0.0941076502
      vertex 0.0791339204 -0.0272241924 0.0935940742
      vertex 0.0791339353 -0.0264725015 0.0938492417
    endloop
  endfacet
  facet normal 0.901537836 -0.139095053 0.409734219
    outer loop
      vertex 0.0788676962 -0.0274369195 0.0941076502
      vertex 0.0791339353 -0.0264725015 0.0938492417
      vertex 0.0788677037 -0.0266163722 0.0943861902
    endloop
  endfacet
  facet normal -0.997971654 -0.020463014 0.0602805838
    outer loop
      vertex 0.0752169639 -0.0252838563 0.0889098048
      vertex 0.0752794296 -0.0256594066 0.089816466
      vertex 0.0752794296 -0.02541418 0.0898997113
    endloop
  endfacet
  facet normal -0.997971594 -0.0204639118 0.0602804758
    outer loop
      vertex 0.0752169639 -0.0252838563 0.0889098048
      vertex 0.0752794296 -0.02541418 0.0898997113
      vertex 0.0752169639 -0.0251601841 0.0889517888
    endloop
  endfacet
  facet normal 0.999779105 -0.00675607566 0.0199010484
    outer loop
      vertex 0.0800706819 -0.0252839141 0.0889098048
      vertex 0.0800916255 -0.0249018278 0.0879873633
      vertex 0.0800706819 -0.0251602437 0.0889517888
    endloop
  endfacet
  facet normal -0.838335812 -0.175226748 0.516225338
    outer loop
      vertex 0.0764198974 -0.0274368897 0.0941076502
      vertex 0.0767070651 -0.0276062489 0.0945165157
      vertex 0.0767070726 -0.0267308857 0.0948136598
    endloop
  endfacet
  facet normal -0.838334382 -0.175228849 0.516226888
    outer loop
      vertex 0.0764198974 -0.0274368897 0.0941076502
      vertex 0.0767070726 -0.0267308857 0.0948136598
      vertex 0.0764199048 -0.0266163424 0.0943861902
    endloop
  endfacet
  facet normal 0.838334978 -0.17524226 0.516221523
    outer loop
      vertex 0.0785805285 -0.0276062712 0.0945165157
      vertex 0.0788676962 -0.0274369195 0.0941076502
      vertex 0.0788677037 -0.0266163722 0.0943861902
    endloop
  endfacet
  facet normal 0.838332713 -0.175241083 0.516225576
    outer loop
      vertex 0.0785805285 -0.0276062712 0.0945165157
      vertex 0.0788677037 -0.0266163722 0.0943861902
      vertex 0.0785805359 -0.0267309081 0.0948136598
    endloop
  endfacet
  facet normal -0.999779344 -0.00675357459 0.0198940001
    outer loop
      vertex 0.0751960278 -0.0249017682 0.0879873633
      vertex 0.0752169639 -0.0252838563 0.0889098048
      vertex 0.0752169639 -0.0251601841 0.0889517888
    endloop
  endfacet
  facet normal 0.997971177 -0.0204665419 0.0602873266
    outer loop
      vertex 0.0800082088 -0.0256594643 0.089816466
      vertex 0.0800706819 -0.0252839141 0.0889098048
      vertex 0.0800706819 -0.0251602437 0.0889517888
    endloop
  endfacet
  facet normal 0.997971296 -0.0204653833 0.060287986
    outer loop
      vertex 0.0800082088 -0.0256594643 0.089816466
      vertex 0.0800706819 -0.0251602437 0.0889517888
      vertex 0.0800082088 -0.0254142359 0.0898997113
    endloop
  endfacet
  facet normal -0.901543677 -0.139076456 0.409727722
    outer loop
      vertex 0.0761536732 -0.0272241551 0.0935940742
      vertex 0.0764198974 -0.0274368897 0.0941076502
      vertex 0.0764199048 -0.0266163424 0.0943861902
    endloop
  endfacet
  facet normal -0.901543617 -0.139076397 0.409727663
    outer loop
      vertex 0.0761536732 -0.0272241551 0.0935940742
      vertex 0.0764199048 -0.0266163424 0.0943861902
      vertex 0.0761536807 -0.0264724642 0.0938492417
    endloop
  endfacet
  facet normal 0.726906538 -0.220748603 0.650289893
    outer loop
      vertex 0.0782773271 -0.0277293492 0.0948136598
      vertex 0.0785805285 -0.0276062712 0.0945165157
      vertex 0.0785805359 -0.0267309081 0.0948136598
    endloop
  endfacet
  facet normal 0.726914048 -0.220750868 0.650280774
    outer loop
      vertex 0.0782773271 -0.0277293492 0.0948136598
      vertex 0.0785805359 -0.0267309081 0.0948136598
      vertex 0.078277342 -0.0268141478 0.0951243266
    endloop
  endfacet
  facet normal 0.994126976 -0.0347869731 0.102477282
    outer loop
      vertex 0.0799052864 -0.0260220487 0.0906918272
      vertex 0.0800082088 -0.0256594643 0.089816466
      vertex 0.0800082088 -0.0254142359 0.0898997113
    endloop
  endfacet
  facet normal 0.994126856 -0.0347869582 0.10247729
    outer loop
      vertex 0.0799052864 -0.0260220487 0.0906918272
      vertex 0.0800082088 -0.0254142359 0.0898997113
      vertex 0.0799052864 -0.0256594624 0.0908149108
    endloop
  endfacet
  facet normal -0.939177752 -0.110385135 0.325208068
    outer loop
      vertex 0.075912945 -0.0269716829 0.0929845646
      vertex 0.0761536732 -0.0272241551 0.0935940742
      vertex 0.0761536807 -0.0264724642 0.0938492417
    endloop
  endfacet
  facet normal -0.939179182 -0.110380203 0.325205564
    outer loop
      vertex 0.075912945 -0.0269716829 0.0929845646
      vertex 0.0761536807 -0.0264724642 0.0938492417
      vertex 0.0759129524 -0.0263017099 0.0932119861
    endloop
  endfacet
  facet normal 0.527109981 -0.273164302 0.804696381
    outer loop
      vertex 0.0779632926 -0.0278040469 0.0949940085
      vertex 0.0782773271 -0.0277293492 0.0948136598
      vertex 0.078277342 -0.0268141478 0.0951243266
    endloop
  endfacet
  facet normal 0.527114809 -0.273165405 0.804692805
    outer loop
      vertex 0.0779632926 -0.0278040469 0.0949940085
      vertex 0.078277342 -0.0268141478 0.0951243266
      vertex 0.0779633075 -0.0268646665 0.0953128859
    endloop
  endfacet
  facet normal 0.987723887 -0.0502128452 0.147919685
    outer loop
      vertex 0.0797636658 -0.0263654664 0.0915209129
      vertex 0.0799052864 -0.0260220487 0.0906918272
      vertex 0.0799052864 -0.0256594624 0.0908149108
    endloop
  endfacet
  facet normal 0.987724841 -0.0502237864 0.147908956
    outer loop
      vertex 0.0797636658 -0.0263654664 0.0915209129
      vertex 0.0799052864 -0.0256594624 0.0908149108
      vertex 0.0797636732 -0.025891725 0.0916817263
    endloop
  endfacet
  facet normal -0.962658226 -0.0870091692 0.256356359
    outer loop
      vertex 0.0757018402 -0.0266837943 0.0922895446
      vertex 0.075912945 -0.0269716829 0.0929845646
      vertex 0.0759129524 -0.0263017099 0.0932119861
    endloop
  endfacet
  facet normal -0.962655723 -0.0870226026 0.256361336
    outer loop
      vertex 0.0757018402 -0.0266837943 0.0922895446
      vertex 0.0759129524 -0.0263017099 0.0932119861
      vertex 0.0757018402 -0.026107002 0.0924853384
    endloop
  endfacet
  facet normal 0.200222284 -0.314933956 0.927754045
    outer loop
      vertex 0.0776437894 -0.0278290845 0.0950544626
      vertex 0.0779632926 -0.0278040469 0.0949940085
      vertex 0.0779633075 -0.0268646665 0.0953128859
    endloop
  endfacet
  facet normal 0.200237796 -0.31493789 0.927749395
    outer loop
      vertex 0.0776437894 -0.0278290845 0.0950544626
      vertex 0.0779633075 -0.0268646665 0.0953128859
      vertex 0.0776438043 -0.0268815998 0.0953760967
    endloop
  endfacet
  facet normal 0.977803946 -0.0673624054 0.198398188
    outer loop
      vertex 0.0795857757 -0.0266838409 0.0922895446
      vertex 0.0797636658 -0.0263654664 0.0915209129
      vertex 0.0797636732 -0.025891725 0.0916817263
    endloop
  endfacet
  facet normal 0.977803528 -0.0673603415 0.198400751
    outer loop
      vertex 0.0795857757 -0.0266838409 0.0922895446
      vertex 0.0797636732 -0.025891725 0.0916817263
      vertex 0.0795857832 -0.0261070486 0.0924853384
    endloop
  endfacet
  facet normal -0.977805495 -0.0673459545 0.198395565
    outer loop
      vertex 0.0755239576 -0.0263654161 0.0915209129
      vertex 0.0757018402 -0.0266837943 0.0922895446
      vertex 0.0757018402 -0.026107002 0.0924853384
    endloop
  endfacet
  facet normal -0.977805555 -0.0673458576 0.19839555
    outer loop
      vertex 0.0755239576 -0.0263654161 0.0915209129
      vertex 0.0757018402 -0.026107002 0.0924853384
      vertex 0.0755239576 -0.0258916728 0.0916817263
    endloop
  endfacet
  facet normal -0.200233802 -0.314932466 0.927752137
    outer loop
      vertex 0.0773242936 -0.0278040394 0.0949940085
      vertex 0.0776437894 -0.0278290845 0.0950544626
      vertex 0.0776438043 -0.0268815998 0.0953760967
    endloop
  endfacet
  facet normal -0.200245082 -0.314928204 0.927751184
    outer loop
      vertex 0.0773242936 -0.0278040394 0.0949940085
      vertex 0.0776438043 -0.0268815998 0.0953760967
      vertex 0.077324301 -0.026864659 0.0953128859
    endloop
  endfacet
  facet normal 0.962653518 -0.0870362148 0.256364852
    outer loop
      vertex 0.0793746561 -0.0269717257 0.0929845646
      vertex 0.0795857757 -0.0266838409 0.0922895446
      vertex 0.0795857832 -0.0261070486 0.0924853384
    endloop
  endfacet
  facet normal 0.962652862 -0.0870342553 0.256367952
    outer loop
      vertex 0.0793746561 -0.0269717257 0.0929845646
      vertex 0.0795857832 -0.0261070486 0.0924853384
      vertex 0.0793746635 -0.0263017509 0.0932119861
    endloop
  endfacet
  facet normal -0.987725198 -0.050209213 0.147912309
    outer loop
      vertex 0.0753823444 -0.0260219947 0.0906918272
      vertex 0.0755239576 -0.0263654161 0.0915209129
      vertex 0.0755239576 -0.0258916728 0.0916817263
    endloop
  endfacet
  facet normal -0.987725019 -0.0502103902 0.147912458
    outer loop
      vertex 0.0753823444 -0.0260219947 0.0906918272
      vertex 0.0755239576 -0.0258916728 0.0916817263
      vertex 0.0753823444 -0.0256594084 0.0908149108
    endloop
  endfacet
  facet normal -0.527114391 -0.273154289 0.804696977
    outer loop
      vertex 0.077010259 -0.0277293343 0.0948136598
      vertex 0.0773242936 -0.0278040394 0.0949940085
      vertex 0.077324301 -0.026864659 0.0953128859
    endloop
  endfacet
  facet normal -0.527119994 -0.273150802 0.804694414
    outer loop
      vertex 0.077010259 -0.0277293343 0.0948136598
      vertex 0.077324301 -0.026864659 0.0953128859
      vertex 0.0770102665 -0.0268141329 0.0951243266
    endloop
  endfacet
  facet normal -0.901543021 -0.084399119 0.424378425
    outer loop
      vertex 0.0761536807 -0.0264724642 0.0938492417
      vertex 0.0764199048 -0.0266163424 0.0943861902
      vertex 0.0764199197 -0.0257664602 0.0945552438
    endloop
  endfacet
  facet normal -0.901543736 -0.0843974128 0.424377054
    outer loop
      vertex 0.0761536807 -0.0264724642 0.0938492417
      vertex 0.0764199197 -0.0257664602 0.0945552438
      vertex 0.0761536956 -0.025693899 0.0940041095
    endloop
  endfacet
  facet normal 0.726915181 -0.13398774 0.673529148
    outer loop
      vertex 0.078277342 -0.0268141478 0.0951243266
      vertex 0.0785805359 -0.0267309081 0.0948136598
      vertex 0.0785805508 -0.0258242507 0.0949940085
    endloop
  endfacet
  facet normal 0.726908982 -0.133984819 0.673536539
    outer loop
      vertex 0.078277342 -0.0268141478 0.0951243266
      vertex 0.0785805508 -0.0258242507 0.0949940085
      vertex 0.0782773495 -0.0258662272 0.0953128859
    endloop
  endfacet
  facet normal 0.994127095 -0.0211404357 0.106133878
    outer loop
      vertex 0.0799052864 -0.0256594624 0.0908149108
      vertex 0.0800082088 -0.0254142359 0.0898997113
      vertex 0.0800082162 -0.0251602419 0.0899502337
    endloop
  endfacet
  facet normal 0.994126678 -0.021131495 0.106138989
    outer loop
      vertex 0.0799052864 -0.0256594624 0.0908149108
      vertex 0.0800082162 -0.0251602419 0.0899502337
      vertex 0.0799052939 -0.0252839122 0.0908896104
    endloop
  endfacet
  facet normal -0.939178526 -0.0669830665 0.336833715
    outer loop
      vertex 0.0759129524 -0.0263017099 0.0932119861
      vertex 0.0761536807 -0.0264724642 0.0938492417
      vertex 0.0761536956 -0.025693899 0.0940041095
    endloop
  endfacet
  facet normal -0.939179718 -0.0669791549 0.336831063
    outer loop
      vertex 0.0759129524 -0.0263017099 0.0932119861
      vertex 0.0761536956 -0.025693899 0.0940041095
      vertex 0.0759129673 -0.0256077833 0.0933500156
    endloop
  endfacet
  facet normal 0.527116776 -0.165795565 0.833462536
    outer loop
      vertex 0.0779633075 -0.0268646665 0.0953128859
      vertex 0.078277342 -0.0268141478 0.0951243266
      vertex 0.0782773495 -0.0258662272 0.0953128859
    endloop
  endfacet
  facet normal 0.527107894 -0.165792763 0.833468676
    outer loop
      vertex 0.0779633075 -0.0268646665 0.0953128859
      vertex 0.0782773495 -0.0258662272 0.0953128859
      vertex 0.077963315 -0.0258917026 0.0955064222
    endloop
  endfacet
  facet normal 0.987725258 -0.0304914154 0.153196275
    outer loop
      vertex 0.0797636732 -0.025891725 0.0916817263
      vertex 0.0799052864 -0.0256594624 0.0908149108
      vertex 0.0799052939 -0.0252839122 0.0908896104
    endloop
  endfacet
  facet normal 0.987723827 -0.030475134 0.153208509
    outer loop
      vertex 0.0797636732 -0.025891725 0.0916817263
      vertex 0.0799052939 -0.0252839122 0.0908896104
      vertex 0.0797636732 -0.0254010446 0.0917793289
    endloop
  endfacet
  facet normal -0.962655306 -0.0527965315 0.265532225
    outer loop
      vertex 0.0757018402 -0.026107002 0.0924853384
      vertex 0.0759129524 -0.0263017099 0.0932119861
      vertex 0.0759129673 -0.0256077833 0.0933500156
    endloop
  endfacet
  facet normal -0.962653697 -0.0528047122 0.265536547
    outer loop
      vertex 0.0757018402 -0.026107002 0.0924853384
      vertex 0.0759129673 -0.0256077833 0.0933500156
      vertex 0.0757018477 -0.0255095866 0.0926041678
    endloop
  endfacet
  facet normal 0.200239509 -0.191142276 0.960920811
    outer loop
      vertex 0.0776438043 -0.0268815998 0.0953760967
      vertex 0.0779633075 -0.0268646665 0.0953128859
      vertex 0.077963315 -0.0258917026 0.0955064222
    endloop
  endfacet
  facet normal 0.200214297 -0.191135004 0.960927486
    outer loop
      vertex 0.0776438043 -0.0268815998 0.0953760967
      vertex 0.077963315 -0.0258917026 0.0955064222
      vertex 0.0776438117 -0.0259002391 0.0955712944
    endloop
  endfacet
  facet normal 0.977803707 -0.0408760235 0.205497116
    outer loop
      vertex 0.0795857832 -0.0261070486 0.0924853384
      vertex 0.0797636732 -0.025891725 0.0916817263
      vertex 0.0797636732 -0.0254010446 0.0917793289
    endloop
  endfacet
  facet normal 0.977805078 -0.0408850089 0.205488473
    outer loop
      vertex 0.0795857832 -0.0261070486 0.0924853384
      vertex 0.0797636732 -0.0254010446 0.0917793289
      vertex 0.0795857906 -0.0255096331 0.0926041678
    endloop
  endfacet
  facet normal -0.977805376 -0.0408613421 0.205492064
    outer loop
      vertex 0.0755239576 -0.0258916728 0.0916817263
      vertex 0.0757018402 -0.026107002 0.0924853384
      vertex 0.0757018477 -0.0255095866 0.0926041678
    endloop
  endfacet
  facet normal -0.977805555 -0.0408600606 0.205491558
    outer loop
      vertex 0.0755239576 -0.0258916728 0.0916817263
      vertex 0.0757018477 -0.0255095866 0.0926041678
      vertex 0.0755239651 -0.0254009925 0.0917793289
    endloop
  endfacet
  facet normal -0.200243622 -0.191130921 0.960922122
    outer loop
      vertex 0.077324301 -0.026864659 0.0953128859
      vertex 0.0776438043 -0.0268815998 0.0953760967
      vertex 0.0776438117 -0.0259002391 0.0955712944
    endloop
  endfacet
  facet normal -0.200222954 -0.191138521 0.960924983
    outer loop
      vertex 0.077324301 -0.026864659 0.0953128859
      vertex 0.0776438117 -0.0259002391 0.0955712944
      vertex 0.0773243159 -0.0258916952 0.0955064222
    endloop
  endfacet
  facet normal 0.96265316 -0.0528281033 0.265533417
    outer loop
      vertex 0.0793746635 -0.0263017509 0.0932119861
      vertex 0.0795857832 -0.0261070486 0.0924853384
      vertex 0.0795857906 -0.0255096331 0.0926041678
    endloop
  endfacet
  facet normal 0.9626531 -0.0528278463 0.265533715
    outer loop
      vertex 0.0793746635 -0.0263017509 0.0932119861
      vertex 0.0795857906 -0.0255096331 0.0926041678
      vertex 0.079374671 -0.0256078243 0.0933500156
    endloop
  endfacet
  facet normal -0.9877249 -0.0304593779 0.153204739
    outer loop
      vertex 0.0753823444 -0.0256594084 0.0908149108
      vertex 0.0755239576 -0.0258916728 0.0916817263
      vertex 0.0755239651 -0.0254009925 0.0917793289
    endloop
  endfacet
  facet normal -0.987725258 -0.0304535814 0.153203249
    outer loop
      vertex 0.0753823444 -0.0256594084 0.0908149108
      vertex 0.0755239651 -0.0254009925 0.0917793289
      vertex 0.0753823519 -0.0252838582 0.0908896104
    endloop
  endfacet
  facet normal -0.52711916 -0.165779725 0.833464146
    outer loop
      vertex 0.0770102665 -0.0268141329 0.0951243266
      vertex 0.077324301 -0.026864659 0.0953128859
      vertex 0.0773243159 -0.0258916952 0.0955064222
    endloop
  endfacet
  facet normal -0.527110934 -0.165784299 0.833468378
    outer loop
      vertex 0.0770102665 -0.0268141329 0.0951243266
      vertex 0.0773243159 -0.0258916952 0.0955064222
      vertex 0.0770102814 -0.0258662123 0.0953128859
    endloop
  endfacet
  facet normal 0.939179003 -0.0670086741 0.336827368
    outer loop
      vertex 0.0791339353 -0.0264725015 0.0938492417
      vertex 0.0793746635 -0.0263017509 0.0932119861
      vertex 0.079374671 -0.0256078243 0.0933500156
    endloop
  endfacet
  facet normal 0.939178944 -0.0670086294 0.336827457
    outer loop
      vertex 0.0791339353 -0.0264725015 0.0938492417
      vertex 0.079374671 -0.0256078243 0.0933500156
      vertex 0.0791339427 -0.0256939344 0.0940041095
    endloop
  endfacet
  facet normal -0.994127512 -0.0210920125 0.106138766
    outer loop
      vertex 0.0752794296 -0.02541418 0.0898997113
      vertex 0.0753823444 -0.0256594084 0.0908149108
      vertex 0.0753823519 -0.0252838582 0.0908896104
    endloop
  endfacet
  facet normal -0.994126856 -0.0211127736 0.106141426
    outer loop
      vertex 0.0752794296 -0.02541418 0.0898997113
      vertex 0.0753823519 -0.0252838582 0.0908896104
      vertex 0.0752794296 -0.025160186 0.0899502337
    endloop
  endfacet
  facet normal -0.726916134 -0.133966878 0.673532367
    outer loop
      vertex 0.0767070726 -0.0267308857 0.0948136598
      vertex 0.0770102665 -0.0268141329 0.0951243266
      vertex 0.0770102814 -0.0258662123 0.0953128859
    endloop
  endfacet
  facet normal -0.726919949 -0.13396351 0.673528969
    outer loop
      vertex 0.0767070726 -0.0267308857 0.0948136598
      vertex 0.0770102814 -0.0258662123 0.0953128859
      vertex 0.0767070875 -0.0258242264 0.0949940085
    endloop
  endfacet
  facet normal 0.901538432 -0.084424302 0.424383104
    outer loop
      vertex 0.0788677037 -0.0266163722 0.0943861902
      vertex 0.0791339353 -0.0264725015 0.0938492417
      vertex 0.0791339427 -0.0256939344 0.0940041095
    endloop
  endfacet
  facet normal 0.901542664 -0.0844296589 0.42437306
    outer loop
      vertex 0.0788677037 -0.0266163722 0.0943861902
      vertex 0.0791339427 -0.0256939344 0.0940041095
      vertex 0.0788677186 -0.02576649 0.0945552438
    endloop
  endfacet
  facet normal -0.997971654 -0.0124192731 0.0624360293
    outer loop
      vertex 0.0752169639 -0.0251601841 0.0889517888
      vertex 0.0752794296 -0.02541418 0.0898997113
      vertex 0.0752794296 -0.025160186 0.0899502337
    endloop
  endfacet
  facet normal -0.997972488 -0.0123585351 0.0624360926
    outer loop
      vertex 0.0752169639 -0.0251601841 0.0889517888
      vertex 0.0752794296 -0.025160186 0.0899502337
      vertex 0.0752169713 -0.0250320919 0.0889772624
    endloop
  endfacet
  facet normal 0.999779105 -0.00409921072 0.0206129495
    outer loop
      vertex 0.0800706819 -0.0251602437 0.0889517888
      vertex 0.0800916255 -0.0249018278 0.0879873633
      vertex 0.0800706819 -0.0250321496 0.0889772624
    endloop
  endfacet
  facet normal -0.838333726 -0.106343396 0.534684718
    outer loop
      vertex 0.0764199048 -0.0266163424 0.0943861902
      vertex 0.0767070726 -0.0267308857 0.0948136598
      vertex 0.0767070875 -0.0258242264 0.0949940085
    endloop
  endfacet
  facet normal -0.838335156 -0.10634131 0.534682751
    outer loop
      vertex 0.0764199048 -0.0266163424 0.0943861902
      vertex 0.0767070875 -0.0258242264 0.0949940085
      vertex 0.0764199197 -0.0257664602 0.0945552438
    endloop
  endfacet
  facet normal 0.838333607 -0.106370039 0.534679413
    outer loop
      vertex 0.0785805359 -0.0267309081 0.0948136598
      vertex 0.0788677037 -0.0266163722 0.0943861902
      vertex 0.0788677186 -0.02576649 0.0945552438
    endloop
  endfacet
  facet normal 0.838333726 -0.106370099 0.534679234
    outer loop
      vertex 0.0785805359 -0.0267309081 0.0948136598
      vertex 0.0788677186 -0.02576649 0.0945552438
      vertex 0.0785805508 -0.0258242507 0.0949940085
    endloop
  endfacet
  facet normal -0.999779224 -0.00404258631 0.0206203945
    outer loop
      vertex 0.0751960278 -0.0249017682 0.0879873633
      vertex 0.0752169639 -0.0251601841 0.0889517888
      vertex 0.0752169713 -0.0250320919 0.0889772624
    endloop
  endfacet
  facet normal 0.997971177 -0.0124180084 0.0624442212
    outer loop
      vertex 0.0800082088 -0.0254142359 0.0898997113
      vertex 0.0800706819 -0.0251602437 0.0889517888
      vertex 0.0800706819 -0.0250321496 0.0889772624
    endloop
  endfacet
  facet normal 0.997971535 -0.0124477223 0.0624319538
    outer loop
      vertex 0.0800082088 -0.0254142359 0.0898997113
      vertex 0.0800706819 -0.0250321496 0.0889772624
      vertex 0.0800082162 -0.0251602419 0.0899502337
    endloop
  endfacet
  facet normal 0.977805436 -0.013715269 0.209065393
    outer loop
      vertex 0.0795857906 -0.0255096331 0.0926041678
      vertex 0.0797636732 -0.0254010446 0.0917793289
      vertex 0.0797636807 -0.0249018222 0.0918120444
    endloop
  endfacet
  facet normal 0.977805376 -0.0137149077 0.209065646
    outer loop
      vertex 0.0795857906 -0.0255096331 0.0926041678
      vertex 0.0797636807 -0.0249018222 0.0918120444
      vertex 0.0795857981 -0.0249018203 0.092644006
    endloop
  endfacet
  facet normal -0.977805138 -0.013691118 0.209068418
    outer loop
      vertex 0.0755239651 -0.0254009925 0.0917793289
      vertex 0.0757018477 -0.0255095866 0.0926041678
      vertex 0.0757018551 -0.0249017738 0.092644006
    endloop
  endfacet
  facet normal -0.977805793 -0.013686141 0.209065691
    outer loop
      vertex 0.0755239651 -0.0254009925 0.0917793289
      vertex 0.0757018551 -0.0249017738 0.092644006
      vertex 0.0755239725 -0.0249017719 0.0918120444
    endloop
  endfacet
  facet normal -0.200221613 -0.0640730187 0.977653265
    outer loop
      vertex 0.0773243159 -0.0258916952 0.0955064222
      vertex 0.0776438117 -0.0259002391 0.0955712944
      vertex 0.0776438266 -0.024901798 0.0956367329
    endloop
  endfacet
  facet normal -0.200214788 -0.0640753731 0.977654517
    outer loop
      vertex 0.0773243159 -0.0258916952 0.0955064222
      vertex 0.0776438266 -0.024901798 0.0956367329
      vertex 0.0773243234 -0.0249017924 0.0955713019
    endloop
  endfacet
  facet normal 0.962653518 -0.0177188013 0.270155996
    outer loop
      vertex 0.079374671 -0.0256078243 0.0933500156
      vertex 0.0795857906 -0.0255096331 0.0926041678
      vertex 0.0795857981 -0.0249018203 0.092644006
    endloop
  endfacet
  facet normal 0.96265322 -0.0177177489 0.27015695
    outer loop
      vertex 0.079374671 -0.0256078243 0.0933500156
      vertex 0.0795857981 -0.0249018203 0.092644006
      vertex 0.0793746784 -0.0249018185 0.0933962911
    endloop
  endfacet
  facet normal -0.987725019 -0.0101998858 0.155869663
    outer loop
      vertex 0.0753823519 -0.0252838582 0.0908896104
      vertex 0.0755239651 -0.0254009925 0.0917793289
      vertex 0.0755239725 -0.0249017719 0.0918120444
    endloop
  endfacet
  facet normal -0.987725317 -0.0101960693 0.155868128
    outer loop
      vertex 0.0753823519 -0.0252838582 0.0908896104
      vertex 0.0755239725 -0.0249017719 0.0918120444
      vertex 0.0753823593 -0.0249017701 0.0909146518
    endloop
  endfacet
  facet normal -0.527109861 -0.0555737354 0.847978055
    outer loop
      vertex 0.0770102814 -0.0258662123 0.0953128859
      vertex 0.0773243159 -0.0258916952 0.0955064222
      vertex 0.0773243234 -0.0249017924 0.0955713019
    endloop
  endfacet
  facet normal -0.527122557 -0.0555675849 0.847970545
    outer loop
      vertex 0.0770102814 -0.0258662123 0.0953128859
      vertex 0.0773243234 -0.0249017924 0.0955713019
      vertex 0.0770102888 -0.0249017905 0.0953760892
    endloop
  endfacet
  facet normal 0.93917942 -0.0224717744 0.342690825
    outer loop
      vertex 0.0791339427 -0.0256939344 0.0940041095
      vertex 0.079374671 -0.0256078243 0.0933500156
      vertex 0.0793746784 -0.0249018185 0.0933962911
    endloop
  endfacet
  facet normal 0.939178407 -0.0224690977 0.342693895
    outer loop
      vertex 0.0791339427 -0.0256939344 0.0940041095
      vertex 0.0793746784 -0.0249018185 0.0933962911
      vertex 0.0791339502 -0.0249018166 0.0940560251
    endloop
  endfacet
  facet normal -0.994126737 -0.00705820136 0.107991748
    outer loop
      vertex 0.0752794296 -0.025160186 0.0899502337
      vertex 0.0753823519 -0.0252838582 0.0908896104
      vertex 0.0753823593 -0.0249017701 0.0909146518
    endloop
  endfacet
  facet normal -0.994127154 -0.00704835728 0.107989155
    outer loop
      vertex 0.0752794296 -0.025160186 0.0899502337
      vertex 0.0753823593 -0.0249017701 0.0909146518
      vertex 0.075279437 -0.0249017701 0.0899671689
    endloop
  endfacet
  facet normal -0.726918638 -0.0449024364 0.685254037
    outer loop
      vertex 0.0767070875 -0.0258242264 0.0949940085
      vertex 0.0770102814 -0.0258662123 0.0953128859
      vertex 0.0770102888 -0.0249017905 0.0953760892
    endloop
  endfacet
  facet normal -0.726908803 -0.0449097864 0.685264051
    outer loop
      vertex 0.0767070875 -0.0258242264 0.0949940085
      vertex 0.0770102888 -0.0249017905 0.0953760892
      vertex 0.0767070949 -0.024901785 0.09505447
    endloop
  endfacet
  facet normal 0.901543379 -0.0283062831 0.43176195
    outer loop
      vertex 0.0788677186 -0.02576649 0.0945552438
      vertex 0.0791339427 -0.0256939344 0.0940041095
      vertex 0.0791339502 -0.0249018166 0.0940560251
    endloop
  endfacet
  facet normal 0.901542366 -0.0283046793 0.431764185
    outer loop
      vertex 0.0788677186 -0.02576649 0.0945552438
      vertex 0.0791339502 -0.0249018166 0.0940560251
      vertex 0.078867726 -0.0249018129 0.094611913
    endloop
  endfacet
  facet normal -0.997972131 -0.00413391972 0.0635188669
    outer loop
      vertex 0.0752169713 -0.0250320919 0.0889772624
      vertex 0.0752794296 -0.025160186 0.0899502337
      vertex 0.075279437 -0.0249017701 0.0899671689
    endloop
  endfacet
  facet normal -0.997971654 -0.00416544126 0.0635229796
    outer loop
      vertex 0.0752169713 -0.0250320919 0.0889772624
      vertex 0.075279437 -0.0249017701 0.0899671689
      vertex 0.0752169713 -0.0249017682 0.0889858082
    endloop
  endfacet
  facet normal 0.999779105 -0.00137520453 0.0209715702
    outer loop
      vertex 0.0800706819 -0.0250321496 0.0889772624
      vertex 0.0800916255 -0.0249018278 0.0879873633
      vertex 0.0800706819 -0.0249018278 0.0889858082
    endloop
  endfacet
  facet normal -0.838334501 -0.0356490314 0.543989301
    outer loop
      vertex 0.0764199197 -0.0257664602 0.0945552438
      vertex 0.0767070875 -0.0258242264 0.0949940085
      vertex 0.0767070949 -0.024901785 0.09505447
    endloop
  endfacet
  facet normal -0.838338494 -0.035644304 0.5439834
    outer loop
      vertex 0.0764199197 -0.0257664602 0.0945552438
      vertex 0.0767070949 -0.024901785 0.09505447
      vertex 0.0764199272 -0.0249017831 0.094611913
    endloop
  endfacet
  facet normal 0.83833456 -0.0356590897 0.543988526
    outer loop
      vertex 0.0785805508 -0.0258242507 0.0949940085
      vertex 0.0788677186 -0.02576649 0.0945552438
      vertex 0.078867726 -0.0249018129 0.094611913
    endloop
  endfacet
  facet normal 0.838329673 -0.0356542505 0.543996453
    outer loop
      vertex 0.0785805508 -0.0258242507 0.0949940085
      vertex 0.078867726 -0.0249018129 0.094611913
      vertex 0.0785805583 -0.0249018092 0.0950544551
    endloop
  endfacet
  facet normal -0.999779105 -0.00137518789 0.0209715683
    outer loop
      vertex 0.0751960278 -0.0249017682 0.0879873633
      vertex 0.0752169713 -0.0250320919 0.0889772624
      vertex 0.0752169713 -0.0249017682 0.0889858082
    endloop
  endfacet
  facet normal 0.997971714 -0.00416548597 0.0635223165
    outer loop
      vertex 0.0800082162 -0.0251602419 0.0899502337
      vertex 0.0800706819 -0.0250321496 0.0889772624
      vertex 0.0800706819 -0.0249018278 0.0889858082
    endloop
  endfacet
  facet normal 0.997971654 -0.00416295044 0.063523002
    outer loop
      vertex 0.0800082162 -0.0251602419 0.0899502337
      vertex 0.0800706819 -0.0249018278 0.0889858082
      vertex 0.0800082162 -0.0249018259 0.0899671689
    endloop
  endfacet
  facet normal -0.901542962 -0.0282891095 0.431763738
    outer loop
      vertex 0.0761536956 -0.025693899 0.0940041095
      vertex 0.0764199197 -0.0257664602 0.0945552438
      vertex 0.0764199272 -0.0249017831 0.094611913
    endloop
  endfacet
  facet normal -0.901542962 -0.0282894056 0.431764066
    outer loop
      vertex 0.0761536956 -0.025693899 0.0940041095
      vertex 0.0764199272 -0.0249017831 0.094611913
      vertex 0.076153703 -0.0249017794 0.0940560251
    endloop
  endfacet
  facet normal 0.726909757 -0.0449103862 0.685262918
    outer loop
      vertex 0.0782773495 -0.0258662272 0.0953128859
      vertex 0.0785805508 -0.0258242507 0.0949940085
      vertex 0.0785805583 -0.0249018092 0.0950544551
    endloop
  endfacet
  facet normal 0.726923645 -0.0449188538 0.68524754
    outer loop
      vertex 0.0782773495 -0.0258662272 0.0953128859
      vertex 0.0785805583 -0.0249018092 0.0950544551
      vertex 0.0782773644 -0.0249018054 0.0953760892
    endloop
  endfacet
  facet normal 0.994126856 -0.00707701687 0.107989296
    outer loop
      vertex 0.0799052939 -0.0252839122 0.0908896104
      vertex 0.0800082162 -0.0251602419 0.0899502337
      vertex 0.0800082162 -0.0249018259 0.0899671689
    endloop
  endfacet
  facet normal 0.994126856 -0.00707742386 0.10798914
    outer loop
      vertex 0.0799052939 -0.0252839122 0.0908896104
      vertex 0.0800082162 -0.0249018259 0.0899671689
      vertex 0.0799052939 -0.0249018241 0.0909146518
    endloop
  endfacet
  facet normal -0.939179063 -0.0224513337 0.34269321
    outer loop
      vertex 0.0759129673 -0.0256077833 0.0933500156
      vertex 0.0761536956 -0.025693899 0.0940041095
      vertex 0.076153703 -0.0249017794 0.0940560251
    endloop
  endfacet
  facet normal -0.939180195 -0.0224483218 0.342690557
    outer loop
      vertex 0.0759129673 -0.0256077833 0.0933500156
      vertex 0.076153703 -0.0249017794 0.0940560251
      vertex 0.0759129748 -0.0249017775 0.0933962837
    endloop
  endfacet
  facet normal 0.527109146 -0.0555803068 0.847978055
    outer loop
      vertex 0.077963315 -0.0258917026 0.0955064222
      vertex 0.0782773495 -0.0258662272 0.0953128859
      vertex 0.0782773644 -0.0249018054 0.0953760892
    endloop
  endfacet
  facet normal 0.52710706 -0.0555794537 0.847979426
    outer loop
      vertex 0.077963315 -0.0258917026 0.0955064222
      vertex 0.0782773644 -0.0249018054 0.0953760892
      vertex 0.0779633299 -0.0249018017 0.0955712944
    endloop
  endfacet
  facet normal 0.987723887 -0.0102158142 0.155875683
    outer loop
      vertex 0.0797636732 -0.0254010446 0.0917793289
      vertex 0.0799052939 -0.0252839122 0.0908896104
      vertex 0.0799052939 -0.0249018241 0.0909146518
    endloop
  endfacet
  facet normal 0.98772496 -0.0102292327 0.155868113
    outer loop
      vertex 0.0797636732 -0.0254010446 0.0917793289
      vertex 0.0799052939 -0.0249018241 0.0909146518
      vertex 0.0797636807 -0.0249018222 0.0918120444
    endloop
  endfacet
  facet normal -0.96265316 -0.0176947005 0.270158917
    outer loop
      vertex 0.0757018477 -0.0255095866 0.0926041678
      vertex 0.0759129673 -0.0256077833 0.0933500156
      vertex 0.0759129748 -0.0249017775 0.0933962837
    endloop
  endfacet
  facet normal -0.962652981 -0.0176954269 0.270159423
    outer loop
      vertex 0.0757018477 -0.0255095866 0.0926041678
      vertex 0.0759129748 -0.0249017775 0.0933962837
      vertex 0.0757018551 -0.0249017738 0.092644006
    endloop
  endfacet
  facet normal 0.200215697 -0.0640726611 0.977654517
    outer loop
      vertex 0.0776438117 -0.0259002391 0.0955712944
      vertex 0.077963315 -0.0258917026 0.0955064222
      vertex 0.0779633299 -0.0249018017 0.0955712944
    endloop
  endfacet
  facet normal 0.200234786 -0.064078778 0.977650166
    outer loop
      vertex 0.0776438117 -0.0259002391 0.0955712944
      vertex 0.0779633299 -0.0249018017 0.0955712944
      vertex 0.0776438266 -0.024901798 0.0956367329
    endloop
  endfacet
endsolid K1_camera_lens_R
