solid K1_face_side_glow_R_001
  facet normal -0.771505117 0.0623690262 0.633158624
    outer loop
      vertex 0.0610573143 0.0663332939 0.0646001995
      vertex 0.0621620454 0.066333279 0.0659463182
      vertex 0.0621620603 0.0675587058 0.0658256263
    endloop
  endfacet
  facet normal -0.771504164 0.0623665974 0.633160114
    outer loop
      vertex 0.0610573143 0.0663332939 0.0646001995
      vertex 0.0621620603 0.0675587058 0.0658256263
      vertex 0.0610573255 0.0672961026 0.0645053759
    endloop
  endfacet
  facet normal 0.469630718 0.0865269825 0.878612638
    outer loop
      vertex 0.0718428046 0.0663331673 0.0678719431
      vertex 0.0733785778 0.0663331449 0.067051053
      vertex 0.0733786002 0.0677740946 0.0669091344
    endloop
  endfacet
  facet normal 0.469628245 0.0865302384 0.878613532
    outer loop
      vertex 0.0718428046 0.0663331673 0.0678719431
      vertex 0.0733786002 0.0677740946 0.0669091344
      vertex 0.0718428195 0.0679342598 0.0677142516
    endloop
  endfacet
  facet normal -0.880972266 0.0463863313 0.470888734
    outer loop
      vertex 0.0602364242 0.0663333014 0.0630644187
      vertex 0.0610573143 0.0663332939 0.0646001995
      vertex 0.0610573255 0.0672961026 0.0645053759
    endloop
  endfacet
  facet normal -0.880971491 0.0463831797 0.470890403
    outer loop
      vertex 0.0602364242 0.0663333014 0.0630644187
      vertex 0.0610573255 0.0672961026 0.0645053759
      vertex 0.0602364317 0.0669964999 0.0629991069
    endloop
  endfacet
  facet normal 0.289003074 0.0938305631 0.952718735
    outer loop
      vertex 0.0701763853 0.0663331822 0.0683774427
      vertex 0.0718428046 0.0663331673 0.0678719431
      vertex 0.0718428195 0.0679342598 0.0677142516
    endloop
  endfacet
  facet normal 0.289002985 0.0938306302 0.952718735
    outer loop
      vertex 0.0701763853 0.0663331822 0.0683774427
      vertex 0.0718428195 0.0679342598 0.0677142516
      vertex 0.0701764077 0.068032898 0.0682100356
    endloop
  endfacet
  facet normal -0.95654875 0.0285864472 0.29016763
    outer loop
      vertex 0.0597309209 0.0663333088 0.061398007
      vertex 0.0602364242 0.0663333014 0.0630644187
      vertex 0.0602364317 0.0669964999 0.0629991069
    endloop
  endfacet
  facet normal -0.95654881 0.0285873283 0.290167272
    outer loop
      vertex 0.0597309209 0.0663333088 0.061398007
      vertex 0.0602364317 0.0669964999 0.0629991069
      vertex 0.0597309247 0.0666714013 0.0613647103
    endloop
  endfacet
  facet normal 0.0975500867 0.0975482166 0.990438461
    outer loop
      vertex 0.0684433728 0.0663332045 0.068548128
      vertex 0.0701763853 0.0663331822 0.0683774427
      vertex 0.0701764077 0.068032898 0.0682100356
    endloop
  endfacet
  facet normal 0.0975507125 0.0975475609 0.990438461
    outer loop
      vertex 0.0684433728 0.0663332045 0.068548128
      vertex 0.0701764077 0.068032898 0.0682100356
      vertex 0.0684433952 0.068066217 0.0683774427
    endloop
  endfacet
  facet normal 0.995138228 0.00963106193 0.0980159864
    outer loop
      vertex 0.077155821 0.0663331002 0.061398007
      vertex 0.0773265138 0.0663331002 0.0596649945
      vertex 0.0771558285 0.0666711926 0.0613647103
    endloop
  endfacet
  facet normal -0.995138288 0.00966354925 0.0980117172
    outer loop
      vertex 0.0595602356 0.0663333088 0.0596649945
      vertex 0.0597309209 0.0663333088 0.061398007
      vertex 0.0597309247 0.0666714013 0.0613647103
    endloop
  endfacet
  facet normal -0.0975475833 0.0975500941 0.990438521
    outer loop
      vertex 0.0667103603 0.0663332269 0.0683774427
      vertex 0.0684433728 0.0663332045 0.068548128
      vertex 0.0684433952 0.068066217 0.0683774427
    endloop
  endfacet
  facet normal -0.0975482464 0.0975507572 0.990438342
    outer loop
      vertex 0.0667103603 0.0663332269 0.0683774427
      vertex 0.0684433952 0.068066217 0.0683774427
      vertex 0.0667103827 0.0680329427 0.0682100356
    endloop
  endfacet
  facet normal 0.956550241 0.0285555143 0.290165663
    outer loop
      vertex 0.0766503215 0.0663331077 0.0630644187
      vertex 0.077155821 0.0663331002 0.061398007
      vertex 0.0771558285 0.0666711926 0.0613647103
    endloop
  endfacet
  facet normal 0.956549525 0.0285652578 0.290167391
    outer loop
      vertex 0.0766503215 0.0663331077 0.0630644187
      vertex 0.0771558285 0.0666711926 0.0613647103
      vertex 0.0766503289 0.0669962987 0.0629991069
    endloop
  endfacet
  facet normal -0.289000958 0.0938382074 0.952718616
    outer loop
      vertex 0.0650439411 0.0663332492 0.0678719431
      vertex 0.0667103603 0.0663332269 0.0683774427
      vertex 0.0667103827 0.0680329427 0.0682100356
    endloop
  endfacet
  facet normal -0.289000064 0.0938372985 0.952719033
    outer loop
      vertex 0.0650439411 0.0663332492 0.0678719431
      vertex 0.0667103827 0.0680329427 0.0682100356
      vertex 0.0650439635 0.0679343417 0.0677142516
    endloop
  endfacet
  facet normal 0.880973339 0.0463637151 0.470888764
    outer loop
      vertex 0.0758294314 0.0663331151 0.0646001995
      vertex 0.0766503215 0.0663331077 0.0630644187
      vertex 0.0766503289 0.0669962987 0.0629991069
    endloop
  endfacet
  facet normal 0.880973697 0.0463624597 0.470888436
    outer loop
      vertex 0.0758294314 0.0663331151 0.0646001995
      vertex 0.0766503289 0.0669962987 0.0629991069
      vertex 0.0758294463 0.0672959238 0.0645053759
    endloop
  endfacet
  facet normal -0.469631851 0.0865409002 0.878610611
    outer loop
      vertex 0.0635081679 0.0663332641 0.0670510456
      vertex 0.0650439411 0.0663332492 0.0678719431
      vertex 0.0650439635 0.0679343417 0.0677142516
    endloop
  endfacet
  facet normal -0.469626784 0.0865347013 0.878613889
    outer loop
      vertex 0.0635081679 0.0663332641 0.0670510456
      vertex 0.0650439635 0.0679343417 0.0677142516
      vertex 0.0635081828 0.0677742139 0.0669091344
    endloop
  endfacet
  facet normal 0.771505892 0.0623456761 0.633159935
    outer loop
      vertex 0.0747246966 0.06633313 0.0659463182
      vertex 0.0758294314 0.0663331151 0.0646001995
      vertex 0.0758294463 0.0672959238 0.0645053759
    endloop
  endfacet
  facet normal 0.771504045 0.0623505563 0.633161843
    outer loop
      vertex 0.0747246966 0.06633313 0.0659463182
      vertex 0.0758294463 0.0672959238 0.0645053759
      vertex 0.0747247115 0.0675585568 0.0658256263
    endloop
  endfacet
  facet normal -0.632559717 0.0759166032 0.770781994
    outer loop
      vertex 0.0621620454 0.066333279 0.0659463182
      vertex 0.0635081679 0.0663332641 0.0670510456
      vertex 0.0635081828 0.0677742139 0.0669091344
    endloop
  endfacet
  facet normal -0.632562816 0.0759215057 0.770778954
    outer loop
      vertex 0.0621620454 0.066333279 0.0659463182
      vertex 0.0635081828 0.0677742139 0.0669091344
      vertex 0.0621620603 0.0675587058 0.0658256263
    endloop
  endfacet
  facet normal 0.632564843 0.0759061277 0.770778835
    outer loop
      vertex 0.0733785778 0.0663331449 0.067051053
      vertex 0.0747246966 0.06633313 0.0659463182
      vertex 0.0747247115 0.0675585568 0.0658256263
    endloop
  endfacet
  facet normal 0.632566035 0.0759038478 0.770778
    outer loop
      vertex 0.0733785778 0.0663331449 0.067051053
      vertex 0.0747247115 0.0675585568 0.0658256263
      vertex 0.0733786002 0.0677740946 0.0669091344
    endloop
  endfacet
  facet normal -0.632561088 0.224835515 0.741158128
    outer loop
      vertex 0.0621620603 0.0675587058 0.0658256263
      vertex 0.0635081828 0.0677742139 0.0669091344
      vertex 0.0635081977 0.0691597834 0.0664888248
    endloop
  endfacet
  facet normal -0.632560849 0.224835113 0.741158545
    outer loop
      vertex 0.0621620603 0.0675587058 0.0658256263
      vertex 0.0635081977 0.0691597834 0.0664888248
      vertex 0.0621620752 0.0687370375 0.0654681846
    endloop
  endfacet
  facet normal 0.632568061 0.224818707 0.741157353
    outer loop
      vertex 0.0733786002 0.0677740946 0.0669091344
      vertex 0.0747247115 0.0675585568 0.0658256263
      vertex 0.0747247264 0.0687368885 0.0654681846
    endloop
  endfacet
  facet normal 0.632567048 0.224820599 0.741157651
    outer loop
      vertex 0.0733786002 0.0677740946 0.0669091344
      vertex 0.0747247264 0.0687368885 0.0654681846
      vertex 0.0733786151 0.0691596717 0.0664888248
    endloop
  endfacet
  facet normal -0.771502972 0.184694842 0.608827591
    outer loop
      vertex 0.0610573255 0.0672961026 0.0645053759
      vertex 0.0621620603 0.0675587058 0.0658256263
      vertex 0.0621620752 0.0687370375 0.0654681846
    endloop
  endfacet
  facet normal -0.771502733 0.184694454 0.608827949
    outer loop
      vertex 0.0610573255 0.0672961026 0.0645053759
      vertex 0.0621620752 0.0687370375 0.0654681846
      vertex 0.0610573366 0.0682219192 0.0642245337
    endloop
  endfacet
  facet normal 0.469630212 0.256276697 0.844848931
    outer loop
      vertex 0.0718428195 0.0679342598 0.0677142516
      vertex 0.0733786002 0.0677740946 0.0669091344
      vertex 0.0733786151 0.0691596717 0.0664888248
    endloop
  endfacet
  facet normal 0.469630152 0.256276727 0.844848931
    outer loop
      vertex 0.0718428195 0.0679342598 0.0677142516
      vertex 0.0733786151 0.0691596717 0.0664888248
      vertex 0.0718428418 0.0694738254 0.0672472268
    endloop
  endfacet
  facet normal -0.880970657 0.137363434 0.452793539
    outer loop
      vertex 0.0602364317 0.0669964999 0.0629991069
      vertex 0.0610573255 0.0672961026 0.0645053759
      vertex 0.0610573366 0.0682219192 0.0642245337
    endloop
  endfacet
  facet normal -0.880970657 0.137363449 0.452793539
    outer loop
      vertex 0.0602364317 0.0669964999 0.0629991069
      vertex 0.0610573366 0.0682219192 0.0642245337
      vertex 0.0602364391 0.06763421 0.0628056601
    endloop
  endfacet
  facet normal 0.28900528 0.277895063 0.916106045
    outer loop
      vertex 0.0701764077 0.068032898 0.0682100356
      vertex 0.0718428195 0.0679342598 0.0677142516
      vertex 0.0718428418 0.0694738254 0.0672472268
    endloop
  endfacet
  facet normal 0.28900516 0.277895272 0.916106045
    outer loop
      vertex 0.0701764077 0.068032898 0.0682100356
      vertex 0.0718428418 0.0694738254 0.0672472268
      vertex 0.07017643 0.0696672946 0.0677142441
    endloop
  endfacet
  facet normal -0.956548274 0.0846495181 0.27901575
    outer loop
      vertex 0.0597309247 0.0666714013 0.0613647103
      vertex 0.0602364317 0.0669964999 0.0629991069
      vertex 0.0602364391 0.06763421 0.0628056601
    endloop
  endfacet
  facet normal -0.956548333 0.0846492946 0.279015899
    outer loop
      vertex 0.0597309247 0.0666714013 0.0613647103
      vertex 0.0602364391 0.06763421 0.0628056601
      vertex 0.0597309284 0.0669965073 0.0612660907
    endloop
  endfacet
  facet normal 0.0975528881 0.288900286 0.952376008
    outer loop
      vertex 0.0684433952 0.068066217 0.0683774427
      vertex 0.0701764077 0.068032898 0.0682100356
      vertex 0.07017643 0.0696672946 0.0677142441
    endloop
  endfacet
  facet normal 0.0975560471 0.288897157 0.952376664
    outer loop
      vertex 0.0684433952 0.068066217 0.0683774427
      vertex 0.07017643 0.0696672946 0.0677142441
      vertex 0.0684434175 0.0697326362 0.0678719431
    endloop
  endfacet
  facet normal 0.995138407 0.028588865 0.0942450911
    outer loop
      vertex 0.0771558285 0.0666711926 0.0613647103
      vertex 0.0773265138 0.0663331002 0.0596649945
      vertex 0.0771558285 0.0669962987 0.0612660907
    endloop
  endfacet
  facet normal -0.995138109 0.028600255 0.0942449719
    outer loop
      vertex 0.0595602356 0.0663333088 0.0596649945
      vertex 0.0597309247 0.0666714013 0.0613647103
      vertex 0.0597309284 0.0669965073 0.0612660907
    endloop
  endfacet
  facet normal -0.0975455195 0.288899869 0.952376902
    outer loop
      vertex 0.0667103827 0.0680329427 0.0682100356
      vertex 0.0684433952 0.068066217 0.0683774427
      vertex 0.0684434175 0.0697326362 0.0678719431
    endloop
  endfacet
  facet normal -0.0975482836 0.288902462 0.95237577
    outer loop
      vertex 0.0667103827 0.0680329427 0.0682100356
      vertex 0.0684434175 0.0697326362 0.0678719431
      vertex 0.0667103976 0.0696673393 0.0677142441
    endloop
  endfacet
  facet normal 0.956549942 0.0846376643 0.279013842
    outer loop
      vertex 0.0766503289 0.0669962987 0.0629991069
      vertex 0.0771558285 0.0666711926 0.0613647103
      vertex 0.0771558285 0.0669962987 0.0612660907
    endloop
  endfacet
  facet normal 0.956550777 0.0846266747 0.279014111
    outer loop
      vertex 0.0766503289 0.0669962987 0.0629991069
      vertex 0.0771558285 0.0669962987 0.0612660907
      vertex 0.0766503364 0.0676340088 0.0628056601
    endloop
  endfacet
  facet normal -0.288998216 0.277901888 0.916106224
    outer loop
      vertex 0.0650439635 0.0679343417 0.0677142516
      vertex 0.0667103827 0.0680329427 0.0682100356
      vertex 0.0667103976 0.0696673393 0.0677142441
    endloop
  endfacet
  facet normal -0.288998425 0.277902126 0.916106105
    outer loop
      vertex 0.0650439635 0.0679343417 0.0677142516
      vertex 0.0667103976 0.0696673393 0.0677142441
      vertex 0.0650439784 0.0694739074 0.0672472268
    endloop
  endfacet
  facet normal 0.880974948 0.137342259 0.452791542
    outer loop
      vertex 0.0758294463 0.0672959238 0.0645053759
      vertex 0.0766503289 0.0669962987 0.0629991069
      vertex 0.0766503364 0.0676340088 0.0628056601
    endloop
  endfacet
  facet normal 0.880974352 0.137345225 0.45279187
    outer loop
      vertex 0.0758294463 0.0672959238 0.0645053759
      vertex 0.0766503364 0.0676340088 0.0628056601
      vertex 0.0758294538 0.0682217404 0.0642245337
    endloop
  endfacet
  facet normal -0.469624907 0.256287962 0.844848454
    outer loop
      vertex 0.0635081828 0.0677742139 0.0669091344
      vertex 0.0650439635 0.0679343417 0.0677142516
      vertex 0.0650439784 0.0694739074 0.0672472268
    endloop
  endfacet
  facet normal -0.469624937 0.256288022 0.844848394
    outer loop
      vertex 0.0635081828 0.0677742139 0.0669091344
      vertex 0.0650439784 0.0694739074 0.0672472268
      vertex 0.0635081977 0.0691597834 0.0664888248
    endloop
  endfacet
  facet normal 0.771505713 0.184679165 0.608828783
    outer loop
      vertex 0.0747247115 0.0675585568 0.0658256263
      vertex 0.0758294463 0.0672959238 0.0645053759
      vertex 0.0758294538 0.0682217404 0.0642245337
    endloop
  endfacet
  facet normal 0.771507084 0.184675545 0.608828247
    outer loop
      vertex 0.0747247115 0.0675585568 0.0658256263
      vertex 0.0758294538 0.0682217404 0.0642245337
      vertex 0.0747247264 0.0687368885 0.0654681846
    endloop
  endfacet
  facet normal 0.995138645 0.0464060009 0.086864993
    outer loop
      vertex 0.0771558285 0.0669962987 0.0612660907
      vertex 0.0773265138 0.0663331002 0.0596649945
      vertex 0.0771558359 0.0672959089 0.0611059442
    endloop
  endfacet
  facet normal -0.99513787 0.0464383923 0.0868561119
    outer loop
      vertex 0.0595602356 0.0663333088 0.0596649945
      vertex 0.0597309284 0.0669965073 0.0612660907
      vertex 0.0597309321 0.0672961175 0.0611059442
    endloop
  endfacet
  facet normal -0.0975457653 0.469150364 0.877714515
    outer loop
      vertex 0.0667103976 0.0696673393 0.0677142441
      vertex 0.0684434175 0.0697326362 0.0678719431
      vertex 0.0684434325 0.0712684095 0.067051053
    endloop
  endfacet
  facet normal -0.0975469723 0.469151378 0.877713799
    outer loop
      vertex 0.0667103976 0.0696673393 0.0677142441
      vertex 0.0684434325 0.0712684095 0.067051053
      vertex 0.06671042 0.0711736009 0.0669091269
    endloop
  endfacet
  facet normal 0.956551611 0.137424335 0.257144868
    outer loop
      vertex 0.0766503364 0.0676340088 0.0628056601
      vertex 0.0771558285 0.0669962987 0.0612660907
      vertex 0.0771558359 0.0672959089 0.0611059442
    endloop
  endfacet
  facet normal 0.956550837 0.13743414 0.257142723
    outer loop
      vertex 0.0766503364 0.0676340088 0.0628056601
      vertex 0.0771558359 0.0672959089 0.0611059442
      vertex 0.0766503438 0.0682217255 0.0624915175
    endloop
  endfacet
  facet normal -0.288996965 0.45128721 0.844287097
    outer loop
      vertex 0.0650439784 0.0694739074 0.0672472268
      vertex 0.0667103976 0.0696673393 0.0677142441
      vertex 0.06671042 0.0711736009 0.0669091269
    endloop
  endfacet
  facet normal -0.2889947 0.451285362 0.844288886
    outer loop
      vertex 0.0650439784 0.0694739074 0.0672472268
      vertex 0.06671042 0.0711736009 0.0669091269
      vertex 0.0650440007 0.070892781 0.0664888248
    endloop
  endfacet
  facet normal 0.880975425 0.22303918 0.417295963
    outer loop
      vertex 0.0758294538 0.0682217404 0.0642245337
      vertex 0.0766503364 0.0676340088 0.0628056601
      vertex 0.0766503438 0.0682217255 0.0624915175
    endloop
  endfacet
  facet normal 0.8809762 0.223035291 0.41729632
    outer loop
      vertex 0.0758294538 0.0682217404 0.0642245337
      vertex 0.0766503438 0.0682217255 0.0624915175
      vertex 0.0758294687 0.0690749735 0.0637684688
    endloop
  endfacet
  facet normal -0.469623119 0.416185588 0.778616488
    outer loop
      vertex 0.0635081977 0.0691597834 0.0664888248
      vertex 0.0650439784 0.0694739074 0.0672472268
      vertex 0.0650440007 0.070892781 0.0664888248
    endloop
  endfacet
  facet normal -0.46962291 0.416185409 0.778616667
    outer loop
      vertex 0.0635081977 0.0691597834 0.0664888248
      vertex 0.0650440007 0.070892781 0.0664888248
      vertex 0.0635082126 0.0704367384 0.0658062771
    endloop
  endfacet
  facet normal 0.771508515 0.29990229 0.561100006
    outer loop
      vertex 0.0747247264 0.0687368885 0.0654681846
      vertex 0.0758294538 0.0682217404 0.0642245337
      vertex 0.0758294687 0.0690749735 0.0637684688
    endloop
  endfacet
  facet normal 0.771507621 0.299904823 0.561099946
    outer loop
      vertex 0.0747247264 0.0687368885 0.0654681846
      vertex 0.0758294687 0.0690749735 0.0637684688
      vertex 0.0747247413 0.0698228478 0.0648877248
    endloop
  endfacet
  facet normal -0.632559061 0.365108639 0.683055401
    outer loop
      vertex 0.0621620752 0.0687370375 0.0654681846
      vertex 0.0635081977 0.0691597834 0.0664888248
      vertex 0.0635082126 0.0704367384 0.0658062771
    endloop
  endfacet
  facet normal -0.63255918 0.365108728 0.683055341
    outer loop
      vertex 0.0621620752 0.0687370375 0.0654681846
      vertex 0.0635082126 0.0704367384 0.0658062771
      vertex 0.0621620864 0.0698229969 0.0648877248
    endloop
  endfacet
  facet normal 0.632568896 0.365093112 0.683054626
    outer loop
      vertex 0.0733786151 0.0691596717 0.0664888248
      vertex 0.0747247264 0.0687368885 0.0654681846
      vertex 0.0747247413 0.0698228478 0.0648877248
    endloop
  endfacet
  facet normal 0.632567644 0.365095526 0.683054566
    outer loop
      vertex 0.0733786151 0.0691596717 0.0664888248
      vertex 0.0747247413 0.0698228478 0.0648877248
      vertex 0.07337863 0.0704366192 0.0658062771
    endloop
  endfacet
  facet normal -0.771501184 0.299922913 0.561099052
    outer loop
      vertex 0.0610573366 0.0682219192 0.0642245337
      vertex 0.0621620752 0.0687370375 0.0654681846
      vertex 0.0621620864 0.0698229969 0.0648877248
    endloop
  endfacet
  facet normal -0.771503031 0.299925804 0.561094999
    outer loop
      vertex 0.0610573366 0.0682219192 0.0642245337
      vertex 0.0621620864 0.0698229969 0.0648877248
      vertex 0.0610573478 0.0690751448 0.0637684688
    endloop
  endfacet
  facet normal 0.469631553 0.416176587 0.77861625
    outer loop
      vertex 0.0718428418 0.0694738254 0.0672472268
      vertex 0.0733786151 0.0691596717 0.0664888248
      vertex 0.07337863 0.0704366192 0.0658062771
    endloop
  endfacet
  facet normal 0.469633877 0.416173339 0.778616607
    outer loop
      vertex 0.0718428418 0.0694738254 0.0672472268
      vertex 0.07337863 0.0704366192 0.0658062771
      vertex 0.0718428567 0.0708926991 0.0664888248
    endloop
  endfacet
  facet normal -0.880969524 0.223063588 0.417295218
    outer loop
      vertex 0.0602364391 0.06763421 0.0628056601
      vertex 0.0610573366 0.0682219192 0.0642245337
      vertex 0.0610573478 0.0690751448 0.0637684688
    endloop
  endfacet
  facet normal -0.880969048 0.223062083 0.417297006
    outer loop
      vertex 0.0602364391 0.06763421 0.0628056601
      vertex 0.0610573478 0.0690751448 0.0637684688
      vertex 0.0602364466 0.0682219267 0.0624915175
    endloop
  endfacet
  facet normal 0.289007604 0.451277554 0.844288528
    outer loop
      vertex 0.07017643 0.0696672946 0.0677142441
      vertex 0.0718428418 0.0694738254 0.0672472268
      vertex 0.0718428567 0.0708926991 0.0664888248
    endloop
  endfacet
  facet normal 0.289006799 0.451278448 0.844288349
    outer loop
      vertex 0.07017643 0.0696672946 0.0677142441
      vertex 0.0718428567 0.0708926991 0.0664888248
      vertex 0.0701764449 0.0711735636 0.0669091269
    endloop
  endfacet
  facet normal -0.956547618 0.137457907 0.257141888
    outer loop
      vertex 0.0597309284 0.0669965073 0.0612660907
      vertex 0.0602364391 0.06763421 0.0628056601
      vertex 0.0602364466 0.0682219267 0.0624915175
    endloop
  endfacet
  facet normal -0.956547618 0.137458235 0.25714159
    outer loop
      vertex 0.0597309284 0.0669965073 0.0612660907
      vertex 0.0602364466 0.0682219267 0.0624915175
      vertex 0.0597309321 0.0672961175 0.0611059442
    endloop
  endfacet
  facet normal 0.0975581929 0.469147205 0.877714872
    outer loop
      vertex 0.0684434175 0.0697326362 0.0678719431
      vertex 0.07017643 0.0696672946 0.0677142441
      vertex 0.0701764449 0.0711735636 0.0669091269
    endloop
  endfacet
  facet normal 0.0975569338 0.469148368 0.877714336
    outer loop
      vertex 0.0684434175 0.0697326362 0.0678719431
      vertex 0.0701764449 0.0711735636 0.0669091269
      vertex 0.0684434325 0.0712684095 0.067051053
    endloop
  endfacet
  facet normal 0.632568955 0.491334766 0.598704159
    outer loop
      vertex 0.07337863 0.0704366192 0.0658062771
      vertex 0.0747247413 0.0698228478 0.0648877248
      vertex 0.0747247562 0.0707746968 0.0641065612
    endloop
  endfacet
  facet normal 0.632568061 0.491336375 0.598703742
    outer loop
      vertex 0.07337863 0.0704366192 0.0658062771
      vertex 0.0747247562 0.0707746968 0.0641065612
      vertex 0.0733786449 0.0715558752 0.0648877248
    endloop
  endfacet
  facet normal -0.771501601 0.403624207 0.491805613
    outer loop
      vertex 0.0610573478 0.0690751448 0.0637684688
      vertex 0.0621620864 0.0698229969 0.0648877248
      vertex 0.0621620975 0.0707748458 0.0641065612
    endloop
  endfacet
  facet normal -0.771500528 0.403622955 0.491808295
    outer loop
      vertex 0.0610573478 0.0690751448 0.0637684688
      vertex 0.0621620975 0.0707748458 0.0641065612
      vertex 0.0610573553 0.0698230118 0.0631547123
    endloop
  endfacet
  facet normal 0.469635487 0.560077965 0.682462692
    outer loop
      vertex 0.0718428567 0.0708926991 0.0664888248
      vertex 0.07337863 0.0704366192 0.0658062771
      vertex 0.0733786449 0.0715558752 0.0648877248
    endloop
  endfacet
  facet normal 0.469635308 0.560078084 0.682462573
    outer loop
      vertex 0.0718428567 0.0708926991 0.0664888248
      vertex 0.0733786449 0.0715558752 0.0648877248
      vertex 0.0718428716 0.07213635 0.0654681846
    endloop
  endfacet
  facet normal -0.880968094 0.300184101 0.365765899
    outer loop
      vertex 0.0602364466 0.0682219267 0.0624915175
      vertex 0.0610573478 0.0690751448 0.0637684688
      vertex 0.0610573553 0.0698230118 0.0631547123
    endloop
  endfacet
  facet normal -0.880969644 0.300187647 0.365759224
    outer loop
      vertex 0.0602364466 0.0682219267 0.0624915175
      vertex 0.0610573553 0.0698230118 0.0631547123
      vertex 0.060236454 0.0687370598 0.0620687529
    endloop
  endfacet
  facet normal 0.289009333 0.60732007 0.740024328
    outer loop
      vertex 0.0701764449 0.0711735636 0.0669091269
      vertex 0.0718428567 0.0708926991 0.0664888248
      vertex 0.0718428716 0.07213635 0.0654681846
    endloop
  endfacet
  facet normal 0.289010346 0.607318938 0.740024805
    outer loop
      vertex 0.0701764449 0.0711735636 0.0669091269
      vertex 0.0718428716 0.07213635 0.0654681846
      vertex 0.0701764598 0.0724938139 0.0658256263
    endloop
  endfacet
  facet normal -0.956546962 0.184985042 0.225385025
    outer loop
      vertex 0.0597309321 0.0672961175 0.0611059442
      vertex 0.0602364466 0.0682219267 0.0624915175
      vertex 0.060236454 0.0687370598 0.0620687529
    endloop
  endfacet
  facet normal -0.956546664 0.184982941 0.22538805
    outer loop
      vertex 0.0597309321 0.0672961175 0.0611059442
      vertex 0.060236454 0.0687370598 0.0620687529
      vertex 0.0597309358 0.0675587356 0.0608904213
    endloop
  endfacet
  facet normal 0.0975582376 0.631366193 0.769323826
    outer loop
      vertex 0.0684434325 0.0712684095 0.067051053
      vertex 0.0701764449 0.0711735636 0.0669091269
      vertex 0.0701764598 0.0724938139 0.0658256263
    endloop
  endfacet
  facet normal 0.0975562558 0.631367862 0.769322693
    outer loop
      vertex 0.0684434325 0.0712684095 0.067051053
      vertex 0.0701764598 0.0724938139 0.0658256263
      vertex 0.0684434474 0.0726145282 0.0659463182
    endloop
  endfacet
  facet normal 0.995138884 0.0624756999 0.0761276111
    outer loop
      vertex 0.0771558359 0.0672959089 0.0611059442
      vertex 0.0773265138 0.0663331002 0.0596649945
      vertex 0.0771558359 0.067558527 0.0608904213
    endloop
  endfacet
  facet normal -0.995137751 0.0624915771 0.0761297494
    outer loop
      vertex 0.0595602356 0.0663333088 0.0596649945
      vertex 0.0597309321 0.0672961175 0.0611059442
      vertex 0.0597309358 0.0675587356 0.0608904213
    endloop
  endfacet
  facet normal -0.0975447446 0.631369829 0.769322515
    outer loop
      vertex 0.06671042 0.0711736009 0.0669091269
      vertex 0.0684434325 0.0712684095 0.067051053
      vertex 0.0684434474 0.0726145282 0.0659463182
    endloop
  endfacet
  facet normal -0.0975400656 0.631366491 0.769325852
    outer loop
      vertex 0.06671042 0.0711736009 0.0669091269
      vertex 0.0684434474 0.0726145282 0.0659463182
      vertex 0.0667104349 0.0724938586 0.0658256263
    endloop
  endfacet
  facet normal 0.956551194 0.184965387 0.225383222
    outer loop
      vertex 0.0766503438 0.0682217255 0.0624915175
      vertex 0.0771558359 0.0672959089 0.0611059442
      vertex 0.0771558359 0.067558527 0.0608904213
    endloop
  endfacet
  facet normal 0.956551969 0.184956491 0.225387216
    outer loop
      vertex 0.0766503438 0.0682217255 0.0624915175
      vertex 0.0771558359 0.067558527 0.0608904213
      vertex 0.0766503513 0.0687368661 0.0620687529
    endloop
  endfacet
  facet normal -0.28899312 0.607324123 0.740027308
    outer loop
      vertex 0.0650440007 0.070892781 0.0664888248
      vertex 0.06671042 0.0711736009 0.0669091269
      vertex 0.0667104349 0.0724938586 0.0658256263
    endloop
  endfacet
  facet normal -0.288996905 0.607326567 0.740023732
    outer loop
      vertex 0.0650440007 0.070892781 0.0664888248
      vertex 0.0667104349 0.0724938586 0.0658256263
      vertex 0.0650440156 0.0721364319 0.0654681846
    endloop
  endfacet
  facet normal 0.880977392 0.300160646 0.365762621
    outer loop
      vertex 0.0758294687 0.0690749735 0.0637684688
      vertex 0.0766503438 0.0682217255 0.0624915175
      vertex 0.0766503513 0.0687368661 0.0620687529
    endloop
  endfacet
  facet normal 0.880976439 0.300165653 0.365761161
    outer loop
      vertex 0.0758294687 0.0690749735 0.0637684688
      vertex 0.0766503513 0.0687368661 0.0620687529
      vertex 0.0758294761 0.0698228329 0.0631547123
    endloop
  endfacet
  facet normal -0.469620913 0.560089648 0.682462931
    outer loop
      vertex 0.0635082126 0.0704367384 0.0658062771
      vertex 0.0650440007 0.070892781 0.0664888248
      vertex 0.0650440156 0.0721364319 0.0654681846
    endloop
  endfacet
  facet normal -0.469621539 0.560090125 0.682462215
    outer loop
      vertex 0.0635082126 0.0704367384 0.0658062771
      vertex 0.0650440156 0.0721364319 0.0654681846
      vertex 0.0635082275 0.0715559945 0.0648877248
    endloop
  endfacet
  facet normal 0.771508634 0.403609991 0.491806298
    outer loop
      vertex 0.0747247413 0.0698228478 0.0648877248
      vertex 0.0758294687 0.0690749735 0.0637684688
      vertex 0.0758294761 0.0698228329 0.0631547123
    endloop
  endfacet
  facet normal 0.771510661 0.403604656 0.49180761
    outer loop
      vertex 0.0747247413 0.0698228478 0.0648877248
      vertex 0.0758294761 0.0698228329 0.0631547123
      vertex 0.0747247562 0.0707746968 0.0641065612
    endloop
  endfacet
  facet normal -0.632557511 0.491351932 0.598702073
    outer loop
      vertex 0.0621620864 0.0698229969 0.0648877248
      vertex 0.0635082126 0.0704367384 0.0658062771
      vertex 0.0635082275 0.0715559945 0.0648877248
    endloop
  endfacet
  facet normal -0.632556856 0.491351396 0.598703325
    outer loop
      vertex 0.0621620864 0.0698229969 0.0648877248
      vertex 0.0635082275 0.0715559945 0.0648877248
      vertex 0.0621620975 0.0707748458 0.0641065612
    endloop
  endfacet
  facet normal -0.097538352 0.769324005 0.631368995
    outer loop
      vertex 0.0667104349 0.0724938586 0.0658256263
      vertex 0.0684434474 0.0726145282 0.0659463182
      vertex 0.0684434623 0.0737192631 0.0646001995
    endloop
  endfacet
  facet normal -0.0975426361 0.769326389 0.631365299
    outer loop
      vertex 0.0667104349 0.0724938586 0.0658256263
      vertex 0.0684434623 0.0737192631 0.0646001995
      vertex 0.0667104423 0.0735773593 0.0645053685
    endloop
  endfacet
  facet normal 0.956552863 0.225365683 0.184978068
    outer loop
      vertex 0.0766503513 0.0687368661 0.0620687529
      vertex 0.0771558359 0.067558527 0.0608904213
      vertex 0.0771558434 0.0677740499 0.0606278032
    endloop
  endfacet
  facet normal 0.956552148 0.225373477 0.184972629
    outer loop
      vertex 0.0766503513 0.0687368661 0.0620687529
      vertex 0.0771558434 0.0677740499 0.0606278032
      vertex 0.0766503587 0.069159627 0.0615536161
    endloop
  endfacet
  facet normal -0.288995624 0.740029097 0.607320666
    outer loop
      vertex 0.0650440156 0.0721364319 0.0654681846
      vertex 0.0667104349 0.0724938586 0.0658256263
      vertex 0.0667104423 0.0735773593 0.0645053685
    endloop
  endfacet
  facet normal -0.288992047 0.740027428 0.607324481
    outer loop
      vertex 0.0650440156 0.0721364319 0.0654681846
      vertex 0.0667104423 0.0735773593 0.0645053685
      vertex 0.0650440231 0.0731570721 0.0642245337
    endloop
  endfacet
  facet normal 0.880977094 0.365750849 0.300175965
    outer loop
      vertex 0.0758294761 0.0698228329 0.0631547123
      vertex 0.0766503513 0.0687368661 0.0620687529
      vertex 0.0766503587 0.069159627 0.0615536161
    endloop
  endfacet
  facet normal 0.880976617 0.365752846 0.300174892
    outer loop
      vertex 0.0758294761 0.0698228329 0.0631547123
      vertex 0.0766503587 0.069159627 0.0615536161
      vertex 0.0758294836 0.0704365894 0.0624068491
    endloop
  endfacet
  facet normal -0.46961984 0.68246752 0.560085058
    outer loop
      vertex 0.0635082275 0.0715559945 0.0648877248
      vertex 0.0650440156 0.0721364319 0.0654681846
      vertex 0.0650440231 0.0731570721 0.0642245337
    endloop
  endfacet
  facet normal -0.469621658 0.682468295 0.560082555
    outer loop
      vertex 0.0635082275 0.0715559945 0.0648877248
      vertex 0.0650440231 0.0731570721 0.0642245337
      vertex 0.0635082424 0.0724745467 0.0637684688
    endloop
  endfacet
  facet normal 0.771511793 0.491796762 0.403615505
    outer loop
      vertex 0.0747247562 0.0707746968 0.0641065612
      vertex 0.0758294761 0.0698228329 0.0631547123
      vertex 0.0758294836 0.0704365894 0.0624068491
    endloop
  endfacet
  facet normal 0.771511376 0.491798013 0.403614908
    outer loop
      vertex 0.0747247562 0.0707746968 0.0641065612
      vertex 0.0758294836 0.0704365894 0.0624068491
      vertex 0.0747247636 0.0715558603 0.0631547123
    endloop
  endfacet
  facet normal -0.632555544 0.59871161 0.491342902
    outer loop
      vertex 0.0621620975 0.0707748458 0.0641065612
      vertex 0.0635082275 0.0715559945 0.0648877248
      vertex 0.0635082424 0.0724745467 0.0637684688
    endloop
  endfacet
  facet normal -0.632555366 0.598711491 0.49134323
    outer loop
      vertex 0.0621620975 0.0707748458 0.0641065612
      vertex 0.0635082424 0.0724745467 0.0637684688
      vertex 0.0621621087 0.0715560094 0.0631547123
    endloop
  endfacet
  facet normal 0.632569253 0.598696709 0.491343498
    outer loop
      vertex 0.0733786449 0.0715558752 0.0648877248
      vertex 0.0747247562 0.0707746968 0.0641065612
      vertex 0.0747247636 0.0715558603 0.0631547123
    endloop
  endfacet
  facet normal 0.632569134 0.598696828 0.491343409
    outer loop
      vertex 0.0733786449 0.0715558752 0.0648877248
      vertex 0.0747247636 0.0715558603 0.0631547123
      vertex 0.0733786523 0.0724744275 0.0637684688
    endloop
  endfacet
  facet normal -0.771499574 0.491816461 0.403614968
    outer loop
      vertex 0.0610573553 0.0698230118 0.0631547123
      vertex 0.0621620975 0.0707748458 0.0641065612
      vertex 0.0621621087 0.0715560094 0.0631547123
    endloop
  endfacet
  facet normal -0.771499097 0.491816193 0.403616101
    outer loop
      vertex 0.0610573553 0.0698230118 0.0631547123
      vertex 0.0621621087 0.0715560094 0.0631547123
      vertex 0.0610573627 0.0704367682 0.0624068491
    endloop
  endfacet
  facet normal 0.4696365 0.682457626 0.56008321
    outer loop
      vertex 0.0718428716 0.07213635 0.0654681846
      vertex 0.0733786449 0.0715558752 0.0648877248
      vertex 0.0733786523 0.0724744275 0.0637684688
    endloop
  endfacet
  facet normal 0.469635725 0.68245858 0.560082734
    outer loop
      vertex 0.0718428716 0.07213635 0.0654681846
      vertex 0.0733786523 0.0724744275 0.0637684688
      vertex 0.0718428865 0.0731569901 0.0642245263
    endloop
  endfacet
  facet normal -0.88096869 0.365772903 0.300173789
    outer loop
      vertex 0.060236454 0.0687370598 0.0620687529
      vertex 0.0610573553 0.0698230118 0.0631547123
      vertex 0.0610573627 0.0704367682 0.0624068491
    endloop
  endfacet
  facet normal -0.880967617 0.365771353 0.300178945
    outer loop
      vertex 0.060236454 0.0687370598 0.0620687529
      vertex 0.0610573627 0.0704367682 0.0624068491
      vertex 0.0602364577 0.0691598281 0.0615536161
    endloop
  endfacet
  facet normal 0.289012104 0.740022063 0.60732156
    outer loop
      vertex 0.0701764598 0.0724938139 0.0658256263
      vertex 0.0718428716 0.07213635 0.0654681846
      vertex 0.0718428865 0.0731569901 0.0642245263
    endloop
  endfacet
  facet normal 0.289013833 0.740020394 0.607322633
    outer loop
      vertex 0.0701764598 0.0724938139 0.0658256263
      vertex 0.0718428865 0.0731569901 0.0642245263
      vertex 0.0701764748 0.0735773221 0.0645053685
    endloop
  endfacet
  facet normal -0.956546247 0.225396797 0.184974238
    outer loop
      vertex 0.0597309358 0.0675587356 0.0608904213
      vertex 0.060236454 0.0687370598 0.0620687529
      vertex 0.0602364577 0.0691598281 0.0615536161
    endloop
  endfacet
  facet normal -0.956546843 0.225399598 0.184967905
    outer loop
      vertex 0.0597309358 0.0675587356 0.0608904213
      vertex 0.0602364577 0.0691598281 0.0615536161
      vertex 0.0597309396 0.0677742586 0.0606278069
    endloop
  endfacet
  facet normal 0.0975580066 0.769322336 0.631367922
    outer loop
      vertex 0.0684434474 0.0726145282 0.0659463182
      vertex 0.0701764598 0.0724938139 0.0658256263
      vertex 0.0701764748 0.0735773221 0.0645053685
    endloop
  endfacet
  facet normal 0.0975593776 0.769321442 0.631368935
    outer loop
      vertex 0.0684434474 0.0726145282 0.0659463182
      vertex 0.0701764748 0.0735773221 0.0645053685
      vertex 0.0684434623 0.0737192631 0.0646001995
    endloop
  endfacet
  facet normal 0.995139003 0.0761121139 0.062491212
    outer loop
      vertex 0.0771558359 0.067558527 0.0608904213
      vertex 0.0773265138 0.0663331002 0.0596649945
      vertex 0.0771558434 0.0677740499 0.0606278032
    endloop
  endfacet
  facet normal -0.995137453 0.0761447549 0.0624765269
    outer loop
      vertex 0.0595602356 0.0663333088 0.0596649945
      vertex 0.0597309358 0.0675587356 0.0608904213
      vertex 0.0597309396 0.0677742586 0.0606278069
    endloop
  endfacet
  facet normal -0.771498203 0.561107695 0.299914241
    outer loop
      vertex 0.0610573627 0.0704367682 0.0624068491
      vertex 0.0621621087 0.0715560094 0.0631547123
      vertex 0.0621621162 0.0721364692 0.0620687529
    endloop
  endfacet
  facet normal -0.771497488 0.561107576 0.299916446
    outer loop
      vertex 0.0610573627 0.0704367682 0.0624068491
      vertex 0.0621621162 0.0721364692 0.0620687529
      vertex 0.0610573664 0.0708928332 0.0615536161
    endloop
  endfacet
  facet normal 0.469637215 0.778610647 0.41618064
    outer loop
      vertex 0.0718428865 0.0731569901 0.0642245263
      vertex 0.0733786523 0.0724744275 0.0637684688
      vertex 0.0733786598 0.0731569752 0.0624915175
    endloop
  endfacet
  facet normal 0.469636619 0.778611243 0.416180104
    outer loop
      vertex 0.0718428865 0.0731569901 0.0642245263
      vertex 0.0733786598 0.0731569752 0.0624915175
      vertex 0.071842894 0.0739153922 0.0628056601
    endloop
  endfacet
  facet normal -0.880967319 0.417306185 0.223052114
    outer loop
      vertex 0.0602364577 0.0691598281 0.0615536161
      vertex 0.0610573627 0.0704367682 0.0624068491
      vertex 0.0610573664 0.0708928332 0.0615536161
    endloop
  endfacet
  facet normal -0.880968213 0.417306602 0.223047808
    outer loop
      vertex 0.0602364577 0.0691598281 0.0615536161
      vertex 0.0610573664 0.0708928332 0.0615536161
      vertex 0.0602364615 0.069473967 0.0609658994
    endloop
  endfacet
  facet normal 0.289015234 0.8442837 0.451281846
    outer loop
      vertex 0.0701764748 0.0735773221 0.0645053685
      vertex 0.0718428865 0.0731569901 0.0642245263
      vertex 0.071842894 0.0739153922 0.0628056601
    endloop
  endfacet
  facet normal 0.289013952 0.844284654 0.451280773
    outer loop
      vertex 0.0701764748 0.0735773221 0.0645053685
      vertex 0.071842894 0.0739153922 0.0628056601
      vertex 0.0701764822 0.0743824393 0.0629990995
    endloop
  endfacet
  facet normal -0.956546366 0.25715366 0.137444422
    outer loop
      vertex 0.0597309396 0.0677742586 0.0606278069
      vertex 0.0602364577 0.0691598281 0.0615536161
      vertex 0.0602364615 0.069473967 0.0609658994
    endloop
  endfacet
  facet normal -0.95654577 0.257152021 0.137451708
    outer loop
      vertex 0.0597309396 0.0677742586 0.0606278069
      vertex 0.0602364615 0.069473967 0.0609658994
      vertex 0.0597309396 0.0679344088 0.0603281893
    endloop
  endfacet
  facet normal 0.0975604057 0.877713978 0.469148219
    outer loop
      vertex 0.0684434623 0.0737192631 0.0646001995
      vertex 0.0701764748 0.0735773221 0.0645053685
      vertex 0.0701764822 0.0743824393 0.0629990995
    endloop
  endfacet
  facet normal 0.09756165 0.877713323 0.469149232
    outer loop
      vertex 0.0684434623 0.0737192631 0.0646001995
      vertex 0.0701764822 0.0743824393 0.0629990995
      vertex 0.0684434697 0.0745401531 0.0630644262
    endloop
  endfacet
  facet normal 0.995139301 0.0868498757 0.0464210138
    outer loop
      vertex 0.0771558434 0.0677740499 0.0606278032
      vertex 0.0773265138 0.0663331002 0.0596649945
      vertex 0.0771558434 0.0679341927 0.0603281893
    endloop
  endfacet
  facet normal -0.995137453 0.0868659168 0.0464311577
    outer loop
      vertex 0.0595602356 0.0663333088 0.0596649945
      vertex 0.0597309396 0.0677742586 0.0606278069
      vertex 0.0597309396 0.0679344088 0.0603281893
    endloop
  endfacet
  facet normal -0.0975413173 0.877715528 0.46914947
    outer loop
      vertex 0.0667104423 0.0735773593 0.0645053685
      vertex 0.0684434623 0.0737192631 0.0646001995
      vertex 0.0684434697 0.0745401531 0.0630644262
    endloop
  endfacet
  facet normal -0.0975429714 0.877716124 0.469147891
    outer loop
      vertex 0.0667104423 0.0735773593 0.0645053685
      vertex 0.0684434697 0.0745401531 0.0630644262
      vertex 0.0667104572 0.0743824765 0.0629990995
    endloop
  endfacet
  facet normal 0.956552327 0.257135242 0.137437999
    outer loop
      vertex 0.0766503587 0.069159627 0.0615536161
      vertex 0.0771558434 0.0677740499 0.0606278032
      vertex 0.0771558434 0.0679341927 0.0603281893
    endloop
  endfacet
  facet normal 0.956552684 0.257131457 0.137441903
    outer loop
      vertex 0.0766503587 0.069159627 0.0615536161
      vertex 0.0771558434 0.0679341927 0.0603281893
      vertex 0.0766503587 0.0694737732 0.0609658994
    endloop
  endfacet
  facet normal -0.288991302 0.844292402 0.451280683
    outer loop
      vertex 0.0650440231 0.0731570721 0.0642245337
      vertex 0.0667104423 0.0735773593 0.0645053685
      vertex 0.0667104572 0.0743824765 0.0629990995
    endloop
  endfacet
  facet normal -0.288990915 0.844292402 0.45128113
    outer loop
      vertex 0.0650440231 0.0731570721 0.0642245337
      vertex 0.0667104572 0.0743824765 0.0629990995
      vertex 0.0650440305 0.0739154741 0.0628056601
    endloop
  endfacet
  facet normal 0.880977213 0.417287141 0.22304827
    outer loop
      vertex 0.0758294836 0.0704365894 0.0624068491
      vertex 0.0766503587 0.069159627 0.0615536161
      vertex 0.0766503587 0.0694737732 0.0609658994
    endloop
  endfacet
  facet normal 0.880976677 0.417289048 0.223046809
    outer loop
      vertex 0.0758294836 0.0704365894 0.0624068491
      vertex 0.0766503587 0.0694737732 0.0609658994
      vertex 0.0758294836 0.0708926544 0.0615536161
    endloop
  endfacet
  facet normal -0.469620258 0.778621972 0.416178644
    outer loop
      vertex 0.0635082424 0.0724745467 0.0637684688
      vertex 0.0650440231 0.0731570721 0.0642245337
      vertex 0.0650440305 0.0739154741 0.0628056601
    endloop
  endfacet
  facet normal -0.469618499 0.778621614 0.416181087
    outer loop
      vertex 0.0635082424 0.0724745467 0.0637684688
      vertex 0.0650440305 0.0739154741 0.0628056601
      vertex 0.0635082498 0.0731570944 0.0624915175
    endloop
  endfacet
  facet normal 0.771512032 0.561090589 0.299910754
    outer loop
      vertex 0.0747247636 0.0715558603 0.0631547123
      vertex 0.0758294836 0.0704365894 0.0624068491
      vertex 0.0758294836 0.0708926544 0.0615536161
    endloop
  endfacet
  facet normal 0.77151382 0.561086714 0.299913645
    outer loop
      vertex 0.0747247636 0.0715558603 0.0631547123
      vertex 0.0758294836 0.0708926544 0.0615536161
      vertex 0.0747247711 0.0721363202 0.0620687529
    endloop
  endfacet
  facet normal -0.632554471 0.683062911 0.365102619
    outer loop
      vertex 0.0621621087 0.0715560094 0.0631547123
      vertex 0.0635082424 0.0724745467 0.0637684688
      vertex 0.0635082498 0.0731570944 0.0624915175
    endloop
  endfacet
  facet normal -0.632554889 0.683062971 0.365101933
    outer loop
      vertex 0.0621621087 0.0715560094 0.0631547123
      vertex 0.0635082498 0.0731570944 0.0624915175
      vertex 0.0621621162 0.0721364692 0.0620687529
    endloop
  endfacet
  facet normal 0.632570207 0.683048248 0.365102738
    outer loop
      vertex 0.0733786523 0.0724744275 0.0637684688
      vertex 0.0747247636 0.0715558603 0.0631547123
      vertex 0.0747247711 0.0721363202 0.0620687529
    endloop
  endfacet
  facet normal 0.632569909 0.683048725 0.36510247
    outer loop
      vertex 0.0733786523 0.0724744275 0.0637684688
      vertex 0.0747247711 0.0721363202 0.0620687529
      vertex 0.0733786598 0.0731569752 0.0624915175
    endloop
  endfacet
  facet normal 0.956552863 0.279003173 0.0846386552
    outer loop
      vertex 0.0766503587 0.0694737732 0.0609658994
      vertex 0.0771558434 0.0679341927 0.0603281893
      vertex 0.0771558434 0.0680328161 0.0600030869
    endloop
  endfacet
  facet normal 0.956552625 0.279005408 0.0846351981
    outer loop
      vertex 0.0766503587 0.0694737732 0.0609658994
      vertex 0.0771558434 0.0680328161 0.0600030869
      vertex 0.0766503587 0.0696672201 0.0603281893
    endloop
  endfacet
  facet normal -0.288990796 0.916109324 0.277899504
    outer loop
      vertex 0.0650440305 0.0739154741 0.0628056601
      vertex 0.0667104572 0.0743824765 0.0629990995
      vertex 0.0667104647 0.0748782679 0.0613647066
    endloop
  endfacet
  facet normal -0.288991928 0.916109383 0.277898222
    outer loop
      vertex 0.0650440305 0.0739154741 0.0628056601
      vertex 0.0667104647 0.0748782679 0.0613647066
      vertex 0.065044038 0.0743824989 0.0612660907
    endloop
  endfacet
  facet normal 0.880976796 0.452785432 0.137350693
    outer loop
      vertex 0.0758294836 0.0708926544 0.0615536161
      vertex 0.0766503587 0.0694737732 0.0609658994
      vertex 0.0766503587 0.0696672201 0.0603281893
    endloop
  endfacet
  facet normal 0.880978346 0.452780604 0.13735655
    outer loop
      vertex 0.0758294836 0.0708926544 0.0615536161
      vertex 0.0766503587 0.0696672201 0.0603281893
      vertex 0.075829491 0.0711734965 0.0606278032
    endloop
  endfacet
  facet normal -0.469617486 0.844854236 0.25628227
    outer loop
      vertex 0.0635082498 0.0731570944 0.0624915175
      vertex 0.0650440305 0.0739154741 0.0628056601
      vertex 0.065044038 0.0743824989 0.0612660907
    endloop
  endfacet
  facet normal -0.469616711 0.844854414 0.256283432
    outer loop
      vertex 0.0635082498 0.0731570944 0.0624915175
      vertex 0.065044038 0.0743824989 0.0612660907
      vertex 0.0635082498 0.073577404 0.0611059405
    endloop
  endfacet
  facet normal 0.771514654 0.608814776 0.184688091
    outer loop
      vertex 0.0747247711 0.0721363202 0.0620687529
      vertex 0.0758294836 0.0708926544 0.0615536161
      vertex 0.075829491 0.0711734965 0.0606278032
    endloop
  endfacet
  facet normal 0.771511793 0.60882026 0.184682295
    outer loop
      vertex 0.0747247711 0.0721363202 0.0620687529
      vertex 0.075829491 0.0711734965 0.0606278032
      vertex 0.0747247711 0.0724937618 0.0608904175
    endloop
  endfacet
  facet normal -0.632554293 0.741165757 0.224829897
    outer loop
      vertex 0.0621621162 0.0721364692 0.0620687529
      vertex 0.0635082498 0.0731570944 0.0624915175
      vertex 0.0635082498 0.073577404 0.0611059405
    endloop
  endfacet
  facet normal -0.632555664 0.74116528 0.22482717
    outer loop
      vertex 0.0621621162 0.0721364692 0.0620687529
      vertex 0.0635082498 0.073577404 0.0611059405
      vertex 0.0621621199 0.0724939108 0.0608904213
    endloop
  endfacet
  facet normal 0.632570326 0.741153538 0.22482489
    outer loop
      vertex 0.0733786598 0.0731569752 0.0624915175
      vertex 0.0747247711 0.0721363202 0.0620687529
      vertex 0.0747247711 0.0724937618 0.0608904175
    endloop
  endfacet
  facet normal 0.632573009 0.741150141 0.224828526
    outer loop
      vertex 0.0733786598 0.0731569752 0.0624915175
      vertex 0.0747247711 0.0724937618 0.0608904175
      vertex 0.0733786672 0.0735772848 0.0611059405
    endloop
  endfacet
  facet normal -0.771497071 0.608837843 0.184685752
    outer loop
      vertex 0.0610573664 0.0708928332 0.0615536161
      vertex 0.0621621162 0.0721364692 0.0620687529
      vertex 0.0621621199 0.0724939108 0.0608904213
    endloop
  endfacet
  facet normal -0.771498621 0.608837187 0.184681416
    outer loop
      vertex 0.0610573664 0.0708928332 0.0615536161
      vertex 0.0621621199 0.0724939108 0.0608904213
      vertex 0.0610573702 0.0711736679 0.0606278069
    endloop
  endfacet
  facet normal 0.469637215 0.844843268 0.256282568
    outer loop
      vertex 0.071842894 0.0739153922 0.0628056601
      vertex 0.0733786598 0.0731569752 0.0624915175
      vertex 0.0733786672 0.0735772848 0.0611059405
    endloop
  endfacet
  facet normal 0.469637841 0.844842613 0.256283283
    outer loop
      vertex 0.071842894 0.0739153922 0.0628056601
      vertex 0.0733786672 0.0735772848 0.0611059405
      vertex 0.0718429014 0.0743824169 0.0612660907
    endloop
  endfacet
  facet normal -0.880967557 0.452803701 0.137349844
    outer loop
      vertex 0.0602364615 0.069473967 0.0609658994
      vertex 0.0610573664 0.0708928332 0.0615536161
      vertex 0.0610573702 0.0711736679 0.0606278069
    endloop
  endfacet
  facet normal -0.880966246 0.452804327 0.137356445
    outer loop
      vertex 0.0602364615 0.069473967 0.0609658994
      vertex 0.0610573702 0.0711736679 0.0606278069
      vertex 0.0602364615 0.0696674138 0.0603281893
    endloop
  endfacet
  facet normal 0.28901571 0.916101635 0.277898669
    outer loop
      vertex 0.0701764822 0.0743824393 0.0629990995
      vertex 0.071842894 0.0739153922 0.0628056601
      vertex 0.0718429014 0.0743824169 0.0612660907
    endloop
  endfacet
  facet normal 0.289013058 0.916103244 0.277896136
    outer loop
      vertex 0.0701764822 0.0743824393 0.0629990995
      vertex 0.0718429014 0.0743824169 0.0612660907
      vertex 0.0701764897 0.0748782232 0.0613647066
    endloop
  endfacet
  facet normal -0.95654577 0.279026777 0.0846416578
    outer loop
      vertex 0.0597309396 0.0679344088 0.0603281893
      vertex 0.0602364615 0.069473967 0.0609658994
      vertex 0.0602364615 0.0696674138 0.0603281893
    endloop
  endfacet
  facet normal -0.956546783 0.279027075 0.0846295133
    outer loop
      vertex 0.0597309396 0.0679344088 0.0603281893
      vertex 0.0602364615 0.0696674138 0.0603281893
      vertex 0.0597309433 0.0680330247 0.0600030906
    endloop
  endfacet
  facet normal 0.0975617096 0.95237577 0.288898349
    outer loop
      vertex 0.0684434697 0.0745401531 0.0630644262
      vertex 0.0701764822 0.0743824393 0.0629990995
      vertex 0.0701764897 0.0748782232 0.0613647066
    endloop
  endfacet
  facet normal 0.0975620002 0.952375531 0.288898587
    outer loop
      vertex 0.0684434697 0.0745401531 0.0630644262
      vertex 0.0701764897 0.0748782232 0.0613647066
      vertex 0.0684434772 0.0750456527 0.061398007
    endloop
  endfacet
  facet normal 0.995139241 0.0942366794 0.0285877213
    outer loop
      vertex 0.0771558434 0.0679341927 0.0603281893
      vertex 0.0773265138 0.0663331002 0.0596649945
      vertex 0.0771558434 0.0680328161 0.0600030869
    endloop
  endfacet
  facet normal -0.995137334 0.0942594931 0.0285813939
    outer loop
      vertex 0.0595602356 0.0663333088 0.0596649945
      vertex 0.0597309396 0.0679344088 0.0603281893
      vertex 0.0597309433 0.0680330247 0.0600030906
    endloop
  endfacet
  facet normal -0.0975414291 0.952377796 0.288898408
    outer loop
      vertex 0.0667104572 0.0743824765 0.0629990995
      vertex 0.0684434697 0.0745401531 0.0630644262
      vertex 0.0684434772 0.0750456527 0.061398007
    endloop
  endfacet
  facet normal -0.0975376219 0.952376962 0.288902134
    outer loop
      vertex 0.0667104572 0.0743824765 0.0629990995
      vertex 0.0684434772 0.0750456527 0.061398007
      vertex 0.0667104647 0.0748782679 0.0613647066
    endloop
  endfacet
  facet normal 0.46963796 0.878607988 0.0865340233
    outer loop
      vertex 0.0718429014 0.0743824169 0.0612660907
      vertex 0.0733786672 0.0735772848 0.0611059405
      vertex 0.0733786672 0.0737192035 0.0596649945
    endloop
  endfacet
  facet normal 0.469637811 0.878608048 0.0865338668
    outer loop
      vertex 0.0718429014 0.0743824169 0.0612660907
      vertex 0.0733786672 0.0737192035 0.0596649945
      vertex 0.0718429014 0.0745401084 0.0596649945
    endloop
  endfacet
  facet normal -0.880965948 0.4709014 0.0463774092
    outer loop
      vertex 0.0602364615 0.0696674138 0.0603281893
      vertex 0.0610573702 0.0711736679 0.0606278069
      vertex 0.0610573739 0.0712684989 0.0596649945
    endloop
  endfacet
  facet normal -0.880966425 0.470900565 0.0463748872
    outer loop
      vertex 0.0602364615 0.0696674138 0.0603281893
      vertex 0.0610573739 0.0712684989 0.0596649945
      vertex 0.0602364652 0.0697327331 0.0596649945
    endloop
  endfacet
  facet normal 0.289013624 0.952715278 0.0938326865
    outer loop
      vertex 0.0701764897 0.0748782232 0.0613647066
      vertex 0.0718429014 0.0743824169 0.0612660907
      vertex 0.0718429014 0.0745401084 0.0596649945
    endloop
  endfacet
  facet normal 0.289015114 0.952714741 0.0938342437
    outer loop
      vertex 0.0701764897 0.0748782232 0.0613647066
      vertex 0.0718429014 0.0745401084 0.0596649945
      vertex 0.0701764897 0.0750456303 0.0596649945
    endloop
  endfacet
  facet normal -0.956546307 0.290176868 0.028574666
    outer loop
      vertex 0.0597309433 0.0680330247 0.0600030906
      vertex 0.0602364615 0.0696674138 0.0603281893
      vertex 0.0602364652 0.0697327331 0.0596649945
    endloop
  endfacet
  facet normal -0.956546068 0.290177345 0.0285774693
    outer loop
      vertex 0.0597309433 0.0680330247 0.0600030906
      vertex 0.0602364652 0.0697327331 0.0596649945
      vertex 0.0597309433 0.0680663213 0.0596649945
    endloop
  endfacet
  facet normal 0.0975623578 0.99043715 0.09754958
    outer loop
      vertex 0.0684434772 0.0750456527 0.061398007
      vertex 0.0701764897 0.0748782232 0.0613647066
      vertex 0.0701764897 0.0750456303 0.0596649945
    endloop
  endfacet
  facet normal 0.0975614861 0.99043721 0.0975487083
    outer loop
      vertex 0.0684434772 0.0750456527 0.061398007
      vertex 0.0701764897 0.0750456303 0.0596649945
      vertex 0.0684434772 0.075216338 0.0596649945
    endloop
  endfacet
  facet normal 0.995139301 0.0980032608 0.00965173822
    outer loop
      vertex 0.0771558434 0.0680328161 0.0600030869
      vertex 0.0773265138 0.0663331002 0.0596649945
      vertex 0.0771558434 0.0680661127 0.0596649945
    endloop
  endfacet
  facet normal -0.995137215 0.0980244428 0.00965372939
    outer loop
      vertex 0.0595602356 0.0663333088 0.0596649945
      vertex 0.0597309433 0.0680330247 0.0600030906
      vertex 0.0597309433 0.0680663213 0.0596649945
    endloop
  endfacet
  facet normal -0.0975370482 0.990439653 0.0975489616
    outer loop
      vertex 0.0667104647 0.0748782679 0.0613647066
      vertex 0.0684434772 0.0750456527 0.061398007
      vertex 0.0684434772 0.075216338 0.0596649945
    endloop
  endfacet
  facet normal -0.097536169 0.990439653 0.0975498259
    outer loop
      vertex 0.0667104647 0.0748782679 0.0613647066
      vertex 0.0684434772 0.075216338 0.0596649945
      vertex 0.0667104647 0.075045675 0.0596649945
    endloop
  endfacet
  facet normal 0.956552505 0.290156305 0.0285756998
    outer loop
      vertex 0.0766503587 0.0696672201 0.0603281893
      vertex 0.0771558434 0.0680328161 0.0600030869
      vertex 0.0771558434 0.0680661127 0.0596649945
    endloop
  endfacet
  facet normal 0.95655334 0.290152639 0.0285851378
    outer loop
      vertex 0.0766503587 0.0696672201 0.0603281893
      vertex 0.0771558434 0.0680661127 0.0596649945
      vertex 0.0766503662 0.0697325319 0.0596649945
    endloop
  endfacet
  facet normal -0.288991779 0.952721775 0.0938349515
    outer loop
      vertex 0.065044038 0.0743824989 0.0612660907
      vertex 0.0667104647 0.0748782679 0.0613647066
      vertex 0.0667104647 0.075045675 0.0596649945
    endloop
  endfacet
  facet normal -0.288993239 0.952721477 0.0938332751
    outer loop
      vertex 0.065044038 0.0743824989 0.0612660907
      vertex 0.0667104647 0.075045675 0.0596649945
      vertex 0.065044038 0.0745401904 0.0596649945
    endloop
  endfacet
  facet normal 0.880979002 0.470876694 0.0463820137
    outer loop
      vertex 0.075829491 0.0711734965 0.0606278032
      vertex 0.0766503587 0.0696672201 0.0603281893
      vertex 0.0766503662 0.0697325319 0.0596649945
    endloop
  endfacet
  facet normal 0.880977333 0.4708803 0.0463752933
    outer loop
      vertex 0.075829491 0.0711734965 0.0606278032
      vertex 0.0766503662 0.0697325319 0.0596649945
      vertex 0.075829491 0.0712683201 0.0596649945
    endloop
  endfacet
  facet normal -0.469616026 0.878619671 0.0865350142
    outer loop
      vertex 0.0635082498 0.073577404 0.0611059405
      vertex 0.065044038 0.0743824989 0.0612660907
      vertex 0.065044038 0.0745401904 0.0596649945
    endloop
  endfacet
  facet normal -0.469617754 0.878619015 0.0865326747
    outer loop
      vertex 0.0635082498 0.073577404 0.0611059405
      vertex 0.065044038 0.0745401904 0.0596649945
      vertex 0.0635082573 0.0737193227 0.0596649945
    endloop
  endfacet
  facet normal 0.771511674 0.633151948 0.0623568296
    outer loop
      vertex 0.0747247711 0.0724937618 0.0608904175
      vertex 0.075829491 0.0711734965 0.0606278032
      vertex 0.075829491 0.0712683201 0.0596649945
    endloop
  endfacet
  facet normal 0.771514475 0.633147895 0.062363442
    outer loop
      vertex 0.0747247711 0.0724937618 0.0608904175
      vertex 0.075829491 0.0712683201 0.0596649945
      vertex 0.0747247785 0.0726144537 0.0596649945
    endloop
  endfacet
  facet normal -0.632555485 0.770786047 0.0759113878
    outer loop
      vertex 0.0621621199 0.0724939108 0.0608904213
      vertex 0.0635082498 0.073577404 0.0611059405
      vertex 0.0635082573 0.0737193227 0.0596649945
    endloop
  endfacet
  facet normal -0.632553577 0.770787179 0.0759146214
    outer loop
      vertex 0.0621621199 0.0724939108 0.0608904213
      vertex 0.0635082573 0.0737193227 0.0596649945
      vertex 0.0621621199 0.0726146027 0.0596649945
    endloop
  endfacet
  facet normal 0.632573485 0.770770609 0.0759170353
    outer loop
      vertex 0.0733786672 0.0735772848 0.0611059405
      vertex 0.0747247711 0.0724937618 0.0608904175
      vertex 0.0747247785 0.0726144537 0.0596649945
    endloop
  endfacet
  facet normal 0.632571161 0.770772934 0.0759133622
    outer loop
      vertex 0.0733786672 0.0735772848 0.0611059405
      vertex 0.0747247785 0.0726144537 0.0596649945
      vertex 0.0733786672 0.0737192035 0.0596649945
    endloop
  endfacet
  facet normal -0.771498144 0.633167982 0.0623605549
    outer loop
      vertex 0.0610573702 0.0711736679 0.0606278069
      vertex 0.0621621199 0.0724939108 0.0608904213
      vertex 0.0621621199 0.0726146027 0.0596649945
    endloop
  endfacet
  facet normal -0.771498382 0.633167803 0.0623600818
    outer loop
      vertex 0.0610573702 0.0711736679 0.0606278069
      vertex 0.0621621199 0.0726146027 0.0596649945
      vertex 0.0610573739 0.0712684989 0.0596649945
    endloop
  endfacet
  facet normal -0.288993269 0.952721477 -0.0938334391
    outer loop
      vertex 0.065044038 0.0745401904 0.0596649945
      vertex 0.0667104647 0.075045675 0.0596649945
      vertex 0.0667104572 0.0748782679 0.0579652786
    endloop
  endfacet
  facet normal -0.28899315 0.952721596 -0.0938332975
    outer loop
      vertex 0.065044038 0.0745401904 0.0596649945
      vertex 0.0667104572 0.0748782679 0.0579652786
      vertex 0.065044038 0.0743824989 0.0580638982
    endloop
  endfacet
  facet normal 0.880976796 0.470880032 -0.0463874675
    outer loop
      vertex 0.075829491 0.0712683201 0.0596649945
      vertex 0.0766503662 0.0697325319 0.0596649945
      vertex 0.0766503587 0.0696672127 0.0590017959
    endloop
  endfacet
  facet normal 0.880979598 0.470876187 -0.0463747084
    outer loop
      vertex 0.075829491 0.0712683201 0.0596649945
      vertex 0.0766503587 0.0696672127 0.0590017959
      vertex 0.075829491 0.0711734965 0.058702182
    endloop
  endfacet
  facet normal -0.469617635 0.878618717 -0.0865349025
    outer loop
      vertex 0.0635082573 0.0737193227 0.0596649945
      vertex 0.065044038 0.0745401904 0.0596649945
      vertex 0.065044038 0.0743824989 0.0580638982
    endloop
  endfacet
  facet normal -0.469615787 0.878619969 -0.0865325704
    outer loop
      vertex 0.0635082573 0.0737193227 0.0596649945
      vertex 0.065044038 0.0743824989 0.0580638982
      vertex 0.0635082498 0.073577404 0.0582240447
    endloop
  endfacet
  facet normal 0.771514893 0.633148193 -0.0623562336
    outer loop
      vertex 0.0747247785 0.0726144537 0.0596649945
      vertex 0.075829491 0.0712683201 0.0596649945
      vertex 0.075829491 0.0711734965 0.058702182
    endloop
  endfacet
  facet normal 0.771511972 0.633150876 -0.0623635426
    outer loop
      vertex 0.0747247785 0.0726144537 0.0596649945
      vertex 0.075829491 0.0711734965 0.058702182
      vertex 0.0747247711 0.0724937618 0.0584395677
    endloop
  endfacet
  facet normal -0.632553756 0.770787358 -0.0759113282
    outer loop
      vertex 0.0621621199 0.0726146027 0.0596649945
      vertex 0.0635082573 0.0737193227 0.0596649945
      vertex 0.0635082498 0.073577404 0.0582240447
    endloop
  endfacet
  facet normal -0.632555664 0.770785451 -0.07591445
    outer loop
      vertex 0.0621621199 0.0726146027 0.0596649945
      vertex 0.0635082498 0.073577404 0.0582240447
      vertex 0.0621621199 0.0724939108 0.0584395677
    endloop
  endfacet
  facet normal 0.632570922 0.770772696 -0.0759170428
    outer loop
      vertex 0.0733786672 0.0737192035 0.0596649945
      vertex 0.0747247785 0.0726144537 0.0596649945
      vertex 0.0747247711 0.0724937618 0.0584395677
    endloop
  endfacet
  facet normal 0.632573307 0.770771205 -0.0759130046
    outer loop
      vertex 0.0733786672 0.0737192035 0.0596649945
      vertex 0.0747247711 0.0724937618 0.0584395677
      vertex 0.0733786672 0.0735772848 0.0582240447
    endloop
  endfacet
  facet normal -0.771498322 0.633167863 -0.06236054
    outer loop
      vertex 0.0610573739 0.0712684989 0.0596649945
      vertex 0.0621621199 0.0726146027 0.0596649945
      vertex 0.0621621199 0.0724939108 0.0584395677
    endloop
  endfacet
  facet normal -0.771498084 0.633168161 -0.0623601042
    outer loop
      vertex 0.0610573739 0.0712684989 0.0596649945
      vertex 0.0621621199 0.0724939108 0.0584395677
      vertex 0.0610573702 0.0711736679 0.058702182
    endloop
  endfacet
  facet normal 0.469637841 0.878608108 -0.0865338147
    outer loop
      vertex 0.0718429014 0.0745401084 0.0596649945
      vertex 0.0733786672 0.0737192035 0.0596649945
      vertex 0.0733786672 0.0735772848 0.0582240447
    endloop
  endfacet
  facet normal 0.469637752 0.878608048 -0.0865338668
    outer loop
      vertex 0.0718429014 0.0745401084 0.0596649945
      vertex 0.0733786672 0.0735772848 0.0582240447
      vertex 0.0718429014 0.0743824169 0.0580638982
    endloop
  endfacet
  facet normal -0.880966425 0.470900595 -0.0463773273
    outer loop
      vertex 0.0602364652 0.0697327331 0.0596649945
      vertex 0.0610573739 0.0712684989 0.0596649945
      vertex 0.0610573702 0.0711736679 0.058702182
    endloop
  endfacet
  facet normal -0.880965948 0.470901817 -0.0463750102
    outer loop
      vertex 0.0602364652 0.0697327331 0.0596649945
      vertex 0.0610573702 0.0711736679 0.058702182
      vertex 0.0602364615 0.0696674138 0.0590017997
    endloop
  endfacet
  facet normal 0.289015144 0.95271498 -0.0938326418
    outer loop
      vertex 0.0701764897 0.0750456303 0.0596649945
      vertex 0.0718429014 0.0745401084 0.0596649945
      vertex 0.0718429014 0.0743824169 0.0580638982
    endloop
  endfacet
  facet normal 0.289013833 0.952715099 -0.0938340798
    outer loop
      vertex 0.0701764897 0.0750456303 0.0596649945
      vertex 0.0718429014 0.0743824169 0.0580638982
      vertex 0.0701764897 0.0748782232 0.0579652786
    endloop
  endfacet
  facet normal -0.956546187 0.290177405 -0.0285747088
    outer loop
      vertex 0.0597309433 0.0680663213 0.0596649945
      vertex 0.0602364652 0.0697327331 0.0596649945
      vertex 0.0602364615 0.0696674138 0.0590017997
    endloop
  endfacet
  facet normal -0.956546426 0.290176243 -0.0285776742
    outer loop
      vertex 0.0597309433 0.0680663213 0.0596649945
      vertex 0.0602364615 0.0696674138 0.0590017997
      vertex 0.0597309433 0.0680330247 0.059326902
    endloop
  endfacet
  facet normal 0.0975614786 0.990437269 -0.0975493789
    outer loop
      vertex 0.0684434772 0.075216338 0.0596649945
      vertex 0.0701764897 0.0750456303 0.0596649945
      vertex 0.0701764897 0.0748782232 0.0579652786
    endloop
  endfacet
  facet normal 0.0975623429 0.99043715 -0.0975484848
    outer loop
      vertex 0.0684434772 0.075216338 0.0596649945
      vertex 0.0701764897 0.0748782232 0.0579652786
      vertex 0.0684434772 0.0750456527 0.0579319783
    endloop
  endfacet
  facet normal 0.99513936 0.0980032608 -0.00965163205
    outer loop
      vertex 0.0771558434 0.0680661127 0.0596649945
      vertex 0.0773265138 0.0663331002 0.0596649945
      vertex 0.0771558434 0.0680328161 0.0593268983
    endloop
  endfacet
  facet normal -0.995137215 0.0980244428 -0.00965383649
    outer loop
      vertex 0.0595602356 0.0663333088 0.0596649945
      vertex 0.0597309433 0.0680663213 0.0596649945
      vertex 0.0597309433 0.0680330247 0.059326902
    endloop
  endfacet
  facet normal -0.0975361764 0.990439773 -0.0975487456
    outer loop
      vertex 0.0667104647 0.075045675 0.0596649945
      vertex 0.0684434772 0.075216338 0.0596649945
      vertex 0.0684434772 0.0750456527 0.0579319783
    endloop
  endfacet
  facet normal -0.097536616 0.990439653 -0.0975491777
    outer loop
      vertex 0.0667104647 0.075045675 0.0596649945
      vertex 0.0684434772 0.0750456527 0.0579319783
      vertex 0.0667104572 0.0748782679 0.0579652786
    endloop
  endfacet
  facet normal 0.956553638 0.290152699 -0.0285750683
    outer loop
      vertex 0.0766503662 0.0697325319 0.0596649945
      vertex 0.0771558434 0.0680661127 0.0596649945
      vertex 0.0771558434 0.0680328161 0.0593268983
    endloop
  endfacet
  facet normal 0.956552505 0.290155053 -0.0285884757
    outer loop
      vertex 0.0766503662 0.0697325319 0.0596649945
      vertex 0.0771558434 0.0680328161 0.0593268983
      vertex 0.0766503587 0.0696672127 0.0590017959
    endloop
  endfacet
  facet normal -0.880966306 0.452804953 -0.137353852
    outer loop
      vertex 0.0602364615 0.0696674138 0.0590017997
      vertex 0.0610573702 0.0711736679 0.058702182
      vertex 0.0610573664 0.0708928257 0.0577763729
    endloop
  endfacet
  facet normal -0.880966902 0.452803105 -0.137356058
    outer loop
      vertex 0.0602364615 0.0696674138 0.0590017997
      vertex 0.0610573664 0.0708928257 0.0577763729
      vertex 0.0602364615 0.069473967 0.0583640896
    endloop
  endfacet
  facet normal 0.289013505 0.916102111 -0.277899474
    outer loop
      vertex 0.0701764897 0.0748782232 0.0579652786
      vertex 0.0718429014 0.0743824169 0.0580638982
      vertex 0.071842894 0.0739153922 0.0565243326
    endloop
  endfacet
  facet normal 0.289013118 0.916102171 -0.277899981
    outer loop
      vertex 0.0701764897 0.0748782232 0.0579652786
      vertex 0.071842894 0.0739153922 0.0565243326
      vertex 0.0701764822 0.0743824318 0.0563308857
    endloop
  endfacet
  facet normal -0.956546545 0.279024571 -0.084641017
    outer loop
      vertex 0.0597309433 0.0680330247 0.059326902
      vertex 0.0602364615 0.0696674138 0.0590017997
      vertex 0.0602364615 0.069473967 0.0583640896
    endloop
  endfacet
  facet normal -0.956545949 0.279028147 -0.0846352652
    outer loop
      vertex 0.0597309433 0.0680330247 0.059326902
      vertex 0.0602364615 0.069473967 0.0583640896
      vertex 0.0597309396 0.0679344013 0.0590017997
    endloop
  endfacet
  facet normal 0.0975619555 0.952374518 -0.288902283
    outer loop
      vertex 0.0684434772 0.0750456527 0.0579319783
      vertex 0.0701764897 0.0748782232 0.0579652786
      vertex 0.0701764822 0.0743824318 0.0563308857
    endloop
  endfacet
  facet normal 0.0975651592 0.952375054 -0.288899094
    outer loop
      vertex 0.0684434772 0.0750456527 0.0579319783
      vertex 0.0701764822 0.0743824318 0.0563308857
      vertex 0.0684434697 0.0745401531 0.0562655628
    endloop
  endfacet
  facet normal 0.995139301 0.0942365527 -0.0285880119
    outer loop
      vertex 0.0771558434 0.0680328161 0.0593268983
      vertex 0.0773265138 0.0663331002 0.0596649945
      vertex 0.0771558434 0.0679341927 0.0590017997
    endloop
  endfacet
  facet normal -0.995137274 0.0942592025 -0.0285831504
    outer loop
      vertex 0.0595602356 0.0663333088 0.0596649945
      vertex 0.0597309433 0.0680330247 0.059326902
      vertex 0.0597309396 0.0679344013 0.0590017997
    endloop
  endfacet
  facet normal -0.0975372493 0.952377975 -0.288899064
    outer loop
      vertex 0.0667104572 0.0748782679 0.0579652786
      vertex 0.0684434772 0.0750456527 0.0579319783
      vertex 0.0684434697 0.0745401531 0.0562655628
    endloop
  endfacet
  facet normal -0.0975408256 0.952376544 -0.288902491
    outer loop
      vertex 0.0667104572 0.0748782679 0.0579652786
      vertex 0.0684434697 0.0745401531 0.0562655628
      vertex 0.0667104572 0.0743824765 0.0563308857
    endloop
  endfacet
  facet normal 0.956552088 0.279005468 -0.0846403316
    outer loop
      vertex 0.0766503587 0.0696672127 0.0590017959
      vertex 0.0771558434 0.0680328161 0.0593268983
      vertex 0.0771558434 0.0679341927 0.0590017997
    endloop
  endfacet
  facet normal 0.956552446 0.279005617 -0.0846357569
    outer loop
      vertex 0.0766503587 0.0696672127 0.0590017959
      vertex 0.0771558434 0.0679341927 0.0590017997
      vertex 0.0766503587 0.0694737658 0.0583640896
    endloop
  endfacet
  facet normal -0.288993627 0.916108131 -0.277900457
    outer loop
      vertex 0.065044038 0.0743824989 0.0580638982
      vertex 0.0667104572 0.0748782679 0.0579652786
      vertex 0.0667104572 0.0743824765 0.0563308857
    endloop
  endfacet
  facet normal -0.288991898 0.916109085 -0.277898788
    outer loop
      vertex 0.065044038 0.0743824989 0.0580638982
      vertex 0.0667104572 0.0743824765 0.0563308857
      vertex 0.0650440305 0.0739154741 0.0565243326
    endloop
  endfacet
  facet normal 0.880979538 0.452780366 -0.137349918
    outer loop
      vertex 0.075829491 0.0711734965 0.058702182
      vertex 0.0766503587 0.0696672127 0.0590017959
      vertex 0.0766503587 0.0694737658 0.0583640896
    endloop
  endfacet
  facet normal 0.880978107 0.452781081 -0.13735725
    outer loop
      vertex 0.075829491 0.0711734965 0.058702182
      vertex 0.0766503587 0.0694737658 0.0583640896
      vertex 0.0758294836 0.0708926544 0.0577763729
    endloop
  endfacet
  facet normal -0.469616234 0.844854772 -0.256283075
    outer loop
      vertex 0.0635082498 0.073577404 0.0582240447
      vertex 0.065044038 0.0743824989 0.0580638982
      vertex 0.0650440305 0.0739154741 0.0565243326
    endloop
  endfacet
  facet normal -0.469617069 0.844853997 -0.256283998
    outer loop
      vertex 0.0635082498 0.073577404 0.0582240447
      vertex 0.0650440305 0.0739154741 0.0565243326
      vertex 0.0635082498 0.0731570944 0.0568384714
    endloop
  endfacet
  facet normal 0.771511376 0.608818471 -0.184689969
    outer loop
      vertex 0.0747247711 0.0724937618 0.0584395677
      vertex 0.075829491 0.0711734965 0.058702182
      vertex 0.0758294836 0.0708926544 0.0577763729
    endloop
  endfacet
  facet normal 0.771514535 0.608816981 -0.184681311
    outer loop
      vertex 0.0747247711 0.0724937618 0.0584395677
      vertex 0.0758294836 0.0708926544 0.0577763729
      vertex 0.0747247711 0.0721363202 0.0572612323
    endloop
  endfacet
  facet normal -0.632555962 0.741164267 -0.224830016
    outer loop
      vertex 0.0621621199 0.0724939108 0.0584395677
      vertex 0.0635082498 0.073577404 0.0582240447
      vertex 0.0635082498 0.0731570944 0.0568384714
    endloop
  endfacet
  facet normal -0.632554114 0.741166472 -0.224827528
    outer loop
      vertex 0.0621621199 0.0724939108 0.0584395677
      vertex 0.0635082498 0.0731570944 0.0568384714
      vertex 0.0621621162 0.0721364692 0.057261236
    endloop
  endfacet
  facet normal 0.632573187 0.741151273 -0.224824175
    outer loop
      vertex 0.0733786672 0.0735772848 0.0582240447
      vertex 0.0747247711 0.0724937618 0.0584395677
      vertex 0.0747247711 0.0721363202 0.0572612323
    endloop
  endfacet
  facet normal 0.632570207 0.741152167 -0.224829748
    outer loop
      vertex 0.0733786672 0.0735772848 0.0582240447
      vertex 0.0747247711 0.0721363202 0.0572612323
      vertex 0.0733786598 0.0731569752 0.0568384714
    endloop
  endfacet
  facet normal -0.771498382 0.608836174 -0.18468523
    outer loop
      vertex 0.0610573702 0.0711736679 0.058702182
      vertex 0.0621621199 0.0724939108 0.0584395677
      vertex 0.0621621162 0.0721364692 0.057261236
    endloop
  endfacet
  facet normal -0.77149868 0.608835697 -0.184685871
    outer loop
      vertex 0.0610573702 0.0711736679 0.058702182
      vertex 0.0621621162 0.0721364692 0.057261236
      vertex 0.0610573664 0.0708928257 0.0577763729
    endloop
  endfacet
  facet normal 0.469637394 0.84484303 -0.256283164
    outer loop
      vertex 0.0718429014 0.0743824169 0.0580638982
      vertex 0.0733786672 0.0735772848 0.0582240447
      vertex 0.0733786598 0.0731569752 0.0568384714
    endloop
  endfacet
  facet normal 0.469636708 0.84484309 -0.256284058
    outer loop
      vertex 0.0718429014 0.0743824169 0.0580638982
      vertex 0.0733786598 0.0731569752 0.0568384714
      vertex 0.071842894 0.0739153922 0.0565243326
    endloop
  endfacet
  facet normal -0.469617844 0.778623044 -0.416179299
    outer loop
      vertex 0.0635082498 0.0731570944 0.0568384714
      vertex 0.0650440305 0.0739154741 0.0565243326
      vertex 0.0650440231 0.0731570721 0.0551054589
    endloop
  endfacet
  facet normal -0.469619572 0.778621316 -0.416180819
    outer loop
      vertex 0.0635082498 0.0731570944 0.0568384714
      vertex 0.0650440231 0.0731570721 0.0551054589
      vertex 0.0635082424 0.0724745467 0.0555615202
    endloop
  endfacet
  facet normal 0.771514356 0.561088145 -0.299909383
    outer loop
      vertex 0.0747247711 0.0721363202 0.0572612323
      vertex 0.0758294836 0.0708926544 0.0577763729
      vertex 0.0758294836 0.0704365894 0.0569231398
    endloop
  endfacet
  facet normal 0.77151227 0.561087847 -0.299915314
    outer loop
      vertex 0.0747247711 0.0721363202 0.0572612323
      vertex 0.0758294836 0.0704365894 0.0569231398
      vertex 0.0747247636 0.0715558603 0.0561752766
    endloop
  endfacet
  facet normal -0.632554889 0.683062613 -0.36510247
    outer loop
      vertex 0.0621621162 0.0721364692 0.057261236
      vertex 0.0635082498 0.0731570944 0.0568384714
      vertex 0.0635082424 0.0724745467 0.0555615202
    endloop
  endfacet
  facet normal -0.632554471 0.683063209 -0.365102112
    outer loop
      vertex 0.0621621162 0.0721364692 0.057261236
      vertex 0.0635082424 0.0724745467 0.0555615202
      vertex 0.0621621087 0.0715560094 0.0561752766
    endloop
  endfacet
  facet normal 0.632569194 0.683048427 -0.365104079
    outer loop
      vertex 0.0733786598 0.0731569752 0.0568384714
      vertex 0.0747247711 0.0721363202 0.0572612323
      vertex 0.0747247636 0.0715558603 0.0561752766
    endloop
  endfacet
  facet normal 0.632570207 0.683048546 -0.365102351
    outer loop
      vertex 0.0733786598 0.0731569752 0.0568384714
      vertex 0.0747247636 0.0715558603 0.0561752766
      vertex 0.0733786523 0.0724744275 0.0555615202
    endloop
  endfacet
  facet normal -0.771499157 0.561106801 -0.299913824
    outer loop
      vertex 0.0610573664 0.0708928257 0.0577763729
      vertex 0.0621621162 0.0721364692 0.057261236
      vertex 0.0621621087 0.0715560094 0.0561752766
    endloop
  endfacet
  facet normal -0.771498144 0.561108947 -0.299912274
    outer loop
      vertex 0.0610573664 0.0708928257 0.0577763729
      vertex 0.0621621087 0.0715560094 0.0561752766
      vertex 0.0610573627 0.0704367682 0.0569231398
    endloop
  endfacet
  facet normal 0.469635814 0.778611243 -0.416180998
    outer loop
      vertex 0.071842894 0.0739153922 0.0565243326
      vertex 0.0733786598 0.0731569752 0.0568384714
      vertex 0.0733786523 0.0724744275 0.0555615202
    endloop
  endfacet
  facet normal 0.469637841 0.7786116 -0.416178048
    outer loop
      vertex 0.071842894 0.0739153922 0.0565243326
      vertex 0.0733786523 0.0724744275 0.0555615202
      vertex 0.0718428865 0.0731569901 0.0551054589
    endloop
  endfacet
  facet normal -0.880967259 0.417307675 -0.223049283
    outer loop
      vertex 0.0602364615 0.069473967 0.0583640896
      vertex 0.0610573664 0.0708928257 0.0577763729
      vertex 0.0610573627 0.0704367682 0.0569231398
    endloop
  endfacet
  facet normal -0.880967021 0.417308271 -0.223048732
    outer loop
      vertex 0.0602364615 0.069473967 0.0583640896
      vertex 0.0610573627 0.0704367682 0.0569231398
      vertex 0.0602364577 0.0691598281 0.0577763729
    endloop
  endfacet
  facet normal 0.289012313 0.844285369 -0.451280415
    outer loop
      vertex 0.0701764822 0.0743824318 0.0563308857
      vertex 0.071842894 0.0739153922 0.0565243326
      vertex 0.0718428865 0.0731569901 0.0551054589
    endloop
  endfacet
  facet normal 0.289011776 0.844285309 -0.45128113
    outer loop
      vertex 0.0701764822 0.0743824318 0.0563308857
      vertex 0.0718428865 0.0731569901 0.0551054589
      vertex 0.0701764748 0.0735773146 0.0548246168
    endloop
  endfacet
  facet normal -0.956546307 0.257153928 -0.137444526
    outer loop
      vertex 0.0597309396 0.0679344013 0.0590017997
      vertex 0.0602364615 0.069473967 0.0583640896
      vertex 0.0602364577 0.0691598281 0.0577763729
    endloop
  endfacet
  facet normal -0.956546485 0.257152796 -0.137445718
    outer loop
      vertex 0.0597309396 0.0679344013 0.0590017997
      vertex 0.0602364577 0.0691598281 0.0577763729
      vertex 0.0597309396 0.0677742586 0.058702182
    endloop
  endfacet
  facet normal 0.0975643992 0.87771374 -0.46914798
    outer loop
      vertex 0.0684434697 0.0745401531 0.0562655628
      vertex 0.0701764822 0.0743824318 0.0563308857
      vertex 0.0701764748 0.0735773146 0.0548246168
    endloop
  endfacet
  facet normal 0.0975641534 0.877713561 -0.469148219
    outer loop
      vertex 0.0684434697 0.0745401531 0.0562655628
      vertex 0.0701764748 0.0735773146 0.0548246168
      vertex 0.0684434623 0.0737192631 0.0547297858
    endloop
  endfacet
  facet normal 0.995139301 0.0868500769 -0.0464205407
    outer loop
      vertex 0.0771558434 0.0679341927 0.0590017997
      vertex 0.0773265138 0.0663331002 0.0596649945
      vertex 0.0771558434 0.0677740499 0.058702182
    endloop
  endfacet
  facet normal -0.995137393 0.0868669674 -0.0464295484
    outer loop
      vertex 0.0595602356 0.0663333088 0.0596649945
      vertex 0.0597309396 0.0679344013 0.0590017997
      vertex 0.0597309396 0.0677742586 0.058702182
    endloop
  endfacet
  facet normal -0.0975419804 0.877715886 -0.469148546
    outer loop
      vertex 0.0667104572 0.0743824765 0.0563308857
      vertex 0.0684434697 0.0745401531 0.0562655628
      vertex 0.0684434623 0.0737192631 0.0547297858
    endloop
  endfacet
  facet normal -0.0975412875 0.877716303 -0.46914798
    outer loop
      vertex 0.0667104572 0.0743824765 0.0563308857
      vertex 0.0684434623 0.0737192631 0.0547297858
      vertex 0.0667104423 0.0735773593 0.0548246168
    endloop
  endfacet
  facet normal 0.956552565 0.257135034 -0.137436271
    outer loop
      vertex 0.0766503587 0.0694737658 0.0583640896
      vertex 0.0771558434 0.0679341927 0.0590017997
      vertex 0.0771558434 0.0677740499 0.058702182
    endloop
  endfacet
  facet normal 0.956552267 0.257134169 -0.137440071
    outer loop
      vertex 0.0766503587 0.0694737658 0.0583640896
      vertex 0.0771558434 0.0677740499 0.058702182
      vertex 0.0766503587 0.069159627 0.0577763729
    endloop
  endfacet
  facet normal -0.288992733 0.844292045 -0.451280445
    outer loop
      vertex 0.0650440305 0.0739154741 0.0565243326
      vertex 0.0667104572 0.0743824765 0.0563308857
      vertex 0.0667104423 0.0735773593 0.0548246168
    endloop
  endfacet
  facet normal -0.28899318 0.844291806 -0.451280802
    outer loop
      vertex 0.0650440305 0.0739154741 0.0565243326
      vertex 0.0667104423 0.0735773593 0.0548246168
      vertex 0.0650440231 0.0731570721 0.0551054589
    endloop
  endfacet
  facet normal 0.88097769 0.417288661 -0.223043844
    outer loop
      vertex 0.0758294836 0.0708926544 0.0577763729
      vertex 0.0766503587 0.0694737658 0.0583640896
      vertex 0.0766503587 0.069159627 0.0577763729
    endloop
  endfacet
  facet normal 0.880977094 0.417288393 -0.223046452
    outer loop
      vertex 0.0758294836 0.0708926544 0.0577763729
      vertex 0.0766503587 0.069159627 0.0577763729
      vertex 0.0758294836 0.0704365894 0.0569231398
    endloop
  endfacet
  facet normal -0.956546783 0.225398839 -0.184969053
    outer loop
      vertex 0.0597309396 0.0677742586 0.058702182
      vertex 0.0602364577 0.0691598281 0.0577763729
      vertex 0.0602364503 0.0687370598 0.057261236
    endloop
  endfacet
  facet normal -0.956546783 0.225400016 -0.184968233
    outer loop
      vertex 0.0597309396 0.0677742586 0.058702182
      vertex 0.0602364503 0.0687370598 0.057261236
      vertex 0.0597309358 0.0675587356 0.0584395677
    endloop
  endfacet
  facet normal 0.0975626633 0.76932323 -0.631366134
    outer loop
      vertex 0.0684434623 0.0737192631 0.0547297858
      vertex 0.0701764748 0.0735773146 0.0548246168
      vertex 0.0701764598 0.0724938139 0.0535043627
    endloop
  endfacet
  facet normal 0.0975593925 0.769321322 -0.631368935
    outer loop
      vertex 0.0684434623 0.0737192631 0.0547297858
      vertex 0.0701764598 0.0724938139 0.0535043627
      vertex 0.0684434474 0.0726145282 0.053383667
    endloop
  endfacet
  facet normal 0.995139122 0.0761116371 -0.0624917075
    outer loop
      vertex 0.0771558434 0.0677740499 0.058702182
      vertex 0.0773265138 0.0663331002 0.0596649945
      vertex 0.0771558359 0.067558527 0.0584395677
    endloop
  endfacet
  facet normal -0.995137453 0.0761447549 -0.0624765269
    outer loop
      vertex 0.0595602356 0.0663333088 0.0596649945
      vertex 0.0597309396 0.0677742586 0.058702182
      vertex 0.0597309358 0.0675587356 0.0584395677
    endloop
  endfacet
  facet normal -0.0975425839 0.769323707 -0.631368756
    outer loop
      vertex 0.0667104423 0.0735773593 0.0548246168
      vertex 0.0684434623 0.0737192631 0.0547297858
      vertex 0.0684434474 0.0726145282 0.053383667
    endloop
  endfacet
  facet normal -0.0975429788 0.769323409 -0.631368935
    outer loop
      vertex 0.0667104423 0.0735773593 0.0548246168
      vertex 0.0684434474 0.0726145282 0.053383667
      vertex 0.0667104349 0.0724938512 0.0535043627
    endloop
  endfacet
  facet normal 0.956551671 0.225367427 -0.184982151
    outer loop
      vertex 0.0766503587 0.069159627 0.0577763729
      vertex 0.0771558434 0.0677740499 0.058702182
      vertex 0.0771558359 0.067558527 0.0584395677
    endloop
  endfacet
  facet normal 0.956552625 0.225372165 -0.184971541
    outer loop
      vertex 0.0766503587 0.069159627 0.0577763729
      vertex 0.0771558359 0.067558527 0.0584395677
      vertex 0.0766503513 0.0687368661 0.057261236
    endloop
  endfacet
  facet normal -0.288994521 0.740026474 -0.607324421
    outer loop
      vertex 0.0650440231 0.0731570721 0.0551054589
      vertex 0.0667104423 0.0735773593 0.0548246168
      vertex 0.0667104349 0.0724938512 0.0535043627
    endloop
  endfacet
  facet normal -0.288993984 0.74002701 -0.607324123
    outer loop
      vertex 0.0650440231 0.0731570721 0.0551054589
      vertex 0.0667104349 0.0724938512 0.0535043627
      vertex 0.0650440156 0.0721364319 0.053861808
    endloop
  endfacet
  facet normal 0.880976617 0.365751684 -0.300176531
    outer loop
      vertex 0.0758294836 0.0704365894 0.0569231398
      vertex 0.0766503587 0.069159627 0.0577763729
      vertex 0.0766503513 0.0687368661 0.057261236
    endloop
  endfacet
  facet normal 0.880976975 0.365752339 -0.300174445
    outer loop
      vertex 0.0758294836 0.0704365894 0.0569231398
      vertex 0.0766503513 0.0687368661 0.057261236
      vertex 0.0758294761 0.0698228329 0.0561752766
    endloop
  endfacet
  facet normal -0.469620556 0.682467222 -0.56008476
    outer loop
      vertex 0.0635082424 0.0724745467 0.0555615202
      vertex 0.0650440231 0.0731570721 0.0551054589
      vertex 0.0650440156 0.0721364319 0.053861808
    endloop
  endfacet
  facet normal -0.469617575 0.682470858 -0.560082793
    outer loop
      vertex 0.0635082424 0.0724745467 0.0555615202
      vertex 0.0650440156 0.0721364319 0.053861808
      vertex 0.0635082275 0.0715559945 0.0544422604
    endloop
  endfacet
  facet normal 0.771511197 0.491797239 -0.403615922
    outer loop
      vertex 0.0747247636 0.0715558603 0.0561752766
      vertex 0.0758294836 0.0704365894 0.0569231398
      vertex 0.0758294761 0.0698228329 0.0561752766
    endloop
  endfacet
  facet normal 0.77151227 0.491797924 -0.403613269
    outer loop
      vertex 0.0747247636 0.0715558603 0.0561752766
      vertex 0.0758294761 0.0698228329 0.0561752766
      vertex 0.0747247562 0.0707746968 0.055223424
    endloop
  endfacet
  facet normal -0.632555425 0.598712504 -0.491342008
    outer loop
      vertex 0.0621621087 0.0715560094 0.0561752766
      vertex 0.0635082424 0.0724745467 0.0555615202
      vertex 0.0635082275 0.0715559945 0.0544422604
    endloop
  endfacet
  facet normal -0.632555485 0.598712385 -0.491342068
    outer loop
      vertex 0.0621621087 0.0715560094 0.0561752766
      vertex 0.0635082275 0.0715559945 0.0544422604
      vertex 0.0621620975 0.0707748458 0.055223424
    endloop
  endfacet
  facet normal 0.632569253 0.598697662 -0.491342336
    outer loop
      vertex 0.0733786523 0.0724744275 0.0555615202
      vertex 0.0747247636 0.0715558603 0.0561752766
      vertex 0.0747247562 0.0707746968 0.055223424
    endloop
  endfacet
  facet normal 0.632569134 0.598697603 -0.491342425
    outer loop
      vertex 0.0733786523 0.0724744275 0.0555615202
      vertex 0.0747247562 0.0707746968 0.055223424
      vertex 0.0733786449 0.0715558752 0.0544422604
    endloop
  endfacet
  facet normal -0.771499217 0.491817534 -0.403614283
    outer loop
      vertex 0.0610573627 0.0704367682 0.0569231398
      vertex 0.0621621087 0.0715560094 0.0561752766
      vertex 0.0621620975 0.0707748458 0.055223424
    endloop
  endfacet
  facet normal -0.771500111 0.491815299 -0.403615355
    outer loop
      vertex 0.0610573627 0.0704367682 0.0569231398
      vertex 0.0621620975 0.0707748458 0.055223424
      vertex 0.0610573553 0.0698230118 0.0561752766
    endloop
  endfacet
  facet normal 0.469636858 0.682458401 -0.560081959
    outer loop
      vertex 0.0718428865 0.0731569901 0.0551054589
      vertex 0.0733786523 0.0724744275 0.0555615202
      vertex 0.0733786449 0.0715558752 0.0544422604
    endloop
  endfacet
  facet normal 0.469634414 0.682457387 -0.560085177
    outer loop
      vertex 0.0718428865 0.0731569901 0.0551054589
      vertex 0.0733786449 0.0715558752 0.0544422604
      vertex 0.0718428716 0.07213635 0.053861808
    endloop
  endfacet
  facet normal -0.880967855 0.365774214 -0.300174862
    outer loop
      vertex 0.0602364577 0.0691598281 0.0577763729
      vertex 0.0610573627 0.0704367682 0.0569231398
      vertex 0.0610573553 0.0698230118 0.0561752766
    endloop
  endfacet
  facet normal -0.880967796 0.365774125 -0.300174862
    outer loop
      vertex 0.0602364577 0.0691598281 0.0577763729
      vertex 0.0610573553 0.0698230118 0.0561752766
      vertex 0.0602364503 0.0687370598 0.057261236
    endloop
  endfacet
  facet normal 0.289010733 0.740020514 -0.607323885
    outer loop
      vertex 0.0701764748 0.0735773146 0.0548246168
      vertex 0.0718428865 0.0731569901 0.0551054589
      vertex 0.0718428716 0.07213635 0.053861808
    endloop
  endfacet
  facet normal 0.289013356 0.740021765 -0.607321322
    outer loop
      vertex 0.0701764748 0.0735773146 0.0548246168
      vertex 0.0718428716 0.07213635 0.053861808
      vertex 0.0701764598 0.0724938139 0.0535043627
    endloop
  endfacet
  facet normal 0.771511376 0.403605491 -0.491805732
    outer loop
      vertex 0.0747247562 0.0707746968 0.055223424
      vertex 0.0758294761 0.0698228329 0.0561752766
      vertex 0.0758294687 0.069074966 0.0555615202
    endloop
  endfacet
  facet normal 0.771510661 0.403604627 -0.49180752
    outer loop
      vertex 0.0747247562 0.0707746968 0.055223424
      vertex 0.0758294687 0.069074966 0.0555615202
      vertex 0.0747247413 0.0698228478 0.0544422604
    endloop
  endfacet
  facet normal -0.632556856 0.491351128 -0.598703563
    outer loop
      vertex 0.0621620975 0.0707748458 0.055223424
      vertex 0.0635082275 0.0715559945 0.0544422604
      vertex 0.0635082126 0.0704367384 0.0535237119
    endloop
  endfacet
  facet normal -0.632556617 0.491351485 -0.598703444
    outer loop
      vertex 0.0621620975 0.0707748458 0.055223424
      vertex 0.0635082126 0.0704367384 0.0535237119
      vertex 0.0621620864 0.0698229969 0.0544422604
    endloop
  endfacet
  facet normal 0.632567942 0.491335243 -0.598704755
    outer loop
      vertex 0.0733786449 0.0715558752 0.0544422604
      vertex 0.0747247562 0.0707746968 0.055223424
      vertex 0.0747247413 0.0698228478 0.0544422604
    endloop
  endfacet
  facet normal 0.632568002 0.491335243 -0.598704755
    outer loop
      vertex 0.0733786449 0.0715558752 0.0544422604
      vertex 0.0747247413 0.0698228478 0.0544422604
      vertex 0.07337863 0.0704366192 0.0535237119
    endloop
  endfacet
  facet normal -0.771501362 0.403624386 -0.491805881
    outer loop
      vertex 0.0610573553 0.0698230118 0.0561752766
      vertex 0.0621620975 0.0707748458 0.055223424
      vertex 0.0621620864 0.0698229969 0.0544422604
    endloop
  endfacet
  facet normal -0.771502435 0.403621525 -0.491806567
    outer loop
      vertex 0.0610573553 0.0698230118 0.0561752766
      vertex 0.0621620864 0.0698229969 0.0544422604
      vertex 0.0610573478 0.0690751448 0.0555615202
    endloop
  endfacet
  facet normal 0.469632655 0.560077548 -0.682464898
    outer loop
      vertex 0.0718428716 0.07213635 0.053861808
      vertex 0.0733786449 0.0715558752 0.0544422604
      vertex 0.07337863 0.0704366192 0.0535237119
    endloop
  endfacet
  facet normal 0.469634145 0.560078502 -0.68246305
    outer loop
      vertex 0.0718428716 0.07213635 0.053861808
      vertex 0.07337863 0.0704366192 0.0535237119
      vertex 0.0718428567 0.0708926991 0.0528411679
    endloop
  endfacet
  facet normal -0.880968451 0.300183654 -0.365765363
    outer loop
      vertex 0.0602364503 0.0687370598 0.057261236
      vertex 0.0610573553 0.0698230118 0.0561752766
      vertex 0.0610573478 0.0690751448 0.0555615202
    endloop
  endfacet
  facet normal -0.880968034 0.3001858 -0.365764767
    outer loop
      vertex 0.0602364503 0.0687370598 0.057261236
      vertex 0.0610573478 0.0690751448 0.0555615202
      vertex 0.0602364466 0.0682219267 0.0568384714
    endloop
  endfacet
  facet normal 0.289011896 0.607319593 -0.740023673
    outer loop
      vertex 0.0701764598 0.0724938139 0.0535043627
      vertex 0.0718428716 0.07213635 0.053861808
      vertex 0.0718428567 0.0708926991 0.0528411679
    endloop
  endfacet
  facet normal 0.289008409 0.607317328 -0.740026891
    outer loop
      vertex 0.0701764598 0.0724938139 0.0535043627
      vertex 0.0718428567 0.0708926991 0.0528411679
      vertex 0.0701764449 0.0711735561 0.052420862
    endloop
  endfacet
  facet normal -0.956547141 0.184980422 -0.225387782
    outer loop
      vertex 0.0597309358 0.0675587356 0.0584395677
      vertex 0.0602364503 0.0687370598 0.057261236
      vertex 0.0602364466 0.0682219267 0.0568384714
    endloop
  endfacet
  facet normal -0.956547081 0.184982091 -0.225387022
    outer loop
      vertex 0.0597309358 0.0675587356 0.0584395677
      vertex 0.0602364466 0.0682219267 0.0568384714
      vertex 0.0597309321 0.0672961175 0.0582240447
    endloop
  endfacet
  facet normal 0.0975578427 0.631364107 -0.769325554
    outer loop
      vertex 0.0684434474 0.0726145282 0.053383667
      vertex 0.0701764598 0.0724938139 0.0535043627
      vertex 0.0701764449 0.0711735561 0.052420862
    endloop
  endfacet
  facet normal 0.0975609049 0.631366313 -0.769323349
    outer loop
      vertex 0.0684434474 0.0726145282 0.053383667
      vertex 0.0701764449 0.0711735561 0.052420862
      vertex 0.0684434325 0.0712684095 0.0522789359
    endloop
  endfacet
  facet normal 0.995138884 0.0624756962 -0.0761276111
    outer loop
      vertex 0.0771558359 0.067558527 0.0584395677
      vertex 0.0773265138 0.0663331002 0.0596649945
      vertex 0.0771558359 0.0672959089 0.0582240447
    endloop
  endfacet
  facet normal -0.995137751 0.0624915771 -0.0761297494
    outer loop
      vertex 0.0595602356 0.0663333088 0.0596649945
      vertex 0.0597309358 0.0675587356 0.0584395677
      vertex 0.0597309321 0.0672961175 0.0582240447
    endloop
  endfacet
  facet normal -0.097544454 0.631368577 -0.769323587
    outer loop
      vertex 0.0667104349 0.0724938512 0.0535043627
      vertex 0.0684434474 0.0726145282 0.053383667
      vertex 0.0684434325 0.0712684095 0.0522789359
    endloop
  endfacet
  facet normal -0.0975447744 0.631368399 -0.769323707
    outer loop
      vertex 0.0667104349 0.0724938512 0.0535043627
      vertex 0.0684434325 0.0712684095 0.0522789359
      vertex 0.06671042 0.0711736009 0.052420862
    endloop
  endfacet
  facet normal 0.956552207 0.184963197 -0.225380525
    outer loop
      vertex 0.0766503513 0.0687368661 0.057261236
      vertex 0.0771558359 0.067558527 0.0584395677
      vertex 0.0771558359 0.0672959089 0.0582240447
    endloop
  endfacet
  facet normal 0.956551492 0.184957609 -0.225388587
    outer loop
      vertex 0.0766503513 0.0687368661 0.057261236
      vertex 0.0771558359 0.0672959089 0.0582240447
      vertex 0.0766503438 0.0682217255 0.0568384714
    endloop
  endfacet
  facet normal -0.288995892 0.607325613 -0.740024924
    outer loop
      vertex 0.0650440156 0.0721364319 0.053861808
      vertex 0.0667104349 0.0724938512 0.0535043627
      vertex 0.06671042 0.0711736009 0.052420862
    endloop
  endfacet
  facet normal -0.288994551 0.607327044 -0.740024328
    outer loop
      vertex 0.0650440156 0.0721364319 0.053861808
      vertex 0.06671042 0.0711736009 0.052420862
      vertex 0.0650440007 0.070892781 0.0528411679
    endloop
  endfacet
  facet normal 0.88097626 0.300162137 -0.365764469
    outer loop
      vertex 0.0758294761 0.0698228329 0.0561752766
      vertex 0.0766503513 0.0687368661 0.057261236
      vertex 0.0766503438 0.0682217255 0.0568384714
    endloop
  endfacet
  facet normal 0.880976737 0.300163418 -0.365762115
    outer loop
      vertex 0.0758294761 0.0698228329 0.0561752766
      vertex 0.0766503438 0.0682217255 0.0568384714
      vertex 0.0758294687 0.069074966 0.0555615202
    endloop
  endfacet
  facet normal -0.469618917 0.560090363 -0.682463765
    outer loop
      vertex 0.0635082275 0.0715559945 0.0544422604
      vertex 0.0650440156 0.0721364319 0.053861808
      vertex 0.0650440007 0.070892781 0.0528411679
    endloop
  endfacet
  facet normal -0.469619662 0.56008935 -0.682464123
    outer loop
      vertex 0.0635082275 0.0715559945 0.0544422604
      vertex 0.0650440007 0.070892781 0.0528411679
      vertex 0.0635082126 0.0704367384 0.0535237119
    endloop
  endfacet
  facet normal 0.0975589082 0.469147146 -0.877714694
    outer loop
      vertex 0.0684434325 0.0712684095 0.0522789359
      vertex 0.0701764449 0.0711735561 0.052420862
      vertex 0.07017643 0.0696672872 0.0516157448
    endloop
  endfacet
  facet normal 0.0975578204 0.469146192 -0.877715468
    outer loop
      vertex 0.0684434325 0.0712684095 0.0522789359
      vertex 0.07017643 0.0696672872 0.0516157448
      vertex 0.0684434101 0.0697326288 0.0514580458
    endloop
  endfacet
  facet normal 0.995138705 0.0464059934 -0.0868649855
    outer loop
      vertex 0.0771558359 0.0672959089 0.0582240447
      vertex 0.0773265138 0.0663331002 0.0596649945
      vertex 0.0771558285 0.0669962987 0.0580638982
    endloop
  endfacet
  facet normal -0.99513787 0.0464383923 -0.0868561119
    outer loop
      vertex 0.0595602356 0.0663333088 0.0596649945
      vertex 0.0597309321 0.0672961175 0.0582240447
      vertex 0.0597309284 0.0669965073 0.0580638982
    endloop
  endfacet
  facet normal -0.0975469351 0.469148904 -0.87771517
    outer loop
      vertex 0.06671042 0.0711736009 0.052420862
      vertex 0.0684434325 0.0712684095 0.0522789359
      vertex 0.0684434101 0.0697326288 0.0514580458
    endloop
  endfacet
  facet normal -0.0975461602 0.46914959 -0.877714872
    outer loop
      vertex 0.06671042 0.0711736009 0.052420862
      vertex 0.0684434101 0.0697326288 0.0514580458
      vertex 0.0667103976 0.0696673319 0.0516157448
    endloop
  endfacet
  facet normal 0.956550598 0.137426034 -0.257148057
    outer loop
      vertex 0.0766503438 0.0682217255 0.0568384714
      vertex 0.0771558359 0.0672959089 0.0582240447
      vertex 0.0771558285 0.0669962987 0.0580638982
    endloop
  endfacet
  facet normal 0.956551313 0.137432203 -0.257142127
    outer loop
      vertex 0.0766503438 0.0682217255 0.0568384714
      vertex 0.0771558285 0.0669962987 0.0580638982
      vertex 0.0766503364 0.0676340088 0.0565243326
    endloop
  endfacet
  facet normal -0.288996398 0.451285422 -0.844288111
    outer loop
      vertex 0.0650440007 0.070892781 0.0528411679
      vertex 0.06671042 0.0711736009 0.052420862
      vertex 0.0667103976 0.0696673319 0.0516157448
    endloop
  endfacet
  facet normal -0.288996875 0.451285064 -0.84428829
    outer loop
      vertex 0.0650440007 0.070892781 0.0528411679
      vertex 0.0667103976 0.0696673319 0.0516157448
      vertex 0.0650439784 0.0694739074 0.0520827658
    endloop
  endfacet
  facet normal 0.880975783 0.223036781 -0.41729641
    outer loop
      vertex 0.0758294687 0.069074966 0.0555615202
      vertex 0.0766503438 0.0682217255 0.0568384714
      vertex 0.0766503364 0.0676340088 0.0565243326
    endloop
  endfacet
  facet normal 0.880975127 0.223034784 -0.417298764
    outer loop
      vertex 0.0758294687 0.069074966 0.0555615202
      vertex 0.0766503364 0.0676340088 0.0565243326
      vertex 0.0758294538 0.068221733 0.0551054589
    endloop
  endfacet
  facet normal -0.46962145 0.416186064 -0.778617263
    outer loop
      vertex 0.0635082126 0.0704367384 0.0535237119
      vertex 0.0650440007 0.070892781 0.0528411679
      vertex 0.0650439784 0.0694739074 0.0520827658
    endloop
  endfacet
  facet normal -0.469621688 0.416185737 -0.778617322
    outer loop
      vertex 0.0635082126 0.0704367384 0.0535237119
      vertex 0.0650439784 0.0694739074 0.0520827658
      vertex 0.0635081977 0.0691597834 0.0528411642
    endloop
  endfacet
  facet normal 0.771508992 0.299900115 -0.561100483
    outer loop
      vertex 0.0747247413 0.0698228478 0.0544422604
      vertex 0.0758294687 0.069074966 0.0555615202
      vertex 0.0758294538 0.068221733 0.0551054589
    endloop
  endfacet
  facet normal 0.771510065 0.299901932 -0.561098039
    outer loop
      vertex 0.0747247413 0.0698228478 0.0544422604
      vertex 0.0758294538 0.068221733 0.0551054589
      vertex 0.0747247264 0.0687368885 0.0538618043
    endloop
  endfacet
  facet normal -0.632557988 0.365109026 -0.683056176
    outer loop
      vertex 0.0621620864 0.0698229969 0.0544422604
      vertex 0.0635082126 0.0704367384 0.0535237119
      vertex 0.0635081977 0.0691597834 0.0528411642
    endloop
  endfacet
  facet normal -0.632559121 0.365106881 -0.683056235
    outer loop
      vertex 0.0621620864 0.0698229969 0.0544422604
      vertex 0.0635081977 0.0691597834 0.0528411642
      vertex 0.0621620752 0.0687370375 0.0538618043
    endloop
  endfacet
  facet normal 0.632566273 0.365092278 -0.683057368
    outer loop
      vertex 0.07337863 0.0704366192 0.0535237119
      vertex 0.0747247413 0.0698228478 0.0544422604
      vertex 0.0747247264 0.0687368885 0.0538618043
    endloop
  endfacet
  facet normal 0.632567704 0.365093827 -0.683055341
    outer loop
      vertex 0.07337863 0.0704366192 0.0535237119
      vertex 0.0747247264 0.0687368885 0.0538618043
      vertex 0.0733786151 0.0691596642 0.0528411642
    endloop
  endfacet
  facet normal -0.771503448 0.299920082 -0.561097443
    outer loop
      vertex 0.0610573478 0.0690751448 0.0555615202
      vertex 0.0621620864 0.0698229969 0.0544422604
      vertex 0.0621620752 0.0687370375 0.0538618043
    endloop
  endfacet
  facet normal -0.771502852 0.299921989 -0.561097383
    outer loop
      vertex 0.0610573478 0.0690751448 0.0555615202
      vertex 0.0621620752 0.0687370375 0.0538618043
      vertex 0.0610573366 0.0682219118 0.0551054589
    endloop
  endfacet
  facet normal 0.469632447 0.416174501 -0.778616846
    outer loop
      vertex 0.0718428567 0.0708926991 0.0528411679
      vertex 0.07337863 0.0704366192 0.0535237119
      vertex 0.0733786151 0.0691596642 0.0528411642
    endloop
  endfacet
  facet normal 0.469631761 0.416173846 -0.778617561
    outer loop
      vertex 0.0718428567 0.0708926991 0.0528411679
      vertex 0.0733786151 0.0691596642 0.0528411642
      vertex 0.0718428418 0.0694738254 0.0520827658
    endloop
  endfacet
  facet normal -0.880969048 0.2230611 -0.417297661
    outer loop
      vertex 0.0602364466 0.0682219267 0.0568384714
      vertex 0.0610573478 0.0690751448 0.0555615202
      vertex 0.0610573366 0.0682219118 0.0551054589
    endloop
  endfacet
  facet normal -0.880969286 0.223059833 -0.417297781
    outer loop
      vertex 0.0602364466 0.0682219267 0.0568384714
      vertex 0.0610573366 0.0682219118 0.0551054589
      vertex 0.0602364391 0.06763421 0.0565243326
    endloop
  endfacet
  facet normal 0.28900665 0.451277673 -0.844288826
    outer loop
      vertex 0.0701764449 0.0711735561 0.052420862
      vertex 0.0718428567 0.0708926991 0.0528411679
      vertex 0.0718428418 0.0694738254 0.0520827658
    endloop
  endfacet
  facet normal 0.289007455 0.451278359 -0.84428817
    outer loop
      vertex 0.0701764449 0.0711735561 0.052420862
      vertex 0.0718428418 0.0694738254 0.0520827658
      vertex 0.07017643 0.0696672872 0.0516157448
    endloop
  endfacet
  facet normal -0.956547558 0.137456715 -0.257142633
    outer loop
      vertex 0.0597309321 0.0672961175 0.0582240447
      vertex 0.0602364466 0.0682219267 0.0568384714
      vertex 0.0602364391 0.06763421 0.0565243326
    endloop
  endfacet
  facet normal -0.956547439 0.137458563 -0.257142216
    outer loop
      vertex 0.0597309321 0.0672961175 0.0582240447
      vertex 0.0602364391 0.06763421 0.0565243326
      vertex 0.0597309284 0.0669965073 0.0580638982
    endloop
  endfacet
  facet normal -0.63256073 0.224833816 -0.741159022
    outer loop
      vertex 0.0621620752 0.0687370375 0.0538618043
      vertex 0.0635081977 0.0691597834 0.0528411642
      vertex 0.0635081828 0.0677742139 0.0524208583
    endloop
  endfacet
  facet normal -0.632559896 0.224835321 -0.741159201
    outer loop
      vertex 0.0621620752 0.0687370375 0.0538618043
      vertex 0.0635081828 0.0677742139 0.0524208583
      vertex 0.0621620603 0.0675587058 0.0535043627
    endloop
  endfacet
  facet normal 0.632566214 0.224819183 -0.741158783
    outer loop
      vertex 0.0733786151 0.0691596642 0.0528411642
      vertex 0.0747247264 0.0687368885 0.0538618043
      vertex 0.0747247115 0.0675585568 0.0535043627
    endloop
  endfacet
  facet normal 0.63256675 0.224819928 -0.741158068
    outer loop
      vertex 0.0733786151 0.0691596642 0.0528411642
      vertex 0.0747247115 0.0675585568 0.0535043627
      vertex 0.0733786002 0.0677740946 0.0524208583
    endloop
  endfacet
  facet normal -0.771504164 0.184694439 -0.60882616
    outer loop
      vertex 0.0610573366 0.0682219118 0.0551054589
      vertex 0.0621620752 0.0687370375 0.0538618043
      vertex 0.0621620603 0.0675587058 0.0535043627
    endloop
  endfacet
  facet normal -0.771503806 0.184695467 -0.608826339
    outer loop
      vertex 0.0610573366 0.0682219118 0.0551054589
      vertex 0.0621620603 0.0675587058 0.0535043627
      vertex 0.0610573255 0.0672961026 0.0548246168
    endloop
  endfacet
  facet normal 0.469629556 0.256276011 -0.844849527
    outer loop
      vertex 0.0718428418 0.0694738254 0.0520827658
      vertex 0.0733786151 0.0691596642 0.0528411642
      vertex 0.0733786002 0.0677740946 0.0524208583
    endloop
  endfacet
  facet normal 0.469630182 0.256276757 -0.844848931
    outer loop
      vertex 0.0718428418 0.0694738254 0.0520827658
      vertex 0.0733786002 0.0677740946 0.0524208583
      vertex 0.0718428195 0.0679342598 0.0516157411
    endloop
  endfacet
  facet normal -0.880970418 0.137364596 -0.452793658
    outer loop
      vertex 0.0602364391 0.06763421 0.0565243326
      vertex 0.0610573366 0.0682219118 0.0551054589
      vertex 0.0610573255 0.0672961026 0.0548246168
    endloop
  endfacet
  facet normal -0.880970597 0.137363449 -0.452793509
    outer loop
      vertex 0.0602364391 0.06763421 0.0565243326
      vertex 0.0610573255 0.0672961026 0.0548246168
      vertex 0.0602364317 0.0669964999 0.0563308857
    endloop
  endfacet
  facet normal 0.289005876 0.277895033 -0.916105866
    outer loop
      vertex 0.07017643 0.0696672872 0.0516157448
      vertex 0.0718428418 0.0694738254 0.0520827658
      vertex 0.0718428195 0.0679342598 0.0516157411
    endloop
  endfacet
  facet normal 0.289005309 0.277894497 -0.916106164
    outer loop
      vertex 0.07017643 0.0696672872 0.0516157448
      vertex 0.0718428195 0.0679342598 0.0516157411
      vertex 0.0701764077 0.068032898 0.0511199571
    endloop
  endfacet
  facet normal -0.956548095 0.084649682 -0.279016346
    outer loop
      vertex 0.0597309284 0.0669965073 0.0580638982
      vertex 0.0602364391 0.06763421 0.0565243326
      vertex 0.0602364317 0.0669964999 0.0563308857
    endloop
  endfacet
  facet normal -0.956548095 0.0846494362 -0.279016346
    outer loop
      vertex 0.0597309284 0.0669965073 0.0580638982
      vertex 0.0602364317 0.0669964999 0.0563308857
      vertex 0.0597309247 0.0666714013 0.0579652786
    endloop
  endfacet
  facet normal 0.0975556448 0.288899451 -0.952376008
    outer loop
      vertex 0.0684434101 0.0697326288 0.0514580458
      vertex 0.07017643 0.0696672872 0.0516157448
      vertex 0.0701764077 0.068032898 0.0511199571
    endloop
  endfacet
  facet normal 0.0975549296 0.288898796 -0.952376246
    outer loop
      vertex 0.0684434101 0.0697326288 0.0514580458
      vertex 0.0701764077 0.068032898 0.0511199571
      vertex 0.0684433952 0.068066217 0.0509525463
    endloop
  endfacet
  facet normal 0.995138407 0.0285888631 -0.0942450836
    outer loop
      vertex 0.0771558285 0.0669962987 0.0580638982
      vertex 0.0773265138 0.0663331002 0.0596649945
      vertex 0.0771558285 0.0666711926 0.0579652786
    endloop
  endfacet
  facet normal -0.995138109 0.028600255 -0.0942449719
    outer loop
      vertex 0.0595602356 0.0663333088 0.0596649945
      vertex 0.0597309284 0.0669965073 0.0580638982
      vertex 0.0597309247 0.0666714013 0.0579652786
    endloop
  endfacet
  facet normal -0.097548686 0.288900524 -0.952376366
    outer loop
      vertex 0.0667103976 0.0696673319 0.0516157448
      vertex 0.0684434101 0.0697326288 0.0514580458
      vertex 0.0684433952 0.068066217 0.0509525463
    endloop
  endfacet
  facet normal -0.0975483432 0.288900912 -0.952376306
    outer loop
      vertex 0.0667103976 0.0696673319 0.0516157448
      vertex 0.0684433952 0.068066217 0.0509525463
      vertex 0.0667103752 0.0680329353 0.0511199571
    endloop
  endfacet
  facet normal 0.956550956 0.0846367851 -0.279010683
    outer loop
      vertex 0.0766503364 0.0676340088 0.0565243326
      vertex 0.0771558285 0.0669962987 0.0580638982
      vertex 0.0771558285 0.0666711926 0.0579652786
    endloop
  endfacet
  facet normal 0.956550002 0.0846274123 -0.279016554
    outer loop
      vertex 0.0766503364 0.0676340088 0.0565243326
      vertex 0.0771558285 0.0666711926 0.0579652786
      vertex 0.0766503289 0.0669962987 0.0563308857
    endloop
  endfacet
  facet normal -0.28899914 0.277901143 -0.916106164
    outer loop
      vertex 0.0650439784 0.0694739074 0.0520827658
      vertex 0.0667103976 0.0696673319 0.0516157448
      vertex 0.0667103752 0.0680329353 0.0511199571
    endloop
  endfacet
  facet normal -0.289000213 0.277899921 -0.916106164
    outer loop
      vertex 0.0650439784 0.0694739074 0.0520827658
      vertex 0.0667103752 0.0680329353 0.0511199571
      vertex 0.0650439635 0.0679343417 0.0516157448
    endloop
  endfacet
  facet normal 0.880973935 0.137342721 -0.4527933
    outer loop
      vertex 0.0758294538 0.068221733 0.0551054589
      vertex 0.0766503364 0.0676340088 0.0565243326
      vertex 0.0766503289 0.0669962987 0.0563308857
    endloop
  endfacet
  facet normal 0.88097477 0.137345985 -0.452790707
    outer loop
      vertex 0.0758294538 0.068221733 0.0551054589
      vertex 0.0766503289 0.0669962987 0.0563308857
      vertex 0.0758294463 0.0672959238 0.0548246168
    endloop
  endfacet
  facet normal -0.469623268 0.256286353 -0.844849885
    outer loop
      vertex 0.0635081977 0.0691597834 0.0528411642
      vertex 0.0650439784 0.0694739074 0.0520827658
      vertex 0.0650439635 0.0679343417 0.0516157448
    endloop
  endfacet
  facet normal -0.469623417 0.256286204 -0.844849885
    outer loop
      vertex 0.0635081977 0.0691597834 0.0528411642
      vertex 0.0650439635 0.0679343417 0.0516157448
      vertex 0.0635081828 0.0677742139 0.0524208583
    endloop
  endfacet
  facet normal 0.771508694 0.184679523 -0.608825028
    outer loop
      vertex 0.0747247264 0.0687368885 0.0538618043
      vertex 0.0758294538 0.068221733 0.0551054589
      vertex 0.0758294463 0.0672959238 0.0548246168
    endloop
  endfacet
  facet normal 0.771506727 0.184675649 -0.608828545
    outer loop
      vertex 0.0747247264 0.0687368885 0.0538618043
      vertex 0.0758294463 0.0672959238 0.0548246168
      vertex 0.0747247115 0.0675585568 0.0535043627
    endloop
  endfacet
  facet normal 0.995138228 0.00963106193 -0.0980159864
    outer loop
      vertex 0.0771558285 0.0666711926 0.0579652786
      vertex 0.0773265138 0.0663331002 0.0596649945
      vertex 0.077155821 0.0663331002 0.057931982
    endloop
  endfacet
  facet normal -0.995138288 0.00966354925 -0.0980117172
    outer loop
      vertex 0.0595602356 0.0663333088 0.0596649945
      vertex 0.0597309247 0.0666714013 0.0579652786
      vertex 0.0597309209 0.0663333088 0.057931982
    endloop
  endfacet
  facet normal -0.0975503623 0.0975500643 -0.990438282
    outer loop
      vertex 0.0667103752 0.0680329353 0.0511199571
      vertex 0.0684433952 0.068066217 0.0509525463
      vertex 0.0684433728 0.0663332045 0.0507818609
    endloop
  endfacet
  facet normal -0.0975496843 0.0975507647 -0.990438223
    outer loop
      vertex 0.0667103752 0.0680329353 0.0511199571
      vertex 0.0684433728 0.0663332045 0.0507818609
      vertex 0.0667103603 0.0663332269 0.05095255
    endloop
  endfacet
  facet normal 0.956548989 0.0285559017 -0.290169746
    outer loop
      vertex 0.0766503289 0.0669962987 0.0563308857
      vertex 0.0771558285 0.0666711926 0.0579652786
      vertex 0.077155821 0.0663331002 0.057931982
    endloop
  endfacet
  facet normal 0.956550121 0.0285682827 -0.290165007
    outer loop
      vertex 0.0766503289 0.0669962987 0.0563308857
      vertex 0.077155821 0.0663331002 0.057931982
      vertex 0.0766503215 0.0663331077 0.0562655665
    endloop
  endfacet
  facet normal -0.289002836 0.0938373506 -0.952718258
    outer loop
      vertex 0.0650439635 0.0679343417 0.0516157448
      vertex 0.0667103752 0.0680329353 0.0511199571
      vertex 0.0667103603 0.0663332269 0.05095255
    endloop
  endfacet
  facet normal -0.289001316 0.093839027 -0.952718437
    outer loop
      vertex 0.0650439635 0.0679343417 0.0516157448
      vertex 0.0667103603 0.0663332269 0.05095255
      vertex 0.0650439411 0.0663332418 0.0514580496
    endloop
  endfacet
  facet normal 0.880973935 0.0463689156 -0.470887333
    outer loop
      vertex 0.0758294463 0.0672959238 0.0548246168
      vertex 0.0766503289 0.0669962987 0.0563308857
      vertex 0.0766503215 0.0663331077 0.0562655665
    endloop
  endfacet
  facet normal 0.880972922 0.046364408 -0.470889688
    outer loop
      vertex 0.0758294463 0.0672959238 0.0548246168
      vertex 0.0766503215 0.0663331077 0.0562655665
      vertex 0.0758294314 0.0663331151 0.0547297895
    endloop
  endfacet
  facet normal -0.469625473 0.0865428373 -0.87861383
    outer loop
      vertex 0.0635081828 0.0677742139 0.0524208583
      vertex 0.0650439635 0.0679343417 0.0516157448
      vertex 0.0650439411 0.0663332418 0.0514580496
    endloop
  endfacet
  facet normal -0.469626516 0.0865414739 -0.878613412
    outer loop
      vertex 0.0635081828 0.0677742139 0.0524208583
      vertex 0.0650439411 0.0663332418 0.0514580496
      vertex 0.0635081679 0.0663332641 0.0522789359
    endloop
  endfacet
  facet normal 0.771504819 0.0623482056 -0.633161128
    outer loop
      vertex 0.0747247115 0.0675585568 0.0535043627
      vertex 0.0758294463 0.0672959238 0.0548246168
      vertex 0.0758294314 0.0663331151 0.0547297895
    endloop
  endfacet
  facet normal 0.771506429 0.0623521693 -0.633158684
    outer loop
      vertex 0.0747247115 0.0675585568 0.0535043627
      vertex 0.0758294314 0.0663331151 0.0547297895
      vertex 0.0747246966 0.06633313 0.053383667
    endloop
  endfacet
  facet normal -0.632561505 0.0759223998 -0.770779908
    outer loop
      vertex 0.0621620603 0.0675587058 0.0535043627
      vertex 0.0635081828 0.0677742139 0.0524208583
      vertex 0.0635081679 0.0663332641 0.0522789359
    endloop
  endfacet
  facet normal -0.632560551 0.0759239942 -0.770780504
    outer loop
      vertex 0.0621620603 0.0675587058 0.0535043627
      vertex 0.0635081679 0.0663332641 0.0522789359
      vertex 0.0621620454 0.066333279 0.053383667
    endloop
  endfacet
  facet normal 0.632565081 0.0759084299 -0.770778418
    outer loop
      vertex 0.0733786002 0.0677740946 0.0524208583
      vertex 0.0747247115 0.0675585568 0.0535043627
      vertex 0.0747246966 0.06633313 0.053383667
    endloop
  endfacet
  facet normal 0.632563531 0.0759060308 -0.770779908
    outer loop
      vertex 0.0733786002 0.0677740946 0.0524208583
      vertex 0.0747246966 0.06633313 0.053383667
      vertex 0.0733785778 0.0663331449 0.0522789359
    endloop
  endfacet
  facet normal -0.771505177 0.0623709373 -0.633158386
    outer loop
      vertex 0.0610573255 0.0672961026 0.0548246168
      vertex 0.0621620603 0.0675587058 0.0535043627
      vertex 0.0621620454 0.066333279 0.053383667
    endloop
  endfacet
  facet normal -0.771506011 0.0623687916 -0.633157611
    outer loop
      vertex 0.0610573255 0.0672961026 0.0548246168
      vertex 0.0621620454 0.066333279 0.053383667
      vertex 0.0610573143 0.0663332939 0.0547297895
    endloop
  endfacet
  facet normal 0.469628215 0.086529322 -0.87861371
    outer loop
      vertex 0.0718428195 0.0679342598 0.0516157411
      vertex 0.0733786002 0.0677740946 0.0524208583
      vertex 0.0733785778 0.0663331449 0.0522789359
    endloop
  endfacet
  facet normal 0.469628632 0.0865298212 -0.878613412
    outer loop
      vertex 0.0718428195 0.0679342598 0.0516157411
      vertex 0.0733785778 0.0663331449 0.0522789359
      vertex 0.0718428046 0.0663331598 0.0514580496
    endloop
  endfacet
  facet normal -0.880971789 0.0463882908 -0.470889479
    outer loop
      vertex 0.0602364317 0.0669964999 0.0563308857
      vertex 0.0610573255 0.0672961026 0.0548246168
      vertex 0.0610573143 0.0663332939 0.0547297895
    endloop
  endfacet
  facet normal -0.88097173 0.046388384 -0.470889509
    outer loop
      vertex 0.0602364317 0.0669964999 0.0563308857
      vertex 0.0610573143 0.0663332939 0.0547297895
      vertex 0.0602364242 0.0663333014 0.0562655665
    endloop
  endfacet
  facet normal 0.289003015 0.093830131 -0.952718914
    outer loop
      vertex 0.0701764077 0.068032898 0.0511199571
      vertex 0.0718428195 0.0679342598 0.0516157411
      vertex 0.0718428046 0.0663331598 0.0514580496
    endloop
  endfacet
  facet normal 0.289003462 0.0938306227 -0.952718616
    outer loop
      vertex 0.0701764077 0.068032898 0.0511199571
      vertex 0.0718428046 0.0663331598 0.0514580496
      vertex 0.0701763853 0.0663331822 0.05095255
    endloop
  endfacet
  facet normal -0.956548691 0.0285896715 -0.290167421
    outer loop
      vertex 0.0597309247 0.0666714013 0.0579652786
      vertex 0.0602364317 0.0669964999 0.0563308857
      vertex 0.0602364242 0.0663333014 0.0562655665
    endloop
  endfacet
  facet normal -0.956548989 0.0285873078 -0.290167063
    outer loop
      vertex 0.0597309247 0.0666714013 0.0579652786
      vertex 0.0602364242 0.0663333014 0.0562655665
      vertex 0.0597309209 0.0663333088 0.057931982
    endloop
  endfacet
  facet normal 0.0975528359 0.0975481942 -0.990438223
    outer loop
      vertex 0.0684433952 0.068066217 0.0509525463
      vertex 0.0701764077 0.068032898 0.0511199571
      vertex 0.0701763853 0.0663331822 0.05095255
    endloop
  endfacet
  facet normal 0.0975521952 0.0975475535 -0.990438282
    outer loop
      vertex 0.0684433952 0.068066217 0.0509525463
      vertex 0.0701763853 0.0663331822 0.05095255
      vertex 0.0684433728 0.0663332045 0.0507818609
    endloop
  endfacet
  facet normal 0.632561624 -0.0759238899 -0.77077961
    outer loop
      vertex 0.0733785778 0.0663331449 0.0522789359
      vertex 0.0747246966 0.06633313 0.053383667
      vertex 0.0747246817 0.0651077032 0.0535043627
    endloop
  endfacet
  facet normal 0.632562637 -0.0759223029 -0.770779014
    outer loop
      vertex 0.0733785778 0.0663331449 0.0522789359
      vertex 0.0747246817 0.0651077032 0.0535043627
      vertex 0.0733785629 0.0648921952 0.0524208583
    endloop
  endfacet
  facet normal -0.771507502 -0.0623520575 -0.633157432
    outer loop
      vertex 0.0610573143 0.0663332939 0.0547297895
      vertex 0.0621620454 0.066333279 0.053383667
      vertex 0.0621620305 0.0651078522 0.0535043627
    endloop
  endfacet
  facet normal -0.771507084 -0.06235094 -0.633158028
    outer loop
      vertex 0.0610573143 0.0663332939 0.0547297895
      vertex 0.0621620305 0.0651078522 0.0535043627
      vertex 0.0610573031 0.0653704852 0.0548246168
    endloop
  endfacet
  facet normal 0.469626874 -0.0865414366 -0.878613234
    outer loop
      vertex 0.0718428046 0.0663331598 0.0514580496
      vertex 0.0733785778 0.0663331449 0.0522789359
      vertex 0.0733785629 0.0648921952 0.0524208583
    endloop
  endfacet
  facet normal 0.469625503 -0.0865432322 -0.87861377
    outer loop
      vertex 0.0718428046 0.0663331598 0.0514580496
      vertex 0.0733785629 0.0648921952 0.0524208583
      vertex 0.0718427822 0.0647320673 0.0516157448
    endloop
  endfacet
  facet normal -0.880972803 -0.046367798 -0.470889628
    outer loop
      vertex 0.0602364242 0.0663333014 0.0562655665
      vertex 0.0610573143 0.0663332939 0.0547297895
      vertex 0.0610573031 0.0653704852 0.0548246168
    endloop
  endfacet
  facet normal -0.880973041 -0.0463690534 -0.470888913
    outer loop
      vertex 0.0602364242 0.0663333014 0.0562655665
      vertex 0.0610573031 0.0653704852 0.0548246168
      vertex 0.0602364168 0.0656701103 0.0563308857
    endloop
  endfacet
  facet normal 0.289000899 -0.0938394517 -0.952718496
    outer loop
      vertex 0.0701763853 0.0663331822 0.05095255
      vertex 0.0718428046 0.0663331598 0.0514580496
      vertex 0.0718427822 0.0647320673 0.0516157448
    endloop
  endfacet
  facet normal 0.289002061 -0.0938382 -0.952718258
    outer loop
      vertex 0.0701763853 0.0663331822 0.05095255
      vertex 0.0718427822 0.0647320673 0.0516157448
      vertex 0.070176363 0.0646334663 0.0511199571
    endloop
  endfacet
  facet normal -0.956549585 -0.0285684504 -0.290166944
    outer loop
      vertex 0.0597309209 0.0663333088 0.057931982
      vertex 0.0602364242 0.0663333014 0.0562655665
      vertex 0.0602364168 0.0656701103 0.0563308857
    endloop
  endfacet
  facet normal -0.956549585 -0.0285693798 -0.290166587
    outer loop
      vertex 0.0597309209 0.0663333088 0.057931982
      vertex 0.0602364168 0.0656701103 0.0563308857
      vertex 0.0597309172 0.0659952164 0.0579652824
    endloop
  endfacet
  facet normal 0.097549662 -0.0975507498 -0.990438163
    outer loop
      vertex 0.0684433728 0.0663332045 0.0507818609
      vertex 0.0701763853 0.0663331822 0.05095255
      vertex 0.070176363 0.0646334663 0.0511199571
    endloop
  endfacet
  facet normal 0.0975503549 -0.0975500643 -0.990438223
    outer loop
      vertex 0.0684433728 0.0663332045 0.0507818609
      vertex 0.070176363 0.0646334663 0.0511199571
      vertex 0.0684433505 0.064600192 0.0509525463
    endloop
  endfacet
  facet normal 0.995138049 -0.00965298992 -0.0980159715
    outer loop
      vertex 0.077155821 0.0663331002 0.057931982
      vertex 0.0773265138 0.0663331002 0.0596649945
      vertex 0.077155821 0.0659950078 0.0579652786
    endloop
  endfacet
  facet normal -0.995138526 -0.00964269787 -0.0980117396
    outer loop
      vertex 0.0595602356 0.0663333088 0.0596649945
      vertex 0.0597309209 0.0663333088 0.057931982
      vertex 0.0597309172 0.0659952164 0.0579652824
    endloop
  endfacet
  facet normal -0.0975521952 -0.0975475535 -0.990438342
    outer loop
      vertex 0.0667103603 0.0663332269 0.05095255
      vertex 0.0684433728 0.0663332045 0.0507818609
      vertex 0.0684433505 0.064600192 0.0509525463
    endloop
  endfacet
  facet normal -0.0975528434 -0.0975482017 -0.990438223
    outer loop
      vertex 0.0667103603 0.0663332269 0.05095255
      vertex 0.0684433505 0.064600192 0.0509525463
      vertex 0.066710338 0.064633511 0.0511199571
    endloop
  endfacet
  facet normal 0.956549883 -0.0285765063 -0.290165186
    outer loop
      vertex 0.0766503215 0.0663331077 0.0562655665
      vertex 0.077155821 0.0663331002 0.057931982
      vertex 0.077155821 0.0659950078 0.0579652786
    endloop
  endfacet
  facet normal 0.956548691 -0.0285896957 -0.290167421
    outer loop
      vertex 0.0766503215 0.0663331077 0.0562655665
      vertex 0.077155821 0.0659950078 0.0579652786
      vertex 0.076650314 0.0656699091 0.0563308857
    endloop
  endfacet
  facet normal -0.289003074 -0.0938306302 -0.952718794
    outer loop
      vertex 0.0650439411 0.0663332418 0.0514580496
      vertex 0.0667103603 0.0663332269 0.05095255
      vertex 0.066710338 0.064633511 0.0511199571
    endloop
  endfacet
  facet normal -0.289005011 -0.0938326865 -0.9527179
    outer loop
      vertex 0.0650439411 0.0663332418 0.0514580496
      vertex 0.066710338 0.064633511 0.0511199571
      vertex 0.0650439262 0.0647321492 0.0516157448
    endloop
  endfacet
  facet normal 0.88097173 -0.0463883467 -0.470889509
    outer loop
      vertex 0.0758294314 0.0663331151 0.0547297895
      vertex 0.0766503215 0.0663331077 0.0562655665
      vertex 0.076650314 0.0656699091 0.0563308857
    endloop
  endfacet
  facet normal 0.880972564 -0.0463847332 -0.470888406
    outer loop
      vertex 0.0758294314 0.0663331151 0.0547297895
      vertex 0.076650314 0.0656699091 0.0563308857
      vertex 0.075829424 0.0653703064 0.0548246168
    endloop
  endfacet
  facet normal -0.469628841 -0.0865322426 -0.878613114
    outer loop
      vertex 0.0635081679 0.0663332641 0.0522789359
      vertex 0.0650439411 0.0663332418 0.0514580496
      vertex 0.0650439262 0.0647321492 0.0516157448
    endloop
  endfacet
  facet normal -0.469626606 -0.0865294412 -0.878614604
    outer loop
      vertex 0.0635081679 0.0663332641 0.0522789359
      vertex 0.0650439262 0.0647321492 0.0516157448
      vertex 0.0635081455 0.0648923144 0.0524208583
    endloop
  endfacet
  facet normal 0.771505177 -0.0623659566 -0.633159041
    outer loop
      vertex 0.0747246966 0.06633313 0.053383667
      vertex 0.0758294314 0.0663331151 0.0547297895
      vertex 0.075829424 0.0653703064 0.0548246168
    endloop
  endfacet
  facet normal 0.77150315 -0.0623711534 -0.633160949
    outer loop
      vertex 0.0747246966 0.06633313 0.053383667
      vertex 0.075829424 0.0653703064 0.0548246168
      vertex 0.0747246817 0.0651077032 0.0535043627
    endloop
  endfacet
  facet normal -0.632562518 -0.0759060979 -0.770780742
    outer loop
      vertex 0.0621620454 0.066333279 0.053383667
      vertex 0.0635081679 0.0663332641 0.0522789359
      vertex 0.0635081455 0.0648923144 0.0524208583
    endloop
  endfacet
  facet normal -0.632564008 -0.0759084895 -0.770779252
    outer loop
      vertex 0.0621620454 0.066333279 0.053383667
      vertex 0.0635081455 0.0648923144 0.0524208583
      vertex 0.0621620305 0.0651078522 0.0535043627
    endloop
  endfacet
  facet normal -0.0975549296 -0.288899153 -0.952376187
    outer loop
      vertex 0.066710338 0.064633511 0.0511199571
      vertex 0.0684433505 0.064600192 0.0509525463
      vertex 0.0684433281 0.0629337728 0.0514580496
    endloop
  endfacet
  facet normal -0.097554028 -0.288898319 -0.952376544
    outer loop
      vertex 0.066710338 0.064633511 0.0511199571
      vertex 0.0684433281 0.0629337728 0.0514580496
      vertex 0.0667103156 0.0629991144 0.0516157448
    endloop
  endfacet
  facet normal 0.956547856 -0.0846596733 -0.2790142
    outer loop
      vertex 0.076650314 0.0656699091 0.0563308857
      vertex 0.077155821 0.0659950078 0.0579652786
      vertex 0.0771558136 0.0656699017 0.0580638982
    endloop
  endfacet
  facet normal 0.95654875 -0.0846491382 -0.279014498
    outer loop
      vertex 0.076650314 0.0656699091 0.0563308857
      vertex 0.0771558136 0.0656699017 0.0580638982
      vertex 0.0766503066 0.065032199 0.0565243326
    endloop
  endfacet
  facet normal -0.289007217 -0.277893186 -0.916106045
    outer loop
      vertex 0.0650439262 0.0647321492 0.0516157448
      vertex 0.066710338 0.064633511 0.0511199571
      vertex 0.0667103156 0.0629991144 0.0516157448
    endloop
  endfacet
  facet normal -0.289006948 -0.277892917 -0.916106224
    outer loop
      vertex 0.0650439262 0.0647321492 0.0516157448
      vertex 0.0667103156 0.0629991144 0.0516157448
      vertex 0.0650439039 0.0631925836 0.0520827658
    endloop
  endfacet
  facet normal 0.880971551 -0.137362957 -0.452791959
    outer loop
      vertex 0.075829424 0.0653703064 0.0548246168
      vertex 0.076650314 0.0656699091 0.0563308857
      vertex 0.0766503066 0.065032199 0.0565243326
    endloop
  endfacet
  facet normal 0.880970538 -0.137367755 -0.452792406
    outer loop
      vertex 0.075829424 0.0653703064 0.0548246168
      vertex 0.0766503066 0.065032199 0.0565243326
      vertex 0.0758294091 0.0644444972 0.0551054589
    endloop
  endfacet
  facet normal -0.469628662 -0.256275088 -0.844850302
    outer loop
      vertex 0.0635081455 0.0648923144 0.0524208583
      vertex 0.0650439262 0.0647321492 0.0516157448
      vertex 0.0650439039 0.0631925836 0.0520827658
    endloop
  endfacet
  facet normal -0.469630182 -0.256276697 -0.84484899
    outer loop
      vertex 0.0635081455 0.0648923144 0.0524208583
      vertex 0.0650439039 0.0631925836 0.0520827658
      vertex 0.0635081306 0.0635067374 0.0528411679
    endloop
  endfacet
  facet normal 0.771501541 -0.184699073 -0.608828068
    outer loop
      vertex 0.0747246817 0.0651077032 0.0535043627
      vertex 0.075829424 0.0653703064 0.0548246168
      vertex 0.0758294091 0.0644444972 0.0551054589
    endloop
  endfacet
  facet normal 0.771504939 -0.184689686 -0.608826578
    outer loop
      vertex 0.0747246817 0.0651077032 0.0535043627
      vertex 0.0758294091 0.0644444972 0.0551054589
      vertex 0.0747246742 0.0639293715 0.0538618043
    endloop
  endfacet
  facet normal -0.632565618 -0.224820897 -0.741158724
    outer loop
      vertex 0.0621620305 0.0651078522 0.0535043627
      vertex 0.0635081455 0.0648923144 0.0524208583
      vertex 0.0635081306 0.0635067374 0.0528411679
    endloop
  endfacet
  facet normal -0.632565975 -0.224821374 -0.741158307
    outer loop
      vertex 0.0621620305 0.0651078522 0.0535043627
      vertex 0.0635081306 0.0635067374 0.0528411679
      vertex 0.0621620156 0.0639295205 0.053861808
    endloop
  endfacet
  facet normal 0.632561207 -0.224831328 -0.741159439
    outer loop
      vertex 0.0733785629 0.0648921952 0.0524208583
      vertex 0.0747246817 0.0651077032 0.0535043627
      vertex 0.0747246742 0.0639293715 0.0538618043
    endloop
  endfacet
  facet normal 0.63255924 -0.224834904 -0.741159916
    outer loop
      vertex 0.0733785629 0.0648921952 0.0524208583
      vertex 0.0747246742 0.0639293715 0.0538618043
      vertex 0.073378548 0.0635066181 0.0528411679
    endloop
  endfacet
  facet normal -0.771508813 -0.184676722 -0.608825803
    outer loop
      vertex 0.0610573031 0.0653704852 0.0548246168
      vertex 0.0621620305 0.0651078522 0.0535043627
      vertex 0.0621620156 0.0639295205 0.053861808
    endloop
  endfacet
  facet normal -0.771508098 -0.184675485 -0.608826816
    outer loop
      vertex 0.0610573031 0.0653704852 0.0548246168
      vertex 0.0621620156 0.0639295205 0.053861808
      vertex 0.0610572919 0.0644446686 0.0551054589
    endloop
  endfacet
  facet normal 0.469623357 -0.256287009 -0.844849586
    outer loop
      vertex 0.0718427822 0.0647320673 0.0516157448
      vertex 0.0733785629 0.0648921952 0.0524208583
      vertex 0.073378548 0.0635066181 0.0528411679
    endloop
  endfacet
  facet normal 0.469623923 -0.256286234 -0.844849467
    outer loop
      vertex 0.0718427822 0.0647320673 0.0516157448
      vertex 0.073378548 0.0635066181 0.0528411679
      vertex 0.0718427673 0.0631925017 0.0520827658
    endloop
  endfacet
  facet normal -0.880974054 -0.13734211 -0.452793241
    outer loop
      vertex 0.0602364168 0.0656701103 0.0563308857
      vertex 0.0610573031 0.0653704852 0.0548246168
      vertex 0.0610572919 0.0644446686 0.0551054589
    endloop
  endfacet
  facet normal -0.880974233 -0.137342647 -0.452792823
    outer loop
      vertex 0.0602364168 0.0656701103 0.0563308857
      vertex 0.0610572919 0.0644446686 0.0551054589
      vertex 0.0602364093 0.0650324002 0.0565243326
    endloop
  endfacet
  facet normal 0.289000183 -0.277899951 -0.916106224
    outer loop
      vertex 0.070176363 0.0646334663 0.0511199571
      vertex 0.0718427822 0.0647320673 0.0516157448
      vertex 0.0718427673 0.0631925017 0.0520827658
    endloop
  endfacet
  facet normal 0.28899914 -0.277901083 -0.916106164
    outer loop
      vertex 0.070176363 0.0646334663 0.0511199571
      vertex 0.0718427673 0.0631925017 0.0520827658
      vertex 0.0701763481 0.0629990771 0.0516157448
    endloop
  endfacet
  facet normal -0.956550181 -0.0846272856 -0.279016018
    outer loop
      vertex 0.0597309172 0.0659952164 0.0579652824
      vertex 0.0602364168 0.0656701103 0.0563308857
      vertex 0.0602364093 0.0650324002 0.0565243326
    endloop
  endfacet
  facet normal -0.956549942 -0.0846247077 -0.279017627
    outer loop
      vertex 0.0597309172 0.0659952164 0.0579652824
      vertex 0.0602364093 0.0650324002 0.0565243326
      vertex 0.0597309135 0.0656701103 0.0580638982
    endloop
  endfacet
  facet normal 0.0975475162 -0.288901687 -0.952376127
    outer loop
      vertex 0.0684433505 0.064600192 0.0509525463
      vertex 0.070176363 0.0646334663 0.0511199571
      vertex 0.0701763481 0.0629990771 0.0516157448
    endloop
  endfacet
  facet normal 0.0975475088 -0.288901746 -0.952376127
    outer loop
      vertex 0.0684433505 0.064600192 0.0509525463
      vertex 0.0701763481 0.0629990771 0.0516157448
      vertex 0.0684433281 0.0629337728 0.0514580496
    endloop
  endfacet
  facet normal 0.995137811 -0.028611606 -0.0942448676
    outer loop
      vertex 0.077155821 0.0659950078 0.0579652786
      vertex 0.0773265138 0.0663331002 0.0596649945
      vertex 0.0771558136 0.0656699017 0.0580638982
    endloop
  endfacet
  facet normal -0.995138764 -0.0285765026 -0.0942456052
    outer loop
      vertex 0.0595602356 0.0663333088 0.0596649945
      vertex 0.0597309172 0.0659952164 0.0579652824
      vertex 0.0597309135 0.0656701103 0.0580638982
    endloop
  endfacet
  facet normal -0.771509409 -0.299904346 -0.561097622
    outer loop
      vertex 0.0610572919 0.0644446686 0.0551054589
      vertex 0.0621620156 0.0639295205 0.053861808
      vertex 0.0621620044 0.0628435612 0.0544422641
    endloop
  endfacet
  facet normal -0.771509469 -0.299904406 -0.561097622
    outer loop
      vertex 0.0610572919 0.0644446686 0.0551054589
      vertex 0.0621620044 0.0628435612 0.0544422641
      vertex 0.0610572807 0.0635914356 0.0555615239
    endloop
  endfacet
  facet normal 0.469621569 -0.416185856 -0.778617322
    outer loop
      vertex 0.0718427673 0.0631925017 0.0520827658
      vertex 0.073378548 0.0635066181 0.0528411679
      vertex 0.0733785331 0.0622296706 0.0535237119
    endloop
  endfacet
  facet normal 0.469620079 -0.416188002 -0.778617084
    outer loop
      vertex 0.0718427673 0.0631925017 0.0520827658
      vertex 0.0733785331 0.0622296706 0.0535237119
      vertex 0.0718427449 0.061773628 0.0528411716
    endloop
  endfacet
  facet normal -0.880975425 -0.223039001 -0.417295963
    outer loop
      vertex 0.0602364093 0.0650324002 0.0565243326
      vertex 0.0610572919 0.0644446686 0.0551054589
      vertex 0.0610572807 0.0635914356 0.0555615239
    endloop
  endfacet
  facet normal -0.880975366 -0.22303912 -0.417295843
    outer loop
      vertex 0.0602364093 0.0650324002 0.0565243326
      vertex 0.0610572807 0.0635914356 0.0555615239
      vertex 0.0602364019 0.0644446835 0.0568384752
    endloop
  endfacet
  facet normal 0.288996786 -0.451286733 -0.844287336
    outer loop
      vertex 0.0701763481 0.0629990771 0.0516157448
      vertex 0.0718427673 0.0631925017 0.0520827658
      vertex 0.0718427449 0.061773628 0.0528411716
    endloop
  endfacet
  facet normal 0.288998157 -0.451285303 -0.844287753
    outer loop
      vertex 0.0701763481 0.0629990771 0.0516157448
      vertex 0.0718427449 0.061773628 0.0528411716
      vertex 0.0701763257 0.0614928082 0.052420862
    endloop
  endfacet
  facet normal -0.956550598 -0.137434468 -0.257143319
    outer loop
      vertex 0.0597309135 0.0656701103 0.0580638982
      vertex 0.0602364093 0.0650324002 0.0565243326
      vertex 0.0602364019 0.0644446835 0.0568384752
    endloop
  endfacet
  facet normal -0.956550956 -0.137437195 -0.257140726
    outer loop
      vertex 0.0597309135 0.0656701103 0.0580638982
      vertex 0.0602364019 0.0644446835 0.0568384752
      vertex 0.0597309098 0.0653705001 0.0582240485
    endloop
  endfacet
  facet normal 0.0975458995 -0.46914959 -0.877714872
    outer loop
      vertex 0.0684433281 0.0629337728 0.0514580496
      vertex 0.0701763481 0.0629990771 0.0516157448
      vertex 0.0701763257 0.0614928082 0.052420862
    endloop
  endfacet
  facet normal 0.0975460857 -0.46914947 -0.877714932
    outer loop
      vertex 0.0684433281 0.0629337728 0.0514580496
      vertex 0.0701763257 0.0614928082 0.052420862
      vertex 0.0684433132 0.0613979958 0.0522789396
    endloop
  endfacet
  facet normal 0.995137572 -0.0464302599 -0.0868640915
    outer loop
      vertex 0.0771558136 0.0656699017 0.0580638982
      vertex 0.0773265138 0.0663331002 0.0596649945
      vertex 0.0771558136 0.0653702915 0.0582240447
    endloop
  endfacet
  facet normal -0.995138943 -0.0464150235 -0.0868566558
    outer loop
      vertex 0.0595602356 0.0663333088 0.0596649945
      vertex 0.0597309135 0.0656701103 0.0580638982
      vertex 0.0597309098 0.0653705001 0.0582240485
    endloop
  endfacet
  facet normal -0.0975563303 -0.469147533 -0.877714872
    outer loop
      vertex 0.0667103156 0.0629991144 0.0516157448
      vertex 0.0684433281 0.0629337728 0.0514580496
      vertex 0.0684433132 0.0613979958 0.0522789396
    endloop
  endfacet
  facet normal -0.0975570753 -0.469148159 -0.877714515
    outer loop
      vertex 0.0667103156 0.0629991144 0.0516157448
      vertex 0.0684433132 0.0613979958 0.0522789396
      vertex 0.0667103007 0.0614928491 0.052420862
    endloop
  endfacet
  facet normal 0.956548333 -0.137447909 -0.2571446
    outer loop
      vertex 0.0766503066 0.065032199 0.0565243326
      vertex 0.0771558136 0.0656699017 0.0580638982
      vertex 0.0771558136 0.0653702915 0.0582240447
    endloop
  endfacet
  facet normal 0.956547558 -0.137456715 -0.257142603
    outer loop
      vertex 0.0766503066 0.065032199 0.0565243326
      vertex 0.0771558136 0.0653702915 0.0582240447
      vertex 0.0766502991 0.0644444823 0.0568384714
    endloop
  endfacet
  facet normal -0.289009273 -0.451278955 -0.844287157
    outer loop
      vertex 0.0650439039 0.0631925836 0.0520827658
      vertex 0.0667103156 0.0629991144 0.0516157448
      vertex 0.0667103007 0.0614928491 0.052420862
    endloop
  endfacet
  facet normal -0.289009392 -0.451279044 -0.844287157
    outer loop
      vertex 0.0650439039 0.0631925836 0.0520827658
      vertex 0.0667103007 0.0614928491 0.052420862
      vertex 0.065043889 0.06177371 0.0528411716
    endloop
  endfacet
  facet normal 0.880969286 -0.223059908 -0.417297781
    outer loop
      vertex 0.0758294091 0.0644444972 0.0551054589
      vertex 0.0766503066 0.065032199 0.0565243326
      vertex 0.0766502991 0.0644444823 0.0568384714
    endloop
  endfacet
  facet normal 0.880969822 -0.223057479 -0.417298019
    outer loop
      vertex 0.0758294091 0.0644444972 0.0551054589
      vertex 0.0766502991 0.0644444823 0.0568384714
      vertex 0.0758294016 0.0635912642 0.0555615202
    endloop
  endfacet
  facet normal -0.469631582 -0.416175514 -0.778616786
    outer loop
      vertex 0.0635081306 0.0635067374 0.0528411679
      vertex 0.0650439039 0.0631925836 0.0520827658
      vertex 0.065043889 0.06177371 0.0528411716
    endloop
  endfacet
  facet normal -0.469630957 -0.416174948 -0.778617382
    outer loop
      vertex 0.0635081306 0.0635067374 0.0528411679
      vertex 0.065043889 0.06177371 0.0528411716
      vertex 0.0635081157 0.0622297898 0.0535237119
    endloop
  endfacet
  facet normal 0.771503985 -0.299918741 -0.561097443
    outer loop
      vertex 0.0747246742 0.0639293715 0.0538618043
      vertex 0.0758294091 0.0644444972 0.0551054589
      vertex 0.0758294016 0.0635912642 0.0555615202
    endloop
  endfacet
  facet normal 0.77150178 -0.299924582 -0.561097264
    outer loop
      vertex 0.0747246742 0.0639293715 0.0538618043
      vertex 0.0758294016 0.0635912642 0.0555615202
      vertex 0.0747246593 0.0628434122 0.0544422641
    endloop
  endfacet
  facet normal -0.632567823 -0.365093887 -0.683055162
    outer loop
      vertex 0.0621620156 0.0639295205 0.053861808
      vertex 0.0635081306 0.0635067374 0.0528411679
      vertex 0.0635081157 0.0622297898 0.0535237119
    endloop
  endfacet
  facet normal -0.632567525 -0.365093559 -0.683055699
    outer loop
      vertex 0.0621620156 0.0639295205 0.053861808
      vertex 0.0635081157 0.0622297898 0.0535237119
      vertex 0.0621620044 0.0628435612 0.0544422641
    endloop
  endfacet
  facet normal 0.632557988 -0.365110844 -0.683055222
    outer loop
      vertex 0.073378548 0.0635066181 0.0528411679
      vertex 0.0747246742 0.0639293715 0.0538618043
      vertex 0.0747246593 0.0628434122 0.0544422641
    endloop
  endfacet
  facet normal 0.632559121 -0.365108728 -0.683055282
    outer loop
      vertex 0.073378548 0.0635066181 0.0528411679
      vertex 0.0747246593 0.0628434122 0.0544422641
      vertex 0.0733785331 0.0622296706 0.0535237119
    endloop
  endfacet
  facet normal -0.289011091 -0.607319057 -0.740024447
    outer loop
      vertex 0.065043889 0.06177371 0.0528411716
      vertex 0.0667103007 0.0614928491 0.052420862
      vertex 0.0667102858 0.0601725951 0.0535043664
    endloop
  endfacet
  facet normal -0.289011955 -0.607319593 -0.740023732
    outer loop
      vertex 0.065043889 0.06177371 0.0528411716
      vertex 0.0667102858 0.0601725951 0.0535043664
      vertex 0.0650438741 0.060530059 0.0538618118
    endloop
  endfacet
  facet normal 0.88096875 -0.30018881 -0.365760624
    outer loop
      vertex 0.0758294016 0.0635912642 0.0555615202
      vertex 0.0766502991 0.0644444823 0.0568384714
      vertex 0.0766502917 0.0639293492 0.057261236
    endloop
  endfacet
  facet normal 0.88096875 -0.300188601 -0.365760684
    outer loop
      vertex 0.0758294016 0.0635912642 0.0555615202
      vertex 0.0766502917 0.0639293492 0.057261236
      vertex 0.0758293867 0.0628433973 0.0561752766
    endloop
  endfacet
  facet normal -0.469632834 -0.560078979 -0.682463586
    outer loop
      vertex 0.0635081157 0.0622297898 0.0535237119
      vertex 0.065043889 0.06177371 0.0528411716
      vertex 0.0650438741 0.060530059 0.0538618118
    endloop
  endfacet
  facet normal -0.469631553 -0.560078084 -0.682465076
    outer loop
      vertex 0.0635081157 0.0622297898 0.0535237119
      vertex 0.0650438741 0.060530059 0.0538618118
      vertex 0.0635081008 0.06111053 0.0544422641
    endloop
  endfacet
  facet normal 0.771500349 -0.403627694 -0.49180463
    outer loop
      vertex 0.0747246593 0.0628434122 0.0544422641
      vertex 0.0758294016 0.0635912642 0.0555615202
      vertex 0.0758293867 0.0628433973 0.0561752766
    endloop
  endfacet
  facet normal 0.771501303 -0.403625309 -0.491805226
    outer loop
      vertex 0.0747246593 0.0628434122 0.0544422641
      vertex 0.0758293867 0.0628433973 0.0561752766
      vertex 0.0747246444 0.0618915595 0.0552234277
    endloop
  endfacet
  facet normal -0.632568955 -0.491334945 -0.59870398
    outer loop
      vertex 0.0621620044 0.0628435612 0.0544422641
      vertex 0.0635081157 0.0622297898 0.0535237119
      vertex 0.0635081008 0.06111053 0.0544422641
    endloop
  endfacet
  facet normal -0.632569075 -0.491335064 -0.598703802
    outer loop
      vertex 0.0621620044 0.0628435612 0.0544422641
      vertex 0.0635081008 0.06111053 0.0544422641
      vertex 0.0621619932 0.0618917085 0.0552234277
    endloop
  endfacet
  facet normal 0.632557631 -0.491351306 -0.59870261
    outer loop
      vertex 0.0733785331 0.0622296706 0.0535237119
      vertex 0.0747246593 0.0628434122 0.0544422641
      vertex 0.0747246444 0.0618915595 0.0552234277
    endloop
  endfacet
  facet normal 0.632557869 -0.49135077 -0.598702669
    outer loop
      vertex 0.0733785331 0.0622296706 0.0535237119
      vertex 0.0747246444 0.0618915595 0.0552234277
      vertex 0.0733785182 0.0611104108 0.0544422641
    endloop
  endfacet
  facet normal -0.771510541 -0.403605551 -0.491806924
    outer loop
      vertex 0.0610572807 0.0635914356 0.0555615239
      vertex 0.0621620044 0.0628435612 0.0544422641
      vertex 0.0621619932 0.0618917085 0.0552234277
    endloop
  endfacet
  facet normal -0.771510065 -0.403605103 -0.491807967
    outer loop
      vertex 0.0610572807 0.0635914356 0.0555615239
      vertex 0.0621619932 0.0618917085 0.0552234277
      vertex 0.0610572696 0.0628435761 0.0561752766
    endloop
  endfacet
  facet normal 0.46961841 -0.560090065 -0.68246448
    outer loop
      vertex 0.0718427449 0.061773628 0.0528411716
      vertex 0.0733785331 0.0622296706 0.0535237119
      vertex 0.0733785182 0.0611104108 0.0544422641
    endloop
  endfacet
  facet normal 0.469619066 -0.560089111 -0.682464719
    outer loop
      vertex 0.0718427449 0.061773628 0.0528411716
      vertex 0.0733785182 0.0611104108 0.0544422641
      vertex 0.07184273 0.0605299771 0.053861808
    endloop
  endfacet
  facet normal -0.880976498 -0.300161719 -0.365763962
    outer loop
      vertex 0.0602364019 0.0644446835 0.0568384752
      vertex 0.0610572807 0.0635914356 0.0555615239
      vertex 0.0610572696 0.0628435761 0.0561752766
    endloop
  endfacet
  facet normal -0.88097614 -0.300160646 -0.365765899
    outer loop
      vertex 0.0602364019 0.0644446835 0.0568384752
      vertex 0.0610572696 0.0628435761 0.0561752766
      vertex 0.0602363944 0.0639295429 0.057261236
    endloop
  endfacet
  facet normal 0.2889961 -0.607325435 -0.740025043
    outer loop
      vertex 0.0701763257 0.0614928082 0.052420862
      vertex 0.0718427449 0.061773628 0.0528411716
      vertex 0.07184273 0.0605299771 0.053861808
    endloop
  endfacet
  facet normal 0.288995653 -0.607325852 -0.740024805
    outer loop
      vertex 0.0701763257 0.0614928082 0.052420862
      vertex 0.07184273 0.0605299771 0.053861808
      vertex 0.0701763108 0.0601725541 0.0535043664
    endloop
  endfacet
  facet normal -0.956551492 -0.184956536 -0.225389287
    outer loop
      vertex 0.0597309098 0.0653705001 0.0582240485
      vertex 0.0602364019 0.0644446835 0.0568384752
      vertex 0.0602363944 0.0639295429 0.057261236
    endloop
  endfacet
  facet normal -0.956551373 -0.184955195 -0.225391224
    outer loop
      vertex 0.0597309098 0.0653705001 0.0582240485
      vertex 0.0602363944 0.0639295429 0.057261236
      vertex 0.059730906 0.065107882 0.0584395677
    endloop
  endfacet
  facet normal 0.0975444764 -0.631368577 -0.769323587
    outer loop
      vertex 0.0684433132 0.0613979958 0.0522789396
      vertex 0.0701763257 0.0614928082 0.052420862
      vertex 0.0701763108 0.0601725541 0.0535043664
    endloop
  endfacet
  facet normal 0.097544454 -0.631368577 -0.769323528
    outer loop
      vertex 0.0684433132 0.0613979958 0.0522789396
      vertex 0.0701763108 0.0601725541 0.0535043664
      vertex 0.0684432983 0.0600518771 0.0533836707
    endloop
  endfacet
  facet normal 0.995137453 -0.0625020266 -0.076125294
    outer loop
      vertex 0.0771558136 0.0653702915 0.0582240447
      vertex 0.0773265138 0.0663331002 0.0596649945
      vertex 0.0771558061 0.0651076734 0.0584395677
    endloop
  endfacet
  facet normal -0.995139241 -0.0624646656 -0.0761326775
    outer loop
      vertex 0.0595602356 0.0663333088 0.0596649945
      vertex 0.0597309098 0.0653705001 0.0582240485
      vertex 0.059730906 0.065107882 0.0584395677
    endloop
  endfacet
  facet normal -0.0975592807 -0.631366432 -0.769323468
    outer loop
      vertex 0.0667103007 0.0614928491 0.052420862
      vertex 0.0684433132 0.0613979958 0.0522789396
      vertex 0.0684432983 0.0600518771 0.0533836707
    endloop
  endfacet
  facet normal -0.0975592434 -0.631366372 -0.769323587
    outer loop
      vertex 0.0667103007 0.0614928491 0.052420862
      vertex 0.0684432983 0.0600518771 0.0533836707
      vertex 0.0667102858 0.0601725951 0.0535043664
    endloop
  endfacet
  facet normal 0.956546843 -0.184990838 -0.225381106
    outer loop
      vertex 0.0766502991 0.0644444823 0.0568384714
      vertex 0.0771558136 0.0653702915 0.0582240447
      vertex 0.0771558061 0.0651076734 0.0584395677
    endloop
  endfacet
  facet normal 0.956547379 -0.184984237 -0.225384027
    outer loop
      vertex 0.0766502991 0.0644444823 0.0568384714
      vertex 0.0771558061 0.0651076734 0.0584395677
      vertex 0.0766502917 0.0639293492 0.057261236
    endloop
  endfacet
  facet normal -0.880976856 -0.365755528 -0.300171167
    outer loop
      vertex 0.0602363944 0.0639295429 0.057261236
      vertex 0.0610572696 0.0628435761 0.0561752766
      vertex 0.0610572658 0.0622298196 0.0569231436
    endloop
  endfacet
  facet normal -0.880976439 -0.365754932 -0.300172955
    outer loop
      vertex 0.0602363944 0.0639295429 0.057261236
      vertex 0.0610572658 0.0622298196 0.0569231436
      vertex 0.0602363907 0.0635067821 0.0577763729
    endloop
  endfacet
  facet normal 0.288994133 -0.740027845 -0.607322931
    outer loop
      vertex 0.0701763108 0.0601725541 0.0535043664
      vertex 0.07184273 0.0605299771 0.053861808
      vertex 0.0718427226 0.0595093369 0.0551054627
    endloop
  endfacet
  facet normal 0.28899461 -0.740027487 -0.607323229
    outer loop
      vertex 0.0701763108 0.0601725541 0.0535043664
      vertex 0.0718427226 0.0595093369 0.0551054627
      vertex 0.0701763034 0.0590890497 0.0548246205
    endloop
  endfacet
  facet normal -0.956551909 -0.225377455 -0.184968933
    outer loop
      vertex 0.059730906 0.065107882 0.0584395677
      vertex 0.0602363944 0.0639295429 0.057261236
      vertex 0.0602363907 0.0635067821 0.0577763729
    endloop
  endfacet
  facet normal -0.956552446 -0.225380138 -0.184962884
    outer loop
      vertex 0.059730906 0.065107882 0.0584395677
      vertex 0.0602363907 0.0635067821 0.0577763729
      vertex 0.059730906 0.0648923591 0.0587021858
    endloop
  endfacet
  facet normal 0.0975429639 -0.769324481 -0.631367683
    outer loop
      vertex 0.0684432983 0.0600518771 0.0533836707
      vertex 0.0701763108 0.0601725541 0.0535043664
      vertex 0.0701763034 0.0590890497 0.0548246205
    endloop
  endfacet
  facet normal 0.0975425914 -0.76932478 -0.631367445
    outer loop
      vertex 0.0684432983 0.0600518771 0.0533836707
      vertex 0.0701763034 0.0590890497 0.0548246205
      vertex 0.0684432834 0.0589471459 0.0547297895
    endloop
  endfacet
  facet normal 0.995137215 -0.076140292 -0.0624869913
    outer loop
      vertex 0.0771558061 0.0651076734 0.0584395677
      vertex 0.0773265138 0.0663331002 0.0596649945
      vertex 0.0771558061 0.0648921505 0.058702182
    endloop
  endfacet
  facet normal -0.995139301 -0.0761243403 -0.0624729916
    outer loop
      vertex 0.0595602356 0.0663333088 0.0596649945
      vertex 0.059730906 0.065107882 0.0584395677
      vertex 0.059730906 0.0648923591 0.0587021858
    endloop
  endfacet
  facet normal -0.0975609869 -0.769322276 -0.631367624
    outer loop
      vertex 0.0667102858 0.0601725951 0.0535043664
      vertex 0.0684432983 0.0600518771 0.0533836707
      vertex 0.0684432834 0.0589471459 0.0547297895
    endloop
  endfacet
  facet normal -0.0975610167 -0.769322276 -0.631367564
    outer loop
      vertex 0.0667102858 0.0601725951 0.0535043664
      vertex 0.0684432834 0.0589471459 0.0547297895
      vertex 0.0667102709 0.0590890907 0.0548246205
    endloop
  endfacet
  facet normal 0.956547022 -0.225392669 -0.184975743
    outer loop
      vertex 0.0766502917 0.0639293492 0.057261236
      vertex 0.0771558061 0.0651076734 0.0584395677
      vertex 0.0771558061 0.0648921505 0.058702182
    endloop
  endfacet
  facet normal 0.956547201 -0.225391299 -0.184976652
    outer loop
      vertex 0.0766502917 0.0639293492 0.057261236
      vertex 0.0771558061 0.0648921505 0.058702182
      vertex 0.0766502917 0.0635065809 0.0577763729
    endloop
  endfacet
  facet normal -0.289013416 -0.740020752 -0.607322514
    outer loop
      vertex 0.0650438741 0.060530059 0.0538618118
      vertex 0.0667102858 0.0601725951 0.0535043664
      vertex 0.0667102709 0.0590890907 0.0548246205
    endloop
  endfacet
  facet normal -0.289012283 -0.740020156 -0.607323647
    outer loop
      vertex 0.0650438741 0.060530059 0.0538618118
      vertex 0.0667102709 0.0590890907 0.0548246205
      vertex 0.0650438592 0.0595094189 0.0551054627
    endloop
  endfacet
  facet normal 0.880968273 -0.36576733 -0.300182015
    outer loop
      vertex 0.0758293867 0.0628433973 0.0561752766
      vertex 0.0766502917 0.0639293492 0.057261236
      vertex 0.0766502917 0.0635065809 0.0577763729
    endloop
  endfacet
  facet normal 0.8809672 -0.365771413 -0.300179809
    outer loop
      vertex 0.0758293867 0.0628433973 0.0561752766
      vertex 0.0766502917 0.0635065809 0.0577763729
      vertex 0.0758293867 0.0622296408 0.0569231436
    endloop
  endfacet
  facet normal -0.469633162 -0.682457924 -0.560085595
    outer loop
      vertex 0.0635081008 0.06111053 0.0544422641
      vertex 0.0650438741 0.060530059 0.0538618118
      vertex 0.0650438592 0.0595094189 0.0551054627
    endloop
  endfacet
  facet normal -0.469636917 -0.682459414 -0.560080588
    outer loop
      vertex 0.0635081008 0.06111053 0.0544422641
      vertex 0.0650438592 0.0595094189 0.0551054627
      vertex 0.0635080934 0.0601919815 0.0555615239
    endloop
  endfacet
  facet normal 0.771500468 -0.49181214 -0.403618455
    outer loop
      vertex 0.0747246444 0.0618915595 0.0552234277
      vertex 0.0758293867 0.0628433973 0.0561752766
      vertex 0.0758293867 0.0622296408 0.0569231436
    endloop
  endfacet
  facet normal 0.771499217 -0.491815299 -0.403617054
    outer loop
      vertex 0.0747246444 0.0618915595 0.0552234277
      vertex 0.0758293867 0.0622296408 0.0569231436
      vertex 0.074724637 0.0611103959 0.0561752766
    endloop
  endfacet
  facet normal -0.632570148 -0.59869802 -0.491340697
    outer loop
      vertex 0.0621619932 0.0618917085 0.0552234277
      vertex 0.0635081008 0.06111053 0.0544422641
      vertex 0.0635080934 0.0601919815 0.0555615239
    endloop
  endfacet
  facet normal -0.632568359 -0.598697245 -0.491344064
    outer loop
      vertex 0.0621619932 0.0618917085 0.0552234277
      vertex 0.0635080934 0.0601919815 0.0555615239
      vertex 0.0621619821 0.0611105487 0.0561752766
    endloop
  endfacet
  facet normal 0.632556736 -0.598709464 -0.491344064
    outer loop
      vertex 0.0733785182 0.0611104108 0.0544422641
      vertex 0.0747246444 0.0618915595 0.0552234277
      vertex 0.074724637 0.0611103959 0.0561752766
    endloop
  endfacet
  facet normal 0.632553697 -0.59871453 -0.49134168
    outer loop
      vertex 0.0733785182 0.0611104108 0.0544422641
      vertex 0.074724637 0.0611103959 0.0561752766
      vertex 0.0733785033 0.0601918623 0.0555615239
    endloop
  endfacet
  facet normal -0.771511376 -0.491797328 -0.403615505
    outer loop
      vertex 0.0610572696 0.0628435761 0.0561752766
      vertex 0.0621619932 0.0618917085 0.0552234277
      vertex 0.0621619821 0.0611105487 0.0561752766
    endloop
  endfacet
  facet normal -0.771513045 -0.491798431 -0.403611034
    outer loop
      vertex 0.0610572696 0.0628435761 0.0561752766
      vertex 0.0621619821 0.0611105487 0.0561752766
      vertex 0.0610572658 0.0622298196 0.0569231436
    endloop
  endfacet
  facet normal 0.469617248 -0.68247211 -0.560081601
    outer loop
      vertex 0.07184273 0.0605299771 0.053861808
      vertex 0.0733785182 0.0611104108 0.0544422641
      vertex 0.0733785033 0.0601918623 0.0555615239
    endloop
  endfacet
  facet normal 0.469620526 -0.682468116 -0.560083747
    outer loop
      vertex 0.07184273 0.0605299771 0.053861808
      vertex 0.0733785033 0.0601918623 0.0555615239
      vertex 0.0718427226 0.0595093369 0.0551054627
    endloop
  endfacet
  facet normal 0.880966663 -0.417311341 -0.223044783
    outer loop
      vertex 0.0758293867 0.0622296408 0.0569231436
      vertex 0.0766502917 0.0635065809 0.0577763729
      vertex 0.0766502842 0.0631924421 0.0583640896
    endloop
  endfacet
  facet normal 0.880967796 -0.417307347 -0.223048046
    outer loop
      vertex 0.0758293867 0.0622296408 0.0569231436
      vertex 0.0766502842 0.0631924421 0.0583640896
      vertex 0.0758293793 0.0617735796 0.0577763729
    endloop
  endfacet
  facet normal -0.469637901 -0.778611541 -0.416178107
    outer loop
      vertex 0.0635080934 0.0601919815 0.0555615239
      vertex 0.0650438592 0.0595094189 0.0551054627
      vertex 0.0650438517 0.0587510169 0.0565243363
    endloop
  endfacet
  facet normal -0.469637334 -0.7786116 -0.416178852
    outer loop
      vertex 0.0635080934 0.0601919815 0.0555615239
      vertex 0.0650438517 0.0587510169 0.0565243363
      vertex 0.0635080859 0.0595094375 0.0568384752
    endloop
  endfacet
  facet normal 0.771498322 -0.561108589 -0.299912512
    outer loop
      vertex 0.074724637 0.0611103959 0.0561752766
      vertex 0.0758293867 0.0622296408 0.0569231436
      vertex 0.0758293793 0.0617735796 0.0577763729
    endloop
  endfacet
  facet normal 0.771498442 -0.561108351 -0.299912691
    outer loop
      vertex 0.074724637 0.0611103959 0.0561752766
      vertex 0.0758293793 0.0617735796 0.0577763729
      vertex 0.0747246295 0.0605299398 0.057261236
    endloop
  endfacet
  facet normal -0.632569492 -0.683049858 -0.36510101
    outer loop
      vertex 0.0621619821 0.0611105487 0.0561752766
      vertex 0.0635080934 0.0601919815 0.0555615239
      vertex 0.0635080859 0.0595094375 0.0568384752
    endloop
  endfacet
  facet normal -0.632569432 -0.683049858 -0.365101308
    outer loop
      vertex 0.0621619821 0.0611105487 0.0561752766
      vertex 0.0635080859 0.0595094375 0.0568384752
      vertex 0.0621619746 0.0605300926 0.057261236
    endloop
  endfacet
  facet normal 0.632552624 -0.683065474 -0.36510098
    outer loop
      vertex 0.0733785033 0.0601918623 0.0555615239
      vertex 0.074724637 0.0611103959 0.0561752766
      vertex 0.0747246295 0.0605299398 0.057261236
    endloop
  endfacet
  facet normal 0.63255316 -0.683064699 -0.365101606
    outer loop
      vertex 0.0733785033 0.0601918623 0.0555615239
      vertex 0.0747246295 0.0605299398 0.057261236
      vertex 0.0733784959 0.0595093183 0.0568384752
    endloop
  endfacet
  facet normal -0.771513581 -0.561087668 -0.299912274
    outer loop
      vertex 0.0610572658 0.0622298196 0.0569231436
      vertex 0.0621619821 0.0611105487 0.0561752766
      vertex 0.0621619746 0.0605300926 0.057261236
    endloop
  endfacet
  facet normal -0.771512747 -0.561087608 -0.299914747
    outer loop
      vertex 0.0610572658 0.0622298196 0.0569231436
      vertex 0.0621619746 0.0605300926 0.057261236
      vertex 0.0610572584 0.0617737584 0.0577763729
    endloop
  endfacet
  facet normal 0.469619483 -0.77862221 -0.416179061
    outer loop
      vertex 0.0718427226 0.0595093369 0.0551054627
      vertex 0.0733785033 0.0601918623 0.0555615239
      vertex 0.0733784959 0.0595093183 0.0568384752
    endloop
  endfacet
  facet normal 0.469619304 -0.778622389 -0.416178882
    outer loop
      vertex 0.0718427226 0.0595093369 0.0551054627
      vertex 0.0733784959 0.0595093183 0.0568384752
      vertex 0.0718427151 0.0587509349 0.0565243363
    endloop
  endfacet
  facet normal -0.880977094 -0.417285502 -0.223051742
    outer loop
      vertex 0.0602363907 0.0635067821 0.0577763729
      vertex 0.0610572658 0.0622298196 0.0569231436
      vertex 0.0610572584 0.0617737584 0.0577763729
    endloop
  endfacet
  facet normal -0.880977869 -0.41728586 -0.223047897
    outer loop
      vertex 0.0602363907 0.0635067821 0.0577763729
      vertex 0.0610572584 0.0617737584 0.0577763729
      vertex 0.060236387 0.0631926432 0.0583640896
    endloop
  endfacet
  facet normal 0.28899318 -0.844291806 -0.451280862
    outer loop
      vertex 0.0701763034 0.0590890497 0.0548246205
      vertex 0.0718427226 0.0595093369 0.0551054627
      vertex 0.0718427151 0.0587509349 0.0565243363
    endloop
  endfacet
  facet normal 0.288992703 -0.844292045 -0.451280445
    outer loop
      vertex 0.0701763034 0.0590890497 0.0548246205
      vertex 0.0718427151 0.0587509349 0.0565243363
      vertex 0.0701762885 0.0582839325 0.0563308895
    endloop
  endfacet
  facet normal -0.956552505 -0.25713098 -0.137444466
    outer loop
      vertex 0.059730906 0.0648923591 0.0587021858
      vertex 0.0602363907 0.0635067821 0.0577763729
      vertex 0.060236387 0.0631926432 0.0583640896
    endloop
  endfacet
  facet normal -0.956552267 -0.257130325 -0.137447327
    outer loop
      vertex 0.059730906 0.0648923591 0.0587021858
      vertex 0.060236387 0.0631926432 0.0583640896
      vertex 0.0597309023 0.0647322163 0.0590017997
    endloop
  endfacet
  facet normal 0.0975413024 -0.877716362 -0.46914795
    outer loop
      vertex 0.0684432834 0.0589471459 0.0547297895
      vertex 0.0701763034 0.0590890497 0.0548246205
      vertex 0.0701762885 0.0582839325 0.0563308895
    endloop
  endfacet
  facet normal 0.0975401551 -0.877716959 -0.469146937
    outer loop
      vertex 0.0684432834 0.0589471459 0.0547297895
      vertex 0.0701762885 0.0582839325 0.0563308895
      vertex 0.068443276 0.0581262596 0.0562655665
    endloop
  endfacet
  facet normal 0.995137155 -0.0868688524 -0.0464305729
    outer loop
      vertex 0.0771558061 0.0648921505 0.058702182
      vertex 0.0773265138 0.0663331002 0.0596649945
      vertex 0.0771558061 0.0647320077 0.0590017997
    endloop
  endfacet
  facet normal -0.99513936 -0.086843811 -0.0464301556
    outer loop
      vertex 0.0595602356 0.0663333088 0.0596649945
      vertex 0.059730906 0.0648923591 0.0587021858
      vertex 0.0597309023 0.0647322163 0.0590017997
    endloop
  endfacet
  facet normal -0.0975622535 -0.877714574 -0.469146669
    outer loop
      vertex 0.0667102709 0.0590890907 0.0548246205
      vertex 0.0684432834 0.0589471459 0.0547297895
      vertex 0.068443276 0.0581262596 0.0562655665
    endloop
  endfacet
  facet normal -0.0975625664 -0.877714813 -0.46914646
    outer loop
      vertex 0.0667102709 0.0590890907 0.0548246205
      vertex 0.068443276 0.0581262596 0.0562655665
      vertex 0.0667102635 0.0582839772 0.0563308895
    endloop
  endfacet
  facet normal 0.956547022 -0.257151067 -0.137444749
    outer loop
      vertex 0.0766502917 0.0635065809 0.0577763729
      vertex 0.0771558061 0.0648921505 0.058702182
      vertex 0.0771558061 0.0647320077 0.0590017997
    endloop
  endfacet
  facet normal 0.956546545 -0.257156014 -0.137439623
    outer loop
      vertex 0.0766502917 0.0635065809 0.0577763729
      vertex 0.0771558061 0.0647320077 0.0590017997
      vertex 0.0766502842 0.0631924421 0.0583640896
    endloop
  endfacet
  facet normal -0.289013386 -0.844285667 -0.451279223
    outer loop
      vertex 0.0650438592 0.0595094189 0.0551054627
      vertex 0.0667102709 0.0590890907 0.0548246205
      vertex 0.0667102635 0.0582839772 0.0563308895
    endloop
  endfacet
  facet normal -0.289012343 -0.844285429 -0.451280415
    outer loop
      vertex 0.0650438592 0.0595094189 0.0551054627
      vertex 0.0667102635 0.0582839772 0.0563308895
      vertex 0.0650438517 0.0587510169 0.0565243363
    endloop
  endfacet
  facet normal 0.288991809 -0.916109741 -0.277896792
    outer loop
      vertex 0.0701762885 0.0582839325 0.0563308895
      vertex 0.0718427151 0.0587509349 0.0565243363
      vertex 0.0718427077 0.0582839139 0.058063902
    endloop
  endfacet
  facet normal 0.288990647 -0.916110456 -0.277895689
    outer loop
      vertex 0.0701762885 0.0582839325 0.0563308895
      vertex 0.0718427077 0.0582839139 0.058063902
      vertex 0.070176281 0.0577881485 0.0579652824
    endloop
  endfacet
  facet normal -0.956552625 -0.279003769 -0.0846402645
    outer loop
      vertex 0.0597309023 0.0647322163 0.0590017997
      vertex 0.060236387 0.0631926432 0.0583640896
      vertex 0.0602363832 0.0629991964 0.0590017997
    endloop
  endfacet
  facet normal -0.956552744 -0.279003799 -0.084638834
    outer loop
      vertex 0.0597309023 0.0647322163 0.0590017997
      vertex 0.0602363832 0.0629991964 0.0590017997
      vertex 0.0597309023 0.064633593 0.059326902
    endloop
  endfacet
  facet normal 0.0975387767 -0.952378094 -0.28889814
    outer loop
      vertex 0.068443276 0.0581262596 0.0562655665
      vertex 0.0701762885 0.0582839325 0.0563308895
      vertex 0.070176281 0.0577881485 0.0579652824
    endloop
  endfacet
  facet normal 0.0975417048 -0.952377021 -0.288900912
    outer loop
      vertex 0.068443276 0.0581262596 0.0562655665
      vertex 0.070176281 0.0577881485 0.0579652824
      vertex 0.0684432685 0.0576207563 0.057931982
    endloop
  endfacet
  facet normal 0.995137095 -0.0942570493 -0.0285938997
    outer loop
      vertex 0.0771558061 0.0647320077 0.0590017997
      vertex 0.0773265138 0.0663331002 0.0596649945
      vertex 0.0771558061 0.0646333843 0.059326902
    endloop
  endfacet
  facet normal -0.995139539 -0.0942346454 -0.0285870768
    outer loop
      vertex 0.0595602356 0.0663333088 0.0596649945
      vertex 0.0597309023 0.0647322163 0.0590017997
      vertex 0.0597309023 0.064633593 0.059326902
    endloop
  endfacet
  facet normal -0.0975631475 -0.952374697 -0.288901091
    outer loop
      vertex 0.0667102635 0.0582839772 0.0563308895
      vertex 0.068443276 0.0581262596 0.0562655665
      vertex 0.0684432685 0.0576207563 0.057931982
    endloop
  endfacet
  facet normal -0.0975640193 -0.952374876 -0.288900226
    outer loop
      vertex 0.0667102635 0.0582839772 0.0563308895
      vertex 0.0684432685 0.0576207563 0.057931982
      vertex 0.066710256 0.0577881895 0.0579652824
    endloop
  endfacet
  facet normal 0.956546307 -0.279024214 -0.0846449733
    outer loop
      vertex 0.0766502842 0.0631924421 0.0583640896
      vertex 0.0771558061 0.0647320077 0.0590017997
      vertex 0.0771558061 0.0646333843 0.059326902
    endloop
  endfacet
  facet normal 0.956545889 -0.279026419 -0.0846415684
    outer loop
      vertex 0.0766502842 0.0631924421 0.0583640896
      vertex 0.0771558061 0.0646333843 0.059326902
      vertex 0.0766502842 0.0629989952 0.0590017997
    endloop
  endfacet
  facet normal -0.289013058 -0.916102707 -0.277898014
    outer loop
      vertex 0.0650438517 0.0587510169 0.0565243363
      vertex 0.0667102635 0.0582839772 0.0563308895
      vertex 0.066710256 0.0577881895 0.0579652824
    endloop
  endfacet
  facet normal -0.289013594 -0.916102707 -0.277897477
    outer loop
      vertex 0.0650438517 0.0587510169 0.0565243363
      vertex 0.066710256 0.0577881895 0.0579652824
      vertex 0.0650438443 0.0582839958 0.058063902
    endloop
  endfacet
  facet normal 0.880967379 -0.4528023 -0.137355849
    outer loop
      vertex 0.0758293793 0.0617735796 0.0577763729
      vertex 0.0766502842 0.0631924421 0.0583640896
      vertex 0.0766502842 0.0629989952 0.0590017997
    endloop
  endfacet
  facet normal 0.880965531 -0.452808052 -0.137348861
    outer loop
      vertex 0.0758293793 0.0617735796 0.0577763729
      vertex 0.0766502842 0.0629989952 0.0590017997
      vertex 0.0758293718 0.0614927411 0.0587021858
    endloop
  endfacet
  facet normal -0.469638288 -0.844842911 -0.256281972
    outer loop
      vertex 0.0635080859 0.0595094375 0.0568384752
      vertex 0.0650438517 0.0587510169 0.0565243363
      vertex 0.0650438443 0.0582839958 0.058063902
    endloop
  endfacet
  facet normal -0.469637394 -0.84484303 -0.256283164
    outer loop
      vertex 0.0635080859 0.0595094375 0.0568384752
      vertex 0.0650438443 0.0582839958 0.058063902
      vertex 0.0635080785 0.0590891279 0.0582240485
    endloop
  endfacet
  facet normal 0.771497548 -0.608838677 -0.184680492
    outer loop
      vertex 0.0747246295 0.0605299398 0.057261236
      vertex 0.0758293793 0.0617735796 0.0577763729
      vertex 0.0758293718 0.0614927411 0.0587021858
    endloop
  endfacet
  facet normal 0.771500409 -0.608833313 -0.184686273
    outer loop
      vertex 0.0747246295 0.0605299398 0.057261236
      vertex 0.0758293718 0.0614927411 0.0587021858
      vertex 0.0747246295 0.0601724982 0.0584395714
    endloop
  endfacet
  facet normal -0.632570207 -0.741152108 -0.224829689
    outer loop
      vertex 0.0621619746 0.0605300926 0.057261236
      vertex 0.0635080859 0.0595094375 0.0568384752
      vertex 0.0635080785 0.0590891279 0.0582240485
    endloop
  endfacet
  facet normal -0.632570744 -0.741152048 -0.22482872
    outer loop
      vertex 0.0621619746 0.0605300926 0.057261236
      vertex 0.0635080785 0.0590891279 0.0582240485
      vertex 0.0621619709 0.0601726472 0.0584395714
    endloop
  endfacet
  facet normal 0.632552564 -0.741167426 -0.224829063
    outer loop
      vertex 0.0733784959 0.0595093183 0.0568384752
      vertex 0.0747246295 0.0605299398 0.057261236
      vertex 0.0747246295 0.0601724982 0.0584395714
    endloop
  endfacet
  facet normal 0.632553637 -0.741165996 -0.224830538
    outer loop
      vertex 0.0733784959 0.0595093183 0.0568384752
      vertex 0.0747246295 0.0601724982 0.0584395714
      vertex 0.0733784959 0.0590890087 0.0582240485
    endloop
  endfacet
  facet normal -0.771513402 -0.608817041 -0.184685707
    outer loop
      vertex 0.0610572584 0.0617737584 0.0577763729
      vertex 0.0621619746 0.0605300926 0.057261236
      vertex 0.0621619709 0.0601726472 0.0584395714
    endloop
  endfacet
  facet normal -0.771513402 -0.608817101 -0.184685707
    outer loop
      vertex 0.0610572584 0.0617737584 0.0577763729
      vertex 0.0621619709 0.0601726472 0.0584395714
      vertex 0.0610572547 0.0614929162 0.0587021858
    endloop
  endfacet
  facet normal 0.469618708 -0.844853222 -0.25628373
    outer loop
      vertex 0.0718427151 0.0587509349 0.0565243363
      vertex 0.0733784959 0.0595093183 0.0568384752
      vertex 0.0733784959 0.0590890087 0.0582240485
    endloop
  endfacet
  facet normal 0.469616264 -0.844855309 -0.256281167
    outer loop
      vertex 0.0718427151 0.0587509349 0.0565243363
      vertex 0.0733784959 0.0590890087 0.0582240485
      vertex 0.0718427077 0.0582839139 0.058063902
    endloop
  endfacet
  facet normal -0.880978346 -0.452781737 -0.137353361
    outer loop
      vertex 0.060236387 0.0631926432 0.0583640896
      vertex 0.0610572584 0.0617737584 0.0577763729
      vertex 0.0610572547 0.0614929162 0.0587021858
    endloop
  endfacet
  facet normal -0.880977988 -0.452781856 -0.137354761
    outer loop
      vertex 0.060236387 0.0631926432 0.0583640896
      vertex 0.0610572547 0.0614929162 0.0587021858
      vertex 0.0602363832 0.0629991964 0.0590017997
    endloop
  endfacet
  facet normal -0.469637752 -0.878608108 -0.0865338817
    outer loop
      vertex 0.0635080785 0.0590891279 0.0582240485
      vertex 0.0650438443 0.0582839958 0.058063902
      vertex 0.0650438443 0.0581263043 0.0596649982
    endloop
  endfacet
  facet normal -0.469636083 -0.878608823 -0.0865361616
    outer loop
      vertex 0.0635080785 0.0590891279 0.0582240485
      vertex 0.0650438443 0.0581263043 0.0596649982
      vertex 0.0635080785 0.0589472055 0.0596649982
    endloop
  endfacet
  facet normal 0.771500409 -0.633165061 -0.0623630211
    outer loop
      vertex 0.0747246295 0.0601724982 0.0584395714
      vertex 0.0758293718 0.0614927411 0.0587021858
      vertex 0.0758293718 0.0613979101 0.0596649945
    endloop
  endfacet
  facet normal 0.771498263 -0.633168221 -0.0623579919
    outer loop
      vertex 0.0747246295 0.0601724982 0.0584395714
      vertex 0.0758293718 0.0613979101 0.0596649945
      vertex 0.0747246221 0.0600518025 0.0596649945
    endloop
  endfacet
  facet normal -0.632571042 -0.770772815 -0.0759151354
    outer loop
      vertex 0.0621619709 0.0601726472 0.0584395714
      vertex 0.0635080785 0.0590891279 0.0582240485
      vertex 0.0635080785 0.0589472055 0.0596649982
    endloop
  endfacet
  facet normal -0.632572234 -0.770772099 -0.0759131387
    outer loop
      vertex 0.0621619709 0.0601726472 0.0584395714
      vertex 0.0635080785 0.0589472055 0.0596649982
      vertex 0.0621619709 0.0600519553 0.0596649982
    endloop
  endfacet
  facet normal 0.632553339 -0.770787597 -0.0759133697
    outer loop
      vertex 0.0733784959 0.0590890087 0.0582240485
      vertex 0.0747246295 0.0601724982 0.0584395714
      vertex 0.0747246221 0.0600518025 0.0596649945
    endloop
  endfacet
  facet normal 0.632552147 -0.770788789 -0.0759114549
    outer loop
      vertex 0.0733784959 0.0590890087 0.0582240485
      vertex 0.0747246221 0.0600518025 0.0596649945
      vertex 0.0733784884 0.0589470901 0.0596649982
    endloop
  endfacet
  facet normal -0.7715137 -0.633149266 -0.0623586923
    outer loop
      vertex 0.0610572547 0.0614929162 0.0587021858
      vertex 0.0621619709 0.0601726472 0.0584395714
      vertex 0.0621619709 0.0600519553 0.0596649982
    endloop
  endfacet
  facet normal -0.771513462 -0.633149385 -0.0623590387
    outer loop
      vertex 0.0610572547 0.0614929162 0.0587021858
      vertex 0.0621619709 0.0600519553 0.0596649982
      vertex 0.0610572547 0.0613980889 0.0596649945
    endloop
  endfacet
  facet normal 0.469615757 -0.878619969 -0.0865325928
    outer loop
      vertex 0.0718427077 0.0582839139 0.058063902
      vertex 0.0733784959 0.0590890087 0.0582240485
      vertex 0.0733784884 0.0589470901 0.0596649982
    endloop
  endfacet
  facet normal 0.469617665 -0.878618717 -0.0865349174
    outer loop
      vertex 0.0718427077 0.0582839139 0.058063902
      vertex 0.0733784884 0.0589470901 0.0596649982
      vertex 0.0718427077 0.0581262223 0.0596649982
    endloop
  endfacet
  facet normal -0.880978286 -0.470878333 -0.046376951
    outer loop
      vertex 0.0602363832 0.0629991964 0.0590017997
      vertex 0.0610572547 0.0614929162 0.0587021858
      vertex 0.0610572547 0.0613980889 0.0596649945
    endloop
  endfacet
  facet normal -0.880978167 -0.470878601 -0.0463776737
    outer loop
      vertex 0.0602363832 0.0629991964 0.0590017997
      vertex 0.0610572547 0.0613980889 0.0596649945
      vertex 0.0602363832 0.0629338771 0.0596649945
    endloop
  endfacet
  facet normal 0.288989991 -0.95272249 -0.0938333794
    outer loop
      vertex 0.070176281 0.0577881485 0.0579652824
      vertex 0.0718427077 0.0582839139 0.058063902
      vertex 0.0718427077 0.0581262223 0.0596649982
    endloop
  endfacet
  facet normal 0.288991302 -0.952722013 -0.0938347504
    outer loop
      vertex 0.070176281 0.0577881485 0.0579652824
      vertex 0.0718427077 0.0581262223 0.0596649982
      vertex 0.070176281 0.0576207414 0.0596649982
    endloop
  endfacet
  facet normal -0.956552804 -0.290155053 -0.0285779238
    outer loop
      vertex 0.0597309023 0.064633593 0.059326902
      vertex 0.0602363832 0.0629991964 0.0590017997
      vertex 0.0602363832 0.0629338771 0.0596649945
    endloop
  endfacet
  facet normal -0.956553042 -0.290154666 -0.0285755452
    outer loop
      vertex 0.0597309023 0.064633593 0.059326902
      vertex 0.0602363832 0.0629338771 0.0596649945
      vertex 0.0597309023 0.0646002963 0.0596649945
    endloop
  endfacet
  facet normal 0.0975412577 -0.990439177 -0.0975495726
    outer loop
      vertex 0.0684432685 0.0576207563 0.057931982
      vertex 0.070176281 0.0577881485 0.0579652824
      vertex 0.070176281 0.0576207414 0.0596649982
    endloop
  endfacet
  facet normal 0.097540386 -0.990439296 -0.0975487009
    outer loop
      vertex 0.0684432685 0.0576207563 0.057931982
      vertex 0.070176281 0.0576207414 0.0596649982
      vertex 0.0684432685 0.057450071 0.0596649982
    endloop
  endfacet
  facet normal 0.995137215 -0.0980244428 -0.00965382438
    outer loop
      vertex 0.0771558061 0.0646333843 0.059326902
      vertex 0.0773265138 0.0663331002 0.0596649945
      vertex 0.0771558061 0.0646000877 0.0596649945
    endloop
  endfacet
  facet normal -0.99513948 -0.0980011374 -0.00965154171
    outer loop
      vertex 0.0595602356 0.0663333088 0.0596649945
      vertex 0.0597309023 0.064633593 0.059326902
      vertex 0.0597309023 0.0646002963 0.0596649945
    endloop
  endfacet
  facet normal -0.0975644514 -0.990437031 -0.0975484774
    outer loop
      vertex 0.066710256 0.0577881895 0.0579652824
      vertex 0.0684432685 0.0576207563 0.057931982
      vertex 0.0684432685 0.057450071 0.0596649982
    endloop
  endfacet
  facet normal -0.0975635946 -0.990436971 -0.0975493416
    outer loop
      vertex 0.066710256 0.0577881895 0.0579652824
      vertex 0.0684432685 0.057450071 0.0596649982
      vertex 0.066710256 0.0576207824 0.0596649982
    endloop
  endfacet
  facet normal 0.95654577 -0.29017821 -0.0285778753
    outer loop
      vertex 0.0766502842 0.0629989952 0.0590017997
      vertex 0.0771558061 0.0646333843 0.059326902
      vertex 0.0771558061 0.0646000877 0.0596649945
    endloop
  endfacet
  facet normal 0.956546068 -0.290177375 -0.0285800882
    outer loop
      vertex 0.0766502842 0.0629989952 0.0590017997
      vertex 0.0771558061 0.0646000877 0.0596649945
      vertex 0.0766502842 0.0629336759 0.0596649945
    endloop
  endfacet
  facet normal -0.289013833 -0.952715099 -0.0938340873
    outer loop
      vertex 0.0650438443 0.0582839958 0.058063902
      vertex 0.066710256 0.0577881895 0.0579652824
      vertex 0.066710256 0.0576207824 0.0596649982
    endloop
  endfacet
  facet normal -0.289015114 -0.95271498 -0.0938326344
    outer loop
      vertex 0.0650438443 0.0582839958 0.058063902
      vertex 0.066710256 0.0576207824 0.0596649982
      vertex 0.0650438443 0.0581263043 0.0596649982
    endloop
  endfacet
  facet normal 0.880965054 -0.470902741 -0.046380084
    outer loop
      vertex 0.0758293718 0.0614927411 0.0587021858
      vertex 0.0766502842 0.0629989952 0.0590017997
      vertex 0.0766502842 0.0629336759 0.0596649945
    endloop
  endfacet
  facet normal 0.880965352 -0.470902175 -0.0463810898
    outer loop
      vertex 0.0758293718 0.0614927411 0.0587021858
      vertex 0.0766502842 0.0629336759 0.0596649945
      vertex 0.0758293718 0.0613979101 0.0596649945
    endloop
  endfacet
  facet normal -0.956552982 -0.290154666 0.0285778847
    outer loop
      vertex 0.0597309023 0.0646002963 0.0596649945
      vertex 0.0602363832 0.0629338771 0.0596649945
      vertex 0.0602363832 0.0629991964 0.0603281893
    endloop
  endfacet
  facet normal -0.956552804 -0.290155619 0.0285753235
    outer loop
      vertex 0.0597309023 0.0646002963 0.0596649945
      vertex 0.0602363832 0.0629991964 0.0603281893
      vertex 0.0597309023 0.064633593 0.0600030906
    endloop
  endfacet
  facet normal 0.0975404009 -0.990439355 0.0975493789
    outer loop
      vertex 0.0684432685 0.057450071 0.0596649982
      vertex 0.070176281 0.0576207414 0.0596649982
      vertex 0.0701762885 0.0577881485 0.0613647103
    endloop
  endfacet
  facet normal 0.0975408405 -0.990439236 0.0975489095
    outer loop
      vertex 0.0684432685 0.057450071 0.0596649982
      vertex 0.0701762885 0.0577881485 0.0613647103
      vertex 0.0684432685 0.0576207563 0.0613980107
    endloop
  endfacet
  facet normal 0.995137215 -0.0980244428 0.00965382438
    outer loop
      vertex 0.0771558061 0.0646000877 0.0596649945
      vertex 0.0773265138 0.0663331002 0.0596649945
      vertex 0.0771558061 0.0646333843 0.0600030869
    endloop
  endfacet
  facet normal -0.995139539 -0.0980011374 0.00965143554
    outer loop
      vertex 0.0595602356 0.0663333088 0.0596649945
      vertex 0.0597309023 0.0646002963 0.0596649945
      vertex 0.0597309023 0.064633593 0.0600030906
    endloop
  endfacet
  facet normal -0.097563602 -0.99043715 0.0975487009
    outer loop
      vertex 0.066710256 0.0576207824 0.0596649982
      vertex 0.0684432685 0.057450071 0.0596649982
      vertex 0.0684432685 0.0576207563 0.0613980107
    endloop
  endfacet
  facet normal -0.0975644514 -0.990436852 0.0975495502
    outer loop
      vertex 0.066710256 0.0576207824 0.0596649982
      vertex 0.0684432685 0.0576207563 0.0613980107
      vertex 0.066710256 0.0577881895 0.0613647103
    endloop
  endfacet
  facet normal 0.956546128 -0.290177405 0.0285777953
    outer loop
      vertex 0.0766502842 0.0629336759 0.0596649945
      vertex 0.0771558061 0.0646000877 0.0596649945
      vertex 0.0771558061 0.0646333843 0.0600030869
    endloop
  endfacet
  facet normal 0.956545889 -0.290177792 0.0285801273
    outer loop
      vertex 0.0766502842 0.0629336759 0.0596649945
      vertex 0.0771558061 0.0646333843 0.0600030869
      vertex 0.0766502842 0.0629989952 0.0603281893
    endloop
  endfacet
  facet normal -0.289015114 -0.952714741 0.0938342586
    outer loop
      vertex 0.0650438443 0.0581263043 0.0596649982
      vertex 0.066710256 0.0576207824 0.0596649982
      vertex 0.066710256 0.0577881895 0.0613647103
    endloop
  endfacet
  facet normal -0.289013833 -0.952715278 0.0938328877
    outer loop
      vertex 0.0650438443 0.0581263043 0.0596649982
      vertex 0.066710256 0.0577881895 0.0613647103
      vertex 0.0650438443 0.0582839958 0.0612660907
    endloop
  endfacet
  facet normal 0.880965412 -0.470902145 0.046379935
    outer loop
      vertex 0.0758293718 0.0613979101 0.0596649945
      vertex 0.0766502842 0.0629336759 0.0596649945
      vertex 0.0766502842 0.0629989952 0.0603281893
    endloop
  endfacet
  facet normal 0.880965233 -0.470902473 0.0463809408
    outer loop
      vertex 0.0758293718 0.0613979101 0.0596649945
      vertex 0.0766502842 0.0629989952 0.0603281893
      vertex 0.0758293718 0.0614927411 0.0606278069
    endloop
  endfacet
  facet normal -0.469636202 -0.878609002 0.0865341723
    outer loop
      vertex 0.0635080785 0.0589472055 0.0596649982
      vertex 0.0650438443 0.0581263043 0.0596649982
      vertex 0.0650438443 0.0582839958 0.0612660907
    endloop
  endfacet
  facet normal -0.469637901 -0.87860781 0.0865362808
    outer loop
      vertex 0.0635080785 0.0589472055 0.0596649982
      vertex 0.0650438443 0.0582839958 0.0612660907
      vertex 0.0635080785 0.0590891279 0.0611059442
    endloop
  endfacet
  facet normal 0.771497965 -0.633167922 0.0623631142
    outer loop
      vertex 0.0747246221 0.0600518025 0.0596649945
      vertex 0.0758293718 0.0613979101 0.0596649945
      vertex 0.0758293718 0.0614927411 0.0606278069
    endloop
  endfacet
  facet normal 0.771500111 -0.633165896 0.0623575747
    outer loop
      vertex 0.0747246221 0.0600518025 0.0596649945
      vertex 0.0758293718 0.0614927411 0.0606278069
      vertex 0.0747246295 0.0601724982 0.0608904213
    endloop
  endfacet
  facet normal -0.632572055 -0.770771921 0.0759152472
    outer loop
      vertex 0.0621619709 0.0600519553 0.0596649982
      vertex 0.0635080785 0.0589472055 0.0596649982
      vertex 0.0635080785 0.0590891279 0.0611059442
    endloop
  endfacet
  facet normal -0.632570982 -0.770772994 0.0759134591
    outer loop
      vertex 0.0621619709 0.0600519553 0.0596649982
      vertex 0.0635080785 0.0590891279 0.0611059442
      vertex 0.0621619709 0.0601726472 0.0608904213
    endloop
  endfacet
  facet normal 0.632552207 -0.770788431 0.075913243
    outer loop
      vertex 0.0733784884 0.0589470901 0.0596649982
      vertex 0.0747246221 0.0600518025 0.0596649945
      vertex 0.0747246295 0.0601724982 0.0608904213
    endloop
  endfacet
  facet normal 0.632552087 -0.77078861 0.0759136379
    outer loop
      vertex 0.0733784884 0.0589470901 0.0596649982
      vertex 0.0747246295 0.0601724982 0.0608904213
      vertex 0.0733784959 0.0590890124 0.0611059442
    endloop
  endfacet
  facet normal -0.7715137 -0.633149207 0.0623588711
    outer loop
      vertex 0.0610572547 0.0613980889 0.0596649945
      vertex 0.0621619709 0.0600519553 0.0596649982
      vertex 0.0621619709 0.0601726472 0.0608904213
    endloop
  endfacet
  facet normal -0.7715137 -0.633149326 0.0623587891
    outer loop
      vertex 0.0610572547 0.0613980889 0.0596649945
      vertex 0.0621619709 0.0601726472 0.0608904213
      vertex 0.0610572547 0.0614929162 0.0606278069
    endloop
  endfacet
  facet normal 0.469617695 -0.878618777 0.0865349248
    outer loop
      vertex 0.0718427077 0.0581262223 0.0596649982
      vertex 0.0733784884 0.0589470901 0.0596649982
      vertex 0.0733784959 0.0590890124 0.0611059442
    endloop
  endfacet
  facet normal 0.469615966 -0.878619492 0.0865372419
    outer loop
      vertex 0.0718427077 0.0581262223 0.0596649982
      vertex 0.0733784959 0.0590890124 0.0611059442
      vertex 0.0718427077 0.0582839176 0.0612660907
    endloop
  endfacet
  facet normal -0.880978167 -0.470878631 0.0463767946
    outer loop
      vertex 0.0602363832 0.0629338771 0.0596649945
      vertex 0.0610572547 0.0613980889 0.0596649945
      vertex 0.0610572547 0.0614929162 0.0606278069
    endloop
  endfacet
  facet normal -0.880978346 -0.470878124 0.046377629
    outer loop
      vertex 0.0602363832 0.0629338771 0.0596649945
      vertex 0.0610572547 0.0614929162 0.0606278069
      vertex 0.0602363832 0.0629991964 0.0603281893
    endloop
  endfacet
  facet normal 0.288991243 -0.952721775 0.0938357636
    outer loop
      vertex 0.070176281 0.0576207414 0.0596649982
      vertex 0.0718427077 0.0581262223 0.0596649982
      vertex 0.0718427077 0.0582839176 0.0612660907
    endloop
  endfacet
  facet normal 0.28899315 -0.952721477 0.0938336402
    outer loop
      vertex 0.070176281 0.0576207414 0.0596649982
      vertex 0.0718427077 0.0582839176 0.0612660907
      vertex 0.0701762885 0.0577881485 0.0613647103
    endloop
  endfacet
  facet normal 0.771500587 -0.608834267 0.184682354
    outer loop
      vertex 0.0747246295 0.0601724982 0.0608904213
      vertex 0.0758293718 0.0614927411 0.0606278069
      vertex 0.0758293793 0.0617735833 0.0615536161
    endloop
  endfacet
  facet normal 0.771498263 -0.60883534 0.184688792
    outer loop
      vertex 0.0747246295 0.0601724982 0.0608904213
      vertex 0.0758293793 0.0617735833 0.0615536161
      vertex 0.0747246295 0.0605299436 0.0620687567
    endloop
  endfacet
  facet normal -0.632570744 -0.74115175 0.224829644
    outer loop
      vertex 0.0621619709 0.0601726472 0.0608904213
      vertex 0.0635080785 0.0590891279 0.0611059442
      vertex 0.0635080859 0.0595094375 0.0624915175
    endloop
  endfacet
  facet normal -0.632570088 -0.741152406 0.224828869
    outer loop
      vertex 0.0621619709 0.0601726472 0.0608904213
      vertex 0.0635080859 0.0595094375 0.0624915175
      vertex 0.0621619746 0.0605300926 0.0620687567
    endloop
  endfacet
  facet normal 0.632552445 -0.74116689 0.224831328
    outer loop
      vertex 0.0733784959 0.0590890124 0.0611059442
      vertex 0.0747246295 0.0601724982 0.0608904213
      vertex 0.0747246295 0.0605299436 0.0620687567
    endloop
  endfacet
  facet normal 0.632552683 -0.74116683 0.224830791
    outer loop
      vertex 0.0733784959 0.0590890124 0.0611059442
      vertex 0.0747246295 0.0605299436 0.0620687567
      vertex 0.0733784959 0.059509322 0.0624915175
    endloop
  endfacet
  facet normal -0.771513462 -0.608817101 0.184685692
    outer loop
      vertex 0.0610572547 0.0614929162 0.0606278069
      vertex 0.0621619709 0.0601726472 0.0608904213
      vertex 0.0621619746 0.0605300926 0.0620687567
    endloop
  endfacet
  facet normal -0.7715137 -0.608816564 0.184686258
    outer loop
      vertex 0.0610572547 0.0614929162 0.0606278069
      vertex 0.0621619746 0.0605300926 0.0620687567
      vertex 0.0610572584 0.0617737584 0.0615536161
    endloop
  endfacet
  facet normal 0.469616205 -0.844854414 0.256284148
    outer loop
      vertex 0.0718427077 0.0582839176 0.0612660907
      vertex 0.0733784959 0.0590890124 0.0611059442
      vertex 0.0733784959 0.059509322 0.0624915175
    endloop
  endfacet
  facet normal 0.469619006 -0.844854057 0.256280154
    outer loop
      vertex 0.0718427077 0.0582839176 0.0612660907
      vertex 0.0733784959 0.059509322 0.0624915175
      vertex 0.0718427151 0.0587509386 0.0628056601
    endloop
  endfacet
  facet normal -0.880978227 -0.452781737 0.137353867
    outer loop
      vertex 0.0602363832 0.0629991964 0.0603281893
      vertex 0.0610572547 0.0614929162 0.0606278069
      vertex 0.0610572584 0.0617737584 0.0615536161
    endloop
  endfacet
  facet normal -0.880978346 -0.45278123 0.137354553
    outer loop
      vertex 0.0602363832 0.0629991964 0.0603281893
      vertex 0.0610572584 0.0617737584 0.0615536161
      vertex 0.060236387 0.0631926432 0.0609658994
    endloop
  endfacet
  facet normal 0.288993746 -0.916109383 0.277895987
    outer loop
      vertex 0.0701762885 0.0577881485 0.0613647103
      vertex 0.0718427077 0.0582839176 0.0612660907
      vertex 0.0718427151 0.0587509386 0.0628056601
    endloop
  endfacet
  facet normal 0.288991898 -0.916109383 0.277898133
    outer loop
      vertex 0.0701762885 0.0577881485 0.0613647103
      vertex 0.0718427151 0.0587509386 0.0628056601
      vertex 0.0701762885 0.0582839362 0.0629991069
    endloop
  endfacet
  facet normal -0.956552744 -0.27900368 0.0846402645
    outer loop
      vertex 0.0597309023 0.064633593 0.0600030906
      vertex 0.0602363832 0.0629991964 0.0603281893
      vertex 0.060236387 0.0631926432 0.0609658994
    endloop
  endfacet
  facet normal -0.956552625 -0.279003948 0.0846398473
    outer loop
      vertex 0.0597309023 0.064633593 0.0600030906
      vertex 0.060236387 0.0631926432 0.0609658994
      vertex 0.0597309023 0.0647322163 0.0603281893
    endloop
  endfacet
  facet normal 0.0975412875 -0.952377319 0.288899869
    outer loop
      vertex 0.0684432685 0.0576207563 0.0613980107
      vertex 0.0701762885 0.0577881485 0.0613647103
      vertex 0.0701762885 0.0582839362 0.0629991069
    endloop
  endfacet
  facet normal 0.0975402072 -0.952377081 0.288900912
    outer loop
      vertex 0.0684432685 0.0576207563 0.0613980107
      vertex 0.0701762885 0.0582839362 0.0629991069
      vertex 0.068443276 0.0581262596 0.0630644262
    endloop
  endfacet
  facet normal 0.995137095 -0.0942570493 0.0285938997
    outer loop
      vertex 0.0771558061 0.0646333843 0.0600030869
      vertex 0.0773265138 0.0663331002 0.0596649945
      vertex 0.0771558061 0.0647320077 0.0603281893
    endloop
  endfacet
  facet normal -0.99513948 -0.0942345187 0.0285873655
    outer loop
      vertex 0.0595602356 0.0663333088 0.0596649945
      vertex 0.0597309023 0.064633593 0.0600030906
      vertex 0.0597309023 0.0647322163 0.0603281893
    endloop
  endfacet
  facet normal -0.0975639895 -0.952374578 0.288901061
    outer loop
      vertex 0.066710256 0.0577881895 0.0613647103
      vertex 0.0684432685 0.0576207563 0.0613980107
      vertex 0.068443276 0.0581262596 0.0630644262
    endloop
  endfacet
  facet normal -0.0975625217 -0.952375174 0.28889969
    outer loop
      vertex 0.066710256 0.0577881895 0.0613647103
      vertex 0.068443276 0.0581262596 0.0630644262
      vertex 0.0667102635 0.0582839772 0.0629991069
    endloop
  endfacet
  facet normal 0.95654583 -0.279025614 0.0846454948
    outer loop
      vertex 0.0766502842 0.0629989952 0.0603281893
      vertex 0.0771558061 0.0646333843 0.0600030869
      vertex 0.0771558061 0.0647320077 0.0603281893
    endloop
  endfacet
  facet normal 0.956546187 -0.279025733 0.0846413597
    outer loop
      vertex 0.0766502842 0.0629989952 0.0603281893
      vertex 0.0771558061 0.0647320077 0.0603281893
      vertex 0.0766502842 0.0631924421 0.0609658994
    endloop
  endfacet
  facet normal -0.289013594 -0.916102648 0.277897418
    outer loop
      vertex 0.0650438443 0.0582839958 0.0612660907
      vertex 0.066710256 0.0577881895 0.0613647103
      vertex 0.0667102635 0.0582839772 0.0629991069
    endloop
  endfacet
  facet normal -0.289014965 -0.916101873 0.277898759
    outer loop
      vertex 0.0650438443 0.0582839958 0.0612660907
      vertex 0.0667102635 0.0582839772 0.0629991069
      vertex 0.0650438517 0.0587510206 0.0628056601
    endloop
  endfacet
  facet normal 0.880965352 -0.452805936 0.137356877
    outer loop
      vertex 0.0758293718 0.0614927411 0.0606278069
      vertex 0.0766502842 0.0629989952 0.0603281893
      vertex 0.0766502842 0.0631924421 0.0609658994
    endloop
  endfacet
  facet normal 0.880966604 -0.452805281 0.137350395
    outer loop
      vertex 0.0758293718 0.0614927411 0.0606278069
      vertex 0.0766502842 0.0631924421 0.0609658994
      vertex 0.0758293793 0.0617735833 0.0615536161
    endloop
  endfacet
  facet normal -0.469637364 -0.844842911 0.256283373
    outer loop
      vertex 0.0635080785 0.0590891279 0.0611059442
      vertex 0.0650438443 0.0582839958 0.0612660907
      vertex 0.0650438517 0.0587510206 0.0628056601
    endloop
  endfacet
  facet normal -0.469637215 -0.84484309 0.256283224
    outer loop
      vertex 0.0635080785 0.0590891279 0.0611059442
      vertex 0.0650438517 0.0587510206 0.0628056601
      vertex 0.0635080859 0.0595094375 0.0624915175
    endloop
  endfacet
  facet normal 0.0975409597 -0.87771529 0.469149768
    outer loop
      vertex 0.068443276 0.0581262596 0.0630644262
      vertex 0.0701762885 0.0582839362 0.0629991069
      vertex 0.0701763034 0.0590890534 0.0645053685
    endloop
  endfacet
  facet normal 0.0975413322 -0.877715468 0.469149441
    outer loop
      vertex 0.068443276 0.0581262596 0.0630644262
      vertex 0.0701763034 0.0590890534 0.0645053685
      vertex 0.0684432834 0.0589471497 0.0646001995
    endloop
  endfacet
  facet normal 0.995137155 -0.0868686512 0.046431046
    outer loop
      vertex 0.0771558061 0.0647320077 0.0603281893
      vertex 0.0773265138 0.0663331002 0.0596649945
      vertex 0.0771558061 0.0648921505 0.0606278032
    endloop
  endfacet
  facet normal -0.99513942 -0.0868439972 0.0464296937
    outer loop
      vertex 0.0595602356 0.0663333088 0.0596649945
      vertex 0.0597309023 0.0647322163 0.0603281893
      vertex 0.059730906 0.0648923591 0.0606278069
    endloop
  endfacet
  facet normal -0.0975615308 -0.877713382 0.469149292
    outer loop
      vertex 0.0667102635 0.0582839772 0.0629991069
      vertex 0.068443276 0.0581262596 0.0630644262
      vertex 0.0684432834 0.0589471497 0.0646001995
    endloop
  endfacet
  facet normal -0.0975622982 -0.877712905 0.469149917
    outer loop
      vertex 0.0667102635 0.0582839772 0.0629991069
      vertex 0.0684432834 0.0589471497 0.0646001995
      vertex 0.0667102709 0.0590890944 0.0645053685
    endloop
  endfacet
  facet normal 0.956546187 -0.257152706 0.137447432
    outer loop
      vertex 0.0766502842 0.0631924421 0.0609658994
      vertex 0.0771558061 0.0647320077 0.0603281893
      vertex 0.0771558061 0.0648921505 0.0606278032
    endloop
  endfacet
  facet normal 0.956546724 -0.257153988 0.137441784
    outer loop
      vertex 0.0766502842 0.0631924421 0.0609658994
      vertex 0.0771558061 0.0648921505 0.0606278032
      vertex 0.0766502917 0.0635065883 0.0615536161
    endloop
  endfacet
  facet normal -0.289013982 -0.84428376 0.451282501
    outer loop
      vertex 0.0650438517 0.0587510206 0.0628056601
      vertex 0.0667102635 0.0582839772 0.0629991069
      vertex 0.0667102709 0.0590890944 0.0645053685
    endloop
  endfacet
  facet normal -0.289013505 -0.844284117 0.451282173
    outer loop
      vertex 0.0650438517 0.0587510206 0.0628056601
      vertex 0.0667102709 0.0590890944 0.0645053685
      vertex 0.0650438592 0.0595094226 0.0642245263
    endloop
  endfacet
  facet normal 0.880967319 -0.417308033 0.223048225
    outer loop
      vertex 0.0758293793 0.0617735833 0.0615536161
      vertex 0.0766502842 0.0631924421 0.0609658994
      vertex 0.0766502917 0.0635065883 0.0615536161
    endloop
  endfacet
  facet normal 0.880967498 -0.417308182 0.22304751
    outer loop
      vertex 0.0758293793 0.0617735833 0.0615536161
      vertex 0.0766502917 0.0635065883 0.0615536161
      vertex 0.0758293867 0.0622296445 0.0624068491
    endloop
  endfacet
  facet normal -0.469636619 -0.778611302 0.416180104
    outer loop
      vertex 0.0635080859 0.0595094375 0.0624915175
      vertex 0.0650438517 0.0587510206 0.0628056601
      vertex 0.0650438592 0.0595094226 0.0642245263
    endloop
  endfacet
  facet normal -0.469637245 -0.778610706 0.41618064
    outer loop
      vertex 0.0635080859 0.0595094375 0.0624915175
      vertex 0.0650438592 0.0595094226 0.0642245263
      vertex 0.0635080934 0.0601919852 0.0637684688
    endloop
  endfacet
  facet normal 0.771498919 -0.56110847 0.299911112
    outer loop
      vertex 0.0747246295 0.0605299436 0.0620687567
      vertex 0.0758293793 0.0617735833 0.0615536161
      vertex 0.0758293867 0.0622296445 0.0624068491
    endloop
  endfacet
  facet normal 0.771497965 -0.56110841 0.299913764
    outer loop
      vertex 0.0747246295 0.0605299436 0.0620687567
      vertex 0.0758293867 0.0622296445 0.0624068491
      vertex 0.074724637 0.0611103997 0.0631547123
    endloop
  endfacet
  facet normal -0.632569313 -0.683049202 0.365102649
    outer loop
      vertex 0.0621619746 0.0605300926 0.0620687567
      vertex 0.0635080859 0.0595094375 0.0624915175
      vertex 0.0635080934 0.0601919852 0.0637684688
    endloop
  endfacet
  facet normal -0.632569015 -0.68304956 0.365102381
    outer loop
      vertex 0.0621619746 0.0605300926 0.0620687567
      vertex 0.0635080934 0.0601919852 0.0637684688
      vertex 0.0621619821 0.0611105487 0.0631547123
    endloop
  endfacet
  facet normal 0.63255316 -0.68306458 0.365101695
    outer loop
      vertex 0.0733784959 0.059509322 0.0624915175
      vertex 0.0747246295 0.0605299436 0.0620687567
      vertex 0.074724637 0.0611103997 0.0631547123
    endloop
  endfacet
  facet normal 0.632553279 -0.68306458 0.365101516
    outer loop
      vertex 0.0733784959 0.059509322 0.0624915175
      vertex 0.074724637 0.0611103997 0.0631547123
      vertex 0.0733785033 0.060191866 0.0637684688
    endloop
  endfacet
  facet normal -0.771513104 -0.561087668 0.299913257
    outer loop
      vertex 0.0610572584 0.0617737584 0.0615536161
      vertex 0.0621619746 0.0605300926 0.0620687567
      vertex 0.0621619821 0.0611105487 0.0631547123
    endloop
  endfacet
  facet normal -0.771513224 -0.561087549 0.299913406
    outer loop
      vertex 0.0610572584 0.0617737584 0.0615536161
      vertex 0.0621619821 0.0611105487 0.0631547123
      vertex 0.0610572658 0.0622298196 0.0624068491
    endloop
  endfacet
  facet normal 0.469620079 -0.778621972 0.416178882
    outer loop
      vertex 0.0718427151 0.0587509386 0.0628056601
      vertex 0.0733784959 0.059509322 0.0624915175
      vertex 0.0733785033 0.060191866 0.0637684688
    endloop
  endfacet
  facet normal 0.469617367 -0.778621495 0.416182727
    outer loop
      vertex 0.0718427151 0.0587509386 0.0628056601
      vertex 0.0733785033 0.060191866 0.0637684688
      vertex 0.0718427226 0.0595093444 0.0642245263
    endloop
  endfacet
  facet normal -0.880977809 -0.417284787 0.223050386
    outer loop
      vertex 0.060236387 0.0631926432 0.0609658994
      vertex 0.0610572584 0.0617737584 0.0615536161
      vertex 0.0610572658 0.0622298196 0.0624068491
    endloop
  endfacet
  facet normal -0.880977154 -0.417287081 0.223048523
    outer loop
      vertex 0.060236387 0.0631926432 0.0609658994
      vertex 0.0610572658 0.0622298196 0.0624068491
      vertex 0.0602363907 0.0635067821 0.0615536161
    endloop
  endfacet
  facet normal 0.288992643 -0.844290018 0.451284438
    outer loop
      vertex 0.0701762885 0.0582839362 0.0629991069
      vertex 0.0718427151 0.0587509386 0.0628056601
      vertex 0.0718427226 0.0595093444 0.0642245263
    endloop
  endfacet
  facet normal 0.288994908 -0.844290555 0.451281875
    outer loop
      vertex 0.0701762885 0.0582839362 0.0629991069
      vertex 0.0718427226 0.0595093444 0.0642245263
      vertex 0.0701763034 0.0590890534 0.0645053685
    endloop
  endfacet
  facet normal -0.956552267 -0.257131457 0.13744466
    outer loop
      vertex 0.0597309023 0.0647322163 0.0603281893
      vertex 0.060236387 0.0631926432 0.0609658994
      vertex 0.0602363907 0.0635067821 0.0615536161
    endloop
  endfacet
  facet normal -0.956552446 -0.257130504 0.137445688
    outer loop
      vertex 0.0597309023 0.0647322163 0.0603281893
      vertex 0.0602363907 0.0635067821 0.0615536161
      vertex 0.059730906 0.0648923591 0.0606278069
    endloop
  endfacet
  facet normal -0.632568181 -0.598697484 0.491343915
    outer loop
      vertex 0.0621619821 0.0611105487 0.0631547123
      vertex 0.0635080934 0.0601919852 0.0637684688
      vertex 0.0635081008 0.0611105375 0.0648877248
    endloop
  endfacet
  facet normal -0.632569373 -0.598695397 0.491344839
    outer loop
      vertex 0.0621619821 0.0611105487 0.0631547123
      vertex 0.0635081008 0.0611105375 0.0648877248
      vertex 0.0621619932 0.0618917122 0.0641065612
    endloop
  endfacet
  facet normal 0.632554233 -0.598711014 0.491345346
    outer loop
      vertex 0.0733785033 0.060191866 0.0637684688
      vertex 0.074724637 0.0611103997 0.0631547123
      vertex 0.0747246444 0.0618915632 0.0641065612
    endloop
  endfacet
  facet normal 0.632555604 -0.59871161 0.491342902
    outer loop
      vertex 0.0733785033 0.060191866 0.0637684688
      vertex 0.0747246444 0.0618915632 0.0641065612
      vertex 0.0733785182 0.0611104183 0.0648877248
    endloop
  endfacet
  facet normal -0.77151227 -0.491795629 0.403615981
    outer loop
      vertex 0.0610572658 0.0622298196 0.0624068491
      vertex 0.0621619821 0.0611105487 0.0631547123
      vertex 0.0621619932 0.0618917122 0.0641065612
    endloop
  endfacet
  facet normal -0.771511793 -0.491796732 0.403615475
    outer loop
      vertex 0.0610572658 0.0622298196 0.0624068491
      vertex 0.0621619932 0.0618917122 0.0641065612
      vertex 0.0610572733 0.0628435761 0.0631547123
    endloop
  endfacet
  facet normal 0.469618261 -0.682469726 0.560083807
    outer loop
      vertex 0.0718427226 0.0595093444 0.0642245263
      vertex 0.0733785033 0.060191866 0.0637684688
      vertex 0.0733785182 0.0611104183 0.0648877248
    endloop
  endfacet
  facet normal 0.469617665 -0.682469428 0.560084522
    outer loop
      vertex 0.0718427226 0.0595093444 0.0642245263
      vertex 0.0733785182 0.0611104183 0.0648877248
      vertex 0.07184273 0.0605299808 0.0654681772
    endloop
  endfacet
  facet normal -0.880976617 -0.365752846 0.300174892
    outer loop
      vertex 0.0602363907 0.0635067821 0.0615536161
      vertex 0.0610572658 0.0622298196 0.0624068491
      vertex 0.0610572733 0.0628435761 0.0631547123
    endloop
  endfacet
  facet normal -0.880976081 -0.365755588 0.300173491
    outer loop
      vertex 0.0602363907 0.0635067821 0.0615536161
      vertex 0.0610572733 0.0628435761 0.0631547123
      vertex 0.0602363944 0.0639295429 0.0620687529
    endloop
  endfacet
  facet normal 0.2889961 -0.740027666 0.607322276
    outer loop
      vertex 0.0701763034 0.0590890534 0.0645053685
      vertex 0.0718427226 0.0595093444 0.0642245263
      vertex 0.07184273 0.0605299808 0.0654681772
    endloop
  endfacet
  facet normal 0.288996667 -0.740027785 0.607321799
    outer loop
      vertex 0.0701763034 0.0590890534 0.0645053685
      vertex 0.07184273 0.0605299808 0.0654681772
      vertex 0.0701763108 0.0601725578 0.0658256263
    endloop
  endfacet
  facet normal -0.956552088 -0.2253768 0.184968412
    outer loop
      vertex 0.059730906 0.0648923591 0.0606278069
      vertex 0.0602363907 0.0635067821 0.0615536161
      vertex 0.0602363944 0.0639295429 0.0620687529
    endloop
  endfacet
  facet normal -0.956551731 -0.225380525 0.184965819
    outer loop
      vertex 0.059730906 0.0648923591 0.0606278069
      vertex 0.0602363944 0.0639295429 0.0620687529
      vertex 0.059730906 0.065107882 0.0608904213
    endloop
  endfacet
  facet normal 0.0975426137 -0.769325376 0.63136667
    outer loop
      vertex 0.0684432834 0.0589471497 0.0646001995
      vertex 0.0701763034 0.0590890534 0.0645053685
      vertex 0.0701763108 0.0601725578 0.0658256263
    endloop
  endfacet
  facet normal 0.0975416005 -0.769324839 0.631367505
    outer loop
      vertex 0.0684432834 0.0589471497 0.0646001995
      vertex 0.0701763108 0.0601725578 0.0658256263
      vertex 0.0684432983 0.0600518808 0.0659463182
    endloop
  endfacet
  facet normal 0.995137155 -0.0761407763 0.0624865033
    outer loop
      vertex 0.0771558061 0.0648921505 0.0606278032
      vertex 0.0773265138 0.0663331002 0.0596649945
      vertex 0.0771558061 0.0651076734 0.0608904213
    endloop
  endfacet
  facet normal -0.995139301 -0.0761238486 0.0624734797
    outer loop
      vertex 0.0595602356 0.0663333088 0.0596649945
      vertex 0.059730906 0.0648923591 0.0606278069
      vertex 0.059730906 0.065107882 0.0608904213
    endloop
  endfacet
  facet normal -0.0975610167 -0.769322276 0.631367624
    outer loop
      vertex 0.0667102709 0.0590890944 0.0645053685
      vertex 0.0684432834 0.0589471497 0.0646001995
      vertex 0.0684432983 0.0600518808 0.0659463182
    endloop
  endfacet
  facet normal -0.0975596532 -0.769323289 0.631366551
    outer loop
      vertex 0.0667102709 0.0590890944 0.0645053685
      vertex 0.0684432983 0.0600518808 0.0659463182
      vertex 0.0667102858 0.0601725988 0.0658256263
    endloop
  endfacet
  facet normal 0.956547022 -0.225393757 0.18497403
    outer loop
      vertex 0.0766502917 0.0635065883 0.0615536161
      vertex 0.0771558061 0.0648921505 0.0606278032
      vertex 0.0771558061 0.0651076734 0.0608904213
    endloop
  endfacet
  facet normal 0.956546962 -0.225393295 0.184975028
    outer loop
      vertex 0.0766502917 0.0635065883 0.0615536161
      vertex 0.0771558061 0.0651076734 0.0608904213
      vertex 0.0766502917 0.0639293492 0.0620687529
    endloop
  endfacet
  facet normal -0.289012372 -0.740021825 0.60732168
    outer loop
      vertex 0.0650438592 0.0595094226 0.0642245263
      vertex 0.0667102709 0.0590890944 0.0645053685
      vertex 0.0667102858 0.0601725988 0.0658256263
    endloop
  endfacet
  facet normal -0.289014697 -0.740019679 0.607323229
    outer loop
      vertex 0.0650438592 0.0595094226 0.0642245263
      vertex 0.0667102858 0.0601725988 0.0658256263
      vertex 0.0650438741 0.0605300628 0.0654681772
    endloop
  endfacet
  facet normal 0.880967915 -0.36577034 0.300179273
    outer loop
      vertex 0.0758293867 0.0622296445 0.0624068491
      vertex 0.0766502917 0.0635065883 0.0615536161
      vertex 0.0766502917 0.0639293492 0.0620687529
    endloop
  endfacet
  facet normal 0.880969524 -0.365772545 0.300171673
    outer loop
      vertex 0.0758293867 0.0622296445 0.0624068491
      vertex 0.0766502917 0.0639293492 0.0620687529
      vertex 0.0758293942 0.0628433973 0.0631547123
    endloop
  endfacet
  facet normal -0.469635606 -0.682456851 0.560084701
    outer loop
      vertex 0.0635080934 0.0601919852 0.0637684688
      vertex 0.0650438592 0.0595094226 0.0642245263
      vertex 0.0650438741 0.0605300628 0.0654681772
    endloop
  endfacet
  facet normal -0.469634324 -0.68245846 0.560083866
    outer loop
      vertex 0.0635080934 0.0601919852 0.0637684688
      vertex 0.0650438741 0.0605300628 0.0654681772
      vertex 0.0635081008 0.0611105375 0.0648877248
    endloop
  endfacet
  facet normal 0.771498859 -0.491817683 0.403614879
    outer loop
      vertex 0.074724637 0.0611103997 0.0631547123
      vertex 0.0758293867 0.0622296445 0.0624068491
      vertex 0.0758293942 0.0628433973 0.0631547123
    endloop
  endfacet
  facet normal 0.771497488 -0.491816849 0.403618306
    outer loop
      vertex 0.074724637 0.0611103997 0.0631547123
      vertex 0.0758293942 0.0628433973 0.0631547123
      vertex 0.0747246444 0.0618915632 0.0641065612
    endloop
  endfacet
  facet normal -0.995139122 -0.0624652356 0.076132074
    outer loop
      vertex 0.0595602356 0.0663333088 0.0596649945
      vertex 0.059730906 0.065107882 0.0608904213
      vertex 0.0597309098 0.0653705001 0.0611059442
    endloop
  endfacet
  facet normal -0.097557582 -0.63136673 0.769323409
    outer loop
      vertex 0.0667102858 0.0601725988 0.0658256263
      vertex 0.0684432983 0.0600518808 0.0659463182
      vertex 0.0684433132 0.0613980033 0.067051053
    endloop
  endfacet
  facet normal -0.0975595713 -0.631365001 0.769324541
    outer loop
      vertex 0.0667102858 0.0601725988 0.0658256263
      vertex 0.0684433132 0.0613980033 0.067051053
      vertex 0.0667103007 0.0614928529 0.0669091269
    endloop
  endfacet
  facet normal 0.956547439 -0.1849875 0.225380957
    outer loop
      vertex 0.0766502917 0.0639293492 0.0620687529
      vertex 0.0771558061 0.0651076734 0.0608904213
      vertex 0.0771558136 0.0653702915 0.0611059405
    endloop
  endfacet
  facet normal 0.956547081 -0.184983999 0.225385711
    outer loop
      vertex 0.0766502917 0.0639293492 0.0620687529
      vertex 0.0771558136 0.0653702915 0.0611059405
      vertex 0.0766502991 0.0644444823 0.0624915138
    endloop
  endfacet
  facet normal -0.289013386 -0.607317388 0.740024924
    outer loop
      vertex 0.0650438741 0.0605300628 0.0654681772
      vertex 0.0667102858 0.0601725988 0.0658256263
      vertex 0.0667103007 0.0614928529 0.0669091269
    endloop
  endfacet
  facet normal -0.289011091 -0.607319772 0.740023911
    outer loop
      vertex 0.0650438741 0.0605300628 0.0654681772
      vertex 0.0667103007 0.0614928529 0.0669091269
      vertex 0.065043889 0.0617737137 0.0664888173
    endloop
  endfacet
  facet normal 0.880970478 -0.300185174 0.365759403
    outer loop
      vertex 0.0758293942 0.0628433973 0.0631547123
      vertex 0.0766502917 0.0639293492 0.0620687529
      vertex 0.0766502991 0.0644444823 0.0624915138
    endloop
  endfacet
  facet normal 0.880969346 -0.300182611 0.365764081
    outer loop
      vertex 0.0758293942 0.0628433973 0.0631547123
      vertex 0.0766502991 0.0644444823 0.0624915138
      vertex 0.0758294016 0.0635912642 0.0637684688
    endloop
  endfacet
  facet normal -0.469632715 -0.560079038 0.682463646
    outer loop
      vertex 0.0635081008 0.0611105375 0.0648877248
      vertex 0.0650438741 0.0605300628 0.0654681772
      vertex 0.065043889 0.0617737137 0.0664888173
    endloop
  endfacet
  facet normal -0.469632804 -0.5600788 0.682463706
    outer loop
      vertex 0.0635081008 0.0611105375 0.0648877248
      vertex 0.065043889 0.0617737137 0.0664888173
      vertex 0.0635081157 0.0622297935 0.0658062771
    endloop
  endfacet
  facet normal 0.771498442 -0.403624624 0.491810292
    outer loop
      vertex 0.0747246444 0.0618915632 0.0641065612
      vertex 0.0758293942 0.0628433973 0.0631547123
      vertex 0.0758294016 0.0635912642 0.0637684688
    endloop
  endfacet
  facet normal 0.771500468 -0.403626919 0.491805255
    outer loop
      vertex 0.0747246444 0.0618915632 0.0641065612
      vertex 0.0758294016 0.0635912642 0.0637684688
      vertex 0.0747246593 0.0628434122 0.0648877248
    endloop
  endfacet
  facet normal -0.6325683 -0.491336316 0.598703623
    outer loop
      vertex 0.0621619932 0.0618917122 0.0641065612
      vertex 0.0635081008 0.0611105375 0.0648877248
      vertex 0.0635081157 0.0622297935 0.0658062771
    endloop
  endfacet
  facet normal -0.632568061 -0.491336673 0.598703504
    outer loop
      vertex 0.0621619932 0.0618917122 0.0641065612
      vertex 0.0635081157 0.0622297935 0.0658062771
      vertex 0.0621620044 0.0628435612 0.0648877248
    endloop
  endfacet
  facet normal 0.632557213 -0.491352707 0.598701894
    outer loop
      vertex 0.0733785182 0.0611104183 0.0648877248
      vertex 0.0747246444 0.0618915632 0.0641065612
      vertex 0.0747246593 0.0628434122 0.0648877248
    endloop
  endfacet
  facet normal 0.632556736 -0.49135235 0.59870261
    outer loop
      vertex 0.0733785182 0.0611104183 0.0648877248
      vertex 0.0747246593 0.0628434122 0.0648877248
      vertex 0.0733785331 0.0622296743 0.0658062771
    endloop
  endfacet
  facet normal -0.77151072 -0.403606325 0.491805941
    outer loop
      vertex 0.0610572733 0.0628435761 0.0631547123
      vertex 0.0621619932 0.0618917122 0.0641065612
      vertex 0.0621620044 0.0628435612 0.0648877248
    endloop
  endfacet
  facet normal -0.771510899 -0.403605789 0.49180609
    outer loop
      vertex 0.0610572733 0.0628435761 0.0631547123
      vertex 0.0621620044 0.0628435612 0.0648877248
      vertex 0.0610572807 0.063591443 0.0637684688
    endloop
  endfacet
  facet normal 0.469618946 -0.560091019 0.682463348
    outer loop
      vertex 0.07184273 0.0605299808 0.0654681772
      vertex 0.0733785182 0.0611104183 0.0648877248
      vertex 0.0733785331 0.0622296743 0.0658062771
    endloop
  endfacet
  facet normal 0.469617307 -0.560089886 0.682465255
    outer loop
      vertex 0.07184273 0.0605299808 0.0654681772
      vertex 0.0733785331 0.0622296743 0.0658062771
      vertex 0.0718427449 0.0617736354 0.0664888173
    endloop
  endfacet
  facet normal -0.880975485 -0.300164998 0.365764052
    outer loop
      vertex 0.0602363944 0.0639295429 0.0620687529
      vertex 0.0610572733 0.0628435761 0.0631547123
      vertex 0.0610572807 0.063591443 0.0637684688
    endloop
  endfacet
  facet normal -0.880975962 -0.300162405 0.365764827
    outer loop
      vertex 0.0602363944 0.0639295429 0.0620687529
      vertex 0.0610572807 0.063591443 0.0637684688
      vertex 0.0602364019 0.0644446835 0.0624915175
    endloop
  endfacet
  facet normal 0.288998693 -0.607325196 0.740024269
    outer loop
      vertex 0.0701763108 0.0601725578 0.0658256263
      vertex 0.07184273 0.0605299808 0.0654681772
      vertex 0.0718427449 0.0617736354 0.0664888173
    endloop
  endfacet
  facet normal 0.288997382 -0.607324362 0.740025461
    outer loop
      vertex 0.0701763108 0.0601725578 0.0658256263
      vertex 0.0718427449 0.0617736354 0.0664888173
      vertex 0.0701763257 0.0614928119 0.0669091269
    endloop
  endfacet
  facet normal -0.956551433 -0.184957743 0.225388706
    outer loop
      vertex 0.059730906 0.065107882 0.0608904213
      vertex 0.0602363944 0.0639295429 0.0620687529
      vertex 0.0602364019 0.0644446835 0.0624915175
    endloop
  endfacet
  facet normal -0.956551433 -0.184956715 0.225389168
    outer loop
      vertex 0.059730906 0.065107882 0.0608904213
      vertex 0.0602364019 0.0644446835 0.0624915175
      vertex 0.0597309098 0.0653705001 0.0611059442
    endloop
  endfacet
  facet normal 0.0975427851 -0.631367385 0.76932472
    outer loop
      vertex 0.0684432983 0.0600518808 0.0659463182
      vertex 0.0701763108 0.0601725578 0.0658256263
      vertex 0.0701763257 0.0614928119 0.0669091269
    endloop
  endfacet
  facet normal 0.0975447744 -0.631368816 0.769323409
    outer loop
      vertex 0.0684432983 0.0600518808 0.0659463182
      vertex 0.0701763257 0.0614928119 0.0669091269
      vertex 0.0684433132 0.0613980033 0.067051053
    endloop
  endfacet
  facet normal 0.995137334 -0.0625014305 0.0761258751
    outer loop
      vertex 0.0771558061 0.0651076734 0.0608904213
      vertex 0.0773265138 0.0663331002 0.0596649945
      vertex 0.0771558136 0.0653702915 0.0611059405
    endloop
  endfacet
  facet normal -0.771509588 -0.299905717 0.561096668
    outer loop
      vertex 0.0610572807 0.063591443 0.0637684688
      vertex 0.0621620044 0.0628435612 0.0648877248
      vertex 0.0621620156 0.0639295205 0.0654681846
    endloop
  endfacet
  facet normal -0.771512032 -0.299899131 0.561096907
    outer loop
      vertex 0.0610572807 0.063591443 0.0637684688
      vertex 0.0621620156 0.0639295205 0.0654681846
      vertex 0.0610572919 0.064444676 0.0642245263
    endloop
  endfacet
  facet normal 0.469619066 -0.4161838 0.778619885
    outer loop
      vertex 0.0718427449 0.0617736354 0.0664888173
      vertex 0.0733785331 0.0622296743 0.0658062771
      vertex 0.073378548 0.0635066256 0.0664888173
    endloop
  endfacet
  facet normal 0.469621539 -0.416186005 0.778617203
    outer loop
      vertex 0.0718427449 0.0617736354 0.0664888173
      vertex 0.073378548 0.0635066256 0.0664888173
      vertex 0.0718427673 0.0631925091 0.0672472194
    endloop
  endfacet
  facet normal -0.880974889 -0.223036662 0.417298466
    outer loop
      vertex 0.0602364019 0.0644446835 0.0624915175
      vertex 0.0610572807 0.063591443 0.0637684688
      vertex 0.0610572919 0.064444676 0.0642245263
    endloop
  endfacet
  facet normal -0.880974114 -0.223040313 0.417298049
    outer loop
      vertex 0.0602364019 0.0644446835 0.0624915175
      vertex 0.0610572919 0.064444676 0.0642245263
      vertex 0.0602364093 0.0650324002 0.0628056601
    endloop
  endfacet
  facet normal 0.288999051 -0.451284677 0.844287694
    outer loop
      vertex 0.0701763257 0.0614928119 0.0669091269
      vertex 0.0718427449 0.0617736354 0.0664888173
      vertex 0.0718427673 0.0631925091 0.0672472194
    endloop
  endfacet
  facet normal 0.289000422 -0.451285869 0.84428668
    outer loop
      vertex 0.0701763257 0.0614928119 0.0669091269
      vertex 0.0718427673 0.0631925091 0.0672472194
      vertex 0.0701763481 0.0629990771 0.0677142441
    endloop
  endfacet
  facet normal -0.956550837 -0.137434185 0.257142723
    outer loop
      vertex 0.0597309098 0.0653705001 0.0611059442
      vertex 0.0602364019 0.0644446835 0.0624915175
      vertex 0.0602364093 0.0650324002 0.0628056601
    endloop
  endfacet
  facet normal -0.956551015 -0.137431905 0.257143229
    outer loop
      vertex 0.0597309098 0.0653705001 0.0611059442
      vertex 0.0602364093 0.0650324002 0.0628056601
      vertex 0.0597309135 0.0656701177 0.0612660907
    endloop
  endfacet
  facet normal 0.0975469649 -0.469150484 0.877714336
    outer loop
      vertex 0.0684433132 0.0613980033 0.067051053
      vertex 0.0701763257 0.0614928119 0.0669091269
      vertex 0.0701763481 0.0629990771 0.0677142441
    endloop
  endfacet
  facet normal 0.0975462049 -0.469149828 0.877714753
    outer loop
      vertex 0.0684433132 0.0613980033 0.067051053
      vertex 0.0701763481 0.0629990771 0.0677142441
      vertex 0.0684433356 0.0629337803 0.0678719431
    endloop
  endfacet
  facet normal 0.995137632 -0.0464311466 0.0868637264
    outer loop
      vertex 0.0771558136 0.0653702915 0.0611059405
      vertex 0.0773265138 0.0663331002 0.0596649945
      vertex 0.0771558136 0.0656699017 0.0612660907
    endloop
  endfacet
  facet normal -0.995138943 -0.0464132652 0.086857602
    outer loop
      vertex 0.0595602356 0.0663333088 0.0596649945
      vertex 0.0597309098 0.0653705001 0.0611059442
      vertex 0.0597309135 0.0656701177 0.0612660907
    endloop
  endfacet
  facet normal -0.0975579023 -0.469147027 0.877714872
    outer loop
      vertex 0.0667103007 0.0614928529 0.0669091269
      vertex 0.0684433132 0.0613980033 0.067051053
      vertex 0.0684433356 0.0629337803 0.0678719431
    endloop
  endfacet
  facet normal -0.0975577608 -0.469147176 0.877714813
    outer loop
      vertex 0.0667103007 0.0614928529 0.0669091269
      vertex 0.0684433356 0.0629337803 0.0678719431
      vertex 0.0667103156 0.0629991218 0.0677142441
    endloop
  endfacet
  facet normal 0.956547439 -0.137451842 0.257145852
    outer loop
      vertex 0.0766502991 0.0644444823 0.0624915138
      vertex 0.0771558136 0.0653702915 0.0611059405
      vertex 0.0771558136 0.0656699017 0.0612660907
    endloop
  endfacet
  facet normal 0.956547916 -0.137456194 0.25714165
    outer loop
      vertex 0.0766502991 0.0644444823 0.0624915138
      vertex 0.0771558136 0.0656699017 0.0612660907
      vertex 0.0766503066 0.065032199 0.0628056526
    endloop
  endfacet
  facet normal -0.289009333 -0.45127815 0.844287634
    outer loop
      vertex 0.065043889 0.0617737137 0.0664888173
      vertex 0.0667103007 0.0614928529 0.0669091269
      vertex 0.0667103156 0.0629991218 0.0677142441
    endloop
  endfacet
  facet normal -0.289011061 -0.451276094 0.844288051
    outer loop
      vertex 0.065043889 0.0617737137 0.0664888173
      vertex 0.0667103156 0.0629991218 0.0677142441
      vertex 0.0650439039 0.0631925911 0.0672472194
    endloop
  endfacet
  facet normal 0.88097024 -0.223058939 0.417296082
    outer loop
      vertex 0.0758294016 0.0635912642 0.0637684688
      vertex 0.0766502991 0.0644444823 0.0624915138
      vertex 0.0766503066 0.065032199 0.0628056526
    endloop
  endfacet
  facet normal 0.880969405 -0.223056316 0.4172993
    outer loop
      vertex 0.0758294016 0.0635912642 0.0637684688
      vertex 0.0766503066 0.065032199 0.0628056526
      vertex 0.0758294091 0.0644444972 0.0642245263
    endloop
  endfacet
  facet normal -0.469630927 -0.416173249 0.778618336
    outer loop
      vertex 0.0635081157 0.0622297935 0.0658062771
      vertex 0.065043889 0.0617737137 0.0664888173
      vertex 0.0650439039 0.0631925911 0.0672472194
    endloop
  endfacet
  facet normal -0.469631761 -0.416172117 0.778618574
    outer loop
      vertex 0.0635081157 0.0622297935 0.0658062771
      vertex 0.0650439039 0.0631925911 0.0672472194
      vertex 0.0635081306 0.0635067448 0.0664888173
    endloop
  endfacet
  facet normal 0.771501482 -0.299918234 0.561101198
    outer loop
      vertex 0.0747246593 0.0628434122 0.0648877248
      vertex 0.0758294016 0.0635912642 0.0637684688
      vertex 0.0758294091 0.0644444972 0.0642245263
    endloop
  endfacet
  facet normal 0.771504462 -0.299923062 0.561094403
    outer loop
      vertex 0.0747246593 0.0628434122 0.0648877248
      vertex 0.0758294091 0.0644444972 0.0642245263
      vertex 0.0747246742 0.0639293715 0.0654681846
    endloop
  endfacet
  facet normal -0.63256681 -0.36509189 0.683057189
    outer loop
      vertex 0.0621620044 0.0628435612 0.0648877248
      vertex 0.0635081157 0.0622297935 0.0658062771
      vertex 0.0635081306 0.0635067448 0.0664888173
    endloop
  endfacet
  facet normal -0.632564306 -0.365096629 0.68305707
    outer loop
      vertex 0.0621620044 0.0628435612 0.0648877248
      vertex 0.0635081306 0.0635067448 0.0664888173
      vertex 0.0621620156 0.0639295205 0.0654681846
    endloop
  endfacet
  facet normal 0.632558584 -0.365110606 0.683054805
    outer loop
      vertex 0.0733785331 0.0622296743 0.0658062771
      vertex 0.0747246593 0.0628434122 0.0648877248
      vertex 0.0747246742 0.0639293715 0.0654681846
    endloop
  endfacet
  facet normal 0.632555842 -0.365107626 0.683058918
    outer loop
      vertex 0.0733785331 0.0622296743 0.0658062771
      vertex 0.0747246742 0.0639293715 0.0654681846
      vertex 0.073378548 0.0635066256 0.0664888173
    endloop
  endfacet
  facet normal 0.95654881 -0.0846559554 0.279012293
    outer loop
      vertex 0.0766503066 0.065032199 0.0628056526
      vertex 0.0771558136 0.0656699017 0.0612660907
      vertex 0.077155821 0.0659950078 0.0613647066
    endloop
  endfacet
  facet normal 0.956548095 -0.0846496895 0.279016316
    outer loop
      vertex 0.0766503066 0.065032199 0.0628056526
      vertex 0.077155821 0.0659950078 0.0613647066
      vertex 0.076650314 0.0656699091 0.0629990995
    endloop
  endfacet
  facet normal -0.289008796 -0.277891099 0.916106164
    outer loop
      vertex 0.0650439039 0.0631925911 0.0672472194
      vertex 0.0667103156 0.0629991218 0.0677142441
      vertex 0.066710338 0.0646335185 0.0682100281
    endloop
  endfacet
  facet normal -0.28900528 -0.277895093 0.916106045
    outer loop
      vertex 0.0650439039 0.0631925911 0.0672472194
      vertex 0.066710338 0.0646335185 0.0682100281
      vertex 0.0650439262 0.0647321567 0.0677142441
    endloop
  endfacet
  facet normal 0.880970359 -0.137363598 0.452794105
    outer loop
      vertex 0.0758294091 0.0644444972 0.0642245263
      vertex 0.0766503066 0.065032199 0.0628056526
      vertex 0.076650314 0.0656699091 0.0629990995
    endloop
  endfacet
  facet normal 0.880971313 -0.137367338 0.452791005
    outer loop
      vertex 0.0758294091 0.0644444972 0.0642245263
      vertex 0.076650314 0.0656699091 0.0629990995
      vertex 0.075829424 0.0653703064 0.0645053685
    endloop
  endfacet
  facet normal -0.469630152 -0.256276757 0.844848931
    outer loop
      vertex 0.0635081306 0.0635067448 0.0664888173
      vertex 0.0650439039 0.0631925911 0.0672472194
      vertex 0.0650439262 0.0647321567 0.0677142441
    endloop
  endfacet
  facet normal -0.469630182 -0.256276697 0.844848931
    outer loop
      vertex 0.0635081306 0.0635067448 0.0664888173
      vertex 0.0650439262 0.0647321567 0.0677142441
      vertex 0.0635081455 0.0648923218 0.0669091269
    endloop
  endfacet
  facet normal 0.77150619 -0.184697449 0.608822644
    outer loop
      vertex 0.0747246742 0.0639293715 0.0654681846
      vertex 0.0758294091 0.0644444972 0.0642245263
      vertex 0.075829424 0.0653703064 0.0645053685
    endloop
  endfacet
  facet normal 0.771504581 -0.184694275 0.608825564
    outer loop
      vertex 0.0747246742 0.0639293715 0.0654681846
      vertex 0.075829424 0.0653703064 0.0645053685
      vertex 0.0747246891 0.0651077032 0.0658256263
    endloop
  endfacet
  facet normal -0.632562697 -0.224821612 0.741160929
    outer loop
      vertex 0.0621620156 0.0639295205 0.0654681846
      vertex 0.0635081306 0.0635067448 0.0664888173
      vertex 0.0635081455 0.0648923218 0.0669091269
    endloop
  endfacet
  facet normal -0.632564664 -0.224818259 0.741160452
    outer loop
      vertex 0.0621620156 0.0639295205 0.0654681846
      vertex 0.0635081455 0.0648923218 0.0669091269
      vertex 0.0621620305 0.0651078597 0.0658256263
    endloop
  endfacet
  facet normal 0.632557213 -0.224835888 0.741161287
    outer loop
      vertex 0.073378548 0.0635066256 0.0664888173
      vertex 0.0747246742 0.0639293715 0.0654681846
      vertex 0.0747246891 0.0651077032 0.0658256263
    endloop
  endfacet
  facet normal 0.632556915 -0.224835441 0.741161764
    outer loop
      vertex 0.073378548 0.0635066256 0.0664888173
      vertex 0.0747246891 0.0651077032 0.0658256263
      vertex 0.0733785629 0.0648922026 0.0669091269
    endloop
  endfacet
  facet normal -0.771510243 -0.184673339 0.608824849
    outer loop
      vertex 0.0610572919 0.064444676 0.0642245263
      vertex 0.0621620156 0.0639295205 0.0654681846
      vertex 0.0621620305 0.0651078597 0.0658256263
    endloop
  endfacet
  facet normal -0.771509051 -0.184676513 0.608825386
    outer loop
      vertex 0.0610572919 0.064444676 0.0642245263
      vertex 0.0621620305 0.0651078597 0.0658256263
      vertex 0.0610573031 0.0653704852 0.0645053685
    endloop
  endfacet
  facet normal 0.469623953 -0.256286919 0.844849348
    outer loop
      vertex 0.0718427673 0.0631925091 0.0672472194
      vertex 0.073378548 0.0635066256 0.0664888173
      vertex 0.0733785629 0.0648922026 0.0669091269
    endloop
  endfacet
  facet normal 0.469621897 -0.256284684 0.844851196
    outer loop
      vertex 0.0718427673 0.0631925091 0.0672472194
      vertex 0.0733785629 0.0648922026 0.0669091269
      vertex 0.0718427822 0.0647320747 0.0677142367
    endloop
  endfacet
  facet normal -0.880973041 -0.13734366 0.45279482
    outer loop
      vertex 0.0602364093 0.0650324002 0.0628056601
      vertex 0.0610572919 0.064444676 0.0642245263
      vertex 0.0610573031 0.0653704852 0.0645053685
    endloop
  endfacet
  facet normal -0.88097316 -0.137343243 0.45279479
    outer loop
      vertex 0.0602364093 0.0650324002 0.0628056601
      vertex 0.0610573031 0.0653704852 0.0645053685
      vertex 0.0602364168 0.0656701103 0.0629991069
    endloop
  endfacet
  facet normal 0.289002031 -0.277897686 0.916106224
    outer loop
      vertex 0.0701763481 0.0629990771 0.0677142441
      vertex 0.0718427673 0.0631925091 0.0672472194
      vertex 0.0718427822 0.0647320747 0.0677142367
    endloop
  endfacet
  facet normal 0.289003223 -0.277898848 0.916105509
    outer loop
      vertex 0.0701763481 0.0629990771 0.0677142441
      vertex 0.0718427822 0.0647320747 0.0677142367
      vertex 0.0701763704 0.0646334738 0.0682100281
    endloop
  endfacet
  facet normal -0.95655036 -0.084627144 0.27901566
    outer loop
      vertex 0.0597309135 0.0656701177 0.0612660907
      vertex 0.0602364093 0.0650324002 0.0628056601
      vertex 0.0602364168 0.0656701103 0.0629991069
    endloop
  endfacet
  facet normal -0.956550121 -0.0846292302 0.279015601
    outer loop
      vertex 0.0597309135 0.0656701177 0.0612660907
      vertex 0.0602364168 0.0656701103 0.0629991069
      vertex 0.0597309172 0.0659952164 0.0613647103
    endloop
  endfacet
  facet normal 0.0975486711 -0.288898885 0.952376783
    outer loop
      vertex 0.0684433356 0.0629337803 0.0678719431
      vertex 0.0701763481 0.0629990771 0.0677142441
      vertex 0.0701763704 0.0646334738 0.0682100281
    endloop
  endfacet
  facet normal 0.0975503698 -0.288900465 0.952376187
    outer loop
      vertex 0.0684433356 0.0629337803 0.0678719431
      vertex 0.0701763704 0.0646334738 0.0682100281
      vertex 0.0684433505 0.064600192 0.0683774427
    endloop
  endfacet
  facet normal 0.99513787 -0.0286106393 0.094245255
    outer loop
      vertex 0.0771558136 0.0656699017 0.0612660907
      vertex 0.0773265138 0.0663331002 0.0596649945
      vertex 0.077155821 0.0659950078 0.0613647066
    endloop
  endfacet
  facet normal -0.995138764 -0.0285781119 0.0942450836
    outer loop
      vertex 0.0595602356 0.0663333088 0.0596649945
      vertex 0.0597309135 0.0656701177 0.0612660907
      vertex 0.0597309172 0.0659952164 0.0613647103
    endloop
  endfacet
  facet normal -0.0975556374 -0.288898766 0.952376187
    outer loop
      vertex 0.0667103156 0.0629991218 0.0677142441
      vertex 0.0684433356 0.0629337803 0.0678719431
      vertex 0.0684433505 0.064600192 0.0683774427
    endloop
  endfacet
  facet normal -0.0975582153 -0.288896173 0.952376664
    outer loop
      vertex 0.0667103156 0.0629991218 0.0677142441
      vertex 0.0684433505 0.064600192 0.0683774427
      vertex 0.066710338 0.0646335185 0.0682100281
    endloop
  endfacet
  facet normal 0.469623893 -0.0865442678 0.878614545
    outer loop
      vertex 0.0718427822 0.0647320747 0.0677142367
      vertex 0.0733785629 0.0648922026 0.0669091269
      vertex 0.0733785778 0.0663331449 0.067051053
    endloop
  endfacet
  facet normal 0.469627827 -0.0865491927 0.878611922
    outer loop
      vertex 0.0718427822 0.0647320747 0.0677142367
      vertex 0.0733785778 0.0663331449 0.067051053
      vertex 0.0718428046 0.0663331673 0.0678719431
    endloop
  endfacet
  facet normal -0.880972028 -0.0463697389 0.470890641
    outer loop
      vertex 0.0602364168 0.0656701103 0.0629991069
      vertex 0.0610573031 0.0653704852 0.0645053685
      vertex 0.0610573143 0.0663332939 0.0646001995
    endloop
  endfacet
  facet normal -0.880973339 -0.0463637449 0.470888764
    outer loop
      vertex 0.0602364168 0.0656701103 0.0629991069
      vertex 0.0610573143 0.0663332939 0.0646001995
      vertex 0.0602364242 0.0663333014 0.0630644187
    endloop
  endfacet
  facet normal 0.289005369 -0.0938459039 0.952716529
    outer loop
      vertex 0.0701763704 0.0646334738 0.0682100281
      vertex 0.0718427822 0.0647320747 0.0677142367
      vertex 0.0718428046 0.0663331673 0.0678719431
    endloop
  endfacet
  facet normal 0.289001256 -0.093841508 0.952718258
    outer loop
      vertex 0.0701763704 0.0646334738 0.0682100281
      vertex 0.0718428046 0.0663331673 0.0678719431
      vertex 0.0701763853 0.0663331822 0.0683774427
    endloop
  endfacet
  facet normal -0.956549525 -0.0285652485 0.290167391
    outer loop
      vertex 0.0597309172 0.0659952164 0.0613647103
      vertex 0.0602364168 0.0656701103 0.0629991069
      vertex 0.0602364242 0.0663333014 0.0630644187
    endloop
  endfacet
  facet normal -0.956549466 -0.0285662767 0.29016757
    outer loop
      vertex 0.0597309172 0.0659952164 0.0613647103
      vertex 0.0602364242 0.0663333014 0.0630644187
      vertex 0.0597309209 0.0663333088 0.061398007
    endloop
  endfacet
  facet normal 0.0975525007 -0.097555019 0.990437508
    outer loop
      vertex 0.0684433505 0.064600192 0.0683774427
      vertex 0.0701763704 0.0646334738 0.0682100281
      vertex 0.0701763853 0.0663331822 0.0683774427
    endloop
  endfacet
  facet normal 0.0975475758 -0.0975500867 0.990438521
    outer loop
      vertex 0.0684433505 0.064600192 0.0683774427
      vertex 0.0701763853 0.0663331822 0.0683774427
      vertex 0.0684433728 0.0663332045 0.068548128
    endloop
  endfacet
  facet normal 0.995138049 -0.00965407025 0.0980159715
    outer loop
      vertex 0.077155821 0.0659950078 0.0613647066
      vertex 0.0773265138 0.0663331002 0.0596649945
      vertex 0.077155821 0.0663331002 0.061398007
    endloop
  endfacet
  facet normal -0.995138526 -0.00964163616 0.0980117396
    outer loop
      vertex 0.0595602356 0.0663333088 0.0596649945
      vertex 0.0597309172 0.0659952164 0.0613647103
      vertex 0.0597309209 0.0663333088 0.061398007
    endloop
  endfacet
  facet normal -0.0975553542 -0.0975475237 0.990437984
    outer loop
      vertex 0.066710338 0.0646335185 0.0682100281
      vertex 0.0684433505 0.064600192 0.0683774427
      vertex 0.0684433728 0.0663332045 0.068548128
    endloop
  endfacet
  facet normal -0.097550042 -0.0975529402 0.990438044
    outer loop
      vertex 0.066710338 0.0646335185 0.0682100281
      vertex 0.0684433728 0.0663332045 0.068548128
      vertex 0.0667103603 0.0663332269 0.0683774427
    endloop
  endfacet
  facet normal 0.956548452 -0.0285801534 0.290169269
    outer loop
      vertex 0.076650314 0.0656699091 0.0629990995
      vertex 0.077155821 0.0659950078 0.0613647066
      vertex 0.077155821 0.0663331002 0.061398007
    endloop
  endfacet
  facet normal 0.956549287 -0.0285895187 0.290165633
    outer loop
      vertex 0.076650314 0.0656699091 0.0629990995
      vertex 0.077155821 0.0663331002 0.061398007
      vertex 0.0766503215 0.0663331077 0.0630644187
    endloop
  endfacet
  facet normal -0.289003134 -0.0938351676 0.952718318
    outer loop
      vertex 0.0650439262 0.0647321567 0.0677142441
      vertex 0.066710338 0.0646335185 0.0682100281
      vertex 0.0667103603 0.0663332269 0.0683774427
    endloop
  endfacet
  facet normal -0.289003372 -0.0938349292 0.952718318
    outer loop
      vertex 0.0650439262 0.0647321567 0.0677142441
      vertex 0.0667103603 0.0663332269 0.0683774427
      vertex 0.0650439411 0.0663332492 0.0678719431
    endloop
  endfacet
  facet normal 0.880972624 -0.046388261 0.47088778
    outer loop
      vertex 0.075829424 0.0653703064 0.0645053685
      vertex 0.076650314 0.0656699091 0.0629990995
      vertex 0.0766503215 0.0663331077 0.0630644187
    endloop
  endfacet
  facet normal 0.880972266 -0.0463865772 0.470888674
    outer loop
      vertex 0.075829424 0.0653703064 0.0645053685
      vertex 0.0766503215 0.0663331077 0.0630644187
      vertex 0.0758294314 0.0663331151 0.0646001995
    endloop
  endfacet
  facet normal -0.469628453 -0.0865343064 0.878613114
    outer loop
      vertex 0.0635081455 0.0648923218 0.0669091269
      vertex 0.0650439262 0.0647321567 0.0677142441
      vertex 0.0650439411 0.0663332492 0.0678719431
    endloop
  endfacet
  facet normal -0.469633698 -0.0865272656 0.878610969
    outer loop
      vertex 0.0635081455 0.0648923218 0.0669091269
      vertex 0.0650439411 0.0663332492 0.0678719431
      vertex 0.0635081679 0.0663332641 0.0670510456
    endloop
  endfacet
  facet normal 0.771505952 -0.0623682439 0.63315773
    outer loop
      vertex 0.0747246891 0.0651077032 0.0658256263
      vertex 0.075829424 0.0653703064 0.0645053685
      vertex 0.0758294314 0.0663331151 0.0646001995
    endloop
  endfacet
  facet normal 0.771504343 -0.0623644553 0.633160114
    outer loop
      vertex 0.0747246891 0.0651077032 0.0658256263
      vertex 0.0758294314 0.0663331151 0.0646001995
      vertex 0.0747246966 0.06633313 0.0659463182
    endloop
  endfacet
  facet normal -0.632562578 -0.0759045631 0.770780921
    outer loop
      vertex 0.0621620305 0.0651078597 0.0658256263
      vertex 0.0635081455 0.0648923218 0.0669091269
      vertex 0.0635081679 0.0663332641 0.0670510456
    endloop
  endfacet
  facet normal -0.632561207 -0.0759068578 0.770781755
    outer loop
      vertex 0.0621620305 0.0651078597 0.0658256263
      vertex 0.0635081679 0.0663332641 0.0670510456
      vertex 0.0621620454 0.066333279 0.0659463182
    endloop
  endfacet
  facet normal 0.632558763 -0.0759180561 0.77078259
    outer loop
      vertex 0.0733785629 0.0648922026 0.0669091269
      vertex 0.0747246891 0.0651077032 0.0658256263
      vertex 0.0747246966 0.06633313 0.0659463182
    endloop
  endfacet
  facet normal 0.632562935 -0.0759246424 0.770778596
    outer loop
      vertex 0.0733785629 0.0648922026 0.0669091269
      vertex 0.0747246966 0.06633313 0.0659463182
      vertex 0.0733785778 0.0663331449 0.067051053
    endloop
  endfacet
  facet normal -0.77150774 -0.0623504892 0.633157313
    outer loop
      vertex 0.0610573031 0.0653704852 0.0645053685
      vertex 0.0621620305 0.0651078597 0.0658256263
      vertex 0.0621620454 0.066333279 0.0659463182
    endloop
  endfacet
  facet normal -0.771506608 -0.062353421 0.633158386
    outer loop
      vertex 0.0610573031 0.0653704852 0.0645053685
      vertex 0.0621620454 0.066333279 0.0659463182
      vertex 0.0610573143 0.0663332939 0.0646001995
    endloop
  endfacet
endsolid K1_face_side_glow_R_001
