solid K1_red_ring_Right_Elbow_Pitch
  facet normal 0.258757323 0.965651393 0.0237065032
    outer loop
      vertex 0.02128038 0.0316397473 -2.82883095e-09
      vertex 0.02128038 0.0316016339 0.00155249529
      vertex 0.0231003724 0.0311145335 0.00152856659
    endloop
  endfacet
  facet normal 0.258757651 0.965651274 0.0237060972
    outer loop
      vertex 0.02128038 0.0316397473 -2.82883095e-09
      vertex 0.0231003724 0.0311145335 0.00152856659
      vertex 0.0231003743 0.0311520584 -2.86478508e-09
    endloop
  endfacet
  facet normal 0.707008541 0.70699203 0.0173568074
    outer loop
      vertex 0.0231003743 0.0311520584 -2.86478508e-09
      vertex 0.0231003724 0.0311145335 0.00152856659
      vertex 0.024432689 0.0297837909 0.0014631924
    endloop
  endfacet
  facet normal 0.70700866 0.706991851 0.0173564889
    outer loop
      vertex 0.0231003743 0.0311520584 -2.86478508e-09
      vertex 0.024432689 0.0297837909 0.0014631924
      vertex 0.0244326908 0.0298197102 -2.80390333e-09
    endloop
  endfacet
  facet normal 0.965909302 0.258802384 0.00635444093
    outer loop
      vertex 0.0244326908 0.0298197102 -2.80390333e-09
      vertex 0.024432689 0.0297837909 0.0014631924
      vertex 0.024920335 0.0279659778 0.00137388951
    endloop
  endfacet
  facet normal 0.9659096 0.25880155 0.0063531748
    outer loop
      vertex 0.0244326908 0.0298197102 -2.80390333e-09
      vertex 0.024920335 0.0279659778 0.00137388951
      vertex 0.024920335 0.0279997047 -2.66249955e-09
    endloop
  endfacet
  facet normal 0.965903342 -0.258825213 -0.00635375595
    outer loop
      vertex 0.024920335 0.0279997047 -2.66249955e-09
      vertex 0.024920335 0.0279659778 0.00137388951
      vertex 0.0244326461 0.0261481758 0.00128458673
    endloop
  endfacet
  facet normal 0.965903282 -0.258825153 -0.00635375176
    outer loop
      vertex 0.024920335 0.0279997047 -2.66249955e-09
      vertex 0.0244326461 0.0261481758 0.00128458673
      vertex 0.0244326461 0.0261797104 -2.47846277e-09
    endloop
  endfacet
  facet normal 0.706992626 -0.707007825 -0.0173558965
    outer loop
      vertex 0.0244326461 0.0261797104 -2.47846277e-09
      vertex 0.0244326461 0.0261481758 0.00128458673
      vertex 0.0231002979 0.0248174611 0.00121921243
    endloop
  endfacet
  facet normal 0.706992328 -0.707008123 -0.017356528
    outer loop
      vertex 0.0244326461 0.0261797104 -2.47846277e-09
      vertex 0.0231002979 0.0248174611 0.00121921243
      vertex 0.0231002979 0.024847392 -2.30110508e-09
    endloop
  endfacet
  facet normal 0.258733481 -0.96565789 -0.0237062071
    outer loop
      vertex 0.0231002979 0.024847392 -2.30110508e-09
      vertex 0.0231002979 0.0248174611 0.00121921243
      vertex 0.0212802924 0.0243304055 0.00119528396
    endloop
  endfacet
  facet normal 0.258734047 -0.965657711 -0.0237052478
    outer loop
      vertex 0.0231002979 0.024847392 -2.30110508e-09
      vertex 0.0212802924 0.0243304055 0.00119528396
      vertex 0.0212802924 0.0243597478 -2.1779496e-09
    endloop
  endfacet
  facet normal -0.258757085 -0.965651512 -0.0237051081
    outer loop
      vertex 0.0212802924 0.0243597478 -2.1779496e-09
      vertex 0.0212802924 0.0243304055 0.00119528396
      vertex 0.0194602981 0.0248175059 0.00121921266
    endloop
  endfacet
  facet normal -0.258757681 -0.965651333 -0.0237060394
    outer loop
      vertex 0.0212802924 0.0243597478 -2.1779496e-09
      vertex 0.0194602981 0.0248175059 0.00121921266
      vertex 0.0194602981 0.0248474367 -2.14199547e-09
    endloop
  endfacet
  facet normal -0.707008958 -0.706991553 -0.0173561331
    outer loop
      vertex 0.0194602981 0.0248474367 -2.14199547e-09
      vertex 0.0194602981 0.0248175059 0.00121921266
      vertex 0.0181279816 0.0261482503 0.00128458696
    endloop
  endfacet
  facet normal -0.707008719 -0.706991911 -0.0173555315
    outer loop
      vertex 0.0194602981 0.0248474367 -2.14199547e-09
      vertex 0.0181279816 0.0261482503 0.00128458696
      vertex 0.0181279816 0.0261797849 -2.20287699e-09
    endloop
  endfacet
  facet normal -0.965909421 -0.258802235 -0.00635317527
    outer loop
      vertex 0.0181279816 0.0261797849 -2.20287699e-09
      vertex 0.0181279816 0.0261482503 0.00128458696
      vertex 0.0176403355 0.0279660653 0.00137388986
    endloop
  endfacet
  facet normal -0.965909362 -0.258802474 -0.00635284372
    outer loop
      vertex 0.0181279816 0.0261797849 -2.20287699e-09
      vertex 0.0176403355 0.0279660653 0.00137388986
      vertex 0.0176403355 0.0279997904 -2.34428077e-09
    endloop
  endfacet
  facet normal -0.965903223 0.258825451 0.00635341089
    outer loop
      vertex 0.0176403355 0.0279997904 -2.34428077e-09
      vertex 0.0176403355 0.0279660653 0.00137388986
      vertex 0.0181280244 0.0297838654 0.00146319263
    endloop
  endfacet
  facet normal -0.965903223 0.258825183 0.00635375548
    outer loop
      vertex 0.0176403355 0.0279997904 -2.34428077e-09
      vertex 0.0181280244 0.0297838654 0.00146319263
      vertex 0.0181280244 0.0298197847 -2.52831756e-09
    endloop
  endfacet
  facet normal -0.706992149 0.707008421 0.0173559971
    outer loop
      vertex 0.0181280244 0.0298197847 -2.52831756e-09
      vertex 0.0181280244 0.0297838654 0.00146319263
      vertex 0.0194603726 0.0311145782 0.00152856682
    endloop
  endfacet
  facet normal -0.706991911 0.70700866 0.0173555035
    outer loop
      vertex 0.0181280244 0.0298197847 -2.52831756e-09
      vertex 0.0194603726 0.0311145782 0.00152856682
      vertex 0.0194603745 0.0311521031 -2.70567546e-09
    endloop
  endfacet
  facet normal -0.258733183 0.96565789 0.0237056147
    outer loop
      vertex 0.0194603745 0.0311521031 -2.70567546e-09
      vertex 0.0194603726 0.0311145782 0.00152856682
      vertex 0.02128038 0.0316016339 0.00155249529
    endloop
  endfacet
  facet normal -0.258734077 0.965657651 0.0237066671
    outer loop
      vertex 0.0194603745 0.0311521031 -2.70567546e-09
      vertex 0.02128038 0.0316016339 0.00155249529
      vertex 0.02128038 0.0316397473 -2.82883095e-09
    endloop
  endfacet
  facet normal 0.258757383 0.963325083 0.0710592344
    outer loop
      vertex 0.02128038 0.0316016339 0.00155249529
      vertex 0.0212803781 0.0314873904 0.00310126087
      vertex 0.0231003724 0.0310020503 0.0030534612
    endloop
  endfacet
  facet normal 0.258757323 0.963325083 0.0710593164
    outer loop
      vertex 0.02128038 0.0316016339 0.00155249529
      vertex 0.0231003724 0.0310020503 0.0030534612
      vertex 0.0231003724 0.0311145335 0.00152856659
    endloop
  endfacet
  facet normal 0.707008302 0.705288887 0.0520253778
    outer loop
      vertex 0.0231003724 0.0311145335 0.00152856659
      vertex 0.0231003724 0.0310020503 0.0030534612
      vertex 0.024432689 0.0296761189 0.00292286952
    endloop
  endfacet
  facet normal 0.707008481 0.705288887 0.0520250909
    outer loop
      vertex 0.0231003724 0.0311145335 0.00152856659
      vertex 0.024432689 0.0296761189 0.00292286952
      vertex 0.024432689 0.0297837909 0.0014631924
    endloop
  endfacet
  facet normal 0.965909362 0.258179009 0.0190443937
    outer loop
      vertex 0.024432689 0.0297837909 0.0014631924
      vertex 0.024432689 0.0296761189 0.00292286952
      vertex 0.024920335 0.0278648771 0.00274447841
    endloop
  endfacet
  facet normal 0.965909362 0.258179009 0.0190444104
    outer loop
      vertex 0.024432689 0.0297837909 0.0014631924
      vertex 0.024920335 0.0278648771 0.00274447841
      vertex 0.024920335 0.0279659778 0.00137388951
    endloop
  endfacet
  facet normal 0.965903103 -0.258202553 -0.0190461539
    outer loop
      vertex 0.024920335 0.0279659778 0.00137388951
      vertex 0.024920335 0.0278648771 0.00274447841
      vertex 0.0244326442 0.0260536466 0.00256608729
    endloop
  endfacet
  facet normal 0.965903342 -0.258201718 -0.0190447066
    outer loop
      vertex 0.024920335 0.0279659778 0.00137388951
      vertex 0.0244326442 0.0260536466 0.00256608729
      vertex 0.0244326461 0.0261481758 0.00128458673
    endloop
  endfacet
  facet normal 0.706992567 -0.705304861 -0.0520254336
    outer loop
      vertex 0.0244326461 0.0261481758 0.00128458673
      vertex 0.0244326442 0.0260536466 0.00256608729
      vertex 0.023100296 0.0247277431 0.00243549584
    endloop
  endfacet
  facet normal 0.706992686 -0.705304742 -0.0520250723
    outer loop
      vertex 0.0244326461 0.0261481758 0.00128458673
      vertex 0.023100296 0.0247277431 0.00243549584
      vertex 0.0231002979 0.0248174611 0.00121921243
    endloop
  endfacet
  facet normal 0.258733779 -0.963331461 -0.0710588619
    outer loop
      vertex 0.0231002979 0.0248174611 0.00121921243
      vertex 0.023100296 0.0247277431 0.00243549584
      vertex 0.0212802906 0.0242424477 0.00238769641
    endloop
  endfacet
  facet normal 0.258733481 -0.963331461 -0.0710593835
    outer loop
      vertex 0.0231002979 0.0248174611 0.00121921243
      vertex 0.0212802906 0.0242424477 0.00238769641
      vertex 0.0212802924 0.0243304055 0.00119528396
    endloop
  endfacet
  facet normal -0.258757412 -0.963325083 -0.0710596964
    outer loop
      vertex 0.0212802924 0.0243304055 0.00119528396
      vertex 0.0212802906 0.0242424477 0.00238769641
      vertex 0.0194602963 0.0247277878 0.00243549608
    endloop
  endfacet
  facet normal -0.258757085 -0.963325143 -0.0710591972
    outer loop
      vertex 0.0212802924 0.0243304055 0.00119528396
      vertex 0.0194602963 0.0247277878 0.00243549608
      vertex 0.0194602981 0.0248175059 0.00121921266
    endloop
  endfacet
  facet normal -0.707008839 -0.70528847 -0.0520260371
    outer loop
      vertex 0.0194602981 0.0248175059 0.00121921266
      vertex 0.0194602963 0.0247277878 0.00243549608
      vertex 0.0181279797 0.0260537211 0.00256608776
    endloop
  endfacet
  facet normal -0.707008958 -0.705288351 -0.0520262569
    outer loop
      vertex 0.0194602981 0.0248175059 0.00121921266
      vertex 0.0181279797 0.0260537211 0.00256608776
      vertex 0.0181279816 0.0261482503 0.00128458696
    endloop
  endfacet
  facet normal -0.965909481 -0.258178622 -0.0190458149
    outer loop
      vertex 0.0181279816 0.0261482503 0.00128458696
      vertex 0.0181279797 0.0260537211 0.00256608776
      vertex 0.0176403336 0.0278649647 0.00274447864
    endloop
  endfacet
  facet normal -0.965909421 -0.258178711 -0.0190457124
    outer loop
      vertex 0.0181279816 0.0261482503 0.00128458696
      vertex 0.0176403336 0.0278649647 0.00274447864
      vertex 0.0176403355 0.0279660653 0.00137388986
    endloop
  endfacet
  facet normal -0.965903044 0.25820294 0.0190448705
    outer loop
      vertex 0.0176403355 0.0279660653 0.00137388986
      vertex 0.0176403336 0.0278649647 0.00274447864
      vertex 0.0181280244 0.0296761934 0.00292286975
    endloop
  endfacet
  facet normal -0.965903163 0.258201897 0.0190460812
    outer loop
      vertex 0.0176403355 0.0279660653 0.00137388986
      vertex 0.0181280244 0.0296761934 0.00292286975
      vertex 0.0181280244 0.0297838654 0.00146319263
    endloop
  endfacet
  facet normal -0.70699203 0.705305338 0.0520263575
    outer loop
      vertex 0.0181280244 0.0297838654 0.00146319263
      vertex 0.0181280244 0.0296761934 0.00292286975
      vertex 0.0194603726 0.031002095 0.0030534612
    endloop
  endfacet
  facet normal -0.706992149 0.705305219 0.0520265736
    outer loop
      vertex 0.0181280244 0.0297838654 0.00146319263
      vertex 0.0194603726 0.031002095 0.0030534612
      vertex 0.0194603726 0.0311145782 0.00152856682
    endloop
  endfacet
  facet normal -0.258733809 0.963331342 0.0710597858
    outer loop
      vertex 0.0194603726 0.0311145782 0.00152856682
      vertex 0.0194603726 0.031002095 0.0030534612
      vertex 0.0212803781 0.0314873904 0.00310126087
    endloop
  endfacet
  facet normal -0.258733273 0.96333158 0.0710590854
    outer loop
      vertex 0.0194603726 0.0311145782 0.00152856682
      vertex 0.0212803781 0.0314873904 0.00310126087
      vertex 0.02128038 0.0316016339 0.00155249529
    endloop
  endfacet
  facet normal 0.258757383 0.958678126 0.118240856
    outer loop
      vertex 0.0212803781 0.0314873904 0.00310126087
      vertex 0.0212803762 0.0312972926 0.00464254804
      vertex 0.0231003705 0.0308148824 0.0045709922
    endloop
  endfacet
  facet normal 0.258757323 0.958678126 0.11824093
    outer loop
      vertex 0.0212803781 0.0314873904 0.00310126087
      vertex 0.0231003705 0.0308148824 0.0045709922
      vertex 0.0231003724 0.0310020503 0.0030534612
    endloop
  endfacet
  facet normal 0.707009137 0.701885939 0.0865694582
    outer loop
      vertex 0.0231003724 0.0310020503 0.0030534612
      vertex 0.0231003705 0.0308148824 0.0045709922
      vertex 0.0244326871 0.0294969529 0.00437549874
    endloop
  endfacet
  facet normal 0.707008302 0.701886535 0.0865709931
    outer loop
      vertex 0.0231003724 0.0310020503 0.0030534612
      vertex 0.0244326871 0.0294969529 0.00437549874
      vertex 0.024432689 0.0296761189 0.00292286952
    endloop
  endfacet
  facet normal 0.965909302 0.256933391 0.0316911712
    outer loop
      vertex 0.024432689 0.0296761189 0.00292286952
      vertex 0.0244326871 0.0294969529 0.00437549874
      vertex 0.0249203332 0.0276966467 0.00410844898
    endloop
  endfacet
  facet normal 0.965909362 0.256933421 0.0316911675
    outer loop
      vertex 0.024432689 0.0296761189 0.00292286952
      vertex 0.0249203332 0.0276966467 0.00410844898
      vertex 0.024920335 0.0278648771 0.00274447841
    endloop
  endfacet
  facet normal 0.965903282 -0.256956339 -0.0316913463
    outer loop
      vertex 0.024920335 0.0278648771 0.00274447841
      vertex 0.0249203332 0.0276966467 0.00410844898
      vertex 0.0244326442 0.0258963518 0.00384140015
    endloop
  endfacet
  facet normal 0.965902984 -0.256956965 -0.0316926055
    outer loop
      vertex 0.024920335 0.0278648771 0.00274447841
      vertex 0.0244326442 0.0258963518 0.00384140015
      vertex 0.0244326442 0.0260536466 0.00256608729
    endloop
  endfacet
  facet normal 0.706991851 -0.701903045 -0.0865714625
    outer loop
      vertex 0.0244326442 0.0260536466 0.00256608729
      vertex 0.0244326442 0.0258963518 0.00384140015
      vertex 0.0231002942 0.024578454 0.00364590646
    endloop
  endfacet
  facet normal 0.706992626 -0.701902568 -0.0865698308
    outer loop
      vertex 0.0244326442 0.0260536466 0.00256608729
      vertex 0.0231002942 0.024578454 0.00364590646
      vertex 0.023100296 0.0247277431 0.00243549584
    endloop
  endfacet
  facet normal 0.258733869 -0.958684385 -0.118241429
    outer loop
      vertex 0.023100296 0.0247277431 0.00243549584
      vertex 0.0231002942 0.024578454 0.00364590646
      vertex 0.0212802887 0.0240960885 0.00357435108
    endloop
  endfacet
  facet normal 0.258733839 -0.958684385 -0.118241511
    outer loop
      vertex 0.023100296 0.0247277431 0.00243549584
      vertex 0.0212802887 0.0240960885 0.00357435108
      vertex 0.0212802906 0.0242424477 0.00238769641
    endloop
  endfacet
  facet normal -0.258757323 -0.958678007 -0.118241504
    outer loop
      vertex 0.0212802906 0.0242424477 0.00238769641
      vertex 0.0212802887 0.0240960885 0.00357435108
      vertex 0.0194602944 0.0245784987 0.00364590669
    endloop
  endfacet
  facet normal -0.258757323 -0.958678067 -0.118241459
    outer loop
      vertex 0.0212802906 0.0242424477 0.00238769641
      vertex 0.0194602944 0.0245784987 0.00364590669
      vertex 0.0194602963 0.0247277878 0.00243549608
    endloop
  endfacet
  facet normal -0.7070086 -0.701886296 -0.0865700617
    outer loop
      vertex 0.0194602963 0.0247277878 0.00243549608
      vertex 0.0194602944 0.0245784987 0.00364590669
      vertex 0.0181279778 0.0258964263 0.00384140061
    endloop
  endfacet
  facet normal -0.707008779 -0.701886117 -0.0865704119
    outer loop
      vertex 0.0194602963 0.0247277878 0.00243549608
      vertex 0.0181279778 0.0258964263 0.00384140061
      vertex 0.0181279797 0.0260537211 0.00256608776
    endloop
  endfacet
  facet normal -0.965909421 -0.256933182 -0.0316910855
    outer loop
      vertex 0.0181279797 0.0260537211 0.00256608776
      vertex 0.0181279778 0.0258964263 0.00384140061
      vertex 0.0176403318 0.0276967343 0.00410844944
    endloop
  endfacet
  facet normal -0.965909421 -0.256933182 -0.0316911303
    outer loop
      vertex 0.0181279797 0.0260537211 0.00256608776
      vertex 0.0176403318 0.0276967343 0.00410844944
      vertex 0.0176403336 0.0278649647 0.00274447864
    endloop
  endfacet
  facet normal -0.965903342 0.256956309 0.0316913426
    outer loop
      vertex 0.0176403336 0.0278649647 0.00274447864
      vertex 0.0176403318 0.0276967343 0.00410844944
      vertex 0.0181280207 0.0294970293 0.00437549921
    endloop
  endfacet
  facet normal -0.965902984 0.256957471 0.0316900834
    outer loop
      vertex 0.0176403336 0.0278649647 0.00274447864
      vertex 0.0181280207 0.0294970293 0.00437549921
      vertex 0.0181280244 0.0296761934 0.00292286975
    endloop
  endfacet
  facet normal -0.706991792 0.701903343 0.0865693912
    outer loop
      vertex 0.0181280244 0.0296761934 0.00292286975
      vertex 0.0181280207 0.0294970293 0.00437549921
      vertex 0.0194603708 0.0308149271 0.0045709922
    endloop
  endfacet
  facet normal -0.70699209 0.701903105 0.0865698084
    outer loop
      vertex 0.0181280244 0.0296761934 0.00292286975
      vertex 0.0194603708 0.0308149271 0.0045709922
      vertex 0.0194603726 0.031002095 0.0030534612
    endloop
  endfacet
  facet normal -0.258733898 0.958684385 0.118241049
    outer loop
      vertex 0.0194603726 0.031002095 0.0030534612
      vertex 0.0194603708 0.0308149271 0.0045709922
      vertex 0.0212803762 0.0312972926 0.00464254804
    endloop
  endfacet
  facet normal -0.258733869 0.958684385 0.118240997
    outer loop
      vertex 0.0194603726 0.031002095 0.0030534612
      vertex 0.0212803762 0.0312972926 0.00464254804
      vertex 0.0212803781 0.0314873904 0.00310126087
    endloop
  endfacet
  facet normal 0.25875628 0.951721549 0.165140241
    outer loop
      vertex 0.0212803762 0.0312972926 0.00464254804
      vertex 0.0212803725 0.031031793 0.00617265748
      vertex 0.0231003668 0.0305534769 0.00607751869
    endloop
  endfacet
  facet normal 0.258757293 0.95172143 0.165138945
    outer loop
      vertex 0.0212803762 0.0312972926 0.00464254804
      vertex 0.0231003668 0.0305534769 0.00607751869
      vertex 0.0231003705 0.0308148824 0.0045709922
    endloop
  endfacet
  facet normal 0.707009256 0.696792483 0.120905966
    outer loop
      vertex 0.0231003705 0.0308148824 0.0045709922
      vertex 0.0231003668 0.0305534769 0.00607751869
      vertex 0.0244326834 0.029246727 0.00581759308
    endloop
  endfacet
  facet normal 0.707009137 0.696792603 0.120906249
    outer loop
      vertex 0.0231003705 0.0308148824 0.0045709922
      vertex 0.0244326834 0.029246727 0.00581759308
      vertex 0.0244326871 0.0294969529 0.00437549874
    endloop
  endfacet
  facet normal 0.965909421 0.255068511 0.0442608632
    outer loop
      vertex 0.0244326871 0.0294969529 0.00437549874
      vertex 0.0244326834 0.029246727 0.00581759308
      vertex 0.0249203295 0.0274616908 0.00546252867
    endloop
  endfacet
  facet normal 0.965909362 0.255068779 0.0442614295
    outer loop
      vertex 0.0244326871 0.0294969529 0.00437549874
      vertex 0.0249203295 0.0274616908 0.00546252867
      vertex 0.0249203332 0.0276966467 0.00410844898
    endloop
  endfacet
  facet normal 0.965903282 -0.255092055 -0.0442601629
    outer loop
      vertex 0.0249203332 0.0276966467 0.00410844898
      vertex 0.0249203295 0.0274616908 0.00546252867
      vertex 0.0244326405 0.0256766677 0.00510746427
    endloop
  endfacet
  facet normal 0.965903223 -0.255091935 -0.0442600362
    outer loop
      vertex 0.0249203332 0.0276966467 0.00410844898
      vertex 0.0244326405 0.0256766677 0.00510746427
      vertex 0.0244326442 0.0258963518 0.00384140015
    endloop
  endfacet
  facet normal 0.70699203 -0.696809828 -0.120906524
    outer loop
      vertex 0.0244326442 0.0258963518 0.00384140015
      vertex 0.0244326405 0.0256766677 0.00510746427
      vertex 0.0231002923 0.0243699513 0.00484753912
    endloop
  endfacet
  facet normal 0.706991851 -0.696809828 -0.120906644
    outer loop
      vertex 0.0244326442 0.0258963518 0.00384140015
      vertex 0.0231002923 0.0243699513 0.00484753912
      vertex 0.0231002942 0.024578454 0.00364590646
    endloop
  endfacet
  facet normal 0.258734822 -0.951727509 -0.165139645
    outer loop
      vertex 0.0231002942 0.024578454 0.00364590646
      vertex 0.0231002923 0.0243699513 0.00484753912
      vertex 0.0212802868 0.0238916762 0.00475239987
    endloop
  endfacet
  facet normal 0.258733958 -0.95172745 -0.165141106
    outer loop
      vertex 0.0231002942 0.024578454 0.00364590646
      vertex 0.0212802868 0.0238916762 0.00475239987
      vertex 0.0212802887 0.0240960885 0.00357435108
    endloop
  endfacet
  facet normal -0.258757263 -0.951721191 -0.165140837
    outer loop
      vertex 0.0212802887 0.0240960885 0.00357435108
      vertex 0.0212802868 0.0238916762 0.00475239987
      vertex 0.0194602925 0.0243699942 0.00484753912
    endloop
  endfacet
  facet normal -0.258757263 -0.951721191 -0.165140882
    outer loop
      vertex 0.0212802887 0.0240960885 0.00357435108
      vertex 0.0194602925 0.0243699942 0.00484753912
      vertex 0.0194602944 0.0245784987 0.00364590669
    endloop
  endfacet
  facet normal -0.707009196 -0.696792364 -0.120906904
    outer loop
      vertex 0.0194602944 0.0245784987 0.00364590669
      vertex 0.0194602925 0.0243699942 0.00484753912
      vertex 0.018127976 0.0256767441 0.00510746427
    endloop
  endfacet
  facet normal -0.7070086 -0.696793079 -0.120905749
    outer loop
      vertex 0.0194602944 0.0245784987 0.00364590669
      vertex 0.018127976 0.0256767441 0.00510746427
      vertex 0.0181279778 0.0258964263 0.00384140061
    endloop
  endfacet
  facet normal -0.965909302 -0.255068928 -0.0442599431
    outer loop
      vertex 0.0181279778 0.0258964263 0.00384140061
      vertex 0.018127976 0.0256767441 0.00510746427
      vertex 0.0176403299 0.0274617784 0.00546252914
    endloop
  endfacet
  facet normal -0.965909362 -0.255068749 -0.0442601107
    outer loop
      vertex 0.0181279778 0.0258964263 0.00384140061
      vertex 0.0176403299 0.0274617784 0.00546252914
      vertex 0.0176403318 0.0276967343 0.00410844944
    endloop
  endfacet
  facet normal -0.965903342 0.255091518 0.0442613997
    outer loop
      vertex 0.0176403318 0.0276967343 0.00410844944
      vertex 0.0176403299 0.0274617784 0.00546252914
      vertex 0.0181280188 0.0292468034 0.00581759354
    endloop
  endfacet
  facet normal -0.965903342 0.255091757 0.044261165
    outer loop
      vertex 0.0176403318 0.0276967343 0.00410844944
      vertex 0.0181280188 0.0292468034 0.00581759354
      vertex 0.0181280207 0.0294970293 0.00437549921
    endloop
  endfacet
  facet normal -0.706991971 0.696809888 0.12090648
    outer loop
      vertex 0.0181280207 0.0294970293 0.00437549921
      vertex 0.0181280188 0.0292468034 0.00581759354
      vertex 0.019460367 0.0305535197 0.00607751869
    endloop
  endfacet
  facet normal -0.706991792 0.696810007 0.120906346
    outer loop
      vertex 0.0181280207 0.0294970293 0.00437549921
      vertex 0.019460367 0.0305535197 0.00607751869
      vertex 0.0194603708 0.0308149271 0.0045709922
    endloop
  endfacet
  facet normal -0.258733898 0.951727688 0.165139928
    outer loop
      vertex 0.0194603708 0.0308149271 0.0045709922
      vertex 0.019460367 0.0305535197 0.00607751869
      vertex 0.0212803725 0.031031793 0.00617265748
    endloop
  endfacet
  facet normal -0.258733988 0.951727629 0.165140003
    outer loop
      vertex 0.0194603708 0.0308149271 0.0045709922
      vertex 0.0212803725 0.031031793 0.00617265748
      vertex 0.0212803762 0.0312972926 0.00464254804
    endloop
  endfacet
  facet normal 0.258756727 0.9424721 0.211639822
    outer loop
      vertex 0.0212803725 0.031031793 0.00617265748
      vertex 0.0212803688 0.0306915361 0.00768788997
      vertex 0.0231003631 0.0302184634 0.0075693964
    endloop
  endfacet
  facet normal 0.258756191 0.942472041 0.211640552
    outer loop
      vertex 0.0212803725 0.031031793 0.00617265748
      vertex 0.0231003631 0.0302184634 0.0075693964
      vertex 0.0231003668 0.0305534769 0.00607751869
    endloop
  endfacet
  facet normal 0.707008779 0.69002074 0.154951632
    outer loop
      vertex 0.0231003668 0.0305534769 0.00607751869
      vertex 0.0231003631 0.0302184634 0.0075693964
      vertex 0.0244326796 0.0289260428 0.00724566588
    endloop
  endfacet
  facet normal 0.707009137 0.690020502 0.154950932
    outer loop
      vertex 0.0231003668 0.0305534769 0.00607751869
      vertex 0.0244326796 0.0289260428 0.00724566588
      vertex 0.0244326834 0.029246727 0.00581759308
    endloop
  endfacet
  facet normal 0.965909481 0.252589524 0.0567233376
    outer loop
      vertex 0.0244326834 0.029246727 0.00581759308
      vertex 0.0244326796 0.0289260428 0.00724566588
      vertex 0.0249203257 0.0271605793 0.00680344226
    endloop
  endfacet
  facet normal 0.965909362 0.252589554 0.0567234419
    outer loop
      vertex 0.0244326834 0.029246727 0.00581759308
      vertex 0.0249203257 0.0271605793 0.00680344226
      vertex 0.0249203295 0.0274616908 0.00546252867
    endloop
  endfacet
  facet normal 0.965903223 -0.252613097 -0.0567233451
    outer loop
      vertex 0.0249203295 0.0274616908 0.00546252867
      vertex 0.0249203257 0.0271605793 0.00680344226
      vertex 0.0244326368 0.0253951289 0.00636121863
    endloop
  endfacet
  facet normal 0.965903282 -0.252612978 -0.0567230359
    outer loop
      vertex 0.0249203295 0.0274616908 0.00546252867
      vertex 0.0244326368 0.0253951289 0.00636121863
      vertex 0.0244326405 0.0256766677 0.00510746427
    endloop
  endfacet
  facet normal 0.70699209 -0.690038025 -0.154950485
    outer loop
      vertex 0.0244326405 0.0256766677 0.00510746427
      vertex 0.0244326368 0.0253951289 0.00636121863
      vertex 0.0231002886 0.02410274 0.00603748811
    endloop
  endfacet
  facet normal 0.70699209 -0.690038085 -0.154950634
    outer loop
      vertex 0.0244326405 0.0256766677 0.00510746427
      vertex 0.0231002886 0.02410274 0.00603748811
      vertex 0.0231002923 0.0243699513 0.00484753912
    endloop
  endfacet
  facet normal 0.258734524 -0.942478359 -0.21163927
    outer loop
      vertex 0.0231002923 0.0243699513 0.00484753912
      vertex 0.0231002886 0.02410274 0.00603748811
      vertex 0.0212802831 0.0236297101 0.00591899501
    endloop
  endfacet
  facet normal 0.258734941 -0.942478299 -0.211638495
    outer loop
      vertex 0.0231002923 0.0243699513 0.00484753912
      vertex 0.0212802831 0.0236297101 0.00591899501
      vertex 0.0212802868 0.0238916762 0.00475239987
    endloop
  endfacet
  facet normal -0.258756727 -0.942472279 -0.211638793
    outer loop
      vertex 0.0212802868 0.0238916762 0.00475239987
      vertex 0.0212802831 0.0236297101 0.00591899501
      vertex 0.0194602888 0.0241027828 0.00603748858
    endloop
  endfacet
  facet normal -0.258757144 -0.942471981 -0.211639389
    outer loop
      vertex 0.0212802868 0.0238916762 0.00475239987
      vertex 0.0194602888 0.0241027828 0.00603748858
      vertex 0.0194602925 0.0243699942 0.00484753912
    endloop
  endfacet
  facet normal -0.707009256 -0.690020382 -0.154951051
    outer loop
      vertex 0.0194602925 0.0243699942 0.00484753912
      vertex 0.0194602888 0.0241027828 0.00603748858
      vertex 0.0181279723 0.0253952052 0.00636121863
    endloop
  endfacet
  facet normal -0.707009017 -0.690020561 -0.154950768
    outer loop
      vertex 0.0194602925 0.0243699942 0.00484753912
      vertex 0.0181279723 0.0253952052 0.00636121863
      vertex 0.018127976 0.0256767441 0.00510746427
    endloop
  endfacet
  facet normal -0.965909362 -0.252589703 -0.05672355
    outer loop
      vertex 0.018127976 0.0256767441 0.00510746427
      vertex 0.0181279723 0.0253952052 0.00636121863
      vertex 0.0176403262 0.0271606669 0.00680344272
    endloop
  endfacet
  facet normal -0.965909362 -0.252589762 -0.056723468
    outer loop
      vertex 0.018127976 0.0256767441 0.00510746427
      vertex 0.0176403262 0.0271606669 0.00680344272
      vertex 0.0176403299 0.0274617784 0.00546252914
    endloop
  endfacet
  facet normal -0.965903342 0.252612889 0.0567232929
    outer loop
      vertex 0.0176403299 0.0274617784 0.00546252914
      vertex 0.0176403262 0.0271606669 0.00680344272
      vertex 0.0181280151 0.0289261192 0.00724566635
    endloop
  endfacet
  facet normal -0.965903342 0.25261265 0.0567235053
    outer loop
      vertex 0.0176403299 0.0274617784 0.00546252914
      vertex 0.0181280151 0.0289261192 0.00724566635
      vertex 0.0181280188 0.0292468034 0.00581759354
    endloop
  endfacet
  facet normal -0.706991553 0.690038323 0.154951304
    outer loop
      vertex 0.0181280188 0.0292468034 0.00581759354
      vertex 0.0181280151 0.0289261192 0.00724566635
      vertex 0.0194603633 0.0302185062 0.0075693964
    endloop
  endfacet
  facet normal -0.70699203 0.690037787 0.15495193
    outer loop
      vertex 0.0181280188 0.0292468034 0.00581759354
      vertex 0.0194603633 0.0302185062 0.0075693964
      vertex 0.019460367 0.0305535197 0.00607751869
    endloop
  endfacet
  facet normal -0.258734554 0.942477942 0.211640581
    outer loop
      vertex 0.019460367 0.0305535197 0.00607751869
      vertex 0.0194603633 0.0302185062 0.0075693964
      vertex 0.0212803688 0.0306915361 0.00768788997
    endloop
  endfacet
  facet normal -0.258733988 0.94247824 0.211639926
    outer loop
      vertex 0.019460367 0.0305535197 0.00607751869
      vertex 0.0212803688 0.0306915361 0.00768788997
      vertex 0.0212803725 0.031031793 0.00617265748
    endloop
  endfacet
  facet normal 0.258756161 0.930952072 0.257630438
    outer loop
      vertex 0.0212803688 0.0306915361 0.00768788997
      vertex 0.0212803632 0.0302773379 0.00918460824
      vertex 0.0231003575 0.0298106503 0.00904304534
    endloop
  endfacet
  facet normal 0.258756608 0.930952132 0.257629842
    outer loop
      vertex 0.0212803688 0.0306915361 0.00768788997
      vertex 0.0231003575 0.0298106503 0.00904304534
      vertex 0.0231003631 0.0302184634 0.0075693964
    endloop
  endfacet
  facet normal 0.707008541 0.681586564 0.188622847
    outer loop
      vertex 0.0231003631 0.0302184634 0.0075693964
      vertex 0.0231003575 0.0298106503 0.00904304534
      vertex 0.0244326759 0.0285356697 0.00865628943
    endloop
  endfacet
  facet normal 0.707008719 0.681586504 0.188622817
    outer loop
      vertex 0.0231003631 0.0302184634 0.0075693964
      vertex 0.0244326759 0.0285356697 0.00865628943
      vertex 0.0244326796 0.0289260428 0.00724566588
    endloop
  endfacet
  facet normal 0.965909362 0.249502063 0.0690492615
    outer loop
      vertex 0.0244326796 0.0289260428 0.00724566588
      vertex 0.0244326759 0.0285356697 0.00865628943
      vertex 0.024920322 0.0267940331 0.00812797155
    endloop
  endfacet
  facet normal 0.965909362 0.249502048 0.0690491796
    outer loop
      vertex 0.0244326796 0.0289260428 0.00724566588
      vertex 0.024920322 0.0267940331 0.00812797155
      vertex 0.0249203257 0.0271605793 0.00680344226
    endloop
  endfacet
  facet normal 0.965903282 -0.249525458 -0.0690502003
    outer loop
      vertex 0.0249203257 0.0271605793 0.00680344226
      vertex 0.024920322 0.0267940331 0.00812797155
      vertex 0.0244326331 0.0250524078 0.00759965368
    endloop
  endfacet
  facet normal 0.965903342 -0.249525428 -0.0690500811
    outer loop
      vertex 0.0249203257 0.0271605793 0.00680344226
      vertex 0.0244326331 0.0250524078 0.00759965368
      vertex 0.0244326368 0.0253951289 0.00636121863
    endloop
  endfacet
  facet normal 0.70699209 -0.681603551 -0.188622981
    outer loop
      vertex 0.0244326368 0.0253951289 0.00636121863
      vertex 0.0244326331 0.0250524078 0.00759965368
      vertex 0.0231002849 0.0237774607 0.0072128973
    endloop
  endfacet
  facet normal 0.706992269 -0.681603611 -0.188622743
    outer loop
      vertex 0.0244326368 0.0253951289 0.00636121863
      vertex 0.0231002849 0.0237774607 0.0072128973
      vertex 0.0231002886 0.02410274 0.00603748811
    endloop
  endfacet
  facet normal 0.258734912 -0.930958152 -0.257629842
    outer loop
      vertex 0.0231002886 0.02410274 0.00603748811
      vertex 0.0231002849 0.0237774607 0.0072128973
      vertex 0.0212802794 0.0233108141 0.0070713358
    endloop
  endfacet
  facet normal 0.258734614 -0.930958092 -0.257630259
    outer loop
      vertex 0.0231002886 0.02410274 0.00603748811
      vertex 0.0212802794 0.0233108141 0.0070713358
      vertex 0.0212802831 0.0236297101 0.00591899501
    endloop
  endfacet
  facet normal -0.258756906 -0.930951953 -0.257630229
    outer loop
      vertex 0.0212802831 0.0236297101 0.00591899501
      vertex 0.0212802794 0.0233108141 0.0070713358
      vertex 0.0194602851 0.0237775035 0.00721289776
    endloop
  endfacet
  facet normal -0.258756608 -0.930952132 -0.257629782
    outer loop
      vertex 0.0212802831 0.0236297101 0.00591899501
      vertex 0.0194602851 0.0237775035 0.00721289776
      vertex 0.0194602888 0.0241027828 0.00603748858
    endloop
  endfacet
  facet normal -0.707009077 -0.681586146 -0.1886224
    outer loop
      vertex 0.0194602888 0.0241027828 0.00603748858
      vertex 0.0194602851 0.0237775035 0.00721289776
      vertex 0.0181279685 0.0250524841 0.00759965368
    endloop
  endfacet
  facet normal -0.707009196 -0.681586146 -0.18862243
    outer loop
      vertex 0.0194602888 0.0241027828 0.00603748858
      vertex 0.0181279685 0.0250524841 0.00759965368
      vertex 0.0181279723 0.0253952052 0.00636121863
    endloop
  endfacet
  facet normal -0.965909362 -0.249502003 -0.0690494105
    outer loop
      vertex 0.0181279723 0.0253952052 0.00636121863
      vertex 0.0181279685 0.0250524841 0.00759965368
      vertex 0.0176403224 0.0267941207 0.00812797248
    endloop
  endfacet
  facet normal -0.965909302 -0.249502257 -0.0690491945
    outer loop
      vertex 0.0181279723 0.0253952052 0.00636121863
      vertex 0.0176403224 0.0267941207 0.00812797248
      vertex 0.0176403262 0.0271606669 0.00680344272
    endloop
  endfacet
  facet normal -0.965903521 0.249524608 0.069049947
    outer loop
      vertex 0.0176403262 0.0271606669 0.00680344272
      vertex 0.0176403224 0.0267941207 0.00812797248
      vertex 0.0181280095 0.028535746 0.00865628943
    endloop
  endfacet
  facet normal -0.965903342 0.249525338 0.0690493584
    outer loop
      vertex 0.0176403262 0.0271606669 0.00680344272
      vertex 0.0181280095 0.028535746 0.00865628943
      vertex 0.0181280151 0.0289261192 0.00724566635
    endloop
  endfacet
  facet normal -0.706992149 0.68160373 0.188622922
    outer loop
      vertex 0.0181280151 0.0289261192 0.00724566635
      vertex 0.0181280095 0.028535746 0.00865628943
      vertex 0.0194603577 0.0298106931 0.00904304534
    endloop
  endfacet
  facet normal -0.706991732 0.681604266 0.188622415
    outer loop
      vertex 0.0181280151 0.0289261192 0.00724566635
      vertex 0.0194603577 0.0298106931 0.00904304534
      vertex 0.0194603633 0.0302185062 0.0075693964
    endloop
  endfacet
  facet normal -0.258734196 0.93095845 0.257629603
    outer loop
      vertex 0.0194603633 0.0302185062 0.0075693964
      vertex 0.0194603577 0.0298106931 0.00904304534
      vertex 0.0212803632 0.0302773379 0.00918460824
    endloop
  endfacet
  facet normal -0.258734673 0.930958092 0.257630169
    outer loop
      vertex 0.0194603633 0.0302185062 0.0075693964
      vertex 0.0212803632 0.0302773379 0.00918460824
      vertex 0.0212803688 0.0306915361 0.00768788997
    endloop
  endfacet
  facet normal 0.258756787 0.917189598 0.302998781
    outer loop
      vertex 0.0212803632 0.0302773379 0.00918460824
      vertex 0.0212803576 0.0297902022 0.0106591927
      vertex 0.0231003519 0.029331021 0.0104949027
    endloop
  endfacet
  facet normal 0.258756012 0.917189479 0.302999705
    outer loop
      vertex 0.0212803632 0.0302773379 0.00918460824
      vertex 0.0231003519 0.029331021 0.0104949027
      vertex 0.0231003575 0.0298106503 0.00904304534
    endloop
  endfacet
  facet normal 0.707008541 0.671510279 0.221839905
    outer loop
      vertex 0.0231003575 0.0298106503 0.00904304534
      vertex 0.0231003519 0.029331021 0.0104949027
      vertex 0.0244326703 0.0280765537 0.0100460527
    endloop
  endfacet
  facet normal 0.707008541 0.671510279 0.22183992
    outer loop
      vertex 0.0231003575 0.0298106503 0.00904304534
      vertex 0.0244326703 0.0280765537 0.0100460527
      vertex 0.0244326759 0.0285356697 0.00865628943
    endloop
  endfacet
  facet normal 0.965909302 0.245813146 0.0812096074
    outer loop
      vertex 0.0244326759 0.0285356697 0.00865628943
      vertex 0.0244326703 0.0280765537 0.0100460527
      vertex 0.0249203164 0.0263629388 0.00943291374
    endloop
  endfacet
  facet normal 0.965909302 0.245813236 0.0812097937
    outer loop
      vertex 0.0244326759 0.0285356697 0.00865628943
      vertex 0.0249203164 0.0263629388 0.00943291374
      vertex 0.024920322 0.0267940331 0.00812797155
    endloop
  endfacet
  facet normal 0.96590358 -0.245836124 -0.0812090859
    outer loop
      vertex 0.024920322 0.0267940331 0.00812797155
      vertex 0.0249203164 0.0263629388 0.00943291374
      vertex 0.0244326293 0.0246493332 0.00881977379
    endloop
  endfacet
  facet normal 0.965903223 -0.245836586 -0.0812107548
    outer loop
      vertex 0.024920322 0.0267940331 0.00812797155
      vertex 0.0244326293 0.0246493332 0.00881977379
      vertex 0.0244326331 0.0250524078 0.00759965368
    endloop
  endfacet
  facet normal 0.706991911 -0.671527207 -0.221841186
    outer loop
      vertex 0.0244326331 0.0250524078 0.00759965368
      vertex 0.0244326293 0.0246493332 0.00881977379
      vertex 0.0231002811 0.0233948994 0.00837092567
    endloop
  endfacet
  facet normal 0.706992269 -0.671527147 -0.221840486
    outer loop
      vertex 0.0244326331 0.0250524078 0.00759965368
      vertex 0.0231002811 0.0233948994 0.00837092567
      vertex 0.0231002849 0.0237774607 0.0072128973
    endloop
  endfacet
  facet normal 0.25873509 -0.917195261 -0.302999824
    outer loop
      vertex 0.0231002849 0.0237774607 0.0072128973
      vertex 0.0231002811 0.0233948994 0.00837092567
      vertex 0.0212802757 0.0229357611 0.00820663571
    endloop
  endfacet
  facet normal 0.25873509 -0.91719532 -0.302999914
    outer loop
      vertex 0.0231002849 0.0237774607 0.0072128973
      vertex 0.0212802757 0.0229357611 0.00820663571
      vertex 0.0212802794 0.0233108141 0.0070713358
    endloop
  endfacet
  facet normal -0.258756757 -0.9171893 -0.302999675
    outer loop
      vertex 0.0212802794 0.0233108141 0.0070713358
      vertex 0.0212802757 0.0229357611 0.00820663571
      vertex 0.0194602814 0.0233949423 0.00837092567
    endloop
  endfacet
  facet normal -0.258756757 -0.91718936 -0.302999645
    outer loop
      vertex 0.0212802794 0.0233108141 0.0070713358
      vertex 0.0194602814 0.0233949423 0.00837092567
      vertex 0.0194602851 0.0237775035 0.00721289776
    endloop
  endfacet
  facet normal -0.707008421 -0.671510398 -0.221839622
    outer loop
      vertex 0.0194602851 0.0237775035 0.00721289776
      vertex 0.0194602814 0.0233949423 0.00837092567
      vertex 0.0181279629 0.0246494096 0.00881977472
    endloop
  endfacet
  facet normal -0.707009017 -0.671509504 -0.22184059
    outer loop
      vertex 0.0194602851 0.0237775035 0.00721289776
      vertex 0.0181279629 0.0246494096 0.00881977472
      vertex 0.0181279685 0.0250524841 0.00759965368
    endloop
  endfacet
  facet normal -0.965909421 -0.245812699 -0.0812101737
    outer loop
      vertex 0.0181279685 0.0250524841 0.00759965368
      vertex 0.0181279629 0.0246494096 0.00881977472
      vertex 0.0176403169 0.0263630264 0.00943291467
    endloop
  endfacet
  facet normal -0.965909362 -0.245813191 -0.0812097788
    outer loop
      vertex 0.0181279685 0.0250524841 0.00759965368
      vertex 0.0176403169 0.0263630264 0.00943291467
      vertex 0.0176403224 0.0267941207 0.00812797248
    endloop
  endfacet
  facet normal -0.965903401 0.245836392 0.0812091753
    outer loop
      vertex 0.0176403224 0.0267941207 0.00812797248
      vertex 0.0176403169 0.0263630264 0.00943291467
      vertex 0.0181280039 0.0280766301 0.0100460527
    endloop
  endfacet
  facet normal -0.965903521 0.245836079 0.0812094286
    outer loop
      vertex 0.0176403224 0.0267941207 0.00812797248
      vertex 0.0181280039 0.0280766301 0.0100460527
      vertex 0.0181280095 0.028535746 0.00865628943
    endloop
  endfacet
  facet normal -0.70699203 0.671527445 0.221839949
    outer loop
      vertex 0.0181280095 0.028535746 0.00865628943
      vertex 0.0181280039 0.0280766301 0.0100460527
      vertex 0.0194603521 0.0293310639 0.0104949027
    endloop
  endfacet
  facet normal -0.706992209 0.671527267 0.221840128
    outer loop
      vertex 0.0181280095 0.028535746 0.00865628943
      vertex 0.0194603521 0.0293310639 0.0104949027
      vertex 0.0194603577 0.0298106931 0.00904304534
    endloop
  endfacet
  facet normal -0.25873509 0.91719538 0.302999675
    outer loop
      vertex 0.0194603577 0.0298106931 0.00904304534
      vertex 0.0194603521 0.0293310639 0.0104949027
      vertex 0.0212803576 0.0297902022 0.0106591927
    endloop
  endfacet
  facet normal -0.258734375 0.917195797 0.302998841
    outer loop
      vertex 0.0194603577 0.0298106931 0.00904304534
      vertex 0.0212803576 0.0297902022 0.0106591927
      vertex 0.0212803632 0.0302773379 0.00918460824
    endloop
  endfacet
  facet normal 0.258757144 0.901217282 0.3476381
    outer loop
      vertex 0.0212803576 0.0297902022 0.0106591927
      vertex 0.021280352 0.0292312987 0.0121080987
      vertex 0.0231003463 0.0287807304 0.0119214775
    endloop
  endfacet
  facet normal 0.258756578 0.901217163 0.347638816
    outer loop
      vertex 0.0212803576 0.0297902022 0.0106591927
      vertex 0.0231003463 0.0287807304 0.0119214775
      vertex 0.0231003519 0.029331021 0.0104949027
    endloop
  endfacet
  facet normal 0.707008541 0.659816206 0.254521936
    outer loop
      vertex 0.0231003519 0.029331021 0.0104949027
      vertex 0.0231003463 0.0287807304 0.0119214775
      vertex 0.0244326629 0.0275497995 0.0114116156
    endloop
  endfacet
  facet normal 0.707008362 0.659816265 0.254522264
    outer loop
      vertex 0.0231003519 0.029331021 0.0104949027
      vertex 0.0244326629 0.0275497995 0.0114116156
      vertex 0.0244326703 0.0280765537 0.0100460527
    endloop
  endfacet
  facet normal 0.965909243 0.241532579 0.0931743979
    outer loop
      vertex 0.0244326703 0.0280765537 0.0100460527
      vertex 0.0244326629 0.0275497995 0.0114116156
      vertex 0.0249203108 0.025868332 0.0107151316
    endloop
  endfacet
  facet normal 0.965909302 0.241532341 0.0931736678
    outer loop
      vertex 0.0244326703 0.0280765537 0.0100460527
      vertex 0.0249203108 0.025868332 0.0107151316
      vertex 0.0249203164 0.0263629388 0.00943291374
    endloop
  endfacet
  facet normal 0.965903521 -0.241555452 -0.0931741521
    outer loop
      vertex 0.0249203164 0.0263629388 0.00943291374
      vertex 0.0249203108 0.025868332 0.0107151316
      vertex 0.0244326238 0.0241868775 0.0100186495
    endloop
  endfacet
  facet normal 0.96590364 -0.241555229 -0.0931733027
    outer loop
      vertex 0.0249203164 0.0263629388 0.00943291374
      vertex 0.0244326238 0.0241868775 0.0100186495
      vertex 0.0244326293 0.0246493332 0.00881977379
    endloop
  endfacet
  facet normal 0.706992209 -0.659833848 -0.254521757
    outer loop
      vertex 0.0244326293 0.0246493332 0.00881977379
      vertex 0.0244326238 0.0241868775 0.0100186495
      vertex 0.0231002755 0.0229559783 0.00950878765
    endloop
  endfacet
  facet normal 0.70699209 -0.659833848 -0.254522175
    outer loop
      vertex 0.0244326293 0.0246493332 0.00881977379
      vertex 0.0231002755 0.0229559783 0.00950878765
      vertex 0.0231002811 0.0233948994 0.00837092567
    endloop
  endfacet
  facet normal 0.25873512 -0.901223361 -0.347638398
    outer loop
      vertex 0.0231002811 0.0233948994 0.00837092567
      vertex 0.0231002755 0.0229559783 0.00950878765
      vertex 0.0212802701 0.0225054547 0.00932216551
    endloop
  endfacet
  facet normal 0.258735299 -0.901223421 -0.34763822
    outer loop
      vertex 0.0231002811 0.0233948994 0.00837092567
      vertex 0.0212802701 0.0225054547 0.00932216551
      vertex 0.0212802757 0.0229357611 0.00820663571
    endloop
  endfacet
  facet normal -0.258756459 -0.901217282 -0.347638428
    outer loop
      vertex 0.0212802757 0.0229357611 0.00820663571
      vertex 0.0212802701 0.0225054547 0.00932216551
      vertex 0.0194602758 0.0229560211 0.00950878765
    endloop
  endfacet
  facet normal -0.258756578 -0.901217222 -0.347638607
    outer loop
      vertex 0.0212802757 0.0229357611 0.00820663571
      vertex 0.0194602758 0.0229560211 0.00950878765
      vertex 0.0194602814 0.0233949423 0.00837092567
    endloop
  endfacet
  facet normal -0.707008541 -0.659816086 -0.254522264
    outer loop
      vertex 0.0194602814 0.0233949423 0.00837092567
      vertex 0.0194602758 0.0229560211 0.00950878765
      vertex 0.0181279574 0.0241869539 0.0100186495
    endloop
  endfacet
  facet normal -0.707008302 -0.659816563 -0.254521877
    outer loop
      vertex 0.0194602814 0.0233949423 0.00837092567
      vertex 0.0181279574 0.0241869539 0.0100186495
      vertex 0.0181279629 0.0246494096 0.00881977472
    endloop
  endfacet
  facet normal -0.965909362 -0.241532251 -0.093173489
    outer loop
      vertex 0.0181279629 0.0246494096 0.00881977472
      vertex 0.0181279574 0.0241869539 0.0100186495
      vertex 0.0176403113 0.0258684196 0.0107151326
    endloop
  endfacet
  facet normal -0.965909421 -0.241532117 -0.0931735784
    outer loop
      vertex 0.0181279629 0.0246494096 0.00881977472
      vertex 0.0176403113 0.0258684196 0.0107151326
      vertex 0.0176403169 0.0263630264 0.00943291467
    endloop
  endfacet
  facet normal -0.96590364 0.241555184 0.0931740552
    outer loop
      vertex 0.0176403169 0.0263630264 0.00943291467
      vertex 0.0176403113 0.0258684196 0.0107151326
      vertex 0.0181279983 0.0275498759 0.0114116166
    endloop
  endfacet
  facet normal -0.965903521 0.241555363 0.0931738913
    outer loop
      vertex 0.0176403169 0.0263630264 0.00943291467
      vertex 0.0181279983 0.0275498759 0.0114116166
      vertex 0.0181280039 0.0280766301 0.0100460527
    endloop
  endfacet
  facet normal -0.706991673 0.659834146 0.254522324
    outer loop
      vertex 0.0181280039 0.0280766301 0.0100460527
      vertex 0.0181279983 0.0275498759 0.0114116166
      vertex 0.0194603465 0.0287807733 0.0119214775
    endloop
  endfacet
  facet normal -0.706992209 0.659833372 0.254523009
    outer loop
      vertex 0.0181280039 0.0280766301 0.0100460527
      vertex 0.0194603465 0.0287807733 0.0119214775
      vertex 0.0194603521 0.0293310639 0.0104949027
    endloop
  endfacet
  facet normal -0.258735865 0.901222944 0.347638994
    outer loop
      vertex 0.0194603521 0.0293310639 0.0104949027
      vertex 0.0194603465 0.0287807733 0.0119214775
      vertex 0.021280352 0.0292312987 0.0121080987
    endloop
  endfacet
  facet normal -0.258735299 0.901223361 0.347638428
    outer loop
      vertex 0.0194603521 0.0293310639 0.0104949027
      vertex 0.021280352 0.0292312987 0.0121080987
      vertex 0.0212803576 0.0297902022 0.0106591927
    endloop
  endfacet
  facet normal 0.258756697 0.88307333 0.391441464
    outer loop
      vertex 0.021280352 0.0292312987 0.0121080987
      vertex 0.0212803446 0.0286019687 0.0135278422
      vertex 0.0231003389 0.028161101 0.0133193377
    endloop
  endfacet
  facet normal 0.258756936 0.88307339 0.391441256
    outer loop
      vertex 0.021280352 0.0292312987 0.0121080987
      vertex 0.0231003389 0.028161101 0.0133193377
      vertex 0.0231003463 0.0287807304 0.0119214775
    endloop
  endfacet
  facet normal 0.707008183 0.646532536 0.286592185
    outer loop
      vertex 0.0231003463 0.0287807304 0.0119214775
      vertex 0.0231003389 0.028161101 0.0133193377
      vertex 0.0244326573 0.02695667 0.0127496915
    endloop
  endfacet
  facet normal 0.707008421 0.646532536 0.286591768
    outer loop
      vertex 0.0231003463 0.0287807304 0.0119214775
      vertex 0.0244326573 0.02695667 0.0127496915
      vertex 0.0244326629 0.0275497995 0.0114116156
    endloop
  endfacet
  facet normal 0.965909421 0.236669347 0.104912564
    outer loop
      vertex 0.0244326629 0.0275497995 0.0114116156
      vertex 0.0244326573 0.02695667 0.0127496915
      vertex 0.0249203034 0.025311403 0.0119715417
    endloop
  endfacet
  facet normal 0.965909123 0.236669719 0.104914352
    outer loop
      vertex 0.0244326629 0.0275497995 0.0114116156
      vertex 0.0249203034 0.025311403 0.0119715417
      vertex 0.0249203108 0.025868332 0.0107151316
    endloop
  endfacet
  facet normal 0.965903461 -0.236693144 -0.104913287
    outer loop
      vertex 0.0249203108 0.025868332 0.0107151316
      vertex 0.0249203034 0.025311403 0.0119715417
      vertex 0.0244326163 0.023666149 0.0111933919
    endloop
  endfacet
  facet normal 0.96590358 -0.236693129 -0.104912922
    outer loop
      vertex 0.0249203108 0.025868332 0.0107151316
      vertex 0.0244326163 0.023666149 0.0111933919
      vertex 0.0244326238 0.0241868775 0.0100186495
    endloop
  endfacet
  facet normal 0.706992507 -0.646549881 -0.286591947
    outer loop
      vertex 0.0244326238 0.0241868775 0.0100186495
      vertex 0.0244326163 0.023666149 0.0111933919
      vertex 0.02310027 0.0224617515 0.0106237466
    endloop
  endfacet
  facet normal 0.706992447 -0.64654994 -0.286592036
    outer loop
      vertex 0.0244326238 0.0241868775 0.0100186495
      vertex 0.02310027 0.0224617515 0.0106237466
      vertex 0.0231002755 0.0229559783 0.00950878765
    endloop
  endfacet
  facet normal 0.258735836 -0.883079827 -0.39144069
    outer loop
      vertex 0.0231002755 0.0229559783 0.00950878765
      vertex 0.02310027 0.0224617515 0.0106237466
      vertex 0.0212802645 0.0220209267 0.0104152421
    endloop
  endfacet
  facet normal 0.258735359 -0.883079648 -0.391441345
    outer loop
      vertex 0.0231002755 0.0229559783 0.00950878765
      vertex 0.0212802645 0.0220209267 0.0104152421
      vertex 0.0212802701 0.0225054547 0.00932216551
    endloop
  endfacet
  facet normal -0.258756727 -0.883073449 -0.391441286
    outer loop
      vertex 0.0212802701 0.0225054547 0.00932216551
      vertex 0.0212802645 0.0220209267 0.0104152421
      vertex 0.0194602702 0.0224617943 0.0106237466
    endloop
  endfacet
  facet normal -0.25875625 -0.883073807 -0.39144066
    outer loop
      vertex 0.0212802701 0.0225054547 0.00932216551
      vertex 0.0194602702 0.0224617943 0.0106237466
      vertex 0.0194602758 0.0229560211 0.00950878765
    endloop
  endfacet
  facet normal -0.707008123 -0.646532953 -0.286591619
    outer loop
      vertex 0.0194602758 0.0229560211 0.00950878765
      vertex 0.0194602702 0.0224617943 0.0106237466
      vertex 0.0181279518 0.0236662254 0.0111933919
    endloop
  endfacet
  facet normal -0.707008421 -0.646532416 -0.286592066
    outer loop
      vertex 0.0194602758 0.0229560211 0.00950878765
      vertex 0.0181279518 0.0236662254 0.0111933919
      vertex 0.0181279574 0.0241869539 0.0100186495
    endloop
  endfacet
  facet normal -0.965909123 -0.236670136 -0.104913451
    outer loop
      vertex 0.0181279574 0.0241869539 0.0100186495
      vertex 0.0181279518 0.0236662254 0.0111933919
      vertex 0.0176403038 0.0253114905 0.0119715426
    endloop
  endfacet
  facet normal -0.965909302 -0.236669138 -0.104914077
    outer loop
      vertex 0.0181279574 0.0241869539 0.0100186495
      vertex 0.0176403038 0.0253114905 0.0119715426
      vertex 0.0176403113 0.0258684196 0.0107151326
    endloop
  endfacet
  facet normal -0.96590358 0.23669298 0.104913197
    outer loop
      vertex 0.0176403113 0.0258684196 0.0107151326
      vertex 0.0176403038 0.0253114905 0.0119715426
      vertex 0.0181279909 0.0269567464 0.0127496924
    endloop
  endfacet
  facet normal -0.96590358 0.236692518 0.104913421
    outer loop
      vertex 0.0176403113 0.0258684196 0.0107151326
      vertex 0.0181279909 0.0269567464 0.0127496924
      vertex 0.0181279983 0.0275498759 0.0114116166
    endloop
  endfacet
  facet normal -0.706991971 0.646550119 0.286592662
    outer loop
      vertex 0.0181279983 0.0275498759 0.0114116166
      vertex 0.0181279909 0.0269567464 0.0127496924
      vertex 0.0194603391 0.0281611439 0.0133193377
    endloop
  endfacet
  facet normal -0.706991792 0.646550238 0.286592513
    outer loop
      vertex 0.0181279983 0.0275498759 0.0114116166
      vertex 0.0194603391 0.0281611439 0.0133193377
      vertex 0.0194603465 0.0287807733 0.0119214775
    endloop
  endfacet
  facet normal -0.258735806 0.883079588 0.391441226
    outer loop
      vertex 0.0194603465 0.0287807733 0.0119214775
      vertex 0.0194603391 0.0281611439 0.0133193377
      vertex 0.0212803446 0.0286019687 0.0135278422
    endloop
  endfacet
  facet normal -0.258736044 0.88307935 0.391441464
    outer loop
      vertex 0.0194603465 0.0287807733 0.0119214775
      vertex 0.0212803446 0.0286019687 0.0135278422
      vertex 0.021280352 0.0292312987 0.0121080987
    endloop
  endfacet
  facet normal 0.258756965 0.862803102 0.434299082
    outer loop
      vertex 0.0212803446 0.0286019687 0.0135278422
      vertex 0.0212803353 0.0279037394 0.0149149895
      vertex 0.0231003296 0.0274736322 0.0146851055
    endloop
  endfacet
  facet normal 0.258756459 0.862802923 0.434299678
    outer loop
      vertex 0.0212803446 0.0286019687 0.0135278422
      vertex 0.0231003296 0.0274736322 0.0146851055
      vertex 0.0231003389 0.028161101 0.0133193377
    endloop
  endfacet
  facet normal 0.707008183 0.631691277 0.317971051
    outer loop
      vertex 0.0231003389 0.028161101 0.0133193377
      vertex 0.0231003296 0.0274736322 0.0146851055
      vertex 0.024432648 0.026298603 0.0140570477
    endloop
  endfacet
  facet normal 0.707008004 0.631691337 0.317971259
    outer loop
      vertex 0.0231003389 0.028161101 0.0133193377
      vertex 0.024432648 0.026298603 0.0140570477
      vertex 0.0244326573 0.02695667 0.0127496915
    endloop
  endfacet
  facet normal 0.965909123 0.231236324 0.116401315
    outer loop
      vertex 0.0244326573 0.02695667 0.0127496915
      vertex 0.024432648 0.026298603 0.0140570477
      vertex 0.0249202959 0.0246935003 0.0131991059
    endloop
  endfacet
  facet normal 0.965909302 0.231236115 0.116400145
    outer loop
      vertex 0.0244326573 0.02695667 0.0127496915
      vertex 0.0249202959 0.0246935003 0.0131991059
      vertex 0.0249203034 0.025311403 0.0119715417
    endloop
  endfacet
  facet normal 0.965903699 -0.231259614 -0.116400227
    outer loop
      vertex 0.0249203034 0.025311403 0.0119715417
      vertex 0.0249202959 0.0246935003 0.0131991059
      vertex 0.0244326107 0.0230884105 0.012341165
    endloop
  endfacet
  facet normal 0.965903521 -0.231259763 -0.116401307
    outer loop
      vertex 0.0249203034 0.025311403 0.0119715417
      vertex 0.0244326107 0.0230884105 0.012341165
      vertex 0.0244326163 0.023666149 0.0111933919
    endloop
  endfacet
  facet normal 0.706992626 -0.631708622 -0.317970932
    outer loop
      vertex 0.0244326163 0.023666149 0.0111933919
      vertex 0.0244326107 0.0230884105 0.012341165
      vertex 0.0231002625 0.021913413 0.0117131071
    endloop
  endfacet
  facet normal 0.706992626 -0.631708741 -0.317970961
    outer loop
      vertex 0.0244326163 0.023666149 0.0111933919
      vertex 0.0231002625 0.021913413 0.0117131071
      vertex 0.02310027 0.0224617515 0.0106237466
    endloop
  endfacet
  facet normal 0.258735269 -0.862809062 -0.434300214
    outer loop
      vertex 0.02310027 0.0224617515 0.0106237466
      vertex 0.0231002625 0.021913413 0.0117131071
      vertex 0.0212802589 0.0214833524 0.0114832222
    endloop
  endfacet
  facet normal 0.258736074 -0.86280942 -0.434299022
    outer loop
      vertex 0.02310027 0.0224617515 0.0106237466
      vertex 0.0212802589 0.0214833524 0.0114832222
      vertex 0.0212802645 0.0220209267 0.0104152421
    endloop
  endfacet
  facet normal -0.258755207 -0.862803698 -0.434298843
    outer loop
      vertex 0.0212802645 0.0220209267 0.0104152421
      vertex 0.0212802589 0.0214833524 0.0114832222
      vertex 0.0194602627 0.0219134558 0.0117131071
    endloop
  endfacet
  facet normal -0.258756459 -0.862802565 -0.434300423
    outer loop
      vertex 0.0212802645 0.0220209267 0.0104152421
      vertex 0.0194602627 0.0219134558 0.0117131071
      vertex 0.0194602702 0.0224617943 0.0106237466
    endloop
  endfacet
  facet normal -0.7070086 -0.631690621 -0.317971468
    outer loop
      vertex 0.0194602702 0.0224617943 0.0106237466
      vertex 0.0194602627 0.0219134558 0.0117131071
      vertex 0.0181279443 0.0230884869 0.012341165
    endloop
  endfacet
  facet normal -0.707007885 -0.631691813 -0.317970455
    outer loop
      vertex 0.0194602702 0.0224617943 0.0106237466
      vertex 0.0181279443 0.0230884869 0.012341165
      vertex 0.0181279518 0.0236662254 0.0111933919
    endloop
  endfacet
  facet normal -0.965909064 -0.23123686 -0.116400734
    outer loop
      vertex 0.0181279518 0.0236662254 0.0111933919
      vertex 0.0181279443 0.0230884869 0.012341165
      vertex 0.0176402964 0.0246935878 0.0131991068
    endloop
  endfacet
  facet normal -0.965909123 -0.231237128 -0.116400637
    outer loop
      vertex 0.0181279518 0.0236662254 0.0111933919
      vertex 0.0176402964 0.0246935878 0.0131991068
      vertex 0.0176403038 0.0253114905 0.0119715426
    endloop
  endfacet
  facet normal -0.96590358 0.231260195 0.116400525
    outer loop
      vertex 0.0176403038 0.0253114905 0.0119715426
      vertex 0.0176402964 0.0246935878 0.0131991068
      vertex 0.0181279834 0.0262986794 0.0140570486
    endloop
  endfacet
  facet normal -0.96590364 0.231259763 0.116400741
    outer loop
      vertex 0.0176403038 0.0253114905 0.0119715426
      vertex 0.0181279834 0.0262986794 0.0140570486
      vertex 0.0181279909 0.0269567464 0.0127496924
    endloop
  endfacet
  facet normal -0.706992507 0.631708741 0.317970991
    outer loop
      vertex 0.0181279909 0.0269567464 0.0127496924
      vertex 0.0181279834 0.0262986794 0.0140570486
      vertex 0.0194603298 0.0274736751 0.0146851055
    endloop
  endfacet
  facet normal -0.706992209 0.631709456 0.317970574
    outer loop
      vertex 0.0181279909 0.0269567464 0.0127496924
      vertex 0.0194603298 0.0274736751 0.0146851055
      vertex 0.0194603391 0.0281611439 0.0133193377
    endloop
  endfacet
  facet normal -0.258736461 0.862809122 0.43429926
    outer loop
      vertex 0.0194603391 0.0281611439 0.0133193377
      vertex 0.0194603298 0.0274736751 0.0146851055
      vertex 0.0212803353 0.0279037394 0.0149149895
    endloop
  endfacet
  facet normal -0.258736044 0.86280942 0.434298813
    outer loop
      vertex 0.0194603391 0.0281611439 0.0133193377
      vertex 0.0212803353 0.0279037394 0.0149149895
      vertex 0.0212803446 0.0286019687 0.0135278422
    endloop
  endfacet
  facet normal 0.258755594 0.840453207 0.47611329
    outer loop
      vertex 0.0212803353 0.0279037394 0.0149149895
      vertex 0.0212803259 0.0271382835 0.0162662063
      vertex 0.0231003221 0.0267199762 0.0160154961
    endloop
  endfacet
  facet normal 0.258756667 0.840453684 0.476111978
    outer loop
      vertex 0.0212803353 0.0279037394 0.0149149895
      vertex 0.0231003221 0.0267199762 0.0160154961
      vertex 0.0231003296 0.0274736322 0.0146851055
    endloop
  endfacet
  facet normal 0.707008481 0.615328312 0.348582715
    outer loop
      vertex 0.0231003296 0.0274736322 0.0146851055
      vertex 0.0231003221 0.0267199762 0.0160154961
      vertex 0.0244326405 0.0255771782 0.0153305382
    endloop
  endfacet
  facet normal 0.707007945 0.615328312 0.348584026
    outer loop
      vertex 0.0231003296 0.0274736322 0.0146851055
      vertex 0.0244326405 0.0255771782 0.0153305382
      vertex 0.024432648 0.026298603 0.0140570477
    endloop
  endfacet
  facet normal 0.965909064 0.225246832 0.127606645
    outer loop
      vertex 0.024432648 0.026298603 0.0140570477
      vertex 0.0244326405 0.0255771782 0.0153305382
      vertex 0.0249202885 0.0240161065 0.0143948728
    endloop
  endfacet
  facet normal 0.965909064 0.225246847 0.127606809
    outer loop
      vertex 0.024432648 0.026298603 0.0140570477
      vertex 0.0249202885 0.0240161065 0.0143948728
      vertex 0.0249202959 0.0246935003 0.0131991059
    endloop
  endfacet
  facet normal 0.965903819 -0.225269228 -0.12760745
    outer loop
      vertex 0.0249202959 0.0246935003 0.0131991059
      vertex 0.0249202885 0.0240161065 0.0143948728
      vertex 0.0244326033 0.022455046 0.0134592056
    endloop
  endfacet
  facet normal 0.965903819 -0.225269213 -0.127607465
    outer loop
      vertex 0.0249202959 0.0246935003 0.0131991059
      vertex 0.0244326033 0.022455046 0.0134592056
      vertex 0.0244326107 0.0230884105 0.012341165
    endloop
  endfacet
  facet normal 0.706992686 -0.61534524 -0.348585337
    outer loop
      vertex 0.0244326107 0.0230884105 0.012341165
      vertex 0.0244326033 0.022455046 0.0134592056
      vertex 0.0231002569 0.0213122834 0.0127742495
    endloop
  endfacet
  facet normal 0.706992865 -0.61534524 -0.34858492
    outer loop
      vertex 0.0244326107 0.0230884105 0.012341165
      vertex 0.0231002569 0.0213122834 0.0127742495
      vertex 0.0231002625 0.021913413 0.0117131071
    endloop
  endfacet
  facet normal 0.258735836 -0.840459466 -0.476112962
    outer loop
      vertex 0.0231002625 0.021913413 0.0117131071
      vertex 0.0231002569 0.0213122834 0.0127742495
      vertex 0.0212802514 0.0208940189 0.0125235394
    endloop
  endfacet
  facet normal 0.258735567 -0.840459347 -0.476113439
    outer loop
      vertex 0.0231002625 0.021913413 0.0117131071
      vertex 0.0212802514 0.0208940189 0.0125235394
      vertex 0.0212802589 0.0214833524 0.0114832222
    endloop
  endfacet
  facet normal -0.258755803 -0.840453029 -0.476113498
    outer loop
      vertex 0.0212802589 0.0214833524 0.0114832222
      vertex 0.0212802514 0.0208940189 0.0125235394
      vertex 0.0194602571 0.0213123262 0.0127742495
    endloop
  endfacet
  facet normal -0.258755028 -0.840453923 -0.476112515
    outer loop
      vertex 0.0212802589 0.0214833524 0.0114832222
      vertex 0.0194602571 0.0213123262 0.0127742495
      vertex 0.0194602627 0.0219134558 0.0117131071
    endloop
  endfacet
  facet normal -0.707007408 -0.615329325 -0.3485834
    outer loop
      vertex 0.0194602627 0.0219134558 0.0117131071
      vertex 0.0194602571 0.0213123262 0.0127742495
      vertex 0.0181279369 0.0224551223 0.0134592056
    endloop
  endfacet
  facet normal -0.707008362 -0.615327418 -0.348584682
    outer loop
      vertex 0.0194602627 0.0219134558 0.0117131071
      vertex 0.0181279369 0.0224551223 0.0134592056
      vertex 0.0181279443 0.0230884869 0.012341165
    endloop
  endfacet
  facet normal -0.965909123 -0.22524628 -0.127607346
    outer loop
      vertex 0.0181279443 0.0230884869 0.012341165
      vertex 0.0181279369 0.0224551223 0.0134592056
      vertex 0.0176402889 0.024016194 0.0143948728
    endloop
  endfacet
  facet normal -0.965909004 -0.225247025 -0.127607003
    outer loop
      vertex 0.0181279443 0.0230884869 0.012341165
      vertex 0.0176402889 0.024016194 0.0143948728
      vertex 0.0176402964 0.0246935878 0.0131991068
    endloop
  endfacet
  facet normal -0.965903699 0.225269213 0.127607539
    outer loop
      vertex 0.0176402964 0.0246935878 0.0131991068
      vertex 0.0176402889 0.024016194 0.0143948728
      vertex 0.0181279741 0.0255772546 0.0153305391
    endloop
  endfacet
  facet normal -0.96590364 0.225270122 0.127607137
    outer loop
      vertex 0.0176402964 0.0246935878 0.0131991068
      vertex 0.0181279741 0.0255772546 0.0153305391
      vertex 0.0181279834 0.0262986794 0.0140570486
    endloop
  endfacet
  facet normal -0.706993163 0.61534518 0.348584235
    outer loop
      vertex 0.0181279834 0.0262986794 0.0140570486
      vertex 0.0181279741 0.0255772546 0.0153305391
      vertex 0.0194603205 0.0267200191 0.0160154961
    endloop
  endfacet
  facet normal -0.706992805 0.615345836 0.348583758
    outer loop
      vertex 0.0181279834 0.0262986794 0.0140570486
      vertex 0.0194603205 0.0267200191 0.0160154961
      vertex 0.0194603298 0.0274736751 0.0146851055
    endloop
  endfacet
  facet normal -0.258735836 0.840459943 0.476112276
    outer loop
      vertex 0.0194603298 0.0274736751 0.0146851055
      vertex 0.0194603205 0.0267200191 0.0160154961
      vertex 0.0212803259 0.0271382835 0.0162662063
    endloop
  endfacet
  facet normal -0.25873673 0.840459228 0.476113111
    outer loop
      vertex 0.0194603298 0.0274736751 0.0146851055
      vertex 0.0212803259 0.0271382835 0.0162662063
      vertex 0.0212803353 0.0279037394 0.0149149895
    endloop
  endfacet
  facet normal 0.258755624 0.816079378 0.516778409
    outer loop
      vertex 0.0212803259 0.0271382835 0.0162662063
      vertex 0.0212803166 0.0263074469 0.0175782405
      vertex 0.0231003109 0.0259019453 0.0173073076
    endloop
  endfacet
  facet normal 0.258755267 0.816079199 0.516778886
    outer loop
      vertex 0.0212803259 0.0271382835 0.0162662063
      vertex 0.0231003109 0.0259019453 0.0173073076
      vertex 0.0231003221 0.0267199762 0.0160154961
    endloop
  endfacet
  facet normal 0.707007527 0.597482622 0.378357947
    outer loop
      vertex 0.0231003221 0.0267199762 0.0160154961
      vertex 0.0231003109 0.0259019453 0.0173073076
      vertex 0.0244326312 0.0247941334 0.0165671036
    endloop
  endfacet
  facet normal 0.707008421 0.5974828 0.378356308
    outer loop
      vertex 0.0231003221 0.0267199762 0.0160154961
      vertex 0.0244326312 0.0247941334 0.0165671036
      vertex 0.0244326405 0.0255771782 0.0153305382
    endloop
  endfacet
  facet normal 0.965909123 0.218713686 0.138505891
    outer loop
      vertex 0.0244326405 0.0255771782 0.0153305382
      vertex 0.0244326312 0.0247941334 0.0165671036
      vertex 0.0249202792 0.0232808534 0.0155559657
    endloop
  endfacet
  facet normal 0.965909064 0.218713745 0.138506532
    outer loop
      vertex 0.0244326405 0.0255771782 0.0153305382
      vertex 0.0249202792 0.0232808534 0.0155559657
      vertex 0.0249202885 0.0240161065 0.0143948728
    endloop
  endfacet
  facet normal 0.965903759 -0.218737304 -0.138505965
    outer loop
      vertex 0.0249202885 0.0240161065 0.0143948728
      vertex 0.0249202792 0.0232808534 0.0155559657
      vertex 0.024432594 0.0217675846 0.0145448279
    endloop
  endfacet
  facet normal 0.965903878 -0.218737304 -0.138505295
    outer loop
      vertex 0.0249202885 0.0240161065 0.0143948728
      vertex 0.024432594 0.0217675846 0.0145448279
      vertex 0.0244326033 0.022455046 0.0134592056
    endloop
  endfacet
  facet normal 0.706993043 -0.597500741 -0.378356367
    outer loop
      vertex 0.0244326033 0.022455046 0.0134592056
      vertex 0.024432594 0.0217675846 0.0145448279
      vertex 0.0231002476 0.0206598062 0.0138046229
    endloop
  endfacet
  facet normal 0.706992865 -0.597500741 -0.378356963
    outer loop
      vertex 0.0244326033 0.022455046 0.0134592056
      vertex 0.0231002476 0.0206598062 0.0138046229
      vertex 0.0231002569 0.0213122834 0.0127742495
    endloop
  endfacet
  facet normal 0.258735657 -0.816085696 -0.516778529
    outer loop
      vertex 0.0231002569 0.0213122834 0.0127742495
      vertex 0.0231002476 0.0206598062 0.0138046229
      vertex 0.021280244 0.0202543493 0.01353369
    endloop
  endfacet
  facet normal 0.258736134 -0.816085935 -0.516777873
    outer loop
      vertex 0.0231002569 0.0213122834 0.0127742495
      vertex 0.021280244 0.0202543493 0.01353369
      vertex 0.0212802514 0.0208940189 0.0125235394
    endloop
  endfacet
  facet normal -0.258754581 -0.816080034 -0.516777873
    outer loop
      vertex 0.0212802514 0.0208940189 0.0125235394
      vertex 0.021280244 0.0202543493 0.01353369
      vertex 0.0194602478 0.020659849 0.0138046229
    endloop
  endfacet
  facet normal -0.258755535 -0.81607908 -0.516779065
    outer loop
      vertex 0.0212802514 0.0208940189 0.0125235394
      vertex 0.0194602478 0.020659849 0.0138046229
      vertex 0.0194602571 0.0213123262 0.0127742495
    endloop
  endfacet
  facet normal -0.707008123 -0.597481966 -0.378357917
    outer loop
      vertex 0.0194602571 0.0213123262 0.0127742495
      vertex 0.0194602478 0.020659849 0.0138046229
      vertex 0.0181279294 0.021767661 0.0145448279
    endloop
  endfacet
  facet normal -0.707007229 -0.597483933 -0.378356636
    outer loop
      vertex 0.0194602571 0.0213123262 0.0127742495
      vertex 0.0181279294 0.021767661 0.0145448279
      vertex 0.0181279369 0.0224551223 0.0134592056
    endloop
  endfacet
  facet normal -0.965908885 -0.218714759 -0.138505936
    outer loop
      vertex 0.0181279369 0.0224551223 0.0134592056
      vertex 0.0181279294 0.021767661 0.0145448279
      vertex 0.0176402796 0.0232809409 0.0155559657
    endloop
  endfacet
  facet normal -0.965909064 -0.218713611 -0.138506457
    outer loop
      vertex 0.0181279369 0.0224551223 0.0134592056
      vertex 0.0176402796 0.0232809409 0.0155559657
      vertex 0.0176402889 0.024016194 0.0143948728
    endloop
  endfacet
  facet normal -0.965903759 0.218737319 0.138505965
    outer loop
      vertex 0.0176402889 0.024016194 0.0143948728
      vertex 0.0176402796 0.0232809409 0.0155559657
      vertex 0.0181279648 0.0247942097 0.0165671036
    endloop
  endfacet
  facet normal -0.965903819 0.218736842 0.138506129
    outer loop
      vertex 0.0176402889 0.024016194 0.0143948728
      vertex 0.0181279648 0.0247942097 0.0165671036
      vertex 0.0181279741 0.0255772546 0.0153305391
    endloop
  endfacet
  facet normal -0.706993401 0.597500086 0.378356934
    outer loop
      vertex 0.0181279741 0.0255772546 0.0153305391
      vertex 0.0181279648 0.0247942097 0.0165671036
      vertex 0.0194603112 0.02590199 0.0173073076
    endloop
  endfacet
  facet normal -0.706993461 0.597500086 0.378356963
    outer loop
      vertex 0.0181279741 0.0255772546 0.0153305391
      vertex 0.0194603112 0.02590199 0.0173073076
      vertex 0.0194603205 0.0267200191 0.0160154961
    endloop
  endfacet
  facet normal -0.258735418 0.816086113 0.516777992
    outer loop
      vertex 0.0194603205 0.0267200191 0.0160154961
      vertex 0.0194603112 0.02590199 0.0173073076
      vertex 0.0212803166 0.0263074469 0.0175782405
    endloop
  endfacet
  facet normal -0.258736104 0.816085517 0.516778588
    outer loop
      vertex 0.0194603205 0.0267200191 0.0160154961
      vertex 0.0212803166 0.0263074469 0.0175782405
      vertex 0.0212803259 0.0271382835 0.0162662063
    endloop
  endfacet
  facet normal 0.258755714 0.789739847 0.55619818
    outer loop
      vertex 0.0212803166 0.0263074469 0.0175782405
      vertex 0.0212803055 0.0254132338 0.0188479293
      vertex 0.0231003016 0.0250215139 0.0185574256
    endloop
  endfacet
  facet normal 0.258755326 0.789739609 0.556198657
    outer loop
      vertex 0.0212803166 0.0263074469 0.0175782405
      vertex 0.0231003016 0.0250215139 0.0185574256
      vertex 0.0231003109 0.0259019453 0.0173073076
    endloop
  endfacet
  facet normal 0.707007408 0.578198731 0.407218307
    outer loop
      vertex 0.0231003109 0.0259019453 0.0173073076
      vertex 0.0231003016 0.0250215139 0.0185574256
      vertex 0.02443262 0.0239513591 0.0177637562
    endloop
  endfacet
  facet normal 0.707007349 0.578198791 0.407218426
    outer loop
      vertex 0.0231003109 0.0259019453 0.0173073076
      vertex 0.02443262 0.0239513591 0.0177637562
      vertex 0.0244326312 0.0247941334 0.0165671036
    endloop
  endfacet
  facet normal 0.965908945 0.211654082 0.149072006
    outer loop
      vertex 0.0244326312 0.0247941334 0.0165671036
      vertex 0.02443262 0.0239513591 0.0177637562
      vertex 0.0249202698 0.0224895142 0.0166795831
    endloop
  endfacet
  facet normal 0.965909064 0.211654082 0.149071366
    outer loop
      vertex 0.0244326312 0.0247941334 0.0165671036
      vertex 0.0249202698 0.0224895142 0.0166795831
      vertex 0.0249202792 0.0232808534 0.0155559657
    endloop
  endfacet
  facet normal 0.965903819 -0.2116777 -0.149071977
    outer loop
      vertex 0.0249202792 0.0232808534 0.0155559657
      vertex 0.0249202698 0.0224895142 0.0166795831
      vertex 0.0244325846 0.0210276823 0.01559541
    endloop
  endfacet
  facet normal 0.965903878 -0.211677685 -0.149071455
    outer loop
      vertex 0.0249202792 0.0232808534 0.0155559657
      vertex 0.0244325846 0.0210276823 0.01559541
      vertex 0.024432594 0.0217675846 0.0145448279
    endloop
  endfacet
  facet normal 0.706993997 -0.578215241 -0.407218188
    outer loop
      vertex 0.024432594 0.0217675846 0.0145448279
      vertex 0.0244325846 0.0210276823 0.01559541
      vertex 0.0231002402 0.0199575573 0.0148017397
    endloop
  endfacet
  facet normal 0.706993401 -0.578215003 -0.407219619
    outer loop
      vertex 0.024432594 0.0217675846 0.0145448279
      vertex 0.0231002402 0.0199575573 0.0148017397
      vertex 0.0231002476 0.0206598062 0.0138046229
    endloop
  endfacet
  facet normal 0.258736104 -0.789745331 -0.556199491
    outer loop
      vertex 0.0231002476 0.0206598062 0.0138046229
      vertex 0.0231002402 0.0199575573 0.0148017397
      vertex 0.0212802347 0.0195658822 0.0145112369
    endloop
  endfacet
  facet normal 0.258735955 -0.789745212 -0.55619967
    outer loop
      vertex 0.0231002476 0.0206598062 0.0138046229
      vertex 0.0212802347 0.0195658822 0.0145112369
      vertex 0.021280244 0.0202543493 0.01353369
    endloop
  endfacet
  facet normal -0.258754969 -0.789738774 -0.556200087
    outer loop
      vertex 0.021280244 0.0202543493 0.01353369
      vertex 0.0212802347 0.0195658822 0.0145112369
      vertex 0.0194602404 0.0199576002 0.0148017397
    endloop
  endfacet
  facet normal -0.258754313 -0.789739549 -0.556199372
    outer loop
      vertex 0.021280244 0.0202543493 0.01353369
      vertex 0.0194602404 0.0199576002 0.0148017397
      vertex 0.0194602478 0.020659849 0.0138046229
    endloop
  endfacet
  facet normal -0.707007766 -0.578198135 -0.407218367
    outer loop
      vertex 0.0194602478 0.020659849 0.0138046229
      vertex 0.0194602404 0.0199576002 0.0148017397
      vertex 0.0181279201 0.0210277587 0.01559541
    endloop
  endfacet
  facet normal -0.707008004 -0.578197896 -0.407218546
    outer loop
      vertex 0.0194602478 0.020659849 0.0138046229
      vertex 0.0181279201 0.0210277587 0.01559541
      vertex 0.0181279294 0.021767661 0.0145448279
    endloop
  endfacet
  facet normal -0.965908885 -0.211654261 -0.149072081
    outer loop
      vertex 0.0181279294 0.021767661 0.0145448279
      vertex 0.0181279201 0.0210277587 0.01559541
      vertex 0.0176402703 0.0224896017 0.0166795831
    endloop
  endfacet
  facet normal -0.965908766 -0.211654797 -0.149071872
    outer loop
      vertex 0.0181279294 0.021767661 0.0145448279
      vertex 0.0176402703 0.0224896017 0.0166795831
      vertex 0.0176402796 0.0232809409 0.0155559657
    endloop
  endfacet
  facet normal -0.965903819 0.2116777 0.149071962
    outer loop
      vertex 0.0176402796 0.0232809409 0.0155559657
      vertex 0.0176402703 0.0224896017 0.0166795831
      vertex 0.0181279555 0.0239514336 0.0177637562
    endloop
  endfacet
  facet normal -0.965903938 0.211677253 0.149072111
    outer loop
      vertex 0.0176402796 0.0232809409 0.0155559657
      vertex 0.0181279555 0.0239514336 0.0177637562
      vertex 0.0181279648 0.0247942097 0.0165671036
    endloop
  endfacet
  facet normal -0.706993401 0.57821542 0.407218933
    outer loop
      vertex 0.0181279648 0.0247942097 0.0165671036
      vertex 0.0181279555 0.0239514336 0.0177637562
      vertex 0.0194603018 0.0250215586 0.0185574256
    endloop
  endfacet
  facet normal -0.706993639 0.578214943 0.407219172
    outer loop
      vertex 0.0181279648 0.0247942097 0.0165671036
      vertex 0.0194603018 0.0250215586 0.0185574256
      vertex 0.0194603112 0.02590199 0.0173073076
    endloop
  endfacet
  facet normal -0.25873664 0.789745569 0.556198955
    outer loop
      vertex 0.0194603112 0.02590199 0.0173073076
      vertex 0.0194603018 0.0250215586 0.0185574256
      vertex 0.0212803055 0.0254132338 0.0188479293
    endloop
  endfacet
  facet normal -0.258735746 0.789746344 0.55619818
    outer loop
      vertex 0.0194603112 0.02590199 0.0173073076
      vertex 0.0212803055 0.0254132338 0.0188479293
      vertex 0.0212803166 0.0263074469 0.0175782405
    endloop
  endfacet
  facet normal 0.258755118 0.761496007 0.594280839
    outer loop
      vertex 0.0212803055 0.0254132338 0.0188479293
      vertex 0.0212802943 0.0244577993 0.0200722031
      vertex 0.0231002904 0.0240808055 0.0197628308
    endloop
  endfacet
  facet normal 0.258755386 0.761496127 0.594280422
    outer loop
      vertex 0.0212803055 0.0254132338 0.0188479293
      vertex 0.0231002904 0.0240808055 0.0197628308
      vertex 0.0231003016 0.0250215139 0.0185574256
    endloop
  endfacet
  facet normal 0.707006812 0.557520509 0.435100287
    outer loop
      vertex 0.0231003016 0.0250215139 0.0185574256
      vertex 0.0231002904 0.0240808055 0.0197628308
      vertex 0.0244326107 0.0230508838 0.0189176071
    endloop
  endfacet
  facet normal 0.70700717 0.557520568 0.435099632
    outer loop
      vertex 0.0231003016 0.0250215139 0.0185574256
      vertex 0.0244326107 0.0230508838 0.0189176071
      vertex 0.02443262 0.0239513591 0.0177637562
    endloop
  endfacet
  facet normal 0.965909004 0.204084799 0.159277335
    outer loop
      vertex 0.02443262 0.0239513591 0.0177637562
      vertex 0.0244326107 0.0230508838 0.0189176071
      vertex 0.0249202605 0.0216439962 0.0177630112
    endloop
  endfacet
  facet normal 0.965908825 0.204084769 0.159278095
    outer loop
      vertex 0.02443262 0.0239513591 0.0177637562
      vertex 0.0249202605 0.0216439962 0.0177630112
      vertex 0.0249202698 0.0224895142 0.0166795831
    endloop
  endfacet
  facet normal 0.965903699 -0.204107881 -0.159279495
    outer loop
      vertex 0.0249202698 0.0224895142 0.0166795831
      vertex 0.0249202605 0.0216439962 0.0177630112
      vertex 0.0244325753 0.0202371236 0.016608417
    endloop
  endfacet
  facet normal 0.965903878 -0.204107925 -0.159278587
    outer loop
      vertex 0.0249202698 0.0224895142 0.0166795831
      vertex 0.0244325753 0.0202371236 0.016608417
      vertex 0.0244325846 0.0210276823 0.01559541
    endloop
  endfacet
  facet normal 0.706993997 -0.557537019 -0.4350999
    outer loop
      vertex 0.0244325846 0.0210276823 0.01559541
      vertex 0.0244325753 0.0202371236 0.016608417
      vertex 0.0231002308 0.0192072317 0.0157631934
    endloop
  endfacet
  facet normal 0.706994295 -0.557537198 -0.435099304
    outer loop
      vertex 0.0244325846 0.0210276823 0.01559541
      vertex 0.0231002308 0.0192072317 0.0157631934
      vertex 0.0231002402 0.0199575573 0.0148017397
    endloop
  endfacet
  facet normal 0.258736938 -0.761502802 -0.594279945
    outer loop
      vertex 0.0231002402 0.0199575573 0.0148017397
      vertex 0.0231002308 0.0192072317 0.0157631934
      vertex 0.0212802272 0.0188302826 0.0154538201
    endloop
  endfacet
  facet normal 0.258736461 -0.761502445 -0.594280601
    outer loop
      vertex 0.0231002402 0.0199575573 0.0148017397
      vertex 0.0212802272 0.0188302826 0.0154538201
      vertex 0.0212802347 0.0195658822 0.0145112369
    endloop
  endfacet
  facet normal -0.258754671 -0.761496663 -0.594280183
    outer loop
      vertex 0.0212802347 0.0195658822 0.0145112369
      vertex 0.0212802272 0.0188302826 0.0154538201
      vertex 0.0194602311 0.0192072745 0.0157631934
    endloop
  endfacet
  facet normal -0.258754641 -0.761496663 -0.594280124
    outer loop
      vertex 0.0212802347 0.0195658822 0.0145112369
      vertex 0.0194602311 0.0192072745 0.0157631934
      vertex 0.0194602404 0.0199576002 0.0148017397
    endloop
  endfacet
  facet normal -0.707007587 -0.557520032 -0.435099632
    outer loop
      vertex 0.0194602404 0.0199576002 0.0148017397
      vertex 0.0194602311 0.0192072745 0.0157631934
      vertex 0.0181279108 0.0202372 0.016608417
    endloop
  endfacet
  facet normal -0.707007587 -0.557520092 -0.435099632
    outer loop
      vertex 0.0194602404 0.0199576002 0.0148017397
      vertex 0.0181279108 0.0202372 0.016608417
      vertex 0.0181279201 0.0210277587 0.01559541
    endloop
  endfacet
  facet normal -0.965908825 -0.204084754 -0.159278244
    outer loop
      vertex 0.0181279201 0.0210277587 0.01559541
      vertex 0.0181279108 0.0202372 0.016608417
      vertex 0.017640261 0.0216440838 0.0177630112
    endloop
  endfacet
  facet normal -0.965908825 -0.204084948 -0.159278214
    outer loop
      vertex 0.0181279201 0.0210277587 0.01559541
      vertex 0.017640261 0.0216440838 0.0177630112
      vertex 0.0176402703 0.0224896017 0.0166795831
    endloop
  endfacet
  facet normal -0.965904117 0.204106867 0.159278721
    outer loop
      vertex 0.0176402703 0.0224896017 0.0166795831
      vertex 0.017640261 0.0216440838 0.0177630112
      vertex 0.0181279443 0.0230509583 0.0189176071
    endloop
  endfacet
  facet normal -0.965903878 0.204108089 0.159278363
    outer loop
      vertex 0.0176402703 0.0224896017 0.0166795831
      vertex 0.0181279443 0.0230509583 0.0189176071
      vertex 0.0181279555 0.0239514336 0.0177637562
    endloop
  endfacet
  facet normal -0.706993997 0.557537019 0.43509984
    outer loop
      vertex 0.0181279555 0.0239514336 0.0177637562
      vertex 0.0181279443 0.0230509583 0.0189176071
      vertex 0.0194602888 0.0240808502 0.0197628308
    endloop
  endfacet
  facet normal -0.70699358 0.557537794 0.435099572
    outer loop
      vertex 0.0181279555 0.0239514336 0.0177637562
      vertex 0.0194602888 0.0240808502 0.0197628308
      vertex 0.0194603018 0.0250215586 0.0185574256
    endloop
  endfacet
  facet normal -0.258736372 0.761502624 0.594280362
    outer loop
      vertex 0.0194603018 0.0250215586 0.0185574256
      vertex 0.0194602888 0.0240808502 0.0197628308
      vertex 0.0212802943 0.0244577993 0.0200722031
    endloop
  endfacet
  facet normal -0.258736968 0.761502087 0.594280839
    outer loop
      vertex 0.0194603018 0.0250215586 0.0185574256
      vertex 0.0212802943 0.0244577993 0.0200722031
      vertex 0.0212803055 0.0254132338 0.0188479293
    endloop
  endfacet
  facet normal 0.25875476 0.731419086 0.63092953
    outer loop
      vertex 0.0212802943 0.0244577993 0.0200722031
      vertex 0.0212802812 0.0234434437 0.0212481227
      vertex 0.0231002774 0.023082085 0.020920625
    endloop
  endfacet
  facet normal 0.25875473 0.731419086 0.630929589
    outer loop
      vertex 0.0212802943 0.0244577993 0.0200722031
      vertex 0.0231002774 0.023082085 0.020920625
      vertex 0.0231002904 0.0240808055 0.0197628308
    endloop
  endfacet
  facet normal 0.707006931 0.535499096 0.461932838
    outer loop
      vertex 0.0231002904 0.0240808055 0.0197628308
      vertex 0.0231002774 0.023082085 0.020920625
      vertex 0.0244325977 0.0220948756 0.0200258847
    endloop
  endfacet
  facet normal 0.707006514 0.535498857 0.461933523
    outer loop
      vertex 0.0231002904 0.0240808055 0.0197628308
      vertex 0.0244325977 0.0220948756 0.0200258847
      vertex 0.0244326107 0.0230508838 0.0189176071
    endloop
  endfacet
  facet normal 0.965908647 0.196022838 0.169102073
    outer loop
      vertex 0.0244326107 0.0230508838 0.0189176071
      vertex 0.0244325977 0.0220948756 0.0200258847
      vertex 0.0249202494 0.0207463372 0.0188036487
    endloop
  endfacet
  facet normal 0.965908825 0.196022958 0.169100732
    outer loop
      vertex 0.0244326107 0.0230508838 0.0189176071
      vertex 0.0249202494 0.0207463372 0.0188036487
      vertex 0.0249202605 0.0216439962 0.0177630112
    endloop
  endfacet
  facet normal 0.965903997 -0.196047008 -0.169100732
    outer loop
      vertex 0.0249202605 0.0216439962 0.0177630112
      vertex 0.0249202494 0.0207463372 0.0188036487
      vertex 0.024432566 0.0193978138 0.0175814107
    endloop
  endfacet
  facet normal 0.965903878 -0.196046859 -0.169101924
    outer loop
      vertex 0.0249202605 0.0216439962 0.0177630112
      vertex 0.024432566 0.0193978138 0.0175814107
      vertex 0.0244325753 0.0202371236 0.016608417
    endloop
  endfacet
  facet normal 0.706994295 -0.535516083 -0.461932391
    outer loop
      vertex 0.0244325753 0.0202371236 0.016608417
      vertex 0.024432566 0.0193978138 0.0175814107
      vertex 0.0231002215 0.0184106342 0.0166866705
    endloop
  endfacet
  facet normal 0.706994295 -0.535516024 -0.46193254
    outer loop
      vertex 0.0244325753 0.0202371236 0.016608417
      vertex 0.0231002215 0.0184106342 0.0166866705
      vertex 0.0231002308 0.0192072317 0.0157631934
    endloop
  endfacet
  facet normal 0.258736372 -0.731425405 -0.630929768
    outer loop
      vertex 0.0231002308 0.0192072317 0.0157631934
      vertex 0.0231002215 0.0184106342 0.0166866705
      vertex 0.0212802179 0.0180493202 0.0163591746
    endloop
  endfacet
  facet normal 0.258737296 -0.731426179 -0.630928457
    outer loop
      vertex 0.0231002308 0.0192072317 0.0157631934
      vertex 0.0212802179 0.0180493202 0.0163591746
      vertex 0.0212802272 0.0188302826 0.0154538201
    endloop
  endfacet
  facet normal -0.258754134 -0.7314201 -0.630928516
    outer loop
      vertex 0.0212802272 0.0188302826 0.0154538201
      vertex 0.0212802179 0.0180493202 0.0163591746
      vertex 0.0194602218 0.018410679 0.0166866705
    endloop
  endfacet
  facet normal -0.258754343 -0.731419921 -0.630928695
    outer loop
      vertex 0.0212802272 0.0188302826 0.0154538201
      vertex 0.0194602218 0.018410679 0.0166866705
      vertex 0.0194602311 0.0192072745 0.0157631934
    endloop
  endfacet
  facet normal -0.707006872 -0.53549999 -0.461931884
    outer loop
      vertex 0.0194602311 0.0192072745 0.0157631934
      vertex 0.0194602218 0.018410679 0.0166866705
      vertex 0.0181279015 0.0193978883 0.0175814107
    endloop
  endfacet
  facet normal -0.707007289 -0.535499096 -0.461932272
    outer loop
      vertex 0.0194602311 0.0192072745 0.0157631934
      vertex 0.0181279015 0.0193978883 0.0175814107
      vertex 0.0181279108 0.0202372 0.016608417
    endloop
  endfacet
  facet normal -0.965908587 -0.196023911 -0.169100925
    outer loop
      vertex 0.0181279108 0.0202372 0.016608417
      vertex 0.0181279015 0.0193978883 0.0175814107
      vertex 0.0176402498 0.0207464248 0.0188036487
    endloop
  endfacet
  facet normal -0.965908706 -0.19602336 -0.169101074
    outer loop
      vertex 0.0181279108 0.0202372 0.016608417
      vertex 0.0176402498 0.0207464248 0.0188036487
      vertex 0.017640261 0.0216440838 0.0177630112
    endloop
  endfacet
  facet normal -0.965903997 0.196046978 0.169100717
    outer loop
      vertex 0.017640261 0.0216440838 0.0177630112
      vertex 0.0176402498 0.0207464248 0.0188036487
      vertex 0.0181279331 0.0220949501 0.0200258847
    endloop
  endfacet
  facet normal -0.965904176 0.19604601 0.16910094
    outer loop
      vertex 0.017640261 0.0216440838 0.0177630112
      vertex 0.0181279331 0.0220949501 0.0200258847
      vertex 0.0181279443 0.0230509583 0.0189176071
    endloop
  endfacet
  facet normal -0.706994355 0.535515845 0.461932689
    outer loop
      vertex 0.0181279443 0.0230509583 0.0189176071
      vertex 0.0181279331 0.0220949501 0.0200258847
      vertex 0.0194602776 0.0230821297 0.020920625
    endloop
  endfacet
  facet normal -0.706994236 0.535515964 0.4619326
    outer loop
      vertex 0.0181279443 0.0230509583 0.0189176071
      vertex 0.0194602776 0.0230821297 0.020920625
      vertex 0.0194602888 0.0240808502 0.0197628308
    endloop
  endfacet
  facet normal -0.258736938 0.731425285 0.63092953
    outer loop
      vertex 0.0194602888 0.0240808502 0.0197628308
      vertex 0.0194602776 0.0230821297 0.020920625
      vertex 0.0212802812 0.0234434437 0.0212481227
    endloop
  endfacet
  facet normal -0.25873673 0.731425583 0.63092941
    outer loop
      vertex 0.0194602888 0.0240808502 0.0197628308
      vertex 0.0212802812 0.0234434437 0.0212481227
      vertex 0.0212802943 0.0244577993 0.0200722031
    endloop
  endfacet
  facet normal 0.258754045 0.699580073 0.66605866
    outer loop
      vertex 0.0212802812 0.0234434437 0.0212481227
      vertex 0.0212802701 0.0223726053 0.0223728586
      vertex 0.0231002644 0.0220277514 0.0220280271
    endloop
  endfacet
  facet normal 0.258754402 0.699580252 0.666058242
    outer loop
      vertex 0.0212802812 0.0234434437 0.0212481227
      vertex 0.0231002644 0.0220277514 0.0220280271
      vertex 0.0231002774 0.023082085 0.020920625
    endloop
  endfacet
  facet normal 0.707006395 0.512188733 0.487652123
    outer loop
      vertex 0.0231002774 0.023082085 0.020920625
      vertex 0.0231002644 0.0220277514 0.0220280271
      vertex 0.0244325865 0.0210856348 0.0210859235
    endloop
  endfacet
  facet normal 0.707006693 0.512188852 0.487651765
    outer loop
      vertex 0.0231002774 0.023082085 0.020920625
      vertex 0.0244325865 0.0210856348 0.0210859235
      vertex 0.0244325977 0.0220948756 0.0200258847
    endloop
  endfacet
  facet normal 0.965908647 0.187490374 0.178515851
    outer loop
      vertex 0.0244325977 0.0220948756 0.0200258847
      vertex 0.0244325865 0.0210856348 0.0210859235
      vertex 0.0249202382 0.0197986942 0.0197989903
    endloop
  endfacet
  facet normal 0.965908527 0.187490314 0.178516269
    outer loop
      vertex 0.0244325977 0.0220948756 0.0200258847
      vertex 0.0249202382 0.0197986942 0.0197989903
      vertex 0.0249202494 0.0207463372 0.0188036487
    endloop
  endfacet
  facet normal 0.965904057 -0.187513217 -0.178516403
    outer loop
      vertex 0.0249202494 0.0207463372 0.0188036487
      vertex 0.0249202382 0.0197986942 0.0197989903
      vertex 0.0244325548 0.0185117647 0.0185120553
    endloop
  endfacet
  facet normal 0.965904117 -0.187513247 -0.178516239
    outer loop
      vertex 0.0249202494 0.0207463372 0.0188036487
      vertex 0.0244325548 0.0185117647 0.0185120553
      vertex 0.024432566 0.0193978138 0.0175814107
    endloop
  endfacet
  facet normal 0.706994832 -0.512204826 -0.487652093
    outer loop
      vertex 0.024432566 0.0193978138 0.0175814107
      vertex 0.0244325548 0.0185117647 0.0185120553
      vertex 0.0231002122 0.0175696779 0.0175699536
    endloop
  endfacet
  facet normal 0.706994653 -0.512204707 -0.48765254
    outer loop
      vertex 0.024432566 0.0193978138 0.0175814107
      vertex 0.0231002122 0.0175696779 0.0175699536
      vertex 0.0231002215 0.0184106342 0.0166866705
    endloop
  endfacet
  facet normal 0.258736491 -0.699585974 -0.666059196
    outer loop
      vertex 0.0231002215 0.0184106342 0.0166866705
      vertex 0.0231002122 0.0175696779 0.0175699536
      vertex 0.0212802067 0.0172248688 0.0172251221
    endloop
  endfacet
  facet normal 0.258736789 -0.699586213 -0.666058838
    outer loop
      vertex 0.0231002215 0.0184106342 0.0166866705
      vertex 0.0212802067 0.0172248688 0.0172251221
      vertex 0.0212802179 0.0180493202 0.0163591746
    endloop
  endfacet
  facet normal -0.258754015 -0.699579537 -0.666059196
    outer loop
      vertex 0.0212802179 0.0180493202 0.0163591746
      vertex 0.0212802067 0.0172248688 0.0172251221
      vertex 0.0194602124 0.0175697226 0.0175699536
    endloop
  endfacet
  facet normal -0.258753747 -0.699580014 -0.666058898
    outer loop
      vertex 0.0212802179 0.0180493202 0.0163591746
      vertex 0.0194602124 0.0175697226 0.0175699536
      vertex 0.0194602218 0.018410679 0.0166866705
    endloop
  endfacet
  facet normal -0.707006097 -0.512188971 -0.487652391
    outer loop
      vertex 0.0194602218 0.018410679 0.0166866705
      vertex 0.0194602124 0.0175697226 0.0175699536
      vertex 0.0181278903 0.0185118392 0.0185120553
    endloop
  endfacet
  facet normal -0.707006633 -0.512187898 -0.487652838
    outer loop
      vertex 0.0194602218 0.018410679 0.0166866705
      vertex 0.0181278903 0.0185118392 0.0185120553
      vertex 0.0181279015 0.0193978883 0.0175814107
    endloop
  endfacet
  facet normal -0.965908647 -0.187489346 -0.178516656
    outer loop
      vertex 0.0181279015 0.0193978883 0.0175814107
      vertex 0.0181278903 0.0185118392 0.0185120553
      vertex 0.0176402386 0.0197987799 0.0197989903
    endloop
  endfacet
  facet normal -0.965908587 -0.187490195 -0.178516477
    outer loop
      vertex 0.0181279015 0.0193978883 0.0175814107
      vertex 0.0176402386 0.0197987799 0.0197989903
      vertex 0.0176402498 0.0207464248 0.0188036487
    endloop
  endfacet
  facet normal -0.965904057 0.187513202 0.178516716
    outer loop
      vertex 0.0176402498 0.0207464248 0.0188036487
      vertex 0.0176402386 0.0197987799 0.0197989903
      vertex 0.018127922 0.0210857093 0.0210859235
    endloop
  endfacet
  facet normal -0.965904176 0.187512755 0.17851679
    outer loop
      vertex 0.0176402498 0.0207464248 0.0188036487
      vertex 0.018127922 0.0210857093 0.0210859235
      vertex 0.0181279331 0.0220949501 0.0200258847
    endloop
  endfacet
  facet normal -0.70699513 0.512204587 0.487651855
    outer loop
      vertex 0.0181279331 0.0220949501 0.0200258847
      vertex 0.018127922 0.0210857093 0.0210859235
      vertex 0.0194602646 0.0220277961 0.0220280271
    endloop
  endfacet
  facet normal -0.706994593 0.51220566 0.487651527
    outer loop
      vertex 0.0181279331 0.0220949501 0.0200258847
      vertex 0.0194602646 0.0220277961 0.0220280271
      vertex 0.0194602776 0.0230821297 0.020920625
    endloop
  endfacet
  facet normal -0.258736491 0.699586749 0.666058362
    outer loop
      vertex 0.0194602776 0.0230821297 0.020920625
      vertex 0.0194602646 0.0220277961 0.0220280271
      vertex 0.0212802701 0.0223726053 0.0223728586
    endloop
  endfacet
  facet normal -0.258737415 0.699585855 0.666059077
    outer loop
      vertex 0.0194602776 0.0230821297 0.020920625
      vertex 0.0212802701 0.0223726053 0.0223728586
      vertex 0.0212802812 0.0234434437 0.0212481227
    endloop
  endfacet
  facet normal 0.258754045 0.666055441 0.699583173
    outer loop
      vertex 0.0212802701 0.0223726053 0.0223728586
      vertex 0.0212802552 0.0212478749 0.0234436914
      vertex 0.0231002513 0.0209203549 0.023082355
    endloop
  endfacet
  facet normal 0.258753598 0.666055024 0.69958359
    outer loop
      vertex 0.0212802701 0.0223726053 0.0223728586
      vertex 0.0231002513 0.0209203549 0.023082355
      vertex 0.0231002644 0.0220277514 0.0220280271
    endloop
  endfacet
  facet normal 0.707006156 0.48764357 0.512197375
    outer loop
      vertex 0.0231002644 0.0220277514 0.0220280271
      vertex 0.0231002513 0.0209203549 0.023082355
      vertex 0.0244325735 0.0200255997 0.0220951606
    endloop
  endfacet
  facet normal 0.707006156 0.48764351 0.512197196
    outer loop
      vertex 0.0231002644 0.0220277514 0.0220280271
      vertex 0.0244325735 0.0200255997 0.0220951606
      vertex 0.0244325865 0.0210856348 0.0210859235
    endloop
  endfacet
  facet normal 0.965908408 0.178504974 0.187502161
    outer loop
      vertex 0.0244325865 0.0210856348 0.0210859235
      vertex 0.0244325735 0.0200255997 0.0220951606
      vertex 0.024920227 0.0188033581 0.0207466297
    endloop
  endfacet
  facet normal 0.965908587 0.178505152 0.187501103
    outer loop
      vertex 0.0244325865 0.0210856348 0.0210859235
      vertex 0.024920227 0.0188033581 0.0207466297
      vertex 0.0249202382 0.0197986942 0.0197989903
    endloop
  endfacet
  facet normal 0.965904117 -0.178527996 -0.187502295
    outer loop
      vertex 0.0249202382 0.0197986942 0.0197989903
      vertex 0.024920227 0.0188033581 0.0207466297
      vertex 0.0244325437 0.0175811257 0.0193980988
    endloop
  endfacet
  facet normal 0.965904236 -0.17852816 -0.18750149
    outer loop
      vertex 0.0249202382 0.0197986942 0.0197989903
      vertex 0.0244325437 0.0175811257 0.0193980988
      vertex 0.0244325548 0.0185117647 0.0185120553
    endloop
  endfacet
  facet normal 0.706994712 -0.487660944 -0.512196541
    outer loop
      vertex 0.0244325548 0.0185117647 0.0185120553
      vertex 0.0244325437 0.0175811257 0.0193980988
      vertex 0.023100201 0.0166864004 0.0184109062
    endloop
  endfacet
  facet normal 0.70699507 -0.487661213 -0.512195647
    outer loop
      vertex 0.0244325548 0.0185117647 0.0185120553
      vertex 0.023100201 0.0166864004 0.0184109062
      vertex 0.0231002122 0.0175696779 0.0175699536
    endloop
  endfacet
  facet normal 0.258738428 -0.666062713 -0.699581981
    outer loop
      vertex 0.0231002122 0.0175696779 0.0175699536
      vertex 0.023100201 0.0166864004 0.0184109062
      vertex 0.0212801974 0.016358925 0.0180495679
    endloop
  endfacet
  facet normal 0.258736879 -0.666061103 -0.699583948
    outer loop
      vertex 0.0231002122 0.0175696779 0.0175699536
      vertex 0.0212801974 0.016358925 0.0180495679
      vertex 0.0212802067 0.0172248688 0.0172251221
    endloop
  endfacet
  facet normal -0.2587547 -0.666054964 -0.699583232
    outer loop
      vertex 0.0212802067 0.0172248688 0.0172251221
      vertex 0.0212801974 0.016358925 0.0180495679
      vertex 0.0194602013 0.0166864451 0.0184109062
    endloop
  endfacet
  facet normal -0.258753598 -0.666056454 -0.699582279
    outer loop
      vertex 0.0212802067 0.0172248688 0.0172251221
      vertex 0.0194602013 0.0166864451 0.0184109062
      vertex 0.0194602124 0.0175697226 0.0175699536
    endloop
  endfacet
  facet normal -0.707005739 -0.487644464 -0.512196898
    outer loop
      vertex 0.0194602124 0.0175697226 0.0175699536
      vertex 0.0194602013 0.0166864451 0.0184109062
      vertex 0.0181278791 0.0175812002 0.0193980988
    endloop
  endfacet
  facet normal -0.707005858 -0.487644404 -0.512196898
    outer loop
      vertex 0.0194602124 0.0175697226 0.0175699536
      vertex 0.0181278791 0.0175812002 0.0193980988
      vertex 0.0181278903 0.0185118392 0.0185120553
    endloop
  endfacet
  facet normal -0.965908408 -0.178505182 -0.187501714
    outer loop
      vertex 0.0181278903 0.0185118392 0.0185120553
      vertex 0.0181278791 0.0175812002 0.0193980988
      vertex 0.0176402256 0.0188034438 0.0207466297
    endloop
  endfacet
  facet normal -0.965908587 -0.178504065 -0.187501907
    outer loop
      vertex 0.0181278903 0.0185118392 0.0185120553
      vertex 0.0176402256 0.0188034438 0.0207466297
      vertex 0.0176402386 0.0197987799 0.0197989903
    endloop
  endfacet
  facet normal -0.965903997 0.178529069 0.187501535
    outer loop
      vertex 0.0176402386 0.0197987799 0.0197989903
      vertex 0.0176402256 0.0188034438 0.0207466297
      vertex 0.0181279089 0.0200256743 0.0220951606
    endloop
  endfacet
  facet normal -0.965904117 0.178528234 0.187501639
    outer loop
      vertex 0.0176402386 0.0197987799 0.0197989903
      vertex 0.0181279089 0.0200256743 0.0220951606
      vertex 0.018127922 0.0210857093 0.0210859235
    endloop
  endfacet
  facet normal -0.70699513 0.487660289 0.51219666
    outer loop
      vertex 0.018127922 0.0210857093 0.0210859235
      vertex 0.0181279089 0.0200256743 0.0220951606
      vertex 0.0194602516 0.0209203996 0.023082355
    endloop
  endfacet
  facet normal -0.706995368 0.487659603 0.512196839
    outer loop
      vertex 0.018127922 0.0210857093 0.0210859235
      vertex 0.0194602516 0.0209203996 0.023082355
      vertex 0.0194602646 0.0220277961 0.0220280271
    endloop
  endfacet
  facet normal -0.258737743 0.666061163 0.69958359
    outer loop
      vertex 0.0194602646 0.0220277961 0.0220280271
      vertex 0.0194602516 0.0209203996 0.023082355
      vertex 0.0212802552 0.0212478749 0.0234436914
    endloop
  endfacet
  facet normal -0.258736908 0.666062176 0.699582994
    outer loop
      vertex 0.0194602646 0.0220277961 0.0220280271
      vertex 0.0212802552 0.0212478749 0.0234436914
      vertex 0.0212802701 0.0223726053 0.0223728586
    endloop
  endfacet
  facet normal 0.258753598 0.63092643 0.731422186
    outer loop
      vertex 0.0212802552 0.0212478749 0.0234436914
      vertex 0.0212802421 0.0200719554 0.024458047
      vertex 0.0231002383 0.0197625607 0.0240810756
    endloop
  endfacet
  facet normal 0.258753598 0.63092643 0.731422186
    outer loop
      vertex 0.0212802552 0.0212478749 0.0234436914
      vertex 0.0231002383 0.0197625607 0.0240810756
      vertex 0.0231002513 0.0209203549 0.023082355
    endloop
  endfacet
  facet normal 0.707005799 0.461924404 0.535507798
    outer loop
      vertex 0.0231002513 0.0209203549 0.023082355
      vertex 0.0231002383 0.0197625607 0.0240810756
      vertex 0.0244325604 0.0189173222 0.0230511688
    endloop
  endfacet
  facet normal 0.707005858 0.461924434 0.535507679
    outer loop
      vertex 0.0231002513 0.0209203549 0.023082355
      vertex 0.0244325604 0.0189173222 0.0230511688
      vertex 0.0244325735 0.0200255997 0.0220951606
    endloop
  endfacet
  facet normal 0.965908408 0.16908966 0.196034789
    outer loop
      vertex 0.0244325735 0.0200255997 0.0220951606
      vertex 0.0244325604 0.0189173222 0.0230511688
      vertex 0.024920214 0.0177627206 0.0216442887
    endloop
  endfacet
  facet normal 0.965908229 0.169089422 0.196035907
    outer loop
      vertex 0.0244325735 0.0200255997 0.0220951606
      vertex 0.024920214 0.0177627206 0.0216442887
      vertex 0.024920227 0.0188033581 0.0207466297
    endloop
  endfacet
  facet normal 0.965904236 -0.169112906 -0.196035057
    outer loop
      vertex 0.024920227 0.0188033581 0.0207466297
      vertex 0.024920214 0.0177627206 0.0216442887
      vertex 0.0244325325 0.0166081302 0.0202374104
    endloop
  endfacet
  facet normal 0.965904176 -0.169112742 -0.196035832
    outer loop
      vertex 0.024920227 0.0188033581 0.0207466297
      vertex 0.0244325325 0.0166081302 0.0202374104
      vertex 0.0244325437 0.0175811257 0.0193980988
    endloop
  endfacet
  facet normal 0.706994712 -0.461940736 -0.535508335
    outer loop
      vertex 0.0244325437 0.0175811257 0.0193980988
      vertex 0.0244325325 0.0166081302 0.0202374104
      vertex 0.0231001899 0.0157629233 0.0192075036
    endloop
  endfacet
  facet normal 0.70699507 -0.461941063 -0.535507739
    outer loop
      vertex 0.0244325437 0.0175811257 0.0193980988
      vertex 0.0231001899 0.0157629233 0.0192075036
      vertex 0.023100201 0.0166864004 0.0184109062
    endloop
  endfacet
  facet normal 0.258738399 -0.630932689 -0.731422126
    outer loop
      vertex 0.023100201 0.0166864004 0.0184109062
      vertex 0.0231001899 0.0157629233 0.0192075036
      vertex 0.0212801863 0.0154535724 0.0188305322
    endloop
  endfacet
  facet normal 0.258738875 -0.630933166 -0.73142159
    outer loop
      vertex 0.023100201 0.0166864004 0.0184109062
      vertex 0.0212801863 0.0154535724 0.0188305322
      vertex 0.0212801974 0.016358925 0.0180495679
    endloop
  endfacet
  facet normal -0.258753926 -0.630926907 -0.731421709
    outer loop
      vertex 0.0212801974 0.016358925 0.0180495679
      vertex 0.0212801863 0.0154535724 0.0188305322
      vertex 0.0194601901 0.015762968 0.0192075036
    endloop
  endfacet
  facet normal -0.258754253 -0.630926311 -0.731422007
    outer loop
      vertex 0.0212801974 0.016358925 0.0180495679
      vertex 0.0194601901 0.015762968 0.0192075036
      vertex 0.0194602013 0.0166864451 0.0184109062
    endloop
  endfacet
  facet normal -0.707005501 -0.461924404 -0.535508275
    outer loop
      vertex 0.0194602013 0.0166864451 0.0184109062
      vertex 0.0194601901 0.015762968 0.0192075036
      vertex 0.018127868 0.0166082047 0.0202374104
    endloop
  endfacet
  facet normal -0.707005441 -0.461924374 -0.535508215
    outer loop
      vertex 0.0194602013 0.0166864451 0.0184109062
      vertex 0.018127868 0.0166082047 0.0202374104
      vertex 0.0181278791 0.0175812002 0.0193980988
    endloop
  endfacet
  facet normal -0.965908349 -0.169089794 -0.196034938
    outer loop
      vertex 0.0181278791 0.0175812002 0.0193980988
      vertex 0.018127868 0.0166082047 0.0202374104
      vertex 0.0176402144 0.0177628063 0.0216442887
    endloop
  endfacet
  facet normal -0.965908289 -0.169090271 -0.196034878
    outer loop
      vertex 0.0181278791 0.0175812002 0.0193980988
      vertex 0.0176402144 0.0177628063 0.0216442887
      vertex 0.0176402256 0.0188034438 0.0207466297
    endloop
  endfacet
  facet normal -0.965904295 0.169111773 0.196035758
    outer loop
      vertex 0.0176402256 0.0188034438 0.0207466297
      vertex 0.0176402144 0.0177628063 0.0216442887
      vertex 0.0181278959 0.0189173967 0.0230511688
    endloop
  endfacet
  facet normal -0.965904117 0.169113129 0.196035653
    outer loop
      vertex 0.0176402256 0.0188034438 0.0207466297
      vertex 0.0181278959 0.0189173967 0.0230511688
      vertex 0.0181279089 0.0200256743 0.0220951606
    endloop
  endfacet
  facet normal -0.70699507 0.461941093 0.535507679
    outer loop
      vertex 0.0181279089 0.0200256743 0.0220951606
      vertex 0.0181278959 0.0189173967 0.0230511688
      vertex 0.0194602385 0.0197626054 0.0240810756
    endloop
  endfacet
  facet normal -0.706995368 0.461940408 0.535507798
    outer loop
      vertex 0.0181279089 0.0200256743 0.0220951606
      vertex 0.0194602385 0.0197626054 0.0240810756
      vertex 0.0194602516 0.0209203996 0.023082355
    endloop
  endfacet
  facet normal -0.258738101 0.63093251 0.731422424
    outer loop
      vertex 0.0194602516 0.0209203996 0.023082355
      vertex 0.0194602385 0.0197626054 0.0240810756
      vertex 0.0212802421 0.0200719554 0.024458047
    endloop
  endfacet
  facet normal -0.25873816 0.63093245 0.731422424
    outer loop
      vertex 0.0194602516 0.0209203996 0.023082355
      vertex 0.0212802421 0.0200719554 0.024458047
      vertex 0.0212802552 0.0212478749 0.0234436914
    endloop
  endfacet
  facet normal 0.258753538 0.594277442 0.761499166
    outer loop
      vertex 0.0212802421 0.0200719554 0.024458047
      vertex 0.0212802272 0.018847676 0.0254134852
      vertex 0.0231002234 0.0185571499 0.0250217877
    endloop
  endfacet
  facet normal 0.258753151 0.594277084 0.761499524
    outer loop
      vertex 0.0212802421 0.0200719554 0.024458047
      vertex 0.0231002234 0.0185571499 0.0250217877
      vertex 0.0231002383 0.0197625607 0.0240810756
    endloop
  endfacet
  facet normal 0.707005084 0.435091615 0.55752939
    outer loop
      vertex 0.0231002383 0.0197625607 0.0240810756
      vertex 0.0231002234 0.0185571499 0.0250217877
      vertex 0.0244325474 0.0177634656 0.0239516478
    endloop
  endfacet
  facet normal 0.707005441 0.435091943 0.557528675
    outer loop
      vertex 0.0231002383 0.0197625607 0.0240810756
      vertex 0.0244325474 0.0177634656 0.0239516478
      vertex 0.0244325604 0.0189173222 0.0230511688
    endloop
  endfacet
  facet normal 0.965908468 0.159266904 0.204095542
    outer loop
      vertex 0.0244325604 0.0189173222 0.0230511688
      vertex 0.0244325474 0.0177634656 0.0239516478
      vertex 0.0249202009 0.016679287 0.0224898085
    endloop
  endfacet
  facet normal 0.965908289 0.159266666 0.204096317
    outer loop
      vertex 0.0244325604 0.0189173222 0.0230511688
      vertex 0.0249202009 0.016679287 0.0224898085
      vertex 0.024920214 0.0177627206 0.0216442887
    endloop
  endfacet
  facet normal 0.965904534 -0.159289673 -0.204095975
    outer loop
      vertex 0.024920214 0.0177627206 0.0216442887
      vertex 0.0249202009 0.016679287 0.0224898085
      vertex 0.0244325213 0.0155951185 0.0210279711
    endloop
  endfacet
  facet normal 0.965904355 -0.1592893 -0.204097077
    outer loop
      vertex 0.024920214 0.0177627206 0.0216442887
      vertex 0.0244325213 0.0155951185 0.0210279711
      vertex 0.0244325325 0.0166081302 0.0202374104
    endloop
  endfacet
  facet normal 0.70699501 -0.435107529 -0.557529807
    outer loop
      vertex 0.0244325325 0.0166081302 0.0202374104
      vertex 0.0244325213 0.0155951185 0.0210279711
      vertex 0.0231001787 0.014801465 0.0199578311
    endloop
  endfacet
  facet normal 0.70699501 -0.435107559 -0.557529747
    outer loop
      vertex 0.0244325325 0.0166081302 0.0202374104
      vertex 0.0231001787 0.014801465 0.0199578311
      vertex 0.0231001899 0.0157629233 0.0192075036
    endloop
  endfacet
  facet normal 0.258738607 -0.594282269 -0.761500478
    outer loop
      vertex 0.0231001899 0.0157629233 0.0192075036
      vertex 0.0231001787 0.014801465 0.0199578311
      vertex 0.0212801751 0.0145109845 0.0195661336
    endloop
  endfacet
  facet normal 0.258738846 -0.594282508 -0.76150018
    outer loop
      vertex 0.0231001899 0.0157629233 0.0192075036
      vertex 0.0212801751 0.0145109845 0.0195661336
      vertex 0.0212801863 0.0154535724 0.0188305322
    endloop
  endfacet
  facet normal -0.258752972 -0.594276428 -0.76150018
    outer loop
      vertex 0.0212801863 0.0154535724 0.0188305322
      vertex 0.0212801751 0.0145109845 0.0195661336
      vertex 0.0194601789 0.0148015087 0.0199578311
    endloop
  endfacet
  facet normal -0.258753389 -0.594275713 -0.761500478
    outer loop
      vertex 0.0212801863 0.0154535724 0.0188305322
      vertex 0.0194601789 0.0148015087 0.0199578311
      vertex 0.0194601901 0.015762968 0.0192075036
    endloop
  endfacet
  facet normal -0.707005441 -0.435090691 -0.557529747
    outer loop
      vertex 0.0194601901 0.015762968 0.0192075036
      vertex 0.0194601789 0.0148015087 0.0199578311
      vertex 0.0181278549 0.0155951949 0.0210279711
    endloop
  endfacet
  facet normal -0.707005143 -0.435091287 -0.557529569
    outer loop
      vertex 0.0194601901 0.015762968 0.0192075036
      vertex 0.0181278549 0.0155951949 0.0210279711
      vertex 0.018127868 0.0166082047 0.0202374104
    endloop
  endfacet
  facet normal -0.965908408 -0.15926595 -0.204096377
    outer loop
      vertex 0.018127868 0.0166082047 0.0202374104
      vertex 0.0181278549 0.0155951949 0.0210279711
      vertex 0.0176402014 0.0166793745 0.0224898085
    endloop
  endfacet
  facet normal -0.965908229 -0.159266979 -0.204096317
    outer loop
      vertex 0.018127868 0.0166082047 0.0202374104
      vertex 0.0176402014 0.0166793745 0.0224898085
      vertex 0.0176402144 0.0177628063 0.0216442887
    endloop
  endfacet
  facet normal -0.965904593 0.159289867 0.20409587
    outer loop
      vertex 0.0176402144 0.0177628063 0.0216442887
      vertex 0.0176402014 0.0166793745 0.0224898085
      vertex 0.018127881 0.0177635401 0.0239516478
    endloop
  endfacet
  facet normal -0.965904474 0.159290537 0.20409587
    outer loop
      vertex 0.0176402144 0.0177628063 0.0216442887
      vertex 0.018127881 0.0177635401 0.0239516478
      vertex 0.0181278959 0.0189173967 0.0230511688
    endloop
  endfacet
  facet normal -0.70699513 0.43510896 0.557528555
    outer loop
      vertex 0.0181278959 0.0189173967 0.0230511688
      vertex 0.018127881 0.0177635401 0.0239516478
      vertex 0.0194602236 0.0185571946 0.0250217877
    endloop
  endfacet
  facet normal -0.706995308 0.435108453 0.557528615
    outer loop
      vertex 0.0181278959 0.0189173967 0.0230511688
      vertex 0.0194602236 0.0185571946 0.0250217877
      vertex 0.0194602385 0.0197626054 0.0240810756
    endloop
  endfacet
  facet normal -0.258738875 0.594283402 0.761499405
    outer loop
      vertex 0.0194602385 0.0197626054 0.0240810756
      vertex 0.0194602236 0.0185571946 0.0250217877
      vertex 0.0212802272 0.018847676 0.0254134852
    endloop
  endfacet
  facet normal -0.258738577 0.594283819 0.761499226
    outer loop
      vertex 0.0194602385 0.0197626054 0.0240810756
      vertex 0.0212802272 0.018847676 0.0254134852
      vertex 0.0212802421 0.0200719554 0.024458047
    endloop
  endfacet
  facet normal 0.258751869 0.556195974 0.789742649
    outer loop
      vertex 0.0212802272 0.018847676 0.0254134852
      vertex 0.0212802123 0.0175779872 0.0263077002
      vertex 0.0231002085 0.0173070338 0.025902221
    endloop
  endfacet
  facet normal 0.258753031 0.556197047 0.789741516
    outer loop
      vertex 0.0212802272 0.018847676 0.0254134852
      vertex 0.0231002085 0.0173070338 0.025902221
      vertex 0.0231002234 0.0185571499 0.0250217877
    endloop
  endfacet
  facet normal 0.707005322 0.407211244 0.578206122
    outer loop
      vertex 0.0231002234 0.0185571499 0.0250217877
      vertex 0.0231002085 0.0173070338 0.025902221
      vertex 0.0244325325 0.016566813 0.0247944258
    endloop
  endfacet
  facet normal 0.707004786 0.407210767 0.578207254
    outer loop
      vertex 0.0231002234 0.0185571499 0.0250217877
      vertex 0.0244325325 0.016566813 0.0247944258
      vertex 0.0244325474 0.0177634656 0.0239516478
    endloop
  endfacet
  facet normal 0.96590811 0.149060115 0.211666167
    outer loop
      vertex 0.0244325474 0.0177634656 0.0239516478
      vertex 0.0244325325 0.016566813 0.0247944258
      vertex 0.0249201879 0.0155556686 0.0232811514
    endloop
  endfacet
  facet normal 0.965908349 0.149060503 0.211665139
    outer loop
      vertex 0.0244325474 0.0177634656 0.0239516478
      vertex 0.0249201879 0.0155556686 0.0232811514
      vertex 0.0249202009 0.016679287 0.0224898085
    endloop
  endfacet
  facet normal 0.965904593 -0.149083421 -0.211665824
    outer loop
      vertex 0.0249202009 0.016679287 0.0224898085
      vertex 0.0249201879 0.0155556686 0.0232811514
      vertex 0.0244325083 0.0145445364 0.0217678752
    endloop
  endfacet
  facet normal 0.965904713 -0.149083629 -0.211665288
    outer loop
      vertex 0.0249202009 0.016679287 0.0224898085
      vertex 0.0244325083 0.0145445364 0.0217678752
      vertex 0.0244325213 0.0155951185 0.0210279711
    endloop
  endfacet
  facet normal 0.706994772 -0.40722847 -0.578207076
    outer loop
      vertex 0.0244325213 0.0155951185 0.0210279711
      vertex 0.0244325083 0.0145445364 0.0217678752
      vertex 0.0231001657 0.0138043491 0.0206600819
    endloop
  endfacet
  facet normal 0.706995308 -0.407229215 -0.578205824
    outer loop
      vertex 0.0244325213 0.0155951185 0.0210279711
      vertex 0.0231001657 0.0138043491 0.0206600819
      vertex 0.0231001787 0.014801465 0.0199578311
    endloop
  endfacet
  facet normal 0.258739918 -0.556203842 -0.789741099
    outer loop
      vertex 0.0231001787 0.014801465 0.0199578311
      vertex 0.0231001657 0.0138043491 0.0206600819
      vertex 0.0212801639 0.0135334376 0.0202546008
    endloop
  endfacet
  facet normal 0.258739084 -0.556202829 -0.789742053
    outer loop
      vertex 0.0231001787 0.014801465 0.0199578311
      vertex 0.0212801639 0.0135334376 0.0202546008
      vertex 0.0212801751 0.0145109845 0.0195661336
    endloop
  endfacet
  facet normal -0.258752614 -0.556196749 -0.789741814
    outer loop
      vertex 0.0212801751 0.0145109845 0.0195661336
      vertex 0.0212801639 0.0135334376 0.0202546008
      vertex 0.0194601659 0.013804392 0.0206600819
    endloop
  endfacet
  facet normal -0.258752495 -0.556196988 -0.789741755
    outer loop
      vertex 0.0212801751 0.0145109845 0.0195661336
      vertex 0.0194601659 0.013804392 0.0206600819
      vertex 0.0194601789 0.0148015087 0.0199578311
    endloop
  endfacet
  facet normal -0.707005501 -0.407210767 -0.57820648
    outer loop
      vertex 0.0194601789 0.0148015087 0.0199578311
      vertex 0.0194601659 0.013804392 0.0206600819
      vertex 0.0181278437 0.0145446127 0.0217678752
    endloop
  endfacet
  facet normal -0.707005084 -0.407211661 -0.578206182
    outer loop
      vertex 0.0194601789 0.0148015087 0.0199578311
      vertex 0.0181278437 0.0145446127 0.0217678752
      vertex 0.0181278549 0.0155951949 0.0210279711
    endloop
  endfacet
  facet normal -0.96590817 -0.149061322 -0.211665213
    outer loop
      vertex 0.0181278549 0.0155951949 0.0210279711
      vertex 0.0181278437 0.0145446127 0.0217678752
      vertex 0.0176401883 0.0155557562 0.0232811514
    endloop
  endfacet
  facet normal -0.965908289 -0.149060532 -0.211665198
    outer loop
      vertex 0.0181278549 0.0155951949 0.0210279711
      vertex 0.0176401883 0.0155557562 0.0232811514
      vertex 0.0176402014 0.0166793745 0.0224898085
    endloop
  endfacet
  facet normal -0.965904474 0.14908357 0.211666077
    outer loop
      vertex 0.0176402014 0.0166793745 0.0224898085
      vertex 0.0176401883 0.0155557562 0.0232811514
      vertex 0.018127868 0.0165668875 0.0247944258
    endloop
  endfacet
  facet normal -0.965904653 0.149082616 0.211666033
    outer loop
      vertex 0.0176402014 0.0166793745 0.0224898085
      vertex 0.018127868 0.0165668875 0.0247944258
      vertex 0.018127881 0.0177635401 0.0239516478
    endloop
  endfacet
  facet normal -0.706995904 0.407226861 0.578206658
    outer loop
      vertex 0.018127881 0.0177635401 0.0239516478
      vertex 0.018127868 0.0165668875 0.0247944258
      vertex 0.0194602087 0.0173070766 0.025902221
    endloop
  endfacet
  facet normal -0.706995487 0.407227844 0.578206658
    outer loop
      vertex 0.018127881 0.0177635401 0.0239516478
      vertex 0.0194602087 0.0173070766 0.025902221
      vertex 0.0194602236 0.0185571946 0.0250217877
    endloop
  endfacet
  facet normal -0.258738637 0.556202829 0.789742172
    outer loop
      vertex 0.0194602236 0.0185571946 0.0250217877
      vertex 0.0194602087 0.0173070766 0.025902221
      vertex 0.0212802123 0.0175779872 0.0263077002
    endloop
  endfacet
  facet normal -0.258739352 0.556202054 0.789742589
    outer loop
      vertex 0.0194602236 0.0185571946 0.0250217877
      vertex 0.0212802123 0.0175779872 0.0263077002
      vertex 0.0212802272 0.018847676 0.0254134852
    endloop
  endfacet
  facet normal 0.258751124 0.51677525 0.816082776
    outer loop
      vertex 0.0212802123 0.0175779872 0.0263077002
      vertex 0.0212801956 0.0162659641 0.0271385293
      vertex 0.0231001936 0.0160152335 0.0267202444
    endloop
  endfacet
  facet normal 0.258751452 0.516775548 0.816082597
    outer loop
      vertex 0.0212802123 0.0175779872 0.0263077002
      vertex 0.0231001936 0.0160152335 0.0267202444
      vertex 0.0231002085 0.0173070338 0.025902221
    endloop
  endfacet
  facet normal 0.70700556 0.378348768 0.597490907
    outer loop
      vertex 0.0231002085 0.0173070338 0.025902221
      vertex 0.0231001936 0.0160152335 0.0267202444
      vertex 0.0244325176 0.0153302597 0.0255774632
    endloop
  endfacet
  facet normal 0.707005024 0.378348321 0.597491801
    outer loop
      vertex 0.0231002085 0.0173070338 0.025902221
      vertex 0.0244325176 0.0153302597 0.0255774632
      vertex 0.0244325325 0.016566813 0.0247944258
    endloop
  endfacet
  facet normal 0.96590811 0.138494536 0.218725517
    outer loop
      vertex 0.0244325325 0.016566813 0.0247944258
      vertex 0.0244325176 0.0153302597 0.0255774632
      vertex 0.024920173 0.014394586 0.0240163989
    endloop
  endfacet
  facet normal 0.965907991 0.138494328 0.218726024
    outer loop
      vertex 0.0244325325 0.016566813 0.0247944258
      vertex 0.024920173 0.014394586 0.0240163989
      vertex 0.0249201879 0.0155556686 0.0232811514
    endloop
  endfacet
  facet normal 0.965904832 -0.138518423 -0.218724892
    outer loop
      vertex 0.0249201879 0.0155556686 0.0232811514
      vertex 0.024920173 0.014394586 0.0240163989
      vertex 0.0244324952 0.0134589253 0.0224553328
    endloop
  endfacet
  facet normal 0.965904713 -0.138518244 -0.218725279
    outer loop
      vertex 0.0249201879 0.0155556686 0.0232811514
      vertex 0.0244324952 0.0134589253 0.0224553328
      vertex 0.0244325083 0.0145445364 0.0217678752
    endloop
  endfacet
  facet normal 0.706996202 -0.378366381 -0.597490668
    outer loop
      vertex 0.0244325083 0.0145445364 0.0217678752
      vertex 0.0244324952 0.0134589253 0.0224553328
      vertex 0.0231001545 0.0127739841 0.0213125516
    endloop
  endfacet
  facet normal 0.70699501 -0.378364921 -0.597493052
    outer loop
      vertex 0.0244325083 0.0145445364 0.0217678752
      vertex 0.0231001545 0.0127739841 0.0213125516
      vertex 0.0231001657 0.0138043491 0.0206600819
    endloop
  endfacet
  facet normal 0.258739263 -0.516780496 -0.816083312
    outer loop
      vertex 0.0231001657 0.0138043491 0.0206600819
      vertex 0.0231001545 0.0127739841 0.0213125516
      vertex 0.0212801509 0.0125232954 0.0208942667
    endloop
  endfacet
  facet normal 0.258740395 -0.516781867 -0.81608206
    outer loop
      vertex 0.0231001657 0.0138043491 0.0206600819
      vertex 0.0212801509 0.0125232954 0.0208942667
      vertex 0.0212801639 0.0135334376 0.0202546008
    endloop
  endfacet
  facet normal -0.258751661 -0.516775548 -0.816082537
    outer loop
      vertex 0.0212801639 0.0135334376 0.0202546008
      vertex 0.0212801509 0.0125232954 0.0208942667
      vertex 0.0194601547 0.012774027 0.0213125516
    endloop
  endfacet
  facet normal -0.258752197 -0.516774595 -0.816082895
    outer loop
      vertex 0.0212801639 0.0135334376 0.0202546008
      vertex 0.0194601547 0.012774027 0.0213125516
      vertex 0.0194601659 0.013804392 0.0206600819
    endloop
  endfacet
  facet normal -0.707005501 -0.37834841 -0.597491145
    outer loop
      vertex 0.0194601659 0.013804392 0.0206600819
      vertex 0.0194601547 0.012774027 0.0213125516
      vertex 0.0181278307 0.0134590007 0.0224553328
    endloop
  endfacet
  facet normal -0.707005084 -0.378349304 -0.597490966
    outer loop
      vertex 0.0194601659 0.013804392 0.0206600819
      vertex 0.0181278307 0.0134590007 0.0224553328
      vertex 0.0181278437 0.0145446127 0.0217678752
    endloop
  endfacet
  facet normal -0.965907812 -0.138495341 -0.218725935
    outer loop
      vertex 0.0181278437 0.0145446127 0.0217678752
      vertex 0.0181278307 0.0134590007 0.0224553328
      vertex 0.0176401734 0.0143946735 0.0240163989
    endloop
  endfacet
  facet normal -0.965908051 -0.138494283 -0.21872589
    outer loop
      vertex 0.0181278437 0.0145446127 0.0217678752
      vertex 0.0176401734 0.0143946735 0.0240163989
      vertex 0.0176401883 0.0155557562 0.0232811514
    endloop
  endfacet
  facet normal -0.965904474 0.138518974 0.218725786
    outer loop
      vertex 0.0176401883 0.0155557562 0.0232811514
      vertex 0.0176401734 0.0143946735 0.0240163989
      vertex 0.0181278531 0.0153303351 0.0255774632
    endloop
  endfacet
  facet normal -0.965904653 0.13851805 0.218725726
    outer loop
      vertex 0.0176401883 0.0155557562 0.0232811514
      vertex 0.0181278531 0.0153303351 0.0255774632
      vertex 0.018127868 0.0165668875 0.0247944258
    endloop
  endfacet
  facet normal -0.706996262 0.378365368 0.597491324
    outer loop
      vertex 0.018127868 0.0165668875 0.0247944258
      vertex 0.0181278531 0.0153303351 0.0255774632
      vertex 0.0194601938 0.0160152763 0.0267202444
    endloop
  endfacet
  facet normal -0.706996262 0.378365397 0.597491384
    outer loop
      vertex 0.018127868 0.0165668875 0.0247944258
      vertex 0.0194601938 0.0160152763 0.0267202444
      vertex 0.0194602087 0.0173070766 0.025902221
    endloop
  endfacet
  facet normal -0.258739233 0.516781569 0.816082597
    outer loop
      vertex 0.0194602087 0.0173070766 0.025902221
      vertex 0.0194601938 0.0160152763 0.0267202444
      vertex 0.0212801956 0.0162659641 0.0271385293
    endloop
  endfacet
  facet normal -0.258739144 0.516781747 0.816082537
    outer loop
      vertex 0.0194602087 0.0173070766 0.025902221
      vertex 0.0212801956 0.0162659641 0.0271385293
      vertex 0.0212802123 0.0175779872 0.0263077002
    endloop
  endfacet
  facet normal 0.258752197 0.476110101 0.840456128
    outer loop
      vertex 0.0212801956 0.0162659641 0.0271385293
      vertex 0.0212801807 0.0149147436 0.0279039871
      vertex 0.0231001768 0.0146848373 0.0274739023
    endloop
  endfacet
  facet normal 0.258750677 0.476108611 0.840457439
    outer loop
      vertex 0.0212801956 0.0162659641 0.0271385293
      vertex 0.0231001768 0.0146848373 0.0274739023
      vertex 0.0231001936 0.0160152335 0.0267202444
    endloop
  endfacet
  facet normal 0.707004309 0.348574638 0.615337849
    outer loop
      vertex 0.0231001936 0.0160152335 0.0267202444
      vertex 0.0231001768 0.0146848373 0.0274739023
      vertex 0.0244325027 0.0140567636 0.0262988899
    endloop
  endfacet
  facet normal 0.707005143 0.348575473 0.615336359
    outer loop
      vertex 0.0231001936 0.0160152335 0.0267202444
      vertex 0.0244325027 0.0140567636 0.0262988899
      vertex 0.0244325176 0.0153302597 0.0255774632
    endloop
  endfacet
  facet normal 0.965907872 0.127595901 0.225258201
    outer loop
      vertex 0.0244325176 0.0153302597 0.0255774632
      vertex 0.0244325027 0.0140567636 0.0262988899
      vertex 0.02492016 0.0131988153 0.0246937927
    endloop
  endfacet
  facet normal 0.965907991 0.127596095 0.225257799
    outer loop
      vertex 0.0244325176 0.0153302597 0.0255774632
      vertex 0.02492016 0.0131988153 0.0246937927
      vertex 0.024920173 0.014394586 0.0240163989
    endloop
  endfacet
  facet normal 0.965904832 -0.127617866 -0.225259095
    outer loop
      vertex 0.024920173 0.014394586 0.0240163989
      vertex 0.02492016 0.0131988153 0.0246937927
      vertex 0.0244324822 0.0123408791 0.0230886973
    endloop
  endfacet
  facet normal 0.965904891 -0.127618268 -0.225258172
    outer loop
      vertex 0.024920173 0.014394586 0.0240163989
      vertex 0.0244324822 0.0123408791 0.0230886973
      vertex 0.0244324952 0.0134589253 0.0224553328
    endloop
  endfacet
  facet normal 0.706996381 -0.348591983 -0.615337193
    outer loop
      vertex 0.0244324952 0.0134589253 0.0224553328
      vertex 0.0244324822 0.0123408791 0.0230886973
      vertex 0.0231001414 0.011712838 0.021913683
    endloop
  endfacet
  facet normal 0.70699662 -0.348592371 -0.615336597
    outer loop
      vertex 0.0244324952 0.0134589253 0.0224553328
      vertex 0.0231001414 0.011712838 0.021913683
      vertex 0.0231001545 0.0127739841 0.0213125516
    endloop
  endfacet
  facet normal 0.258739978 -0.476115704 -0.840456724
    outer loop
      vertex 0.0231001545 0.0127739841 0.0213125516
      vertex 0.0231001414 0.011712838 0.021913683
      vertex 0.0212801378 0.0114829745 0.0214836001
    endloop
  endfacet
  facet normal 0.25873971 -0.476115406 -0.840456903
    outer loop
      vertex 0.0231001545 0.0127739841 0.0213125516
      vertex 0.0212801378 0.0114829745 0.0214836001
      vertex 0.0212801509 0.0125232954 0.0208942667
    endloop
  endfacet
  facet normal -0.258751661 -0.476108909 -0.840456903
    outer loop
      vertex 0.0212801509 0.0125232954 0.0208942667
      vertex 0.0212801378 0.0114829745 0.0214836001
      vertex 0.0194601417 0.0117128817 0.021913683
    endloop
  endfacet
  facet normal -0.258751124 -0.476109773 -0.840456665
    outer loop
      vertex 0.0212801509 0.0125232954 0.0208942667
      vertex 0.0194601417 0.0117128817 0.021913683
      vertex 0.0194601547 0.012774027 0.0213125516
    endloop
  endfacet
  facet normal -0.707004547 -0.348575473 -0.615336955
    outer loop
      vertex 0.0194601547 0.012774027 0.0213125516
      vertex 0.0194601417 0.0117128817 0.021913683
      vertex 0.0181278158 0.0123409545 0.0230886973
    endloop
  endfacet
  facet normal -0.707005143 -0.348574251 -0.615337074
    outer loop
      vertex 0.0194601547 0.012774027 0.0213125516
      vertex 0.0181278158 0.0123409545 0.0230886973
      vertex 0.0181278307 0.0134590007 0.0224553328
    endloop
  endfacet
  facet normal -0.965907812 -0.127594665 -0.22525911
    outer loop
      vertex 0.0181278307 0.0134590007 0.0224553328
      vertex 0.0181278158 0.0123409545 0.0230886973
      vertex 0.0176401585 0.0131989028 0.0246937927
    endloop
  endfacet
  facet normal -0.965907693 -0.12759532 -0.225259155
    outer loop
      vertex 0.0181278307 0.0134590007 0.0224553328
      vertex 0.0176401585 0.0131989028 0.0246937927
      vertex 0.0176401734 0.0143946735 0.0240163989
    endloop
  endfacet
  facet normal -0.965904593 0.127619356 0.225259081
    outer loop
      vertex 0.0176401734 0.0143946735 0.0240163989
      vertex 0.0176401585 0.0131989028 0.0246937927
      vertex 0.0181278381 0.014056839 0.0262988899
    endloop
  endfacet
  facet normal -0.965904593 0.127618983 0.225259021
    outer loop
      vertex 0.0176401734 0.0143946735 0.0240163989
      vertex 0.0181278381 0.014056839 0.0262988899
      vertex 0.0181278531 0.0153303351 0.0255774632
    endloop
  endfacet
  facet normal -0.7069965 0.348592281 0.615336776
    outer loop
      vertex 0.0181278531 0.0153303351 0.0255774632
      vertex 0.0181278381 0.014056839 0.0262988899
      vertex 0.019460177 0.0146848811 0.0274739023
    endloop
  endfacet
  facet normal -0.70699662 0.348592103 0.615336776
    outer loop
      vertex 0.0181278531 0.0153303351 0.0255774632
      vertex 0.019460177 0.0146848811 0.0274739023
      vertex 0.0194601938 0.0160152763 0.0267202444
    endloop
  endfacet
  facet normal -0.258740515 0.476115137 0.840456843
    outer loop
      vertex 0.0194601938 0.0160152763 0.0267202444
      vertex 0.019460177 0.0146848811 0.0274739023
      vertex 0.0212801807 0.0149147436 0.0279039871
    endloop
  endfacet
  facet normal -0.258739769 0.476116151 0.840456605
    outer loop
      vertex 0.0194601938 0.0160152763 0.0267202444
      vertex 0.0212801807 0.0149147436 0.0279039871
      vertex 0.0212801956 0.0162659641 0.0271385293
    endloop
  endfacet
  facet normal 0.258751124 0.434296131 0.86280632
    outer loop
      vertex 0.0212801807 0.0149147436 0.0279039871
      vertex 0.0212801639 0.0135275899 0.0286022201
      vertex 0.0231001619 0.013319063 0.0281613749
    endloop
  endfacet
  facet normal 0.25875178 0.434296817 0.862805843
    outer loop
      vertex 0.0212801807 0.0149147436 0.0279039871
      vertex 0.0231001619 0.013319063 0.0281613749
      vertex 0.0231001768 0.0146848373 0.0274739023
    endloop
  endfacet
  facet normal 0.707004488 0.317962885 0.631699562
    outer loop
      vertex 0.0231001768 0.0146848373 0.0274739023
      vertex 0.0231001619 0.013319063 0.0281613749
      vertex 0.0244324859 0.0127494019 0.0269569606
    endloop
  endfacet
  facet normal 0.707003891 0.317962259 0.631700456
    outer loop
      vertex 0.0231001768 0.0146848373 0.0274739023
      vertex 0.0244324859 0.0127494019 0.0269569606
      vertex 0.0244325027 0.0140567636 0.0262988899
    endloop
  endfacet
  facet normal 0.965907633 0.116388611 0.231249049
    outer loop
      vertex 0.0244325027 0.0140567636 0.0262988899
      vertex 0.0244324859 0.0127494019 0.0269569606
      vertex 0.024920145 0.0119712455 0.0253116991
    endloop
  endfacet
  facet normal 0.965907753 0.116388939 0.231248438
    outer loop
      vertex 0.0244325027 0.0140567636 0.0262988899
      vertex 0.024920145 0.0119712455 0.0253116991
      vertex 0.02492016 0.0131988153 0.0246937927
    endloop
  endfacet
  facet normal 0.965904772 -0.116412602 -0.2312489
    outer loop
      vertex 0.02492016 0.0131988153 0.0246937927
      vertex 0.024920145 0.0119712455 0.0253116991
      vertex 0.0244324673 0.0111931013 0.0236664396
    endloop
  endfacet
  facet normal 0.965904951 -0.11641299 -0.2312482
    outer loop
      vertex 0.02492016 0.0131988153 0.0246937927
      vertex 0.0244324673 0.0111931013 0.0236664396
      vertex 0.0244324822 0.0123408791 0.0230886973
    endloop
  endfacet
  facet normal 0.706997037 -0.317979664 -0.631699502
    outer loop
      vertex 0.0244324822 0.0123408791 0.0230886973
      vertex 0.0244324673 0.0111931013 0.0236664396
      vertex 0.0231001284 0.0106234718 0.0224620234
    endloop
  endfacet
  facet normal 0.70699662 -0.317979217 -0.631700039
    outer loop
      vertex 0.0244324822 0.0123408791 0.0230886973
      vertex 0.0231001284 0.0106234718 0.0224620234
      vertex 0.0231001414 0.011712838 0.021913683
    endloop
  endfacet
  facet normal 0.258739948 -0.434302896 -0.862806201
    outer loop
      vertex 0.0231001414 0.011712838 0.021913683
      vertex 0.0231001284 0.0106234718 0.0224620234
      vertex 0.0212801266 0.0104149887 0.02202118
    endloop
  endfacet
  facet normal 0.258740425 -0.434303463 -0.862805843
    outer loop
      vertex 0.0231001414 0.011712838 0.021913683
      vertex 0.0212801266 0.0104149887 0.02202118
      vertex 0.0212801378 0.0114829745 0.0214836001
    endloop
  endfacet
  facet normal -0.258751094 -0.43429786 -0.862805426
    outer loop
      vertex 0.0212801378 0.0114829745 0.0214836001
      vertex 0.0212801266 0.0104149887 0.02202118
      vertex 0.0194601286 0.0106235156 0.0224620253
    endloop
  endfacet
  facet normal -0.258751124 -0.43429777 -0.862805486
    outer loop
      vertex 0.0212801378 0.0114829745 0.0214836001
      vertex 0.0194601286 0.0106235156 0.0224620253
      vertex 0.0194601417 0.0117128817 0.021913683
    endloop
  endfacet
  facet normal -0.707004428 -0.317963123 -0.631699443
    outer loop
      vertex 0.0194601417 0.0117128817 0.021913683
      vertex 0.0194601286 0.0106235156 0.0224620253
      vertex 0.0181278028 0.0111931767 0.0236664414
    endloop
  endfacet
  facet normal -0.707004249 -0.317963541 -0.631699443
    outer loop
      vertex 0.0194601417 0.0117128817 0.021913683
      vertex 0.0181278028 0.0111931767 0.0236664414
      vertex 0.0181278158 0.0123409545 0.0230886973
    endloop
  endfacet
  facet normal -0.965907812 -0.116389662 -0.231247827
    outer loop
      vertex 0.0181278158 0.0123409545 0.0230886973
      vertex 0.0181278028 0.0111931767 0.0236664414
      vertex 0.0176401455 0.0119713321 0.025311701
    endloop
  endfacet
  facet normal -0.965907693 -0.116390392 -0.231247947
    outer loop
      vertex 0.0181278158 0.0123409545 0.0230886973
      vertex 0.0176401455 0.0119713321 0.025311701
      vertex 0.0176401585 0.0131989028 0.0246937927
    endloop
  endfacet
  facet normal -0.96590507 0.116411187 0.231248483
    outer loop
      vertex 0.0176401585 0.0131989028 0.0246937927
      vertex 0.0176401455 0.0119713321 0.025311701
      vertex 0.0181278214 0.0127494773 0.0269569606
    endloop
  endfacet
  facet normal -0.965904653 0.116413273 0.231248841
    outer loop
      vertex 0.0176401585 0.0131989028 0.0246937927
      vertex 0.0181278214 0.0127494773 0.0269569606
      vertex 0.0181278381 0.014056839 0.0262988899
    endloop
  endfacet
  facet normal -0.70699656 0.317980051 0.6316998
    outer loop
      vertex 0.0181278381 0.014056839 0.0262988899
      vertex 0.0181278214 0.0127494773 0.0269569606
      vertex 0.0194601603 0.0133191068 0.0281613749
    endloop
  endfacet
  facet normal -0.706996918 0.317979425 0.631699741
    outer loop
      vertex 0.0181278381 0.014056839 0.0262988899
      vertex 0.0194601603 0.0133191068 0.0281613749
      vertex 0.019460177 0.0146848811 0.0274739023
    endloop
  endfacet
  facet normal -0.258740574 0.434302896 0.862806022
    outer loop
      vertex 0.019460177 0.0146848811 0.0274739023
      vertex 0.0194601603 0.0133191068 0.0281613749
      vertex 0.0212801639 0.0135275899 0.0286022201
    endloop
  endfacet
  facet normal -0.258741051 0.43430233 0.862806201
    outer loop
      vertex 0.019460177 0.0146848811 0.0274739023
      vertex 0.0212801639 0.0135275899 0.0286022201
      vertex 0.0212801807 0.0149147436 0.0279039871
    endloop
  endfacet
  facet normal 0.258750975 0.391438961 0.883076131
    outer loop
      vertex 0.0212801639 0.0135275899 0.0286022201
      vertex 0.0212801471 0.0121078612 0.0292315446
      vertex 0.0231001452 0.0119212167 0.0287809987
    endloop
  endfacet
  facet normal 0.258750558 0.391438514 0.883076489
    outer loop
      vertex 0.0212801639 0.0135275899 0.0286022201
      vertex 0.0231001452 0.0119212167 0.0287809987
      vertex 0.0231001619 0.013319063 0.0281613749
    endloop
  endfacet
  facet normal 0.707003832 0.28658399 0.646540999
    outer loop
      vertex 0.0231001619 0.013319063 0.0281613749
      vertex 0.0231001452 0.0119212167 0.0287809987
      vertex 0.024432471 0.0114113381 0.0275500845
    endloop
  endfacet
  facet normal 0.707004189 0.286584347 0.646540523
    outer loop
      vertex 0.0231001619 0.013319063 0.0281613749
      vertex 0.024432471 0.0114113381 0.0275500845
      vertex 0.0244324859 0.0127494019 0.0269569606
    endloop
  endfacet
  facet normal 0.965907633 0.104902864 0.23668091
    outer loop
      vertex 0.0244324859 0.0127494019 0.0269569606
      vertex 0.024432471 0.0114113381 0.0275500845
      vertex 0.0249201301 0.0107148485 0.0258686226
    endloop
  endfacet
  facet normal 0.965907514 0.104902454 0.236681581
    outer loop
      vertex 0.0244324859 0.0127494019 0.0269569606
      vertex 0.0249201301 0.0107148485 0.0258686226
      vertex 0.024920145 0.0119712455 0.0253116991
    endloop
  endfacet
  facet normal 0.96590507 -0.104925312 -0.236681446
    outer loop
      vertex 0.024920145 0.0119712455 0.0253116991
      vertex 0.0249201301 0.0107148485 0.0258686226
      vertex 0.0244324543 0.0100183701 0.0241871625
    endloop
  endfacet
  facet normal 0.965904951 -0.104924828 -0.236682236
    outer loop
      vertex 0.024920145 0.0119712455 0.0253116991
      vertex 0.0244324543 0.0100183701 0.0241871625
      vertex 0.0244324673 0.0111931013 0.0236664396
    endloop
  endfacet
  facet normal 0.706996202 -0.286600441 -0.646542013
    outer loop
      vertex 0.0244324673 0.0111931013 0.0236664396
      vertex 0.0244324543 0.0100183701 0.0241871625
      vertex 0.0231001154 0.00950852409 0.0229562502
    endloop
  endfacet
  facet normal 0.706997395 -0.286602288 -0.646539927
    outer loop
      vertex 0.0244324673 0.0111931013 0.0236664396
      vertex 0.0231001154 0.00950852409 0.0229562502
      vertex 0.0231001284 0.0106234718 0.0224620234
    endloop
  endfacet
  facet normal 0.258741677 -0.391446948 -0.883075356
    outer loop
      vertex 0.0231001284 0.0106234718 0.0224620234
      vertex 0.0231001154 0.00950852409 0.0229562502
      vertex 0.0212801136 0.00932192337 0.0225057043
    endloop
  endfacet
  facet normal 0.258740485 -0.391445339 -0.883076429
    outer loop
      vertex 0.0231001284 0.0106234718 0.0224620234
      vertex 0.0212801136 0.00932192337 0.0225057043
      vertex 0.0212801266 0.0104149887 0.02202118
    endloop
  endfacet
  facet normal -0.258750975 -0.39143905 -0.883076072
    outer loop
      vertex 0.0212801266 0.0104149887 0.02202118
      vertex 0.0212801136 0.00932192337 0.0225057043
      vertex 0.0194601156 0.00950856786 0.0229562502
    endloop
  endfacet
  facet normal -0.258750558 -0.391439646 -0.883075893
    outer loop
      vertex 0.0212801266 0.0104149887 0.02202118
      vertex 0.0194601156 0.00950856786 0.0229562502
      vertex 0.0194601286 0.0106235156 0.0224620253
    endloop
  endfacet
  facet normal -0.707003176 -0.286585182 -0.646541119
    outer loop
      vertex 0.0194601286 0.0106235156 0.0224620253
      vertex 0.0194601156 0.00950856786 0.0229562502
      vertex 0.0181277879 0.0100184456 0.0241871644
    endloop
  endfacet
  facet normal -0.70700407 -0.286583215 -0.646541119
    outer loop
      vertex 0.0194601286 0.0106235156 0.0224620253
      vertex 0.0181277879 0.0100184456 0.0241871644
      vertex 0.0181278028 0.0111931767 0.0236664414
    endloop
  endfacet
  facet normal -0.965907574 -0.104901597 -0.236681685
    outer loop
      vertex 0.0181278028 0.0111931767 0.0236664414
      vertex 0.0181277879 0.0100184456 0.0241871644
      vertex 0.0176401287 0.0107149351 0.0258686244
    endloop
  endfacet
  facet normal -0.965907633 -0.104901001 -0.236681551
    outer loop
      vertex 0.0181278028 0.0111931767 0.0236664414
      vertex 0.0176401287 0.0107149351 0.0258686244
      vertex 0.0176401455 0.0119713321 0.025311701
    endloop
  endfacet
  facet normal -0.965904832 0.104926795 0.236681595
    outer loop
      vertex 0.0176401455 0.0119713321 0.025311701
      vertex 0.0176401287 0.0107149351 0.0258686244
      vertex 0.0181278065 0.0114114136 0.0275500864
    endloop
  endfacet
  facet normal -0.96590513 0.104924828 0.236681148
    outer loop
      vertex 0.0176401455 0.0119713321 0.025311701
      vertex 0.0181278065 0.0114114136 0.0275500864
      vertex 0.0181278214 0.0127494773 0.0269569606
    endloop
  endfacet
  facet normal -0.706996858 0.286601216 0.646541059
    outer loop
      vertex 0.0181278214 0.0127494773 0.0269569606
      vertex 0.0181278065 0.0114114136 0.0275500864
      vertex 0.0194601435 0.0119212605 0.0287809987
    endloop
  endfacet
  facet normal -0.706996918 0.286600947 0.646540999
    outer loop
      vertex 0.0181278214 0.0127494773 0.0269569606
      vertex 0.0194601435 0.0119212605 0.0287809987
      vertex 0.0194601603 0.0133191068 0.0281613749
    endloop
  endfacet
  facet normal -0.258741438 0.391444713 0.88307637
    outer loop
      vertex 0.0194601603 0.0133191068 0.0281613749
      vertex 0.0194601435 0.0119212605 0.0287809987
      vertex 0.0212801471 0.0121078612 0.0292315446
    endloop
  endfacet
  facet normal -0.258741111 0.39144513 0.88307637
    outer loop
      vertex 0.0194601603 0.0133191068 0.0281613749
      vertex 0.0212801471 0.0121078612 0.0292315446
      vertex 0.0212801639 0.0135275899 0.0286022201
    endloop
  endfacet
  facet normal 0.258749753 0.347635478 0.901220381
    outer loop
      vertex 0.0212801471 0.0121078612 0.0292315446
      vertex 0.0212801285 0.0106589478 0.0297904518
      vertex 0.0231001265 0.0104946354 0.029331293
    endloop
  endfacet
  facet normal 0.258750468 0.347636223 0.901219904
    outer loop
      vertex 0.0212801471 0.0121078612 0.0292315446
      vertex 0.0231001265 0.0104946354 0.029331293
      vertex 0.0231001452 0.0119212167 0.0287809987
    endloop
  endfacet
  facet normal 0.707003415 0.25451386 0.659824908
    outer loop
      vertex 0.0231001452 0.0119212167 0.0287809987
      vertex 0.0231001265 0.0104946354 0.029331293
      vertex 0.0244324543 0.0100457696 0.0280768424
    endloop
  endfacet
  facet normal 0.707003474 0.25451386 0.659824848
    outer loop
      vertex 0.0231001452 0.0119212167 0.0287809987
      vertex 0.0244324543 0.0100457696 0.0280768424
      vertex 0.024432471 0.0114113381 0.0275500845
    endloop
  endfacet
  facet normal 0.965907574 0.0931619182 0.241543934
    outer loop
      vertex 0.024432471 0.0114113381 0.0275500845
      vertex 0.0244324543 0.0100457696 0.0280768424
      vertex 0.0249201134 0.00943262503 0.0263632331
    endloop
  endfacet
  facet normal 0.965907454 0.0931617096 0.241544232
    outer loop
      vertex 0.024432471 0.0114113381 0.0275500845
      vertex 0.0249201134 0.00943262503 0.0263632331
      vertex 0.0249201301 0.0107148485 0.0258686226
    endloop
  endfacet
  facet normal 0.965905309 -0.0931866392 -0.241543382
    outer loop
      vertex 0.0249201301 0.0107148485 0.0258686226
      vertex 0.0249201134 0.00943262503 0.0263632331
      vertex 0.0244324394 0.00881949067 0.0246496238
    endloop
  endfacet
  facet normal 0.96590519 -0.0931862816 -0.241543934
    outer loop
      vertex 0.0249201301 0.0107148485 0.0258686226
      vertex 0.0244324394 0.00881949067 0.0246496238
      vertex 0.0244324543 0.0100183701 0.0241871625
    endloop
  endfacet
  facet normal 0.706997693 -0.254532307 -0.659823895
    outer loop
      vertex 0.0244324543 0.0100183701 0.0241871625
      vertex 0.0244324394 0.00881949067 0.0246496238
      vertex 0.0231001023 0.00837065652 0.0233951733
    endloop
  endfacet
  facet normal 0.70699662 -0.25453043 -0.659825802
    outer loop
      vertex 0.0244324543 0.0100183701 0.0241871625
      vertex 0.0231001023 0.00837065652 0.0233951733
      vertex 0.0231001154 0.00950852409 0.0229562502
    endloop
  endfacet
  facet normal 0.25874117 -0.347641379 -0.90122056
    outer loop
      vertex 0.0231001154 0.00950852409 0.0229562502
      vertex 0.0231001023 0.00837065652 0.0233951733
      vertex 0.0212800987 0.00820638798 0.0229360145
    endloop
  endfacet
  facet normal 0.258742243 -0.347642839 -0.901219726
    outer loop
      vertex 0.0231001154 0.00950852409 0.0229562502
      vertex 0.0212800987 0.00820638798 0.0229360145
      vertex 0.0212801136 0.00932192337 0.0225057043
    endloop
  endfacet
  facet normal -0.258749723 -0.347636044 -0.901220143
    outer loop
      vertex 0.0212801136 0.00932192337 0.0225057043
      vertex 0.0212800987 0.00820638798 0.0229360145
      vertex 0.0194601007 0.00837070029 0.0233951733
    endloop
  endfacet
  facet normal -0.258750468 -0.347634941 -0.901220381
    outer loop
      vertex 0.0212801136 0.00932192337 0.0225057043
      vertex 0.0194601007 0.00837070029 0.0233951733
      vertex 0.0194601156 0.00950856786 0.0229562502
    endloop
  endfacet
  facet normal -0.707003891 -0.254512697 -0.659824848
    outer loop
      vertex 0.0194601156 0.00950856786 0.0229562502
      vertex 0.0194601007 0.00837070029 0.0233951733
      vertex 0.0181277748 0.00881956611 0.0246496238
    endloop
  endfacet
  facet normal -0.707002938 -0.254515201 -0.659825027
    outer loop
      vertex 0.0194601156 0.00950856786 0.0229562502
      vertex 0.0181277748 0.00881956611 0.0246496238
      vertex 0.0181277879 0.0100184456 0.0241871644
    endloop
  endfacet
  facet normal -0.965907276 -0.0931634307 -0.241544053
    outer loop
      vertex 0.0181277879 0.0100184456 0.0241871644
      vertex 0.0181277748 0.00881956611 0.0246496238
      vertex 0.0176401138 0.00943271164 0.026363235
    endloop
  endfacet
  facet normal -0.965907454 -0.0931629986 -0.241543964
    outer loop
      vertex 0.0181277879 0.0100184456 0.0241871644
      vertex 0.0176401138 0.00943271164 0.026363235
      vertex 0.0176401287 0.0107149351 0.0258686244
    endloop
  endfacet
  facet normal -0.96590507 0.0931857526 0.241544724
    outer loop
      vertex 0.0176401287 0.0107149351 0.0258686244
      vertex 0.0176401138 0.00943271164 0.026363235
      vertex 0.0181277897 0.0100458451 0.0280768443
    endloop
  endfacet
  facet normal -0.965904951 0.0931859836 0.241544783
    outer loop
      vertex 0.0176401287 0.0107149351 0.0258686244
      vertex 0.0181277897 0.0100458451 0.0280768443
      vertex 0.0181278065 0.0114114136 0.0275500864
    endloop
  endfacet
  facet normal -0.706997752 0.254531026 0.659824371
    outer loop
      vertex 0.0181278065 0.0114114136 0.0275500864
      vertex 0.0181277897 0.0100458451 0.0280768443
      vertex 0.0194601268 0.0104946792 0.0293312948
    endloop
  endfacet
  facet normal -0.706997216 0.254532129 0.65982455
    outer loop
      vertex 0.0181278065 0.0114114136 0.0275500864
      vertex 0.0194601268 0.0104946792 0.0293312948
      vertex 0.0194601435 0.0119212605 0.0287809987
    endloop
  endfacet
  facet normal -0.258740515 0.347643793 0.901219726
    outer loop
      vertex 0.0194601435 0.0119212605 0.0287809987
      vertex 0.0194601268 0.0104946792 0.0293312948
      vertex 0.0212801285 0.0106589478 0.0297904518
    endloop
  endfacet
  facet normal -0.258741945 0.347641945 0.901220083
    outer loop
      vertex 0.0194601435 0.0119212605 0.0287809987
      vertex 0.0212801285 0.0106589478 0.0297904518
      vertex 0.0212801471 0.0121078612 0.0292315446
    endloop
  endfacet
  facet normal 0.258749366 0.302997559 0.917191982
    outer loop
      vertex 0.0212801285 0.0106589478 0.0297904518
      vertex 0.0212801117 0.00918435585 0.0302775931
      vertex 0.0231001098 0.0090427706 0.0298109259
    endloop
  endfacet
  facet normal 0.258749187 0.30299738 0.917192161
    outer loop
      vertex 0.0212801285 0.0106589478 0.0297904518
      vertex 0.0231001098 0.0090427706 0.0298109259
      vertex 0.0231001265 0.0104946354 0.029331293
    endloop
  endfacet
  facet normal 0.707003236 0.22183226 0.671518266
    outer loop
      vertex 0.0231001265 0.0104946354 0.029331293
      vertex 0.0231001098 0.0090427706 0.0298109259
      vertex 0.0244324375 0.00865599886 0.0285359621
    endloop
  endfacet
  facet normal 0.707002997 0.221831948 0.671518624
    outer loop
      vertex 0.0231001265 0.0104946354 0.029331293
      vertex 0.0244324375 0.00865599886 0.0285359621
      vertex 0.0244324543 0.0100457696 0.0280768424
    endloop
  endfacet
  facet normal 0.965907276 0.081198208 0.245824978
    outer loop
      vertex 0.0244324543 0.0100457696 0.0280768424
      vertex 0.0244324375 0.00865599886 0.0285359621
      vertex 0.0249200985 0.00812767539 0.0267943311
    endloop
  endfacet
  facet normal 0.965907454 0.0811985657 0.245824471
    outer loop
      vertex 0.0244324543 0.0100457696 0.0280768424
      vertex 0.0249200985 0.00812767539 0.0267943311
      vertex 0.0249201134 0.00943262503 0.0263632331
    endloop
  endfacet
  facet normal 0.965905309 -0.0812209025 -0.245825276
    outer loop
      vertex 0.0249201134 0.00943262503 0.0263632331
      vertex 0.0249200985 0.00812767539 0.0267943311
      vertex 0.0244324245 0.0075993631 0.0250527002
    endloop
  endfacet
  facet normal 0.965905428 -0.0812214315 -0.24582459
    outer loop
      vertex 0.0249201134 0.00943262503 0.0263632331
      vertex 0.0244324245 0.0075993631 0.0250527002
      vertex 0.0244324394 0.00881949067 0.0246496238
    endloop
  endfacet
  facet normal 0.706997991 -0.221848756 -0.671518445
    outer loop
      vertex 0.0244324394 0.00881949067 0.0246496238
      vertex 0.0244324245 0.0075993631 0.0250527002
      vertex 0.0231000874 0.00721262302 0.0237777364
    endloop
  endfacet
  facet normal 0.70699811 -0.221849009 -0.671518147
    outer loop
      vertex 0.0244324394 0.00881949067 0.0246496238
      vertex 0.0231000874 0.00721262302 0.0237777364
      vertex 0.0231001023 0.00837065652 0.0233951733
    endloop
  endfacet
  facet normal 0.258742779 -0.303003073 -0.917192101
    outer loop
      vertex 0.0231001023 0.00837065652 0.0233951733
      vertex 0.0231000874 0.00721262302 0.0237777364
      vertex 0.0212800857 0.00707108248 0.0233110674
    endloop
  endfacet
  facet normal 0.258741707 -0.303001493 -0.917192936
    outer loop
      vertex 0.0231001023 0.00837065652 0.0233951733
      vertex 0.0212800857 0.00707108248 0.0233110674
      vertex 0.0212800987 0.00820638798 0.0229360145
    endloop
  endfacet
  facet normal -0.258750081 -0.302995443 -0.917192578
    outer loop
      vertex 0.0212800987 0.00820638798 0.0229360145
      vertex 0.0212800857 0.00707108248 0.0233110674
      vertex 0.0194600876 0.00721266633 0.0237777364
    endloop
  endfacet
  facet normal -0.258749217 -0.302996784 -0.91719234
    outer loop
      vertex 0.0212800987 0.00820638798 0.0229360145
      vertex 0.0194600876 0.00721266633 0.0237777364
      vertex 0.0194601007 0.00837070029 0.0233951733
    endloop
  endfacet
  facet normal -0.707003236 -0.221831948 -0.671518326
    outer loop
      vertex 0.0194601007 0.00837070029 0.0233951733
      vertex 0.0194600876 0.00721266633 0.0237777364
      vertex 0.0181277599 0.00759943854 0.0250527002
    endloop
  endfacet
  facet normal -0.707003593 -0.221831426 -0.671518385
    outer loop
      vertex 0.0194601007 0.00837070029 0.0233951733
      vertex 0.0181277599 0.00759943854 0.0250527002
      vertex 0.0181277748 0.00881956611 0.0246496238
    endloop
  endfacet
  facet normal -0.965907335 -0.0811979771 -0.245825067
    outer loop
      vertex 0.0181277748 0.00881956611 0.0246496238
      vertex 0.0181277599 0.00759943854 0.0250527002
      vertex 0.0176400989 0.008127762 0.0267943311
    endloop
  endfacet
  facet normal -0.965907216 -0.0811984688 -0.245825171
    outer loop
      vertex 0.0181277748 0.00881956611 0.0246496238
      vertex 0.0176400989 0.008127762 0.0267943311
      vertex 0.0176401138 0.00943271164 0.026363235
    endloop
  endfacet
  facet normal -0.965905368 0.0812205896 0.24582541
    outer loop
      vertex 0.0176401138 0.00943271164 0.026363235
      vertex 0.0176400989 0.008127762 0.0267943311
      vertex 0.018127773 0.00865607429 0.0285359621
    endloop
  endfacet
  facet normal -0.965905249 0.081221424 0.245825648
    outer loop
      vertex 0.0176401138 0.00943271164 0.026363235
      vertex 0.018127773 0.00865607429 0.0285359621
      vertex 0.0181277897 0.0100458451 0.0280768443
    endloop
  endfacet
  facet normal -0.706997991 0.2218481 0.671518624
    outer loop
      vertex 0.0181277897 0.0100458451 0.0280768443
      vertex 0.018127773 0.00865607429 0.0285359621
      vertex 0.01946011 0.00904281437 0.0298109259
    endloop
  endfacet
  facet normal -0.70699811 0.221847847 0.671518624
    outer loop
      vertex 0.0181277897 0.0100458451 0.0280768443
      vertex 0.01946011 0.00904281437 0.0298109259
      vertex 0.0194601268 0.0104946792 0.0293312948
    endloop
  endfacet
  facet normal -0.258742034 0.303002298 0.917192459
    outer loop
      vertex 0.0194601268 0.0104946792 0.0293312948
      vertex 0.01946011 0.00904281437 0.0298109259
      vertex 0.0212801117 0.00918435585 0.0302775931
    endloop
  endfacet
  facet normal -0.258741051 0.30300355 0.9171924
    outer loop
      vertex 0.0194601268 0.0104946792 0.0293312948
      vertex 0.0212801117 0.00918435585 0.0302775931
      vertex 0.0212801285 0.0106589478 0.0297904518
    endloop
  endfacet
  facet normal 0.258749008 0.25762701 0.930955052
    outer loop
      vertex 0.0212801117 0.00918435585 0.0302775931
      vertex 0.0212800931 0.00768763712 0.0306917913
      vertex 0.023100093 0.00756912166 0.0302187391
    endloop
  endfacet
  facet normal 0.2587488 0.257626742 0.930955112
    outer loop
      vertex 0.0212801117 0.00918435585 0.0302775931
      vertex 0.023100093 0.00756912166 0.0302187391
      vertex 0.0231001098 0.0090427706 0.0298109259
    endloop
  endfacet
  facet normal 0.707002699 0.188614488 0.681595087
    outer loop
      vertex 0.0231001098 0.0090427706 0.0298109259
      vertex 0.023100093 0.00756912166 0.0302187391
      vertex 0.0244324207 0.00724537531 0.0289263353
    endloop
  endfacet
  facet normal 0.707002878 0.188614741 0.681594729
    outer loop
      vertex 0.0231001098 0.0090427706 0.0298109259
      vertex 0.0244324207 0.00724537531 0.0289263353
      vertex 0.0244324375 0.00865599886 0.0285359621
    endloop
  endfacet
  facet normal 0.965907097 0.069038488 0.249513835
    outer loop
      vertex 0.0244324375 0.00865599886 0.0285359621
      vertex 0.0244324207 0.00724537531 0.0289263353
      vertex 0.0249200836 0.00680314563 0.0271608774
    endloop
  endfacet
  facet normal 0.965907156 0.0690387264 0.249513522
    outer loop
      vertex 0.0244324375 0.00865599886 0.0285359621
      vertex 0.0249200836 0.00680314563 0.0271608774
      vertex 0.0249200985 0.00812767539 0.0267943311
    endloop
  endfacet
  facet normal 0.965905309 -0.0690607503 -0.24951458
    outer loop
      vertex 0.0249200985 0.00812767539 0.0267943311
      vertex 0.0249200836 0.00680314563 0.0271608774
      vertex 0.0244324096 0.00636092806 0.0253954213
    endloop
  endfacet
  facet normal 0.965905488 -0.0690614134 -0.24951385
    outer loop
      vertex 0.0249200985 0.00812767539 0.0267943311
      vertex 0.0244324096 0.00636092806 0.0253954213
      vertex 0.0244324245 0.0075993631 0.0250527002
    endloop
  endfacet
  facet normal 0.706998765 -0.188631117 -0.681594551
    outer loop
      vertex 0.0244324245 0.0075993631 0.0250527002
      vertex 0.0244324096 0.00636092806 0.0253954213
      vertex 0.0231000744 0.00603721337 0.0241030157
    endloop
  endfacet
  facet normal 0.706998348 -0.188630417 -0.681595087
    outer loop
      vertex 0.0244324245 0.0075993631 0.0250527002
      vertex 0.0231000744 0.00603721337 0.0241030157
      vertex 0.0231000874 0.00721262302 0.0237777364
    endloop
  endfacet
  facet normal 0.258742869 -0.257632613 -0.930955172
    outer loop
      vertex 0.0231000874 0.00721262302 0.0237777364
      vertex 0.0231000744 0.00603721337 0.0241030157
      vertex 0.0212800726 0.00591874216 0.0236299634
    endloop
  endfacet
  facet normal 0.258743316 -0.257633239 -0.930954874
    outer loop
      vertex 0.0231000874 0.00721262302 0.0237777364
      vertex 0.0212800726 0.00591874216 0.0236299634
      vertex 0.0212800857 0.00707108248 0.0233110674
    endloop
  endfacet
  facet normal -0.258748919 -0.257627398 -0.930954933
    outer loop
      vertex 0.0212800857 0.00707108248 0.0233110674
      vertex 0.0212800726 0.00591874216 0.0236299634
      vertex 0.0194600727 0.00603725715 0.0241030157
    endloop
  endfacet
  facet normal -0.258749515 -0.257626504 -0.930955052
    outer loop
      vertex 0.0212800857 0.00707108248 0.0233110674
      vertex 0.0194600727 0.00603725715 0.0241030157
      vertex 0.0194600876 0.00721266633 0.0237777364
    endloop
  endfacet
  facet normal -0.707003176 -0.188613594 -0.681594789
    outer loop
      vertex 0.0194600876 0.00721266633 0.0237777364
      vertex 0.0194600727 0.00603725715 0.0241030157
      vertex 0.018127745 0.0063610035 0.0253954213
    endloop
  endfacet
  facet normal -0.707002878 -0.188614145 -0.681594908
    outer loop
      vertex 0.0194600876 0.00721266633 0.0237777364
      vertex 0.018127745 0.0063610035 0.0253954213
      vertex 0.0181277599 0.00759943854 0.0250527002
    endloop
  endfacet
  facet normal -0.965907097 -0.0690382347 -0.249514133
    outer loop
      vertex 0.0181277599 0.00759943854 0.0250527002
      vertex 0.018127745 0.0063610035 0.0253954213
      vertex 0.0176400822 0.00680323318 0.0271608774
    endloop
  endfacet
  facet normal -0.965907156 -0.0690375194 -0.249513879
    outer loop
      vertex 0.0181277599 0.00759943854 0.0250527002
      vertex 0.0176400822 0.00680323318 0.0271608774
      vertex 0.0176400989 0.008127762 0.0267943311
    endloop
  endfacet
  facet normal -0.965905428 0.069062002 0.249514014
    outer loop
      vertex 0.0176400989 0.008127762 0.0267943311
      vertex 0.0176400822 0.00680323318 0.0271608774
      vertex 0.0181277562 0.00724545121 0.0289263353
    endloop
  endfacet
  facet normal -0.965905488 0.069061473 0.24951385
    outer loop
      vertex 0.0176400989 0.008127762 0.0267943311
      vertex 0.0181277562 0.00724545121 0.0289263353
      vertex 0.018127773 0.00865607429 0.0285359621
    endloop
  endfacet
  facet normal -0.706998289 0.188631684 0.681594849
    outer loop
      vertex 0.018127773 0.00865607429 0.0285359621
      vertex 0.0181277562 0.00724545121 0.0289263353
      vertex 0.0194600914 0.00756916543 0.0302187391
    endloop
  endfacet
  facet normal -0.706998348 0.188631415 0.681594849
    outer loop
      vertex 0.018127773 0.00865607429 0.0285359621
      vertex 0.0194600914 0.00756916543 0.0302187391
      vertex 0.01946011 0.00904281437 0.0298109259
    endloop
  endfacet
  facet normal -0.258742958 0.257632971 0.930955112
    outer loop
      vertex 0.01946011 0.00904281437 0.0298109259
      vertex 0.0194600914 0.00756916543 0.0302187391
      vertex 0.0212800931 0.00768763712 0.0306917913
    endloop
  endfacet
  facet normal -0.258742571 0.257633448 0.930955052
    outer loop
      vertex 0.01946011 0.00904281437 0.0298109259
      vertex 0.0212800931 0.00768763712 0.0306917913
      vertex 0.0212801117 0.00918435585 0.0302775931
    endloop
  endfacet
  facet normal 0.258747935 0.211636588 0.9424752
    outer loop
      vertex 0.0212800931 0.00768763712 0.0306917913
      vertex 0.0212800745 0.00617241208 0.0310320463
      vertex 0.0231000744 0.0060772514 0.0305537507
    endloop
  endfacet
  facet normal 0.258748472 0.211637199 0.942474902
    outer loop
      vertex 0.0212800931 0.00768763712 0.0306917913
      vertex 0.0231000744 0.0060772514 0.0305537507
      vertex 0.023100093 0.00756912166 0.0302187391
    endloop
  endfacet
  facet normal 0.707002401 0.154942855 0.690029323
    outer loop
      vertex 0.023100093 0.00756912166 0.0302187391
      vertex 0.0231000744 0.0060772514 0.0305537507
      vertex 0.024432404 0.00581730949 0.0292470176
    endloop
  endfacet
  facet normal 0.707002282 0.154942662 0.690029383
    outer loop
      vertex 0.023100093 0.00756912166 0.0302187391
      vertex 0.024432404 0.00581730949 0.0292470176
      vertex 0.0244324207 0.00724537531 0.0289263353
    endloop
  endfacet
  facet normal 0.965907097 0.0567119755 0.252600849
    outer loop
      vertex 0.0244324207 0.00724537531 0.0289263353
      vertex 0.024432404 0.00581730949 0.0292470176
      vertex 0.0249200668 0.00546223857 0.027461987
    endloop
  endfacet
  facet normal 0.965906978 0.0567113087 0.252601594
    outer loop
      vertex 0.0244324207 0.00724537531 0.0289263353
      vertex 0.0249200668 0.00546223857 0.027461987
      vertex 0.0249200836 0.00680314563 0.0271608774
    endloop
  endfacet
  facet normal 0.965905607 -0.0567354262 -0.252601475
    outer loop
      vertex 0.0249200836 0.00680314563 0.0271608774
      vertex 0.0249200668 0.00546223857 0.027461987
      vertex 0.0244323947 0.00510718022 0.0256769583
    endloop
  endfacet
  facet normal 0.965905428 -0.0567348711 -0.252602041
    outer loop
      vertex 0.0249200836 0.00680314563 0.0271608774
      vertex 0.0244323947 0.00510718022 0.0256769583
      vertex 0.0244324096 0.00636092806 0.0253954213
    endloop
  endfacet
  facet normal 0.706998885 -0.154958799 -0.690029323
    outer loop
      vertex 0.0244324096 0.00636092806 0.0253954213
      vertex 0.0244323947 0.00510718022 0.0256769583
      vertex 0.0231000595 0.00484727044 0.0243702251
    endloop
  endfacet
  facet normal 0.706999123 -0.154959351 -0.690028846
    outer loop
      vertex 0.0244324096 0.00636092806 0.0253954213
      vertex 0.0231000595 0.00484727044 0.0243702251
      vertex 0.0231000744 0.00603721337 0.0241030157
    endloop
  endfacet
  facet normal 0.258742929 -0.211642206 -0.942475259
    outer loop
      vertex 0.0231000744 0.00603721337 0.0241030157
      vertex 0.0231000595 0.00484727044 0.0243702251
      vertex 0.0212800577 0.00475215307 0.0238919295
    endloop
  endfacet
  facet normal 0.258743465 -0.211642981 -0.942475021
    outer loop
      vertex 0.0231000744 0.00603721337 0.0241030157
      vertex 0.0212800577 0.00475215307 0.0238919295
      vertex 0.0212800726 0.00591874216 0.0236299634
    endloop
  endfacet
  facet normal -0.258748263 -0.211636409 -0.9424752
    outer loop
      vertex 0.0212800726 0.00591874216 0.0236299634
      vertex 0.0212800577 0.00475215307 0.0238919295
      vertex 0.0194600597 0.00484731421 0.0243702251
    endloop
  endfacet
  facet normal -0.258748412 -0.211636171 -0.9424752
    outer loop
      vertex 0.0212800726 0.00591874216 0.0236299634
      vertex 0.0194600597 0.00484731421 0.0243702251
      vertex 0.0194600727 0.00603725715 0.0241030157
    endloop
  endfacet
  facet normal -0.707002401 -0.154942855 -0.690029323
    outer loop
      vertex 0.0194600727 0.00603725715 0.0241030157
      vertex 0.0194600597 0.00484731421 0.0243702251
      vertex 0.0181277301 0.00510725565 0.0256769583
    endloop
  endfacet
  facet normal -0.707002699 -0.154941976 -0.690029025
    outer loop
      vertex 0.0194600727 0.00603725715 0.0241030157
      vertex 0.0181277301 0.00510725565 0.0256769583
      vertex 0.018127745 0.0063610035 0.0253954213
    endloop
  endfacet
  facet normal -0.965907037 -0.0567116961 -0.252601147
    outer loop
      vertex 0.018127745 0.0063610035 0.0253954213
      vertex 0.0181277301 0.00510725565 0.0256769583
      vertex 0.0176400673 0.00546232611 0.027461987
    endloop
  endfacet
  facet normal -0.965906918 -0.0567126423 -0.252601564
    outer loop
      vertex 0.018127745 0.0063610035 0.0253954213
      vertex 0.0176400673 0.00546232611 0.027461987
      vertex 0.0176400822 0.00680323318 0.0271608774
    endloop
  endfacet
  facet normal -0.965905607 0.0567340739 0.252601415
    outer loop
      vertex 0.0176400822 0.00680323318 0.0271608774
      vertex 0.0176400673 0.00546232611 0.027461987
      vertex 0.0181277394 0.00581738539 0.0292470176
    endloop
  endfacet
  facet normal -0.965905488 0.0567348823 0.252601802
    outer loop
      vertex 0.0176400822 0.00680323318 0.0271608774
      vertex 0.0181277394 0.00581738539 0.0292470176
      vertex 0.0181277562 0.00724545121 0.0289263353
    endloop
  endfacet
  facet normal -0.706998825 0.154959247 0.690029144
    outer loop
      vertex 0.0181277562 0.00724545121 0.0289263353
      vertex 0.0181277394 0.00581738539 0.0292470176
      vertex 0.0194600746 0.00607729517 0.0305537507
    endloop
  endfacet
  facet normal -0.706998646 0.154959679 0.690029323
    outer loop
      vertex 0.0181277562 0.00724545121 0.0289263353
      vertex 0.0194600746 0.00607729517 0.0305537507
      vertex 0.0194600914 0.00756916543 0.0302187391
    endloop
  endfacet
  facet normal -0.258743167 0.211643353 0.942474961
    outer loop
      vertex 0.0194600914 0.00756916543 0.0302187391
      vertex 0.0194600746 0.00607729517 0.0305537507
      vertex 0.0212800745 0.00617241208 0.0310320463
    endloop
  endfacet
  facet normal -0.258743495 0.211642906 0.942474961
    outer loop
      vertex 0.0194600914 0.00756916543 0.0302187391
      vertex 0.0212800745 0.00617241208 0.0310320463
      vertex 0.0212800931 0.00768763712 0.0306917913
    endloop
  endfacet
  facet normal 0.258747786 0.165137261 0.95172441
    outer loop
      vertex 0.0212800745 0.00617241208 0.0310320463
      vertex 0.0212800577 0.00464230264 0.0312975459
      vertex 0.0231000558 0.00457072491 0.030815158
    endloop
  endfacet
  facet normal 0.258747399 0.165136799 0.95172447
    outer loop
      vertex 0.0212800745 0.00617241208 0.0310320463
      vertex 0.0231000558 0.00457072491 0.030815158
      vertex 0.0231000744 0.0060772514 0.0305537507
    endloop
  endfacet
  facet normal 0.707002521 0.120897733 0.69680059
    outer loop
      vertex 0.0231000744 0.0060772514 0.0305537507
      vertex 0.0231000558 0.00457072491 0.030815158
      vertex 0.0244323853 0.00437521469 0.0294972435
    endloop
  endfacet
  facet normal 0.707001925 0.120896764 0.696801424
    outer loop
      vertex 0.0231000744 0.0060772514 0.0305537507
      vertex 0.0244323853 0.00437521469 0.0294972435
      vertex 0.024432404 0.00581730949 0.0292470176
    endloop
  endfacet
  facet normal 0.965906799 0.0442479998 0.25508073
    outer loop
      vertex 0.024432404 0.00581730949 0.0292470176
      vertex 0.0244323853 0.00437521469 0.0294972435
      vertex 0.0249200501 0.0041081598 0.0276969429
    endloop
  endfacet
  facet normal 0.965907037 0.0442487821 0.255079955
    outer loop
      vertex 0.024432404 0.00581730949 0.0292470176
      vertex 0.0249200501 0.0041081598 0.0276969429
      vertex 0.0249200668 0.00546223857 0.027461987
    endloop
  endfacet
  facet normal 0.965905845 -0.0442727357 -0.255080104
    outer loop
      vertex 0.0249200668 0.00546223857 0.027461987
      vertex 0.0249200501 0.0041081598 0.0276969429
      vertex 0.0244323798 0.00384111586 0.0258966424
    endloop
  endfacet
  facet normal 0.965905786 -0.0442722626 -0.255080521
    outer loop
      vertex 0.0249200668 0.00546223857 0.027461987
      vertex 0.0244323798 0.00384111586 0.0258966424
      vertex 0.0244323947 0.00510718022 0.0256769583
    endloop
  endfacet
  facet normal 0.706998944 -0.120915413 -0.696801245
    outer loop
      vertex 0.0244323947 0.00510718022 0.0256769583
      vertex 0.0244323798 0.00384111586 0.0258966424
      vertex 0.0231000446 0.00364563777 0.0245787296
    endloop
  endfacet
  facet normal 0.706999242 -0.120916016 -0.696800828
    outer loop
      vertex 0.0244323947 0.00510718022 0.0256769583
      vertex 0.0231000446 0.00364563777 0.0245787296
      vertex 0.0231000595 0.00484727044 0.0243702251
    endloop
  endfacet
  facet normal 0.258743763 -0.16514419 -0.951724291
    outer loop
      vertex 0.0231000595 0.00484727044 0.0243702251
      vertex 0.0231000446 0.00364563777 0.0245787296
      vertex 0.0212800447 0.00357410382 0.0240963418
    endloop
  endfacet
  facet normal 0.258743525 -0.165143758 -0.95172441
    outer loop
      vertex 0.0231000595 0.00484727044 0.0243702251
      vertex 0.0212800447 0.00357410382 0.0240963418
      vertex 0.0212800577 0.00475215307 0.0238919295
    endloop
  endfacet
  facet normal -0.258747488 -0.165138036 -0.95172435
    outer loop
      vertex 0.0212800577 0.00475215307 0.0238919295
      vertex 0.0212800447 0.00357410382 0.0240963418
      vertex 0.0194600448 0.00364568131 0.0245787296
    endloop
  endfacet
  facet normal -0.258747667 -0.165137738 -0.951724291
    outer loop
      vertex 0.0212800577 0.00475215307 0.0238919295
      vertex 0.0194600448 0.00364568131 0.0245787296
      vertex 0.0194600597 0.00484731421 0.0243702251
    endloop
  endfacet
  facet normal -0.707002044 -0.1208985 -0.696801007
    outer loop
      vertex 0.0194600597 0.00484731421 0.0243702251
      vertex 0.0194600448 0.00364568131 0.0245787296
      vertex 0.0181277152 0.0038411913 0.0258966424
    endloop
  endfacet
  facet normal -0.707001984 -0.120898753 -0.696801066
    outer loop
      vertex 0.0194600597 0.00484731421 0.0243702251
      vertex 0.0181277152 0.0038411913 0.0258966424
      vertex 0.0181277301 0.00510725565 0.0256769583
    endloop
  endfacet
  facet normal -0.965906799 -0.044249516 -0.255080491
    outer loop
      vertex 0.0181277301 0.00510725565 0.0256769583
      vertex 0.0181277152 0.0038411913 0.0258966424
      vertex 0.0176400505 0.00410824688 0.0276969429
    endloop
  endfacet
  facet normal -0.965906858 -0.0442488119 -0.255080193
    outer loop
      vertex 0.0181277301 0.00510725565 0.0256769583
      vertex 0.0176400505 0.00410824688 0.0276969429
      vertex 0.0176400673 0.00546232611 0.027461987
    endloop
  endfacet
  facet normal -0.965905786 0.0442727171 0.255080104
    outer loop
      vertex 0.0176400673 0.00546232611 0.027461987
      vertex 0.0176400505 0.00410824688 0.0276969429
      vertex 0.0181277208 0.00437529059 0.0294972435
    endloop
  endfacet
  facet normal -0.965905786 0.0442728549 0.255080134
    outer loop
      vertex 0.0176400673 0.00546232611 0.027461987
      vertex 0.0181277208 0.00437529059 0.0294972435
      vertex 0.0181277394 0.00581738539 0.0292470176
    endloop
  endfacet
  facet normal -0.706999421 0.120914929 0.696800828
    outer loop
      vertex 0.0181277394 0.00581738539 0.0292470176
      vertex 0.0181277208 0.00437529059 0.0294972435
      vertex 0.019460056 0.00457076868 0.030815158
    endloop
  endfacet
  facet normal -0.706999302 0.120915279 0.696800947
    outer loop
      vertex 0.0181277394 0.00581738539 0.0292470176
      vertex 0.019460056 0.00457076868 0.030815158
      vertex 0.0194600746 0.00607729517 0.0305537507
    endloop
  endfacet
  facet normal -0.258743525 0.165143177 0.95172447
    outer loop
      vertex 0.0194600746 0.00607729517 0.0305537507
      vertex 0.019460056 0.00457076868 0.030815158
      vertex 0.0212800577 0.00464230264 0.0312975459
    endloop
  endfacet
  facet normal -0.258743703 0.165142938 0.95172447
    outer loop
      vertex 0.0194600746 0.00607729517 0.0305537507
      vertex 0.0212800577 0.00464230264 0.0312975459
      vertex 0.0212800745 0.00617241208 0.0310320463
    endloop
  endfacet
  facet normal 0.25874719 0.118237235 0.958681345
    outer loop
      vertex 0.0212800577 0.00464230264 0.0312975459
      vertex 0.0212800391 0.00310100778 0.0314876437
      vertex 0.0231000371 0.00305318646 0.0310023259
    endloop
  endfacet
  facet normal 0.258747131 0.118237205 0.958681226
    outer loop
      vertex 0.0212800577 0.00464230264 0.0312975459
      vertex 0.0231000371 0.00305318646 0.0310023259
      vertex 0.0231000558 0.00457072491 0.030815158
    endloop
  endfacet
  facet normal 0.70700109 0.0865606293 0.701895118
    outer loop
      vertex 0.0231000558 0.00457072491 0.030815158
      vertex 0.0231000371 0.00305318646 0.0310023259
      vertex 0.0244323686 0.00292257895 0.0296764094
    endloop
  endfacet
  facet normal 0.707002103 0.0865623727 0.701893806
    outer loop
      vertex 0.0231000558 0.00457072491 0.030815158
      vertex 0.0244323686 0.00292257895 0.0296764094
      vertex 0.0244323853 0.00437521469 0.0294972435
    endloop
  endfacet
  facet normal 0.965906799 0.0316800028 0.256944418
    outer loop
      vertex 0.0244323853 0.00437521469 0.0294972435
      vertex 0.0244323686 0.00292257895 0.0296764094
      vertex 0.0249200333 0.00274418201 0.0278651733
    endloop
  endfacet
  facet normal 0.96590668 0.0316792578 0.256945133
    outer loop
      vertex 0.0244323853 0.00437521469 0.0294972435
      vertex 0.0249200333 0.00274418201 0.0278651733
      vertex 0.0249200501 0.0041081598 0.0276969429
    endloop
  endfacet
  facet normal 0.965906143 -0.0317028724 -0.256944209
    outer loop
      vertex 0.0249200501 0.0041081598 0.0276969429
      vertex 0.0249200333 0.00274418201 0.0278651733
      vertex 0.0244323649 0.00256579672 0.0260539372
    endloop
  endfacet
  facet normal 0.965905964 -0.0317022242 -0.256944746
    outer loop
      vertex 0.0249200501 0.0041081598 0.0276969429
      vertex 0.0244323649 0.00256579672 0.0260539372
      vertex 0.0244323798 0.00384111586 0.0258966424
    endloop
  endfacet
  facet normal 0.706999302 -0.0865782648 -0.701894701
    outer loop
      vertex 0.0244323798 0.00384111586 0.0258966424
      vertex 0.0244323649 0.00256579672 0.0260539372
      vertex 0.0231000297 0.00243522134 0.0247280188
    endloop
  endfacet
  facet normal 0.706999302 -0.0865782574 -0.701894701
    outer loop
      vertex 0.0244323798 0.00384111586 0.0258966424
      vertex 0.0231000297 0.00243522134 0.0247280188
      vertex 0.0231000446 0.00364563777 0.0245787296
    endloop
  endfacet
  facet normal 0.25874424 -0.118244052 -0.958681226
    outer loop
      vertex 0.0231000446 0.00364563777 0.0245787296
      vertex 0.0231000297 0.00243522134 0.0247280188
      vertex 0.0212800298 0.00238744332 0.024242701
    endloop
  endfacet
  facet normal 0.258744329 -0.118244164 -0.958681226
    outer loop
      vertex 0.0231000446 0.00364563777 0.0245787296
      vertex 0.0212800298 0.00238744332 0.024242701
      vertex 0.0212800447 0.00357410382 0.0240963418
    endloop
  endfacet
  facet normal -0.258746952 -0.118237682 -0.958681285
    outer loop
      vertex 0.0212800447 0.00357410382 0.0240963418
      vertex 0.0212800298 0.00238744332 0.024242701
      vertex 0.0194600299 0.00243526488 0.0247280188
    endloop
  endfacet
  facet normal -0.258746922 -0.118237667 -0.958681285
    outer loop
      vertex 0.0212800447 0.00357410382 0.0240963418
      vertex 0.0194600299 0.00243526488 0.0247280188
      vertex 0.0194600448 0.00364568131 0.0245787296
    endloop
  endfacet
  facet normal -0.707002044 -0.0865608156 -0.701894045
    outer loop
      vertex 0.0194600448 0.00364568131 0.0245787296
      vertex 0.0194600299 0.00243526488 0.0247280188
      vertex 0.0181277003 0.00256587216 0.0260539372
    endloop
  endfacet
  facet normal -0.707001686 -0.0865616873 -0.701894403
    outer loop
      vertex 0.0194600448 0.00364568131 0.0245787296
      vertex 0.0181277003 0.00256587216 0.0260539372
      vertex 0.0181277152 0.0038411913 0.0258966424
    endloop
  endfacet
  facet normal -0.96590656 -0.0316797383 -0.256945342
    outer loop
      vertex 0.0181277152 0.0038411913 0.0258966424
      vertex 0.0181277003 0.00256587216 0.0260539372
      vertex 0.0176400337 0.00274426932 0.0278651733
    endloop
  endfacet
  facet normal -0.96590662 -0.0316792391 -0.256945133
    outer loop
      vertex 0.0181277152 0.0038411913 0.0258966424
      vertex 0.0176400337 0.00274426932 0.0278651733
      vertex 0.0176400505 0.00410824688 0.0276969429
    endloop
  endfacet
  facet normal -0.965905905 0.0317029878 0.256945103
    outer loop
      vertex 0.0176400505 0.00410824688 0.0276969429
      vertex 0.0176400337 0.00274426932 0.0278651733
      vertex 0.018127704 0.00292265462 0.0296764094
    endloop
  endfacet
  facet normal -0.965905964 0.0317023061 0.256944746
    outer loop
      vertex 0.0176400505 0.00410824688 0.0276969429
      vertex 0.018127704 0.00292265462 0.0296764094
      vertex 0.0181277208 0.00437529059 0.0294972435
    endloop
  endfacet
  facet normal -0.706999362 0.0865788087 0.701894581
    outer loop
      vertex 0.0181277208 0.00437529059 0.0294972435
      vertex 0.018127704 0.00292265462 0.0296764094
      vertex 0.0194600374 0.00305323023 0.0310023259
    endloop
  endfacet
  facet normal -0.706999838 0.08657787 0.701894283
    outer loop
      vertex 0.0181277208 0.00437529059 0.0294972435
      vertex 0.0194600374 0.00305323023 0.0310023259
      vertex 0.019460056 0.00457076868 0.030815158
    endloop
  endfacet
  facet normal -0.258744001 0.118243597 0.958681405
    outer loop
      vertex 0.019460056 0.00457076868 0.030815158
      vertex 0.0194600374 0.00305323023 0.0310023259
      vertex 0.0212800391 0.00310100778 0.0314876437
    endloop
  endfacet
  facet normal -0.258744091 0.118243486 0.958681405
    outer loop
      vertex 0.019460056 0.00457076868 0.030815158
      vertex 0.0212800391 0.00310100778 0.0314876437
      vertex 0.0212800577 0.00464230264 0.0312975459
    endloop
  endfacet
  facet normal 0.258746088 0.0710567385 0.963328302
    outer loop
      vertex 0.0212800391 0.00310100778 0.0314876437
      vertex 0.0212800205 0.00155225745 0.0316018872
      vertex 0.0231000204 0.00152830686 0.0311148092
    endloop
  endfacet
  facet normal 0.258746594 0.0710573718 0.963328063
    outer loop
      vertex 0.0212800391 0.00310100778 0.0314876437
      vertex 0.0231000204 0.00152830686 0.0311148092
      vertex 0.0231000371 0.00305318646 0.0310023259
    endloop
  endfacet
  facet normal 0.707000971 0.052018702 0.705296874
    outer loop
      vertex 0.0231000371 0.00305318646 0.0310023259
      vertex 0.0231000204 0.00152830686 0.0311148092
      vertex 0.0244323518 0.00146291603 0.0297840815
    endloop
  endfacet
  facet normal 0.707000673 0.052018147 0.705297291
    outer loop
      vertex 0.0231000371 0.00305318646 0.0310023259
      vertex 0.0244323518 0.00146291603 0.0297840815
      vertex 0.0244323686 0.00292257895 0.0296764094
    endloop
  endfacet
  facet normal 0.96590656 0.0190343242 0.258190364
    outer loop
      vertex 0.0244323686 0.00292257895 0.0296764094
      vertex 0.0244323518 0.00146291603 0.0297840815
      vertex 0.0249200184 0.00137360638 0.0279662739
    endloop
  endfacet
  facet normal 0.96590662 0.0190348867 0.258189887
    outer loop
      vertex 0.0244323686 0.00292257895 0.0296764094
      vertex 0.0249200184 0.00137360638 0.0279662739
      vertex 0.0249200333 0.00274418201 0.0278651733
    endloop
  endfacet
  facet normal 0.965906084 -0.0190559346 -0.258190304
    outer loop
      vertex 0.0249200333 0.00274418201 0.0278651733
      vertex 0.0249200184 0.00137360638 0.0279662739
      vertex 0.02443235 0.0012843085 0.0261484664
    endloop
  endfacet
  facet normal 0.965906322 -0.0190566331 -0.258189738
    outer loop
      vertex 0.0249200333 0.00274418201 0.0278651733
      vertex 0.02443235 0.0012843085 0.0261484664
      vertex 0.0244323649 0.00256579672 0.0260539372
    endloop
  endfacet
  facet normal 0.70699966 -0.0520346016 -0.705296993
    outer loop
      vertex 0.0244323649 0.00256579672 0.0260539372
      vertex 0.02443235 0.0012843085 0.0261484664
      vertex 0.0231000148 0.00121894968 0.0248177368
    endloop
  endfacet
  facet normal 0.706999719 -0.052034732 -0.705296934
    outer loop
      vertex 0.0244323649 0.00256579672 0.0260539372
      vertex 0.0231000148 0.00121894968 0.0248177368
      vertex 0.0231000297 0.00243522134 0.0247280188
    endloop
  endfacet
  facet normal 0.258744478 -0.0710628852 -0.963328302
    outer loop
      vertex 0.0231000297 0.00243522134 0.0247280188
      vertex 0.0231000148 0.00121894968 0.0248177368
      vertex 0.0212800149 0.00119504274 0.0243306588
    endloop
  endfacet
  facet normal 0.258744836 -0.0710634738 -0.963328123
    outer loop
      vertex 0.0231000297 0.00243522134 0.0247280188
      vertex 0.0212800149 0.00119504274 0.0243306588
      vertex 0.0212800298 0.00238744332 0.024242701
    endloop
  endfacet
  facet normal -0.258746117 -0.0710570067 -0.963328242
    outer loop
      vertex 0.0212800298 0.00238744332 0.024242701
      vertex 0.0212800149 0.00119504274 0.0243306588
      vertex 0.019460015 0.00121899333 0.0248177368
    endloop
  endfacet
  facet normal -0.258746356 -0.0710565299 -0.963328242
    outer loop
      vertex 0.0212800298 0.00238744332 0.024242701
      vertex 0.019460015 0.00121899333 0.0248177368
      vertex 0.0194600299 0.00243526488 0.0247280188
    endloop
  endfacet
  facet normal -0.707001507 -0.0520173945 -0.705296457
    outer loop
      vertex 0.0194600299 0.00243526488 0.0247280188
      vertex 0.019460015 0.00121899333 0.0248177368
      vertex 0.0181276836 0.00128438417 0.0261484664
    endloop
  endfacet
  facet normal -0.707001626 -0.0520170666 -0.705296338
    outer loop
      vertex 0.0194600299 0.00243526488 0.0247280188
      vertex 0.0181276836 0.00128438417 0.0261484664
      vertex 0.0181277003 0.00256587216 0.0260539372
    endloop
  endfacet
  facet normal -0.96590656 -0.0190328378 -0.258190423
    outer loop
      vertex 0.0181277003 0.00256587216 0.0260539372
      vertex 0.0181276836 0.00128438417 0.0261484664
      vertex 0.017640017 0.00137369381 0.0279662739
    endloop
  endfacet
  facet normal -0.965906382 -0.019033676 -0.2581909
    outer loop
      vertex 0.0181277003 0.00256587216 0.0260539372
      vertex 0.017640017 0.00137369381 0.0279662739
      vertex 0.0176400337 0.00274426932 0.0278651733
    endloop
  endfacet
  facet normal -0.965906084 0.0190572459 0.258190215
    outer loop
      vertex 0.0176400337 0.00274426932 0.0278651733
      vertex 0.017640017 0.00137369381 0.0279662739
      vertex 0.0181276854 0.0014629917 0.0297840815
    endloop
  endfacet
  facet normal -0.965906084 0.0190577544 0.258190572
    outer loop
      vertex 0.0176400337 0.00274426932 0.0278651733
      vertex 0.0181276854 0.0014629917 0.0297840815
      vertex 0.018127704 0.00292265462 0.0296764094
    endloop
  endfacet
  facet normal -0.706999183 0.0520353056 0.70529741
    outer loop
      vertex 0.018127704 0.00292265462 0.0296764094
      vertex 0.0181276854 0.0014629917 0.0297840815
      vertex 0.0194600206 0.00152835052 0.0311148092
    endloop
  endfacet
  facet normal -0.706999719 0.0520342514 0.705296993
    outer loop
      vertex 0.018127704 0.00292265462 0.0296764094
      vertex 0.0194600206 0.00152835052 0.0311148092
      vertex 0.0194600374 0.00305323023 0.0310023259
    endloop
  endfacet
  facet normal -0.258744448 0.0710630789 0.963328242
    outer loop
      vertex 0.0194600374 0.00305323023 0.0310023259
      vertex 0.0194600206 0.00152835052 0.0311148092
      vertex 0.0212800205 0.00155225745 0.0316018872
    endloop
  endfacet
  facet normal -0.258744538 0.0710629672 0.963328242
    outer loop
      vertex 0.0194600374 0.00305323023 0.0310023259
      vertex 0.0212800205 0.00155225745 0.0316018872
      vertex 0.0212800391 0.00310100778 0.0314876437
    endloop
  endfacet
  facet normal 0.258746147 0.0237033628 0.965654552
    outer loop
      vertex 0.0212800205 0.00155225745 0.0316018872
      vertex 0.0212800018 -2.48102168e-07 0.0316400006
      vertex 0.0231000017 -2.70016074e-07 0.0311523341
    endloop
  endfacet
  facet normal 0.258745521 0.0237025749 0.965654671
    outer loop
      vertex 0.0212800205 0.00155225745 0.0316018872
      vertex 0.0231000017 -2.70016074e-07 0.0311523341
      vertex 0.0231000204 0.00152830686 0.0311148092
    endloop
  endfacet
  facet normal 0.707000971 0.0173474364 0.706999779
    outer loop
      vertex 0.0231000204 0.00152830686 0.0311148092
      vertex 0.0231000017 -2.70016074e-07 0.0311523341
      vertex 0.0244323332 -2.86219034e-07 0.0298200008
    endloop
  endfacet
  facet normal 0.707000613 0.0173466764 0.707000196
    outer loop
      vertex 0.0231000204 0.00152830686 0.0311148092
      vertex 0.0244323332 -2.86219034e-07 0.0298200008
      vertex 0.0244323518 0.00146291603 0.0297840815
    endloop
  endfacet
  facet normal 0.965906322 0.00634117657 0.258814275
    outer loop
      vertex 0.0244323518 0.00146291603 0.0297840815
      vertex 0.0244323332 -2.86219034e-07 0.0298200008
      vertex 0.0249200016 -2.92369407e-07 0.0280000009
    endloop
  endfacet
  facet normal 0.965906382 0.00634165853 0.258813918
    outer loop
      vertex 0.0244323518 0.00146291603 0.0297840815
      vertex 0.0249200016 -2.92369407e-07 0.0280000009
      vertex 0.0249200184 0.00137360638 0.0279662739
    endloop
  endfacet
  facet normal 0.965906143 -0.00636524288 -0.258814275
    outer loop
      vertex 0.0249200184 0.00137360638 0.0279662739
      vertex 0.0249200016 -2.92369407e-07 0.0280000009
      vertex 0.0244323332 -2.86819272e-07 0.026180001
    endloop
  endfacet
  facet normal 0.965906262 -0.00636602845 -0.258813709
    outer loop
      vertex 0.0249200184 0.00137360638 0.0279662739
      vertex 0.0244323332 -2.86819272e-07 0.026180001
      vertex 0.02443235 0.0012843085 0.0261484664
    endloop
  endfacet
  facet normal 0.707000494 -0.017364841 -0.706999779
    outer loop
      vertex 0.02443235 0.0012843085 0.0261484664
      vertex 0.0244323332 -2.86819272e-07 0.026180001
      vertex 0.0231000017 -2.7105574e-07 0.0248476677
    endloop
  endfacet
  facet normal 0.707000136 -0.0173638016 -0.707000315
    outer loop
      vertex 0.02443235 0.0012843085 0.0261484664
      vertex 0.0231000017 -2.7105574e-07 0.0248476677
      vertex 0.0231000148 0.00121894968 0.0248177368
    endloop
  endfacet
  facet normal 0.258745551 -0.0237087738 -0.965654433
    outer loop
      vertex 0.0231000148 0.00121894968 0.0248177368
      vertex 0.0231000017 -2.7105574e-07 0.0248476677
      vertex 0.0212800018 -2.49302673e-07 0.0243600011
    endloop
  endfacet
  facet normal 0.258745015 -0.0237079095 -0.965654671
    outer loop
      vertex 0.0231000148 0.00121894968 0.0248177368
      vertex 0.0212800018 -2.49302673e-07 0.0243600011
      vertex 0.0212800149 0.00119504274 0.0243306588
    endloop
  endfacet
  facet normal -0.258746147 -0.0237022433 -0.965654492
    outer loop
      vertex 0.0212800149 0.00119504274 0.0243306588
      vertex 0.0212800018 -2.49302673e-07 0.0243600011
      vertex 0.019460002 -2.27388753e-07 0.0248476677
    endloop
  endfacet
  facet normal -0.258745492 -0.0237032324 -0.965654612
    outer loop
      vertex 0.0212800149 0.00119504274 0.0243306588
      vertex 0.019460002 -2.27388753e-07 0.0248476677
      vertex 0.019460015 0.00121899333 0.0248177368
    endloop
  endfacet
  facet normal -0.707000554 -0.0173487011 -0.707000256
    outer loop
      vertex 0.019460015 0.00121899333 0.0248177368
      vertex 0.019460002 -2.27388753e-07 0.0248476677
      vertex 0.0181276686 -2.11185821e-07 0.026180001
    endloop
  endfacet
  facet normal -0.70700103 -0.0173474047 -0.70699966
    outer loop
      vertex 0.019460015 0.00121899333 0.0248177368
      vertex 0.0181276686 -2.11185821e-07 0.026180001
      vertex 0.0181276836 0.00128438417 0.0261484664
    endloop
  endfacet
  facet normal -0.96590656 -0.0063422136 -0.258813351
    outer loop
      vertex 0.0181276836 0.00128438417 0.0261484664
      vertex 0.0181276686 -2.11185821e-07 0.026180001
      vertex 0.0176400021 -2.05035434e-07 0.0280000009
    endloop
  endfacet
  facet normal -0.965906382 -0.00634297589 -0.258813858
    outer loop
      vertex 0.0181276836 0.00128438417 0.0261484664
      vertex 0.0176400021 -2.05035434e-07 0.0280000009
      vertex 0.017640017 0.00137369381 0.0279662739
    endloop
  endfacet
  facet normal -0.965906382 0.00636391109 0.258813351
    outer loop
      vertex 0.017640017 0.00137369381 0.0279662739
      vertex 0.0176400021 -2.05035434e-07 0.0280000009
      vertex 0.0181276686 -2.10585569e-07 0.0298200008
    endloop
  endfacet
  facet normal -0.965906322 0.00636452902 0.258813798
    outer loop
      vertex 0.017640017 0.00137369381 0.0279662739
      vertex 0.0181276686 -2.10585569e-07 0.0298200008
      vertex 0.0181276854 0.0014629917 0.0297840815
    endloop
  endfacet
  facet normal -0.707000017 0.0173638128 0.707000315
    outer loop
      vertex 0.0181276854 0.0014629917 0.0297840815
      vertex 0.0181276686 -2.10585569e-07 0.0298200008
      vertex 0.019460002 -2.26349087e-07 0.0311523341
    endloop
  endfacet
  facet normal -0.7069996 0.017364705 0.707000792
    outer loop
      vertex 0.0181276854 0.0014629917 0.0297840815
      vertex 0.019460002 -2.26349087e-07 0.0311523341
      vertex 0.0194600206 0.00152835052 0.0311148092
    endloop
  endfacet
  facet normal -0.258745551 0.0237088893 0.965654433
    outer loop
      vertex 0.0194600206 0.00152835052 0.0311148092
      vertex 0.019460002 -2.26349087e-07 0.0311523341
      vertex 0.0212800018 -2.48102168e-07 0.0316400006
    endloop
  endfacet
  facet normal -0.258745015 0.0237095859 0.965654671
    outer loop
      vertex 0.0194600206 0.00152835052 0.0311148092
      vertex 0.0212800018 -2.48102168e-07 0.0316400006
      vertex 0.0212800205 0.00155225745 0.0316018872
    endloop
  endfacet
  facet normal 0.258745015 -0.0237095691 0.965654612
    outer loop
      vertex 0.0212800018 -2.48102168e-07 0.0316400006
      vertex 0.0212799832 -0.00155275385 0.0316018872
      vertex 0.0230999831 -0.00152884703 0.0311148092
    endloop
  endfacet
  facet normal 0.258745581 -0.0237088837 0.965654492
    outer loop
      vertex 0.0212800018 -2.48102168e-07 0.0316400006
      vertex 0.0230999831 -0.00152884703 0.0311148092
      vertex 0.0231000017 -2.70016074e-07 0.0311523341
    endloop
  endfacet
  facet normal 0.707000017 -0.017364677 0.707000256
    outer loop
      vertex 0.0231000017 -2.70016074e-07 0.0311523341
      vertex 0.0230999831 -0.00152884703 0.0311148092
      vertex 0.0244323164 -0.00146348856 0.0297840815
    endloop
  endfacet
  facet normal 0.707000554 -0.0173638277 0.706999779
    outer loop
      vertex 0.0231000017 -2.70016074e-07 0.0311523341
      vertex 0.0244323164 -0.00146348856 0.0297840815
      vertex 0.0244323332 -2.86219034e-07 0.0298200008
    endloop
  endfacet
  facet normal 0.965906322 -0.00636452669 0.258813798
    outer loop
      vertex 0.0244323332 -2.86219034e-07 0.0298200008
      vertex 0.0244323164 -0.00146348856 0.0297840815
      vertex 0.0249199849 -0.00137419126 0.0279662739
    endloop
  endfacet
  facet normal 0.965906143 -0.00636526151 0.258814275
    outer loop
      vertex 0.0244323332 -2.86219034e-07 0.0298200008
      vertex 0.0249199849 -0.00137419126 0.0279662739
      vertex 0.0249200016 -2.92369407e-07 0.0280000009
    endloop
  endfacet
  facet normal 0.965906382 0.00634166226 -0.258813918
    outer loop
      vertex 0.0249200016 -2.92369407e-07 0.0280000009
      vertex 0.0249199849 -0.00137419126 0.0279662739
      vertex 0.0244323183 -0.00128488231 0.0261484664
    endloop
  endfacet
  facet normal 0.965906262 0.00634223688 -0.258814275
    outer loop
      vertex 0.0249200016 -2.92369407e-07 0.0280000009
      vertex 0.0244323183 -0.00128488231 0.0261484664
      vertex 0.0244323332 -2.86819272e-07 0.026180001
    endloop
  endfacet
  facet normal 0.70700109 0.0173474103 -0.706999719
    outer loop
      vertex 0.0244323332 -2.86819272e-07 0.026180001
      vertex 0.0244323183 -0.00128488231 0.0261484664
      vertex 0.0230999868 -0.00121949171 0.0248177368
    endloop
  endfacet
  facet normal 0.707000971 0.0173475984 -0.706999779
    outer loop
      vertex 0.0244323332 -2.86819272e-07 0.026180001
      vertex 0.0230999868 -0.00121949171 0.0248177368
      vertex 0.0231000017 -2.7105574e-07 0.0248476677
    endloop
  endfacet
  facet normal 0.258745521 0.0237028487 -0.965654612
    outer loop
      vertex 0.0231000017 -2.7105574e-07 0.0248476677
      vertex 0.0230999868 -0.00121949171 0.0248177368
      vertex 0.0212799869 -0.00119554135 0.0243306588
    endloop
  endfacet
  facet normal 0.258746147 0.0237018447 -0.965654552
    outer loop
      vertex 0.0231000017 -2.7105574e-07 0.0248476677
      vertex 0.0212799869 -0.00119554135 0.0243306588
      vertex 0.0212800018 -2.49302673e-07 0.0243600011
    endloop
  endfacet
  facet normal -0.258745044 0.0237082914 -0.965654612
    outer loop
      vertex 0.0212800018 -2.49302673e-07 0.0243600011
      vertex 0.0212799869 -0.00119554135 0.0243306588
      vertex 0.0194599871 -0.00121944805 0.0248177368
    endloop
  endfacet
  facet normal -0.258745551 0.0237091705 -0.965654433
    outer loop
      vertex 0.0212800018 -2.49302673e-07 0.0243600011
      vertex 0.0194599871 -0.00121944805 0.0248177368
      vertex 0.019460002 -2.27388753e-07 0.0248476677
    endloop
  endfacet
  facet normal -0.707000554 0.0173648912 -0.706999779
    outer loop
      vertex 0.019460002 -2.27388753e-07 0.0248476677
      vertex 0.0194599871 -0.00121944805 0.0248177368
      vertex 0.0181276537 -0.00128480664 0.0261484664
    endloop
  endfacet
  facet normal -0.707000077 0.0173637923 -0.707000315
    outer loop
      vertex 0.019460002 -2.27388753e-07 0.0248476677
      vertex 0.0181276537 -0.00128480664 0.0261484664
      vertex 0.0181276686 -2.11185821e-07 0.026180001
    endloop
  endfacet
  facet normal -0.965906262 0.0063646324 -0.258813798
    outer loop
      vertex 0.0181276686 -2.11185821e-07 0.026180001
      vertex 0.0181276537 -0.00128480664 0.0261484664
      vertex 0.0176399853 -0.00137410383 0.0279662739
    endloop
  endfacet
  facet normal -0.965906382 0.0063652196 -0.258813351
    outer loop
      vertex 0.0181276686 -2.11185821e-07 0.026180001
      vertex 0.0176399853 -0.00137410383 0.0279662739
      vertex 0.0176400021 -2.05035434e-07 0.0280000009
    endloop
  endfacet
  facet normal -0.965906382 -0.00634166272 0.258813947
    outer loop
      vertex 0.0176400021 -2.05035434e-07 0.0280000009
      vertex 0.0176399853 -0.00137410383 0.0279662739
      vertex 0.0181276519 -0.00146341289 0.0297840815
    endloop
  endfacet
  facet normal -0.96590656 -0.00634238636 0.258813381
    outer loop
      vertex 0.0176400021 -2.05035434e-07 0.0280000009
      vertex 0.0181276519 -0.00146341289 0.0297840815
      vertex 0.0181276686 -2.10585569e-07 0.0298200008
    endloop
  endfacet
  facet normal -0.707000554 -0.0173476096 0.707000196
    outer loop
      vertex 0.0181276686 -2.10585569e-07 0.0298200008
      vertex 0.0181276519 -0.00146341289 0.0297840815
      vertex 0.0194599833 -0.00152880338 0.0311148092
    endloop
  endfacet
  facet normal -0.707000434 -0.0173474196 0.707000315
    outer loop
      vertex 0.0181276686 -2.10585569e-07 0.0298200008
      vertex 0.0194599833 -0.00152880338 0.0311148092
      vertex 0.019460002 -2.26349087e-07 0.0311523341
    endloop
  endfacet
  facet normal -0.258745551 -0.0237025879 0.965654731
    outer loop
      vertex 0.019460002 -2.26349087e-07 0.0311523341
      vertex 0.0194599833 -0.00152880338 0.0311148092
      vertex 0.0212799832 -0.00155275385 0.0316018872
    endloop
  endfacet
  facet normal -0.258746147 -0.0237033591 0.965654492
    outer loop
      vertex 0.019460002 -2.26349087e-07 0.0311523341
      vertex 0.0212799832 -0.00155275385 0.0316018872
      vertex 0.0212800018 -2.48102168e-07 0.0316400006
    endloop
  endfacet
  facet normal 0.258744836 -0.0710622743 0.963328302
    outer loop
      vertex 0.0212799832 -0.00155275385 0.0316018872
      vertex 0.0212799646 -0.00310151931 0.0314876437
      vertex 0.0230999645 -0.0030537413 0.0310023259
    endloop
  endfacet
  facet normal 0.258744448 -0.0710627213 0.963328302
    outer loop
      vertex 0.0212799832 -0.00155275385 0.0316018872
      vertex 0.0230999645 -0.0030537413 0.0310023259
      vertex 0.0230999831 -0.00152884703 0.0311148092
    endloop
  endfacet
  facet normal 0.706999779 -0.0520346127 0.705296934
    outer loop
      vertex 0.0230999831 -0.00152884703 0.0311148092
      vertex 0.0230999645 -0.0030537413 0.0310023259
      vertex 0.0244322978 -0.00292316568 0.0296764094
    endloop
  endfacet
  facet normal 0.70699966 -0.052034758 0.705297053
    outer loop
      vertex 0.0230999831 -0.00152884703 0.0311148092
      vertex 0.0244322978 -0.00292316568 0.0296764094
      vertex 0.0244323164 -0.00146348856 0.0297840815
    endloop
  endfacet
  facet normal 0.965906084 -0.0190575738 0.258190542
    outer loop
      vertex 0.0244323164 -0.00146348856 0.0297840815
      vertex 0.0244322978 -0.00292316568 0.0296764094
      vertex 0.0249199681 -0.00274478015 0.0278651733
    endloop
  endfacet
  facet normal 0.965906084 -0.0190570559 0.258190244
    outer loop
      vertex 0.0244323164 -0.00146348856 0.0297840815
      vertex 0.0249199681 -0.00274478015 0.0278651733
      vertex 0.0249199849 -0.00137419126 0.0279662739
    endloop
  endfacet
  facet normal 0.96590662 0.0190334134 -0.258190006
    outer loop
      vertex 0.0249199849 -0.00137419126 0.0279662739
      vertex 0.0249199681 -0.00274478015 0.0278651733
      vertex 0.0244323034 -0.00256638275 0.0260539372
    endloop
  endfacet
  facet normal 0.965906501 0.0190340467 -0.258190393
    outer loop
      vertex 0.0249199849 -0.00137419126 0.0279662739
      vertex 0.0244323034 -0.00256638275 0.0260539372
      vertex 0.0244323183 -0.00128488231 0.0261484664
    endloop
  endfacet
  facet normal 0.70700115 0.0520176515 -0.705296874
    outer loop
      vertex 0.0244323183 -0.00128488231 0.0261484664
      vertex 0.0244323034 -0.00256638275 0.0260539372
      vertex 0.0230999719 -0.00243577524 0.0247280188
    endloop
  endfacet
  facet normal 0.707001507 0.0520168804 -0.705296516
    outer loop
      vertex 0.0244323183 -0.00128488231 0.0261484664
      vertex 0.0230999719 -0.00243577524 0.0247280188
      vertex 0.0230999868 -0.00121949171 0.0248177368
    endloop
  endfacet
  facet normal 0.258746386 0.0710558519 -0.963328302
    outer loop
      vertex 0.0230999868 -0.00121949171 0.0248177368
      vertex 0.0230999719 -0.00243577524 0.0247280188
      vertex 0.021279972 -0.00238795369 0.024242701
    endloop
  endfacet
  facet normal 0.258746058 0.071056284 -0.963328302
    outer loop
      vertex 0.0230999868 -0.00121949171 0.0248177368
      vertex 0.021279972 -0.00238795369 0.024242701
      vertex 0.0212799869 -0.00119554135 0.0243306588
    endloop
  endfacet
  facet normal -0.258744806 0.071062766 -0.963328183
    outer loop
      vertex 0.0212799869 -0.00119554135 0.0243306588
      vertex 0.021279972 -0.00238795369 0.024242701
      vertex 0.0194599722 -0.0024357317 0.0247280188
    endloop
  endfacet
  facet normal -0.258744448 0.0710621998 -0.963328362
    outer loop
      vertex 0.0212799869 -0.00119554135 0.0243306588
      vertex 0.0194599722 -0.0024357317 0.0247280188
      vertex 0.0194599871 -0.00121944805 0.0248177368
    endloop
  endfacet
  facet normal -0.706999719 0.0520342365 -0.705296934
    outer loop
      vertex 0.0194599871 -0.00121944805 0.0248177368
      vertex 0.0194599722 -0.0024357317 0.0247280188
      vertex 0.018127637 -0.00256630732 0.0260539372
    endloop
  endfacet
  facet normal -0.707000136 0.0520350672 -0.705296516
    outer loop
      vertex 0.0194599871 -0.00121944805 0.0248177368
      vertex 0.018127637 -0.00256630732 0.0260539372
      vertex 0.0181276537 -0.00128480664 0.0261484664
    endloop
  endfacet
  facet normal -0.965906262 0.0190578587 -0.258189589
    outer loop
      vertex 0.0181276537 -0.00128480664 0.0261484664
      vertex 0.018127637 -0.00256630732 0.0260539372
      vertex 0.0176399685 -0.00274469284 0.0278651733
    endloop
  endfacet
  facet normal -0.965906084 0.0190570559 -0.258190244
    outer loop
      vertex 0.0181276537 -0.00128480664 0.0261484664
      vertex 0.0176399685 -0.00274469284 0.0278651733
      vertex 0.0176399853 -0.00137410383 0.0279662739
    endloop
  endfacet
  facet normal -0.96590662 -0.0190334134 0.258190006
    outer loop
      vertex 0.0176399853 -0.00137410383 0.0279662739
      vertex 0.0176399685 -0.00274469284 0.0278651733
      vertex 0.0181276333 -0.00292309001 0.0296764094
    endloop
  endfacet
  facet normal -0.96590656 -0.0190329105 0.258190423
    outer loop
      vertex 0.0176399853 -0.00137410383 0.0279662739
      vertex 0.0181276333 -0.00292309001 0.0296764094
      vertex 0.0181276519 -0.00146341289 0.0297840815
    endloop
  endfacet
  facet normal -0.707000673 -0.05201675 0.70529741
    outer loop
      vertex 0.0181276519 -0.00146341289 0.0297840815
      vertex 0.0181276333 -0.00292309001 0.0296764094
      vertex 0.0194599647 -0.00305369752 0.0310023259
    endloop
  endfacet
  facet normal -0.70700103 -0.0520173199 0.705296934
    outer loop
      vertex 0.0181276519 -0.00146341289 0.0297840815
      vertex 0.0194599647 -0.00305369752 0.0310023259
      vertex 0.0194599833 -0.00152880338 0.0311148092
    endloop
  endfacet
  facet normal -0.258746356 -0.0710564032 0.963328242
    outer loop
      vertex 0.0194599833 -0.00152880338 0.0311148092
      vertex 0.0194599647 -0.00305369752 0.0310023259
      vertex 0.0212799646 -0.00310151931 0.0314876437
    endloop
  endfacet
  facet normal -0.258746088 -0.0710560456 0.963328362
    outer loop
      vertex 0.0194599833 -0.00152880338 0.0311148092
      vertex 0.0212799646 -0.00310151931 0.0314876437
      vertex 0.0212799832 -0.00155275385 0.0316018872
    endloop
  endfacet
  facet normal 0.258744329 -0.118244633 0.958681166
    outer loop
      vertex 0.0212799646 -0.00310151931 0.0314876437
      vertex 0.021279946 -0.00464279903 0.0312975459
      vertex 0.0230999459 -0.00457126508 0.030815158
    endloop
  endfacet
  facet normal 0.25874424 -0.118244715 0.958681226
    outer loop
      vertex 0.0212799646 -0.00310151931 0.0314876437
      vertex 0.0230999459 -0.00457126508 0.030815158
      vertex 0.0230999645 -0.0030537413 0.0310023259
    endloop
  endfacet
  facet normal 0.706999898 -0.086578697 0.701894164
    outer loop
      vertex 0.0230999645 -0.0030537413 0.0310023259
      vertex 0.0230999459 -0.00457126508 0.030815158
      vertex 0.024432281 -0.00437578792 0.0294972435
    endloop
  endfacet
  facet normal 0.706999302 -0.0865795985 0.701894581
    outer loop
      vertex 0.0230999645 -0.0030537413 0.0310023259
      vertex 0.024432281 -0.00437578792 0.0294972435
      vertex 0.0244322978 -0.00292316568 0.0296764094
    endloop
  endfacet
  facet normal 0.965905964 -0.0317026228 0.256944686
    outer loop
      vertex 0.0244322978 -0.00292316568 0.0296764094
      vertex 0.024432281 -0.00437578792 0.0294972435
      vertex 0.0249199513 -0.00410874421 0.0276969429
    endloop
  endfacet
  facet normal 0.965905845 -0.0317032747 0.256945074
    outer loop
      vertex 0.0244322978 -0.00292316568 0.0296764094
      vertex 0.0249199513 -0.00410874421 0.0276969429
      vertex 0.0249199681 -0.00274478015 0.0278651733
    endloop
  endfacet
  facet normal 0.96590662 0.0316795595 -0.256945103
    outer loop
      vertex 0.0249199681 -0.00274478015 0.0278651733
      vertex 0.0249199513 -0.00410874421 0.0276969429
      vertex 0.0244322866 -0.00384168932 0.0258966424
    endloop
  endfacet
  facet normal 0.965906799 0.0316785201 -0.256944567
    outer loop
      vertex 0.0249199681 -0.00274478015 0.0278651733
      vertex 0.0244322866 -0.00384168932 0.0258966424
      vertex 0.0244323034 -0.00256638275 0.0260539372
    endloop
  endfacet
  facet normal 0.707001626 0.0865615308 -0.701894403
    outer loop
      vertex 0.0244323034 -0.00256638275 0.0260539372
      vertex 0.0244322866 -0.00384168932 0.0258966424
      vertex 0.023099957 -0.0036461798 0.0245787296
    endloop
  endfacet
  facet normal 0.707001567 0.0865617096 -0.701894522
    outer loop
      vertex 0.0244323034 -0.00256638275 0.0260539372
      vertex 0.023099957 -0.0036461798 0.0245787296
      vertex 0.0230999719 -0.00243577524 0.0247280188
    endloop
  endfacet
  facet normal 0.25874719 0.118238859 -0.958681166
    outer loop
      vertex 0.0230999719 -0.00243577524 0.0247280188
      vertex 0.023099957 -0.0036461798 0.0245787296
      vertex 0.021279959 -0.00357460277 0.0240963418
    endloop
  endfacet
  facet normal 0.258746922 0.118239179 -0.958681166
    outer loop
      vertex 0.0230999719 -0.00243577524 0.0247280188
      vertex 0.021279959 -0.00357460277 0.0240963418
      vertex 0.021279972 -0.00238795369 0.024242701
    endloop
  endfacet
  facet normal -0.258744031 0.118244879 -0.958681166
    outer loop
      vertex 0.021279972 -0.00238795369 0.024242701
      vertex 0.021279959 -0.00357460277 0.0240963418
      vertex 0.0194599573 -0.00364613626 0.0245787296
    endloop
  endfacet
  facet normal -0.25874427 0.118245229 -0.958681166
    outer loop
      vertex 0.021279972 -0.00238795369 0.024242701
      vertex 0.0194599573 -0.00364613626 0.0245787296
      vertex 0.0194599722 -0.0024357317 0.0247280188
    endloop
  endfacet
  facet normal -0.706999302 0.0865791291 -0.701894581
    outer loop
      vertex 0.0194599722 -0.0024357317 0.0247280188
      vertex 0.0194599573 -0.00364613626 0.0245787296
      vertex 0.0181276221 -0.00384161389 0.0258966424
    endloop
  endfacet
  facet normal -0.706999302 0.0865790769 -0.701894581
    outer loop
      vertex 0.0194599722 -0.0024357317 0.0247280188
      vertex 0.0181276221 -0.00384161389 0.0258966424
      vertex 0.018127637 -0.00256630732 0.0260539372
    endloop
  endfacet
  facet normal -0.965906024 0.0317025445 -0.256944716
    outer loop
      vertex 0.018127637 -0.00256630732 0.0260539372
      vertex 0.0181276221 -0.00384161389 0.0258966424
      vertex 0.0176399518 -0.00410865713 0.0276969429
    endloop
  endfacet
  facet normal -0.965906143 0.0317031927 -0.25694412
    outer loop
      vertex 0.018127637 -0.00256630732 0.0260539372
      vertex 0.0176399518 -0.00410865713 0.0276969429
      vertex 0.0176399685 -0.00274469284 0.0278651733
    endloop
  endfacet
  facet normal -0.96590662 -0.031679552 0.256945103
    outer loop
      vertex 0.0176399685 -0.00274469284 0.0278651733
      vertex 0.0176399518 -0.00410865713 0.0276969429
      vertex 0.0181276165 -0.00437571201 0.0294972435
    endloop
  endfacet
  facet normal -0.965906799 -0.0316803083 0.256944418
    outer loop
      vertex 0.0176399685 -0.00274469284 0.0278651733
      vertex 0.0181276165 -0.00437571201 0.0294972435
      vertex 0.0181276333 -0.00292309001 0.0296764094
    endloop
  endfacet
  facet normal -0.707002044 -0.0865631923 0.701893687
    outer loop
      vertex 0.0181276333 -0.00292309001 0.0296764094
      vertex 0.0181276165 -0.00437571201 0.0294972435
      vertex 0.0194599461 -0.0045712213 0.030815158
    endloop
  endfacet
  facet normal -0.70700109 -0.0865614563 0.701895058
    outer loop
      vertex 0.0181276333 -0.00292309001 0.0296764094
      vertex 0.0194599461 -0.0045712213 0.030815158
      vertex 0.0194599647 -0.00305369752 0.0310023259
    endloop
  endfacet
  facet normal -0.258746952 -0.118238375 0.958681226
    outer loop
      vertex 0.0194599647 -0.00305369752 0.0310023259
      vertex 0.0194599461 -0.0045712213 0.030815158
      vertex 0.021279946 -0.00464279903 0.0312975459
    endloop
  endfacet
  facet normal -0.258746952 -0.118238375 0.958681226
    outer loop
      vertex 0.0194599647 -0.00305369752 0.0310023259
      vertex 0.021279946 -0.00464279903 0.0312975459
      vertex 0.0212799646 -0.00310151931 0.0314876437
    endloop
  endfacet
  facet normal 0.258743435 -0.165143266 0.951724529
    outer loop
      vertex 0.021279946 -0.00464279903 0.0312975459
      vertex 0.0212799273 -0.00617290847 0.0310320463
      vertex 0.0230999291 -0.00607779156 0.0305537507
    endloop
  endfacet
  facet normal 0.258743793 -0.165142864 0.95172447
    outer loop
      vertex 0.021279946 -0.00464279903 0.0312975459
      vertex 0.0230999291 -0.00607779156 0.0305537507
      vertex 0.0230999459 -0.00457126508 0.030815158
    endloop
  endfacet
  facet normal 0.706999242 -0.120914429 0.696801186
    outer loop
      vertex 0.0230999459 -0.00457126508 0.030815158
      vertex 0.0230999291 -0.00607779156 0.0305537507
      vertex 0.0244322643 -0.00581788225 0.0292470176
    endloop
  endfacet
  facet normal 0.706999362 -0.120914094 0.696801066
    outer loop
      vertex 0.0230999459 -0.00457126508 0.030815158
      vertex 0.0244322643 -0.00581788225 0.0292470176
      vertex 0.024432281 -0.00437578792 0.0294972435
    endloop
  endfacet
  facet normal 0.965905786 -0.0442716628 0.255080402
    outer loop
      vertex 0.024432281 -0.00437578792 0.0294972435
      vertex 0.0244322643 -0.00581788225 0.0292470176
      vertex 0.0249199364 -0.0054628239 0.027461987
    endloop
  endfacet
  facet normal 0.965905845 -0.044271417 0.255080283
    outer loop
      vertex 0.024432281 -0.00437578792 0.0294972435
      vertex 0.0249199364 -0.0054628239 0.027461987
      vertex 0.0249199513 -0.00410874421 0.0276969429
    endloop
  endfacet
  facet normal 0.96590668 0.0442502461 -0.255080819
    outer loop
      vertex 0.0249199513 -0.00410874421 0.0276969429
      vertex 0.0249199364 -0.0054628239 0.027461987
      vertex 0.0244322717 -0.00510775344 0.0256769583
    endloop
  endfacet
  facet normal 0.965906799 0.0442494974 -0.255080521
    outer loop
      vertex 0.0249199513 -0.00410874421 0.0276969429
      vertex 0.0244322717 -0.00510775344 0.0256769583
      vertex 0.0244322866 -0.00384168932 0.0258966424
    endloop
  endfacet
  facet normal 0.707001925 0.120898761 -0.696801066
    outer loop
      vertex 0.0244322866 -0.00384168932 0.0258966424
      vertex 0.0244322717 -0.00510775344 0.0256769583
      vertex 0.0230999421 -0.00484781247 0.0243702251
    endloop
  endfacet
  facet normal 0.707001984 0.120898515 -0.696801007
    outer loop
      vertex 0.0244322866 -0.00384168932 0.0258966424
      vertex 0.0230999421 -0.00484781247 0.0243702251
      vertex 0.023099957 -0.0036461798 0.0245787296
    endloop
  endfacet
  facet normal 0.258747697 0.165137798 -0.951724291
    outer loop
      vertex 0.023099957 -0.0036461798 0.0245787296
      vertex 0.0230999421 -0.00484781247 0.0243702251
      vertex 0.0212799441 -0.00475265132 0.0238919295
    endloop
  endfacet
  facet normal 0.258747727 0.165137753 -0.95172435
    outer loop
      vertex 0.023099957 -0.0036461798 0.0245787296
      vertex 0.0212799441 -0.00475265132 0.0238919295
      vertex 0.021279959 -0.00357460277 0.0240963418
    endloop
  endfacet
  facet normal -0.258743495 0.165144265 -0.951724291
    outer loop
      vertex 0.021279959 -0.00357460277 0.0240963418
      vertex 0.0212799441 -0.00475265132 0.0238919295
      vertex 0.0194599424 -0.00484776869 0.0243702251
    endloop
  endfacet
  facet normal -0.258743495 0.165144205 -0.95172435
    outer loop
      vertex 0.021279959 -0.00357460277 0.0240963418
      vertex 0.0194599424 -0.00484776869 0.0243702251
      vertex 0.0194599573 -0.00364613626 0.0245787296
    endloop
  endfacet
  facet normal -0.706999183 0.120916046 -0.696800768
    outer loop
      vertex 0.0194599573 -0.00364613626 0.0245787296
      vertex 0.0194599424 -0.00484776869 0.0243702251
      vertex 0.0181276072 -0.00510767801 0.0256769583
    endloop
  endfacet
  facet normal -0.706998885 0.12091542 -0.696801245
    outer loop
      vertex 0.0194599573 -0.00364613626 0.0245787296
      vertex 0.0181276072 -0.00510767801 0.0256769583
      vertex 0.0181276221 -0.00384161389 0.0258966424
    endloop
  endfacet
  facet normal -0.965905786 0.0442722701 -0.255080551
    outer loop
      vertex 0.0181276221 -0.00384161389 0.0258966424
      vertex 0.0181276072 -0.00510767801 0.0256769583
      vertex 0.017639935 -0.00546273636 0.027461987
    endloop
  endfacet
  facet normal -0.965905786 0.0442727059 -0.255080104
    outer loop
      vertex 0.0181276221 -0.00384161389 0.0258966424
      vertex 0.017639935 -0.00546273636 0.027461987
      vertex 0.0176399518 -0.00410865713 0.0276969429
    endloop
  endfacet
  facet normal -0.965906739 -0.0442489423 0.255080879
    outer loop
      vertex 0.0176399518 -0.00410865713 0.0276969429
      vertex 0.017639935 -0.00546273636 0.027461987
      vertex 0.0181275997 -0.00581780635 0.0292470176
    endloop
  endfacet
  facet normal -0.965906799 -0.0442492329 0.255080551
    outer loop
      vertex 0.0176399518 -0.00410865713 0.0276969429
      vertex 0.0181275997 -0.00581780635 0.0292470176
      vertex 0.0181276165 -0.00437571201 0.0294972435
    endloop
  endfacet
  facet normal -0.707001925 -0.120897681 0.696801245
    outer loop
      vertex 0.0181276165 -0.00437571201 0.0294972435
      vertex 0.0181275997 -0.00581780635 0.0292470176
      vertex 0.0194599293 -0.00607774779 0.0305537507
    endloop
  endfacet
  facet normal -0.707002461 -0.12089856 0.69680053
    outer loop
      vertex 0.0181276165 -0.00437571201 0.0294972435
      vertex 0.0194599293 -0.00607774779 0.0305537507
      vertex 0.0194599461 -0.0045712213 0.030815158
    endloop
  endfacet
  facet normal -0.258747637 -0.165137112 0.95172447
    outer loop
      vertex 0.0194599461 -0.0045712213 0.030815158
      vertex 0.0194599293 -0.00607774779 0.0305537507
      vertex 0.0212799273 -0.00617290847 0.0310320463
    endloop
  endfacet
  facet normal -0.258747518 -0.165136978 0.951724529
    outer loop
      vertex 0.0194599461 -0.0045712213 0.030815158
      vertex 0.0212799273 -0.00617290847 0.0310320463
      vertex 0.021279946 -0.00464279903 0.0312975459
    endloop
  endfacet
  facet normal 0.258743495 -0.211643204 0.942474842
    outer loop
      vertex 0.0212799273 -0.00617290847 0.0310320463
      vertex 0.0212799087 -0.00768814795 0.0306917876
      vertex 0.0230999105 -0.00756967627 0.0302187353
    endloop
  endfacet
  facet normal 0.258742899 -0.211643979 0.942474902
    outer loop
      vertex 0.0212799273 -0.00617290847 0.0310320463
      vertex 0.0230999105 -0.00756967627 0.0302187353
      vertex 0.0230999291 -0.00607779156 0.0305537507
    endloop
  endfacet
  facet normal 0.70699811 -0.154960811 0.690029562
    outer loop
      vertex 0.0230999291 -0.00607779156 0.0305537507
      vertex 0.0230999105 -0.00756967627 0.0302187353
      vertex 0.0244322475 -0.00724596204 0.0289263315
    endloop
  endfacet
  facet normal 0.706998825 -0.1549595 0.690029144
    outer loop
      vertex 0.0230999291 -0.00607779156 0.0305537507
      vertex 0.0244322475 -0.00724596204 0.0289263315
      vertex 0.0244322643 -0.00581788225 0.0292470176
    endloop
  endfacet
  facet normal 0.965905726 -0.0567347631 0.252600878
    outer loop
      vertex 0.0244322643 -0.00581788225 0.0292470176
      vertex 0.0244322475 -0.00724596204 0.0289263315
      vertex 0.0249199197 -0.00680374401 0.0271608736
    endloop
  endfacet
  facet normal 0.965905607 -0.0567354932 0.252601206
    outer loop
      vertex 0.0244322643 -0.00581788225 0.0292470176
      vertex 0.0249199197 -0.00680374401 0.0271608736
      vertex 0.0249199364 -0.0054628239 0.027461987
    endloop
  endfacet
  facet normal 0.965906918 0.0567114912 -0.252601802
    outer loop
      vertex 0.0249199364 -0.0054628239 0.027461987
      vertex 0.0249199197 -0.00680374401 0.0271608736
      vertex 0.0244322568 -0.0063615134 0.0253954176
    endloop
  endfacet
  facet normal 0.965906799 0.0567121059 -0.252602011
    outer loop
      vertex 0.0249199364 -0.0054628239 0.027461987
      vertex 0.0244322568 -0.0063615134 0.0253954176
      vertex 0.0244322717 -0.00510775344 0.0256769583
    endloop
  endfacet
  facet normal 0.707002223 0.154942587 -0.690029383
    outer loop
      vertex 0.0244322717 -0.00510775344 0.0256769583
      vertex 0.0244322568 -0.0063615134 0.0253954176
      vertex 0.0230999291 -0.00603776705 0.0241030138
    endloop
  endfacet
  facet normal 0.707002282 0.154942438 -0.690029323
    outer loop
      vertex 0.0244322717 -0.00510775344 0.0256769583
      vertex 0.0230999291 -0.00603776705 0.0241030138
      vertex 0.0230999421 -0.00484781247 0.0243702251
    endloop
  endfacet
  facet normal 0.258748442 0.211635575 -0.942475259
    outer loop
      vertex 0.0230999421 -0.00484781247 0.0243702251
      vertex 0.0230999291 -0.00603776705 0.0241030138
      vertex 0.0212799292 -0.00591925159 0.0236299615
    endloop
  endfacet
  facet normal 0.258748233 0.211635873 -0.942475319
    outer loop
      vertex 0.0230999421 -0.00484781247 0.0243702251
      vertex 0.0212799292 -0.00591925159 0.0236299615
      vertex 0.0212799441 -0.00475265132 0.0238919295
    endloop
  endfacet
  facet normal -0.258743733 0.211642459 -0.942475021
    outer loop
      vertex 0.0212799441 -0.00475265132 0.0238919295
      vertex 0.0212799292 -0.00591925159 0.0236299615
      vertex 0.0194599293 -0.00603772327 0.0241030138
    endloop
  endfacet
  facet normal -0.258742958 0.211641312 -0.942475498
    outer loop
      vertex 0.0212799441 -0.00475265132 0.0238919295
      vertex 0.0194599293 -0.00603772327 0.0241030138
      vertex 0.0194599424 -0.00484776869 0.0243702251
    endloop
  endfacet
  facet normal -0.70699811 0.154958099 -0.690030158
    outer loop
      vertex 0.0194599424 -0.00484776869 0.0243702251
      vertex 0.0194599293 -0.00603772327 0.0241030138
      vertex 0.0181275923 -0.00636143796 0.0253954176
    endloop
  endfacet
  facet normal -0.706998825 0.154959321 -0.690029204
    outer loop
      vertex 0.0194599424 -0.00484776869 0.0243702251
      vertex 0.0181275923 -0.00636143796 0.0253954176
      vertex 0.0181276072 -0.00510767801 0.0256769583
    endloop
  endfacet
  facet normal -0.965905666 0.0567348413 -0.252601057
    outer loop
      vertex 0.0181276072 -0.00510767801 0.0256769583
      vertex 0.0181275923 -0.00636143796 0.0253954176
      vertex 0.0176399201 -0.00680365646 0.0271608736
    endloop
  endfacet
  facet normal -0.965905607 0.0567342676 -0.252601683
    outer loop
      vertex 0.0181276072 -0.00510767801 0.0256769583
      vertex 0.0176399201 -0.00680365646 0.0271608736
      vertex 0.017639935 -0.00546273636 0.027461987
    endloop
  endfacet
  facet normal -0.965907156 -0.0567125157 0.252600342
    outer loop
      vertex 0.017639935 -0.00546273636 0.027461987
      vertex 0.0176399201 -0.00680365646 0.0271608736
      vertex 0.0181275811 -0.00724588614 0.0289263315
    endloop
  endfacet
  facet normal -0.965906799 -0.0567110777 0.252602011
    outer loop
      vertex 0.017639935 -0.00546273636 0.027461987
      vertex 0.0181275811 -0.00724588614 0.0289263315
      vertex 0.0181275997 -0.00581780635 0.0292470176
    endloop
  endfacet
  facet normal -0.707001746 -0.154942185 0.690029979
    outer loop
      vertex 0.0181275997 -0.00581780635 0.0292470176
      vertex 0.0181275811 -0.00724588614 0.0289263315
      vertex 0.0194599107 -0.00756963249 0.0302187353
    endloop
  endfacet
  facet normal -0.707002401 -0.154943094 0.690029204
    outer loop
      vertex 0.0181275997 -0.00581780635 0.0292470176
      vertex 0.0194599107 -0.00756963249 0.0302187353
      vertex 0.0194599293 -0.00607774779 0.0305537507
    endloop
  endfacet
  facet normal -0.25874871 -0.211637482 0.942474782
    outer loop
      vertex 0.0194599293 -0.00607774779 0.0305537507
      vertex 0.0194599107 -0.00756963249 0.0302187353
      vertex 0.0212799087 -0.00768814795 0.0306917876
    endloop
  endfacet
  facet normal -0.258748174 -0.211636871 0.942475021
    outer loop
      vertex 0.0194599293 -0.00607774779 0.0305537507
      vertex 0.0212799087 -0.00768814795 0.0306917876
      vertex 0.0212799273 -0.00617290847 0.0310320463
    endloop
  endfacet
  facet normal 0.258742422 -0.257632226 0.93095547
    outer loop
      vertex 0.0212799087 -0.00768814795 0.0306917876
      vertex 0.021279892 -0.00918485224 0.0302775949
      vertex 0.0230998937 -0.0090433117 0.0298109278
    endloop
  endfacet
  facet normal 0.258742958 -0.25763151 0.93095547
    outer loop
      vertex 0.0212799087 -0.00768814795 0.0306917876
      vertex 0.0230998937 -0.0090433117 0.0298109278
      vertex 0.0230999105 -0.00756967627 0.0302187353
    endloop
  endfacet
  facet normal 0.706998289 -0.188629821 0.681595385
    outer loop
      vertex 0.0230999105 -0.00756967627 0.0302187353
      vertex 0.0230998937 -0.0090433117 0.0298109278
      vertex 0.0244322307 -0.00865657255 0.028535964
    endloop
  endfacet
  facet normal 0.706997752 -0.188630879 0.681595623
    outer loop
      vertex 0.0230999105 -0.00756967627 0.0302187353
      vertex 0.0244322307 -0.00865657255 0.028535964
      vertex 0.0244322475 -0.00724596204 0.0289263315
    endloop
  endfacet
  facet normal 0.965905726 -0.069060877 0.24951303
    outer loop
      vertex 0.0244322475 -0.00724596204 0.0289263315
      vertex 0.0244322307 -0.00865657255 0.028535964
      vertex 0.0249199029 -0.00812826026 0.026794333
    endloop
  endfacet
  facet normal 0.965905607 -0.069061406 0.249513224
    outer loop
      vertex 0.0244322475 -0.00724596204 0.0289263315
      vertex 0.0249199029 -0.00812826026 0.026794333
      vertex 0.0249199197 -0.00680374401 0.0271608736
    endloop
  endfacet
  facet normal 0.965907276 0.0690370873 -0.24951379
    outer loop
      vertex 0.0249199197 -0.00680374401 0.0271608736
      vertex 0.0249199029 -0.00812826026 0.026794333
      vertex 0.0244322419 -0.0075999368 0.0250527002
    endloop
  endfacet
  facet normal 0.965907037 0.0690381601 -0.249514133
    outer loop
      vertex 0.0249199197 -0.00680374401 0.0271608736
      vertex 0.0244322419 -0.0075999368 0.0250527002
      vertex 0.0244322568 -0.0063615134 0.0253954176
    endloop
  endfacet
  facet normal 0.707002401 0.188614085 -0.681595445
    outer loop
      vertex 0.0244322568 -0.0063615134 0.0253954176
      vertex 0.0244322419 -0.0075999368 0.0250527002
      vertex 0.0230999142 -0.00721316505 0.0237777382
    endloop
  endfacet
  facet normal 0.70700264 0.188613415 -0.681595266
    outer loop
      vertex 0.0244322568 -0.0063615134 0.0253954176
      vertex 0.0230999142 -0.00721316505 0.0237777382
      vertex 0.0230999291 -0.00603776705 0.0241030138
    endloop
  endfacet
  facet normal 0.258749425 0.257626057 -0.930955172
    outer loop
      vertex 0.0230999291 -0.00603776705 0.0241030138
      vertex 0.0230999142 -0.00721316505 0.0237777382
      vertex 0.0212799162 -0.00707158167 0.0233110692
    endloop
  endfacet
  facet normal 0.258749008 0.257626712 -0.930955112
    outer loop
      vertex 0.0230999291 -0.00603776705 0.0241030138
      vertex 0.0212799162 -0.00707158167 0.0233110692
      vertex 0.0212799292 -0.00591925159 0.0236299615
    endloop
  endfacet
  facet normal -0.258743286 0.257632583 -0.930955052
    outer loop
      vertex 0.0212799292 -0.00591925159 0.0236299615
      vertex 0.0212799162 -0.00707158167 0.0233110692
      vertex 0.0194599144 -0.00721312175 0.0237777382
    endloop
  endfacet
  facet normal -0.258743227 0.257632524 -0.930955172
    outer loop
      vertex 0.0212799292 -0.00591925159 0.0236299615
      vertex 0.0194599144 -0.00721312175 0.0237777382
      vertex 0.0194599293 -0.00603772327 0.0241030138
    endloop
  endfacet
  facet normal -0.706997871 0.188631251 -0.681595445
    outer loop
      vertex 0.0194599293 -0.00603772327 0.0241030138
      vertex 0.0194599144 -0.00721312175 0.0237777382
      vertex 0.0181275774 -0.00759986136 0.0250527002
    endloop
  endfacet
  facet normal -0.706997752 0.188631102 -0.681595504
    outer loop
      vertex 0.0194599293 -0.00603772327 0.0241030138
      vertex 0.0181275774 -0.00759986136 0.0250527002
      vertex 0.0181275923 -0.00636143796 0.0253954176
    endloop
  endfacet
  facet normal -0.965905607 0.069061242 -0.249513641
    outer loop
      vertex 0.0181275923 -0.00636143796 0.0253954176
      vertex 0.0181275774 -0.00759986136 0.0250527002
      vertex 0.0176399034 -0.00812817365 0.026794333
    endloop
  endfacet
  facet normal -0.965905607 0.0690614209 -0.249513447
    outer loop
      vertex 0.0181275923 -0.00636143796 0.0253954176
      vertex 0.0176399034 -0.00812817365 0.026794333
      vertex 0.0176399201 -0.00680365646 0.0271608736
    endloop
  endfacet
  facet normal -0.965907156 -0.0690371022 0.249513999
    outer loop
      vertex 0.0176399201 -0.00680365646 0.0271608736
      vertex 0.0176399034 -0.00812817365 0.026794333
      vertex 0.0181275643 -0.00865649711 0.028535964
    endloop
  endfacet
  facet normal -0.965907395 -0.0690378919 0.24951303
    outer loop
      vertex 0.0176399201 -0.00680365646 0.0271608736
      vertex 0.0181275643 -0.00865649711 0.028535964
      vertex 0.0181275811 -0.00724588614 0.0289263315
    endloop
  endfacet
  facet normal -0.707002759 -0.188613847 0.681595087
    outer loop
      vertex 0.0181275811 -0.00724588614 0.0289263315
      vertex 0.0181275643 -0.00865649711 0.028535964
      vertex 0.0194598921 -0.00904326793 0.0298109278
    endloop
  endfacet
  facet normal -0.707002223 -0.188613012 0.681596041
    outer loop
      vertex 0.0181275811 -0.00724588614 0.0289263315
      vertex 0.0194598921 -0.00904326793 0.0298109278
      vertex 0.0194599107 -0.00756963249 0.0302187353
    endloop
  endfacet
  facet normal -0.258748412 -0.257625401 0.930955648
    outer loop
      vertex 0.0194599107 -0.00756963249 0.0302187353
      vertex 0.0194598921 -0.00904326793 0.0298109278
      vertex 0.021279892 -0.00918485224 0.0302775949
    endloop
  endfacet
  facet normal -0.258749276 -0.257626384 0.930955172
    outer loop
      vertex 0.0194599107 -0.00756963249 0.0302187353
      vertex 0.021279892 -0.00918485224 0.0302775949
      vertex 0.0212799087 -0.00768814795 0.0306917876
    endloop
  endfacet
  facet normal 0.25874266 -0.303002715 0.917192221
    outer loop
      vertex 0.021279892 -0.00918485224 0.0302775949
      vertex 0.0212798733 -0.0106594441 0.0297904555
      vertex 0.0230998751 -0.0104951765 0.0293312948
    endloop
  endfacet
  facet normal 0.258741885 -0.303003699 0.917192161
    outer loop
      vertex 0.021279892 -0.00918485224 0.0302775949
      vertex 0.0230998751 -0.0104951765 0.0293312948
      vertex 0.0230998937 -0.0090433117 0.0298109278
    endloop
  endfacet
  facet normal 0.706997514 -0.221849591 0.671518564
    outer loop
      vertex 0.0230998937 -0.0090433117 0.0298109278
      vertex 0.0230998751 -0.0104951765 0.0293312948
      vertex 0.024432214 -0.0100463433 0.0280768443
    endloop
  endfacet
  facet normal 0.706997812 -0.22184895 0.671518445
    outer loop
      vertex 0.0230998937 -0.0090433117 0.0298109278
      vertex 0.024432214 -0.0100463433 0.0280768443
      vertex 0.0244322307 -0.00865657255 0.028535964
    endloop
  endfacet
  facet normal 0.965905488 -0.0812213942 0.245824635
    outer loop
      vertex 0.0244322307 -0.00865657255 0.028535964
      vertex 0.024432214 -0.0100463433 0.0280768443
      vertex 0.024919888 -0.00943320896 0.026363235
    endloop
  endfacet
  facet normal 0.965905547 -0.0812206492 0.245824397
    outer loop
      vertex 0.0244322307 -0.00865657255 0.028535964
      vertex 0.024919888 -0.00943320896 0.026363235
      vertex 0.0249199029 -0.00812826026 0.026794333
    endloop
  endfacet
  facet normal 0.965907216 0.0811988413 -0.245825097
    outer loop
      vertex 0.0249199029 -0.00812826026 0.026794333
      vertex 0.024919888 -0.00943320896 0.026363235
      vertex 0.024432227 -0.00882006437 0.0246496238
    endloop
  endfacet
  facet normal 0.965907335 0.0811979175 -0.245824799
    outer loop
      vertex 0.0249199029 -0.00812826026 0.026794333
      vertex 0.024432227 -0.00882006437 0.0246496238
      vertex 0.0244322419 -0.0075999368 0.0250527002
    endloop
  endfacet
  facet normal 0.707003534 0.221831441 -0.671518385
    outer loop
      vertex 0.0244322419 -0.0075999368 0.0250527002
      vertex 0.024432227 -0.00882006437 0.0246496238
      vertex 0.0230999012 -0.00837119855 0.0233951733
    endloop
  endfacet
  facet normal 0.707002759 0.221833169 -0.671518505
    outer loop
      vertex 0.0244322419 -0.0075999368 0.0250527002
      vertex 0.0230999012 -0.00837119855 0.0233951733
      vertex 0.0230999142 -0.00721316505 0.0237777382
    endloop
  endfacet
  facet normal 0.258749098 0.302998275 -0.917191982
    outer loop
      vertex 0.0230999142 -0.00721316505 0.0237777382
      vertex 0.0230999012 -0.00837119855 0.0233951733
      vertex 0.0212799031 -0.00820688717 0.0229360145
    endloop
  endfacet
  facet normal 0.258749962 0.302996784 -0.917192101
    outer loop
      vertex 0.0230999142 -0.00721316505 0.0237777382
      vertex 0.0212799031 -0.00820688717 0.0229360145
      vertex 0.0212799162 -0.00707158167 0.0233110692
    endloop
  endfacet
  facet normal -0.258741796 0.303002805 -0.9171924
    outer loop
      vertex 0.0212799162 -0.00707158167 0.0233110692
      vertex 0.0212799031 -0.00820688717 0.0229360145
      vertex 0.0194599014 -0.00837115478 0.0233951733
    endloop
  endfacet
  facet normal -0.25874269 0.303004146 -0.917191744
    outer loop
      vertex 0.0212799162 -0.00707158167 0.0233110692
      vertex 0.0194599014 -0.00837115478 0.0233951733
      vertex 0.0194599144 -0.00721312175 0.0237777382
    endloop
  endfacet
  facet normal -0.706997573 0.221849218 -0.671518624
    outer loop
      vertex 0.0194599144 -0.00721312175 0.0237777382
      vertex 0.0194599014 -0.00837115478 0.0233951733
      vertex 0.0181275625 -0.00881998893 0.0246496238
    endloop
  endfacet
  facet normal -0.706997454 0.221848935 -0.671518922
    outer loop
      vertex 0.0194599144 -0.00721312175 0.0237777382
      vertex 0.0181275625 -0.00881998893 0.0246496238
      vertex 0.0181275774 -0.00759986136 0.0250527002
    endloop
  endfacet
  facet normal -0.965905607 0.0812212825 -0.245824203
    outer loop
      vertex 0.0181275774 -0.00759986136 0.0250527002
      vertex 0.0181275625 -0.00881998893 0.0246496238
      vertex 0.0176398885 -0.00943312235 0.0263632368
    endloop
  endfacet
  facet normal -0.965905428 0.0812205821 -0.245825142
    outer loop
      vertex 0.0181275774 -0.00759986136 0.0250527002
      vertex 0.0176398885 -0.00943312235 0.0263632368
      vertex 0.0176399034 -0.00812817365 0.026794333
    endloop
  endfacet
  facet normal -0.965907395 -0.0811982974 0.245824516
    outer loop
      vertex 0.0176399034 -0.00812817365 0.026794333
      vertex 0.0176398885 -0.00943312235 0.0263632368
      vertex 0.0181275476 -0.0100462679 0.0280768462
    endloop
  endfacet
  facet normal -0.965907276 -0.0811978951 0.245825052
    outer loop
      vertex 0.0176399034 -0.00812817365 0.026794333
      vertex 0.0181275476 -0.0100462679 0.0280768462
      vertex 0.0181275643 -0.00865649711 0.028535964
    endloop
  endfacet
  facet normal -0.707002938 -0.221831173 0.671519041
    outer loop
      vertex 0.0181275643 -0.00865649711 0.028535964
      vertex 0.0181275476 -0.0100462679 0.0280768462
      vertex 0.0194598753 -0.0104951328 0.0293312967
    endloop
  endfacet
  facet normal -0.707003117 -0.221831486 0.671518624
    outer loop
      vertex 0.0181275643 -0.00865649711 0.028535964
      vertex 0.0194598753 -0.0104951328 0.0293312967
      vertex 0.0194598921 -0.00904326793 0.0298109278
    endloop
  endfacet
  facet normal -0.258749038 -0.302996337 0.917192519
    outer loop
      vertex 0.0194598921 -0.00904326793 0.0298109278
      vertex 0.0194598753 -0.0104951328 0.0293312967
      vertex 0.0212798733 -0.0106594441 0.0297904555
    endloop
  endfacet
  facet normal -0.258748978 -0.302996308 0.917192578
    outer loop
      vertex 0.0194598921 -0.00904326793 0.0298109278
      vertex 0.0212798733 -0.0106594441 0.0297904555
      vertex 0.021279892 -0.00918485224 0.0302775949
    endloop
  endfacet
  facet normal 0.258742005 -0.347640693 0.90122056
    outer loop
      vertex 0.0212798733 -0.0106594441 0.0297904555
      vertex 0.0212798566 -0.0121083576 0.0292315502
      vertex 0.0230998583 -0.0119217578 0.0287810043
    endloop
  endfacet
  facet normal 0.258742124 -0.347640514 0.90122056
    outer loop
      vertex 0.0212798733 -0.0106594441 0.0297904555
      vertex 0.0230998583 -0.0119217578 0.0287810043
      vertex 0.0230998751 -0.0104951765 0.0293312948
    endloop
  endfacet
  facet normal 0.706997454 -0.254529744 0.659825087
    outer loop
      vertex 0.0230998751 -0.0104951765 0.0293312948
      vertex 0.0230998583 -0.0119217578 0.0287810043
      vertex 0.0244321972 -0.0114119118 0.0275500882
    endloop
  endfacet
  facet normal 0.706997156 -0.25453046 0.659825206
    outer loop
      vertex 0.0230998751 -0.0104951765 0.0293312948
      vertex 0.0244321972 -0.0114119118 0.0275500882
      vertex 0.024432214 -0.0100463433 0.0280768443
    endloop
  endfacet
  facet normal 0.965905249 -0.0931853428 0.241544038
    outer loop
      vertex 0.024432214 -0.0100463433 0.0280768443
      vertex 0.0244321972 -0.0114119118 0.0275500882
      vertex 0.0249198731 -0.0107154334 0.0258686263
    endloop
  endfacet
  facet normal 0.965905309 -0.0931850672 0.241543964
    outer loop
      vertex 0.024432214 -0.0100463433 0.0280768443
      vertex 0.0249198731 -0.0107154334 0.0258686263
      vertex 0.024919888 -0.00943320896 0.026363235
    endloop
  endfacet
  facet normal 0.965907454 0.0931626409 -0.241544098
    outer loop
      vertex 0.024919888 -0.00943320896 0.026363235
      vertex 0.0249198731 -0.0107154334 0.0258686263
      vertex 0.024432214 -0.0100189438 0.0241871662
    endloop
  endfacet
  facet normal 0.965907395 0.0931631252 -0.241544202
    outer loop
      vertex 0.024919888 -0.00943320896 0.026363235
      vertex 0.024432214 -0.0100189438 0.0241871662
      vertex 0.024432227 -0.00882006437 0.0246496238
    endloop
  endfacet
  facet normal 0.707003295 0.254514158 -0.659824908
    outer loop
      vertex 0.024432227 -0.00882006437 0.0246496238
      vertex 0.024432214 -0.0100189438 0.0241871662
      vertex 0.0230998863 -0.00950906612 0.0229562502
    endloop
  endfacet
  facet normal 0.707003951 0.254512668 -0.659824789
    outer loop
      vertex 0.024432227 -0.00882006437 0.0246496238
      vertex 0.0230998863 -0.00950906612 0.0229562502
      vertex 0.0230999012 -0.00837119855 0.0233951733
    endloop
  endfacet
  facet normal 0.258749396 0.347635031 -0.901220679
    outer loop
      vertex 0.0230999012 -0.00837119855 0.0233951733
      vertex 0.0230998863 -0.00950906612 0.0229562502
      vertex 0.0212798882 -0.00932242256 0.0225057062
    endloop
  endfacet
  facet normal 0.258749604 0.347634792 -0.901220679
    outer loop
      vertex 0.0230999012 -0.00837119855 0.0233951733
      vertex 0.0212798882 -0.00932242256 0.0225057062
      vertex 0.0212799031 -0.00820688717 0.0229360145
    endloop
  endfacet
  facet normal -0.25874117 0.347641557 -0.9012205
    outer loop
      vertex 0.0212799031 -0.00820688717 0.0229360145
      vertex 0.0212798882 -0.00932242256 0.0225057062
      vertex 0.0194598865 -0.00950902235 0.0229562502
    endloop
  endfacet
  facet normal -0.25874126 0.347641736 -0.901220441
    outer loop
      vertex 0.0212799031 -0.00820688717 0.0229360145
      vertex 0.0194598865 -0.00950902235 0.0229562502
      vertex 0.0194599014 -0.00837115478 0.0233951733
    endloop
  endfacet
  facet normal -0.706997991 0.254530996 -0.659824133
    outer loop
      vertex 0.0194599014 -0.00837115478 0.0233951733
      vertex 0.0194598865 -0.00950902235 0.0229562502
      vertex 0.0181275476 -0.0100188684 0.0241871681
    endloop
  endfacet
  facet normal -0.706997275 0.254529804 -0.659825325
    outer loop
      vertex 0.0194599014 -0.00837115478 0.0233951733
      vertex 0.0181275476 -0.0100188684 0.0241871681
      vertex 0.0181275625 -0.00881998893 0.0246496238
    endloop
  endfacet
  facet normal -0.96590513 0.0931852907 -0.241544321
    outer loop
      vertex 0.0181275625 -0.00881998893 0.0246496238
      vertex 0.0181275476 -0.0100188684 0.0241871681
      vertex 0.0176398717 -0.0107153468 0.0258686282
    endloop
  endfacet
  facet normal -0.965905368 0.0931861177 -0.241543114
    outer loop
      vertex 0.0181275625 -0.00881998893 0.0246496238
      vertex 0.0176398717 -0.0107153468 0.0258686282
      vertex 0.0176398885 -0.00943312235 0.0263632368
    endloop
  endfacet
  facet normal -0.965907216 -0.0931616798 0.241545275
    outer loop
      vertex 0.0176398885 -0.00943312235 0.0263632368
      vertex 0.0176398717 -0.0107153468 0.0258686282
      vertex 0.0181275327 -0.0114118364 0.0275500901
    endloop
  endfacet
  facet normal -0.965907574 -0.093162775 0.241543591
    outer loop
      vertex 0.0176398885 -0.00943312235 0.0263632368
      vertex 0.0181275327 -0.0114118364 0.0275500901
      vertex 0.0181275476 -0.0100462679 0.0280768462
    endloop
  endfacet
  facet normal -0.707003295 -0.254513919 0.659824908
    outer loop
      vertex 0.0181275476 -0.0100462679 0.0280768462
      vertex 0.0181275327 -0.0114118364 0.0275500901
      vertex 0.0194598585 -0.0119217141 0.0287810043
    endloop
  endfacet
  facet normal -0.707003355 -0.254513919 0.659824967
    outer loop
      vertex 0.0181275476 -0.0100462679 0.0280768462
      vertex 0.0194598585 -0.0119217141 0.0287810043
      vertex 0.0194598753 -0.0104951328 0.0293312967
    endloop
  endfacet
  facet normal -0.25875029 -0.347635508 0.901220143
    outer loop
      vertex 0.0194598753 -0.0104951328 0.0293312967
      vertex 0.0194598585 -0.0119217141 0.0287810043
      vertex 0.0212798566 -0.0121083576 0.0292315502
    endloop
  endfacet
  facet normal -0.258749604 -0.347634763 0.901220679
    outer loop
      vertex 0.0194598753 -0.0104951328 0.0293312967
      vertex 0.0212798566 -0.0121083576 0.0292315502
      vertex 0.0212798733 -0.0106594441 0.0297904555
    endloop
  endfacet
  facet normal 0.25874114 -0.391444862 0.883076429
    outer loop
      vertex 0.0212798566 -0.0121083576 0.0292315502
      vertex 0.0212798398 -0.0135281002 0.0286022201
      vertex 0.0230998415 -0.0133196181 0.0281613749
    endloop
  endfacet
  facet normal 0.258741498 -0.391444355 0.883076549
    outer loop
      vertex 0.0212798566 -0.0121083576 0.0292315502
      vertex 0.0230998415 -0.0133196181 0.0281613749
      vertex 0.0230998583 -0.0119217578 0.0287810043
    endloop
  endfacet
  facet normal 0.706997037 -0.286600649 0.646540999
    outer loop
      vertex 0.0230998583 -0.0119217578 0.0287810043
      vertex 0.0230998415 -0.0133196181 0.0281613749
      vertex 0.0244321804 -0.0127499877 0.0269569606
    endloop
  endfacet
  facet normal 0.706997097 -0.28660053 0.64654094
    outer loop
      vertex 0.0230998583 -0.0119217578 0.0287810043
      vertex 0.0244321804 -0.0127499877 0.0269569606
      vertex 0.0244321972 -0.0114119118 0.0275500882
    endloop
  endfacet
  facet normal 0.965905011 -0.1049257 0.236681506
    outer loop
      vertex 0.0244321972 -0.0114119118 0.0275500882
      vertex 0.0244321804 -0.0127499877 0.0269569606
      vertex 0.0249198582 -0.0119718425 0.0253116991
    endloop
  endfacet
  facet normal 0.96590513 -0.104924962 0.236681342
    outer loop
      vertex 0.0244321972 -0.0114119118 0.0275500882
      vertex 0.0249198582 -0.0119718425 0.0253116991
      vertex 0.0249198731 -0.0107154334 0.0258686263
    endloop
  endfacet
  facet normal 0.965907454 0.104902215 -0.236681774
    outer loop
      vertex 0.0249198731 -0.0107154334 0.0258686263
      vertex 0.0249198582 -0.0119718425 0.0253116991
      vertex 0.0244321991 -0.0111936871 0.0236664377
    endloop
  endfacet
  facet normal 0.965907574 0.104901634 -0.236681655
    outer loop
      vertex 0.0249198731 -0.0107154334 0.0258686263
      vertex 0.0244321991 -0.0111936871 0.0236664377
      vertex 0.024432214 -0.0100189438 0.0241871662
    endloop
  endfacet
  facet normal 0.707003653 0.286583424 -0.646541297
    outer loop
      vertex 0.024432214 -0.0100189438 0.0241871662
      vertex 0.0244321991 -0.0111936871 0.0236664377
      vertex 0.0230998732 -0.010624025 0.0224620234
    endloop
  endfacet
  facet normal 0.707003713 0.286583543 -0.646541297
    outer loop
      vertex 0.024432214 -0.0100189438 0.0241871662
      vertex 0.0230998732 -0.010624025 0.0224620234
      vertex 0.0230998863 -0.00950906612 0.0229562502
    endloop
  endfacet
  facet normal 0.258750379 0.39143765 -0.883076847
    outer loop
      vertex 0.0230998863 -0.00950906612 0.0229562502
      vertex 0.0230998732 -0.010624025 0.0224620234
      vertex 0.0212798752 -0.0104154991 0.0220211782
    endloop
  endfacet
  facet normal 0.258749962 0.391438276 -0.883076727
    outer loop
      vertex 0.0230998863 -0.00950906612 0.0229562502
      vertex 0.0212798752 -0.0104154991 0.0220211782
      vertex 0.0212798882 -0.00932242256 0.0225057062
    endloop
  endfacet
  facet normal -0.258741975 0.391444355 -0.88307637
    outer loop
      vertex 0.0212798882 -0.00932242256 0.0225057062
      vertex 0.0212798752 -0.0104154991 0.0220211782
      vertex 0.0194598734 -0.0106239812 0.0224620253
    endloop
  endfacet
  facet normal -0.258740664 0.391442537 -0.883077621
    outer loop
      vertex 0.0212798882 -0.00932242256 0.0225057062
      vertex 0.0194598734 -0.0106239812 0.0224620253
      vertex 0.0194598865 -0.00950902235 0.0229562502
    endloop
  endfacet
  facet normal -0.706996977 0.286599129 -0.646541655
    outer loop
      vertex 0.0194598865 -0.00950902235 0.0229562502
      vertex 0.0194598734 -0.0106239812 0.0224620253
      vertex 0.0181275345 -0.0111936117 0.0236664396
    endloop
  endfacet
  facet normal -0.706997514 0.286599994 -0.646540701
    outer loop
      vertex 0.0194598865 -0.00950902235 0.0229562502
      vertex 0.0181275345 -0.0111936117 0.0236664396
      vertex 0.0181275476 -0.0100188684 0.0241871681
    endloop
  endfacet
  facet normal -0.965904951 0.104924768 -0.236681998
    outer loop
      vertex 0.0181275476 -0.0100188684 0.0241871681
      vertex 0.0181275345 -0.0111936117 0.0236664396
      vertex 0.0176398568 -0.0119717559 0.025311701
    endloop
  endfacet
  facet normal -0.965905011 0.104925044 -0.236681566
    outer loop
      vertex 0.0181275476 -0.0100188684 0.0241871681
      vertex 0.0176398568 -0.0119717559 0.025311701
      vertex 0.0176398717 -0.0107153468 0.0258686282
    endloop
  endfacet
  facet normal -0.965907454 -0.104902282 0.236681908
    outer loop
      vertex 0.0176398717 -0.0107153468 0.0258686282
      vertex 0.0176398568 -0.0119717559 0.025311701
      vertex 0.0181275159 -0.0127499122 0.0269569606
    endloop
  endfacet
  facet normal -0.965907395 -0.104902133 0.236682221
    outer loop
      vertex 0.0176398717 -0.0107153468 0.0258686282
      vertex 0.0181275159 -0.0127499122 0.0269569606
      vertex 0.0181275327 -0.0114118364 0.0275500901
    endloop
  endfacet
  facet normal -0.707003772 -0.286583781 0.646541178
    outer loop
      vertex 0.0181275327 -0.0114118364 0.0275500901
      vertex 0.0181275159 -0.0127499122 0.0269569606
      vertex 0.0194598418 -0.0133195743 0.0281613749
    endloop
  endfacet
  facet normal -0.707003772 -0.286583781 0.646541119
    outer loop
      vertex 0.0181275327 -0.0114118364 0.0275500901
      vertex 0.0194598418 -0.0133195743 0.0281613749
      vertex 0.0194598585 -0.0119217141 0.0287810043
    endloop
  endfacet
  facet normal -0.258750379 -0.391438186 0.883076668
    outer loop
      vertex 0.0194598585 -0.0119217141 0.0287810043
      vertex 0.0194598418 -0.0133195743 0.0281613749
      vertex 0.0212798398 -0.0135281002 0.0286022201
    endloop
  endfacet
  facet normal -0.258750826 -0.391438693 0.88307637
    outer loop
      vertex 0.0194598585 -0.0119217141 0.0287810043
      vertex 0.0212798398 -0.0135281002 0.0286022201
      vertex 0.0212798566 -0.0121083576 0.0292315502
    endloop
  endfacet
  facet normal 0.258741081 -0.434303075 0.862805843
    outer loop
      vertex 0.0212798398 -0.0135281002 0.0286022201
      vertex 0.021279823 -0.01491524 0.0279039927
      vertex 0.0230998248 -0.0146853784 0.0274739079
    endloop
  endfacet
  facet normal 0.258740604 -0.434303612 0.862805605
    outer loop
      vertex 0.0212798398 -0.0135281002 0.0286022201
      vertex 0.0230998248 -0.0146853784 0.0274739079
      vertex 0.0230998415 -0.0133196181 0.0281613749
    endloop
  endfacet
  facet normal 0.706996381 -0.317980111 0.63169992
    outer loop
      vertex 0.0230998415 -0.0133196181 0.0281613749
      vertex 0.0230998248 -0.0146853784 0.0274739079
      vertex 0.0244321655 -0.0140573364 0.0262988955
    endloop
  endfacet
  facet normal 0.706996679 -0.317979574 0.63169992
    outer loop
      vertex 0.0230998415 -0.0133196181 0.0281613749
      vertex 0.0244321655 -0.0140573364 0.0262988955
      vertex 0.0244321804 -0.0127499877 0.0269569606
    endloop
  endfacet
  facet normal 0.965904891 -0.116411947 0.231248572
    outer loop
      vertex 0.0244321804 -0.0127499877 0.0269569606
      vertex 0.0244321655 -0.0140573364 0.0262988955
      vertex 0.0249198433 -0.0131994011 0.0246937983
    endloop
  endfacet
  facet normal 0.965904891 -0.116412476 0.231248647
    outer loop
      vertex 0.0244321804 -0.0127499877 0.0269569606
      vertex 0.0249198433 -0.0131994011 0.0246937983
      vertex 0.0249198582 -0.0119718425 0.0253116991
    endloop
  endfacet
  facet normal 0.965907693 0.116389029 -0.231248662
    outer loop
      vertex 0.0249198582 -0.0119718425 0.0253116991
      vertex 0.0249198433 -0.0131994011 0.0246937983
      vertex 0.024432186 -0.0123414528 0.0230887029
    endloop
  endfacet
  facet normal 0.965907633 0.116389446 -0.231248707
    outer loop
      vertex 0.0249198582 -0.0119718425 0.0253116991
      vertex 0.024432186 -0.0123414528 0.0230887029
      vertex 0.0244321991 -0.0111936871 0.0236664377
    endloop
  endfacet
  facet normal 0.707004309 0.31796208 -0.631700158
    outer loop
      vertex 0.0244321991 -0.0111936871 0.0236664377
      vertex 0.024432186 -0.0123414528 0.0230887029
      vertex 0.0230998602 -0.01171338 0.0219136886
    endloop
  endfacet
  facet normal 0.70700407 0.317962408 -0.631700158
    outer loop
      vertex 0.0244321991 -0.0111936871 0.0236664377
      vertex 0.0230998602 -0.01171338 0.0219136886
      vertex 0.0230998732 -0.010624025 0.0224620234
    endloop
  endfacet
  facet normal 0.258750916 0.434296608 -0.862806082
    outer loop
      vertex 0.0230998732 -0.010624025 0.0224620234
      vertex 0.0230998602 -0.01171338 0.0219136886
      vertex 0.021279864 -0.0114834737 0.0214836057
    endloop
  endfacet
  facet normal 0.258750886 0.434296757 -0.862806082
    outer loop
      vertex 0.0230998732 -0.010624025 0.0224620234
      vertex 0.021279864 -0.0114834737 0.0214836057
      vertex 0.0212798752 -0.0104154991 0.0220211782
    endloop
  endfacet
  facet normal -0.258740246 0.4343023 -0.862806439
    outer loop
      vertex 0.0212798752 -0.0104154991 0.0220211782
      vertex 0.021279864 -0.0114834737 0.0214836057
      vertex 0.0194598604 -0.0117133362 0.0219136886
    endloop
  endfacet
  facet normal -0.258741468 0.434303969 -0.862805367
    outer loop
      vertex 0.0212798752 -0.0104154991 0.0220211782
      vertex 0.0194598604 -0.0117133362 0.0219136886
      vertex 0.0194598734 -0.0106239812 0.0224620253
    endloop
  endfacet
  facet normal -0.706996739 0.31798014 -0.631699502
    outer loop
      vertex 0.0194598734 -0.0106239812 0.0224620253
      vertex 0.0194598604 -0.0117133362 0.0219136886
      vertex 0.0181275196 -0.0123413773 0.0230887029
    endloop
  endfacet
  facet normal -0.70699662 0.317980021 -0.631699622
    outer loop
      vertex 0.0194598734 -0.0106239812 0.0224620253
      vertex 0.0181275196 -0.0123413773 0.0230887029
      vertex 0.0181275345 -0.0111936117 0.0236664396
    endloop
  endfacet
  facet normal -0.965904951 0.116413079 -0.231248155
    outer loop
      vertex 0.0181275345 -0.0111936117 0.0236664396
      vertex 0.0181275196 -0.0123413773 0.0230887029
      vertex 0.0176398419 -0.0131993135 0.0246937983
    endloop
  endfacet
  facet normal -0.965904832 0.116412863 -0.231248572
    outer loop
      vertex 0.0181275345 -0.0111936117 0.0236664396
      vertex 0.0176398419 -0.0131993135 0.0246937983
      vertex 0.0176398568 -0.0119717559 0.025311701
    endloop
  endfacet
  facet normal -0.965907693 -0.116389282 0.231248319
    outer loop
      vertex 0.0176398568 -0.0119717559 0.025311701
      vertex 0.0176398419 -0.0131993135 0.0246937983
      vertex 0.0181274991 -0.0140572609 0.0262988955
    endloop
  endfacet
  facet normal -0.965907633 -0.11638885 0.231249213
    outer loop
      vertex 0.0176398568 -0.0119717559 0.025311701
      vertex 0.0181274991 -0.0140572609 0.0262988955
      vertex 0.0181275159 -0.0127499122 0.0269569606
    endloop
  endfacet
  facet normal -0.707003891 -0.317962617 0.631700218
    outer loop
      vertex 0.0181275159 -0.0127499122 0.0269569606
      vertex 0.0181274991 -0.0140572609 0.0262988955
      vertex 0.019459825 -0.0146853346 0.0274739079
    endloop
  endfacet
  facet normal -0.70700413 -0.317962825 0.631699979
    outer loop
      vertex 0.0181275159 -0.0127499122 0.0269569606
      vertex 0.019459825 -0.0146853346 0.0274739079
      vertex 0.0194598418 -0.0133195743 0.0281613749
    endloop
  endfacet
  facet normal -0.258751303 -0.434297293 0.862805724
    outer loop
      vertex 0.0194598418 -0.0133195743 0.0281613749
      vertex 0.019459825 -0.0146853346 0.0274739079
      vertex 0.021279823 -0.01491524 0.0279039927
    endloop
  endfacet
  facet normal -0.258750886 -0.434296876 0.862805963
    outer loop
      vertex 0.0194598418 -0.0133195743 0.0281613749
      vertex 0.021279823 -0.01491524 0.0279039927
      vertex 0.0212798398 -0.0135281002 0.0286022201
    endloop
  endfacet
  facet normal 0.258739948 -0.476115614 0.840456784
    outer loop
      vertex 0.021279823 -0.01491524 0.0279039927
      vertex 0.0212798063 -0.0162664633 0.0271385349
      vertex 0.0230998099 -0.0160157736 0.02672025
    endloop
  endfacet
  facet normal 0.258740544 -0.476114869 0.840457022
    outer loop
      vertex 0.021279823 -0.01491524 0.0279039927
      vertex 0.0230998099 -0.0160157736 0.02672025
      vertex 0.0230998248 -0.0146853784 0.0274739079
    endloop
  endfacet
  facet normal 0.706997037 -0.348591179 0.615336895
    outer loop
      vertex 0.0230998248 -0.0146853784 0.0274739079
      vertex 0.0230998099 -0.0160157736 0.02672025
      vertex 0.0244321488 -0.0153308334 0.0255774688
    endloop
  endfacet
  facet normal 0.706995964 -0.348593116 0.615336895
    outer loop
      vertex 0.0230998248 -0.0146853784 0.0274739079
      vertex 0.0244321488 -0.0153308334 0.0255774688
      vertex 0.0244321655 -0.0140573364 0.0262988955
    endloop
  endfacet
  facet normal 0.965904653 -0.127619877 0.225258306
    outer loop
      vertex 0.0244321655 -0.0140573364 0.0262988955
      vertex 0.0244321488 -0.0153308334 0.0255774688
      vertex 0.0249198284 -0.0143951727 0.0240164027
    endloop
  endfacet
  facet normal 0.965904772 -0.127619132 0.225258216
    outer loop
      vertex 0.0244321655 -0.0140573364 0.0262988955
      vertex 0.0249198284 -0.0143951727 0.0240164027
      vertex 0.0249198433 -0.0131994011 0.0246937983
    endloop
  endfacet
  facet normal 0.965907633 0.127595574 -0.22525917
    outer loop
      vertex 0.0249198433 -0.0131994011 0.0246937983
      vertex 0.0249198284 -0.0143951727 0.0240164027
      vertex 0.0244321711 -0.013459499 0.0224553384
    endloop
  endfacet
  facet normal 0.965907812 0.12759468 -0.22525911
    outer loop
      vertex 0.0249198433 -0.0131994011 0.0246937983
      vertex 0.0244321711 -0.013459499 0.0224553384
      vertex 0.024432186 -0.0123414528 0.0230887029
    endloop
  endfacet
  facet normal 0.707004905 0.34857443 -0.615337312
    outer loop
      vertex 0.024432186 -0.0123414528 0.0230887029
      vertex 0.0244321711 -0.013459499 0.0224553384
      vertex 0.0230998471 -0.0127745271 0.0213125572
    endloop
  endfacet
  facet normal 0.707004607 0.348575026 -0.615337193
    outer loop
      vertex 0.024432186 -0.0123414528 0.0230887029
      vertex 0.0230998471 -0.0127745271 0.0213125572
      vertex 0.0230998602 -0.01171338 0.0219136886
    endloop
  endfacet
  facet normal 0.258751154 0.476109117 -0.840457022
    outer loop
      vertex 0.0230998602 -0.01171338 0.0219136886
      vertex 0.0230998471 -0.0127745271 0.0213125572
      vertex 0.021279851 -0.0125237955 0.0208942723
    endloop
  endfacet
  facet normal 0.258751452 0.4761087 -0.840457201
    outer loop
      vertex 0.0230998602 -0.01171338 0.0219136886
      vertex 0.021279851 -0.0125237955 0.0208942723
      vertex 0.021279864 -0.0114834737 0.0214836057
    endloop
  endfacet
  facet normal -0.25873974 0.476115078 -0.840457141
    outer loop
      vertex 0.021279864 -0.0114834737 0.0214836057
      vertex 0.021279851 -0.0125237955 0.0208942723
      vertex 0.0194598474 -0.0127744842 0.0213125572
    endloop
  endfacet
  facet normal -0.25873974 0.476115137 -0.840457082
    outer loop
      vertex 0.021279864 -0.0114834737 0.0214836057
      vertex 0.0194598474 -0.0127744842 0.0213125572
      vertex 0.0194598604 -0.0117133362 0.0219136886
    endloop
  endfacet
  facet normal -0.706996322 0.348591983 -0.615337074
    outer loop
      vertex 0.0194598604 -0.0117133362 0.0219136886
      vertex 0.0194598474 -0.0127744842 0.0213125572
      vertex 0.0181275066 -0.0134594236 0.0224553384
    endloop
  endfacet
  facet normal -0.706996322 0.348591954 -0.615337193
    outer loop
      vertex 0.0194598604 -0.0117133362 0.0219136886
      vertex 0.0181275066 -0.0134594236 0.0224553384
      vertex 0.0181275196 -0.0123413773 0.0230887029
    endloop
  endfacet
  facet normal -0.965904891 0.127618372 -0.225258321
    outer loop
      vertex 0.0181275196 -0.0123413773 0.0230887029
      vertex 0.0181275066 -0.0134594236 0.0224553384
      vertex 0.0176398288 -0.0143950852 0.0240164027
    endloop
  endfacet
  facet normal -0.965904772 0.12761803 -0.225258976
    outer loop
      vertex 0.0181275196 -0.0123413773 0.0230887029
      vertex 0.0176398288 -0.0143950852 0.0240164027
      vertex 0.0176398419 -0.0131993135 0.0246937983
    endloop
  endfacet
  facet normal -0.965907991 -0.127596185 0.225257576
    outer loop
      vertex 0.0176398419 -0.0131993135 0.0246937983
      vertex 0.0176398288 -0.0143950852 0.0240164027
      vertex 0.0181274842 -0.0153307579 0.0255774688
    endloop
  endfacet
  facet normal -0.965907872 -0.127595872 0.225258276
    outer loop
      vertex 0.0176398419 -0.0131993135 0.0246937983
      vertex 0.0181274842 -0.0153307579 0.0255774688
      vertex 0.0181274991 -0.0140572609 0.0262988955
    endloop
  endfacet
  facet normal -0.707004964 -0.348575354 0.615336597
    outer loop
      vertex 0.0181274991 -0.0140572609 0.0262988955
      vertex 0.0181274842 -0.0153307579 0.0255774688
      vertex 0.0194598082 -0.0160157308 0.02672025
    endloop
  endfacet
  facet normal -0.707004249 -0.348574638 0.615337789
    outer loop
      vertex 0.0181274991 -0.0140572609 0.0262988955
      vertex 0.0194598082 -0.0160157308 0.02672025
      vertex 0.019459825 -0.0146853346 0.0274739079
    endloop
  endfacet
  facet normal -0.258751094 -0.476108551 0.84045738
    outer loop
      vertex 0.019459825 -0.0146853346 0.0274739079
      vertex 0.0194598082 -0.0160157308 0.02672025
      vertex 0.0212798063 -0.0162664633 0.0271385349
    endloop
  endfacet
  facet normal -0.25875178 -0.476109207 0.840456784
    outer loop
      vertex 0.019459825 -0.0146853346 0.0274739079
      vertex 0.0212798063 -0.0162664633 0.0271385349
      vertex 0.021279823 -0.01491524 0.0279039927
    endloop
  endfacet
  facet normal 0.25873962 -0.516782105 0.81608206
    outer loop
      vertex 0.0212798063 -0.0162664633 0.0271385349
      vertex 0.0212797895 -0.0175784845 0.0263077058
      vertex 0.0230997931 -0.0173075721 0.0259022266
    endloop
  endfacet
  facet normal 0.258739442 -0.516782343 0.816081941
    outer loop
      vertex 0.0212798063 -0.0162664633 0.0271385349
      vertex 0.0230997931 -0.0173075721 0.0259022266
      vertex 0.0230998099 -0.0160157736 0.02672025
    endloop
  endfacet
  facet normal 0.706995547 -0.378366858 0.597491205
    outer loop
      vertex 0.0230998099 -0.0160157736 0.02672025
      vertex 0.0230997931 -0.0173075721 0.0259022266
      vertex 0.0244321357 -0.0165673848 0.0247944314
    endloop
  endfacet
  facet normal 0.70699662 -0.378364593 0.597491384
    outer loop
      vertex 0.0230998099 -0.0160157736 0.02672025
      vertex 0.0244321357 -0.0165673848 0.0247944314
      vertex 0.0244321488 -0.0153308334 0.0255774688
    endloop
  endfacet
  facet normal 0.965904832 -0.138516635 0.218725637
    outer loop
      vertex 0.0244321488 -0.0153308334 0.0255774688
      vertex 0.0244321357 -0.0165673848 0.0247944314
      vertex 0.0249198135 -0.0155562544 0.023281157
    endloop
  endfacet
  facet normal 0.965904534 -0.138518751 0.218725786
    outer loop
      vertex 0.0244321488 -0.0153308334 0.0255774688
      vertex 0.0249198135 -0.0155562544 0.023281157
      vertex 0.0249198284 -0.0143951727 0.0240164027
    endloop
  endfacet
  facet normal 0.965908051 0.138494074 -0.218726024
    outer loop
      vertex 0.0249198284 -0.0143951727 0.0240164027
      vertex 0.0249198135 -0.0155562544 0.023281157
      vertex 0.0244321581 -0.014545111 0.0217678808
    endloop
  endfacet
  facet normal 0.965907872 0.138495445 -0.218726069
    outer loop
      vertex 0.0249198284 -0.0143951727 0.0240164027
      vertex 0.0244321581 -0.014545111 0.0217678808
      vertex 0.0244321711 -0.013459499 0.0224553384
    endloop
  endfacet
  facet normal 0.70700556 0.378349066 -0.597490668
    outer loop
      vertex 0.0244321711 -0.013459499 0.0224553384
      vertex 0.0244321581 -0.014545111 0.0217678808
      vertex 0.023099836 -0.0138048902 0.0206600856
    endloop
  endfacet
  facet normal 0.707005262 0.378349811 -0.597490609
    outer loop
      vertex 0.0244321711 -0.013459499 0.0224553384
      vertex 0.023099836 -0.0138048902 0.0206600856
      vertex 0.0230998471 -0.0127745271 0.0213125572
    endloop
  endfacet
  facet normal 0.258751422 0.516776443 -0.816081941
    outer loop
      vertex 0.0230998471 -0.0127745271 0.0213125572
      vertex 0.023099836 -0.0138048902 0.0206600856
      vertex 0.0212798379 -0.0135339359 0.0202546064
    endloop
  endfacet
  facet normal 0.258751601 0.516776204 -0.81608206
    outer loop
      vertex 0.0230998471 -0.0127745271 0.0213125572
      vertex 0.0212798379 -0.0135339359 0.0202546064
      vertex 0.021279851 -0.0125237955 0.0208942723
    endloop
  endfacet
  facet normal -0.25873962 0.516782641 -0.816081762
    outer loop
      vertex 0.021279851 -0.0125237955 0.0208942723
      vertex 0.0212798379 -0.0135339359 0.0202546064
      vertex 0.0194598362 -0.0138048474 0.0206600856
    endloop
  endfacet
  facet normal -0.258739233 0.516782165 -0.816082239
    outer loop
      vertex 0.021279851 -0.0125237955 0.0208942723
      vertex 0.0194598362 -0.0138048474 0.0206600856
      vertex 0.0194598474 -0.0127744842 0.0213125572
    endloop
  endfacet
  facet normal -0.706995487 0.378365964 -0.59749186
    outer loop
      vertex 0.0194598474 -0.0127744842 0.0213125572
      vertex 0.0194598362 -0.0138048474 0.0206600856
      vertex 0.0181274936 -0.0145450346 0.0217678808
    endloop
  endfacet
  facet normal -0.706995964 0.37836656 -0.597490907
    outer loop
      vertex 0.0194598474 -0.0127744842 0.0213125572
      vertex 0.0181274936 -0.0145450346 0.0217678808
      vertex 0.0181275066 -0.0134594236 0.0224553384
    endloop
  endfacet
  facet normal -0.965904713 0.138518259 -0.218725279
    outer loop
      vertex 0.0181275066 -0.0134594236 0.0224553384
      vertex 0.0181274936 -0.0145450346 0.0217678808
      vertex 0.0176398139 -0.0155561669 0.023281157
    endloop
  endfacet
  facet normal -0.965904772 0.138518333 -0.218725145
    outer loop
      vertex 0.0181275066 -0.0134594236 0.0224553384
      vertex 0.0176398139 -0.0155561669 0.023281157
      vertex 0.0176398288 -0.0143950852 0.0240164027
    endloop
  endfacet
  facet normal -0.965907931 -0.138494194 0.218726173
    outer loop
      vertex 0.0176398288 -0.0143950852 0.0240164027
      vertex 0.0176398139 -0.0155561669 0.023281157
      vertex 0.0181274693 -0.0165673103 0.0247944314
    endloop
  endfacet
  facet normal -0.96590811 -0.138494521 0.218725353
    outer loop
      vertex 0.0176398288 -0.0143950852 0.0240164027
      vertex 0.0181274693 -0.0165673103 0.0247944314
      vertex 0.0181274842 -0.0153307579 0.0255774688
    endloop
  endfacet
  facet normal -0.707004845 -0.378348649 0.59749186
    outer loop
      vertex 0.0181274842 -0.0153307579 0.0255774688
      vertex 0.0181274693 -0.0165673103 0.0247944314
      vertex 0.0194597933 -0.0173075292 0.0259022266
    endloop
  endfacet
  facet normal -0.707005322 -0.378349245 0.597490788
    outer loop
      vertex 0.0181274842 -0.0153307579 0.0255774688
      vertex 0.0194597933 -0.0173075292 0.0259022266
      vertex 0.0194598082 -0.0160157308 0.02672025
    endloop
  endfacet
  facet normal -0.258751899 -0.516775966 0.81608206
    outer loop
      vertex 0.0194598082 -0.0160157308 0.02672025
      vertex 0.0194597933 -0.0173075292 0.0259022266
      vertex 0.0212797895 -0.0175784845 0.0263077058
    endloop
  endfacet
  facet normal -0.258751601 -0.516775727 0.816082358
    outer loop
      vertex 0.0194598082 -0.0160157308 0.02672025
      vertex 0.0212797895 -0.0175784845 0.0263077058
      vertex 0.0212798063 -0.0162664633 0.0271385349
    endloop
  endfacet
  facet normal 0.258738786 -0.556201339 0.789743245
    outer loop
      vertex 0.0212797895 -0.0175784845 0.0263077058
      vertex 0.0212797746 -0.0188481733 0.0254134927
      vertex 0.0230997782 -0.0185576938 0.0250217952
    endloop
  endfacet
  facet normal 0.258739203 -0.556200862 0.789743423
    outer loop
      vertex 0.0212797895 -0.0175784845 0.0263077058
      vertex 0.0230997782 -0.0185576938 0.0250217952
      vertex 0.0230997931 -0.0173075721 0.0259022266
    endloop
  endfacet
  facet normal 0.706995845 -0.407226264 0.578207314
    outer loop
      vertex 0.0230997931 -0.0173075721 0.0259022266
      vertex 0.0230997782 -0.0185576938 0.0250217952
      vertex 0.0244321208 -0.0177640393 0.0239516534
    endloop
  endfacet
  facet normal 0.706995189 -0.407227635 0.578207195
    outer loop
      vertex 0.0230997931 -0.0173075721 0.0259022266
      vertex 0.0244321208 -0.0177640393 0.0239516534
      vertex 0.0244321357 -0.0165673848 0.0247944314
    endloop
  endfacet
  facet normal 0.965904713 -0.149083495 0.211665511
    outer loop
      vertex 0.0244321357 -0.0165673848 0.0247944314
      vertex 0.0244321208 -0.0177640393 0.0239516534
      vertex 0.0249198005 -0.0166798718 0.022489816
    endloop
  endfacet
  facet normal 0.965904772 -0.149082914 0.211665481
    outer loop
      vertex 0.0244321357 -0.0165673848 0.0247944314
      vertex 0.0249198005 -0.0166798718 0.022489816
      vertex 0.0249198135 -0.0155562544 0.023281157
    endloop
  endfacet
  facet normal 0.96590817 0.149060532 -0.211665511
    outer loop
      vertex 0.0249198135 -0.0155562544 0.023281157
      vertex 0.0249198005 -0.0166798718 0.022489816
      vertex 0.0244321469 -0.015595695 0.0210279785
    endloop
  endfacet
  facet normal 0.96590817 0.14906089 -0.211665511
    outer loop
      vertex 0.0249198135 -0.0155562544 0.023281157
      vertex 0.0244321469 -0.015595695 0.0210279785
      vertex 0.0244321581 -0.014545111 0.0217678808
    endloop
  endfacet
  facet normal 0.707004964 0.407210559 -0.578207254
    outer loop
      vertex 0.0244321581 -0.014545111 0.0217678808
      vertex 0.0244321469 -0.015595695 0.0210279785
      vertex 0.0230998229 -0.0148020098 0.0199578386
    endloop
  endfacet
  facet normal 0.707005918 0.407208294 -0.578207612
    outer loop
      vertex 0.0244321581 -0.014545111 0.0217678808
      vertex 0.0230998229 -0.0148020098 0.0199578386
      vertex 0.023099836 -0.0138048902 0.0206600856
    endloop
  endfacet
  facet normal 0.258752733 0.556193948 -0.789743781
    outer loop
      vertex 0.023099836 -0.0138048902 0.0206600856
      vertex 0.0230998229 -0.0148020098 0.0199578386
      vertex 0.0212798268 -0.0145114847 0.0195661411
    endloop
  endfacet
  facet normal 0.258751929 0.556195199 -0.789743304
    outer loop
      vertex 0.023099836 -0.0138048902 0.0206600856
      vertex 0.0212798268 -0.0145114847 0.0195661411
      vertex 0.0212798379 -0.0135339359 0.0202546064
    endloop
  endfacet
  facet normal -0.258739322 0.5562011 -0.789743185
    outer loop
      vertex 0.0212798379 -0.0135339359 0.0202546064
      vertex 0.0212798268 -0.0145114847 0.0195661411
      vertex 0.0194598231 -0.014801966 0.0199578386
    endloop
  endfacet
  facet normal -0.258739144 0.556200922 -0.789743364
    outer loop
      vertex 0.0212798379 -0.0135339359 0.0202546064
      vertex 0.0194598231 -0.014801966 0.0199578386
      vertex 0.0194598362 -0.0138048474 0.0206600856
    endloop
  endfacet
  facet normal -0.706995189 0.407227099 -0.578207552
    outer loop
      vertex 0.0194598362 -0.0138048474 0.0206600856
      vertex 0.0194598231 -0.014801966 0.0199578386
      vertex 0.0181274805 -0.0155956186 0.0210279785
    endloop
  endfacet
  facet normal -0.706995189 0.407227039 -0.578207552
    outer loop
      vertex 0.0194598362 -0.0138048474 0.0206600856
      vertex 0.0181274805 -0.0155956186 0.0210279785
      vertex 0.0181274936 -0.0145450346 0.0217678808
    endloop
  endfacet
  facet normal -0.965904653 0.149083331 -0.211665764
    outer loop
      vertex 0.0181274936 -0.0145450346 0.0217678808
      vertex 0.0181274805 -0.0155956186 0.0210279785
      vertex 0.0176398009 -0.0166797843 0.022489816
    endloop
  endfacet
  facet normal -0.965904593 0.149083242 -0.211665943
    outer loop
      vertex 0.0181274936 -0.0145450346 0.0217678808
      vertex 0.0176398009 -0.0166797843 0.022489816
      vertex 0.0176398139 -0.0155561669 0.023281157
    endloop
  endfacet
  facet normal -0.965908051 -0.14906092 0.211666033
    outer loop
      vertex 0.0176398139 -0.0155561669 0.023281157
      vertex 0.0176398009 -0.0166797843 0.022489816
      vertex 0.0181274563 -0.0177639648 0.0239516534
    endloop
  endfacet
  facet normal -0.96590811 -0.149061054 0.211665675
    outer loop
      vertex 0.0176398139 -0.0155561669 0.023281157
      vertex 0.0181274563 -0.0177639648 0.0239516534
      vertex 0.0181274693 -0.0165673103 0.0247944314
    endloop
  endfacet
  facet normal -0.70700568 -0.407210529 0.578206301
    outer loop
      vertex 0.0181274693 -0.0165673103 0.0247944314
      vertex 0.0181274563 -0.0177639648 0.0239516534
      vertex 0.0194597784 -0.0185576491 0.0250217952
    endloop
  endfacet
  facet normal -0.707005084 -0.407210022 0.578207374
    outer loop
      vertex 0.0181274693 -0.0165673103 0.0247944314
      vertex 0.0194597784 -0.0185576491 0.0250217952
      vertex 0.0194597933 -0.0173075292 0.0259022266
    endloop
  endfacet
  facet normal -0.258752495 -0.556195199 0.789742947
    outer loop
      vertex 0.0194597933 -0.0173075292 0.0259022266
      vertex 0.0194597784 -0.0185576491 0.0250217952
      vertex 0.0212797746 -0.0188481733 0.0254134927
    endloop
  endfacet
  facet normal -0.258752435 -0.55619514 0.789743066
    outer loop
      vertex 0.0194597933 -0.0173075292 0.0259022266
      vertex 0.0212797746 -0.0188481733 0.0254134927
      vertex 0.0212797895 -0.0175784845 0.0263077058
    endloop
  endfacet
  facet normal 0.258738577 -0.594283223 0.761499703
    outer loop
      vertex 0.0212797746 -0.0188481733 0.0254134927
      vertex 0.0212797597 -0.0200724546 0.0244580545
      vertex 0.0230997633 -0.0197631046 0.024081083
    endloop
  endfacet
  facet normal 0.258738309 -0.594283521 0.761499524
    outer loop
      vertex 0.0212797746 -0.0188481733 0.0254134927
      vertex 0.0230997633 -0.0197631046 0.024081083
      vertex 0.0230997782 -0.0185576938 0.0250217952
    endloop
  endfacet
  facet normal 0.706995308 -0.435108483 0.557528615
    outer loop
      vertex 0.0230997782 -0.0185576938 0.0250217952
      vertex 0.0230997633 -0.0197631046 0.024081083
      vertex 0.0244321059 -0.0189178959 0.0230511762
    endloop
  endfacet
  facet normal 0.706995547 -0.435108125 0.557528734
    outer loop
      vertex 0.0230997782 -0.0185576938 0.0250217952
      vertex 0.0244321059 -0.0189178959 0.0230511762
      vertex 0.0244321208 -0.0177640393 0.0239516534
    endloop
  endfacet
  facet normal 0.965904415 -0.159290433 0.204096138
    outer loop
      vertex 0.0244321208 -0.0177640393 0.0239516534
      vertex 0.0244321059 -0.0189178959 0.0230511762
      vertex 0.0249197874 -0.0177633073 0.0216442961
    endloop
  endfacet
  facet normal 0.965904593 -0.159289509 0.204096153
    outer loop
      vertex 0.0244321208 -0.0177640393 0.0239516534
      vertex 0.0249197874 -0.0177633073 0.0216442961
      vertex 0.0249198005 -0.0166798718 0.022489816
    endloop
  endfacet
  facet normal 0.965908229 0.159266636 -0.204096571
    outer loop
      vertex 0.0249198005 -0.0166798718 0.022489816
      vertex 0.0249197874 -0.0177633073 0.0216442961
      vertex 0.0244321339 -0.0166087057 0.0202374179
    endloop
  endfacet
  facet normal 0.965908349 0.15926601 -0.20409663
    outer loop
      vertex 0.0249198005 -0.0166798718 0.022489816
      vertex 0.0244321339 -0.0166087057 0.0202374179
      vertex 0.0244321469 -0.015595695 0.0210279785
    endloop
  endfacet
  facet normal 0.707005858 0.435090601 -0.557529271
    outer loop
      vertex 0.0244321469 -0.015595695 0.0210279785
      vertex 0.0244321339 -0.0166087057 0.0202374179
      vertex 0.0230998117 -0.0157634672 0.0192075092
    endloop
  endfacet
  facet normal 0.707005262 0.435091972 -0.557528913
    outer loop
      vertex 0.0244321469 -0.015595695 0.0210279785
      vertex 0.0230998117 -0.0157634672 0.0192075092
      vertex 0.0230998229 -0.0148020098 0.0199578386
    endloop
  endfacet
  facet normal 0.258753151 0.594277382 -0.761499345
    outer loop
      vertex 0.0230998229 -0.0148020098 0.0199578386
      vertex 0.0230998117 -0.0157634672 0.0192075092
      vertex 0.0212798156 -0.0154540725 0.0188305378
    endloop
  endfacet
  facet normal 0.25875324 0.594277263 -0.761499405
    outer loop
      vertex 0.0230998229 -0.0148020098 0.0199578386
      vertex 0.0212798156 -0.0154540725 0.0188305378
      vertex 0.0212798268 -0.0145114847 0.0195661411
    endloop
  endfacet
  facet normal -0.258738577 0.594283521 -0.761499465
    outer loop
      vertex 0.0212798268 -0.0145114847 0.0195661411
      vertex 0.0212798156 -0.0154540725 0.0188305378
      vertex 0.019459812 -0.0157634225 0.0192075092
    endloop
  endfacet
  facet normal -0.258738875 0.594283819 -0.761499047
    outer loop
      vertex 0.0212798268 -0.0145114847 0.0195661411
      vertex 0.019459812 -0.0157634225 0.0192075092
      vertex 0.0194598231 -0.014801966 0.0199578386
    endloop
  endfacet
  facet normal -0.706995726 0.435108334 -0.557528257
    outer loop
      vertex 0.0194598231 -0.014801966 0.0199578386
      vertex 0.019459812 -0.0157634225 0.0192075092
      vertex 0.0181274693 -0.0166086312 0.0202374179
    endloop
  endfacet
  facet normal -0.706994832 0.43510735 -0.557530165
    outer loop
      vertex 0.0194598231 -0.014801966 0.0199578386
      vertex 0.0181274693 -0.0166086312 0.0202374179
      vertex 0.0181274805 -0.0155956186 0.0210279785
    endloop
  endfacet
  facet normal -0.965904355 0.159289211 -0.204097182
    outer loop
      vertex 0.0181274805 -0.0155956186 0.0210279785
      vertex 0.0181274693 -0.0166086312 0.0202374179
      vertex 0.0176397879 -0.0177632216 0.0216442961
    endloop
  endfacet
  facet normal -0.965904534 0.159289464 -0.204096407
    outer loop
      vertex 0.0181274805 -0.0155956186 0.0210279785
      vertex 0.0176397879 -0.0177632216 0.0216442961
      vertex 0.0176398009 -0.0166797843 0.022489816
    endloop
  endfacet
  facet normal -0.965908289 -0.159266442 0.20409669
    outer loop
      vertex 0.0176398009 -0.0166797843 0.022489816
      vertex 0.0176397879 -0.0177632216 0.0216442961
      vertex 0.0181274414 -0.0189178213 0.0230511762
    endloop
  endfacet
  facet normal -0.96590811 -0.159266293 0.204097196
    outer loop
      vertex 0.0176398009 -0.0166797843 0.022489816
      vertex 0.0181274414 -0.0189178213 0.0230511762
      vertex 0.0181274563 -0.0177639648 0.0239516534
    endloop
  endfacet
  facet normal -0.707005441 -0.435090721 0.557529688
    outer loop
      vertex 0.0181274563 -0.0177639648 0.0239516534
      vertex 0.0181274414 -0.0189178213 0.0230511762
      vertex 0.0194597635 -0.0197630599 0.024081083
    endloop
  endfacet
  facet normal -0.707005978 -0.435091108 0.557528734
    outer loop
      vertex 0.0181274563 -0.0177639648 0.0239516534
      vertex 0.0194597635 -0.0197630599 0.024081083
      vertex 0.0194597784 -0.0185576491 0.0250217952
    endloop
  endfacet
  facet normal -0.258753151 -0.594277084 0.761499524
    outer loop
      vertex 0.0194597784 -0.0185576491 0.0250217952
      vertex 0.0194597635 -0.0197630599 0.024081083
      vertex 0.0212797597 -0.0200724546 0.0244580545
    endloop
  endfacet
  facet normal -0.258752972 -0.594276965 0.761499763
    outer loop
      vertex 0.0194597784 -0.0185576491 0.0250217952
      vertex 0.0212797597 -0.0200724546 0.0244580545
      vertex 0.0212797746 -0.0188481733 0.0254134927
    endloop
  endfacet
  facet normal 0.25873813 -0.630932689 0.731422186
    outer loop
      vertex 0.0212797597 -0.0200724546 0.0244580545
      vertex 0.0212797467 -0.0212483797 0.0234436933
      vertex 0.0230997503 -0.0209209044 0.0230823569
    endloop
  endfacet
  facet normal 0.25873813 -0.630932808 0.731422186
    outer loop
      vertex 0.0212797597 -0.0200724546 0.0244580545
      vertex 0.0230997503 -0.0209209044 0.0230823569
      vertex 0.0230997633 -0.0197631046 0.024081083
    endloop
  endfacet
  facet normal 0.706995308 -0.461940557 0.535507619
    outer loop
      vertex 0.0230997633 -0.0197631046 0.024081083
      vertex 0.0230997503 -0.0209209044 0.0230823569
      vertex 0.0244320929 -0.020026179 0.0220951624
    endloop
  endfacet
  facet normal 0.70699501 -0.461941242 0.5355075
    outer loop
      vertex 0.0230997633 -0.0197631046 0.024081083
      vertex 0.0244320929 -0.020026179 0.0220951624
      vertex 0.0244321059 -0.0189178959 0.0230511762
    endloop
  endfacet
  facet normal 0.965904057 -0.169113204 0.196035579
    outer loop
      vertex 0.0244321059 -0.0189178959 0.0230511762
      vertex 0.0244320929 -0.020026179 0.0220951624
      vertex 0.0249197762 -0.0188039485 0.0207466315
    endloop
  endfacet
  facet normal 0.965904295 -0.169112146 0.196035668
    outer loop
      vertex 0.0244321059 -0.0189178959 0.0230511762
      vertex 0.0249197762 -0.0188039485 0.0207466315
      vertex 0.0249197874 -0.0177633073 0.0216442961
    endloop
  endfacet
  facet normal 0.965908349 0.169090539 -0.19603467
    outer loop
      vertex 0.0249197874 -0.0177633073 0.0216442961
      vertex 0.0249197762 -0.0188039485 0.0207466315
      vertex 0.0244321227 -0.017581705 0.0193981007
    endloop
  endfacet
  facet normal 0.965908349 0.169090077 -0.196034715
    outer loop
      vertex 0.0249197874 -0.0177633073 0.0216442961
      vertex 0.0244321227 -0.017581705 0.0193981007
      vertex 0.0244321339 -0.0166087057 0.0202374179
    endloop
  endfacet
  facet normal 0.707005501 0.461925209 -0.535507619
    outer loop
      vertex 0.0244321339 -0.0166087057 0.0202374179
      vertex 0.0244321227 -0.017581705 0.0193981007
      vertex 0.0230998006 -0.0166869499 0.0184109081
    endloop
  endfacet
  facet normal 0.707006156 0.461923599 -0.535508037
    outer loop
      vertex 0.0244321339 -0.0166087057 0.0202374179
      vertex 0.0230998006 -0.0166869499 0.0184109081
      vertex 0.0230998117 -0.0157634672 0.0192075092
    endloop
  endfacet
  facet normal 0.258754283 0.630925834 -0.731422484
    outer loop
      vertex 0.0230998117 -0.0157634672 0.0192075092
      vertex 0.0230998006 -0.0166869499 0.0184109081
      vertex 0.0212798044 -0.0163594298 0.0180495698
    endloop
  endfacet
  facet normal 0.258753568 0.630926788 -0.731421828
    outer loop
      vertex 0.0230998117 -0.0157634672 0.0192075092
      vertex 0.0212798044 -0.0163594298 0.0180495698
      vertex 0.0212798156 -0.0154540725 0.0188305378
    endloop
  endfacet
  facet normal -0.258738905 0.630933046 -0.731421709
    outer loop
      vertex 0.0212798156 -0.0154540725 0.0188305378
      vertex 0.0212798044 -0.0163594298 0.0180495698
      vertex 0.0194598008 -0.0166869052 0.0184109081
    endloop
  endfacet
  facet normal -0.25873813 0.630932271 -0.731422603
    outer loop
      vertex 0.0212798156 -0.0154540725 0.0188305378
      vertex 0.0194598008 -0.0166869052 0.0184109081
      vertex 0.019459812 -0.0157634225 0.0192075092
    endloop
  endfacet
  facet normal -0.70699507 0.461940706 -0.535508037
    outer loop
      vertex 0.019459812 -0.0157634225 0.0192075092
      vertex 0.0194598008 -0.0166869052 0.0184109081
      vertex 0.0181274582 -0.0175816305 0.0193981007
    endloop
  endfacet
  facet normal -0.706995368 0.461941063 -0.535507143
    outer loop
      vertex 0.019459812 -0.0157634225 0.0192075092
      vertex 0.0181274582 -0.0175816305 0.0193981007
      vertex 0.0181274693 -0.0166086312 0.0202374179
    endloop
  endfacet
  facet normal -0.965904117 0.169112965 -0.196035549
    outer loop
      vertex 0.0181274693 -0.0166086312 0.0202374179
      vertex 0.0181274582 -0.0175816305 0.0193981007
      vertex 0.0176397748 -0.0188038629 0.0207466315
    endloop
  endfacet
  facet normal -0.965904295 0.169113159 -0.196034864
    outer loop
      vertex 0.0181274693 -0.0166086312 0.0202374179
      vertex 0.0176397748 -0.0188038629 0.0207466315
      vertex 0.0176397879 -0.0177632216 0.0216442961
    endloop
  endfacet
  facet normal -0.96590817 -0.169089645 0.196035653
    outer loop
      vertex 0.0176397879 -0.0177632216 0.0216442961
      vertex 0.0176397748 -0.0188038629 0.0207466315
      vertex 0.0181274284 -0.0200261045 0.0220951624
    endloop
  endfacet
  facet normal -0.965908349 -0.169089854 0.196034893
    outer loop
      vertex 0.0176397879 -0.0177632216 0.0216442961
      vertex 0.0181274284 -0.0200261045 0.0220951624
      vertex 0.0181274414 -0.0189178213 0.0230511762
    endloop
  endfacet
  facet normal -0.707005799 -0.461924672 0.53550756
    outer loop
      vertex 0.0181274414 -0.0189178213 0.0230511762
      vertex 0.0181274284 -0.0200261045 0.0220951624
      vertex 0.0194597505 -0.0209208596 0.0230823569
    endloop
  endfacet
  facet normal -0.707005799 -0.461924642 0.535507619
    outer loop
      vertex 0.0181274414 -0.0189178213 0.0230511762
      vertex 0.0194597505 -0.0209208596 0.0230823569
      vertex 0.0194597635 -0.0197630599 0.024081083
    endloop
  endfacet
  facet normal -0.258753598 -0.630926728 0.731421888
    outer loop
      vertex 0.0194597635 -0.0197630599 0.024081083
      vertex 0.0194597505 -0.0209208596 0.0230823569
      vertex 0.0212797467 -0.0212483797 0.0234436933
    endloop
  endfacet
  facet normal -0.258753598 -0.630926788 0.731422007
    outer loop
      vertex 0.0194597635 -0.0197630599 0.024081083
      vertex 0.0212797467 -0.0212483797 0.0234436933
      vertex 0.0212797597 -0.0200724546 0.0244580545
    endloop
  endfacet
  facet normal 0.258736908 -0.666062295 0.699582994
    outer loop
      vertex 0.0212797467 -0.0212483797 0.0234436933
      vertex 0.0212797318 -0.0223731156 0.0223728549
      vertex 0.0230997372 -0.0220283065 0.0220280234
    endloop
  endfacet
  facet normal 0.258737773 -0.666061282 0.699583471
    outer loop
      vertex 0.0212797467 -0.0212483797 0.0234436933
      vertex 0.0230997372 -0.0220283065 0.0220280234
      vertex 0.0230997503 -0.0209209044 0.0230823569
    endloop
  endfacet
  facet normal 0.706995368 -0.487659752 0.512196779
    outer loop
      vertex 0.0230997503 -0.0209209044 0.0230823569
      vertex 0.0230997372 -0.0220283065 0.0220280234
      vertex 0.0244320799 -0.0210862178 0.0210859217
    endloop
  endfacet
  facet normal 0.70699513 -0.487660348 0.512196541
    outer loop
      vertex 0.0230997503 -0.0209209044 0.0230823569
      vertex 0.0244320799 -0.0210862178 0.0210859217
      vertex 0.0244320929 -0.020026179 0.0220951624
    endloop
  endfacet
  facet normal 0.965904176 -0.178528264 0.187501639
    outer loop
      vertex 0.0244320929 -0.020026179 0.0220951624
      vertex 0.0244320799 -0.0210862178 0.0210859217
      vertex 0.0249197632 -0.0197992902 0.0197989866
    endloop
  endfacet
  facet normal 0.965903997 -0.178529114 0.18750152
    outer loop
      vertex 0.0244320929 -0.020026179 0.0220951624
      vertex 0.0249197632 -0.0197992902 0.0197989866
      vertex 0.0249197762 -0.0188039485 0.0207466315
    endloop
  endfacet
  facet normal 0.965908468 0.178504229 -0.187501982
    outer loop
      vertex 0.0249197762 -0.0188039485 0.0207466315
      vertex 0.0249197632 -0.0197992902 0.0197989866
      vertex 0.0244321115 -0.0185123496 0.0185120534
    endloop
  endfacet
  facet normal 0.965908408 0.178505003 -0.187501863
    outer loop
      vertex 0.0249197762 -0.0188039485 0.0207466315
      vertex 0.0244321115 -0.0185123496 0.0185120534
      vertex 0.0244321227 -0.017581705 0.0193981007
    endloop
  endfacet
  facet normal 0.707005858 0.487643957 -0.512197435
    outer loop
      vertex 0.0244321227 -0.017581705 0.0193981007
      vertex 0.0244321115 -0.0185123496 0.0185120534
      vertex 0.0230997894 -0.017570233 0.0175699517
    endloop
  endfacet
  facet normal 0.707005799 0.487644076 -0.512197435
    outer loop
      vertex 0.0244321227 -0.017581705 0.0193981007
      vertex 0.0230997894 -0.017570233 0.0175699517
      vertex 0.0230998006 -0.0166869499 0.0184109081
    endloop
  endfacet
  facet normal 0.2587547 0.66605562 -0.699582756
    outer loop
      vertex 0.0230998006 -0.0166869499 0.0184109081
      vertex 0.0230997894 -0.017570233 0.0175699517
      vertex 0.0212797932 -0.0172253773 0.0172251184
    endloop
  endfacet
  facet normal 0.25875473 0.666055501 -0.699582756
    outer loop
      vertex 0.0230998006 -0.0166869499 0.0184109081
      vertex 0.0212797932 -0.0172253773 0.0172251184
      vertex 0.0212798044 -0.0163594298 0.0180495698
    endloop
  endfacet
  facet normal -0.258738458 0.666061997 -0.699582517
    outer loop
      vertex 0.0212798044 -0.0163594298 0.0180495698
      vertex 0.0212797932 -0.0172253773 0.0172251184
      vertex 0.0194597896 -0.0175701883 0.0175699517
    endloop
  endfacet
  facet normal -0.258738428 0.666062057 -0.699582577
    outer loop
      vertex 0.0212798044 -0.0163594298 0.0180495698
      vertex 0.0194597896 -0.0175701883 0.0175699517
      vertex 0.0194598008 -0.0166869052 0.0184109081
    endloop
  endfacet
  facet normal -0.70699507 0.487660795 -0.512196183
    outer loop
      vertex 0.0194598008 -0.0166869052 0.0184109081
      vertex 0.0194597896 -0.0175701883 0.0175699517
      vertex 0.018127447 -0.0185122751 0.0185120534
    endloop
  endfacet
  facet normal -0.706994712 0.487660497 -0.512196958
    outer loop
      vertex 0.0194598008 -0.0166869052 0.0184109081
      vertex 0.018127447 -0.0185122751 0.0185120534
      vertex 0.0181274582 -0.0175816305 0.0193981007
    endloop
  endfacet
  facet normal -0.965904057 0.17852813 -0.187501773
    outer loop
      vertex 0.0181274582 -0.0175816305 0.0193981007
      vertex 0.018127447 -0.0185122751 0.0185120534
      vertex 0.0176397637 -0.0197992045 0.0197989866
    endloop
  endfacet
  facet normal -0.965903997 0.178528011 -0.187502265
    outer loop
      vertex 0.0181274582 -0.0175816305 0.0193981007
      vertex 0.0176397637 -0.0197992045 0.0197989866
      vertex 0.0176397748 -0.0188038629 0.0207466315
    endloop
  endfacet
  facet normal -0.965908587 -0.178505167 0.187501058
    outer loop
      vertex 0.0176397748 -0.0188038629 0.0207466315
      vertex 0.0176397637 -0.0197992045 0.0197989866
      vertex 0.0181274153 -0.0210861433 0.0210859217
    endloop
  endfacet
  facet normal -0.965908349 -0.178504974 0.187502146
    outer loop
      vertex 0.0176397748 -0.0188038629 0.0207466315
      vertex 0.0181274153 -0.0210861433 0.0210859217
      vertex 0.0181274284 -0.0200261045 0.0220951624
    endloop
  endfacet
  facet normal -0.707006156 -0.4876436 0.512197256
    outer loop
      vertex 0.0181274284 -0.0200261045 0.0220951624
      vertex 0.0181274153 -0.0210861433 0.0210859217
      vertex 0.0194597375 -0.0220282618 0.0220280234
    endloop
  endfacet
  facet normal -0.707006156 -0.48764357 0.512197256
    outer loop
      vertex 0.0181274284 -0.0200261045 0.0220951624
      vertex 0.0194597375 -0.0220282618 0.0220280234
      vertex 0.0194597505 -0.0209208596 0.0230823569
    endloop
  endfacet
  facet normal -0.258753628 -0.666055143 0.699583471
    outer loop
      vertex 0.0194597505 -0.0209208596 0.0230823569
      vertex 0.0194597375 -0.0220282618 0.0220280234
      vertex 0.0212797318 -0.0223731156 0.0223728549
    endloop
  endfacet
  facet normal -0.258754045 -0.666055501 0.699583054
    outer loop
      vertex 0.0194597505 -0.0209208596 0.0230823569
      vertex 0.0212797318 -0.0223731156 0.0223728549
      vertex 0.0212797467 -0.0212483797 0.0234436933
    endloop
  endfacet
  facet normal 0.258737385 -0.699585974 0.666058838
    outer loop
      vertex 0.0212797318 -0.0223731156 0.0223728549
      vertex 0.0212797206 -0.0234439429 0.0212481301
      vertex 0.0230997242 -0.0230826288 0.0209206324
    endloop
  endfacet
  facet normal 0.258736491 -0.699586987 0.666058183
    outer loop
      vertex 0.0212797318 -0.0223731156 0.0223728549
      vertex 0.0230997242 -0.0230826288 0.0209206324
      vertex 0.0230997372 -0.0220283065 0.0220280234
    endloop
  endfacet
  facet normal 0.706994593 -0.51220572 0.487651348
    outer loop
      vertex 0.0230997372 -0.0220283065 0.0220280234
      vertex 0.0230997242 -0.0230826288 0.0209206324
      vertex 0.0244320687 -0.0220954493 0.0200258922
    endloop
  endfacet
  facet normal 0.70699513 -0.512204707 0.487651676
    outer loop
      vertex 0.0230997372 -0.0220283065 0.0220280234
      vertex 0.0244320687 -0.0220954493 0.0200258922
      vertex 0.0244320799 -0.0210862178 0.0210859217
    endloop
  endfacet
  facet normal 0.965904057 -0.187512934 0.178516865
    outer loop
      vertex 0.0244320799 -0.0210862178 0.0210859217
      vertex 0.0244320687 -0.0220954493 0.0200258922
      vertex 0.024919752 -0.0207469258 0.0188036561
    endloop
  endfacet
  facet normal 0.965903997 -0.187513053 0.178516835
    outer loop
      vertex 0.0244320799 -0.0210862178 0.0210859217
      vertex 0.024919752 -0.0207469258 0.0188036561
      vertex 0.0249197632 -0.0197992902 0.0197989866
    endloop
  endfacet
  facet normal 0.965908587 0.187489912 -0.178516492
    outer loop
      vertex 0.0249197632 -0.0197992902 0.0197989866
      vertex 0.024919752 -0.0207469258 0.0188036561
      vertex 0.0244321004 -0.0193983875 0.0175814182
    endloop
  endfacet
  facet normal 0.965908587 0.187489718 -0.178516507
    outer loop
      vertex 0.0249197632 -0.0197992902 0.0197989866
      vertex 0.0244321004 -0.0193983875 0.0175814182
      vertex 0.0244321115 -0.0185123496 0.0185120534
    endloop
  endfacet
  facet normal 0.707006216 0.512188673 -0.487652421
    outer loop
      vertex 0.0244321115 -0.0185123496 0.0185120534
      vertex 0.0244321004 -0.0193983875 0.0175814182
      vertex 0.0230997801 -0.01841118 0.0166866779
    endloop
  endfacet
  facet normal 0.707006097 0.51218909 -0.487652302
    outer loop
      vertex 0.0244321115 -0.0185123496 0.0185120534
      vertex 0.0230997801 -0.01841118 0.0166866779
      vertex 0.0230997894 -0.017570233 0.0175699517
    endloop
  endfacet
  facet normal 0.258755028 0.699579835 -0.666058421
    outer loop
      vertex 0.0230997894 -0.017570233 0.0175699517
      vertex 0.0230997801 -0.01841118 0.0166866779
      vertex 0.0212797839 -0.0180498194 0.0163591802
    endloop
  endfacet
  facet normal 0.258755088 0.699579775 -0.66605854
    outer loop
      vertex 0.0230997894 -0.017570233 0.0175699517
      vertex 0.0212797839 -0.0180498194 0.0163591802
      vertex 0.0212797932 -0.0172253773 0.0172251184
    endloop
  endfacet
  facet normal -0.258738071 0.699585855 -0.666058719
    outer loop
      vertex 0.0212797932 -0.0172253773 0.0172251184
      vertex 0.0212797839 -0.0180498194 0.0163591802
      vertex 0.0194597803 -0.0184111353 0.0166866779
    endloop
  endfacet
  facet normal -0.258738041 0.699585855 -0.666058779
    outer loop
      vertex 0.0212797932 -0.0172253773 0.0172251184
      vertex 0.0194597803 -0.0184111353 0.0166866779
      vertex 0.0194597896 -0.0175701883 0.0175699517
    endloop
  endfacet
  facet normal -0.706994236 0.512205124 -0.4876526
    outer loop
      vertex 0.0194597896 -0.0175701883 0.0175699517
      vertex 0.0194597803 -0.0184111353 0.0166866779
      vertex 0.0181274358 -0.019398313 0.0175814182
    endloop
  endfacet
  facet normal -0.706994772 0.512205482 -0.487651378
    outer loop
      vertex 0.0194597896 -0.0175701883 0.0175699517
      vertex 0.0181274358 -0.019398313 0.0175814182
      vertex 0.018127447 -0.0185122751 0.0185120534
    endloop
  endfacet
  facet normal -0.965904117 0.187513351 -0.178515866
    outer loop
      vertex 0.018127447 -0.0185122751 0.0185120534
      vertex 0.0181274358 -0.019398313 0.0175814182
      vertex 0.0176397525 -0.0207468383 0.0188036561
    endloop
  endfacet
  facet normal -0.965904057 0.187513217 -0.178516671
    outer loop
      vertex 0.018127447 -0.0185122751 0.0185120534
      vertex 0.0176397525 -0.0207468383 0.0188036561
      vertex 0.0176397637 -0.0197992045 0.0197989866
    endloop
  endfacet
  facet normal -0.965908468 -0.187490299 0.178516522
    outer loop
      vertex 0.0176397637 -0.0197992045 0.0197989866
      vertex 0.0176397525 -0.0207468383 0.0188036561
      vertex 0.0181274042 -0.0220953748 0.0200258922
    endloop
  endfacet
  facet normal -0.965908587 -0.187490404 0.178515807
    outer loop
      vertex 0.0176397637 -0.0197992045 0.0197989866
      vertex 0.0181274042 -0.0220953748 0.0200258922
      vertex 0.0181274153 -0.0210861433 0.0210859217
    endloop
  endfacet
  facet normal -0.707006633 -0.512188971 0.487651646
    outer loop
      vertex 0.0181274153 -0.0210861433 0.0210859217
      vertex 0.0181274042 -0.0220953748 0.0200258922
      vertex 0.0194597244 -0.0230825841 0.0209206324
    endloop
  endfacet
  facet normal -0.707006395 -0.512188852 0.487651944
    outer loop
      vertex 0.0181274153 -0.0210861433 0.0210859217
      vertex 0.0194597244 -0.0230825841 0.0209206324
      vertex 0.0194597375 -0.0220282618 0.0220280234
    endloop
  endfacet
  facet normal -0.258754402 -0.699580491 0.666058064
    outer loop
      vertex 0.0194597375 -0.0220282618 0.0220280234
      vertex 0.0194597244 -0.0230825841 0.0209206324
      vertex 0.0212797206 -0.0234439429 0.0212481301
    endloop
  endfacet
  facet normal -0.258754045 -0.699580252 0.666058421
    outer loop
      vertex 0.0194597375 -0.0220282618 0.0220280234
      vertex 0.0212797206 -0.0234439429 0.0212481301
      vertex 0.0212797318 -0.0223731156 0.0223728549
    endloop
  endfacet
  facet normal 0.258736998 -0.731425345 0.630929649
    outer loop
      vertex 0.0212797206 -0.0234439429 0.0212481301
      vertex 0.0212797076 -0.024458304 0.020072205
      vertex 0.0230997112 -0.024081355 0.0197628327
    endloop
  endfacet
  facet normal 0.258736968 -0.731425226 0.630929589
    outer loop
      vertex 0.0212797206 -0.0234439429 0.0212481301
      vertex 0.0230997112 -0.024081355 0.0197628327
      vertex 0.0230997242 -0.0230826288 0.0209206324
    endloop
  endfacet
  facet normal 0.706993759 -0.535516739 0.461932451
    outer loop
      vertex 0.0230997242 -0.0230826288 0.0209206324
      vertex 0.0230997112 -0.024081355 0.0197628327
      vertex 0.0244320575 -0.0230514631 0.018917609
    endloop
  endfacet
  facet normal 0.706994355 -0.535515666 0.461932927
    outer loop
      vertex 0.0230997242 -0.0230826288 0.0209206324
      vertex 0.0244320575 -0.0230514631 0.018917609
      vertex 0.0244320687 -0.0220954493 0.0200258922
    endloop
  endfacet
  facet normal 0.965904057 -0.196046203 0.169101253
    outer loop
      vertex 0.0244320687 -0.0220954493 0.0200258922
      vertex 0.0244320575 -0.0230514631 0.018917609
      vertex 0.0249197409 -0.0216445904 0.0177630149
    endloop
  endfacet
  facet normal 0.965903997 -0.196046904 0.169101074
    outer loop
      vertex 0.0244320687 -0.0220954493 0.0200258922
      vertex 0.0249197409 -0.0216445904 0.0177630149
      vertex 0.024919752 -0.0207469258 0.0188036561
    endloop
  endfacet
  facet normal 0.965908706 0.196023002 -0.169101223
    outer loop
      vertex 0.024919752 -0.0207469258 0.0188036561
      vertex 0.0249197409 -0.0216445904 0.0177630149
      vertex 0.024432091 -0.0202377066 0.0166084189
    endloop
  endfacet
  facet normal 0.965908706 0.196023479 -0.169101104
    outer loop
      vertex 0.024919752 -0.0207469258 0.0188036561
      vertex 0.024432091 -0.0202377066 0.0166084189
      vertex 0.0244321004 -0.0193983875 0.0175814182
    endloop
  endfacet
  facet normal 0.707007289 0.535498321 -0.461933106
    outer loop
      vertex 0.0244321004 -0.0193983875 0.0175814182
      vertex 0.024432091 -0.0202377066 0.0166084189
      vertex 0.0230997708 -0.0192077812 0.0157631952
    endloop
  endfacet
  facet normal 0.707006574 0.53550005 -0.461932391
    outer loop
      vertex 0.0244321004 -0.0193983875 0.0175814182
      vertex 0.0230997708 -0.0192077812 0.0157631952
      vertex 0.0230997801 -0.01841118 0.0166866779
    endloop
  endfacet
  facet normal 0.25875473 0.731419504 -0.630929053
    outer loop
      vertex 0.0230997801 -0.01841118 0.0166866779
      vertex 0.0230997708 -0.0192077812 0.0157631952
      vertex 0.0212797746 -0.0188307874 0.0154538229
    endloop
  endfacet
  facet normal 0.258755445 0.73141861 -0.630929828
    outer loop
      vertex 0.0230997801 -0.01841118 0.0166866779
      vertex 0.0212797746 -0.0188307874 0.0154538229
      vertex 0.0212797839 -0.0180498194 0.0163591802
    endloop
  endfacet
  facet normal -0.258737683 0.731424809 -0.630929887
    outer loop
      vertex 0.0212797839 -0.0180498194 0.0163591802
      vertex 0.0212797746 -0.0188307874 0.0154538229
      vertex 0.019459771 -0.0192077383 0.0157631952
    endloop
  endfacet
  facet normal -0.258737683 0.731424868 -0.630929887
    outer loop
      vertex 0.0212797839 -0.0180498194 0.0163591802
      vertex 0.019459771 -0.0192077383 0.0157631952
      vertex 0.0194597803 -0.0184111353 0.0166866779
    endloop
  endfacet
  facet normal -0.706993759 0.535516202 -0.461933136
    outer loop
      vertex 0.0194597803 -0.0184111353 0.0166866779
      vertex 0.019459771 -0.0192077383 0.0157631952
      vertex 0.0181274246 -0.0202376302 0.0166084189
    endloop
  endfacet
  facet normal -0.706993997 0.535516322 -0.461932689
    outer loop
      vertex 0.0194597803 -0.0184111353 0.0166866779
      vertex 0.0181274246 -0.0202376302 0.0166084189
      vertex 0.0181274358 -0.019398313 0.0175814182
    endloop
  endfacet
  facet normal -0.965904117 0.196046695 -0.169100404
    outer loop
      vertex 0.0181274358 -0.019398313 0.0175814182
      vertex 0.0181274246 -0.0202376302 0.0166084189
      vertex 0.0176397413 -0.0216445029 0.0177630149
    endloop
  endfacet
  facet normal -0.965904057 0.196046621 -0.169100866
    outer loop
      vertex 0.0181274358 -0.019398313 0.0175814182
      vertex 0.0176397413 -0.0216445029 0.0177630149
      vertex 0.0176397525 -0.0207468383 0.0188036561
    endloop
  endfacet
  facet normal -0.965908706 -0.196023002 0.169101208
    outer loop
      vertex 0.0176397525 -0.0207468383 0.0188036561
      vertex 0.0176397413 -0.0216445029 0.0177630149
      vertex 0.0181273911 -0.0230513886 0.018917609
    endloop
  endfacet
  facet normal -0.965908587 -0.196022928 0.169102281
    outer loop
      vertex 0.0176397525 -0.0207468383 0.0188036561
      vertex 0.0181273911 -0.0230513886 0.018917609
      vertex 0.0181274042 -0.0220953748 0.0200258922
    endloop
  endfacet
  facet normal -0.707006574 -0.535498738 0.461933762
    outer loop
      vertex 0.0181274042 -0.0220953748 0.0200258922
      vertex 0.0181273911 -0.0230513886 0.018917609
      vertex 0.0194597114 -0.0240813103 0.0197628327
    endloop
  endfacet
  facet normal -0.707006931 -0.535498917 0.461933076
    outer loop
      vertex 0.0181274042 -0.0220953748 0.0200258922
      vertex 0.0194597114 -0.0240813103 0.0197628327
      vertex 0.0194597244 -0.0230825841 0.0209206324
    endloop
  endfacet
  facet normal -0.25875473 -0.731418788 0.630929887
    outer loop
      vertex 0.0194597244 -0.0230825841 0.0209206324
      vertex 0.0194597114 -0.0240813103 0.0197628327
      vertex 0.0212797076 -0.024458304 0.020072205
    endloop
  endfacet
  facet normal -0.25875476 -0.731418788 0.630929828
    outer loop
      vertex 0.0194597244 -0.0230825841 0.0209206324
      vertex 0.0212797076 -0.024458304 0.020072205
      vertex 0.0212797206 -0.0234439429 0.0212481301
    endloop
  endfacet
  facet normal 0.258737028 -0.761502504 0.594280362
    outer loop
      vertex 0.0212797076 -0.024458304 0.020072205
      vertex 0.0212796964 -0.025413733 0.0188479368
      vertex 0.0230997 -0.0250220578 0.018557433
    endloop
  endfacet
  facet normal 0.25873664 -0.761502862 0.594280124
    outer loop
      vertex 0.0212797076 -0.024458304 0.020072205
      vertex 0.0230997 -0.0250220578 0.018557433
      vertex 0.0230997112 -0.024081355 0.0197628327
    endloop
  endfacet
  facet normal 0.70699358 -0.557537556 0.43509987
    outer loop
      vertex 0.0230997112 -0.024081355 0.0197628327
      vertex 0.0230997 -0.0250220578 0.018557433
      vertex 0.0244320463 -0.0239519328 0.0177637637
    endloop
  endfacet
  facet normal 0.70699358 -0.557537735 0.43509984
    outer loop
      vertex 0.0230997112 -0.024081355 0.0197628327
      vertex 0.0244320463 -0.0239519328 0.0177637637
      vertex 0.0244320575 -0.0230514631 0.018917609
    endloop
  endfacet
  facet normal 0.965903819 -0.204108328 0.159278348
    outer loop
      vertex 0.0244320575 -0.0230514631 0.018917609
      vertex 0.0244320463 -0.0239519328 0.0177637637
      vertex 0.0249197315 -0.0224901028 0.0166795906
    endloop
  endfacet
  facet normal 0.965903997 -0.204107404 0.159278616
    outer loop
      vertex 0.0244320575 -0.0230514631 0.018917609
      vertex 0.0249197315 -0.0224901028 0.0166795906
      vertex 0.0249197409 -0.0216445904 0.0177630149
    endloop
  endfacet
  facet normal 0.965908885 0.204085097 -0.159277841
    outer loop
      vertex 0.0249197409 -0.0216445904 0.0177630149
      vertex 0.0249197315 -0.0224901028 0.0166795906
      vertex 0.0244320817 -0.0210282598 0.0155954165
    endloop
  endfacet
  facet normal 0.965908825 0.204084814 -0.159277886
    outer loop
      vertex 0.0249197409 -0.0216445904 0.0177630149
      vertex 0.0244320817 -0.0210282598 0.0155954165
      vertex 0.024432091 -0.0202377066 0.0166084189
    endloop
  endfacet
  facet normal 0.70700717 0.557520866 -0.435099185
    outer loop
      vertex 0.024432091 -0.0202377066 0.0166084189
      vertex 0.0244320817 -0.0210282598 0.0155954165
      vertex 0.0230997615 -0.0199581031 0.0148017462
    endloop
  endfacet
  facet normal 0.707007587 0.557520092 -0.435099632
    outer loop
      vertex 0.024432091 -0.0202377066 0.0166084189
      vertex 0.0230997615 -0.0199581031 0.0148017462
      vertex 0.0230997708 -0.0192077812 0.0157631952
    endloop
  endfacet
  facet normal 0.258755118 0.761496544 -0.594280064
    outer loop
      vertex 0.0230997708 -0.0192077812 0.0157631952
      vertex 0.0230997615 -0.0199581031 0.0148017462
      vertex 0.0212797653 -0.0195663832 0.0145112434
    endloop
  endfacet
  facet normal 0.258755088 0.761496603 -0.594279945
    outer loop
      vertex 0.0230997708 -0.0192077812 0.0157631952
      vertex 0.0212797653 -0.0195663832 0.0145112434
      vertex 0.0212797746 -0.0188307874 0.0154538229
    endloop
  endfacet
  facet normal -0.258737415 0.761502802 -0.594279706
    outer loop
      vertex 0.0212797746 -0.0188307874 0.0154538229
      vertex 0.0212797653 -0.0195663832 0.0145112434
      vertex 0.0194597617 -0.0199580602 0.0148017462
    endloop
  endfacet
  facet normal -0.258737355 0.761502743 -0.594279885
    outer loop
      vertex 0.0212797746 -0.0188307874 0.0154538229
      vertex 0.0194597617 -0.0199580602 0.0148017462
      vertex 0.019459771 -0.0192077383 0.0157631952
    endloop
  endfacet
  facet normal -0.706993341 0.557537854 -0.43509984
    outer loop
      vertex 0.019459771 -0.0192077383 0.0157631952
      vertex 0.0194597617 -0.0199580602 0.0148017462
      vertex 0.0181274153 -0.0210281834 0.0155954165
    endloop
  endfacet
  facet normal -0.70699352 0.557537973 -0.435099542
    outer loop
      vertex 0.019459771 -0.0192077383 0.0157631952
      vertex 0.0181274153 -0.0210281834 0.0155954165
      vertex 0.0181274246 -0.0202376302 0.0166084189
    endloop
  endfacet
  facet normal -0.965903878 0.204108059 -0.159278274
    outer loop
      vertex 0.0181274246 -0.0202376302 0.0166084189
      vertex 0.0181274153 -0.0210281834 0.0155954165
      vertex 0.0176397301 -0.0224900153 0.0166795906
    endloop
  endfacet
  facet normal -0.965903997 0.204108104 -0.159277514
    outer loop
      vertex 0.0181274246 -0.0202376302 0.0166084189
      vertex 0.0176397301 -0.0224900153 0.0166795906
      vertex 0.0176397413 -0.0216445029 0.0177630149
    endloop
  endfacet
  facet normal -0.965908527 -0.204085097 0.159279481
    outer loop
      vertex 0.0176397413 -0.0216445029 0.0177630149
      vertex 0.0176397301 -0.0224900153 0.0166795906
      vertex 0.0181273818 -0.0239518583 0.0177637637
    endloop
  endfacet
  facet normal -0.965908885 -0.204085171 0.159277454
    outer loop
      vertex 0.0176397413 -0.0216445029 0.0177630149
      vertex 0.0181273818 -0.0239518583 0.0177637637
      vertex 0.0181273911 -0.0230513886 0.018917609
    endloop
  endfacet
  facet normal -0.70700711 -0.557520926 0.435099274
    outer loop
      vertex 0.0181273911 -0.0230513886 0.018917609
      vertex 0.0181273818 -0.0239518583 0.0177637637
      vertex 0.0194597002 -0.0250220131 0.018557433
    endloop
  endfacet
  facet normal -0.707006872 -0.557520866 0.43509993
    outer loop
      vertex 0.0181273911 -0.0230513886 0.018917609
      vertex 0.0194597002 -0.0250220131 0.018557433
      vertex 0.0194597114 -0.0240813103 0.0197628327
    endloop
  endfacet
  facet normal -0.258755386 -0.761496484 0.594279945
    outer loop
      vertex 0.0194597114 -0.0240813103 0.0197628327
      vertex 0.0194597002 -0.0250220131 0.018557433
      vertex 0.0212796964 -0.025413733 0.0188479368
    endloop
  endfacet
  facet normal -0.258755118 -0.761496365 0.594280362
    outer loop
      vertex 0.0194597114 -0.0240813103 0.0197628327
      vertex 0.0212796964 -0.025413733 0.0188479368
      vertex 0.0212797076 -0.024458304 0.020072205
    endloop
  endfacet
  facet normal 0.258735746 -0.789745867 0.556198955
    outer loop
      vertex 0.0212796964 -0.025413733 0.0188479368
      vertex 0.0212796852 -0.0263079479 0.0175782479
      vertex 0.0230996907 -0.0259024911 0.017307315
    endloop
  endfacet
  facet normal 0.25873661 -0.789744973 0.556199729
    outer loop
      vertex 0.0212796964 -0.025413733 0.0188479368
      vertex 0.0230996907 -0.0259024911 0.017307315
      vertex 0.0230997 -0.0250220578 0.018557433
    endloop
  endfacet
  facet normal 0.706993699 -0.578214467 0.407219678
    outer loop
      vertex 0.0230997 -0.0250220578 0.018557433
      vertex 0.0230996907 -0.0259024911 0.017307315
      vertex 0.0244320352 -0.0247947127 0.016567111
    endloop
  endfacet
  facet normal 0.706993401 -0.578215122 0.40721938
    outer loop
      vertex 0.0230997 -0.0250220578 0.018557433
      vertex 0.0244320352 -0.0247947127 0.016567111
      vertex 0.0244320463 -0.0239519328 0.0177637637
    endloop
  endfacet
  facet normal 0.96590364 -0.211678326 0.149072021
    outer loop
      vertex 0.0244320463 -0.0239519328 0.0177637637
      vertex 0.0244320352 -0.0247947127 0.016567111
      vertex 0.0249197222 -0.0232814439 0.0155559722
    endloop
  endfacet
  facet normal 0.965903759 -0.211677745 0.14907223
    outer loop
      vertex 0.0244320463 -0.0239519328 0.0177637637
      vertex 0.0249197222 -0.0232814439 0.0155559722
      vertex 0.0249197315 -0.0224901028 0.0166795906
    endloop
  endfacet
  facet normal 0.965908766 0.211654723 -0.149072036
    outer loop
      vertex 0.0249197315 -0.0224901028 0.0166795906
      vertex 0.0249197222 -0.0232814439 0.0155559722
      vertex 0.0244320724 -0.0217681639 0.0145448344
    endloop
  endfacet
  facet normal 0.965908885 0.211654022 -0.149072289
    outer loop
      vertex 0.0249197315 -0.0224901028 0.0166795906
      vertex 0.0244320724 -0.0217681639 0.0145448344
      vertex 0.0244320817 -0.0210282598 0.0155954165
    endloop
  endfacet
  facet normal 0.707007468 0.578197837 -0.407219529
    outer loop
      vertex 0.0244320817 -0.0210282598 0.0155954165
      vertex 0.0244320724 -0.0217681639 0.0145448344
      vertex 0.0230997521 -0.020660352 0.0138046294
    endloop
  endfacet
  facet normal 0.707007468 0.578197896 -0.40721947
    outer loop
      vertex 0.0244320817 -0.0210282598 0.0155954165
      vertex 0.0230997521 -0.020660352 0.0138046294
      vertex 0.0230997615 -0.0199581031 0.0148017462
    endloop
  endfacet
  facet normal 0.258755296 0.789739072 -0.556199431
    outer loop
      vertex 0.0230997615 -0.0199581031 0.0148017462
      vertex 0.0230997521 -0.020660352 0.0138046294
      vertex 0.0212797578 -0.0202548504 0.0135336965
    endloop
  endfacet
  facet normal 0.258755475 0.789738894 -0.55619967
    outer loop
      vertex 0.0230997615 -0.0199581031 0.0148017462
      vertex 0.0212797578 -0.0202548504 0.0135336965
      vertex 0.0212797653 -0.0195663832 0.0145112434
    endloop
  endfacet
  facet normal -0.258736491 0.789744973 -0.556199908
    outer loop
      vertex 0.0212797653 -0.0195663832 0.0145112434
      vertex 0.0212797578 -0.0202548504 0.0135336965
      vertex 0.0194597524 -0.0206603091 0.0138046294
    endloop
  endfacet
  facet normal -0.258737117 0.789745331 -0.556199074
    outer loop
      vertex 0.0212797653 -0.0195663832 0.0145112434
      vertex 0.0194597524 -0.0206603091 0.0138046294
      vertex 0.0194597617 -0.0199580602 0.0148017462
    endloop
  endfacet
  facet normal -0.706993878 0.578215122 -0.407218456
    outer loop
      vertex 0.0194597617 -0.0199580602 0.0148017462
      vertex 0.0194597524 -0.0206603091 0.0138046294
      vertex 0.0181274079 -0.0217680875 0.0145448344
    endloop
  endfacet
  facet normal -0.706993163 0.578214884 -0.407220215
    outer loop
      vertex 0.0194597617 -0.0199580602 0.0148017462
      vertex 0.0181274079 -0.0217680875 0.0145448344
      vertex 0.0181274153 -0.0210281834 0.0155954165
    endloop
  endfacet
  facet normal -0.965903521 0.211677492 -0.149073392
    outer loop
      vertex 0.0181274153 -0.0210281834 0.0155954165
      vertex 0.0181274079 -0.0217680875 0.0145448344
      vertex 0.0176397208 -0.0232813563 0.0155559722
    endloop
  endfacet
  facet normal -0.965903819 0.211677507 -0.149072081
    outer loop
      vertex 0.0181274153 -0.0210281834 0.0155954165
      vertex 0.0176397208 -0.0232813563 0.0155559722
      vertex 0.0176397301 -0.0224900153 0.0166795906
    endloop
  endfacet
  facet normal -0.965908885 -0.211654678 0.149072006
    outer loop
      vertex 0.0176397301 -0.0224900153 0.0166795906
      vertex 0.0176397208 -0.0232813563 0.0155559722
      vertex 0.0181273706 -0.0247946363 0.016567111
    endloop
  endfacet
  facet normal -0.965908587 -0.211654663 0.149073049
    outer loop
      vertex 0.0176397301 -0.0224900153 0.0166795906
      vertex 0.0181273706 -0.0247946363 0.016567111
      vertex 0.0181273818 -0.0239518583 0.0177637637
    endloop
  endfacet
  facet normal -0.707006872 -0.578198314 0.407219857
    outer loop
      vertex 0.0181273818 -0.0239518583 0.0177637637
      vertex 0.0181273706 -0.0247946363 0.016567111
      vertex 0.0194596909 -0.0259024464 0.017307315
    endloop
  endfacet
  facet normal -0.707007408 -0.578198373 0.407218903
    outer loop
      vertex 0.0181273818 -0.0239518583 0.0177637637
      vertex 0.0194596909 -0.0259024464 0.017307315
      vertex 0.0194597002 -0.0250220131 0.018557433
    endloop
  endfacet
  facet normal -0.258755326 -0.789739132 0.556199491
    outer loop
      vertex 0.0194597002 -0.0250220131 0.018557433
      vertex 0.0194596909 -0.0259024464 0.017307315
      vertex 0.0212796852 -0.0263079479 0.0175782479
    endloop
  endfacet
  facet normal -0.258755744 -0.789739251 0.556198895
    outer loop
      vertex 0.0194597002 -0.0250220131 0.018557433
      vertex 0.0212796852 -0.0263079479 0.0175782479
      vertex 0.0212796964 -0.025413733 0.0188479368
    endloop
  endfacet
  facet normal 0.258735597 -0.816085577 0.516778767
    outer loop
      vertex 0.0212796852 -0.0263079479 0.0175782479
      vertex 0.0212796759 -0.0271387845 0.0162662137
      vertex 0.0230996795 -0.026720522 0.0160155036
    endloop
  endfacet
  facet normal 0.258735418 -0.816085696 0.516778529
    outer loop
      vertex 0.0212796852 -0.0263079479 0.0175782479
      vertex 0.0230996795 -0.026720522 0.0160155036
      vertex 0.0230996907 -0.0259024911 0.017307315
    endloop
  endfacet
  facet normal 0.706993461 -0.597500145 0.378356844
    outer loop
      vertex 0.0230996907 -0.0259024911 0.017307315
      vertex 0.0230996795 -0.026720522 0.0160155036
      vertex 0.0244320258 -0.0255777575 0.0153305465
    endloop
  endfacet
  facet normal 0.70699358 -0.597500026 0.378356904
    outer loop
      vertex 0.0230996907 -0.0259024911 0.017307315
      vertex 0.0244320258 -0.0255777575 0.0153305465
      vertex 0.0244320352 -0.0247947127 0.016567111
    endloop
  endfacet
  facet normal 0.96590358 -0.218737587 0.138506591
    outer loop
      vertex 0.0244320352 -0.0247947127 0.016567111
      vertex 0.0244320258 -0.0255777575 0.0153305465
      vertex 0.0249197129 -0.024016697 0.0143948793
    endloop
  endfacet
  facet normal 0.96590358 -0.218738049 0.138506427
    outer loop
      vertex 0.0244320352 -0.0247947127 0.016567111
      vertex 0.0249197129 -0.024016697 0.0143948793
      vertex 0.0249197222 -0.0232814439 0.0155559722
    endloop
  endfacet
  facet normal 0.965908766 0.218714565 -0.138507068
    outer loop
      vertex 0.0249197222 -0.0232814439 0.0155559722
      vertex 0.0249197129 -0.024016697 0.0143948793
      vertex 0.0244320631 -0.0224556271 0.0134592121
    endloop
  endfacet
  facet normal 0.965908885 0.21871379 -0.138507381
    outer loop
      vertex 0.0249197222 -0.0232814439 0.0155559722
      vertex 0.0244320631 -0.0224556271 0.0134592121
      vertex 0.0244320724 -0.0217681639 0.0145448344
    endloop
  endfacet
  facet normal 0.707008064 0.597482145 -0.378357768
    outer loop
      vertex 0.0244320724 -0.0217681639 0.0145448344
      vertex 0.0244320631 -0.0224556271 0.0134592121
      vertex 0.0230997447 -0.0213128291 0.0127742561
    endloop
  endfacet
  facet normal 0.707007766 0.597482979 -0.378357291
    outer loop
      vertex 0.0244320724 -0.0217681639 0.0145448344
      vertex 0.0230997447 -0.0213128291 0.0127742561
      vertex 0.0230997521 -0.020660352 0.0138046294
    endloop
  endfacet
  facet normal 0.258755535 0.816079259 -0.516778648
    outer loop
      vertex 0.0230997521 -0.020660352 0.0138046294
      vertex 0.0230997447 -0.0213128291 0.0127742561
      vertex 0.0212797504 -0.0208945218 0.0125235459
    endloop
  endfacet
  facet normal 0.258755624 0.81607914 -0.516778827
    outer loop
      vertex 0.0230997521 -0.020660352 0.0138046294
      vertex 0.0212797504 -0.0208945218 0.0125235459
      vertex 0.0212797578 -0.0202548504 0.0135336965
    endloop
  endfacet
  facet normal -0.258736134 0.816085339 -0.516778886
    outer loop
      vertex 0.0212797578 -0.0202548504 0.0135336965
      vertex 0.0212797504 -0.0208945218 0.0125235459
      vertex 0.0194597449 -0.0213127863 0.0127742561
    endloop
  endfacet
  facet normal -0.258736193 0.816085339 -0.516778827
    outer loop
      vertex 0.0212797578 -0.0202548504 0.0135336965
      vertex 0.0194597449 -0.0213127863 0.0127742561
      vertex 0.0194597524 -0.0206603091 0.0138046294
    endloop
  endfacet
  facet normal -0.706993282 0.597499788 -0.378357679
    outer loop
      vertex 0.0194597524 -0.0206603091 0.0138046294
      vertex 0.0194597449 -0.0213127863 0.0127742561
      vertex 0.0181273986 -0.0224555507 0.0134592121
    endloop
  endfacet
  facet normal -0.706993639 0.597499907 -0.378356874
    outer loop
      vertex 0.0194597524 -0.0206603091 0.0138046294
      vertex 0.0181273986 -0.0224555507 0.0134592121
      vertex 0.0181274079 -0.0217680875 0.0145448344
    endloop
  endfacet
  facet normal -0.965903759 0.218737274 -0.138505682
    outer loop
      vertex 0.0181274079 -0.0217680875 0.0145448344
      vertex 0.0181273986 -0.0224555507 0.0134592121
      vertex 0.0176397134 -0.0240166094 0.0143948793
    endloop
  endfacet
  facet normal -0.965903521 0.218737379 -0.138507545
    outer loop
      vertex 0.0181274079 -0.0217680875 0.0145448344
      vertex 0.0176397134 -0.0240166094 0.0143948793
      vertex 0.0176397208 -0.0232813563 0.0155559722
    endloop
  endfacet
  facet normal -0.965909064 -0.218714237 0.13850528
    outer loop
      vertex 0.0176397208 -0.0232813563 0.0155559722
      vertex 0.0176397134 -0.0240166094 0.0143948793
      vertex 0.0181273613 -0.0255776811 0.0153305475
    endloop
  endfacet
  facet normal -0.965908945 -0.218714312 0.138506532
    outer loop
      vertex 0.0176397208 -0.0232813563 0.0155559722
      vertex 0.0181273613 -0.0255776811 0.0153305475
      vertex 0.0181273706 -0.0247946363 0.016567111
    endloop
  endfacet
  facet normal -0.707008123 -0.597482741 0.378356904
    outer loop
      vertex 0.0181273706 -0.0247946363 0.016567111
      vertex 0.0181273613 -0.0255776811 0.0153305475
      vertex 0.0194596797 -0.0267204791 0.0160155036
    endloop
  endfacet
  facet normal -0.70700711 -0.597482622 0.378358781
    outer loop
      vertex 0.0181273706 -0.0247946363 0.016567111
      vertex 0.0194596797 -0.0267204791 0.0160155036
      vertex 0.0194596909 -0.0259024464 0.017307315
    endloop
  endfacet
  facet normal -0.258754462 -0.816078901 0.5167799
    outer loop
      vertex 0.0194596909 -0.0259024464 0.017307315
      vertex 0.0194596797 -0.0267204791 0.0160155036
      vertex 0.0212796759 -0.0271387845 0.0162662137
    endloop
  endfacet
  facet normal -0.258755624 -0.816079378 0.516778469
    outer loop
      vertex 0.0194596909 -0.0259024464 0.017307315
      vertex 0.0212796759 -0.0271387845 0.0162662137
      vertex 0.0212796852 -0.0263079479 0.0175782479
    endloop
  endfacet
  facet normal 0.258736134 -0.840458989 0.476113617
    outer loop
      vertex 0.0212796759 -0.0271387845 0.0162662137
      vertex 0.0212796666 -0.0279042441 0.0149149923
      vertex 0.0230996702 -0.0274741817 0.0146851083
    endloop
  endfacet
  facet normal 0.258735299 -0.840459764 0.476112872
    outer loop
      vertex 0.0212796759 -0.0271387845 0.0162662137
      vertex 0.0230996702 -0.0274741817 0.0146851083
      vertex 0.0230996795 -0.026720522 0.0160155036
    endloop
  endfacet
  facet normal 0.706992507 -0.615345836 0.348584265
    outer loop
      vertex 0.0230996795 -0.026720522 0.0160155036
      vertex 0.0230996702 -0.0274741817 0.0146851083
      vertex 0.0244320184 -0.0262991861 0.0140570495
    endloop
  endfacet
  facet normal 0.706993163 -0.615344703 0.34858498
    outer loop
      vertex 0.0230996795 -0.026720522 0.0160155036
      vertex 0.0244320184 -0.0262991861 0.0140570495
      vertex 0.0244320258 -0.0255777575 0.0153305465
    endloop
  endfacet
  facet normal 0.965903819 -0.225268736 0.127607763
    outer loop
      vertex 0.0244320258 -0.0255777575 0.0153305465
      vertex 0.0244320184 -0.0262991861 0.0140570495
      vertex 0.0249197036 -0.0246940944 0.0131991077
    endloop
  endfacet
  facet normal 0.965903461 -0.225270599 0.127606913
    outer loop
      vertex 0.0244320258 -0.0255777575 0.0153305465
      vertex 0.0249197036 -0.0246940944 0.0131991077
      vertex 0.0249197129 -0.024016697 0.0143948793
    endloop
  endfacet
  facet normal 0.965909123 0.225246206 -0.127608135
    outer loop
      vertex 0.0249197129 -0.024016697 0.0143948793
      vertex 0.0249197036 -0.0246940944 0.0131991077
      vertex 0.0244320557 -0.0230889916 0.0123411659
    endloop
  endfacet
  facet normal 0.965908825 0.225247547 -0.12760745
    outer loop
      vertex 0.0249197129 -0.024016697 0.0143948793
      vertex 0.0244320557 -0.0230889916 0.0123411659
      vertex 0.0244320631 -0.0224556271 0.0134592121
    endloop
  endfacet
  facet normal 0.707007825 0.61532867 -0.348583609
    outer loop
      vertex 0.0244320631 -0.0224556271 0.0134592121
      vertex 0.0244320557 -0.0230889916 0.0123411659
      vertex 0.0230997372 -0.0219139624 0.011713109
    endloop
  endfacet
  facet normal 0.707008362 0.615327716 -0.348584354
    outer loop
      vertex 0.0244320631 -0.0224556271 0.0134592121
      vertex 0.0230997372 -0.0219139624 0.011713109
      vertex 0.0230997447 -0.0213128291 0.0127742561
    endloop
  endfacet
  facet normal 0.258756042 0.840453088 -0.476113349
    outer loop
      vertex 0.0230997447 -0.0213128291 0.0127742561
      vertex 0.0230997372 -0.0219139624 0.011713109
      vertex 0.0212797429 -0.0214838572 0.0114832241
    endloop
  endfacet
  facet normal 0.258755833 0.840453267 -0.476113051
    outer loop
      vertex 0.0230997447 -0.0213128291 0.0127742561
      vertex 0.0212797429 -0.0214838572 0.0114832241
      vertex 0.0212797504 -0.0208945218 0.0125235459
    endloop
  endfacet
  facet normal -0.258736104 0.840459466 -0.476112813
    outer loop
      vertex 0.0212797504 -0.0208945218 0.0125235459
      vertex 0.0212797429 -0.0214838572 0.0114832241
      vertex 0.0194597375 -0.0219139196 0.011713109
    endloop
  endfacet
  facet normal -0.258735865 0.840459406 -0.47611326
    outer loop
      vertex 0.0212797504 -0.0208945218 0.0125235459
      vertex 0.0194597375 -0.0219139196 0.011713109
      vertex 0.0194597449 -0.0213127863 0.0127742561
    endloop
  endfacet
  facet normal -0.706992805 0.615345538 -0.348584503
    outer loop
      vertex 0.0194597449 -0.0213127863 0.0127742561
      vertex 0.0194597375 -0.0219139196 0.011713109
      vertex 0.0181273911 -0.0230889153 0.0123411659
    endloop
  endfacet
  facet normal -0.706992984 0.615345597 -0.348583817
    outer loop
      vertex 0.0194597449 -0.0213127863 0.0127742561
      vertex 0.0181273911 -0.0230889153 0.0123411659
      vertex 0.0181273986 -0.0224555507 0.0134592121
    endloop
  endfacet
  facet normal -0.96590364 0.225270018 -0.127607271
    outer loop
      vertex 0.0181273986 -0.0224555507 0.0134592121
      vertex 0.0181273911 -0.0230889153 0.0123411659
      vertex 0.017639704 -0.0246940069 0.0131991087
    endloop
  endfacet
  facet normal -0.965903699 0.225269929 -0.127606645
    outer loop
      vertex 0.0181273986 -0.0224555507 0.0134592121
      vertex 0.017639704 -0.0246940069 0.0131991087
      vertex 0.0176397134 -0.0240166094 0.0143948793
    endloop
  endfacet
  facet normal -0.965909064 -0.225246102 0.127608195
    outer loop
      vertex 0.0176397134 -0.0240166094 0.0143948793
      vertex 0.017639704 -0.0246940069 0.0131991087
      vertex 0.018127352 -0.0262991097 0.0140570505
    endloop
  endfacet
  facet normal -0.965909123 -0.225246057 0.127607614
    outer loop
      vertex 0.0176397134 -0.0240166094 0.0143948793
      vertex 0.018127352 -0.0262991097 0.0140570505
      vertex 0.0181273613 -0.0255776811 0.0153305475
    endloop
  endfacet
  facet normal -0.707007885 -0.615327895 0.348584771
    outer loop
      vertex 0.0181273613 -0.0255776811 0.0153305475
      vertex 0.018127352 -0.0262991097 0.0140570505
      vertex 0.0194596704 -0.0274741389 0.0146851083
    endloop
  endfacet
  facet normal -0.707008362 -0.615327895 0.348583996
    outer loop
      vertex 0.0181273613 -0.0255776811 0.0153305475
      vertex 0.0194596704 -0.0274741389 0.0146851083
      vertex 0.0194596797 -0.0267204791 0.0160155036
    endloop
  endfacet
  facet normal -0.258755594 -0.840453446 0.476112902
    outer loop
      vertex 0.0194596797 -0.0267204791 0.0160155036
      vertex 0.0194596704 -0.0274741389 0.0146851083
      vertex 0.0212796666 -0.0279042441 0.0149149923
    endloop
  endfacet
  facet normal -0.25875476 -0.840453088 0.476113975
    outer loop
      vertex 0.0194596797 -0.0267204791 0.0160155036
      vertex 0.0212796666 -0.0279042441 0.0149149923
      vertex 0.0212796759 -0.0271387845 0.0162662137
    endloop
  endfacet
  facet normal 0.25873521 -0.862809479 0.434299171
    outer loop
      vertex 0.0212796666 -0.0279042441 0.0149149923
      vertex 0.0212796573 -0.0286024772 0.0135278385
      vertex 0.0230996627 -0.0281616542 0.013319334
    endloop
  endfacet
  facet normal 0.258735865 -0.862809002 0.434299797
    outer loop
      vertex 0.0212796666 -0.0279042441 0.0149149923
      vertex 0.0230996627 -0.0281616542 0.013319334
      vertex 0.0230996702 -0.0274741817 0.0146851083
    endloop
  endfacet
  facet normal 0.706992745 -0.631708384 0.3179712
    outer loop
      vertex 0.0230996702 -0.0274741817 0.0146851083
      vertex 0.0230996627 -0.0281616542 0.013319334
      vertex 0.0244320091 -0.0269572567 0.0127496878
    endloop
  endfacet
  facet normal 0.706992269 -0.631709218 0.317970693
    outer loop
      vertex 0.0230996702 -0.0274741817 0.0146851083
      vertex 0.0244320091 -0.0269572567 0.0127496878
      vertex 0.0244320184 -0.0262991861 0.0140570495
    endloop
  endfacet
  facet normal 0.96590358 -0.23126024 0.116399758
    outer loop
      vertex 0.0244320184 -0.0262991861 0.0140570495
      vertex 0.0244320091 -0.0269572567 0.0127496878
      vertex 0.0249196962 -0.0253120009 0.011971538
    endloop
  endfacet
  facet normal 0.965903878 -0.231259301 0.116400234
    outer loop
      vertex 0.0244320184 -0.0262991861 0.0140570495
      vertex 0.0249196962 -0.0253120009 0.011971538
      vertex 0.0249197036 -0.0246940944 0.0131991077
    endloop
  endfacet
  facet normal 0.965909064 0.231237069 -0.116400786
    outer loop
      vertex 0.0249197036 -0.0246940944 0.0131991077
      vertex 0.0249196962 -0.0253120009 0.011971538
      vertex 0.0244320482 -0.0236667357 0.0111933881
    endloop
  endfacet
  facet normal 0.965909183 0.231236413 -0.116401173
    outer loop
      vertex 0.0249197036 -0.0246940944 0.0131991077
      vertex 0.0244320482 -0.0236667357 0.0111933881
      vertex 0.0244320557 -0.0230889916 0.0123411659
    endloop
  endfacet
  facet normal 0.707008839 0.631690264 -0.317971468
    outer loop
      vertex 0.0244320557 -0.0230889916 0.0123411659
      vertex 0.0244320482 -0.0236667357 0.0111933881
      vertex 0.0230997317 -0.0224623028 0.0106237428
    endloop
  endfacet
  facet normal 0.707008064 0.631691754 -0.317970306
    outer loop
      vertex 0.0244320557 -0.0230889916 0.0123411659
      vertex 0.0230997317 -0.0224623028 0.0106237428
      vertex 0.0230997372 -0.0219139624 0.011713109
    endloop
  endfacet
  facet normal 0.258755416 0.86280328 -0.434299678
    outer loop
      vertex 0.0230997372 -0.0219139624 0.011713109
      vertex 0.0230997317 -0.0224623028 0.0106237428
      vertex 0.0212797355 -0.0220214371 0.0104152383
    endloop
  endfacet
  facet normal 0.25875631 0.862802327 -0.43430084
    outer loop
      vertex 0.0230997372 -0.0219139624 0.011713109
      vertex 0.0212797355 -0.0220214371 0.0104152383
      vertex 0.0212797429 -0.0214838572 0.0114832241
    endloop
  endfacet
  facet normal -0.258735478 0.862808824 -0.434300452
    outer loop
      vertex 0.0212797429 -0.0214838572 0.0114832241
      vertex 0.0212797355 -0.0220214371 0.0104152383
      vertex 0.0194597319 -0.02246226 0.0106237428
    endloop
  endfacet
  facet normal -0.258735836 0.862809002 -0.434299856
    outer loop
      vertex 0.0212797429 -0.0214838572 0.0114832241
      vertex 0.0194597319 -0.02246226 0.0106237428
      vertex 0.0194597375 -0.0219139196 0.011713109
    endloop
  endfacet
  facet normal -0.706992626 0.631708503 -0.317971468
    outer loop
      vertex 0.0194597375 -0.0219139196 0.011713109
      vertex 0.0194597319 -0.02246226 0.0106237428
      vertex 0.0181273837 -0.0236666594 0.0111933881
    endloop
  endfacet
  facet normal -0.706992567 0.631708562 -0.317971468
    outer loop
      vertex 0.0194597375 -0.0219139196 0.011713109
      vertex 0.0181273837 -0.0236666594 0.0111933881
      vertex 0.0181273911 -0.0230889153 0.0123411659
    endloop
  endfacet
  facet normal -0.965903521 0.231260061 -0.11640051
    outer loop
      vertex 0.0181273911 -0.0230889153 0.0123411659
      vertex 0.0181273837 -0.0236666594 0.0111933881
      vertex 0.0176396966 -0.0253119133 0.0119715389
    endloop
  endfacet
  facet normal -0.96590358 0.231260091 -0.116400667
    outer loop
      vertex 0.0181273911 -0.0230889153 0.0123411659
      vertex 0.0176396966 -0.0253119133 0.0119715389
      vertex 0.017639704 -0.0246940069 0.0131991087
    endloop
  endfacet
  facet normal -0.965909123 -0.231236905 0.116400689
    outer loop
      vertex 0.017639704 -0.0246940069 0.0131991087
      vertex 0.0176396966 -0.0253119133 0.0119715389
      vertex 0.0181273445 -0.0269571804 0.0127496887
    endloop
  endfacet
  facet normal -0.965909123 -0.231236815 0.116400354
    outer loop
      vertex 0.017639704 -0.0246940069 0.0131991087
      vertex 0.0181273445 -0.0269571804 0.0127496887
      vertex 0.018127352 -0.0262991097 0.0140570505
    endloop
  endfacet
  facet normal -0.707007945 -0.631691635 0.317970902
    outer loop
      vertex 0.018127352 -0.0262991097 0.0140570505
      vertex 0.0181273445 -0.0269571804 0.0127496887
      vertex 0.019459663 -0.0281616114 0.013319334
    endloop
  endfacet
  facet normal -0.707008183 -0.631691575 0.317970455
    outer loop
      vertex 0.018127352 -0.0262991097 0.0140570505
      vertex 0.019459663 -0.0281616114 0.013319334
      vertex 0.0194596704 -0.0274741389 0.0146851083
    endloop
  endfacet
  facet normal -0.258755654 -0.862803161 0.434299707
    outer loop
      vertex 0.0194596704 -0.0274741389 0.0146851083
      vertex 0.019459663 -0.0281616114 0.013319334
      vertex 0.0212796573 -0.0286024772 0.0135278385
    endloop
  endfacet
  facet normal -0.258755863 -0.86280328 0.434299439
    outer loop
      vertex 0.0194596704 -0.0274741389 0.0146851083
      vertex 0.0212796573 -0.0286024772 0.0135278385
      vertex 0.0212796666 -0.0279042441 0.0149149923
    endloop
  endfacet
  facet normal 0.258735418 -0.883079886 0.391440898
    outer loop
      vertex 0.0212796573 -0.0286024772 0.0135278385
      vertex 0.0212796498 -0.0292317998 0.012108109
      vertex 0.0230996553 -0.0287812762 0.0119214868
    endloop
  endfacet
  facet normal 0.258735001 -0.883080184 0.391440451
    outer loop
      vertex 0.0212796573 -0.0286024772 0.0135278385
      vertex 0.0230996553 -0.0287812762 0.0119214868
      vertex 0.0230996627 -0.0281616542 0.013319334
    endloop
  endfacet
  facet normal 0.706992567 -0.646549881 0.286591589
    outer loop
      vertex 0.0230996627 -0.0281616542 0.013319334
      vertex 0.0230996553 -0.0287812762 0.0119214868
      vertex 0.0244320016 -0.0275503788 0.011411624
    endloop
  endfacet
  facet normal 0.706992507 -0.64654994 0.28659156
    outer loop
      vertex 0.0230996627 -0.0281616542 0.013319334
      vertex 0.0244320016 -0.0275503788 0.011411624
      vertex 0.0244320091 -0.0269572567 0.0127496878
    endloop
  endfacet
  facet normal 0.965903342 -0.236693501 0.104913503
    outer loop
      vertex 0.0244320091 -0.0269572567 0.0127496878
      vertex 0.0244320016 -0.0275503788 0.011411624
      vertex 0.0249196906 -0.0258689225 0.01071514
    endloop
  endfacet
  facet normal 0.96590358 -0.236692533 0.104914039
    outer loop
      vertex 0.0244320091 -0.0269572567 0.0127496878
      vertex 0.0249196906 -0.0258689225 0.01071514
      vertex 0.0249196962 -0.0253120009 0.011971538
    endloop
  endfacet
  facet normal 0.965909064 0.236670569 -0.104912892
    outer loop
      vertex 0.0249196962 -0.0253120009 0.011971538
      vertex 0.0249196906 -0.0258689225 0.01071514
      vertex 0.0244320426 -0.0241874568 0.010018656
    endloop
  endfacet
  facet normal 0.965909123 0.23667042 -0.104913011
    outer loop
      vertex 0.0249196962 -0.0253120009 0.011971538
      vertex 0.0244320426 -0.0241874568 0.010018656
      vertex 0.0244320482 -0.0236667357 0.0111933881
    endloop
  endfacet
  facet normal 0.707008362 0.646532893 -0.286590695
    outer loop
      vertex 0.0244320482 -0.0236667357 0.0111933881
      vertex 0.0244320426 -0.0241874568 0.010018656
      vertex 0.0230997242 -0.022956524 0.00950879417
    endloop
  endfacet
  facet normal 0.707009017 0.646531761 -0.286591679
    outer loop
      vertex 0.0244320482 -0.0236667357 0.0111933881
      vertex 0.0230997242 -0.022956524 0.00950879417
      vertex 0.0230997317 -0.0224623028 0.0106237428
    endloop
  endfacet
  facet normal 0.258755416 0.883074164 -0.391440392
    outer loop
      vertex 0.0230997317 -0.0224623028 0.0106237428
      vertex 0.0230997242 -0.022956524 0.00950879417
      vertex 0.0212797299 -0.0225059595 0.00932217203
    endloop
  endfacet
  facet normal 0.258755654 0.883074045 -0.391440719
    outer loop
      vertex 0.0230997317 -0.0224623028 0.0106237428
      vertex 0.0212797299 -0.0225059595 0.00932217203
      vertex 0.0212797355 -0.0220214371 0.0104152383
    endloop
  endfacet
  facet normal -0.258734584 0.883080244 -0.391440749
    outer loop
      vertex 0.0212797355 -0.0220214371 0.0104152383
      vertex 0.0212797299 -0.0225059595 0.00932217203
      vertex 0.0194597244 -0.0229564812 0.00950879417
    endloop
  endfacet
  facet normal -0.25873521 0.883080423 -0.391439736
    outer loop
      vertex 0.0212797355 -0.0220214371 0.0104152383
      vertex 0.0194597244 -0.0229564812 0.00950879417
      vertex 0.0194597319 -0.02246226 0.0106237428
    endloop
  endfacet
  facet normal -0.706992984 0.646550059 -0.286590338
    outer loop
      vertex 0.0194597319 -0.02246226 0.0106237428
      vertex 0.0194597244 -0.0229564812 0.00950879417
      vertex 0.0181273781 -0.0241873804 0.010018656
    endloop
  endfacet
  facet normal -0.706992388 0.646550119 -0.28659156
    outer loop
      vertex 0.0194597319 -0.02246226 0.0106237428
      vertex 0.0181273781 -0.0241873804 0.010018656
      vertex 0.0181273837 -0.0236666594 0.0111933881
    endloop
  endfacet
  facet normal -0.96590358 0.236692637 -0.104913659
    outer loop
      vertex 0.0181273837 -0.0236666594 0.0111933881
      vertex 0.0181273781 -0.0241873804 0.010018656
      vertex 0.017639691 -0.0258688349 0.010715141
    endloop
  endfacet
  facet normal -0.965903461 0.236692727 -0.104914106
    outer loop
      vertex 0.0181273837 -0.0236666594 0.0111933881
      vertex 0.017639691 -0.0258688349 0.010715141
      vertex 0.0176396966 -0.0253119133 0.0119715389
    endloop
  endfacet
  facet normal -0.965909362 -0.236669511 0.10491243
    outer loop
      vertex 0.0176396966 -0.0253119133 0.0119715389
      vertex 0.017639691 -0.0258688349 0.010715141
      vertex 0.0181273371 -0.0275503024 0.011411625
    endloop
  endfacet
  facet normal -0.965909183 -0.236669794 0.104913756
    outer loop
      vertex 0.0176396966 -0.0253119133 0.0119715389
      vertex 0.0181273371 -0.0275503024 0.011411625
      vertex 0.0181273445 -0.0269571804 0.0127496887
    endloop
  endfacet
  facet normal -0.707007945 -0.646532953 0.286591917
    outer loop
      vertex 0.0181273445 -0.0269571804 0.0127496887
      vertex 0.0181273371 -0.0275503024 0.011411625
      vertex 0.0194596555 -0.0287812334 0.0119214868
    endloop
  endfacet
  facet normal -0.707008064 -0.646532893 0.28659156
    outer loop
      vertex 0.0181273445 -0.0269571804 0.0127496887
      vertex 0.0194596555 -0.0287812334 0.0119214868
      vertex 0.019459663 -0.0281616114 0.013319334
    endloop
  endfacet
  facet normal -0.25875625 -0.883073926 0.391440392
    outer loop
      vertex 0.019459663 -0.0281616114 0.013319334
      vertex 0.0194596555 -0.0287812334 0.0119214868
      vertex 0.0212796498 -0.0292317998 0.012108109
    endloop
  endfacet
  facet normal -0.258755833 -0.883073807 0.391440928
    outer loop
      vertex 0.019459663 -0.0281616114 0.013319334
      vertex 0.0212796498 -0.0292317998 0.012108109
      vertex 0.0212796573 -0.0286024772 0.0135278385
    endloop
  endfacet
  facet normal 0.258735269 -0.901222825 0.347639799
    outer loop
      vertex 0.0212796498 -0.0292317998 0.012108109
      vertex 0.0212796424 -0.0297907088 0.0106591964
      vertex 0.0230996478 -0.0293315705 0.0104949065
    endloop
  endfacet
  facet normal 0.25873518 -0.901223004 0.34763968
    outer loop
      vertex 0.0212796498 -0.0292317998 0.012108109
      vertex 0.0230996478 -0.0293315705 0.0104949065
      vertex 0.0230996553 -0.0287812762 0.0119214868
    endloop
  endfacet
  facet normal 0.706992149 -0.659833491 0.25452289
    outer loop
      vertex 0.0230996553 -0.0287812762 0.0119214868
      vertex 0.0230996478 -0.0293315705 0.0104949065
      vertex 0.024431996 -0.0280771367 0.0100460574
    endloop
  endfacet
  facet normal 0.706992388 -0.659833074 0.254523158
    outer loop
      vertex 0.0230996553 -0.0287812762 0.0119214868
      vertex 0.024431996 -0.0280771367 0.0100460574
      vertex 0.0244320016 -0.0275503788 0.011411624
    endloop
  endfacet
  facet normal 0.965903282 -0.241555959 0.0931745991
    outer loop
      vertex 0.0244320016 -0.0275503788 0.011411624
      vertex 0.024431996 -0.0280771367 0.0100460574
      vertex 0.024919685 -0.026363533 0.00943291653
    endloop
  endfacet
  facet normal 0.965903401 -0.241555929 0.0931746289
    outer loop
      vertex 0.0244320016 -0.0275503788 0.011411624
      vertex 0.024919685 -0.026363533 0.00943291653
      vertex 0.0249196906 -0.0258689225 0.01071514
    endloop
  endfacet
  facet normal 0.965909123 0.241532937 -0.0931741819
    outer loop
      vertex 0.0249196906 -0.0258689225 0.01071514
      vertex 0.024919685 -0.026363533 0.00943291653
      vertex 0.024432037 -0.0246499162 0.00881977752
    endloop
  endfacet
  facet normal 0.965909123 0.241532892 -0.0931742042
    outer loop
      vertex 0.0249196906 -0.0258689225 0.01071514
      vertex 0.024432037 -0.0246499162 0.00881977752
      vertex 0.0244320426 -0.0241874568 0.010018656
    endloop
  endfacet
  facet normal 0.707008898 0.659815609 -0.2545228
    outer loop
      vertex 0.0244320426 -0.0241874568 0.010018656
      vertex 0.024432037 -0.0246499162 0.00881977752
      vertex 0.0230997205 -0.0233954489 0.00837092753
    endloop
  endfacet
  facet normal 0.707008541 0.659816146 -0.254522264
    outer loop
      vertex 0.0244320426 -0.0241874568 0.010018656
      vertex 0.0230997205 -0.0233954489 0.00837092753
      vertex 0.0230997242 -0.022956524 0.00950879417
    endloop
  endfacet
  facet normal 0.258755445 0.901217103 -0.34763965
    outer loop
      vertex 0.0230997242 -0.022956524 0.00950879417
      vertex 0.0230997205 -0.0233954489 0.00837092753
      vertex 0.0212797243 -0.0229362696 0.00820663758
    endloop
  endfacet
  facet normal 0.258755565 0.901216924 -0.347639829
    outer loop
      vertex 0.0230997242 -0.022956524 0.00950879417
      vertex 0.0212797243 -0.0229362696 0.00820663758
      vertex 0.0212797299 -0.0225059595 0.00932217203
    endloop
  endfacet
  facet normal -0.258734465 0.901223183 -0.34763968
    outer loop
      vertex 0.0212797299 -0.0225059595 0.00932217203
      vertex 0.0212797243 -0.0229362696 0.00820663758
      vertex 0.0194597188 -0.0233954061 0.00837092753
    endloop
  endfacet
  facet normal -0.258734286 0.901223123 -0.347639859
    outer loop
      vertex 0.0212797299 -0.0225059595 0.00932217203
      vertex 0.0194597188 -0.0233954061 0.00837092753
      vertex 0.0194597244 -0.0229564812 0.00950879417
    endloop
  endfacet
  facet normal -0.706992865 0.659832716 -0.25452286
    outer loop
      vertex 0.0194597244 -0.0229564812 0.00950879417
      vertex 0.0194597188 -0.0233954061 0.00837092753
      vertex 0.0181273725 -0.0246498398 0.00881977845
    endloop
  endfacet
  facet normal -0.706992745 0.659832776 -0.254523069
    outer loop
      vertex 0.0194597244 -0.0229564812 0.00950879417
      vertex 0.0181273725 -0.0246498398 0.00881977845
      vertex 0.0181273781 -0.0241873804 0.010018656
    endloop
  endfacet
  facet normal -0.965903342 0.241555944 -0.093174167
    outer loop
      vertex 0.0181273781 -0.0241873804 0.010018656
      vertex 0.0181273725 -0.0246498398 0.00881977845
      vertex 0.0176396836 -0.0263634454 0.00943291746
    endloop
  endfacet
  facet normal -0.965903521 0.241555721 -0.0931731611
    outer loop
      vertex 0.0181273781 -0.0241873804 0.010018656
      vertex 0.0176396836 -0.0263634454 0.00943291746
      vertex 0.017639691 -0.0258688349 0.010715141
    endloop
  endfacet
  facet normal -0.965909064 -0.241532698 0.0931754857
    outer loop
      vertex 0.017639691 -0.0258688349 0.010715141
      vertex 0.0176396836 -0.0263634454 0.00943291746
      vertex 0.0181273315 -0.0280770604 0.0100460574
    endloop
  endfacet
  facet normal -0.965909421 -0.241532043 0.0931732282
    outer loop
      vertex 0.017639691 -0.0258688349 0.010715141
      vertex 0.0181273315 -0.0280770604 0.0100460574
      vertex 0.0181273371 -0.0275503024 0.011411625
    endloop
  endfacet
  facet normal -0.707008839 -0.659815967 0.254522175
    outer loop
      vertex 0.0181273371 -0.0275503024 0.011411625
      vertex 0.0181273315 -0.0280770604 0.0100460574
      vertex 0.0194596481 -0.0293315277 0.0104949065
    endloop
  endfacet
  facet normal -0.707008123 -0.659816086 0.254523516
    outer loop
      vertex 0.0181273371 -0.0275503024 0.011411625
      vertex 0.0194596481 -0.0293315277 0.0104949065
      vertex 0.0194596555 -0.0287812334 0.0119214868
    endloop
  endfacet
  facet normal -0.258756578 -0.901216626 0.347639948
    outer loop
      vertex 0.0194596555 -0.0287812334 0.0119214868
      vertex 0.0194596481 -0.0293315277 0.0104949065
      vertex 0.0212796424 -0.0297907088 0.0106591964
    endloop
  endfacet
  facet normal -0.258756459 -0.901216686 0.347640067
    outer loop
      vertex 0.0194596555 -0.0287812334 0.0119214868
      vertex 0.0212796424 -0.0297907088 0.0106591964
      vertex 0.0212796498 -0.0292317998 0.012108109
    endloop
  endfacet
  facet normal 0.258735269 -0.917195499 0.30299893
    outer loop
      vertex 0.0212796424 -0.0297907088 0.0106591964
      vertex 0.0212796368 -0.0302778427 0.00918461848
      vertex 0.0230996422 -0.029811196 0.00904305559
    endloop
  endfacet
  facet normal 0.25873512 -0.917195618 0.302998781
    outer loop
      vertex 0.0212796424 -0.0297907088 0.0106591964
      vertex 0.0230996422 -0.029811196 0.00904305559
      vertex 0.0230996478 -0.0293315705 0.0104949065
    endloop
  endfacet
  facet normal 0.706992149 -0.671527565 0.221839443
    outer loop
      vertex 0.0230996478 -0.0293315705 0.0104949065
      vertex 0.0230996422 -0.029811196 0.00904305559
      vertex 0.0244319905 -0.028536249 0.00865629967
    endloop
  endfacet
  facet normal 0.706991971 -0.671527863 0.221839175
    outer loop
      vertex 0.0230996478 -0.0293315705 0.0104949065
      vertex 0.0244319905 -0.028536249 0.00865629967
      vertex 0.024431996 -0.0280771367 0.0100460574
    endloop
  endfacet
  facet normal 0.965903342 -0.245836943 0.0812093616
    outer loop
      vertex 0.024431996 -0.0280771367 0.0100460574
      vertex 0.0244319905 -0.028536249 0.00865629967
      vertex 0.0249196794 -0.0267946236 0.00812797993
    endloop
  endfacet
  facet normal 0.965903223 -0.245837256 0.0812091008
    outer loop
      vertex 0.024431996 -0.0280771367 0.0100460574
      vertex 0.0249196794 -0.0267946236 0.00812797993
      vertex 0.024919685 -0.026363533 0.00943291653
    endloop
  endfacet
  facet normal 0.965909123 0.245814234 -0.0812097639
    outer loop
      vertex 0.024919685 -0.026363533 0.00943291653
      vertex 0.0249196794 -0.0267946236 0.00812797993
      vertex 0.0244320314 -0.025052987 0.00759966206
    endloop
  endfacet
  facet normal 0.965909123 0.245813698 -0.081210129
    outer loop
      vertex 0.024919685 -0.026363533 0.00943291653
      vertex 0.0244320314 -0.025052987 0.00759966206
      vertex 0.024432037 -0.0246499162 0.00881977752
    endloop
  endfacet
  facet normal 0.707009077 0.671509743 -0.221839622
    outer loop
      vertex 0.024432037 -0.0246499162 0.00881977752
      vertex 0.0244320314 -0.025052987 0.00759966206
      vertex 0.0230997149 -0.0237780064 0.00721290521
    endloop
  endfacet
  facet normal 0.707009017 0.671509862 -0.221839488
    outer loop
      vertex 0.024432037 -0.0246499162 0.00881977752
      vertex 0.0230997149 -0.0237780064 0.00721290521
      vertex 0.0230997205 -0.0233954489 0.00837092753
    endloop
  endfacet
  facet normal 0.258755863 0.917189837 -0.302998751
    outer loop
      vertex 0.0230997205 -0.0233954489 0.00837092753
      vertex 0.0230997149 -0.0237780064 0.00721290521
      vertex 0.0212797206 -0.0233113188 0.00707134325
    endloop
  endfacet
  facet normal 0.258755624 0.917190015 -0.302998364
    outer loop
      vertex 0.0230997205 -0.0233954489 0.00837092753
      vertex 0.0212797206 -0.0233113188 0.00707134325
      vertex 0.0212797243 -0.0229362696 0.00820663758
    endloop
  endfacet
  facet normal -0.258734345 0.917195976 -0.302998632
    outer loop
      vertex 0.0212797243 -0.0229362696 0.00820663758
      vertex 0.0212797206 -0.0233113188 0.00707134325
      vertex 0.0194597151 -0.0237779636 0.00721290568
    endloop
  endfacet
  facet normal -0.258734226 0.917195916 -0.302998811
    outer loop
      vertex 0.0212797243 -0.0229362696 0.00820663758
      vertex 0.0194597151 -0.0237779636 0.00721290568
      vertex 0.0194597188 -0.0233954061 0.00837092753
    endloop
  endfacet
  facet normal -0.706992269 0.671527445 -0.221839696
    outer loop
      vertex 0.0194597188 -0.0233954061 0.00837092753
      vertex 0.0194597151 -0.0237779636 0.00721290568
      vertex 0.0181273669 -0.0250529107 0.00759966206
    endloop
  endfacet
  facet normal -0.706992626 0.671527267 -0.221838772
    outer loop
      vertex 0.0194597188 -0.0233954061 0.00837092753
      vertex 0.0181273669 -0.0250529107 0.00759966206
      vertex 0.0181273725 -0.0246498398 0.00881977845
    endloop
  endfacet
  facet normal -0.965903282 0.245837092 -0.0812089443
    outer loop
      vertex 0.0181273725 -0.0246498398 0.00881977845
      vertex 0.0181273669 -0.0250529107 0.00759966206
      vertex 0.017639678 -0.026794536 0.00812798087
    endloop
  endfacet
  facet normal -0.965903342 0.245837137 -0.0812090784
    outer loop
      vertex 0.0181273725 -0.0246498398 0.00881977845
      vertex 0.017639678 -0.026794536 0.00812798087
      vertex 0.0176396836 -0.0263634454 0.00943291746
    endloop
  endfacet
  facet normal -0.965909064 -0.245814174 0.0812097564
    outer loop
      vertex 0.0176396836 -0.0263634454 0.00943291746
      vertex 0.017639678 -0.026794536 0.00812798087
      vertex 0.0181273259 -0.0285361726 0.00865629967
    endloop
  endfacet
  facet normal -0.965909123 -0.245814115 0.0812096149
    outer loop
      vertex 0.0176396836 -0.0263634454 0.00943291746
      vertex 0.0181273259 -0.0285361726 0.00865629967
      vertex 0.0181273315 -0.0280770604 0.0100460574
    endloop
  endfacet
  facet normal -0.707009017 -0.671510041 0.221838966
    outer loop
      vertex 0.0181273315 -0.0280770604 0.0100460574
      vertex 0.0181273259 -0.0285361726 0.00865629967
      vertex 0.0194596425 -0.0298111532 0.00904305559
    endloop
  endfacet
  facet normal -0.707008958 -0.6715101 0.221839115
    outer loop
      vertex 0.0181273315 -0.0280770604 0.0100460574
      vertex 0.0194596425 -0.0298111532 0.00904305559
      vertex 0.0194596481 -0.0293315277 0.0104949065
    endloop
  endfacet
  facet normal -0.258756906 -0.917189598 0.302998751
    outer loop
      vertex 0.0194596481 -0.0293315277 0.0104949065
      vertex 0.0194596425 -0.0298111532 0.00904305559
      vertex 0.0212796368 -0.0302778427 0.00918461848
    endloop
  endfacet
  facet normal -0.258756727 -0.917189538 0.30299893
    outer loop
      vertex 0.0194596481 -0.0293315277 0.0104949065
      vertex 0.0212796368 -0.0302778427 0.00918461848
      vertex 0.0212796424 -0.0297907088 0.0106591964
    endloop
  endfacet
  facet normal 0.258735567 -0.930957854 0.257630348
    outer loop
      vertex 0.0212796368 -0.0302778427 0.00918461848
      vertex 0.021279633 -0.0306920409 0.00768789975
      vertex 0.0230996385 -0.0302190091 0.00756940618
    endloop
  endfacet
  facet normal 0.25873512 -0.930958092 0.257629782
    outer loop
      vertex 0.0212796368 -0.0302778427 0.00918461848
      vertex 0.0230996385 -0.0302190091 0.00756940618
      vertex 0.0230996422 -0.029811196 0.00904305559
    endloop
  endfacet
  facet normal 0.706992328 -0.681603491 0.188623026
    outer loop
      vertex 0.0230996422 -0.029811196 0.00904305559
      vertex 0.0230996385 -0.0302190091 0.00756940618
      vertex 0.0244319849 -0.0289266221 0.0072456752
    endloop
  endfacet
  facet normal 0.70699209 -0.68160373 0.188622743
    outer loop
      vertex 0.0230996422 -0.029811196 0.00904305559
      vertex 0.0244319849 -0.0289266221 0.0072456752
      vertex 0.0244319905 -0.028536249 0.00865629967
    endloop
  endfacet
  facet normal 0.965903401 -0.249525353 0.0690492764
    outer loop
      vertex 0.0244319905 -0.028536249 0.00865629967
      vertex 0.0244319849 -0.0289266221 0.0072456752
      vertex 0.0249196738 -0.0271611698 0.00680345111
    endloop
  endfacet
  facet normal 0.965903282 -0.249525756 0.0690489635
    outer loop
      vertex 0.0244319905 -0.028536249 0.00865629967
      vertex 0.0249196738 -0.0271611698 0.00680345111
      vertex 0.0249196794 -0.0267946236 0.00812797993
    endloop
  endfacet
  facet normal 0.965909302 0.249501929 -0.0690505058
    outer loop
      vertex 0.0249196794 -0.0267946236 0.00812797993
      vertex 0.0249196738 -0.0271611698 0.00680345111
      vertex 0.0244320277 -0.0253957082 0.00636122702
    endloop
  endfacet
  facet normal 0.965909183 0.249502957 -0.0690496489
    outer loop
      vertex 0.0249196794 -0.0267946236 0.00812797993
      vertex 0.0244320277 -0.0253957082 0.00636122702
      vertex 0.0244320314 -0.025052987 0.00759966206
    endloop
  endfacet
  facet normal 0.707008719 0.681586504 -0.18862249
    outer loop
      vertex 0.0244320314 -0.025052987 0.00759966206
      vertex 0.0244320277 -0.0253957082 0.00636122702
      vertex 0.0230997112 -0.0241032876 0.00603749556
    endloop
  endfacet
  facet normal 0.707009256 0.681585789 -0.188623294
    outer loop
      vertex 0.0244320314 -0.025052987 0.00759966206
      vertex 0.0230997112 -0.0241032876 0.00603749556
      vertex 0.0230997149 -0.0237780064 0.00721290521
    endloop
  endfacet
  facet normal 0.258756518 0.930951834 -0.257631093
    outer loop
      vertex 0.0230997149 -0.0237780064 0.00721290521
      vertex 0.0230997112 -0.0241032876 0.00603749556
      vertex 0.0212797169 -0.0236302149 0.00591900293
    endloop
  endfacet
  facet normal 0.258756012 0.930952132 -0.257630408
    outer loop
      vertex 0.0230997149 -0.0237780064 0.00721290521
      vertex 0.0212797169 -0.0236302149 0.00591900293
      vertex 0.0212797206 -0.0233113188 0.00707134325
    endloop
  endfacet
  facet normal -0.258734614 0.930958092 -0.257630378
    outer loop
      vertex 0.0212797206 -0.0233113188 0.00707134325
      vertex 0.0212797169 -0.0236302149 0.00591900293
      vertex 0.0194597114 -0.0241032448 0.00603749603
    endloop
  endfacet
  facet normal -0.258734167 0.930958033 -0.257631183
    outer loop
      vertex 0.0212797206 -0.0233113188 0.00707134325
      vertex 0.0194597114 -0.0241032448 0.00603749603
      vertex 0.0194597151 -0.0237779636 0.00721290568
    endloop
  endfacet
  facet normal -0.706991792 0.68160373 -0.188623801
    outer loop
      vertex 0.0194597151 -0.0237779636 0.00721290568
      vertex 0.0194597114 -0.0241032448 0.00603749603
      vertex 0.0181273632 -0.0253956318 0.00636122702
    endloop
  endfacet
  facet normal -0.706992209 0.68160367 -0.188622996
    outer loop
      vertex 0.0194597151 -0.0237779636 0.00721290568
      vertex 0.0181273632 -0.0253956318 0.00636122702
      vertex 0.0181273669 -0.0250529107 0.00759966206
    endloop
  endfacet
  facet normal -0.965903342 0.249525413 -0.0690500736
    outer loop
      vertex 0.0181273669 -0.0250529107 0.00759966206
      vertex 0.0181273632 -0.0253956318 0.00636122702
      vertex 0.0176396742 -0.0271610823 0.00680345157
    endloop
  endfacet
  facet normal -0.965903282 0.249525443 -0.0690501854
    outer loop
      vertex 0.0181273669 -0.0250529107 0.00759966206
      vertex 0.0176396742 -0.0271610823 0.00680345157
      vertex 0.017639678 -0.026794536 0.00812798087
    endloop
  endfacet
  facet normal -0.965909362 -0.249502018 0.0690491498
    outer loop
      vertex 0.017639678 -0.026794536 0.00812798087
      vertex 0.0176396742 -0.0271610823 0.00680345157
      vertex 0.0181273203 -0.0289265458 0.00724567566
    endloop
  endfacet
  facet normal -0.965909123 -0.249502584 0.0690506771
    outer loop
      vertex 0.017639678 -0.026794536 0.00812798087
      vertex 0.0181273203 -0.0289265458 0.00724567566
      vertex 0.0181273259 -0.0285361726 0.00865629967
    endloop
  endfacet
  facet normal -0.70700866 -0.681586266 0.188623577
    outer loop
      vertex 0.0181273259 -0.0285361726 0.00865629967
      vertex 0.0181273203 -0.0289265458 0.00724567566
      vertex 0.0194596369 -0.0302189663 0.00756940618
    endloop
  endfacet
  facet normal -0.707009137 -0.681586087 0.188622713
    outer loop
      vertex 0.0181273259 -0.0285361726 0.00865629967
      vertex 0.0194596369 -0.0302189663 0.00756940618
      vertex 0.0194596425 -0.0298111532 0.00904305559
    endloop
  endfacet
  facet normal -0.258757263 -0.930952072 0.257629752
    outer loop
      vertex 0.0194596425 -0.0298111532 0.00904305559
      vertex 0.0194596369 -0.0302189663 0.00756940618
      vertex 0.021279633 -0.0306920409 0.00768789975
    endloop
  endfacet
  facet normal -0.258757025 -0.930951953 0.257629991
    outer loop
      vertex 0.0194596425 -0.0298111532 0.00904305559
      vertex 0.021279633 -0.0306920409 0.00768789975
      vertex 0.0212796368 -0.0302778427 0.00918461848
    endloop
  endfacet
  facet normal 0.258734912 -0.942477822 0.21164085
    outer loop
      vertex 0.021279633 -0.0306920409 0.00768789975
      vertex 0.0212796275 -0.0310323015 0.00617266027
      vertex 0.0230996329 -0.0305540264 0.00607752148
    endloop
  endfacet
  facet normal 0.258735448 -0.942477465 0.211641505
    outer loop
      vertex 0.021279633 -0.0306920409 0.00768789975
      vertex 0.0230996329 -0.0305540264 0.00607752148
      vertex 0.0230996385 -0.0302190091 0.00756940618
    endloop
  endfacet
  facet normal 0.70699209 -0.690037727 0.154952034
    outer loop
      vertex 0.0230996385 -0.0302190091 0.00756940618
      vertex 0.0230996329 -0.0305540264 0.00607752148
      vertex 0.0244319811 -0.02924731 0.0058175954
    endloop
  endfacet
  facet normal 0.706992209 -0.690037668 0.154952198
    outer loop
      vertex 0.0230996385 -0.0302190091 0.00756940618
      vertex 0.0244319811 -0.02924731 0.0058175954
      vertex 0.0244319849 -0.0289266221 0.0072456752
    endloop
  endfacet
  facet normal 0.965903401 -0.252612561 0.0567238554
    outer loop
      vertex 0.0244319849 -0.0289266221 0.0072456752
      vertex 0.0244319811 -0.02924731 0.0058175954
      vertex 0.0249196701 -0.027462285 0.005462531
    endloop
  endfacet
  facet normal 0.965903342 -0.25261277 0.0567237101
    outer loop
      vertex 0.0244319849 -0.0289266221 0.0072456752
      vertex 0.0249196701 -0.027462285 0.005462531
      vertex 0.0249196738 -0.0271611698 0.00680345111
    endloop
  endfacet
  facet normal 0.965909362 0.252589703 -0.0567238852
    outer loop
      vertex 0.0249196738 -0.0271611698 0.00680345111
      vertex 0.0249196701 -0.027462285 0.005462531
      vertex 0.024432024 -0.0256772507 0.0051074666
    endloop
  endfacet
  facet normal 0.965909362 0.252589583 -0.0567240082
    outer loop
      vertex 0.0249196738 -0.0271611698 0.00680345111
      vertex 0.024432024 -0.0256772507 0.0051074666
      vertex 0.0244320277 -0.0253957082 0.00636122702
    endloop
  endfacet
  facet normal 0.707009077 0.690020263 -0.154952005
    outer loop
      vertex 0.0244320277 -0.0253957082 0.00636122702
      vertex 0.024432024 -0.0256772507 0.0051074666
      vertex 0.0230997074 -0.0243705008 0.00484754145
    endloop
  endfacet
  facet normal 0.707008839 0.690020621 -0.154951572
    outer loop
      vertex 0.0244320277 -0.0253957082 0.00636122702
      vertex 0.0230997074 -0.0243705008 0.00484754145
      vertex 0.0230997112 -0.0241032876 0.00603749556
    endloop
  endfacet
  facet normal 0.258756161 0.9424721 -0.211640045
    outer loop
      vertex 0.0230997112 -0.0241032876 0.00603749556
      vertex 0.0230997074 -0.0243705008 0.00484754145
      vertex 0.0212797131 -0.0238921847 0.00475240266
    endloop
  endfacet
  facet normal 0.258756638 0.942471802 -0.21164076
    outer loop
      vertex 0.0230997112 -0.0241032876 0.00603749556
      vertex 0.0212797131 -0.0238921847 0.00475240266
      vertex 0.0212797169 -0.0236302149 0.00591900293
    endloop
  endfacet
  facet normal -0.258734018 0.94247812 -0.211640552
    outer loop
      vertex 0.0212797169 -0.0236302149 0.00591900293
      vertex 0.0212797131 -0.0238921847 0.00475240266
      vertex 0.0194597077 -0.024370458 0.00484754145
    endloop
  endfacet
  facet normal -0.258734524 0.94247818 -0.211639717
    outer loop
      vertex 0.0212797169 -0.0236302149 0.00591900293
      vertex 0.0194597077 -0.024370458 0.00484754145
      vertex 0.0194597114 -0.0241032448 0.00603749603
    endloop
  endfacet
  facet normal -0.706991971 0.690037966 -0.154950976
    outer loop
      vertex 0.0194597114 -0.0241032448 0.00603749603
      vertex 0.0194597077 -0.024370458 0.00484754145
      vertex 0.0181273594 -0.0256771743 0.0051074666
    endloop
  endfacet
  facet normal -0.706991732 0.690038145 -0.154951781
    outer loop
      vertex 0.0194597114 -0.0241032448 0.00603749603
      vertex 0.0181273594 -0.0256771743 0.0051074666
      vertex 0.0181273632 -0.0253956318 0.00636122702
    endloop
  endfacet
  facet normal -0.965903223 0.252612859 -0.0567234866
    outer loop
      vertex 0.0181273632 -0.0253956318 0.00636122702
      vertex 0.0181273594 -0.0256771743 0.0051074666
      vertex 0.0176396705 -0.0274621975 0.00546253147
    endloop
  endfacet
  facet normal -0.965903282 0.252612978 -0.0567237549
    outer loop
      vertex 0.0181273632 -0.0253956318 0.00636122702
      vertex 0.0176396705 -0.0274621975 0.00546253147
      vertex 0.0176396742 -0.0271610823 0.00680345157
    endloop
  endfacet
  facet normal -0.965909421 -0.252589464 0.0567238331
    outer loop
      vertex 0.0176396742 -0.0271610823 0.00680345157
      vertex 0.0176396705 -0.0274621975 0.00546253147
      vertex 0.0181273166 -0.0292472336 0.00581759587
    endloop
  endfacet
  facet normal -0.965909421 -0.252589405 0.0567237064
    outer loop
      vertex 0.0176396742 -0.0271610823 0.00680345157
      vertex 0.0181273166 -0.0292472336 0.00581759587
      vertex 0.0181273203 -0.0289265458 0.00724567566
    endloop
  endfacet
  facet normal -0.707009077 -0.690020323 0.154951975
    outer loop
      vertex 0.0181273203 -0.0289265458 0.00724567566
      vertex 0.0181273166 -0.0292472336 0.00581759587
      vertex 0.0194596332 -0.0305539835 0.00607752148
    endloop
  endfacet
  facet normal -0.707008839 -0.690020442 0.154952556
    outer loop
      vertex 0.0181273203 -0.0289265458 0.00724567566
      vertex 0.0194596332 -0.0305539835 0.00607752148
      vertex 0.0194596369 -0.0302189663 0.00756940618
    endloop
  endfacet
  facet normal -0.258757085 -0.942471504 0.211641788
    outer loop
      vertex 0.0194596369 -0.0302189663 0.00756940618
      vertex 0.0194596332 -0.0305539835 0.00607752148
      vertex 0.0212796275 -0.0310323015 0.00617266027
    endloop
  endfacet
  facet normal -0.258757412 -0.942471504 0.211641341
    outer loop
      vertex 0.0194596369 -0.0302189663 0.00756940618
      vertex 0.0212796275 -0.0310323015 0.00617266027
      vertex 0.021279633 -0.0306920409 0.00768789975
    endloop
  endfacet
  facet normal 0.258733988 -0.951727688 0.165139198
    outer loop
      vertex 0.0212796275 -0.0310323015 0.00617266027
      vertex 0.0212796256 -0.0312977992 0.00464255083
      vertex 0.0230996311 -0.0308154337 0.00457099499
    endloop
  endfacet
  facet normal 0.258734822 -0.95172745 0.165140182
    outer loop
      vertex 0.0212796275 -0.0310323015 0.00617266027
      vertex 0.0230996311 -0.0308154337 0.00457099499
      vertex 0.0230996329 -0.0305540264 0.00607752148
    endloop
  endfacet
  facet normal 0.706992924 -0.696808815 0.120907016
    outer loop
      vertex 0.0230996329 -0.0305540264 0.00607752148
      vertex 0.0230996311 -0.0308154337 0.00457099499
      vertex 0.0244319793 -0.029497534 0.00437550107
    endloop
  endfacet
  facet normal 0.706991971 -0.696810007 0.120905608
    outer loop
      vertex 0.0230996329 -0.0305540264 0.00607752148
      vertex 0.0244319793 -0.029497534 0.00437550107
      vertex 0.0244319811 -0.02924731 0.0058175954
    endloop
  endfacet
  facet normal 0.965903342 -0.255091846 0.0442608409
    outer loop
      vertex 0.0244319811 -0.02924731 0.0058175954
      vertex 0.0244319793 -0.029497534 0.00437550107
      vertex 0.0249196682 -0.0276972391 0.00410845177
    endloop
  endfacet
  facet normal 0.965903282 -0.255091578 0.0442610681
    outer loop
      vertex 0.0244319811 -0.02924731 0.0058175954
      vertex 0.0249196682 -0.0276972391 0.00410845177
      vertex 0.0249196701 -0.027462285 0.005462531
    endloop
  endfacet
  facet normal 0.965909362 0.255069047 -0.0442598201
    outer loop
      vertex 0.0249196701 -0.027462285 0.005462531
      vertex 0.0249196682 -0.0276972391 0.00410845177
      vertex 0.0244320221 -0.0258969329 0.00384140247
    endloop
  endfacet
  facet normal 0.965909302 0.255068928 -0.0442599356
    outer loop
      vertex 0.0249196701 -0.027462285 0.005462531
      vertex 0.0244320221 -0.0258969329 0.00384140247
      vertex 0.024432024 -0.0256772507 0.0051074666
    endloop
  endfacet
  facet normal 0.7070086 0.696793139 -0.120905712
    outer loop
      vertex 0.024432024 -0.0256772507 0.0051074666
      vertex 0.0244320221 -0.0258969329 0.00384140247
      vertex 0.0230997056 -0.0245790053 0.00364590855
    endloop
  endfacet
  facet normal 0.707009256 0.696792364 -0.120906845
    outer loop
      vertex 0.024432024 -0.0256772507 0.0051074666
      vertex 0.0230997056 -0.0245790053 0.00364590855
      vertex 0.0230997074 -0.0243705008 0.00484754145
    endloop
  endfacet
  facet normal 0.258757234 0.951721191 -0.165140808
    outer loop
      vertex 0.0230997074 -0.0243705008 0.00484754145
      vertex 0.0230997056 -0.0245790053 0.00364590855
      vertex 0.0212797113 -0.0240965951 0.00357435318
    endloop
  endfacet
  facet normal 0.25875628 0.951721668 -0.165139347
    outer loop
      vertex 0.0230997074 -0.0243705008 0.00484754145
      vertex 0.0212797113 -0.0240965951 0.00357435318
      vertex 0.0212797131 -0.0238921847 0.00475240266
    endloop
  endfacet
  facet normal -0.258733958 0.951727748 -0.165139556
    outer loop
      vertex 0.0212797131 -0.0238921847 0.00475240266
      vertex 0.0212797113 -0.0240965951 0.00357435318
      vertex 0.0194597058 -0.0245789606 0.00364590879
    endloop
  endfacet
  facet normal -0.258733898 0.951727748 -0.16513969
    outer loop
      vertex 0.0212797131 -0.0238921847 0.00475240266
      vertex 0.0194597058 -0.0245789606 0.00364590879
      vertex 0.0194597077 -0.024370458 0.00484754145
    endloop
  endfacet
  facet normal -0.706992447 0.696809411 -0.120906569
    outer loop
      vertex 0.0194597077 -0.024370458 0.00484754145
      vertex 0.0194597058 -0.0245789606 0.00364590879
      vertex 0.0181273576 -0.0258968584 0.00384140294
    endloop
  endfacet
  facet normal -0.70699203 0.696809709 -0.120907612
    outer loop
      vertex 0.0194597077 -0.024370458 0.00484754145
      vertex 0.0181273576 -0.0258968584 0.00384140294
      vertex 0.0181273594 -0.0256771743 0.0051074666
    endloop
  endfacet
  facet normal -0.965903223 0.255091965 -0.0442614779
    outer loop
      vertex 0.0181273594 -0.0256771743 0.0051074666
      vertex 0.0181273576 -0.0258968584 0.00384140294
      vertex 0.0176396687 -0.0276971515 0.00410845224
    endloop
  endfacet
  facet normal -0.965903282 0.255091786 -0.0442611277
    outer loop
      vertex 0.0181273594 -0.0256771743 0.0051074666
      vertex 0.0176396687 -0.0276971515 0.00410845224
      vertex 0.0176396705 -0.0274621975 0.00546253147
    endloop
  endfacet
  facet normal -0.9659096 -0.255068123 0.0442596637
    outer loop
      vertex 0.0176396705 -0.0274621975 0.00546253147
      vertex 0.0176396687 -0.0276971515 0.00410845224
      vertex 0.0181273129 -0.0294974577 0.00437550154
    endloop
  endfacet
  facet normal -0.965909421 -0.255068541 0.0442605428
    outer loop
      vertex 0.0176396705 -0.0274621975 0.00546253147
      vertex 0.0181273129 -0.0294974577 0.00437550154
      vertex 0.0181273166 -0.0292472336 0.00581759587
    endloop
  endfacet
  facet normal -0.707009077 -0.696792722 0.120905347
    outer loop
      vertex 0.0181273166 -0.0292472336 0.00581759587
      vertex 0.0181273129 -0.0294974577 0.00437550154
      vertex 0.0194596313 -0.030815389 0.00457099499
    endloop
  endfacet
  facet normal -0.707009256 -0.696792662 0.120905139
    outer loop
      vertex 0.0181273166 -0.0292472336 0.00581759587
      vertex 0.0194596313 -0.030815389 0.00457099499
      vertex 0.0194596332 -0.0305539835 0.00607752148
    endloop
  endfacet
  facet normal -0.258757293 -0.951721549 0.165138617
    outer loop
      vertex 0.0194596332 -0.0305539835 0.00607752148
      vertex 0.0194596313 -0.030815389 0.00457099499
      vertex 0.0212796256 -0.0312977992 0.00464255083
    endloop
  endfacet
  facet normal -0.258757204 -0.951721549 0.165138781
    outer loop
      vertex 0.0194596332 -0.0305539835 0.00607752148
      vertex 0.0212796256 -0.0312977992 0.00464255083
      vertex 0.0212796275 -0.0310323015 0.00617266027
    endloop
  endfacet
  facet normal 0.258734763 -0.958683968 0.11824239
    outer loop
      vertex 0.0212796256 -0.0312977992 0.00464255083
      vertex 0.0212796219 -0.0314879008 0.00310125621
      vertex 0.0230996273 -0.0310026035 0.00305345678
    endloop
  endfacet
  facet normal 0.258733898 -0.958684385 0.118241332
    outer loop
      vertex 0.0212796256 -0.0312977992 0.00464255083
      vertex 0.0230996273 -0.0310026035 0.00305345678
      vertex 0.0230996311 -0.0308154337 0.00457099499
    endloop
  endfacet
  facet normal 0.706991553 -0.701903522 0.0865694731
    outer loop
      vertex 0.0230996311 -0.0308154337 0.00457099499
      vertex 0.0230996273 -0.0310026035 0.00305345678
      vertex 0.0244319774 -0.0296767019 0.00292286533
    endloop
  endfacet
  facet normal 0.706992924 -0.701902092 0.0865715519
    outer loop
      vertex 0.0230996311 -0.0308154337 0.00457099499
      vertex 0.0244319774 -0.0296767019 0.00292286533
      vertex 0.0244319793 -0.029497534 0.00437550107
    endloop
  endfacet
  facet normal 0.965903223 -0.25695616 0.0316916853
    outer loop
      vertex 0.0244319793 -0.029497534 0.00437550107
      vertex 0.0244319774 -0.0296767019 0.00292286533
      vertex 0.0249196663 -0.0278654713 0.00274447445
    endloop
  endfacet
  facet normal 0.965903282 -0.256956309 0.0316915363
    outer loop
      vertex 0.0244319793 -0.029497534 0.00437550107
      vertex 0.0249196663 -0.0278654713 0.00274447445
      vertex 0.0249196682 -0.0276972391 0.00410845177
    endloop
  endfacet
  facet normal 0.965909362 0.256933391 -0.03169135
    outer loop
      vertex 0.0249196682 -0.0276972391 0.00410845177
      vertex 0.0249196663 -0.0278654713 0.00274447445
      vertex 0.0244320203 -0.0260542296 0.00256608357
    endloop
  endfacet
  facet normal 0.965909302 0.256933391 -0.0316913538
    outer loop
      vertex 0.0249196682 -0.0276972391 0.00410845177
      vertex 0.0244320203 -0.0260542296 0.00256608357
      vertex 0.0244320221 -0.0258969329 0.00384140247
    endloop
  endfacet
  facet normal 0.707008779 0.701886058 -0.0865710154
    outer loop
      vertex 0.0244320221 -0.0258969329 0.00384140247
      vertex 0.0244320203 -0.0260542296 0.00256608357
      vertex 0.0230997037 -0.0247282963 0.00243549235
    endloop
  endfacet
  facet normal 0.7070086 0.701886177 -0.0865707397
    outer loop
      vertex 0.0244320221 -0.0258969329 0.00384140247
      vertex 0.0230997037 -0.0247282963 0.00243549235
      vertex 0.0230997056 -0.0245790053 0.00364590855
    endloop
  endfacet
  facet normal 0.258757293 0.958677888 -0.118242361
    outer loop
      vertex 0.0230997056 -0.0245790053 0.00364590855
      vertex 0.0230997037 -0.0247282963 0.00243549235
      vertex 0.0212797094 -0.0242429562 0.00238769292
    endloop
  endfacet
  facet normal 0.258757323 0.958677888 -0.118242428
    outer loop
      vertex 0.0230997056 -0.0245790053 0.00364590855
      vertex 0.0212797094 -0.0242429562 0.00238769292
      vertex 0.0212797113 -0.0240965951 0.00357435318
    endloop
  endfacet
  facet normal -0.258733839 0.958684266 -0.118242405
    outer loop
      vertex 0.0212797113 -0.0240965951 0.00357435318
      vertex 0.0212797094 -0.0242429562 0.00238769292
      vertex 0.0194597039 -0.0247282516 0.00243549258
    endloop
  endfacet
  facet normal -0.258733898 0.958684266 -0.118242323
    outer loop
      vertex 0.0212797113 -0.0240965951 0.00357435318
      vertex 0.0194597039 -0.0247282516 0.00243549258
      vertex 0.0194597058 -0.0245789606 0.00364590879
    endloop
  endfacet
  facet normal -0.706992507 0.701902449 -0.0865705609
    outer loop
      vertex 0.0194597058 -0.0245789606 0.00364590879
      vertex 0.0194597039 -0.0247282516 0.00243549258
      vertex 0.0181273557 -0.0260541551 0.00256608403
    endloop
  endfacet
  facet normal -0.706992388 0.701902688 -0.0865709409
    outer loop
      vertex 0.0194597058 -0.0245789606 0.00364590879
      vertex 0.0181273557 -0.0260541551 0.00256608403
      vertex 0.0181273576 -0.0258968584 0.00384140294
    endloop
  endfacet
  facet normal -0.965902984 0.256957352 -0.031691473
    outer loop
      vertex 0.0181273576 -0.0258968584 0.00384140294
      vertex 0.0181273557 -0.0260541551 0.00256608403
      vertex 0.0176396649 -0.0278653838 0.00274447468
    endloop
  endfacet
  facet normal -0.965903223 0.256956726 -0.0316902623
    outer loop
      vertex 0.0181273576 -0.0258968584 0.00384140294
      vertex 0.0176396649 -0.0278653838 0.00274447468
      vertex 0.0176396687 -0.0276971515 0.00410845224
    endloop
  endfacet
  facet normal -0.965909421 -0.256933033 0.0316926166
    outer loop
      vertex 0.0176396687 -0.0276971515 0.00410845224
      vertex 0.0176396649 -0.0278653838 0.00274447468
      vertex 0.018127311 -0.0296766274 0.00292286556
    endloop
  endfacet
  facet normal -0.9659096 -0.256932437 0.03169154
    outer loop
      vertex 0.0176396687 -0.0276971515 0.00410845224
      vertex 0.018127311 -0.0296766274 0.00292286556
      vertex 0.0181273129 -0.0294974577 0.00437550154
    endloop
  endfacet
  facet normal -0.707008243 -0.701886415 0.0865723342
    outer loop
      vertex 0.0181273129 -0.0294974577 0.00437550154
      vertex 0.018127311 -0.0296766274 0.00292286556
      vertex 0.0194596276 -0.0310025588 0.00305345678
    endloop
  endfacet
  facet normal -0.707009137 -0.70188576 0.086570777
    outer loop
      vertex 0.0181273129 -0.0294974577 0.00437550154
      vertex 0.0194596276 -0.0310025588 0.00305345678
      vertex 0.0194596313 -0.030815389 0.00457099499
    endloop
  endfacet
  facet normal -0.258758217 -0.958677769 0.118241802
    outer loop
      vertex 0.0194596313 -0.030815389 0.00457099499
      vertex 0.0194596276 -0.0310025588 0.00305345678
      vertex 0.0212796219 -0.0314879008 0.00310125621
    endloop
  endfacet
  facet normal -0.258757383 -0.958677888 0.118242905
    outer loop
      vertex 0.0194596313 -0.030815389 0.00457099499
      vertex 0.0212796219 -0.0314879008 0.00310125621
      vertex 0.0212796256 -0.0312977992 0.00464255083
    endloop
  endfacet
  facet normal 0.258733511 -0.96333164 0.0710577741
    outer loop
      vertex 0.0212796219 -0.0314879008 0.00310125621
      vertex 0.0212796219 -0.0316021405 0.00155250565
      vertex 0.0230996273 -0.0311150849 0.00152857683
    endloop
  endfacet
  facet normal 0.258734703 -0.963331223 0.0710592717
    outer loop
      vertex 0.0212796219 -0.0314879008 0.00310125621
      vertex 0.0230996273 -0.0311150849 0.00152857683
      vertex 0.0230996273 -0.0310026035 0.00305345678
    endloop
  endfacet
  facet normal 0.706992209 -0.705305159 0.0520262122
    outer loop
      vertex 0.0230996273 -0.0310026035 0.00305345678
      vertex 0.0230996273 -0.0311150849 0.00152857683
      vertex 0.0244319756 -0.0297843721 0.00146320218
    endloop
  endfacet
  facet normal 0.706991494 -0.705305815 0.0520250686
    outer loop
      vertex 0.0230996273 -0.0310026035 0.00305345678
      vertex 0.0244319756 -0.0297843721 0.00146320218
      vertex 0.0244319774 -0.0296767019 0.00292286533
    endloop
  endfacet
  facet normal 0.965903342 -0.258201748 0.0190446917
    outer loop
      vertex 0.0244319774 -0.0296767019 0.00292286533
      vertex 0.0244319756 -0.0297843721 0.00146320218
      vertex 0.0249196645 -0.0279665701 0.0013738987
    endloop
  endfacet
  facet normal 0.965903282 -0.258201778 0.0190446116
    outer loop
      vertex 0.0244319774 -0.0296767019 0.00292286533
      vertex 0.0249196645 -0.0279665701 0.0013738987
      vertex 0.0249196663 -0.0278654713 0.00274447445
    endloop
  endfacet
  facet normal 0.965909362 0.25817892 -0.019045556
    outer loop
      vertex 0.0249196663 -0.0278654713 0.00274447445
      vertex 0.0249196645 -0.0279665701 0.0013738987
      vertex 0.0244320184 -0.026148757 0.00128459523
    endloop
  endfacet
  facet normal 0.965909421 0.25817889 -0.0190456435
    outer loop
      vertex 0.0249196663 -0.0278654713 0.00274447445
      vertex 0.0244320184 -0.026148757 0.00128459523
      vertex 0.0244320203 -0.0260542296 0.00256608357
    endloop
  endfacet
  facet normal 0.707008958 0.70528841 -0.0520257428
    outer loop
      vertex 0.0244320203 -0.0260542296 0.00256608357
      vertex 0.0244320184 -0.026148757 0.00128459523
      vertex 0.0230997019 -0.0248180125 0.00121922058
    endloop
  endfacet
  facet normal 0.707008898 0.705288529 -0.0520254783
    outer loop
      vertex 0.0244320203 -0.0260542296 0.00256608357
      vertex 0.0230997019 -0.0248180125 0.00121922058
      vertex 0.0230997037 -0.0247282963 0.00243549235
    endloop
  endfacet
  facet normal 0.258757055 0.963325262 -0.0710584
    outer loop
      vertex 0.0230997037 -0.0247282963 0.00243549235
      vertex 0.0230997019 -0.0248180125 0.00121922058
      vertex 0.0212797076 -0.0243309122 0.00119529199
    endloop
  endfacet
  facet normal 0.258757353 0.963325083 -0.0710588843
    outer loop
      vertex 0.0230997037 -0.0247282963 0.00243549235
      vertex 0.0212797076 -0.0243309122 0.00119529199
      vertex 0.0212797094 -0.0242429562 0.00238769292
    endloop
  endfacet
  facet normal -0.258733511 0.96333158 -0.071058549
    outer loop
      vertex 0.0212797094 -0.0242429562 0.00238769292
      vertex 0.0212797076 -0.0243309122 0.00119529199
      vertex 0.0194597021 -0.0248179678 0.00121922081
    endloop
  endfacet
  facet normal -0.258733839 0.963331521 -0.071058102
    outer loop
      vertex 0.0212797094 -0.0242429562 0.00238769292
      vertex 0.0194597021 -0.0248179678 0.00121922081
      vertex 0.0194597039 -0.0247282516 0.00243549258
    endloop
  endfacet
  facet normal -0.706992745 0.705304742 -0.0520244911
    outer loop
      vertex 0.0194597039 -0.0247282516 0.00243549258
      vertex 0.0194597021 -0.0248179678 0.00121922081
      vertex 0.0181273539 -0.0261486825 0.00128459546
    endloop
  endfacet
  facet normal -0.706992507 0.705304861 -0.0520248935
    outer loop
      vertex 0.0194597039 -0.0247282516 0.00243549258
      vertex 0.0181273539 -0.0261486825 0.00128459546
      vertex 0.0181273557 -0.0260541551 0.00256608403
    endloop
  endfacet
  facet normal -0.965903282 0.258202016 -0.019044539
    outer loop
      vertex 0.0181273557 -0.0260541551 0.00256608403
      vertex 0.0181273539 -0.0261486825 0.00128459546
      vertex 0.0176396649 -0.0279664826 0.00137389905
    endloop
  endfacet
  facet normal -0.965902925 0.258202791 -0.0190460086
    outer loop
      vertex 0.0181273557 -0.0260541551 0.00256608403
      vertex 0.0176396649 -0.0279664826 0.00137389905
      vertex 0.0176396649 -0.0278653838 0.00274447468
    endloop
  endfacet
  facet normal -0.965909421 -0.258178741 0.0190442316
    outer loop
      vertex 0.0176396649 -0.0278653838 0.00274447468
      vertex 0.0176396649 -0.0279664826 0.00137389905
      vertex 0.018127311 -0.0297842976 0.00146320241
    endloop
  endfacet
  facet normal -0.965909421 -0.258178771 0.0190442316
    outer loop
      vertex 0.0176396649 -0.0278653838 0.00274447468
      vertex 0.018127311 -0.0297842976 0.00146320241
      vertex 0.018127311 -0.0296766274 0.00292286556
    endloop
  endfacet
  facet normal -0.707008481 -0.705288947 0.0520247407
    outer loop
      vertex 0.018127311 -0.0296766274 0.00292286556
      vertex 0.018127311 -0.0297842976 0.00146320241
      vertex 0.0194596276 -0.0311150402 0.00152857706
    endloop
  endfacet
  facet normal -0.707008302 -0.705288947 0.0520250648
    outer loop
      vertex 0.018127311 -0.0296766274 0.00292286556
      vertex 0.0194596276 -0.0311150402 0.00152857706
      vertex 0.0194596276 -0.0310025588 0.00305345678
    endloop
  endfacet
  facet normal -0.258757055 -0.963325143 0.0710588321
    outer loop
      vertex 0.0194596276 -0.0310025588 0.00305345678
      vertex 0.0194596276 -0.0311150402 0.00152857706
      vertex 0.0212796219 -0.0316021405 0.00155250565
    endloop
  endfacet
  facet normal -0.258758247 -0.963325024 0.0710572898
    outer loop
      vertex 0.0194596276 -0.0310025588 0.00305345678
      vertex 0.0212796219 -0.0316021405 0.00155250565
      vertex 0.0212796219 -0.0314879008 0.00310125621
    endloop
  endfacet
  facet normal 0.258734047 -0.965657651 0.0237063151
    outer loop
      vertex 0.0212796219 -0.0316021405 0.00155250565
      vertex 0.02127962 -0.031640254 5.59488766e-09
      vertex 0.0230996255 -0.0311526097 5.42909895e-09
    endloop
  endfacet
  facet normal 0.258733451 -0.965657771 0.0237055868
    outer loop
      vertex 0.0212796219 -0.0316021405 0.00155250565
      vertex 0.0230996255 -0.0311526097 5.42909895e-09
      vertex 0.0230996273 -0.0311150849 0.00152857683
    endloop
  endfacet
  facet normal 0.706991851 -0.707008779 0.0173554718
    outer loop
      vertex 0.0230996273 -0.0311150849 0.00152857683
      vertex 0.0230996255 -0.0311526097 5.42909895e-09
      vertex 0.0244319756 -0.0298202913 5.1352651e-09
    endloop
  endfacet
  facet normal 0.706992149 -0.707008421 0.0173559673
    outer loop
      vertex 0.0230996273 -0.0311150849 0.00152857683
      vertex 0.0244319756 -0.0298202913 5.1352651e-09
      vertex 0.0244319756 -0.0297843721 0.00146320218
    endloop
  endfacet
  facet normal 0.965903282 -0.258825183 0.006353762
    outer loop
      vertex 0.0244319756 -0.0297843721 0.00146320218
      vertex 0.0244319756 -0.0298202913 5.1352651e-09
      vertex 0.0249196645 -0.028000297 4.79211826e-09
    endloop
  endfacet
  facet normal 0.965903223 -0.258825183 0.00635373499
    outer loop
      vertex 0.0244319756 -0.0297843721 0.00146320218
      vertex 0.0249196645 -0.028000297 4.79211826e-09
      vertex 0.0249196645 -0.0279665701 0.0013738987
    endloop
  endfacet
  facet normal 0.965909362 0.258802474 -0.0063531897
    outer loop
      vertex 0.0249196645 -0.0279665701 0.0013738987
      vertex 0.0249196645 -0.028000297 4.79211826e-09
      vertex 0.0244320184 -0.0261802915 4.49160531e-09
    endloop
  endfacet
  facet normal 0.965909362 0.258802474 -0.00635318272
    outer loop
      vertex 0.0249196645 -0.0279665701 0.0013738987
      vertex 0.0244320184 -0.0261802915 4.49160531e-09
      vertex 0.0244320184 -0.026148757 0.00128459523
    endloop
  endfacet
  facet normal 0.7070086 0.706991851 -0.0173554849
    outer loop
      vertex 0.0244320184 -0.026148757 0.00128459523
      vertex 0.0244320184 -0.0261802915 4.49160531e-09
      vertex 0.0230997019 -0.0248479433 4.31424763e-09
    endloop
  endfacet
  facet normal 0.707008898 0.706991553 -0.0173561126
    outer loop
      vertex 0.0244320184 -0.026148757 0.00128459523
      vertex 0.0230997019 -0.0248479433 4.31424763e-09
      vertex 0.0230997019 -0.0248180125 0.00121922058
    endloop
  endfacet
  facet normal 0.258757651 0.965651333 -0.0237060152
    outer loop
      vertex 0.0230997019 -0.0248180125 0.00121922058
      vertex 0.0230997019 -0.0248479433 4.31424763e-09
      vertex 0.0212797076 -0.0243602544 4.30756852e-09
    endloop
  endfacet
  facet normal 0.258757055 0.965651453 -0.023705082
    outer loop
      vertex 0.0230997019 -0.0248180125 0.00121922058
      vertex 0.0212797076 -0.0243602544 4.30756852e-09
      vertex 0.0212797076 -0.0243309122 0.00119529199
    endloop
  endfacet
  facet normal -0.258734077 0.965657771 -0.0237052292
    outer loop
      vertex 0.0212797076 -0.0243309122 0.00119529199
      vertex 0.0212797076 -0.0243602544 4.30756852e-09
      vertex 0.0194597021 -0.0248478986 4.47335724e-09
    endloop
  endfacet
  facet normal -0.258733451 0.965657771 -0.0237061698
    outer loop
      vertex 0.0212797076 -0.0243309122 0.00119529199
      vertex 0.0194597021 -0.0248478986 4.47335724e-09
      vertex 0.0194597021 -0.0248179678 0.00121922081
    endloop
  endfacet
  facet normal -0.706992328 0.707008183 -0.0173565187
    outer loop
      vertex 0.0194597021 -0.0248179678 0.00121922081
      vertex 0.0194597021 -0.0248478986 4.47335724e-09
      vertex 0.0181273539 -0.026180217 4.76719109e-09
    endloop
  endfacet
  facet normal -0.706992686 0.707007945 -0.0173558667
    outer loop
      vertex 0.0194597021 -0.0248179678 0.00121922081
      vertex 0.0181273539 -0.026180217 4.76719109e-09
      vertex 0.0181273539 -0.0261486825 0.00128459546
    endloop
  endfacet
  facet normal -0.965903282 0.258825183 -0.00635373173
    outer loop
      vertex 0.0181273539 -0.0261486825 0.00128459546
      vertex 0.0181273539 -0.026180217 4.76719109e-09
      vertex 0.0176396649 -0.0280002113 5.11033749e-09
    endloop
  endfacet
  facet normal -0.965903223 0.258825392 -0.00635411404
    outer loop
      vertex 0.0181273539 -0.0261486825 0.00128459546
      vertex 0.0176396649 -0.0280002113 5.11033749e-09
      vertex 0.0176396649 -0.0279664826 0.00137389905
    endloop
  endfacet
  facet normal -0.96590966 -0.258801579 0.00635351846
    outer loop
      vertex 0.0176396649 -0.0279664826 0.00137389905
      vertex 0.0176396649 -0.0280002113 5.11033749e-09
      vertex 0.0181273092 -0.0298202168 5.41085043e-09
    endloop
  endfacet
  facet normal -0.965909481 -0.258802176 0.00635444419
    outer loop
      vertex 0.0176396649 -0.0279664826 0.00137389905
      vertex 0.0181273092 -0.0298202168 5.41085043e-09
      vertex 0.018127311 -0.0297842976 0.00146320241
    endloop
  endfacet
  facet normal -0.707008719 -0.706991851 0.0173564684
    outer loop
      vertex 0.018127311 -0.0297842976 0.00146320241
      vertex 0.0181273092 -0.0298202168 5.41085043e-09
      vertex 0.0194596257 -0.031152565 5.58820856e-09
    endloop
  endfacet
  facet normal -0.707008481 -0.70699209 0.0173567757
    outer loop
      vertex 0.018127311 -0.0297842976 0.00146320241
      vertex 0.0194596257 -0.031152565 5.58820856e-09
      vertex 0.0194596276 -0.0311150402 0.00152857706
    endloop
  endfacet
  facet normal -0.258757621 -0.965651333 0.023706058
    outer loop
      vertex 0.0194596276 -0.0311150402 0.00152857706
      vertex 0.0194596257 -0.031152565 5.58820856e-09
      vertex 0.02127962 -0.031640254 5.59488766e-09
    endloop
  endfacet
  facet normal -0.258757114 -0.965651512 0.0237067882
    outer loop
      vertex 0.0194596276 -0.0311150402 0.00152857706
      vertex 0.02127962 -0.031640254 5.59488766e-09
      vertex 0.0212796219 -0.0316021405 0.00155250565
    endloop
  endfacet
  facet normal 0.258733213 -0.96565783 -0.0237067752
    outer loop
      vertex 0.02127962 -0.031640254 5.59488766e-09
      vertex 0.02127962 -0.0316021405 -0.00155248505
      vertex 0.0230996273 -0.0311150849 -0.00152855669
    endloop
  endfacet
  facet normal 0.258734047 -0.965657651 -0.0237057284
    outer loop
      vertex 0.02127962 -0.031640254 5.59488766e-09
      vertex 0.0230996273 -0.0311150849 -0.00152855669
      vertex 0.0230996255 -0.0311526097 5.42909895e-09
    endloop
  endfacet
  facet normal 0.706992209 -0.707008421 -0.0173555706
    outer loop
      vertex 0.0230996255 -0.0311526097 5.42909895e-09
      vertex 0.0230996273 -0.0311150849 -0.00152855669
      vertex 0.0244319756 -0.0297843721 -0.00146318297
    endloop
  endfacet
  facet normal 0.706991911 -0.70700866 -0.0173560567
    outer loop
      vertex 0.0230996255 -0.0311526097 5.42909895e-09
      vertex 0.0244319756 -0.0297843721 -0.00146318297
      vertex 0.0244319756 -0.0298202913 5.1352651e-09
    endloop
  endfacet
  facet normal 0.965903163 -0.258825421 -0.00635380717
    outer loop
      vertex 0.0244319756 -0.0298202913 5.1352651e-09
      vertex 0.0244319756 -0.0297843721 -0.00146318297
      vertex 0.0249196645 -0.027966572 -0.00137388078
    endloop
  endfacet
  facet normal 0.965903282 -0.258825183 -0.00635344489
    outer loop
      vertex 0.0244319756 -0.0298202913 5.1352651e-09
      vertex 0.0249196645 -0.027966572 -0.00137388078
      vertex 0.0249196645 -0.028000297 4.79211826e-09
    endloop
  endfacet
  facet normal 0.965909421 0.258802265 0.00635287259
    outer loop
      vertex 0.0249196645 -0.028000297 4.79211826e-09
      vertex 0.0249196645 -0.027966572 -0.00137388078
      vertex 0.0244320184 -0.026148757 -0.00128457847
    endloop
  endfacet
  facet normal 0.965909421 0.258802474 0.0063532209
    outer loop
      vertex 0.0249196645 -0.028000297 4.79211826e-09
      vertex 0.0244320184 -0.026148757 -0.00128457847
      vertex 0.0244320184 -0.0261802915 4.49160531e-09
    endloop
  endfacet
  facet normal 0.707008958 0.706991613 0.0173555817
    outer loop
      vertex 0.0244320184 -0.0261802915 4.49160531e-09
      vertex 0.0244320184 -0.026148757 -0.00128457847
      vertex 0.0230997019 -0.0248180125 -0.00121920463
    endloop
  endfacet
  facet normal 0.70700866 0.706991851 0.0173562244
    outer loop
      vertex 0.0244320184 -0.0261802915 4.49160531e-09
      vertex 0.0230997019 -0.0248180125 -0.00121920463
      vertex 0.0230997019 -0.0248479433 4.31424763e-09
    endloop
  endfacet
  facet normal 0.258757055 0.965651453 0.0237061623
    outer loop
      vertex 0.0230997019 -0.0248479433 4.31424763e-09
      vertex 0.0230997019 -0.0248180125 -0.00121920463
      vertex 0.0212797076 -0.0243309122 -0.00119527604
    endloop
  endfacet
  facet normal 0.258757681 0.965651333 0.0237052273
    outer loop
      vertex 0.0230997019 -0.0248479433 4.31424763e-09
      vertex 0.0212797076 -0.0243309122 -0.00119527604
      vertex 0.0212797076 -0.0243602544 4.30756852e-09
    endloop
  endfacet
  facet normal -0.258733481 0.96565783 0.0237053782
    outer loop
      vertex 0.0212797076 -0.0243602544 4.30756852e-09
      vertex 0.0212797076 -0.0243309122 -0.00119527604
      vertex 0.0194597021 -0.0248179678 -0.00121920439
    endloop
  endfacet
  facet normal -0.258734047 0.965657651 0.0237063151
    outer loop
      vertex 0.0212797076 -0.0243602544 4.30756852e-09
      vertex 0.0194597021 -0.0248179678 -0.00121920439
      vertex 0.0194597021 -0.0248478986 4.47335724e-09
    endloop
  endfacet
  facet normal -0.706992626 0.707007885 0.0173566192
    outer loop
      vertex 0.0194597021 -0.0248478986 4.47335724e-09
      vertex 0.0194597021 -0.0248179678 -0.00121920439
      vertex 0.0181273539 -0.0261486825 -0.00128457823
    endloop
  endfacet
  facet normal -0.706992388 0.707008183 0.0173560251
    outer loop
      vertex 0.0194597021 -0.0248478986 4.47335724e-09
      vertex 0.0181273539 -0.0261486825 -0.00128457823
      vertex 0.0181273539 -0.026180217 4.76719109e-09
    endloop
  endfacet
  facet normal -0.965903282 0.258825183 0.00635376945
    outer loop
      vertex 0.0181273539 -0.026180217 4.76719109e-09
      vertex 0.0181273539 -0.0261486825 -0.00128457823
      vertex 0.0176396649 -0.0279664844 -0.00137388043
    endloop
  endfacet
  facet normal -0.965903282 0.258825153 0.00635377364
    outer loop
      vertex 0.0181273539 -0.026180217 4.76719109e-09
      vertex 0.0176396649 -0.0279664844 -0.00137388043
      vertex 0.0176396649 -0.0280002113 5.11033749e-09
    endloop
  endfacet
  facet normal -0.965909362 -0.258802474 -0.00635322882
    outer loop
      vertex 0.0176396649 -0.0280002113 5.11033749e-09
      vertex 0.0176396649 -0.0279664844 -0.00137388043
      vertex 0.018127311 -0.0297842976 -0.00146318274
    endloop
  endfacet
  facet normal -0.9659096 -0.258801579 -0.00635444885
    outer loop
      vertex 0.0176396649 -0.0280002113 5.11033749e-09
      vertex 0.018127311 -0.0297842976 -0.00146318274
      vertex 0.0181273092 -0.0298202168 5.41085043e-09
    endloop
  endfacet
  facet normal -0.707008481 -0.70699209 -0.0173565801
    outer loop
      vertex 0.0181273092 -0.0298202168 5.41085043e-09
      vertex 0.018127311 -0.0297842976 -0.00146318274
      vertex 0.0194596276 -0.0311150402 -0.00152855646
    endloop
  endfacet
  facet normal -0.70700866 -0.706991851 -0.0173569154
    outer loop
      vertex 0.0181273092 -0.0298202168 5.41085043e-09
      vertex 0.0194596276 -0.0311150402 -0.00152855646
      vertex 0.0194596257 -0.031152565 5.58820856e-09
    endloop
  endfacet
  facet normal -0.258757353 -0.965651453 -0.0237062052
    outer loop
      vertex 0.0194596257 -0.031152565 5.58820856e-09
      vertex 0.0194596276 -0.0311150402 -0.00152855646
      vertex 0.02127962 -0.0316021405 -0.00155248505
    endloop
  endfacet
  facet normal -0.258757651 -0.965651274 -0.023706615
    outer loop
      vertex 0.0194596257 -0.031152565 5.58820856e-09
      vertex 0.02127962 -0.0316021405 -0.00155248505
      vertex 0.02127962 -0.031640254 5.59488766e-09
    endloop
  endfacet
  facet normal 0.258734703 -0.963331342 -0.0710567459
    outer loop
      vertex 0.02127962 -0.0316021405 -0.00155248505
      vertex 0.0212796219 -0.0314879008 -0.00310125062
      vertex 0.0230996273 -0.0310026035 -0.00305345119
    endloop
  endfacet
  facet normal 0.258733213 -0.96333158 -0.0710586309
    outer loop
      vertex 0.02127962 -0.0316021405 -0.00155248505
      vertex 0.0230996273 -0.0310026035 -0.00305345119
      vertex 0.0230996273 -0.0311150849 -0.00152855669
    endloop
  endfacet
  facet normal 0.706991971 -0.705305278 -0.0520257242
    outer loop
      vertex 0.0230996273 -0.0311150849 -0.00152855669
      vertex 0.0230996273 -0.0310026035 -0.00305345119
      vertex 0.0244319756 -0.0296767019 -0.00292286021
    endloop
  endfacet
  facet normal 0.706992209 -0.705305219 -0.0520254225
    outer loop
      vertex 0.0230996273 -0.0311150849 -0.00152855669
      vertex 0.0244319756 -0.0296767019 -0.00292286021
      vertex 0.0244319756 -0.0297843721 -0.00146318297
    endloop
  endfacet
  facet normal 0.965902984 -0.258202851 -0.0190458223
    outer loop
      vertex 0.0244319756 -0.0297843721 -0.00146318297
      vertex 0.0244319756 -0.0296767019 -0.00292286021
      vertex 0.0249196663 -0.0278654732 -0.00274446979
    endloop
  endfacet
  facet normal 0.965903282 -0.258201987 -0.0190444496
    outer loop
      vertex 0.0244319756 -0.0297843721 -0.00146318297
      vertex 0.0249196663 -0.0278654732 -0.00274446979
      vertex 0.0249196645 -0.027966572 -0.00137388078
    endloop
  endfacet
  facet normal 0.965909481 0.258178651 0.0190453529
    outer loop
      vertex 0.0249196645 -0.027966572 -0.00137388078
      vertex 0.0249196663 -0.0278654732 -0.00274446979
      vertex 0.0244320203 -0.0260542296 -0.00256607938
    endloop
  endfacet
  facet normal 0.965909362 0.258178711 0.019045461
    outer loop
      vertex 0.0249196645 -0.027966572 -0.00137388078
      vertex 0.0244320203 -0.0260542296 -0.00256607938
      vertex 0.0244320184 -0.026148757 -0.00128457847
    endloop
  endfacet
  facet normal 0.707008839 0.705288589 0.0520252436
    outer loop
      vertex 0.0244320184 -0.026148757 -0.00128457847
      vertex 0.0244320203 -0.0260542296 -0.00256607938
      vertex 0.0230997037 -0.0247282963 -0.00243548816
    endloop
  endfacet
  facet normal 0.707008958 0.70528841 0.0520249121
    outer loop
      vertex 0.0244320184 -0.026148757 -0.00128457847
      vertex 0.0230997037 -0.0247282963 -0.00243548816
      vertex 0.0230997019 -0.0248180125 -0.00121920463
    endloop
  endfacet
  facet normal 0.258757323 0.963325202 0.0710577071
    outer loop
      vertex 0.0230997019 -0.0248180125 -0.00121920463
      vertex 0.0230997037 -0.0247282963 -0.00243548816
      vertex 0.0212797094 -0.0242429562 -0.00238768873
    endloop
  endfacet
  facet normal 0.258757085 0.963325322 0.0710581988
    outer loop
      vertex 0.0230997019 -0.0248180125 -0.00121920463
      vertex 0.0212797094 -0.0242429562 -0.00238768873
      vertex 0.0212797076 -0.0243309122 -0.00119527604
    endloop
  endfacet
  facet normal -0.258733809 0.963331521 0.0710578486
    outer loop
      vertex 0.0212797076 -0.0243309122 -0.00119527604
      vertex 0.0212797094 -0.0242429562 -0.00238768873
      vertex 0.0194597039 -0.0247282516 -0.00243548793
    endloop
  endfacet
  facet normal -0.258733481 0.96333158 0.0710573941
    outer loop
      vertex 0.0212797076 -0.0243309122 -0.00119527604
      vertex 0.0194597039 -0.0247282516 -0.00243548793
      vertex 0.0194597021 -0.0248179678 -0.00121920439
    endloop
  endfacet
  facet normal -0.706992447 0.70530498 0.0520240068
    outer loop
      vertex 0.0194597021 -0.0248179678 -0.00121920439
      vertex 0.0194597039 -0.0247282516 -0.00243548793
      vertex 0.0181273557 -0.0260541551 -0.00256607891
    endloop
  endfacet
  facet normal -0.706992745 0.705304801 0.0520244017
    outer loop
      vertex 0.0194597021 -0.0248179678 -0.00121920439
      vertex 0.0181273557 -0.0260541551 -0.00256607891
      vertex 0.0181273539 -0.0261486825 -0.00128457823
    endloop
  endfacet
  facet normal -0.965903044 0.258202732 0.0190444142
    outer loop
      vertex 0.0181273539 -0.0261486825 -0.00128457823
      vertex 0.0181273557 -0.0260541551 -0.00256607891
      vertex 0.0176396649 -0.0278653856 -0.00274446956
    endloop
  endfacet
  facet normal -0.965903282 0.258201718 0.0190457236
    outer loop
      vertex 0.0181273539 -0.0261486825 -0.00128457823
      vertex 0.0176396649 -0.0278653856 -0.00274446956
      vertex 0.0176396649 -0.0279664844 -0.00137388043
    endloop
  endfacet
  facet normal -0.965909362 -0.258179039 -0.019044064
    outer loop
      vertex 0.0176396649 -0.0279664844 -0.00137388043
      vertex 0.0176396649 -0.0278653856 -0.00274446956
      vertex 0.018127311 -0.0296766274 -0.00292285997
    endloop
  endfacet
  facet normal -0.965909362 -0.258179039 -0.0190440677
    outer loop
      vertex 0.0176396649 -0.0279664844 -0.00137388043
      vertex 0.018127311 -0.0296766274 -0.00292285997
      vertex 0.018127311 -0.0297842976 -0.00146318274
    endloop
  endfacet
  facet normal -0.707008302 -0.705289066 -0.0520242527
    outer loop
      vertex 0.018127311 -0.0297842976 -0.00146318274
      vertex 0.018127311 -0.0296766274 -0.00292285997
      vertex 0.0194596276 -0.0310025588 -0.00305345119
    endloop
  endfacet
  facet normal -0.707008481 -0.705288947 -0.0520245098
    outer loop
      vertex 0.018127311 -0.0297842976 -0.00146318274
      vertex 0.0194596276 -0.0310025588 -0.00305345119
      vertex 0.0194596276 -0.0311150402 -0.00152855646
    endloop
  endfacet
  facet normal -0.258758277 -0.963324904 -0.0710581169
    outer loop
      vertex 0.0194596276 -0.0311150402 -0.00152855646
      vertex 0.0194596276 -0.0310025588 -0.00305345119
      vertex 0.0212796219 -0.0314879008 -0.00310125062
    endloop
  endfacet
  facet normal -0.258757293 -0.963325322 -0.0710569322
    outer loop
      vertex 0.0194596276 -0.0311150402 -0.00152855646
      vertex 0.0212796219 -0.0314879008 -0.00310125062
      vertex 0.02127962 -0.0316021405 -0.00155248505
    endloop
  endfacet
  facet normal 0.258733928 -0.958684266 -0.118242741
    outer loop
      vertex 0.0212796219 -0.0314879008 -0.00310125062
      vertex 0.0212796237 -0.0312977992 -0.00464254525
      vertex 0.0230996292 -0.0308154337 -0.0045709894
    endloop
  endfacet
  facet normal 0.258734763 -0.958684146 -0.118241638
    outer loop
      vertex 0.0212796219 -0.0314879008 -0.00310125062
      vertex 0.0230996292 -0.0308154337 -0.0045709894
      vertex 0.0230996273 -0.0310026035 -0.00305345119
    endloop
  endfacet
  facet normal 0.706991851 -0.701903224 -0.0865703076
    outer loop
      vertex 0.0230996273 -0.0310026035 -0.00305345119
      vertex 0.0230996292 -0.0308154337 -0.0045709894
      vertex 0.0244319793 -0.0294975359 -0.00437549641
    endloop
  endfacet
  facet normal 0.70699209 -0.701903045 -0.086569868
    outer loop
      vertex 0.0230996273 -0.0310026035 -0.00305345119
      vertex 0.0244319793 -0.0294975359 -0.00437549641
      vertex 0.0244319756 -0.0296767019 -0.00292286021
    endloop
  endfacet
  facet normal 0.965903223 -0.256956488 -0.0316901505
    outer loop
      vertex 0.0244319756 -0.0296767019 -0.00292286021
      vertex 0.0244319793 -0.0294975359 -0.00437549641
      vertex 0.0249196682 -0.0276972409 -0.00410844712
    endloop
  endfacet
  facet normal 0.965902984 -0.256957352 -0.031691663
    outer loop
      vertex 0.0244319756 -0.0296767019 -0.00292286021
      vertex 0.0249196682 -0.0276972409 -0.00410844712
      vertex 0.0249196663 -0.0278654732 -0.00274446979
    endloop
  endfacet
  facet normal 0.965909481 0.256933153 0.0316913202
    outer loop
      vertex 0.0249196663 -0.0278654732 -0.00274446979
      vertex 0.0249196682 -0.0276972409 -0.00410844712
      vertex 0.0244320221 -0.0258969329 -0.00384139828
    endloop
  endfacet
  facet normal 0.965909362 0.256933153 0.0316913165
    outer loop
      vertex 0.0249196663 -0.0278654732 -0.00274446979
      vertex 0.0244320221 -0.0258969329 -0.00384139828
      vertex 0.0244320203 -0.0260542296 -0.00256607938
    endloop
  endfacet
  facet normal 0.70700866 0.701886237 0.0865710303
    outer loop
      vertex 0.0244320203 -0.0260542296 -0.00256607938
      vertex 0.0244320221 -0.0258969329 -0.00384139828
      vertex 0.0230997056 -0.0245790053 -0.00364590436
    endloop
  endfacet
  facet normal 0.707008779 0.701886058 0.0865707621
    outer loop
      vertex 0.0244320203 -0.0260542296 -0.00256607938
      vertex 0.0230997056 -0.0245790053 -0.00364590436
      vertex 0.0230997037 -0.0247282963 -0.00243548816
    endloop
  endfacet
  facet normal 0.258757353 0.958677948 0.118242368
    outer loop
      vertex 0.0230997037 -0.0247282963 -0.00243548816
      vertex 0.0230997056 -0.0245790053 -0.00364590436
      vertex 0.0212797113 -0.0240965951 -0.00357434899
    endloop
  endfacet
  facet normal 0.258757293 0.958677888 0.11824245
    outer loop
      vertex 0.0230997037 -0.0247282963 -0.00243548816
      vertex 0.0212797113 -0.0240965951 -0.00357434899
      vertex 0.0212797094 -0.0242429562 -0.00238768873
    endloop
  endfacet
  facet normal -0.258733869 0.958684266 0.118242413
    outer loop
      vertex 0.0212797094 -0.0242429562 -0.00238768873
      vertex 0.0212797113 -0.0240965951 -0.00357434899
      vertex 0.0194597058 -0.0245789606 -0.00364590413
    endloop
  endfacet
  facet normal -0.258733809 0.958684266 0.118242323
    outer loop
      vertex 0.0212797094 -0.0242429562 -0.00238768873
      vertex 0.0194597058 -0.0245789606 -0.00364590413
      vertex 0.0194597039 -0.0247282516 -0.00243548793
    endloop
  endfacet
  facet normal -0.706991851 0.701903164 0.0865706503
    outer loop
      vertex 0.0194597039 -0.0247282516 -0.00243548793
      vertex 0.0194597058 -0.0245789606 -0.00364590413
      vertex 0.0181273557 -0.0258968584 -0.00384139782
    endloop
  endfacet
  facet normal -0.706992507 0.70190233 0.0865719989
    outer loop
      vertex 0.0194597039 -0.0247282516 -0.00243548793
      vertex 0.0181273557 -0.0258968584 -0.00384139782
      vertex 0.0181273557 -0.0260541551 -0.00256607891
    endloop
  endfacet
  facet normal -0.965903282 0.25695613 0.0316927284
    outer loop
      vertex 0.0181273557 -0.0260541551 -0.00256607891
      vertex 0.0181273557 -0.0258968584 -0.00384139782
      vertex 0.0176396668 -0.0276971534 -0.00410844665
    endloop
  endfacet
  facet normal -0.965903103 0.256957114 0.0316916592
    outer loop
      vertex 0.0181273557 -0.0260541551 -0.00256607891
      vertex 0.0176396668 -0.0276971534 -0.00410844665
      vertex 0.0176396649 -0.0278653856 -0.00274446956
    endloop
  endfacet
  facet normal -0.965909302 -0.256933421 -0.0316913575
    outer loop
      vertex 0.0176396649 -0.0278653856 -0.00274446956
      vertex 0.0176396668 -0.0276971534 -0.00410844665
      vertex 0.0181273129 -0.0294974595 -0.00437549595
    endloop
  endfacet
  facet normal -0.965909362 -0.256933361 -0.0316913649
    outer loop
      vertex 0.0176396649 -0.0278653856 -0.00274446956
      vertex 0.0181273129 -0.0294974595 -0.00437549595
      vertex 0.018127311 -0.0296766274 -0.00292285997
    endloop
  endfacet
  facet normal -0.707009137 -0.701885641 -0.0865713507
    outer loop
      vertex 0.018127311 -0.0296766274 -0.00292285997
      vertex 0.0181273129 -0.0294974595 -0.00437549595
      vertex 0.0194596294 -0.030815389 -0.0045709894
    endloop
  endfacet
  facet normal -0.707008362 -0.701886654 -0.0865700021
    outer loop
      vertex 0.018127311 -0.0296766274 -0.00292285997
      vertex 0.0194596294 -0.030815389 -0.0045709894
      vertex 0.0194596276 -0.0310025588 -0.00305345119
    endloop
  endfacet
  facet normal -0.258757353 -0.958677948 -0.118241504
    outer loop
      vertex 0.0194596276 -0.0310025588 -0.00305345119
      vertex 0.0194596294 -0.030815389 -0.0045709894
      vertex 0.0212796237 -0.0312977992 -0.00464254525
    endloop
  endfacet
  facet normal -0.258758187 -0.958677649 -0.118242547
    outer loop
      vertex 0.0194596276 -0.0310025588 -0.00305345119
      vertex 0.0212796237 -0.0312977992 -0.00464254525
      vertex 0.0212796219 -0.0314879008 -0.00310125062
    endloop
  endfacet
  facet normal 0.258733869 -0.951727808 -0.1651389
    outer loop
      vertex 0.0212796237 -0.0312977992 -0.00464254525
      vertex 0.0212796275 -0.0310323015 -0.00617265468
      vertex 0.0230996329 -0.0305540282 -0.00607751589
    endloop
  endfacet
  facet normal 0.258734018 -0.951727867 -0.165138751
    outer loop
      vertex 0.0212796237 -0.0312977992 -0.00464254525
      vertex 0.0230996329 -0.0305540282 -0.00607751589
      vertex 0.0230996292 -0.0308154337 -0.0045709894
    endloop
  endfacet
  facet normal 0.706991971 -0.696810067 -0.120905489
    outer loop
      vertex 0.0230996292 -0.0308154337 -0.0045709894
      vertex 0.0230996329 -0.0305540282 -0.00607751589
      vertex 0.0244319811 -0.0292473119 -0.00581759075
    endloop
  endfacet
  facet normal 0.706991911 -0.696810067 -0.120905586
    outer loop
      vertex 0.0230996292 -0.0308154337 -0.0045709894
      vertex 0.0244319811 -0.0292473119 -0.00581759075
      vertex 0.0244319793 -0.0294975359 -0.00437549641
    endloop
  endfacet
  facet normal 0.965903342 -0.255091608 -0.0442607999
    outer loop
      vertex 0.0244319793 -0.0294975359 -0.00437549641
      vertex 0.0244319811 -0.0292473119 -0.00581759075
      vertex 0.0249196701 -0.0274622869 -0.00546252634
    endloop
  endfacet
  facet normal 0.965903223 -0.255091757 -0.0442610905
    outer loop
      vertex 0.0244319793 -0.0294975359 -0.00437549641
      vertex 0.0249196701 -0.0274622869 -0.00546252634
      vertex 0.0249196682 -0.0276972409 -0.00410844712
    endloop
  endfacet
  facet normal 0.965909362 0.255068958 0.044259809
    outer loop
      vertex 0.0249196682 -0.0276972409 -0.00410844712
      vertex 0.0249196701 -0.0274622869 -0.00546252634
      vertex 0.024432024 -0.0256772526 -0.00510746194
    endloop
  endfacet
  facet normal 0.965909421 0.255068839 0.0442595296
    outer loop
      vertex 0.0249196682 -0.0276972409 -0.00410844712
      vertex 0.024432024 -0.0256772526 -0.00510746194
      vertex 0.0244320221 -0.0258969329 -0.00384139828
    endloop
  endfacet
  facet normal 0.707009137 0.696792781 0.120904669
    outer loop
      vertex 0.0244320221 -0.0258969329 -0.00384139828
      vertex 0.024432024 -0.0256772526 -0.00510746194
      vertex 0.0230997074 -0.0243705027 -0.00484753679
    endloop
  endfacet
  facet normal 0.707008541 0.696793079 0.120905973
    outer loop
      vertex 0.0244320221 -0.0258969329 -0.00384139828
      vertex 0.0230997074 -0.0243705027 -0.00484753679
      vertex 0.0230997056 -0.0245790053 -0.00364590436
    endloop
  endfacet
  facet normal 0.258757204 0.95172143 0.165139452
    outer loop
      vertex 0.0230997056 -0.0245790053 -0.00364590436
      vertex 0.0230997074 -0.0243705027 -0.00484753679
      vertex 0.0212797131 -0.0238921847 -0.004752398
    endloop
  endfacet
  facet normal 0.258757234 0.95172143 0.165139318
    outer loop
      vertex 0.0230997056 -0.0245790053 -0.00364590436
      vertex 0.0212797131 -0.0238921847 -0.004752398
      vertex 0.0212797113 -0.0240965951 -0.00357434899
    endloop
  endfacet
  facet normal -0.258734792 0.95172745 0.165139571
    outer loop
      vertex 0.0212797113 -0.0240965951 -0.00357434899
      vertex 0.0212797131 -0.0238921847 -0.004752398
      vertex 0.0194597077 -0.0243704598 -0.00484753679
    endloop
  endfacet
  facet normal -0.258733958 0.951727986 0.16513826
    outer loop
      vertex 0.0212797113 -0.0240965951 -0.00357434899
      vertex 0.0194597077 -0.0243704598 -0.00484753679
      vertex 0.0194597058 -0.0245789606 -0.00364590413
    endloop
  endfacet
  facet normal -0.706991911 0.696810007 0.120905586
    outer loop
      vertex 0.0194597058 -0.0245789606 -0.00364590413
      vertex 0.0194597077 -0.0243704598 -0.00484753679
      vertex 0.0181273594 -0.0256771762 -0.00510746194
    endloop
  endfacet
  facet normal -0.706991911 0.696810067 0.120905571
    outer loop
      vertex 0.0194597058 -0.0245789606 -0.00364590413
      vertex 0.0181273594 -0.0256771762 -0.00510746194
      vertex 0.0181273557 -0.0258968584 -0.00384139782
    endloop
  endfacet
  facet normal -0.965903282 0.255092084 0.044259686
    outer loop
      vertex 0.0181273557 -0.0258968584 -0.00384139782
      vertex 0.0181273594 -0.0256771762 -0.00510746194
      vertex 0.0176396705 -0.0274621993 -0.00546252588
    endloop
  endfacet
  facet normal -0.965903223 0.255091935 0.0442598201
    outer loop
      vertex 0.0181273557 -0.0258968584 -0.00384139782
      vertex 0.0176396705 -0.0274621993 -0.00546252588
      vertex 0.0176396668 -0.0276971534 -0.00410844665
    endloop
  endfacet
  facet normal -0.965909481 -0.255068451 -0.0442610532
    outer loop
      vertex 0.0176396668 -0.0276971534 -0.00410844665
      vertex 0.0176396705 -0.0274621993 -0.00546252588
      vertex 0.0181273166 -0.0292472355 -0.00581759028
    endloop
  endfacet
  facet normal -0.965909302 -0.255068898 -0.0442606024
    outer loop
      vertex 0.0176396668 -0.0276971534 -0.00410844665
      vertex 0.0181273166 -0.0292472355 -0.00581759028
      vertex 0.0181273129 -0.0294974595 -0.00437549595
    endloop
  endfacet
  facet normal -0.707009256 -0.696792603 -0.120905332
    outer loop
      vertex 0.0181273129 -0.0294974595 -0.00437549595
      vertex 0.0181273166 -0.0292472355 -0.00581759028
      vertex 0.0194596332 -0.0305539854 -0.00607751589
    endloop
  endfacet
  facet normal -0.707009017 -0.696792722 -0.120905116
    outer loop
      vertex 0.0181273129 -0.0294974595 -0.00437549595
      vertex 0.0194596332 -0.0305539854 -0.00607751589
      vertex 0.0194596294 -0.030815389 -0.0045709894
    endloop
  endfacet
  facet normal -0.25875628 -0.951721966 -0.165137827
    outer loop
      vertex 0.0194596294 -0.030815389 -0.0045709894
      vertex 0.0194596332 -0.0305539854 -0.00607751589
      vertex 0.0212796275 -0.0310323015 -0.00617265468
    endloop
  endfacet
  facet normal -0.258757263 -0.951721489 -0.165139064
    outer loop
      vertex 0.0194596294 -0.030815389 -0.0045709894
      vertex 0.0212796275 -0.0310323015 -0.00617265468
      vertex 0.0212796237 -0.0312977992 -0.00464254525
    endloop
  endfacet
  facet normal 0.258734554 -0.942477822 -0.211641192
    outer loop
      vertex 0.0212796275 -0.0310323015 -0.00617265468
      vertex 0.0212796312 -0.0306920409 -0.00768789416
      vertex 0.0230996367 -0.030219011 -0.00756940059
    endloop
  endfacet
  facet normal 0.258733988 -0.942477763 -0.211641878
    outer loop
      vertex 0.0212796275 -0.0310323015 -0.00617265468
      vertex 0.0230996367 -0.030219011 -0.00756940059
      vertex 0.0230996329 -0.0305540282 -0.00607751589
    endloop
  endfacet
  facet normal 0.706991613 -0.690037966 -0.154952973
    outer loop
      vertex 0.0230996329 -0.0305540282 -0.00607751589
      vertex 0.0230996367 -0.030219011 -0.00756940059
      vertex 0.0244319849 -0.028926624 -0.00724567054
    endloop
  endfacet
  facet normal 0.70699209 -0.690037727 -0.154952183
    outer loop
      vertex 0.0230996329 -0.0305540282 -0.00607751589
      vertex 0.0244319849 -0.028926624 -0.00724567054
      vertex 0.0244319811 -0.0292473119 -0.00581759075
    endloop
  endfacet
  facet normal 0.965903342 -0.25261271 -0.056723889
    outer loop
      vertex 0.0244319811 -0.0292473119 -0.00581759075
      vertex 0.0244319849 -0.028926624 -0.00724567054
      vertex 0.0249196738 -0.0271611717 -0.00680344645
    endloop
  endfacet
  facet normal 0.965903401 -0.252612591 -0.0567236543
    outer loop
      vertex 0.0244319811 -0.0292473119 -0.00581759075
      vertex 0.0249196738 -0.0271611717 -0.00680344645
      vertex 0.0249196701 -0.0274622869 -0.00546252634
    endloop
  endfacet
  facet normal 0.965909362 0.252589613 0.0567238703
    outer loop
      vertex 0.0249196701 -0.0274622869 -0.00546252634
      vertex 0.0249196738 -0.0271611717 -0.00680344645
      vertex 0.0244320277 -0.02539571 -0.00636122236
    endloop
  endfacet
  facet normal 0.965909362 0.252589643 0.0567240193
    outer loop
      vertex 0.0249196701 -0.0274622869 -0.00546252634
      vertex 0.0244320277 -0.02539571 -0.00636122236
      vertex 0.024432024 -0.0256772526 -0.00510746194
    endloop
  endfacet
  facet normal 0.707008898 0.690020621 0.154952079
    outer loop
      vertex 0.024432024 -0.0256772526 -0.00510746194
      vertex 0.0244320277 -0.02539571 -0.00636122236
      vertex 0.0230997112 -0.0241032895 -0.00603749184
    endloop
  endfacet
  facet normal 0.707009017 0.690020382 0.154951423
    outer loop
      vertex 0.024432024 -0.0256772526 -0.00510746194
      vertex 0.0230997112 -0.0241032895 -0.00603749184
      vertex 0.0230997074 -0.0243705027 -0.00484753679
    endloop
  endfacet
  facet normal 0.258757621 0.942471802 0.211639822
    outer loop
      vertex 0.0230997074 -0.0243705027 -0.00484753679
      vertex 0.0230997112 -0.0241032895 -0.00603749184
      vertex 0.0212797169 -0.0236302149 -0.00591899827
    endloop
  endfacet
  facet normal 0.258757055 0.942471683 0.211640775
    outer loop
      vertex 0.0230997074 -0.0243705027 -0.00484753679
      vertex 0.0212797169 -0.0236302149 -0.00591899827
      vertex 0.0212797131 -0.0238921847 -0.004752398
    endloop
  endfacet
  facet normal -0.258735418 0.942477763 0.211640447
    outer loop
      vertex 0.0212797131 -0.0238921847 -0.004752398
      vertex 0.0212797169 -0.0236302149 -0.00591899827
      vertex 0.0194597114 -0.0241032466 -0.00603749137
    endloop
  endfacet
  facet normal -0.258734912 0.94247812 0.211639702
    outer loop
      vertex 0.0212797131 -0.0238921847 -0.004752398
      vertex 0.0194597114 -0.0241032466 -0.00603749137
      vertex 0.0194597077 -0.0243704598 -0.00484753679
    endloop
  endfacet
  facet normal -0.706991613 0.690038323 0.154951066
    outer loop
      vertex 0.0194597077 -0.0243704598 -0.00484753679
      vertex 0.0194597114 -0.0241032466 -0.00603749137
      vertex 0.0181273632 -0.0253956337 -0.00636122236
    endloop
  endfacet
  facet normal -0.70699203 0.690037787 0.154951781
    outer loop
      vertex 0.0194597077 -0.0243704598 -0.00484753679
      vertex 0.0181273632 -0.0253956337 -0.00636122236
      vertex 0.0181273594 -0.0256771762 -0.00510746194
    endloop
  endfacet
  facet normal -0.965903282 0.252613038 0.0567235351
    outer loop
      vertex 0.0181273594 -0.0256771762 -0.00510746194
      vertex 0.0181273632 -0.0253956337 -0.00636122236
      vertex 0.0176396742 -0.0271610841 -0.00680344598
    endloop
  endfacet
  facet normal -0.965903342 0.252612889 0.05672374
    outer loop
      vertex 0.0181273594 -0.0256771762 -0.00510746194
      vertex 0.0176396742 -0.0271610841 -0.00680344598
      vertex 0.0176396705 -0.0274621993 -0.00546252588
    endloop
  endfacet
  facet normal -0.965909362 -0.252589375 -0.0567238107
    outer loop
      vertex 0.0176396705 -0.0274621993 -0.00546252588
      vertex 0.0176396742 -0.0271610841 -0.00680344598
      vertex 0.0181273203 -0.0289265476 -0.00724567007
    endloop
  endfacet
  facet normal -0.965909362 -0.252589464 -0.0567236952
    outer loop
      vertex 0.0176396705 -0.0274621993 -0.00546252588
      vertex 0.0181273203 -0.0289265476 -0.00724567007
      vertex 0.0181273166 -0.0292472355 -0.00581759028
    endloop
  endfacet
  facet normal -0.707008779 -0.690020561 -0.154952034
    outer loop
      vertex 0.0181273166 -0.0292472355 -0.00581759028
      vertex 0.0181273203 -0.0289265476 -0.00724567007
      vertex 0.0194596369 -0.0302189682 -0.00756940059
    endloop
  endfacet
  facet normal -0.707009077 -0.690020144 -0.154952511
    outer loop
      vertex 0.0181273166 -0.0292472355 -0.00581759028
      vertex 0.0194596369 -0.0302189682 -0.00756940059
      vertex 0.0194596332 -0.0305539854 -0.00607751589
    endloop
  endfacet
  facet normal -0.258756727 -0.942471564 -0.211641803
    outer loop
      vertex 0.0194596332 -0.0305539854 -0.00607751589
      vertex 0.0194596369 -0.0302189682 -0.00756940059
      vertex 0.0212796312 -0.0306920409 -0.00768789416
    endloop
  endfacet
  facet normal -0.258756191 -0.942471862 -0.211641103
    outer loop
      vertex 0.0194596332 -0.0305539854 -0.00607751589
      vertex 0.0212796312 -0.0306920409 -0.00768789416
      vertex 0.0212796275 -0.0310323015 -0.00617265468
    endloop
  endfacet
  facet normal 0.258734226 -0.930958569 -0.257629126
    outer loop
      vertex 0.0212796312 -0.0306920409 -0.00768789416
      vertex 0.0212796368 -0.0302778482 -0.00918459892
      vertex 0.0230996422 -0.0298112035 -0.00904303603
    endloop
  endfacet
  facet normal 0.258734703 -0.930958629 -0.25762853
    outer loop
      vertex 0.0212796312 -0.0306920409 -0.00768789416
      vertex 0.0230996422 -0.0298112035 -0.00904303603
      vertex 0.0230996367 -0.030219011 -0.00756940059
    endloop
  endfacet
  facet normal 0.70699203 -0.681604147 -0.188621536
    outer loop
      vertex 0.0230996367 -0.030219011 -0.00756940059
      vertex 0.0230996422 -0.0298112035 -0.00904303603
      vertex 0.0244319905 -0.0285362564 -0.00865628105
    endloop
  endfacet
  facet normal 0.706991732 -0.681604266 -0.188622087
    outer loop
      vertex 0.0230996367 -0.030219011 -0.00756940059
      vertex 0.0244319905 -0.0285362564 -0.00865628105
      vertex 0.0244319849 -0.028926624 -0.00724567054
    endloop
  endfacet
  facet normal 0.965903521 -0.249524951 -0.0690488666
    outer loop
      vertex 0.0244319849 -0.028926624 -0.00724567054
      vertex 0.0244319905 -0.0285362564 -0.00865628105
      vertex 0.0249196775 -0.026794631 -0.0081279641
    endloop
  endfacet
  facet normal 0.965903401 -0.249525279 -0.0690497011
    outer loop
      vertex 0.0244319849 -0.028926624 -0.00724567054
      vertex 0.0249196775 -0.026794631 -0.0081279641
      vertex 0.0249196738 -0.0271611717 -0.00680344645
    endloop
  endfacet
  facet normal 0.965909421 0.249501973 0.0690486953
    outer loop
      vertex 0.0249196738 -0.0271611717 -0.00680344645
      vertex 0.0249196775 -0.026794631 -0.0081279641
      vertex 0.0244320314 -0.0250529926 -0.00759964576
    endloop
  endfacet
  facet normal 0.965909302 0.249502227 0.0690493807
    outer loop
      vertex 0.0249196738 -0.0271611717 -0.00680344645
      vertex 0.0244320314 -0.0250529926 -0.00759964576
      vertex 0.0244320277 -0.02539571 -0.00636122236
    endloop
  endfacet
  facet normal 0.707008541 0.681586742 0.188622281
    outer loop
      vertex 0.0244320277 -0.02539571 -0.00636122236
      vertex 0.0244320314 -0.0250529926 -0.00759964576
      vertex 0.0230997149 -0.0237780139 -0.00721289031
    endloop
  endfacet
  facet normal 0.707008719 0.681586742 0.188622102
    outer loop
      vertex 0.0244320277 -0.02539571 -0.00636122236
      vertex 0.0230997149 -0.0237780139 -0.00721289031
      vertex 0.0230997112 -0.0241032895 -0.00603749184
    endloop
  endfacet
  facet normal 0.2587578 0.930952013 0.257629186
    outer loop
      vertex 0.0230997112 -0.0241032895 -0.00603749184
      vertex 0.0230997149 -0.0237780139 -0.00721289031
      vertex 0.0212797206 -0.0233113226 -0.00707132835
    endloop
  endfacet
  facet normal 0.258757502 0.930951893 0.257629633
    outer loop
      vertex 0.0230997112 -0.0241032895 -0.00603749184
      vertex 0.0212797206 -0.0233113226 -0.00707132835
      vertex 0.0212797169 -0.0236302149 -0.00591899827
    endloop
  endfacet
  facet normal -0.258735806 0.930957973 0.257629633
    outer loop
      vertex 0.0212797169 -0.0236302149 -0.00591899827
      vertex 0.0212797206 -0.0233113226 -0.00707132835
      vertex 0.0194597151 -0.023777971 -0.00721288985
    endloop
  endfacet
  facet normal -0.258735508 0.930958211 0.257629216
    outer loop
      vertex 0.0212797169 -0.0236302149 -0.00591899827
      vertex 0.0194597151 -0.023777971 -0.00721288985
      vertex 0.0194597114 -0.0241032466 -0.00603749137
    endloop
  endfacet
  facet normal -0.706991613 0.681604266 0.188622519
    outer loop
      vertex 0.0194597114 -0.0241032466 -0.00603749137
      vertex 0.0194597151 -0.023777971 -0.00721288985
      vertex 0.0181273669 -0.0250529163 -0.00759964576
    endloop
  endfacet
  facet normal -0.706991792 0.681604028 0.188622817
    outer loop
      vertex 0.0194597114 -0.0241032466 -0.00603749137
      vertex 0.0181273669 -0.0250529163 -0.00759964576
      vertex 0.0181273632 -0.0253956337 -0.00636122236
    endloop
  endfacet
  facet normal -0.965903282 0.249525294 0.0690499395
    outer loop
      vertex 0.0181273632 -0.0253956337 -0.00636122236
      vertex 0.0181273669 -0.0250529163 -0.00759964576
      vertex 0.017639678 -0.0267945435 -0.00812796317
    endloop
  endfacet
  facet normal -0.965903342 0.249525487 0.0690497905
    outer loop
      vertex 0.0181273632 -0.0253956337 -0.00636122236
      vertex 0.017639678 -0.0267945435 -0.00812796317
      vertex 0.0176396742 -0.0271610841 -0.00680344598
    endloop
  endfacet
  facet normal -0.965909362 -0.249502257 -0.0690487847
    outer loop
      vertex 0.0176396742 -0.0271610841 -0.00680344598
      vertex 0.017639678 -0.0267945435 -0.00812796317
      vertex 0.0181273241 -0.02853618 -0.00865628105
    endloop
  endfacet
  facet normal -0.965909362 -0.249502093 -0.0690488964
    outer loop
      vertex 0.0176396742 -0.0271610841 -0.00680344598
      vertex 0.0181273241 -0.02853618 -0.00865628105
      vertex 0.0181273203 -0.0289265476 -0.00724567007
    endloop
  endfacet
  facet normal -0.707008481 -0.681586862 -0.188621849
    outer loop
      vertex 0.0181273203 -0.0289265476 -0.00724567007
      vertex 0.0181273241 -0.02853618 -0.00865628105
      vertex 0.0194596425 -0.0298111606 -0.00904303603
    endloop
  endfacet
  facet normal -0.70700866 -0.681586683 -0.188622057
    outer loop
      vertex 0.0181273203 -0.0289265476 -0.00724567007
      vertex 0.0194596425 -0.0298111606 -0.00904303603
      vertex 0.0194596369 -0.0302189682 -0.00756940059
    endloop
  endfacet
  facet normal -0.258756131 -0.930952489 -0.257628769
    outer loop
      vertex 0.0194596369 -0.0302189682 -0.00756940059
      vertex 0.0194596425 -0.0298111606 -0.00904303603
      vertex 0.0212796368 -0.0302778482 -0.00918459892
    endloop
  endfacet
  facet normal -0.258756638 -0.930952251 -0.257629335
    outer loop
      vertex 0.0194596369 -0.0302189682 -0.00756940059
      vertex 0.0212796368 -0.0302778482 -0.00918459892
      vertex 0.0212796312 -0.0306920409 -0.00768789416
    endloop
  endfacet
  facet normal 0.258735985 -0.917195916 -0.302997351
    outer loop
      vertex 0.0212796368 -0.0302778482 -0.00918459892
      vertex 0.0212796424 -0.0297907125 -0.0106591908
      vertex 0.0230996478 -0.0293315724 -0.0104949009
    endloop
  endfacet
  facet normal 0.258734405 -0.917195678 -0.302999377
    outer loop
      vertex 0.0212796368 -0.0302778482 -0.00918459892
      vertex 0.0230996478 -0.0293315724 -0.0104949009
      vertex 0.0230996422 -0.0298112035 -0.00904303603
    endloop
  endfacet
  facet normal 0.706991971 -0.671527624 -0.221839949
    outer loop
      vertex 0.0230996422 -0.0298112035 -0.00904303603
      vertex 0.0230996478 -0.0293315724 -0.0104949009
      vertex 0.024431996 -0.0280771386 -0.0100460518
    endloop
  endfacet
  facet normal 0.706992149 -0.671527565 -0.221839711
    outer loop
      vertex 0.0230996422 -0.0298112035 -0.00904303603
      vertex 0.024431996 -0.0280771386 -0.0100460518
      vertex 0.0244319905 -0.0285362564 -0.00865628105
    endloop
  endfacet
  facet normal 0.965903521 -0.245836288 -0.0812093839
    outer loop
      vertex 0.0244319905 -0.0285362564 -0.00865628105
      vertex 0.024431996 -0.0280771386 -0.0100460518
      vertex 0.0249196831 -0.0263635349 -0.0094329128
    endloop
  endfacet
  facet normal 0.965903521 -0.245836198 -0.0812090337
    outer loop
      vertex 0.0244319905 -0.0285362564 -0.00865628105
      vertex 0.0249196831 -0.0263635349 -0.0094329128
      vertex 0.0249196775 -0.026794631 -0.0081279641
    endloop
  endfacet
  facet normal 0.965909481 0.245812938 0.0812096372
    outer loop
      vertex 0.0249196775 -0.026794631 -0.0081279641
      vertex 0.0249196831 -0.0263635349 -0.0094329128
      vertex 0.024432037 -0.0246499181 -0.00881977379
    endloop
  endfacet
  facet normal 0.965909421 0.245812967 0.081209816
    outer loop
      vertex 0.0249196775 -0.026794631 -0.0081279641
      vertex 0.024432037 -0.0246499181 -0.00881977379
      vertex 0.0244320314 -0.0250529926 -0.00759964576
    endloop
  endfacet
  facet normal 0.707008541 0.671510339 0.221839577
    outer loop
      vertex 0.0244320314 -0.0250529926 -0.00759964576
      vertex 0.024432037 -0.0246499181 -0.00881977379
      vertex 0.0230997186 -0.0233954508 -0.00837092381
    endloop
  endfacet
  facet normal 0.707008481 0.671510339 0.221839637
    outer loop
      vertex 0.0244320314 -0.0250529926 -0.00759964576
      vertex 0.0230997186 -0.0233954508 -0.00837092381
      vertex 0.0230997149 -0.0237780139 -0.00721289031
    endloop
  endfacet
  facet normal 0.258756757 0.9171893 0.302999645
    outer loop
      vertex 0.0230997149 -0.0237780139 -0.00721289031
      vertex 0.0230997186 -0.0233954508 -0.00837092381
      vertex 0.0212797243 -0.0229362696 -0.00820663385
    endloop
  endfacet
  facet normal 0.258757621 0.917189419 0.302998215
    outer loop
      vertex 0.0230997149 -0.0237780139 -0.00721289031
      vertex 0.0212797243 -0.0229362696 -0.00820663385
      vertex 0.0212797206 -0.0233113226 -0.00707132835
    endloop
  endfacet
  facet normal -0.25873512 0.917195737 0.302998602
    outer loop
      vertex 0.0212797206 -0.0233113226 -0.00707132835
      vertex 0.0212797243 -0.0229362696 -0.00820663385
      vertex 0.0194597188 -0.0233954079 -0.00837092381
    endloop
  endfacet
  facet normal -0.258735925 0.917195082 0.302999765
    outer loop
      vertex 0.0212797206 -0.0233113226 -0.00707132835
      vertex 0.0194597188 -0.0233954079 -0.00837092381
      vertex 0.0194597151 -0.023777971 -0.00721288985
    endloop
  endfacet
  facet normal -0.70699203 0.671527326 0.221840605
    outer loop
      vertex 0.0194597151 -0.023777971 -0.00721288985
      vertex 0.0194597188 -0.0233954079 -0.00837092381
      vertex 0.0181273706 -0.0246498417 -0.00881977286
    endloop
  endfacet
  facet normal -0.706991732 0.671527803 0.221840128
    outer loop
      vertex 0.0194597151 -0.023777971 -0.00721288985
      vertex 0.0181273706 -0.0246498417 -0.00881977286
      vertex 0.0181273669 -0.0250529163 -0.00759964576
    endloop
  endfacet
  facet normal -0.965903521 0.245835811 0.0812100321
    outer loop
      vertex 0.0181273669 -0.0250529163 -0.00759964576
      vertex 0.0181273706 -0.0246498417 -0.00881977286
      vertex 0.0176396836 -0.0263634473 -0.00943291187
    endloop
  endfacet
  facet normal -0.965903401 0.245836839 0.0812092721
    outer loop
      vertex 0.0181273669 -0.0250529163 -0.00759964576
      vertex 0.0176396836 -0.0263634473 -0.00943291187
      vertex 0.017639678 -0.0267945435 -0.00812796317
    endloop
  endfacet
  facet normal -0.965909362 -0.245813116 -0.0812096968
    outer loop
      vertex 0.017639678 -0.0267945435 -0.00812796317
      vertex 0.0176396836 -0.0263634473 -0.00943291187
      vertex 0.0181273296 -0.0280770622 -0.0100460518
    endloop
  endfacet
  facet normal -0.965909362 -0.245813295 -0.0812095553
    outer loop
      vertex 0.017639678 -0.0267945435 -0.00812796317
      vertex 0.0181273296 -0.0280770622 -0.0100460518
      vertex 0.0181273241 -0.02853618 -0.00865628105
    endloop
  endfacet
  facet normal -0.707008421 -0.671510339 -0.221839681
    outer loop
      vertex 0.0181273241 -0.02853618 -0.00865628105
      vertex 0.0181273296 -0.0280770622 -0.0100460518
      vertex 0.0194596481 -0.0293315295 -0.0104949009
    endloop
  endfacet
  facet normal -0.707008421 -0.671510458 -0.221839681
    outer loop
      vertex 0.0181273241 -0.02853618 -0.00865628105
      vertex 0.0194596481 -0.0293315295 -0.0104949009
      vertex 0.0194596425 -0.0298111606 -0.00904303603
    endloop
  endfacet
  facet normal -0.258757621 -0.917189181 -0.302999228
    outer loop
      vertex 0.0194596425 -0.0298111606 -0.00904303603
      vertex 0.0194596481 -0.0293315295 -0.0104949009
      vertex 0.0212796424 -0.0297907125 -0.0106591908
    endloop
  endfacet
  facet normal -0.258756012 -0.917190194 -0.30299741
    outer loop
      vertex 0.0194596425 -0.0298111606 -0.00904303603
      vertex 0.0212796424 -0.0297907125 -0.0106591908
      vertex 0.0212796368 -0.0302778482 -0.00918459892
    endloop
  endfacet
  facet normal 0.258735836 -0.901222646 -0.347639918
    outer loop
      vertex 0.0212796424 -0.0297907125 -0.0106591908
      vertex 0.0212796479 -0.0292318091 -0.0121080894
      vertex 0.0230996534 -0.0287812836 -0.0119214682
    endloop
  endfacet
  facet normal 0.258736163 -0.901222765 -0.347639561
    outer loop
      vertex 0.0212796424 -0.0297907125 -0.0106591908
      vertex 0.0230996534 -0.0287812836 -0.0119214682
      vertex 0.0230996478 -0.0293315724 -0.0104949009
    endloop
  endfacet
  facet normal 0.706992209 -0.659833193 -0.254523426
    outer loop
      vertex 0.0230996478 -0.0293315724 -0.0104949009
      vertex 0.0230996534 -0.0287812836 -0.0119214682
      vertex 0.0244320016 -0.0275503844 -0.0114116073
    endloop
  endfacet
  facet normal 0.70699209 -0.659833252 -0.254523456
    outer loop
      vertex 0.0230996478 -0.0293315724 -0.0104949009
      vertex 0.0244320016 -0.0275503844 -0.0114116073
      vertex 0.024431996 -0.0280771386 -0.0100460518
    endloop
  endfacet
  facet normal 0.965903521 -0.241555288 -0.0931744426
    outer loop
      vertex 0.024431996 -0.0280771386 -0.0100460518
      vertex 0.0244320016 -0.0275503844 -0.0114116073
      vertex 0.0249196887 -0.0258689299 -0.0107151242
    endloop
  endfacet
  facet normal 0.96590358 -0.241555229 -0.0931742117
    outer loop
      vertex 0.024431996 -0.0280771386 -0.0100460518
      vertex 0.0249196887 -0.0258689299 -0.0107151242
      vertex 0.0249196831 -0.0263635349 -0.0094329128
    endloop
  endfacet
  facet normal 0.965909362 0.241532177 0.093173705
    outer loop
      vertex 0.0249196831 -0.0263635349 -0.0094329128
      vertex 0.0249196887 -0.0258689299 -0.0107151242
      vertex 0.0244320426 -0.0241874643 -0.0100186411
    endloop
  endfacet
  facet normal 0.965909362 0.241532147 0.093173638
    outer loop
      vertex 0.0249196831 -0.0263635349 -0.0094329128
      vertex 0.0244320426 -0.0241874643 -0.0100186411
      vertex 0.024432037 -0.0246499181 -0.00881977379
    endloop
  endfacet
  facet normal 0.707008421 0.659816206 0.254522294
    outer loop
      vertex 0.024432037 -0.0246499181 -0.00881977379
      vertex 0.0244320426 -0.0241874643 -0.0100186411
      vertex 0.0230997242 -0.0229565315 -0.0095087802
    endloop
  endfacet
  facet normal 0.707008421 0.659816206 0.254522473
    outer loop
      vertex 0.024432037 -0.0246499181 -0.00881977379
      vertex 0.0230997242 -0.0229565315 -0.0095087802
      vertex 0.0230997186 -0.0233954508 -0.00837092381
    endloop
  endfacet
  facet normal 0.258757353 0.901216924 0.347638756
    outer loop
      vertex 0.0230997186 -0.0233954508 -0.00837092381
      vertex 0.0230997242 -0.0229565315 -0.0095087802
      vertex 0.0212797299 -0.0225059632 -0.00932215806
    endloop
  endfacet
  facet normal 0.258756578 0.901216745 0.347639948
    outer loop
      vertex 0.0230997186 -0.0233954508 -0.00837092381
      vertex 0.0212797299 -0.0225059632 -0.00932215806
      vertex 0.0212797243 -0.0229362696 -0.00820663385
    endloop
  endfacet
  facet normal -0.258736044 0.901222706 0.34763968
    outer loop
      vertex 0.0212797243 -0.0229362696 -0.00820663385
      vertex 0.0212797299 -0.0225059632 -0.00932215806
      vertex 0.0194597244 -0.0229564887 -0.0095087802
    endloop
  endfacet
  facet normal -0.258735299 0.901223242 0.347638637
    outer loop
      vertex 0.0212797243 -0.0229362696 -0.00820663385
      vertex 0.0194597244 -0.0229564887 -0.0095087802
      vertex 0.0194597188 -0.0233954079 -0.00837092381
    endloop
  endfacet
  facet normal -0.706992209 0.659833729 0.254522264
    outer loop
      vertex 0.0194597188 -0.0233954079 -0.00837092381
      vertex 0.0194597244 -0.0229564887 -0.0095087802
      vertex 0.0181273762 -0.0241873879 -0.0100186411
    endloop
  endfacet
  facet normal -0.706992149 0.659833729 0.254522264
    outer loop
      vertex 0.0194597188 -0.0233954079 -0.00837092381
      vertex 0.0181273762 -0.0241873879 -0.0100186411
      vertex 0.0181273706 -0.0246498417 -0.00881977286
    endloop
  endfacet
  facet normal -0.965903461 0.241555631 0.0931736529
    outer loop
      vertex 0.0181273706 -0.0246498417 -0.00881977286
      vertex 0.0181273762 -0.0241873879 -0.0100186411
      vertex 0.0176396891 -0.0258688424 -0.0107151233
    endloop
  endfacet
  facet normal -0.96590364 0.24155502 0.0931740999
    outer loop
      vertex 0.0181273706 -0.0246498417 -0.00881977286
      vertex 0.0176396891 -0.0258688424 -0.0107151233
      vertex 0.0176396836 -0.0263634473 -0.00943291187
    endloop
  endfacet
  facet normal -0.965909064 -0.241532996 -0.0931740329
    outer loop
      vertex 0.0176396836 -0.0263634473 -0.00943291187
      vertex 0.0176396891 -0.0258688424 -0.0107151233
      vertex 0.0181273371 -0.027550308 -0.0114116063
    endloop
  endfacet
  facet normal -0.965909362 -0.241531953 -0.0931747332
    outer loop
      vertex 0.0176396836 -0.0263634473 -0.00943291187
      vertex 0.0181273371 -0.027550308 -0.0114116063
      vertex 0.0181273296 -0.0280770622 -0.0100460518
    endloop
  endfacet
  facet normal -0.707009077 -0.659815073 -0.254523456
    outer loop
      vertex 0.0181273296 -0.0280770622 -0.0100460518
      vertex 0.0181273371 -0.027550308 -0.0114116063
      vertex 0.0194596536 -0.0287812408 -0.0119214682
    endloop
  endfacet
  facet normal -0.707008302 -0.659816325 -0.254522443
    outer loop
      vertex 0.0181273296 -0.0280770622 -0.0100460518
      vertex 0.0194596536 -0.0287812408 -0.0119214682
      vertex 0.0194596481 -0.0293315295 -0.0104949009
    endloop
  endfacet
  facet normal -0.258757144 -0.901216745 -0.347639292
    outer loop
      vertex 0.0194596481 -0.0293315295 -0.0104949009
      vertex 0.0194596536 -0.0287812408 -0.0119214682
      vertex 0.0212796479 -0.0292318091 -0.0121080894
    endloop
  endfacet
  facet normal -0.258757412 -0.901216567 -0.347639591
    outer loop
      vertex 0.0194596481 -0.0293315295 -0.0104949009
      vertex 0.0212796479 -0.0292318091 -0.0121080894
      vertex 0.0212796424 -0.0297907125 -0.0106591908
    endloop
  endfacet
  facet normal 0.258735806 -0.883079827 -0.391440541
    outer loop
      vertex 0.0212796479 -0.0292318091 -0.0121080894
      vertex 0.0212796554 -0.0286024809 -0.0135278329
      vertex 0.0230996609 -0.0281616561 -0.0133193284
    endloop
  endfacet
  facet normal 0.258736044 -0.883079946 -0.391440213
    outer loop
      vertex 0.0212796479 -0.0292318091 -0.0121080894
      vertex 0.0230996609 -0.0281616561 -0.0133193284
      vertex 0.0230996534 -0.0287812836 -0.0119214682
    endloop
  endfacet
  facet normal 0.706991851 -0.646550596 -0.286591798
    outer loop
      vertex 0.0230996534 -0.0287812836 -0.0119214682
      vertex 0.0230996609 -0.0281616561 -0.0133193284
      vertex 0.0244320091 -0.0269572586 -0.012749684
    endloop
  endfacet
  facet normal 0.706992388 -0.646550536 -0.286590785
    outer loop
      vertex 0.0230996534 -0.0287812836 -0.0119214682
      vertex 0.0244320091 -0.0269572586 -0.012749684
      vertex 0.0244320016 -0.0275503844 -0.0114116073
    endloop
  endfacet
  facet normal 0.96590358 -0.236693084 -0.104912959
    outer loop
      vertex 0.0244320016 -0.0275503844 -0.0114116073
      vertex 0.0244320091 -0.0269572586 -0.012749684
      vertex 0.0249196962 -0.0253120027 -0.0119715342
    endloop
  endfacet
  facet normal 0.96590358 -0.236693084 -0.104912892
    outer loop
      vertex 0.0244320016 -0.0275503844 -0.0114116073
      vertex 0.0249196962 -0.0253120027 -0.0119715342
      vertex 0.0249196887 -0.0258689299 -0.0107151242
    endloop
  endfacet
  facet normal 0.965909123 0.236669928 0.104914069
    outer loop
      vertex 0.0249196887 -0.0258689299 -0.0107151242
      vertex 0.0249196962 -0.0253120027 -0.0119715342
      vertex 0.0244320482 -0.0236667376 -0.0111933844
    endloop
  endfacet
  facet normal 0.965909302 0.23666966 0.10491278
    outer loop
      vertex 0.0249196887 -0.0258689299 -0.0107151242
      vertex 0.0244320482 -0.0236667376 -0.0111933844
      vertex 0.0244320426 -0.0241874643 -0.0100186411
    endloop
  endfacet
  facet normal 0.707008481 0.646532774 0.286590964
    outer loop
      vertex 0.0244320426 -0.0241874643 -0.0100186411
      vertex 0.0244320482 -0.0236667376 -0.0111933844
      vertex 0.0230997298 -0.0224623047 -0.0106237391
    endloop
  endfacet
  facet normal 0.707008243 0.646532714 0.28659147
    outer loop
      vertex 0.0244320426 -0.0241874643 -0.0100186411
      vertex 0.0230997298 -0.0224623047 -0.0106237391
      vertex 0.0230997242 -0.0229565315 -0.0095087802
    endloop
  endfacet
  facet normal 0.258756727 0.883073747 0.39144063
    outer loop
      vertex 0.0230997242 -0.0229565315 -0.0095087802
      vertex 0.0230997298 -0.0224623047 -0.0106237391
      vertex 0.0212797355 -0.0220214371 -0.0104152346
    endloop
  endfacet
  facet normal 0.258757114 0.883073926 0.391439945
    outer loop
      vertex 0.0230997242 -0.0229565315 -0.0095087802
      vertex 0.0212797355 -0.0220214371 -0.0104152346
      vertex 0.0212797299 -0.0225059632 -0.00932215806
    endloop
  endfacet
  facet normal -0.258735836 0.883080125 0.391440064
    outer loop
      vertex 0.0212797299 -0.0225059632 -0.00932215806
      vertex 0.0212797355 -0.0220214371 -0.0104152346
      vertex 0.01945973 -0.0224622618 -0.0106237391
    endloop
  endfacet
  facet normal -0.258736253 0.883079708 0.39144066
    outer loop
      vertex 0.0212797299 -0.0225059632 -0.00932215806
      vertex 0.01945973 -0.0224622618 -0.0106237391
      vertex 0.0194597244 -0.0229564887 -0.0095087802
    endloop
  endfacet
  facet normal -0.706992865 0.646549404 0.286591828
    outer loop
      vertex 0.0194597244 -0.0229564887 -0.0095087802
      vertex 0.01945973 -0.0224622618 -0.0106237391
      vertex 0.0181273837 -0.0236666612 -0.0111933844
    endloop
  endfacet
  facet normal -0.706992328 0.646550477 0.286590904
    outer loop
      vertex 0.0194597244 -0.0229564887 -0.0095087802
      vertex 0.0181273837 -0.0236666612 -0.0111933844
      vertex 0.0181273762 -0.0241873879 -0.0100186411
    endloop
  endfacet
  facet normal -0.965903521 0.236693531 0.104912654
    outer loop
      vertex 0.0181273762 -0.0241873879 -0.0100186411
      vertex 0.0181273837 -0.0236666612 -0.0111933844
      vertex 0.0176396966 -0.0253119152 -0.0119715333
    endloop
  endfacet
  facet normal -0.965903521 0.236693114 0.104912907
    outer loop
      vertex 0.0181273762 -0.0241873879 -0.0100186411
      vertex 0.0176396966 -0.0253119152 -0.0119715333
      vertex 0.0176396891 -0.0258688424 -0.0107151233
    endloop
  endfacet
  facet normal -0.965909421 -0.236668825 -0.1049136
    outer loop
      vertex 0.0176396891 -0.0258688424 -0.0107151233
      vertex 0.0176396966 -0.0253119152 -0.0119715333
      vertex 0.0181273427 -0.0269571822 -0.0127496831
    endloop
  endfacet
  facet normal -0.965909064 -0.236670762 -0.104912467
    outer loop
      vertex 0.0176396891 -0.0258688424 -0.0107151233
      vertex 0.0181273427 -0.0269571822 -0.0127496831
      vertex 0.0181273371 -0.027550308 -0.0114116063
    endloop
  endfacet
  facet normal -0.707008064 -0.646533608 -0.286590219
    outer loop
      vertex 0.0181273371 -0.027550308 -0.0114116063
      vertex 0.0181273427 -0.0269571822 -0.0127496831
      vertex 0.0194596611 -0.0281616133 -0.0133193284
    endloop
  endfacet
  facet normal -0.707008839 -0.646532238 -0.286591172
    outer loop
      vertex 0.0181273371 -0.027550308 -0.0114116063
      vertex 0.0194596611 -0.0281616133 -0.0133193284
      vertex 0.0194596536 -0.0287812408 -0.0119214682
    endloop
  endfacet
  facet normal -0.258756697 -0.883073866 -0.391440272
    outer loop
      vertex 0.0194596536 -0.0287812408 -0.0119214682
      vertex 0.0194596611 -0.0281616133 -0.0133193284
      vertex 0.0212796554 -0.0286024809 -0.0135278329
    endloop
  endfacet
  facet normal -0.258756906 -0.883073747 -0.391440511
    outer loop
      vertex 0.0194596536 -0.0287812408 -0.0119214682
      vertex 0.0212796554 -0.0286024809 -0.0135278329
      vertex 0.0212796479 -0.0292318091 -0.0121080894
    endloop
  endfacet
  facet normal 0.258736461 -0.862809241 -0.434298992
    outer loop
      vertex 0.0212796554 -0.0286024809 -0.0135278329
      vertex 0.0212796647 -0.0279042479 -0.0149149867
      vertex 0.0230996702 -0.0274741836 -0.0146851027
    endloop
  endfacet
  facet normal 0.258736074 -0.862809181 -0.434299558
    outer loop
      vertex 0.0212796554 -0.0286024809 -0.0135278329
      vertex 0.0230996702 -0.0274741836 -0.0146851027
      vertex 0.0230996609 -0.0281616561 -0.0133193284
    endloop
  endfacet
  facet normal 0.706992567 -0.63170898 -0.317970544
    outer loop
      vertex 0.0230996609 -0.0281616561 -0.0133193284
      vertex 0.0230996702 -0.0274741836 -0.0146851027
      vertex 0.0244320165 -0.0262991879 -0.0140570458
    endloop
  endfacet
  facet normal 0.70699203 -0.63170898 -0.317971647
    outer loop
      vertex 0.0230996609 -0.0281616561 -0.0133193284
      vertex 0.0244320165 -0.0262991879 -0.0140570458
      vertex 0.0244320091 -0.0269572586 -0.012749684
    endloop
  endfacet
  facet normal 0.965903521 -0.231259957 -0.116400979
    outer loop
      vertex 0.0244320091 -0.0269572586 -0.012749684
      vertex 0.0244320165 -0.0262991879 -0.0140570458
      vertex 0.0249197036 -0.0246940963 -0.013199104
    endloop
  endfacet
  facet normal 0.96590358 -0.231259853 -0.116400532
    outer loop
      vertex 0.0244320091 -0.0269572586 -0.012749684
      vertex 0.0249197036 -0.0246940963 -0.013199104
      vertex 0.0249196962 -0.0253120027 -0.0119715342
    endloop
  endfacet
  facet normal 0.965909183 0.231236726 0.116400607
    outer loop
      vertex 0.0249196962 -0.0253120027 -0.0119715342
      vertex 0.0249197036 -0.0246940963 -0.013199104
      vertex 0.0244320557 -0.0230889935 -0.0123411622
    endloop
  endfacet
  facet normal 0.965909123 0.231236815 0.116401397
    outer loop
      vertex 0.0249196962 -0.0253120027 -0.0119715342
      vertex 0.0244320557 -0.0230889935 -0.0123411622
      vertex 0.0244320482 -0.0236667376 -0.0111933844
    endloop
  endfacet
  facet normal 0.707008064 0.631690979 0.317971855
    outer loop
      vertex 0.0244320482 -0.0236667376 -0.0111933844
      vertex 0.0244320557 -0.0230889935 -0.0123411622
      vertex 0.0230997372 -0.0219139643 -0.0117131053
    endloop
  endfacet
  facet normal 0.707008362 0.631690979 0.31797117
    outer loop
      vertex 0.0244320482 -0.0236667376 -0.0111933844
      vertex 0.0230997372 -0.0219139643 -0.0117131053
      vertex 0.0230997298 -0.0224623047 -0.0106237391
    endloop
  endfacet
  facet normal 0.258755267 0.862803161 0.434300035
    outer loop
      vertex 0.0230997298 -0.0224623047 -0.0106237391
      vertex 0.0230997372 -0.0219139643 -0.0117131053
      vertex 0.0212797411 -0.0214838609 -0.0114832204
    endloop
  endfacet
  facet normal 0.258756489 0.862803757 0.434298098
    outer loop
      vertex 0.0230997298 -0.0224623047 -0.0106237391
      vertex 0.0212797411 -0.0214838609 -0.0114832204
      vertex 0.0212797355 -0.0220214371 -0.0104152346
    endloop
  endfacet
  facet normal -0.258735269 0.862809896 0.434298456
    outer loop
      vertex 0.0212797355 -0.0220214371 -0.0104152346
      vertex 0.0212797411 -0.0214838609 -0.0114832204
      vertex 0.0194597375 -0.0219139215 -0.0117131053
    endloop
  endfacet
  facet normal -0.258736074 0.862809122 0.434299499
    outer loop
      vertex 0.0212797355 -0.0220214371 -0.0104152346
      vertex 0.0194597375 -0.0219139215 -0.0117131053
      vertex 0.01945973 -0.0224622618 -0.0106237391
    endloop
  endfacet
  facet normal -0.70699209 0.631709456 0.317970723
    outer loop
      vertex 0.01945973 -0.0224622618 -0.0106237391
      vertex 0.0194597375 -0.0219139215 -0.0117131053
      vertex 0.0181273893 -0.0230889171 -0.0123411622
    endloop
  endfacet
  facet normal -0.706993043 0.631707609 0.317972153
    outer loop
      vertex 0.01945973 -0.0224622618 -0.0106237391
      vertex 0.0181273893 -0.0230889171 -0.0123411622
      vertex 0.0181273837 -0.0236666612 -0.0111933844
    endloop
  endfacet
  facet normal -0.965903759 0.231258705 0.116401412
    outer loop
      vertex 0.0181273837 -0.0236666612 -0.0111933844
      vertex 0.0181273893 -0.0230889171 -0.0123411622
      vertex 0.017639704 -0.0246940088 -0.0131991031
    endloop
  endfacet
  facet normal -0.965903521 0.231260091 0.116400652
    outer loop
      vertex 0.0181273837 -0.0236666612 -0.0111933844
      vertex 0.017639704 -0.0246940088 -0.0131991031
      vertex 0.0176396966 -0.0253119152 -0.0119715333
    endloop
  endfacet
  facet normal -0.965909183 -0.231236726 -0.116400607
    outer loop
      vertex 0.0176396966 -0.0253119152 -0.0119715333
      vertex 0.017639704 -0.0246940088 -0.0131991031
      vertex 0.018127352 -0.0262991115 -0.0140570449
    endloop
  endfacet
  facet normal -0.965909362 -0.231235638 -0.116401143
    outer loop
      vertex 0.0176396966 -0.0253119152 -0.0119715333
      vertex 0.018127352 -0.0262991115 -0.0140570449
      vertex 0.0181273427 -0.0269571822 -0.0127496831
    endloop
  endfacet
  facet normal -0.707008123 -0.631691039 -0.317971617
    outer loop
      vertex 0.0181273427 -0.0269571822 -0.0127496831
      vertex 0.018127352 -0.0262991115 -0.0140570449
      vertex 0.0194596704 -0.0274741407 -0.0146851027
    endloop
  endfacet
  facet normal -0.707007885 -0.631691456 -0.317971349
    outer loop
      vertex 0.0181273427 -0.0269571822 -0.0127496831
      vertex 0.0194596704 -0.0274741407 -0.0146851027
      vertex 0.0194596611 -0.0281616133 -0.0133193284
    endloop
  endfacet
  facet normal -0.258756936 -0.862802684 -0.434299797
    outer loop
      vertex 0.0194596611 -0.0281616133 -0.0133193284
      vertex 0.0194596704 -0.0274741407 -0.0146851027
      vertex 0.0212796647 -0.0279042479 -0.0149149867
    endloop
  endfacet
  facet normal -0.258756459 -0.862803042 -0.43429935
    outer loop
      vertex 0.0194596611 -0.0281616133 -0.0133193284
      vertex 0.0212796647 -0.0279042479 -0.0149149867
      vertex 0.0212796554 -0.0286024809 -0.0135278329
    endloop
  endfacet
  facet normal 0.258735865 -0.840459406 -0.47611326
    outer loop
      vertex 0.0212796647 -0.0279042479 -0.0149149867
      vertex 0.021279674 -0.0271387883 -0.01626621
      vertex 0.0230996795 -0.0267205238 -0.0160154998
    endloop
  endfacet
  facet normal 0.2587367 -0.840459704 -0.476112157
    outer loop
      vertex 0.0212796647 -0.0279042479 -0.0149149867
      vertex 0.0230996795 -0.0267205238 -0.0160154998
      vertex 0.0230996702 -0.0274741836 -0.0146851027
    endloop
  endfacet
  facet normal 0.706993163 -0.615345478 -0.348583579
    outer loop
      vertex 0.0230996702 -0.0274741836 -0.0146851027
      vertex 0.0230996795 -0.0267205238 -0.0160154998
      vertex 0.0244320258 -0.0255777594 -0.0153305428
    endloop
  endfacet
  facet normal 0.706992805 -0.615345478 -0.348584414
    outer loop
      vertex 0.0230996702 -0.0274741836 -0.0146851027
      vertex 0.0244320258 -0.0255777594 -0.0153305428
      vertex 0.0244320165 -0.0262991879 -0.0140570458
    endloop
  endfacet
  facet normal 0.965903759 -0.225269571 -0.127606824
    outer loop
      vertex 0.0244320165 -0.0262991879 -0.0140570458
      vertex 0.0244320258 -0.0255777594 -0.0153305428
      vertex 0.0249197111 -0.0240166988 -0.0143948756
    endloop
  endfacet
  facet normal 0.96590358 -0.225269705 -0.127607942
    outer loop
      vertex 0.0244320165 -0.0262991879 -0.0140570458
      vertex 0.0249197111 -0.0240166988 -0.0143948756
      vertex 0.0249197036 -0.0246940963 -0.013199104
    endloop
  endfacet
  facet normal 0.965909064 0.225246757 0.127606958
    outer loop
      vertex 0.0249197036 -0.0246940963 -0.013199104
      vertex 0.0249197111 -0.0240166988 -0.0143948756
      vertex 0.0244320631 -0.022455629 -0.0134592084
    endloop
  endfacet
  facet normal 0.965909064 0.225246772 0.127606973
    outer loop
      vertex 0.0249197036 -0.0246940963 -0.013199104
      vertex 0.0244320631 -0.022455629 -0.0134592084
      vertex 0.0244320557 -0.0230889935 -0.0123411622
    endloop
  endfacet
  facet normal 0.707007885 0.61532867 0.348583639
    outer loop
      vertex 0.0244320557 -0.0230889935 -0.0123411622
      vertex 0.0244320631 -0.022455629 -0.0134592084
      vertex 0.0230997428 -0.021312831 -0.0127742523
    endloop
  endfacet
  facet normal 0.707007825 0.61532867 0.348583639
    outer loop
      vertex 0.0244320557 -0.0230889935 -0.0123411622
      vertex 0.0230997428 -0.021312831 -0.0127742523
      vertex 0.0230997372 -0.0219139643 -0.0117131053
    endloop
  endfacet
  facet normal 0.258755058 0.840453506 0.476113111
    outer loop
      vertex 0.0230997372 -0.0219139643 -0.0117131053
      vertex 0.0230997428 -0.021312831 -0.0127742523
      vertex 0.0212797485 -0.0208945256 -0.0125235422
    endloop
  endfacet
  facet normal 0.258754969 0.840453506 0.476113111
    outer loop
      vertex 0.0230997372 -0.0219139643 -0.0117131053
      vertex 0.0212797485 -0.0208945256 -0.0125235422
      vertex 0.0212797411 -0.0214838609 -0.0114832204
    endloop
  endfacet
  facet normal -0.258735061 0.840459764 0.476112962
    outer loop
      vertex 0.0212797411 -0.0214838609 -0.0114832204
      vertex 0.0212797485 -0.0208945256 -0.0125235422
      vertex 0.0194597431 -0.0213127881 -0.0127742523
    endloop
  endfacet
  facet normal -0.258735567 0.840459168 0.476113647
    outer loop
      vertex 0.0212797411 -0.0214838609 -0.0114832204
      vertex 0.0194597431 -0.0213127881 -0.0127742523
      vertex 0.0194597375 -0.0219139215 -0.0117131053
    endloop
  endfacet
  facet normal -0.706993043 0.615344703 0.348585278
    outer loop
      vertex 0.0194597375 -0.0219139215 -0.0117131053
      vertex 0.0194597431 -0.0213127881 -0.0127742523
      vertex 0.0181273967 -0.0224555526 -0.0134592084
    endloop
  endfacet
  facet normal -0.706992269 0.615346253 0.348584145
    outer loop
      vertex 0.0194597375 -0.0219139215 -0.0117131053
      vertex 0.0181273967 -0.0224555526 -0.0134592084
      vertex 0.0181273893 -0.0230889171 -0.0123411622
    endloop
  endfacet
  facet normal -0.965903759 0.225269675 0.127607092
    outer loop
      vertex 0.0181273893 -0.0230889171 -0.0123411622
      vertex 0.0181273967 -0.0224555526 -0.0134592084
      vertex 0.0176397115 -0.0240166113 -0.0143948756
    endloop
  endfacet
  facet normal -0.965903878 0.225269005 0.12760742
    outer loop
      vertex 0.0181273893 -0.0230889171 -0.0123411622
      vertex 0.0176397115 -0.0240166113 -0.0143948756
      vertex 0.017639704 -0.0246940088 -0.0131991031
    endloop
  endfacet
  facet normal -0.965909123 -0.225246668 -0.127606824
    outer loop
      vertex 0.017639704 -0.0246940088 -0.0131991031
      vertex 0.0176397115 -0.0240166113 -0.0143948756
      vertex 0.0181273594 -0.025577683 -0.0153305419
    endloop
  endfacet
  facet normal -0.965909004 -0.225246921 -0.12760669
    outer loop
      vertex 0.017639704 -0.0246940088 -0.0131991031
      vertex 0.0181273594 -0.025577683 -0.0153305419
      vertex 0.018127352 -0.0262991115 -0.0140570449
    endloop
  endfacet
  facet normal -0.7070086 -0.615327835 -0.348583728
    outer loop
      vertex 0.018127352 -0.0262991115 -0.0140570449
      vertex 0.0181273594 -0.025577683 -0.0153305419
      vertex 0.0194596779 -0.026720481 -0.0160154998
    endloop
  endfacet
  facet normal -0.707007945 -0.615328848 -0.348583043
    outer loop
      vertex 0.018127352 -0.0262991115 -0.0140570449
      vertex 0.0194596779 -0.026720481 -0.0160154998
      vertex 0.0194596704 -0.0274741407 -0.0146851027
    endloop
  endfacet
  facet normal -0.258755565 -0.840453863 -0.476112157
    outer loop
      vertex 0.0194596704 -0.0274741407 -0.0146851027
      vertex 0.0194596779 -0.026720481 -0.0160154998
      vertex 0.021279674 -0.0271387883 -0.01626621
    endloop
  endfacet
  facet normal -0.258756608 -0.840452969 -0.476113141
    outer loop
      vertex 0.0194596704 -0.0274741407 -0.0146851027
      vertex 0.021279674 -0.0271387883 -0.01626621
      vertex 0.0212796647 -0.0279042479 -0.0149149867
    endloop
  endfacet
  facet normal 0.258735448 -0.816085637 -0.516778767
    outer loop
      vertex 0.021279674 -0.0271387883 -0.01626621
      vertex 0.0212796833 -0.0263079517 -0.0175782442
      vertex 0.0230996888 -0.0259024948 -0.0173073113
    endloop
  endfacet
  facet normal 0.258736163 -0.816085994 -0.516777933
    outer loop
      vertex 0.021279674 -0.0271387883 -0.01626621
      vertex 0.0230996888 -0.0259024948 -0.0173073113
      vertex 0.0230996795 -0.0267205238 -0.0160154998
    endloop
  endfacet
  facet normal 0.706993401 -0.597500145 -0.378356934
    outer loop
      vertex 0.0230996795 -0.0267205238 -0.0160154998
      vertex 0.0230996888 -0.0259024948 -0.0173073113
      vertex 0.0244320352 -0.0247947145 -0.0165671073
    endloop
  endfacet
  facet normal 0.706993401 -0.597500086 -0.378356993
    outer loop
      vertex 0.0230996795 -0.0267205238 -0.0160154998
      vertex 0.0244320352 -0.0247947145 -0.0165671073
      vertex 0.0244320258 -0.0255777594 -0.0153305428
    endloop
  endfacet
  facet normal 0.965903759 -0.218737021 -0.138506263
    outer loop
      vertex 0.0244320258 -0.0255777594 -0.0153305428
      vertex 0.0244320352 -0.0247947145 -0.0165671073
      vertex 0.0249197204 -0.0232814457 -0.0155559685
    endloop
  endfacet
  facet normal 0.965903878 -0.218737021 -0.138505787
    outer loop
      vertex 0.0244320258 -0.0255777594 -0.0153305428
      vertex 0.0249197204 -0.0232814457 -0.0155559685
      vertex 0.0249197111 -0.0240166988 -0.0143948756
    endloop
  endfacet
  facet normal 0.965908885 0.218714193 0.138506815
    outer loop
      vertex 0.0249197111 -0.0240166988 -0.0143948756
      vertex 0.0249197204 -0.0232814457 -0.0155559685
      vertex 0.0244320706 -0.0217681658 -0.0145448307
    endloop
  endfacet
  facet normal 0.965909064 0.218714163 0.138505936
    outer loop
      vertex 0.0249197111 -0.0240166988 -0.0143948756
      vertex 0.0244320706 -0.0217681658 -0.0145448307
      vertex 0.0244320631 -0.022455629 -0.0134592084
    endloop
  endfacet
  facet normal 0.707008123 0.597482622 0.378356814
    outer loop
      vertex 0.0244320631 -0.022455629 -0.0134592084
      vertex 0.0244320706 -0.0217681658 -0.0145448307
      vertex 0.0230997521 -0.0206603538 -0.0138046257
    endloop
  endfacet
  facet normal 0.707007587 0.597482502 0.378358215
    outer loop
      vertex 0.0244320631 -0.022455629 -0.0134592084
      vertex 0.0230997521 -0.0206603538 -0.0138046257
      vertex 0.0230997428 -0.021312831 -0.0127742523
    endloop
  endfacet
  facet normal 0.258754581 0.816079259 0.516779184
    outer loop
      vertex 0.0230997428 -0.021312831 -0.0127742523
      vertex 0.0230997521 -0.0206603538 -0.0138046257
      vertex 0.021279756 -0.0202548541 -0.0135336928
    endloop
  endfacet
  facet normal 0.25875476 0.816079319 0.516779006
    outer loop
      vertex 0.0230997428 -0.021312831 -0.0127742523
      vertex 0.021279756 -0.0202548541 -0.0135336928
      vertex 0.0212797485 -0.0208945256 -0.0125235422
    endloop
  endfacet
  facet normal -0.258735657 0.816085339 0.516778946
    outer loop
      vertex 0.0212797485 -0.0208945256 -0.0125235422
      vertex 0.021279756 -0.0202548541 -0.0135336928
      vertex 0.0194597524 -0.020660311 -0.0138046257
    endloop
  endfacet
  facet normal -0.258735359 0.816085696 0.516778588
    outer loop
      vertex 0.0212797485 -0.0208945256 -0.0125235422
      vertex 0.0194597524 -0.020660311 -0.0138046257
      vertex 0.0194597431 -0.0213127881 -0.0127742523
    endloop
  endfacet
  facet normal -0.706993163 0.597500443 0.378356844
    outer loop
      vertex 0.0194597431 -0.0213127881 -0.0127742523
      vertex 0.0194597524 -0.020660311 -0.0138046257
      vertex 0.018127406 -0.0217680894 -0.0145448307
    endloop
  endfacet
  facet normal -0.706993282 0.597500145 0.378357053
    outer loop
      vertex 0.0194597431 -0.0213127881 -0.0127742523
      vertex 0.018127406 -0.0217680894 -0.0145448307
      vertex 0.0181273967 -0.0224555526 -0.0134592084
    endloop
  endfacet
  facet normal -0.965903699 0.218737438 0.138505757
    outer loop
      vertex 0.0181273967 -0.0224555526 -0.0134592084
      vertex 0.018127406 -0.0217680894 -0.0145448307
      vertex 0.0176397208 -0.0232813582 -0.0155559685
    endloop
  endfacet
  facet normal -0.965903759 0.21873717 0.138505876
    outer loop
      vertex 0.0181273967 -0.0224555526 -0.0134592084
      vertex 0.0176397208 -0.0232813582 -0.0155559685
      vertex 0.0176397115 -0.0240166113 -0.0143948756
    endloop
  endfacet
  facet normal -0.965909123 -0.218713343 -0.138506293
    outer loop
      vertex 0.0176397115 -0.0240166113 -0.0143948756
      vertex 0.0176397208 -0.0232813582 -0.0155559685
      vertex 0.0181273688 -0.0247946382 -0.0165671073
    endloop
  endfacet
  facet normal -0.965909004 -0.218713894 -0.138506055
    outer loop
      vertex 0.0176397115 -0.0240166113 -0.0143948756
      vertex 0.0181273688 -0.0247946382 -0.0165671073
      vertex 0.0181273594 -0.025577683 -0.0153305419
    endloop
  endfacet
  facet normal -0.707007587 -0.597483456 -0.378356844
    outer loop
      vertex 0.0181273594 -0.025577683 -0.0153305419
      vertex 0.0181273688 -0.0247946382 -0.0165671073
      vertex 0.019459689 -0.0259024501 -0.0173073113
    endloop
  endfacet
  facet normal -0.707008362 -0.597481966 -0.378357559
    outer loop
      vertex 0.0181273594 -0.025577683 -0.0153305419
      vertex 0.019459689 -0.0259024501 -0.0173073113
      vertex 0.0194596779 -0.026720481 -0.0160154998
    endloop
  endfacet
  facet normal -0.258755654 -0.81607908 -0.516778886
    outer loop
      vertex 0.0194596779 -0.026720481 -0.0160154998
      vertex 0.019459689 -0.0259024501 -0.0173073113
      vertex 0.0212796833 -0.0263079517 -0.0175782442
    endloop
  endfacet
  facet normal -0.258755267 -0.816079497 -0.516778588
    outer loop
      vertex 0.0194596779 -0.026720481 -0.0160154998
      vertex 0.0212796833 -0.0263079517 -0.0175782442
      vertex 0.021279674 -0.0271387883 -0.01626621
    endloop
  endfacet
  facet normal 0.258736074 -0.789745331 -0.556199431
    outer loop
      vertex 0.0212796833 -0.0263079517 -0.0175782442
      vertex 0.0212796945 -0.025413746 -0.0188479181
      vertex 0.0230996981 -0.0250220709 -0.0185574163
    endloop
  endfacet
  facet normal 0.258735746 -0.789745212 -0.556199849
    outer loop
      vertex 0.0212796833 -0.0263079517 -0.0175782442
      vertex 0.0230996981 -0.0250220709 -0.0185574163
      vertex 0.0230996888 -0.0259024948 -0.0173073113
    endloop
  endfacet
  facet normal 0.706993818 -0.578214526 -0.407219648
    outer loop
      vertex 0.0230996888 -0.0259024948 -0.0173073113
      vertex 0.0230996981 -0.0250220709 -0.0185574163
      vertex 0.0244320445 -0.023951944 -0.0177637469
    endloop
  endfacet
  facet normal 0.706993639 -0.578214467 -0.407219946
    outer loop
      vertex 0.0230996888 -0.0259024948 -0.0173073113
      vertex 0.0244320445 -0.023951944 -0.0177637469
      vertex 0.0244320352 -0.0247947145 -0.0165671073
    endloop
  endfacet
  facet normal 0.965903819 -0.211677164 -0.149072692
    outer loop
      vertex 0.0244320352 -0.0247947145 -0.0165671073
      vertex 0.0244320445 -0.023951944 -0.0177637469
      vertex 0.0249197297 -0.0224901121 -0.0166795738
    endloop
  endfacet
  facet normal 0.965903819 -0.211677119 -0.149072111
    outer loop
      vertex 0.0244320352 -0.0247947145 -0.0165671073
      vertex 0.0249197297 -0.0224901121 -0.0166795738
      vertex 0.0249197204 -0.0232814457 -0.0155559685
    endloop
  endfacet
  facet normal 0.965908825 0.21165435 0.149072096
    outer loop
      vertex 0.0249197204 -0.0232814457 -0.0155559685
      vertex 0.0249197297 -0.0224901121 -0.0166795738
      vertex 0.0244320799 -0.0210282691 -0.0155954016
    endloop
  endfacet
  facet normal 0.965908825 0.21165435 0.149072587
    outer loop
      vertex 0.0249197204 -0.0232814457 -0.0155559685
      vertex 0.0244320799 -0.0210282691 -0.0155954016
      vertex 0.0244320706 -0.0217681658 -0.0145448307
    endloop
  endfacet
  facet normal 0.707007289 0.578197896 0.407219738
    outer loop
      vertex 0.0244320706 -0.0217681658 -0.0145448307
      vertex 0.0244320799 -0.0210282691 -0.0155954016
      vertex 0.0230997596 -0.0199581124 -0.0148017323
    endloop
  endfacet
  facet normal 0.707007885 0.578198135 0.407218248
    outer loop
      vertex 0.0244320706 -0.0217681658 -0.0145448307
      vertex 0.0230997596 -0.0199581124 -0.0148017323
      vertex 0.0230997521 -0.0206603538 -0.0138046257
    endloop
  endfacet
  facet normal 0.258754939 0.78973949 0.556199074
    outer loop
      vertex 0.0230997521 -0.0206603538 -0.0138046257
      vertex 0.0230997596 -0.0199581124 -0.0148017323
      vertex 0.0212797653 -0.0195663944 -0.0145112295
    endloop
  endfacet
  facet normal 0.258754313 0.789739013 0.556200027
    outer loop
      vertex 0.0230997521 -0.0206603538 -0.0138046257
      vertex 0.0212797653 -0.0195663944 -0.0145112295
      vertex 0.021279756 -0.0202548541 -0.0135336928
    endloop
  endfacet
  facet normal -0.258736134 0.789745331 0.556199491
    outer loop
      vertex 0.021279756 -0.0202548541 -0.0135336928
      vertex 0.0212797653 -0.0195663944 -0.0145112295
      vertex 0.0194597598 -0.0199580695 -0.0148017323
    endloop
  endfacet
  facet normal -0.258735985 0.78974545 0.556199372
    outer loop
      vertex 0.021279756 -0.0202548541 -0.0135336928
      vertex 0.0194597598 -0.0199580695 -0.0148017323
      vertex 0.0194597524 -0.020660311 -0.0138046257
    endloop
  endfacet
  facet normal -0.70699352 0.578214943 0.407219529
    outer loop
      vertex 0.0194597524 -0.020660311 -0.0138046257
      vertex 0.0194597598 -0.0199580695 -0.0148017323
      vertex 0.0181274153 -0.0210281927 -0.0155954016
    endloop
  endfacet
  facet normal -0.706993341 0.578215182 0.40721938
    outer loop
      vertex 0.0194597524 -0.020660311 -0.0138046257
      vertex 0.0181274153 -0.0210281927 -0.0155954016
      vertex 0.018127406 -0.0217680894 -0.0145448307
    endloop
  endfacet
  facet normal -0.965903759 0.211677775 0.149071962
    outer loop
      vertex 0.018127406 -0.0217680894 -0.0145448307
      vertex 0.0181274153 -0.0210281927 -0.0155954016
      vertex 0.0176397301 -0.0224900246 -0.0166795738
    endloop
  endfacet
  facet normal -0.965903878 0.211677194 0.14907217
    outer loop
      vertex 0.018127406 -0.0217680894 -0.0145448307
      vertex 0.0176397301 -0.0224900246 -0.0166795738
      vertex 0.0176397208 -0.0232813582 -0.0155559685
    endloop
  endfacet
  facet normal -0.965908945 -0.211654142 -0.149071947
    outer loop
      vertex 0.0176397208 -0.0232813582 -0.0155559685
      vertex 0.0176397301 -0.0224900246 -0.0166795738
      vertex 0.0181273799 -0.0239518695 -0.0177637469
    endloop
  endfacet
  facet normal -0.965909064 -0.211653411 -0.149072185
    outer loop
      vertex 0.0176397208 -0.0232813582 -0.0155559685
      vertex 0.0181273799 -0.0239518695 -0.0177637469
      vertex 0.0181273688 -0.0247946382 -0.0165671073
    endloop
  endfacet
  facet normal -0.707007766 -0.578197539 -0.407219231
    outer loop
      vertex 0.0181273688 -0.0247946382 -0.0165671073
      vertex 0.0181273799 -0.0239518695 -0.0177637469
      vertex 0.0194596983 -0.0250220262 -0.0185574163
    endloop
  endfacet
  facet normal -0.707007229 -0.578198493 -0.407218874
    outer loop
      vertex 0.0181273688 -0.0247946382 -0.0165671073
      vertex 0.0194596983 -0.0250220262 -0.0185574163
      vertex 0.019459689 -0.0259024501 -0.0173073113
    endloop
  endfacet
  facet normal -0.258755177 -0.789739192 -0.556199431
    outer loop
      vertex 0.019459689 -0.0259024501 -0.0173073113
      vertex 0.0194596983 -0.0250220262 -0.0185574163
      vertex 0.0212796945 -0.025413746 -0.0188479181
    endloop
  endfacet
  facet normal -0.258755296 -0.789739072 -0.556199491
    outer loop
      vertex 0.019459689 -0.0259024501 -0.0173073113
      vertex 0.0212796945 -0.025413746 -0.0188479181
      vertex 0.0212796833 -0.0263079517 -0.0175782442
    endloop
  endfacet
  facet normal 0.258736402 -0.761503041 -0.594279945
    outer loop
      vertex 0.0212796945 -0.025413746 -0.0188479181
      vertex 0.0212797057 -0.0244583171 -0.0200721882
      vertex 0.0230997112 -0.024081368 -0.0197628159
    endloop
  endfacet
  facet normal 0.258736432 -0.761503041 -0.594279826
    outer loop
      vertex 0.0212796945 -0.025413746 -0.0188479181
      vertex 0.0230997112 -0.024081368 -0.0197628159
      vertex 0.0230996981 -0.0250220709 -0.0185574163
    endloop
  endfacet
  facet normal 0.706994116 -0.557537735 -0.435098946
    outer loop
      vertex 0.0230996981 -0.0250220709 -0.0185574163
      vertex 0.0230997112 -0.024081368 -0.0197628159
      vertex 0.0244320557 -0.0230514742 -0.0189175941
    endloop
  endfacet
  facet normal 0.706993997 -0.557537615 -0.435099095
    outer loop
      vertex 0.0230996981 -0.0250220709 -0.0185574163
      vertex 0.0244320557 -0.0230514742 -0.0189175941
      vertex 0.0244320445 -0.023951944 -0.0177637469
    endloop
  endfacet
  facet normal 0.965903997 -0.204107895 -0.159277767
    outer loop
      vertex 0.0244320445 -0.023951944 -0.0177637469
      vertex 0.0244320557 -0.0230514742 -0.0189175941
      vertex 0.024919739 -0.0216446016 -0.0177629981
    endloop
  endfacet
  facet normal 0.965903938 -0.204107881 -0.159278661
    outer loop
      vertex 0.0244320445 -0.023951944 -0.0177637469
      vertex 0.024919739 -0.0216446016 -0.0177629981
      vertex 0.0249197297 -0.0224901121 -0.0166795738
    endloop
  endfacet
  facet normal 0.965908885 0.204085097 0.159277484
    outer loop
      vertex 0.0249197297 -0.0224901121 -0.0166795738
      vertex 0.024919739 -0.0216446016 -0.0177629981
      vertex 0.0244320892 -0.0202377159 -0.016608404
    endloop
  endfacet
  facet normal 0.965908706 0.204085067 0.15927811
    outer loop
      vertex 0.0249197297 -0.0224901121 -0.0166795738
      vertex 0.0244320892 -0.0202377159 -0.016608404
      vertex 0.0244320799 -0.0210282691 -0.0155954016
    endloop
  endfacet
  facet normal 0.707007587 0.557520568 0.435098916
    outer loop
      vertex 0.0244320799 -0.0210282691 -0.0155954016
      vertex 0.0244320892 -0.0202377159 -0.016608404
      vertex 0.0230997689 -0.0192077905 -0.0157631803
    endloop
  endfacet
  facet normal 0.707007051 0.55752027 0.435100198
    outer loop
      vertex 0.0244320799 -0.0210282691 -0.0155954016
      vertex 0.0230997689 -0.0192077905 -0.0157631803
      vertex 0.0230997596 -0.0199581124 -0.0148017323
    endloop
  endfacet
  facet normal 0.258754104 0.761496544 0.594280601
    outer loop
      vertex 0.0230997596 -0.0199581124 -0.0148017323
      vertex 0.0230997689 -0.0192077905 -0.0157631803
      vertex 0.0212797727 -0.0188307986 -0.0154538089
    endloop
  endfacet
  facet normal 0.258754671 0.761496961 0.594279766
    outer loop
      vertex 0.0230997596 -0.0199581124 -0.0148017323
      vertex 0.0212797727 -0.0188307986 -0.0154538089
      vertex 0.0212797653 -0.0195663944 -0.0145112295
    endloop
  endfacet
  facet normal -0.258736372 0.761502862 0.594280243
    outer loop
      vertex 0.0212797653 -0.0195663944 -0.0145112295
      vertex 0.0212797727 -0.0188307986 -0.0154538089
      vertex 0.0194597691 -0.0192077477 -0.0157631803
    endloop
  endfacet
  facet normal -0.258736461 0.761502683 0.594280362
    outer loop
      vertex 0.0212797653 -0.0195663944 -0.0145112295
      vertex 0.0194597691 -0.0192077477 -0.0157631803
      vertex 0.0194597598 -0.0199580695 -0.0148017323
    endloop
  endfacet
  facet normal -0.706994057 0.557537198 0.435099661
    outer loop
      vertex 0.0194597598 -0.0199580695 -0.0148017323
      vertex 0.0194597691 -0.0192077477 -0.0157631803
      vertex 0.0181274246 -0.0202376395 -0.016608404
    endloop
  endfacet
  facet normal -0.706993759 0.557537794 0.435099423
    outer loop
      vertex 0.0194597598 -0.0199580695 -0.0148017323
      vertex 0.0181274246 -0.0202376395 -0.016608404
      vertex 0.0181274153 -0.0210281927 -0.0155954016
    endloop
  endfacet
  facet normal -0.965903759 0.204108402 0.159278542
    outer loop
      vertex 0.0181274153 -0.0210281927 -0.0155954016
      vertex 0.0181274246 -0.0202376395 -0.016608404
      vertex 0.0176397394 -0.0216445141 -0.0177629981
    endloop
  endfacet
  facet normal -0.965903819 0.204107955 0.159278691
    outer loop
      vertex 0.0181274153 -0.0210281927 -0.0155954016
      vertex 0.0176397394 -0.0216445141 -0.0177629981
      vertex 0.0176397301 -0.0224900246 -0.0166795738
    endloop
  endfacet
  facet normal -0.965908945 -0.204084992 -0.159277409
    outer loop
      vertex 0.0176397301 -0.0224900246 -0.0166795738
      vertex 0.0176397394 -0.0216445141 -0.0177629981
      vertex 0.0181273893 -0.0230513997 -0.0189175941
    endloop
  endfacet
  facet normal -0.965908885 -0.20408538 -0.15927732
    outer loop
      vertex 0.0176397301 -0.0224900246 -0.0166795738
      vertex 0.0181273893 -0.0230513997 -0.0189175941
      vertex 0.0181273799 -0.0239518695 -0.0177637469
    endloop
  endfacet
  facet normal -0.707006872 -0.557521462 -0.435099036
    outer loop
      vertex 0.0181273799 -0.0239518695 -0.0177637469
      vertex 0.0181273893 -0.0230513997 -0.0189175941
      vertex 0.0194597095 -0.0240813233 -0.0197628159
    endloop
  endfacet
  facet normal -0.707007587 -0.55752027 -0.435099512
    outer loop
      vertex 0.0181273799 -0.0239518695 -0.0177637469
      vertex 0.0194597095 -0.0240813233 -0.0197628159
      vertex 0.0194596983 -0.0250220262 -0.0185574163
    endloop
  endfacet
  facet normal -0.258755058 -0.761496603 -0.594280005
    outer loop
      vertex 0.0194596983 -0.0250220262 -0.0185574163
      vertex 0.0194597095 -0.0240813233 -0.0197628159
      vertex 0.0212797057 -0.0244583171 -0.0200721882
    endloop
  endfacet
  facet normal -0.258754849 -0.761496902 -0.594279826
    outer loop
      vertex 0.0194596983 -0.0250220262 -0.0185574163
      vertex 0.0212797057 -0.0244583171 -0.0200721882
      vertex 0.0212796945 -0.025413746 -0.0188479181
    endloop
  endfacet
  facet normal 0.258736998 -0.731425822 -0.630929112
    outer loop
      vertex 0.0212797057 -0.0244583171 -0.0200721882
      vertex 0.0212797187 -0.0234439559 -0.0212481152
      vertex 0.0230997223 -0.0230826419 -0.0209206175
    endloop
  endfacet
  facet normal 0.258736759 -0.731425643 -0.630929291
    outer loop
      vertex 0.0212797057 -0.0244583171 -0.0200721882
      vertex 0.0230997223 -0.0230826419 -0.0209206175
      vertex 0.0230997112 -0.024081368 -0.0197628159
    endloop
  endfacet
  facet normal 0.706993997 -0.535516381 -0.4619326
    outer loop
      vertex 0.0230997112 -0.024081368 -0.0197628159
      vertex 0.0230997223 -0.0230826419 -0.0209206175
      vertex 0.0244320668 -0.0220954623 -0.0200258791
    endloop
  endfacet
  facet normal 0.706994414 -0.5355165 -0.461931914
    outer loop
      vertex 0.0230997112 -0.024081368 -0.0197628159
      vertex 0.0244320668 -0.0220954623 -0.0200258791
      vertex 0.0244320557 -0.0230514742 -0.0189175941
    endloop
  endfacet
  facet normal 0.965904057 -0.196046531 -0.16910094
    outer loop
      vertex 0.0244320557 -0.0230514742 -0.0189175941
      vertex 0.0244320668 -0.0220954623 -0.0200258791
      vertex 0.0249197502 -0.020746937 -0.0188036412
    endloop
  endfacet
  facet normal 0.965904117 -0.196046576 -0.169100523
    outer loop
      vertex 0.0244320557 -0.0230514742 -0.0189175941
      vertex 0.0249197502 -0.020746937 -0.0188036412
      vertex 0.024919739 -0.0216446016 -0.0177629981
    endloop
  endfacet
  facet normal 0.965908587 0.196023643 0.169101462
    outer loop
      vertex 0.024919739 -0.0216446016 -0.0177629981
      vertex 0.0249197502 -0.020746937 -0.0188036412
      vertex 0.0244320985 -0.0193984006 -0.0175814051
    endloop
  endfacet
  facet normal 0.965908766 0.196023777 0.169100285
    outer loop
      vertex 0.024919739 -0.0216446016 -0.0177629981
      vertex 0.0244320985 -0.0193984006 -0.0175814051
      vertex 0.0244320892 -0.0202377159 -0.016608404
    endloop
  endfacet
  facet normal 0.707006872 0.53550005 0.461931676
    outer loop
      vertex 0.0244320892 -0.0202377159 -0.016608404
      vertex 0.0244320985 -0.0193984006 -0.0175814051
      vertex 0.0230997782 -0.0184111912 -0.0166866649
    endloop
  endfacet
  facet normal 0.707007349 0.535500407 0.461930662
    outer loop
      vertex 0.0244320892 -0.0202377159 -0.016608404
      vertex 0.0230997782 -0.0184111912 -0.0166866649
      vertex 0.0230997689 -0.0192077905 -0.0157631803
    endloop
  endfacet
  facet normal 0.25875482 0.731420875 0.630927444
    outer loop
      vertex 0.0230997689 -0.0192077905 -0.0157631803
      vertex 0.0230997782 -0.0184111912 -0.0166866649
      vertex 0.0212797821 -0.0180498306 -0.016359169
    endloop
  endfacet
  facet normal 0.258753717 0.731419921 0.630929053
    outer loop
      vertex 0.0230997689 -0.0192077905 -0.0157631803
      vertex 0.0212797821 -0.0180498306 -0.016359169
      vertex 0.0212797727 -0.0188307986 -0.0154538089
    endloop
  endfacet
  facet normal -0.258737057 0.731425941 0.630928874
    outer loop
      vertex 0.0212797727 -0.0188307986 -0.0154538089
      vertex 0.0212797821 -0.0180498306 -0.016359169
      vertex 0.0194597784 -0.0184111465 -0.0166866649
    endloop
  endfacet
  facet normal -0.25873667 0.731426358 0.630928397
    outer loop
      vertex 0.0212797727 -0.0188307986 -0.0154538089
      vertex 0.0194597784 -0.0184111465 -0.0166866649
      vertex 0.0194597691 -0.0192077477 -0.0157631803
    endloop
  endfacet
  facet normal -0.706994355 0.535516739 0.461931586
    outer loop
      vertex 0.0194597691 -0.0192077477 -0.0157631803
      vertex 0.0194597784 -0.0184111465 -0.0166866649
      vertex 0.018127434 -0.0193983261 -0.0175814051
    endloop
  endfacet
  facet normal -0.706994295 0.535516798 0.461931586
    outer loop
      vertex 0.0194597691 -0.0192077477 -0.0157631803
      vertex 0.018127434 -0.0193983261 -0.0175814051
      vertex 0.0181274246 -0.0202376395 -0.016608404
    endloop
  endfacet
  facet normal -0.965903997 0.19604674 0.169101223
    outer loop
      vertex 0.0181274246 -0.0202376395 -0.016608404
      vertex 0.018127434 -0.0193983261 -0.0175814051
      vertex 0.0176397506 -0.0207468495 -0.0188036412
    endloop
  endfacet
  facet normal -0.965903878 0.196047291 0.169101104
    outer loop
      vertex 0.0181274246 -0.0202376395 -0.016608404
      vertex 0.0176397506 -0.0207468495 -0.0188036412
      vertex 0.0176397394 -0.0216445141 -0.0177629981
    endloop
  endfacet
  facet normal -0.965908706 -0.196023375 -0.169101238
    outer loop
      vertex 0.0176397394 -0.0216445141 -0.0177629981
      vertex 0.0176397506 -0.0207468495 -0.0188036412
      vertex 0.0181274023 -0.0220953878 -0.0200258791
    endloop
  endfacet
  facet normal -0.965908825 -0.196022674 -0.169101447
    outer loop
      vertex 0.0176397394 -0.0216445141 -0.0177629981
      vertex 0.0181274023 -0.0220953878 -0.0200258791
      vertex 0.0181273893 -0.0230513997 -0.0189175941
    endloop
  endfacet
  facet normal -0.707006574 -0.535499573 -0.461932808
    outer loop
      vertex 0.0181273893 -0.0230513997 -0.0189175941
      vertex 0.0181274023 -0.0220953878 -0.0200258791
      vertex 0.0194597226 -0.0230825972 -0.0209206175
    endloop
  endfacet
  facet normal -0.707006574 -0.535499513 -0.461932808
    outer loop
      vertex 0.0181273893 -0.0230513997 -0.0189175941
      vertex 0.0194597226 -0.0230825972 -0.0209206175
      vertex 0.0194597095 -0.0240813233 -0.0197628159
    endloop
  endfacet
  facet normal -0.25875476 -0.731419325 -0.630929291
    outer loop
      vertex 0.0194597095 -0.0240813233 -0.0197628159
      vertex 0.0194597226 -0.0230825972 -0.0209206175
      vertex 0.0212797187 -0.0234439559 -0.0212481152
    endloop
  endfacet
  facet normal -0.2587547 -0.731419325 -0.630929232
    outer loop
      vertex 0.0194597095 -0.0240813233 -0.0197628159
      vertex 0.0212797187 -0.0234439559 -0.0212481152
      vertex 0.0212797057 -0.0244583171 -0.0200721882
    endloop
  endfacet
  facet normal 0.258736521 -0.699586689 -0.66605854
    outer loop
      vertex 0.0212797187 -0.0234439559 -0.0212481152
      vertex 0.0212797299 -0.0223731194 -0.0223728511
      vertex 0.0230997354 -0.0220283102 -0.0220280197
    endloop
  endfacet
  facet normal 0.258737445 -0.699587226 -0.666057587
    outer loop
      vertex 0.0212797187 -0.0234439559 -0.0212481152
      vertex 0.0230997354 -0.0220283102 -0.0220280197
      vertex 0.0230997223 -0.0230826419 -0.0209206175
    endloop
  endfacet
  facet normal 0.706995189 -0.51220566 -0.487650752
    outer loop
      vertex 0.0230997223 -0.0230826419 -0.0209206175
      vertex 0.0230997354 -0.0220283102 -0.0220280197
      vertex 0.024432078 -0.0210862216 -0.0210859179
    endloop
  endfacet
  facet normal 0.706994295 -0.512205243 -0.487652451
    outer loop
      vertex 0.0230997223 -0.0230826419 -0.0209206175
      vertex 0.024432078 -0.0210862216 -0.0210859179
      vertex 0.0244320668 -0.0220954623 -0.0200258791
    endloop
  endfacet
  facet normal 0.965904057 -0.187512949 -0.178516984
    outer loop
      vertex 0.0244320668 -0.0220954623 -0.0200258791
      vertex 0.024432078 -0.0210862216 -0.0210859179
      vertex 0.0249197613 -0.019799294 -0.0197989829
    endloop
  endfacet
  facet normal 0.965904117 -0.187513039 -0.178516209
    outer loop
      vertex 0.0244320668 -0.0220954623 -0.0200258791
      vertex 0.0249197613 -0.019799294 -0.0197989829
      vertex 0.0249197502 -0.020746937 -0.0188036412
    endloop
  endfacet
  facet normal 0.965908647 0.187490121 0.178516105
    outer loop
      vertex 0.0249197502 -0.020746937 -0.0188036412
      vertex 0.0249197613 -0.019799294 -0.0197989829
      vertex 0.0244321097 -0.0185123533 -0.0185120497
    endloop
  endfacet
  facet normal 0.965908468 0.187489986 0.17851688
    outer loop
      vertex 0.0249197502 -0.020746937 -0.0188036412
      vertex 0.0244321097 -0.0185123533 -0.0185120497
      vertex 0.0244320985 -0.0193984006 -0.0175814051
    endloop
  endfacet
  facet normal 0.707006097 0.512188673 0.487652659
    outer loop
      vertex 0.0244320985 -0.0193984006 -0.0175814051
      vertex 0.0244321097 -0.0185123533 -0.0185120497
      vertex 0.0230997875 -0.0175702367 -0.017569948
    endloop
  endfacet
  facet normal 0.707006633 0.51218909 0.487651467
    outer loop
      vertex 0.0244320985 -0.0193984006 -0.0175814051
      vertex 0.0230997875 -0.0175702367 -0.017569948
      vertex 0.0230997782 -0.0184111912 -0.0166866649
    endloop
  endfacet
  facet normal 0.258755326 0.699580371 0.666057825
    outer loop
      vertex 0.0230997782 -0.0184111912 -0.0166866649
      vertex 0.0230997875 -0.0175702367 -0.017569948
      vertex 0.0212797932 -0.017225381 -0.0172251146
    endloop
  endfacet
  facet normal 0.258754402 0.699579477 0.666059077
    outer loop
      vertex 0.0230997782 -0.0184111912 -0.0166866649
      vertex 0.0212797932 -0.017225381 -0.0172251146
      vertex 0.0212797821 -0.0180498306 -0.016359169
    endloop
  endfacet
  facet normal -0.258737832 0.699586034 0.6660586
    outer loop
      vertex 0.0212797821 -0.0180498306 -0.016359169
      vertex 0.0212797932 -0.017225381 -0.0172251146
      vertex 0.0194597878 -0.017570192 -0.017569948
    endloop
  endfacet
  facet normal -0.258737445 0.69958657 0.666058302
    outer loop
      vertex 0.0212797821 -0.0180498306 -0.016359169
      vertex 0.0194597878 -0.017570192 -0.017569948
      vertex 0.0194597784 -0.0184111465 -0.0166866649
    endloop
  endfacet
  facet normal -0.706994772 0.512205124 0.487651825
    outer loop
      vertex 0.0194597784 -0.0184111465 -0.0166866649
      vertex 0.0194597878 -0.017570192 -0.017569948
      vertex 0.0181274451 -0.0185122788 -0.0185120497
    endloop
  endfacet
  facet normal -0.706994593 0.512205482 0.487651646
    outer loop
      vertex 0.0194597784 -0.0184111465 -0.0166866649
      vertex 0.0181274451 -0.0185122788 -0.0185120497
      vertex 0.018127434 -0.0193983261 -0.0175814051
    endloop
  endfacet
  facet normal -0.965903997 0.187513649 0.178516224
    outer loop
      vertex 0.018127434 -0.0193983261 -0.0175814051
      vertex 0.0181274451 -0.0185122788 -0.0185120497
      vertex 0.0176397618 -0.0197992083 -0.0197989829
    endloop
  endfacet
  facet normal -0.965904117 0.187513456 0.178516284
    outer loop
      vertex 0.018127434 -0.0193983261 -0.0175814051
      vertex 0.0176397618 -0.0197992083 -0.0197989829
      vertex 0.0176397506 -0.0207468495 -0.0188036412
    endloop
  endfacet
  facet normal -0.965908587 -0.187490314 -0.178515911
    outer loop
      vertex 0.0176397506 -0.0207468495 -0.0188036412
      vertex 0.0176397618 -0.0197992083 -0.0197989829
      vertex 0.0181274135 -0.0210861471 -0.0210859179
    endloop
  endfacet
  facet normal -0.965908587 -0.187490433 -0.178515896
    outer loop
      vertex 0.0176397506 -0.0207468495 -0.0188036412
      vertex 0.0181274135 -0.0210861471 -0.0210859179
      vertex 0.0181274023 -0.0220953878 -0.0200258791
    endloop
  endfacet
  facet normal -0.707006454 -0.512188971 -0.487651825
    outer loop
      vertex 0.0181274023 -0.0220953878 -0.0200258791
      vertex 0.0181274135 -0.0210861471 -0.0210859179
      vertex 0.0194597356 -0.0220282655 -0.0220280197
    endloop
  endfacet
  facet normal -0.707006216 -0.512189269 -0.487651706
    outer loop
      vertex 0.0181274023 -0.0220953878 -0.0200258791
      vertex 0.0194597356 -0.0220282655 -0.0220280197
      vertex 0.0194597226 -0.0230825972 -0.0209206175
    endloop
  endfacet
  facet normal -0.258754045 -0.699581027 -0.666057646
    outer loop
      vertex 0.0194597226 -0.0230825972 -0.0209206175
      vertex 0.0194597356 -0.0220282655 -0.0220280197
      vertex 0.0212797299 -0.0223731194 -0.0223728511
    endloop
  endfacet
  facet normal -0.258754402 -0.69958055 -0.666058064
    outer loop
      vertex 0.0194597226 -0.0230825972 -0.0209206175
      vertex 0.0212797299 -0.0223731194 -0.0223728511
      vertex 0.0212797187 -0.0234439559 -0.0212481152
    endloop
  endfacet
  facet normal 0.258737713 -0.666062117 -0.699582756
    outer loop
      vertex 0.0212797299 -0.0223731194 -0.0223728511
      vertex 0.0212797448 -0.0212483834 -0.0234436896
      vertex 0.0230997484 -0.0209209081 -0.0230823532
    endloop
  endfacet
  facet normal 0.258736879 -0.666061461 -0.69958365
    outer loop
      vertex 0.0212797299 -0.0223731194 -0.0223728511
      vertex 0.0230997484 -0.0209209081 -0.0230823532
      vertex 0.0230997354 -0.0220283102 -0.0220280197
    endloop
  endfacet
  facet normal 0.706995189 -0.487659901 -0.512196958
    outer loop
      vertex 0.0230997354 -0.0220283102 -0.0220280197
      vertex 0.0230997484 -0.0209209081 -0.0230823532
      vertex 0.024432091 -0.0200261828 -0.0220951587
    endloop
  endfacet
  facet normal 0.706995428 -0.48766014 -0.512196362
    outer loop
      vertex 0.0230997354 -0.0220283102 -0.0220280197
      vertex 0.024432091 -0.0200261828 -0.0220951587
      vertex 0.024432078 -0.0210862216 -0.0210859179
    endloop
  endfacet
  facet normal 0.965903997 -0.178528577 -0.187501967
    outer loop
      vertex 0.024432078 -0.0210862216 -0.0210859179
      vertex 0.024432091 -0.0200261828 -0.0220951587
      vertex 0.0249197744 -0.0188039523 -0.0207466278
    endloop
  endfacet
  facet normal 0.965904176 -0.178528756 -0.187501147
    outer loop
      vertex 0.024432078 -0.0210862216 -0.0210859179
      vertex 0.0249197744 -0.0188039523 -0.0207466278
      vertex 0.0249197613 -0.019799294 -0.0197989829
    endloop
  endfacet
  facet normal 0.965908468 0.178504542 0.187502295
    outer loop
      vertex 0.0249197613 -0.019799294 -0.0197989829
      vertex 0.0249197744 -0.0188039523 -0.0207466278
      vertex 0.0244321208 -0.0175817087 -0.0193980969
    endloop
  endfacet
  facet normal 0.965908527 0.178504676 0.18750152
    outer loop
      vertex 0.0249197613 -0.019799294 -0.0197989829
      vertex 0.0244321208 -0.0175817087 -0.0193980969
      vertex 0.0244321097 -0.0185123533 -0.0185120497
    endloop
  endfacet
  facet normal 0.707005799 0.487643987 0.512197435
    outer loop
      vertex 0.0244321097 -0.0185123533 -0.0185120497
      vertex 0.0244321208 -0.0175817087 -0.0193980969
      vertex 0.0230997987 -0.0166869536 -0.0184109043
    endloop
  endfacet
  facet normal 0.707005799 0.487643987 0.512197375
    outer loop
      vertex 0.0244321097 -0.0185123533 -0.0185120497
      vertex 0.0230997987 -0.0166869536 -0.0184109043
      vertex 0.0230997875 -0.0175702367 -0.017569948
    endloop
  endfacet
  facet normal 0.25875473 0.66605556 0.699582696
    outer loop
      vertex 0.0230997875 -0.0175702367 -0.017569948
      vertex 0.0230997987 -0.0166869536 -0.0184109043
      vertex 0.0212798025 -0.0163594335 -0.0180495661
    endloop
  endfacet
  facet normal 0.258754969 0.666055799 0.699582458
    outer loop
      vertex 0.0230997875 -0.0175702367 -0.017569948
      vertex 0.0212798025 -0.0163594335 -0.0180495661
      vertex 0.0212797932 -0.017225381 -0.0172251146
    endloop
  endfacet
  facet normal -0.258738428 0.666061759 0.699582815
    outer loop
      vertex 0.0212797932 -0.017225381 -0.0172251146
      vertex 0.0212798025 -0.0163594335 -0.0180495661
      vertex 0.0194597989 -0.0166869089 -0.0184109043
    endloop
  endfacet
  facet normal -0.25873822 0.666062117 0.699582636
    outer loop
      vertex 0.0212797932 -0.017225381 -0.0172251146
      vertex 0.0194597989 -0.0166869089 -0.0184109043
      vertex 0.0194597878 -0.017570192 -0.017569948
    endloop
  endfacet
  facet normal -0.706994772 0.487661034 0.512196481
    outer loop
      vertex 0.0194597878 -0.017570192 -0.017569948
      vertex 0.0194597989 -0.0166869089 -0.0184109043
      vertex 0.0181274563 -0.0175816342 -0.0193980969
    endloop
  endfacet
  facet normal -0.70699501 0.487660229 0.51219672
    outer loop
      vertex 0.0194597878 -0.017570192 -0.017569948
      vertex 0.0181274563 -0.0175816342 -0.0193980969
      vertex 0.0181274451 -0.0185122788 -0.0185120497
    endloop
  endfacet
  facet normal -0.965904057 0.178528324 0.187501967
    outer loop
      vertex 0.0181274451 -0.0185122788 -0.0185120497
      vertex 0.0181274563 -0.0175816342 -0.0193980969
      vertex 0.017639773 -0.0188038666 -0.0207466278
    endloop
  endfacet
  facet normal -0.965904117 0.178527832 0.187502041
    outer loop
      vertex 0.0181274451 -0.0185122788 -0.0185120497
      vertex 0.017639773 -0.0188038666 -0.0207466278
      vertex 0.0176397618 -0.0197992083 -0.0197989829
    endloop
  endfacet
  facet normal -0.965908349 -0.178505614 -0.187501535
    outer loop
      vertex 0.0176397618 -0.0197992083 -0.0197989829
      vertex 0.017639773 -0.0188038666 -0.0207466278
      vertex 0.0181274265 -0.0200261083 -0.0220951587
    endloop
  endfacet
  facet normal -0.965908527 -0.178504527 -0.187501699
    outer loop
      vertex 0.0176397618 -0.0197992083 -0.0197989829
      vertex 0.0181274265 -0.0200261083 -0.0220951587
      vertex 0.0181274135 -0.0210861471 -0.0210859179
    endloop
  endfacet
  facet normal -0.707006097 -0.4876436 -0.512197256
    outer loop
      vertex 0.0181274135 -0.0210861471 -0.0210859179
      vertex 0.0181274265 -0.0200261083 -0.0220951587
      vertex 0.0194597486 -0.0209208634 -0.0230823532
    endloop
  endfacet
  facet normal -0.707006097 -0.48764351 -0.512197256
    outer loop
      vertex 0.0181274135 -0.0210861471 -0.0210859179
      vertex 0.0194597486 -0.0209208634 -0.0230823532
      vertex 0.0194597356 -0.0220282655 -0.0220280197
    endloop
  endfacet
  facet normal -0.258754045 -0.666055143 -0.699583411
    outer loop
      vertex 0.0194597356 -0.0220282655 -0.0220280197
      vertex 0.0194597486 -0.0209208634 -0.0230823532
      vertex 0.0212797448 -0.0212483834 -0.0234436896
    endloop
  endfacet
  facet normal -0.258753598 -0.66605556 -0.699583113
    outer loop
      vertex 0.0194597356 -0.0220282655 -0.0220280197
      vertex 0.0212797448 -0.0212483834 -0.0234436896
      vertex 0.0212797299 -0.0223731194 -0.0223728511
    endloop
  endfacet
  facet normal 0.25873813 -0.630932748 -0.731422305
    outer loop
      vertex 0.0212797448 -0.0212483834 -0.0234436896
      vertex 0.0212797578 -0.0200724583 -0.0244580507
      vertex 0.0230997615 -0.0197631083 -0.0240810793
    endloop
  endfacet
  facet normal 0.25873816 -0.630932808 -0.731422186
    outer loop
      vertex 0.0212797448 -0.0212483834 -0.0234436896
      vertex 0.0230997615 -0.0197631083 -0.0240810793
      vertex 0.0230997484 -0.0209209081 -0.0230823532
    endloop
  endfacet
  facet normal 0.70699501 -0.461940795 -0.535507858
    outer loop
      vertex 0.0230997484 -0.0209209081 -0.0230823532
      vertex 0.0230997615 -0.0197631083 -0.0240810793
      vertex 0.0244321041 -0.0189178996 -0.0230511725
    endloop
  endfacet
  facet normal 0.706995428 -0.461941034 -0.535507202
    outer loop
      vertex 0.0230997484 -0.0209209081 -0.0230823532
      vertex 0.0244321041 -0.0189178996 -0.0230511725
      vertex 0.024432091 -0.0200261828 -0.0220951587
    endloop
  endfacet
  facet normal 0.965904236 -0.169112802 -0.196035102
    outer loop
      vertex 0.024432091 -0.0200261828 -0.0220951587
      vertex 0.0244321041 -0.0189178996 -0.0230511725
      vertex 0.0249197856 -0.017763311 -0.0216442924
    endloop
  endfacet
  facet normal 0.965904057 -0.169112578 -0.196036175
    outer loop
      vertex 0.024432091 -0.0200261828 -0.0220951587
      vertex 0.0249197856 -0.017763311 -0.0216442924
      vertex 0.0249197744 -0.0188039523 -0.0207466278
    endloop
  endfacet
  facet normal 0.965908349 0.169090375 0.196034491
    outer loop
      vertex 0.0249197744 -0.0188039523 -0.0207466278
      vertex 0.0249197856 -0.017763311 -0.0216442924
      vertex 0.024432132 -0.0166087095 -0.0202374142
    endloop
  endfacet
  facet normal 0.965908229 0.169090226 0.196034893
    outer loop
      vertex 0.0249197744 -0.0188039523 -0.0207466278
      vertex 0.024432132 -0.0166087095 -0.0202374142
      vertex 0.0244321208 -0.0175817087 -0.0193980969
    endloop
  endfacet
  facet normal 0.707006156 0.461924732 0.535507083
    outer loop
      vertex 0.0244321208 -0.0175817087 -0.0193980969
      vertex 0.024432132 -0.0166087095 -0.0202374142
      vertex 0.0230998099 -0.0157634709 -0.0192075055
    endloop
  endfacet
  facet normal 0.707005501 0.461924046 0.535508573
    outer loop
      vertex 0.0244321208 -0.0175817087 -0.0193980969
      vertex 0.0230998099 -0.0157634709 -0.0192075055
      vertex 0.0230997987 -0.0166869536 -0.0184109043
    endloop
  endfacet
  facet normal 0.258753628 0.630925953 0.731422544
    outer loop
      vertex 0.0230997987 -0.0166869536 -0.0184109043
      vertex 0.0230998099 -0.0157634709 -0.0192075055
      vertex 0.0212798137 -0.0154540762 -0.0188305341
    endloop
  endfacet
  facet normal 0.258754283 0.630926669 0.731421709
    outer loop
      vertex 0.0230997987 -0.0166869536 -0.0184109043
      vertex 0.0212798137 -0.0154540762 -0.0188305341
      vertex 0.0212798025 -0.0163594335 -0.0180495661
    endloop
  endfacet
  facet normal -0.25873813 0.630933166 0.731421888
    outer loop
      vertex 0.0212798025 -0.0163594335 -0.0180495661
      vertex 0.0212798137 -0.0154540762 -0.0188305341
      vertex 0.0194598101 -0.0157634262 -0.0192075055
    endloop
  endfacet
  facet normal -0.258738875 0.630932212 0.731422484
    outer loop
      vertex 0.0212798025 -0.0163594335 -0.0180495661
      vertex 0.0194598101 -0.0157634262 -0.0192075055
      vertex 0.0194597989 -0.0166869089 -0.0184109043
    endloop
  endfacet
  facet normal -0.706995428 0.461940438 0.535507739
    outer loop
      vertex 0.0194597989 -0.0166869089 -0.0184109043
      vertex 0.0194598101 -0.0157634262 -0.0192075055
      vertex 0.0181274675 -0.016608635 -0.0202374142
    endloop
  endfacet
  facet normal -0.70699507 0.461941272 0.5355075
    outer loop
      vertex 0.0194597989 -0.0166869089 -0.0184109043
      vertex 0.0181274675 -0.016608635 -0.0202374142
      vertex 0.0181274563 -0.0175816342 -0.0193980969
    endloop
  endfacet
  facet normal -0.965904295 0.169112712 0.196035251
    outer loop
      vertex 0.0181274563 -0.0175816342 -0.0193980969
      vertex 0.0181274675 -0.016608635 -0.0202374142
      vertex 0.017639786 -0.0177632254 -0.0216442924
    endloop
  endfacet
  facet normal -0.965904176 0.169113442 0.196035162
    outer loop
      vertex 0.0181274563 -0.0175816342 -0.0193980969
      vertex 0.017639786 -0.0177632254 -0.0216442924
      vertex 0.017639773 -0.0188038666 -0.0207466278
    endloop
  endfacet
  facet normal -0.965908408 -0.169089332 -0.196035266
    outer loop
      vertex 0.017639773 -0.0188038666 -0.0207466278
      vertex 0.017639786 -0.0177632254 -0.0216442924
      vertex 0.0181274395 -0.0189178251 -0.0230511725
    endloop
  endfacet
  facet normal -0.96590817 -0.169090167 -0.196035191
    outer loop
      vertex 0.017639773 -0.0188038666 -0.0207466278
      vertex 0.0181274395 -0.0189178251 -0.0230511725
      vertex 0.0181274265 -0.0200261083 -0.0220951587
    endloop
  endfacet
  facet normal -0.707005799 -0.461924732 -0.53550756
    outer loop
      vertex 0.0181274265 -0.0200261083 -0.0220951587
      vertex 0.0181274395 -0.0189178251 -0.0230511725
      vertex 0.0194597617 -0.0197630636 -0.0240810793
    endloop
  endfacet
  facet normal -0.707005858 -0.461924672 -0.535507619
    outer loop
      vertex 0.0181274265 -0.0200261083 -0.0220951587
      vertex 0.0194597617 -0.0197630636 -0.0240810793
      vertex 0.0194597486 -0.0209208634 -0.0230823532
    endloop
  endfacet
  facet normal -0.258753568 -0.630926728 -0.731421888
    outer loop
      vertex 0.0194597486 -0.0209208634 -0.0230823532
      vertex 0.0194597617 -0.0197630636 -0.0240810793
      vertex 0.0212797578 -0.0200724583 -0.0244580507
    endloop
  endfacet
  facet normal -0.258753598 -0.630926788 -0.731421888
    outer loop
      vertex 0.0194597486 -0.0209208634 -0.0230823532
      vertex 0.0212797578 -0.0200724583 -0.0244580507
      vertex 0.0212797448 -0.0212483834 -0.0234436896
    endloop
  endfacet
  facet normal 0.258738339 -0.594283283 -0.761499763
    outer loop
      vertex 0.0212797578 -0.0200724583 -0.0244580507
      vertex 0.0212797727 -0.018848177 -0.025413489
      vertex 0.0230997764 -0.0185576975 -0.0250217915
    endloop
  endfacet
  facet normal 0.258738577 -0.594283462 -0.761499524
    outer loop
      vertex 0.0212797578 -0.0200724583 -0.0244580507
      vertex 0.0230997764 -0.0185576975 -0.0250217915
      vertex 0.0230997615 -0.0197631083 -0.0240810793
    endloop
  endfacet
  facet normal 0.706995547 -0.435108393 -0.557528436
    outer loop
      vertex 0.0230997615 -0.0197631083 -0.0240810793
      vertex 0.0230997764 -0.0185576975 -0.0250217915
      vertex 0.024432119 -0.0177640431 -0.0239516497
    endloop
  endfacet
  facet normal 0.706995368 -0.435108304 -0.557528794
    outer loop
      vertex 0.0230997615 -0.0197631083 -0.0240810793
      vertex 0.024432119 -0.0177640431 -0.0239516497
      vertex 0.0244321041 -0.0189178996 -0.0230511725
    endloop
  endfacet
  facet normal 0.965904534 -0.159290209 -0.20409584
    outer loop
      vertex 0.0244321041 -0.0189178996 -0.0230511725
      vertex 0.024432119 -0.0177640431 -0.0239516497
      vertex 0.0249197986 -0.0166798774 -0.0224898122
    endloop
  endfacet
  facet normal 0.965904415 -0.159290031 -0.204096466
    outer loop
      vertex 0.0244321041 -0.0189178996 -0.0230511725
      vertex 0.0249197986 -0.0166798774 -0.0224898122
      vertex 0.0249197856 -0.017763311 -0.0216442924
    endloop
  endfacet
  facet normal 0.965908349 0.159266502 0.204096064
    outer loop
      vertex 0.0249197856 -0.017763311 -0.0216442924
      vertex 0.0249197986 -0.0166798774 -0.0224898122
      vertex 0.0244321451 -0.0155956987 -0.0210279748
    endloop
  endfacet
  facet normal 0.965908229 0.159266219 0.204096943
    outer loop
      vertex 0.0249197856 -0.017763311 -0.0216442924
      vertex 0.0244321451 -0.0155956987 -0.0210279748
      vertex 0.024432132 -0.0166087095 -0.0202374142
    endloop
  endfacet
  facet normal 0.707005382 0.43509087 0.557529569
    outer loop
      vertex 0.024432132 -0.0166087095 -0.0202374142
      vertex 0.0244321451 -0.0155956987 -0.0210279748
      vertex 0.0230998211 -0.0148020126 -0.0199578349
    endloop
  endfacet
  facet normal 0.707005799 0.435091376 0.557528675
    outer loop
      vertex 0.024432132 -0.0166087095 -0.0202374142
      vertex 0.0230998211 -0.0148020126 -0.0199578349
      vertex 0.0230998099 -0.0157634709 -0.0192075055
    endloop
  endfacet
  facet normal 0.258752942 0.594277024 0.761499643
    outer loop
      vertex 0.0230998099 -0.0157634709 -0.0192075055
      vertex 0.0230998211 -0.0148020126 -0.0199578349
      vertex 0.0212798249 -0.0145114884 -0.0195661373
    endloop
  endfacet
  facet normal 0.258753121 0.594277263 0.761499405
    outer loop
      vertex 0.0230998099 -0.0157634709 -0.0192075055
      vertex 0.0212798249 -0.0145114884 -0.0195661373
      vertex 0.0212798137 -0.0154540762 -0.0188305341
    endloop
  endfacet
  facet normal -0.258738637 0.594283521 0.761499524
    outer loop
      vertex 0.0212798137 -0.0154540762 -0.0188305341
      vertex 0.0212798249 -0.0145114884 -0.0195661373
      vertex 0.0194598213 -0.0148019688 -0.0199578349
    endloop
  endfacet
  facet normal -0.258738577 0.594283521 0.761499405
    outer loop
      vertex 0.0212798137 -0.0154540762 -0.0188305341
      vertex 0.0194598213 -0.0148019688 -0.0199578349
      vertex 0.0194598101 -0.0157634262 -0.0192075055
    endloop
  endfacet
  facet normal -0.706994951 0.435108542 0.557529032
    outer loop
      vertex 0.0194598101 -0.0157634262 -0.0192075055
      vertex 0.0194598213 -0.0148019688 -0.0199578349
      vertex 0.0181274787 -0.0155956224 -0.0210279748
    endloop
  endfacet
  facet normal -0.706995726 0.435106903 0.557529449
    outer loop
      vertex 0.0194598101 -0.0157634262 -0.0192075055
      vertex 0.0181274787 -0.0155956224 -0.0210279748
      vertex 0.0181274675 -0.016608635 -0.0202374142
    endloop
  endfacet
  facet normal -0.965904593 0.159288839 0.20409669
    outer loop
      vertex 0.0181274675 -0.016608635 -0.0202374142
      vertex 0.0181274787 -0.0155956224 -0.0210279748
      vertex 0.017639799 -0.0166797899 -0.0224898122
    endloop
  endfacet
  facet normal -0.965904355 0.159289896 0.20409663
    outer loop
      vertex 0.0181274675 -0.016608635 -0.0202374142
      vertex 0.017639799 -0.0166797899 -0.0224898122
      vertex 0.017639786 -0.0177632254 -0.0216442924
    endloop
  endfacet
  facet normal -0.965908408 -0.159266323 -0.204096183
    outer loop
      vertex 0.017639786 -0.0177632254 -0.0216442924
      vertex 0.017639799 -0.0166797899 -0.0224898122
      vertex 0.0181274526 -0.0177639686 -0.0239516497
    endloop
  endfacet
  facet normal -0.965908229 -0.159267068 -0.204096168
    outer loop
      vertex 0.017639786 -0.0177632254 -0.0216442924
      vertex 0.0181274526 -0.0177639686 -0.0239516497
      vertex 0.0181274395 -0.0189178251 -0.0230511725
    endloop
  endfacet
  facet normal -0.707005441 -0.435091376 -0.557529092
    outer loop
      vertex 0.0181274395 -0.0189178251 -0.0230511725
      vertex 0.0181274526 -0.0177639686 -0.0239516497
      vertex 0.0194597766 -0.0185576528 -0.0250217915
    endloop
  endfacet
  facet normal -0.707005501 -0.435091436 -0.557529092
    outer loop
      vertex 0.0181274395 -0.0189178251 -0.0230511725
      vertex 0.0194597766 -0.0185576528 -0.0250217915
      vertex 0.0194597617 -0.0197630636 -0.0240810793
    endloop
  endfacet
  facet normal -0.258752942 -0.594277143 -0.761499584
    outer loop
      vertex 0.0194597617 -0.0197630636 -0.0240810793
      vertex 0.0194597766 -0.0185576528 -0.0250217915
      vertex 0.0212797727 -0.018848177 -0.025413489
    endloop
  endfacet
  facet normal -0.258753151 -0.594276905 -0.761499643
    outer loop
      vertex 0.0194597617 -0.0197630636 -0.0240810793
      vertex 0.0212797727 -0.018848177 -0.025413489
      vertex 0.0212797578 -0.0200724583 -0.0244580507
    endloop
  endfacet
  facet normal 0.258738667 -0.556201994 -0.789742827
    outer loop
      vertex 0.0212797727 -0.018848177 -0.025413489
      vertex 0.0212797876 -0.0175785143 -0.0263076853
      vertex 0.0230997913 -0.0173076037 -0.0259022061
    endloop
  endfacet
  facet normal 0.258738786 -0.556202173 -0.789742649
    outer loop
      vertex 0.0212797727 -0.018848177 -0.025413489
      vertex 0.0230997913 -0.0173076037 -0.0259022061
      vertex 0.0230997764 -0.0185576975 -0.0250217915
    endloop
  endfacet
  facet normal 0.706996202 -0.40722695 -0.57820636
    outer loop
      vertex 0.0230997764 -0.0185576975 -0.0250217915
      vertex 0.0230997913 -0.0173076037 -0.0259022061
      vertex 0.024432132 -0.0165674128 -0.0247944109
    endloop
  endfacet
  facet normal 0.706995904 -0.407226592 -0.578206956
    outer loop
      vertex 0.0230997764 -0.0185576975 -0.0250217915
      vertex 0.024432132 -0.0165674128 -0.0247944109
      vertex 0.024432119 -0.0177640431 -0.0239516497
    endloop
  endfacet
  facet normal 0.965904474 -0.149082929 -0.211666778
    outer loop
      vertex 0.024432119 -0.0177640431 -0.0239516497
      vertex 0.024432132 -0.0165674128 -0.0247944109
      vertex 0.0249198116 -0.0155562814 -0.0232811384
    endloop
  endfacet
  facet normal 0.965904713 -0.149083242 -0.211665839
    outer loop
      vertex 0.024432119 -0.0177640431 -0.0239516497
      vertex 0.0249198116 -0.0155562814 -0.0232811384
      vertex 0.0249197986 -0.0166798774 -0.0224898122
    endloop
  endfacet
  facet normal 0.96590811 0.149060756 0.211665764
    outer loop
      vertex 0.0249197986 -0.0166798774 -0.0224898122
      vertex 0.0249198116 -0.0155562814 -0.0232811384
      vertex 0.0244321562 -0.0145451371 -0.021767864
    endloop
  endfacet
  facet normal 0.965908229 0.149061054 0.21166496
    outer loop
      vertex 0.0249197986 -0.0166798774 -0.0224898122
      vertex 0.0244321562 -0.0145451371 -0.021767864
      vertex 0.0244321451 -0.0155956987 -0.0210279748
    endloop
  endfacet
  facet normal 0.707006216 0.407210886 0.578205526
    outer loop
      vertex 0.0244321451 -0.0155956987 -0.0210279748
      vertex 0.0244321562 -0.0145451371 -0.021767864
      vertex 0.0230998341 -0.0138049144 -0.0206600688
    endloop
  endfacet
  facet normal 0.707005024 0.407209605 0.578207791
    outer loop
      vertex 0.0244321451 -0.0155956987 -0.0210279748
      vertex 0.0230998341 -0.0138049144 -0.0206600688
      vertex 0.0230998211 -0.0148020126 -0.0199578349
    endloop
  endfacet
  facet normal 0.258751899 0.55619514 0.789743245
    outer loop
      vertex 0.0230998211 -0.0148020126 -0.0199578349
      vertex 0.0230998341 -0.0138049144 -0.0206600688
      vertex 0.0212798361 -0.0135339601 -0.0202545896
    endloop
  endfacet
  facet normal 0.258752495 0.556195855 0.789742589
    outer loop
      vertex 0.0230998211 -0.0148020126 -0.0199578349
      vertex 0.0212798361 -0.0135339601 -0.0202545896
      vertex 0.0212798249 -0.0145114884 -0.0195661373
    endloop
  endfacet
  facet normal -0.258739144 0.556201875 0.789742649
    outer loop
      vertex 0.0212798249 -0.0145114884 -0.0195661373
      vertex 0.0212798361 -0.0135339601 -0.0202545896
      vertex 0.0194598343 -0.0138048716 -0.0206600688
    endloop
  endfacet
  facet normal -0.258739084 0.556201994 0.789742649
    outer loop
      vertex 0.0212798249 -0.0145114884 -0.0195661373
      vertex 0.0194598343 -0.0138048716 -0.0206600688
      vertex 0.0194598213 -0.0148019688 -0.0199578349
    endloop
  endfacet
  facet normal -0.706995368 0.407227695 0.578206718
    outer loop
      vertex 0.0194598213 -0.0148019688 -0.0199578349
      vertex 0.0194598343 -0.0138048716 -0.0206600688
      vertex 0.0181274917 -0.0145450607 -0.021767864
    endloop
  endfacet
  facet normal -0.706995308 0.407228023 0.578206718
    outer loop
      vertex 0.0194598213 -0.0148019688 -0.0199578349
      vertex 0.0181274917 -0.0145450607 -0.021767864
      vertex 0.0181274787 -0.0155956224 -0.0210279748
    endloop
  endfacet
  facet normal -0.965904593 0.149083868 0.211665735
    outer loop
      vertex 0.0181274787 -0.0155956224 -0.0210279748
      vertex 0.0181274917 -0.0145450607 -0.021767864
      vertex 0.0176398121 -0.0155561939 -0.0232811384
    endloop
  endfacet
  facet normal -0.965904653 0.149083123 0.211665735
    outer loop
      vertex 0.0181274787 -0.0155956224 -0.0210279748
      vertex 0.0176398121 -0.0155561939 -0.0232811384
      vertex 0.017639799 -0.0166797899 -0.0224898122
    endloop
  endfacet
  facet normal -0.96590811 -0.149060875 -0.211665928
    outer loop
      vertex 0.017639799 -0.0166797899 -0.0224898122
      vertex 0.0176398121 -0.0155561939 -0.0232811384
      vertex 0.0181274675 -0.0165673383 -0.0247944109
    endloop
  endfacet
  facet normal -0.96590817 -0.149059758 -0.211665899
    outer loop
      vertex 0.017639799 -0.0166797899 -0.0224898122
      vertex 0.0181274675 -0.0165673383 -0.0247944109
      vertex 0.0181274526 -0.0177639686 -0.0239516497
    endloop
  endfacet
  facet normal -0.707005739 -0.407209903 -0.578206718
    outer loop
      vertex 0.0181274526 -0.0177639686 -0.0239516497
      vertex 0.0181274675 -0.0165673383 -0.0247944109
      vertex 0.0194597915 -0.0173075609 -0.0259022061
    endloop
  endfacet
  facet normal -0.707005203 -0.407210886 -0.578206599
    outer loop
      vertex 0.0181274526 -0.0177639686 -0.0239516497
      vertex 0.0194597915 -0.0173075609 -0.0259022061
      vertex 0.0194597766 -0.0185576528 -0.0250217915
    endloop
  endfacet
  facet normal -0.258751869 -0.556196511 -0.789742351
    outer loop
      vertex 0.0194597766 -0.0185576528 -0.0250217915
      vertex 0.0194597915 -0.0173075609 -0.0259022061
      vertex 0.0212797876 -0.0175785143 -0.0263076853
    endloop
  endfacet
  facet normal -0.258752525 -0.556195796 -0.789742649
    outer loop
      vertex 0.0194597766 -0.0185576528 -0.0250217915
      vertex 0.0212797876 -0.0175785143 -0.0263076853
      vertex 0.0212797727 -0.018848177 -0.025413489
    endloop
  endfacet
  facet normal 0.258739233 -0.516782641 -0.816081882
    outer loop
      vertex 0.0212797876 -0.0175785143 -0.0263076853
      vertex 0.0212798044 -0.0162664801 -0.0271385238
      vertex 0.0230998062 -0.0160157923 -0.0267202388
    endloop
  endfacet
  facet normal 0.258739144 -0.516782582 -0.816081941
    outer loop
      vertex 0.0212797876 -0.0175785143 -0.0263076853
      vertex 0.0230998062 -0.0160157923 -0.0267202388
      vertex 0.0230997913 -0.0173076037 -0.0259022061
    endloop
  endfacet
  facet normal 0.706996381 -0.378366023 -0.597490788
    outer loop
      vertex 0.0230997913 -0.0173076037 -0.0259022061
      vertex 0.0230998062 -0.0160157923 -0.0267202388
      vertex 0.0244321469 -0.0153308501 -0.0255774576
    endloop
  endfacet
  facet normal 0.70699656 -0.378366172 -0.59749043
    outer loop
      vertex 0.0230997913 -0.0173076037 -0.0259022061
      vertex 0.0244321469 -0.0153308501 -0.0255774576
      vertex 0.024432132 -0.0165674128 -0.0247944109
    endloop
  endfacet
  facet normal 0.965904474 -0.138518706 -0.218725979
    outer loop
      vertex 0.024432132 -0.0165674128 -0.0247944109
      vertex 0.0244321469 -0.0153308501 -0.0255774576
      vertex 0.0249198265 -0.0143951885 -0.0240163933
    endloop
  endfacet
  facet normal 0.965904593 -0.138518929 -0.218725443
    outer loop
      vertex 0.024432132 -0.0165674128 -0.0247944109
      vertex 0.0249198265 -0.0143951885 -0.0240163933
      vertex 0.0249198116 -0.0155562814 -0.0232811384
    endloop
  endfacet
  facet normal 0.965907872 0.13849467 0.218726277
    outer loop
      vertex 0.0249198116 -0.0155562814 -0.0232811384
      vertex 0.0249198265 -0.0143951885 -0.0240163933
      vertex 0.0244321693 -0.0134595148 -0.0224553272
    endloop
  endfacet
  facet normal 0.965907991 0.138494954 0.218725592
    outer loop
      vertex 0.0249198116 -0.0155562814 -0.0232811384
      vertex 0.0244321693 -0.0134595148 -0.0224553272
      vertex 0.0244321562 -0.0145451371 -0.021767864
    endloop
  endfacet
  facet normal 0.707005084 0.378348976 0.597491264
    outer loop
      vertex 0.0244321562 -0.0145451371 -0.021767864
      vertex 0.0244321693 -0.0134595148 -0.0224553272
      vertex 0.0230998453 -0.012774541 -0.0213125478
    endloop
  endfacet
  facet normal 0.707005799 0.37834993 0.597489893
    outer loop
      vertex 0.0244321562 -0.0145451371 -0.021767864
      vertex 0.0230998453 -0.012774541 -0.0213125478
      vertex 0.0230998341 -0.0138049144 -0.0206600688
    endloop
  endfacet
  facet normal 0.258752406 0.51677686 0.816081464
    outer loop
      vertex 0.0230998341 -0.0138049144 -0.0206600688
      vertex 0.0230998453 -0.012774541 -0.0213125478
      vertex 0.0212798491 -0.0125238094 -0.0208942611
    endloop
  endfacet
  facet normal 0.258751452 0.516775668 0.816082537
    outer loop
      vertex 0.0230998341 -0.0138049144 -0.0206600688
      vertex 0.0212798491 -0.0125238094 -0.0208942611
      vertex 0.0212798361 -0.0135339601 -0.0202545896
    endloop
  endfacet
  facet normal -0.258740038 0.516782105 0.816082001
    outer loop
      vertex 0.0212798361 -0.0135339601 -0.0202545896
      vertex 0.0212798491 -0.0125238094 -0.0208942611
      vertex 0.0194598455 -0.0127744982 -0.0213125478
    endloop
  endfacet
  facet normal -0.25873965 0.516782701 0.816081762
    outer loop
      vertex 0.0212798361 -0.0135339601 -0.0202545896
      vertex 0.0194598455 -0.0127744982 -0.0213125478
      vertex 0.0194598343 -0.0138048716 -0.0206600688
    endloop
  endfacet
  facet normal -0.706995845 0.378366172 0.597491324
    outer loop
      vertex 0.0194598343 -0.0138048716 -0.0206600688
      vertex 0.0194598455 -0.0127744982 -0.0213125478
      vertex 0.0181275047 -0.0134594394 -0.0224553272
    endloop
  endfacet
  facet normal -0.706995785 0.378366321 0.597491384
    outer loop
      vertex 0.0194598343 -0.0138048716 -0.0206600688
      vertex 0.0181275047 -0.0134594394 -0.0224553272
      vertex 0.0181274917 -0.0145450607 -0.021767864
    endloop
  endfacet
  facet normal -0.965904832 0.138517976 0.2187251
    outer loop
      vertex 0.0181274917 -0.0145450607 -0.021767864
      vertex 0.0181275047 -0.0134594394 -0.0224553272
      vertex 0.017639827 -0.014395101 -0.0240163933
    endloop
  endfacet
  facet normal -0.965904653 0.138518751 0.218725145
    outer loop
      vertex 0.0181274917 -0.0145450607 -0.021767864
      vertex 0.017639827 -0.014395101 -0.0240163933
      vertex 0.0176398121 -0.0155561939 -0.0232811384
    endloop
  endfacet
  facet normal -0.96590811 -0.138494298 -0.218725681
    outer loop
      vertex 0.0176398121 -0.0155561939 -0.0232811384
      vertex 0.017639827 -0.014395101 -0.0240163933
      vertex 0.0181274824 -0.0153307747 -0.0255774576
    endloop
  endfacet
  facet normal -0.965907931 -0.138495177 -0.218725711
    outer loop
      vertex 0.0176398121 -0.0155561939 -0.0232811384
      vertex 0.0181274824 -0.0153307747 -0.0255774576
      vertex 0.0181274675 -0.0165673383 -0.0247944109
    endloop
  endfacet
  facet normal -0.70700562 -0.378348976 -0.597490668
    outer loop
      vertex 0.0181274675 -0.0165673383 -0.0247944109
      vertex 0.0181274824 -0.0153307747 -0.0255774576
      vertex 0.0194598064 -0.0160157494 -0.0267202388
    endloop
  endfacet
  facet normal -0.707005262 -0.378349572 -0.597490609
    outer loop
      vertex 0.0181274675 -0.0165673383 -0.0247944109
      vertex 0.0194598064 -0.0160157494 -0.0267202388
      vertex 0.0194597915 -0.0173075609 -0.0259022061
    endloop
  endfacet
  facet normal -0.258751154 -0.516776621 -0.81608206
    outer loop
      vertex 0.0194597915 -0.0173075609 -0.0259022061
      vertex 0.0194598064 -0.0160157494 -0.0267202388
      vertex 0.0212798044 -0.0162664801 -0.0271385238
    endloop
  endfacet
  facet normal -0.258751452 -0.516776264 -0.81608212
    outer loop
      vertex 0.0194597915 -0.0173075609 -0.0259022061
      vertex 0.0212798044 -0.0162664801 -0.0271385238
      vertex 0.0212797876 -0.0175785143 -0.0263076853
    endloop
  endfacet
  facet normal 0.258740544 -0.476116627 -0.840455949
    outer loop
      vertex 0.0212798044 -0.0162664801 -0.0271385238
      vertex 0.0212798193 -0.0149152586 -0.0279039834
      vertex 0.0230998229 -0.0146853961 -0.0274738986
    endloop
  endfacet
  facet normal 0.25873974 -0.476115853 -0.840456665
    outer loop
      vertex 0.0212798044 -0.0162664801 -0.0271385238
      vertex 0.0230998229 -0.0146853961 -0.0274738986
      vertex 0.0230998062 -0.0160157923 -0.0267202388
    endloop
  endfacet
  facet normal 0.706996679 -0.34859255 -0.615336478
    outer loop
      vertex 0.0230998062 -0.0160157923 -0.0267202388
      vertex 0.0230998229 -0.0146853961 -0.0274738986
      vertex 0.0244321618 -0.0140573531 -0.0262988862
    endloop
  endfacet
  facet normal 0.706996799 -0.348592669 -0.615336359
    outer loop
      vertex 0.0230998062 -0.0160157923 -0.0267202388
      vertex 0.0244321618 -0.0140573531 -0.0262988862
      vertex 0.0244321469 -0.0153308501 -0.0255774576
    endloop
  endfacet
  facet normal 0.965904474 -0.127619371 -0.225259304
    outer loop
      vertex 0.0244321469 -0.0153308501 -0.0255774576
      vertex 0.0244321618 -0.0140573531 -0.0262988862
      vertex 0.0249198414 -0.0131994169 -0.0246937908
    endloop
  endfacet
  facet normal 0.965904593 -0.127619699 -0.225258589
    outer loop
      vertex 0.0244321469 -0.0153308501 -0.0255774576
      vertex 0.0249198414 -0.0131994169 -0.0246937908
      vertex 0.0249198265 -0.0143951885 -0.0240163933
    endloop
  endfacet
  facet normal 0.965907872 0.127595514 0.225258395
    outer loop
      vertex 0.0249198265 -0.0143951885 -0.0240163933
      vertex 0.0249198414 -0.0131994169 -0.0246937908
      vertex 0.0244321842 -0.0123414686 -0.0230886936
    endloop
  endfacet
  facet normal 0.965907753 0.127595112 0.225259215
    outer loop
      vertex 0.0249198265 -0.0143951885 -0.0240163933
      vertex 0.0244321842 -0.0123414686 -0.0230886936
      vertex 0.0244321693 -0.0134595148 -0.0224553272
    endloop
  endfacet
  facet normal 0.707004309 0.348575473 0.615337372
    outer loop
      vertex 0.0244321693 -0.0134595148 -0.0224553272
      vertex 0.0244321842 -0.0123414686 -0.0230886936
      vertex 0.0230998583 -0.0117133949 -0.0219136812
    endloop
  endfacet
  facet normal 0.707004786 0.348576039 0.615336537
    outer loop
      vertex 0.0244321693 -0.0134595148 -0.0224553272
      vertex 0.0230998583 -0.0117133949 -0.0219136812
      vertex 0.0230998453 -0.012774541 -0.0213125478
    endloop
  endfacet
  facet normal 0.258751661 0.476110518 0.840456069
    outer loop
      vertex 0.0230998453 -0.012774541 -0.0213125478
      vertex 0.0230998583 -0.0117133949 -0.0219136812
      vertex 0.0212798622 -0.0114834877 -0.0214835983
    endloop
  endfacet
  facet normal 0.258751959 0.476110846 0.84045577
    outer loop
      vertex 0.0230998453 -0.012774541 -0.0213125478
      vertex 0.0212798622 -0.0114834877 -0.0214835983
      vertex 0.0212798491 -0.0125238094 -0.0208942611
    endloop
  endfacet
  facet normal -0.258739948 0.476117313 0.84045577
    outer loop
      vertex 0.0212798491 -0.0125238094 -0.0208942611
      vertex 0.0212798622 -0.0114834877 -0.0214835983
      vertex 0.0194598585 -0.0117133511 -0.0219136812
    endloop
  endfacet
  facet normal -0.258740544 0.476116449 0.840456069
    outer loop
      vertex 0.0212798491 -0.0125238094 -0.0208942611
      vertex 0.0194598585 -0.0117133511 -0.0219136812
      vertex 0.0194598455 -0.0127744982 -0.0213125478
    endloop
  endfacet
  facet normal -0.706996024 0.348593235 0.615336835
    outer loop
      vertex 0.0194598455 -0.0127744982 -0.0213125478
      vertex 0.0194598585 -0.0117133511 -0.0219136812
      vertex 0.0181275178 -0.0123413932 -0.0230886936
    endloop
  endfacet
  facet normal -0.706996202 0.348592818 0.615336895
    outer loop
      vertex 0.0194598455 -0.0127744982 -0.0213125478
      vertex 0.0181275178 -0.0123413932 -0.0230886936
      vertex 0.0181275047 -0.0134594394 -0.0224553272
    endloop
  endfacet
  facet normal -0.965904891 0.12761876 0.22525835
    outer loop
      vertex 0.0181275047 -0.0134594394 -0.0224553272
      vertex 0.0181275178 -0.0123413932 -0.0230886936
      vertex 0.01763984 -0.0131993294 -0.0246937908
    endloop
  endfacet
  facet normal -0.965904951 0.127618 0.225258291
    outer loop
      vertex 0.0181275047 -0.0134594394 -0.0224553272
      vertex 0.01763984 -0.0131993294 -0.0246937908
      vertex 0.017639827 -0.014395101 -0.0240163933
    endloop
  endfacet
  facet normal -0.965907812 -0.127596766 -0.225257978
    outer loop
      vertex 0.017639827 -0.014395101 -0.0240163933
      vertex 0.01763984 -0.0131993294 -0.0246937908
      vertex 0.0181274973 -0.0140572777 -0.0262988862
    endloop
  endfacet
  facet normal -0.965907931 -0.127595961 -0.225257874
    outer loop
      vertex 0.017639827 -0.014395101 -0.0240163933
      vertex 0.0181274973 -0.0140572777 -0.0262988862
      vertex 0.0181274824 -0.0153307747 -0.0255774576
    endloop
  endfacet
  facet normal -0.707004488 -0.348576337 -0.615336716
    outer loop
      vertex 0.0181274824 -0.0153307747 -0.0255774576
      vertex 0.0181274973 -0.0140572777 -0.0262988862
      vertex 0.0194598231 -0.0146853523 -0.0274738986
    endloop
  endfacet
  facet normal -0.707005203 -0.348574609 -0.615336776
    outer loop
      vertex 0.0181274824 -0.0153307747 -0.0255774576
      vertex 0.0194598231 -0.0146853523 -0.0274738986
      vertex 0.0194598064 -0.0160157494 -0.0267202388
    endloop
  endfacet
  facet normal -0.258752197 -0.476108968 -0.840456665
    outer loop
      vertex 0.0194598064 -0.0160157494 -0.0267202388
      vertex 0.0194598231 -0.0146853523 -0.0274738986
      vertex 0.0212798193 -0.0149152586 -0.0279039834
    endloop
  endfacet
  facet normal -0.258750677 -0.476110935 -0.840456069
    outer loop
      vertex 0.0194598064 -0.0160157494 -0.0267202388
      vertex 0.0212798193 -0.0149152586 -0.0279039834
      vertex 0.0212798044 -0.0162664801 -0.0271385238
    endloop
  endfacet
  facet normal 0.258740574 -0.434302628 -0.862806141
    outer loop
      vertex 0.0212798193 -0.0149152586 -0.0279039834
      vertex 0.0212798361 -0.0135281058 -0.0286022164
      vertex 0.0230998397 -0.0133196227 -0.0281613711
    endloop
  endfacet
  facet normal 0.258741051 -0.434303105 -0.862805843
    outer loop
      vertex 0.0212798193 -0.0149152586 -0.0279039834
      vertex 0.0230998397 -0.0133196227 -0.0281613711
      vertex 0.0230998229 -0.0146853961 -0.0274738986
    endloop
  endfacet
  facet normal 0.706996679 -0.317979634 -0.6316998
    outer loop
      vertex 0.0230998229 -0.0146853961 -0.0274738986
      vertex 0.0230998397 -0.0133196227 -0.0281613711
      vertex 0.0244321786 -0.0127499923 -0.0269569568
    endloop
  endfacet
  facet normal 0.706997037 -0.317980021 -0.631699264
    outer loop
      vertex 0.0230998229 -0.0146853961 -0.0274738986
      vertex 0.0244321786 -0.0127499923 -0.0269569568
      vertex 0.0244321618 -0.0140573531 -0.0262988862
    endloop
  endfacet
  facet normal 0.965905011 -0.1164129 -0.231247932
    outer loop
      vertex 0.0244321618 -0.0140573531 -0.0262988862
      vertex 0.0244321786 -0.0127499923 -0.0269569568
      vertex 0.0249198545 -0.0119718472 -0.0253116991
    endloop
  endfacet
  facet normal 0.965904593 -0.116411924 -0.231249779
    outer loop
      vertex 0.0244321618 -0.0140573531 -0.0262988862
      vertex 0.0249198545 -0.0119718472 -0.0253116991
      vertex 0.0249198414 -0.0131994169 -0.0246937908
    endloop
  endfacet
  facet normal 0.965907872 0.116390184 0.231247336
    outer loop
      vertex 0.0249198414 -0.0131994169 -0.0246937908
      vertex 0.0249198545 -0.0119718472 -0.0253116991
      vertex 0.0244321972 -0.0111936918 -0.0236664377
    endloop
  endfacet
  facet normal 0.965907812 0.116389841 0.231247947
    outer loop
      vertex 0.0249198414 -0.0131994169 -0.0246937908
      vertex 0.0244321972 -0.0111936918 -0.0236664377
      vertex 0.0244321842 -0.0123414686 -0.0230886936
    endloop
  endfacet
  facet normal 0.70700407 0.317963749 0.631699502
    outer loop
      vertex 0.0244321842 -0.0123414686 -0.0230886936
      vertex 0.0244321972 -0.0111936918 -0.0236664377
      vertex 0.0230998714 -0.0106240297 -0.0224620234
    endloop
  endfacet
  facet normal 0.707003891 0.317963541 0.6316998
    outer loop
      vertex 0.0244321842 -0.0123414686 -0.0230886936
      vertex 0.0230998714 -0.0106240297 -0.0224620234
      vertex 0.0230998583 -0.0117133949 -0.0219136812
    endloop
  endfacet
  facet normal 0.258751094 0.434298098 0.862805307
    outer loop
      vertex 0.0230998583 -0.0117133949 -0.0219136812
      vertex 0.0230998714 -0.0106240297 -0.0224620234
      vertex 0.0212798733 -0.0104155028 -0.0220211782
    endloop
  endfacet
  facet normal 0.258751154 0.434298217 0.862805247
    outer loop
      vertex 0.0230998583 -0.0117133949 -0.0219136812
      vertex 0.0212798733 -0.0104155028 -0.0220211782
      vertex 0.0212798622 -0.0114834877 -0.0214835983
    endloop
  endfacet
  facet normal -0.258740008 0.43430382 0.862805724
    outer loop
      vertex 0.0212798622 -0.0114834877 -0.0214835983
      vertex 0.0212798733 -0.0104155028 -0.0220211782
      vertex 0.0194598716 -0.0106239859 -0.0224620216
    endloop
  endfacet
  facet normal -0.258740455 0.434303135 0.862806022
    outer loop
      vertex 0.0212798622 -0.0114834877 -0.0214835983
      vertex 0.0194598716 -0.0106239859 -0.0224620216
      vertex 0.0194598585 -0.0117133511 -0.0219136812
    endloop
  endfacet
  facet normal -0.70699662 0.317979425 0.63169986
    outer loop
      vertex 0.0194598585 -0.0117133511 -0.0219136812
      vertex 0.0194598716 -0.0106239859 -0.0224620216
      vertex 0.0181275327 -0.0111936163 -0.0236664359
    endloop
  endfacet
  facet normal -0.706996381 0.31798017 0.63169986
    outer loop
      vertex 0.0194598585 -0.0117133511 -0.0219136812
      vertex 0.0181275327 -0.0111936163 -0.0236664359
      vertex 0.0181275178 -0.0123413932 -0.0230886936
    endloop
  endfacet
  facet normal -0.965904891 0.116413184 0.231248379
    outer loop
      vertex 0.0181275178 -0.0123413932 -0.0230886936
      vertex 0.0181275327 -0.0111936163 -0.0236664359
      vertex 0.0176398549 -0.0119717605 -0.0253116973
    endloop
  endfacet
  facet normal -0.965904951 0.116412349 0.23124826
    outer loop
      vertex 0.0181275178 -0.0123413932 -0.0230886936
      vertex 0.0176398549 -0.0119717605 -0.0253116973
      vertex 0.01763984 -0.0131993294 -0.0246937908
    endloop
  endfacet
  facet normal -0.965907633 -0.116389275 -0.23124899
    outer loop
      vertex 0.01763984 -0.0131993294 -0.0246937908
      vertex 0.0176398549 -0.0119717605 -0.0253116973
      vertex 0.018127514 -0.0127499169 -0.0269569568
    endloop
  endfacet
  facet normal -0.965907693 -0.116388589 -0.23124887
    outer loop
      vertex 0.01763984 -0.0131993294 -0.0246937908
      vertex 0.018127514 -0.0127499169 -0.0269569568
      vertex 0.0181274973 -0.0140572777 -0.0262988862
    endloop
  endfacet
  facet normal -0.707004607 -0.31796214 -0.6316998
    outer loop
      vertex 0.0181274973 -0.0140572777 -0.0262988862
      vertex 0.018127514 -0.0127499169 -0.0269569568
      vertex 0.019459838 -0.013319579 -0.0281613711
    endloop
  endfacet
  facet normal -0.70700407 -0.317963272 -0.6316998
    outer loop
      vertex 0.0181274973 -0.0140572777 -0.0262988862
      vertex 0.019459838 -0.013319579 -0.0281613711
      vertex 0.0194598231 -0.0146853523 -0.0274738986
    endloop
  endfacet
  facet normal -0.258751124 -0.434297144 -0.862805843
    outer loop
      vertex 0.0194598231 -0.0146853523 -0.0274738986
      vertex 0.019459838 -0.013319579 -0.0281613711
      vertex 0.0212798361 -0.0135281058 -0.0286022164
    endloop
  endfacet
  facet normal -0.25875175 -0.43429628 -0.862806022
    outer loop
      vertex 0.0194598231 -0.0146853523 -0.0274738986
      vertex 0.0212798361 -0.0135281058 -0.0286022164
      vertex 0.0212798193 -0.0149152586 -0.0279039834
    endloop
  endfacet
  facet normal 0.258741379 -0.391444772 -0.88307631
    outer loop
      vertex 0.0212798361 -0.0135281058 -0.0286022164
      vertex 0.0212798528 -0.0121083632 -0.0292315464
      vertex 0.0230998565 -0.0119217625 -0.0287810005
    endloop
  endfacet
  facet normal 0.258741081 -0.391444415 -0.883076668
    outer loop
      vertex 0.0212798361 -0.0135281058 -0.0286022164
      vertex 0.0230998565 -0.0119217625 -0.0287810005
      vertex 0.0230998397 -0.0133196227 -0.0281613711
    endloop
  endfacet
  facet normal 0.706996739 -0.286600769 -0.646541297
    outer loop
      vertex 0.0230998397 -0.0133196227 -0.0281613711
      vertex 0.0230998565 -0.0119217625 -0.0287810005
      vertex 0.0244321935 -0.0114119165 -0.0275500882
    endloop
  endfacet
  facet normal 0.706997037 -0.286601186 -0.646540701
    outer loop
      vertex 0.0230998397 -0.0133196227 -0.0281613711
      vertex 0.0244321935 -0.0114119165 -0.0275500882
      vertex 0.0244321786 -0.0127499923 -0.0269569568
    endloop
  endfacet
  facet normal 0.965904891 -0.104925327 -0.236682206
    outer loop
      vertex 0.0244321786 -0.0127499923 -0.0269569568
      vertex 0.0244321935 -0.0114119165 -0.0275500882
      vertex 0.0249198712 -0.0107154381 -0.0258686263
    endloop
  endfacet
  facet normal 0.96590513 -0.104926132 -0.236680776
    outer loop
      vertex 0.0244321786 -0.0127499923 -0.0269569568
      vertex 0.0249198712 -0.0107154381 -0.0258686263
      vertex 0.0249198545 -0.0119718472 -0.0253116991
    endloop
  endfacet
  facet normal 0.965907514 0.104900889 0.236681968
    outer loop
      vertex 0.0249198545 -0.0119718472 -0.0253116991
      vertex 0.0249198712 -0.0107154381 -0.0258686263
      vertex 0.0244322121 -0.0100189485 -0.0241871662
    endloop
  endfacet
  facet normal 0.965907753 0.104901396 0.236681119
    outer loop
      vertex 0.0249198545 -0.0119718472 -0.0253116991
      vertex 0.0244322121 -0.0100189485 -0.0241871662
      vertex 0.0244321972 -0.0111936918 -0.0236664377
    endloop
  endfacet
  facet normal 0.707003653 0.286583453 0.646541357
    outer loop
      vertex 0.0244321972 -0.0111936918 -0.0236664377
      vertex 0.0244322121 -0.0100189485 -0.0241871662
      vertex 0.0230998844 -0.00950907078 -0.0229562502
    endloop
  endfacet
  facet normal 0.707003653 0.286583513 0.646541238
    outer loop
      vertex 0.0244321972 -0.0111936918 -0.0236664377
      vertex 0.0230998844 -0.00950907078 -0.0229562502
      vertex 0.0230998714 -0.0106240297 -0.0224620234
    endloop
  endfacet
  facet normal 0.258750141 0.39143768 0.883076966
    outer loop
      vertex 0.0230998714 -0.0106240297 -0.0224620234
      vertex 0.0230998844 -0.00950907078 -0.0229562502
      vertex 0.0212798864 -0.00932242628 -0.0225057062
    endloop
  endfacet
  facet normal 0.258750588 0.391438246 0.883076549
    outer loop
      vertex 0.0230998714 -0.0106240297 -0.0224620234
      vertex 0.0212798864 -0.00932242628 -0.0225057062
      vertex 0.0212798733 -0.0104155028 -0.0220211782
    endloop
  endfacet
  facet normal -0.258740842 0.391444474 0.883076668
    outer loop
      vertex 0.0212798733 -0.0104155028 -0.0220211782
      vertex 0.0212798864 -0.00932242628 -0.0225057062
      vertex 0.0194598846 -0.009509027 -0.0229562502
    endloop
  endfacet
  facet normal -0.258740485 0.391445041 0.883076489
    outer loop
      vertex 0.0212798733 -0.0104155028 -0.0220211782
      vertex 0.0194598846 -0.009509027 -0.0229562502
      vertex 0.0194598716 -0.0106239859 -0.0224620216
    endloop
  endfacet
  facet normal -0.706996679 0.286601126 0.646541238
    outer loop
      vertex 0.0194598716 -0.0106239859 -0.0224620216
      vertex 0.0194598846 -0.009509027 -0.0229562502
      vertex 0.0181275457 -0.010018873 -0.0241871644
    endloop
  endfacet
  facet normal -0.706997037 0.286600173 0.646541238
    outer loop
      vertex 0.0194598716 -0.0106239859 -0.0224620216
      vertex 0.0181275457 -0.010018873 -0.0241871644
      vertex 0.0181275327 -0.0111936163 -0.0236664359
    endloop
  endfacet
  facet normal -0.965905011 0.104924642 0.23668173
    outer loop
      vertex 0.0181275327 -0.0111936163 -0.0236664359
      vertex 0.0181275457 -0.010018873 -0.0241871644
      vertex 0.0176398698 -0.0107153514 -0.0258686244
    endloop
  endfacet
  facet normal -0.965904951 0.104925171 0.236681804
    outer loop
      vertex 0.0181275327 -0.0111936163 -0.0236664359
      vertex 0.0176398698 -0.0107153514 -0.0258686244
      vertex 0.0176398549 -0.0119717605 -0.0253116973
    endloop
  endfacet
  facet normal -0.965907633 -0.104901992 -0.236681253
    outer loop
      vertex 0.0176398549 -0.0119717605 -0.0253116973
      vertex 0.0176398698 -0.0107153514 -0.0258686244
      vertex 0.018127529 -0.011411841 -0.0275500864
    endloop
  endfacet
  facet normal -0.965907454 -0.104903169 -0.236681521
    outer loop
      vertex 0.0176398549 -0.0119717605 -0.0253116973
      vertex 0.018127529 -0.011411841 -0.0275500864
      vertex 0.018127514 -0.0127499169 -0.0269569568
    endloop
  endfacet
  facet normal -0.707003713 -0.286584616 -0.646540821
    outer loop
      vertex 0.018127514 -0.0127499169 -0.0269569568
      vertex 0.018127529 -0.011411841 -0.0275500864
      vertex 0.0194598548 -0.0119217187 -0.0287810005
    endloop
  endfacet
  facet normal -0.707004189 -0.286583543 -0.646540761
    outer loop
      vertex 0.018127514 -0.0127499169 -0.0269569568
      vertex 0.0194598548 -0.0119217187 -0.0287810005
      vertex 0.019459838 -0.013319579 -0.0281613711
    endloop
  endfacet
  facet normal -0.258750975 -0.391438127 -0.883076489
    outer loop
      vertex 0.019459838 -0.013319579 -0.0281613711
      vertex 0.0194598548 -0.0119217187 -0.0287810005
      vertex 0.0212798528 -0.0121083632 -0.0292315464
    endloop
  endfacet
  facet normal -0.258750558 -0.391438693 -0.88307637
    outer loop
      vertex 0.019459838 -0.013319579 -0.0281613711
      vertex 0.0212798528 -0.0121083632 -0.0292315464
      vertex 0.0212798361 -0.0135281058 -0.0286022164
    endloop
  endfacet
  facet normal 0.258740544 -0.34764114 -0.901220858
    outer loop
      vertex 0.0212798528 -0.0121083632 -0.0292315464
      vertex 0.0212798715 -0.0106594497 -0.0297904518
      vertex 0.0230998732 -0.0104951812 -0.0293312948
    endloop
  endfacet
  facet normal 0.258741945 -0.34764263 -0.901219904
    outer loop
      vertex 0.0212798528 -0.0121083632 -0.0292315464
      vertex 0.0230998732 -0.0104951812 -0.0293312948
      vertex 0.0230998565 -0.0119217625 -0.0287810005
    endloop
  endfacet
  facet normal 0.706997633 -0.254531235 -0.659824431
    outer loop
      vertex 0.0230998565 -0.0119217625 -0.0287810005
      vertex 0.0230998732 -0.0104951812 -0.0293312948
      vertex 0.0244322103 -0.010046348 -0.0280768443
    endloop
  endfacet
  facet normal 0.706997097 -0.25453046 -0.659825265
    outer loop
      vertex 0.0230998565 -0.0119217625 -0.0287810005
      vertex 0.0244322103 -0.010046348 -0.0280768443
      vertex 0.0244321935 -0.0114119165 -0.0275500882
    endloop
  endfacet
  facet normal 0.96590507 -0.0931856111 -0.241544724
    outer loop
      vertex 0.0244321935 -0.0114119165 -0.0275500882
      vertex 0.0244322103 -0.010046348 -0.0280768443
      vertex 0.0249198861 -0.00943321362 -0.026363235
    endloop
  endfacet
  facet normal 0.965904951 -0.0931854397 -0.241544992
    outer loop
      vertex 0.0244321935 -0.0114119165 -0.0275500882
      vertex 0.0249198861 -0.00943321362 -0.026363235
      vertex 0.0249198712 -0.0107154381 -0.0258686263
    endloop
  endfacet
  facet normal 0.965907395 0.0931627378 0.241544366
    outer loop
      vertex 0.0249198712 -0.0107154381 -0.0258686263
      vertex 0.0249198861 -0.00943321362 -0.026363235
      vertex 0.0244322252 -0.00882006902 -0.0246496238
    endloop
  endfacet
  facet normal 0.965907454 0.0931630135 0.241543934
    outer loop
      vertex 0.0249198712 -0.0107154381 -0.0258686263
      vertex 0.0244322252 -0.00882006902 -0.0246496238
      vertex 0.0244322121 -0.0100189485 -0.0241871662
    endloop
  endfacet
  facet normal 0.707003951 0.254513919 0.659824371
    outer loop
      vertex 0.0244322121 -0.0100189485 -0.0241871662
      vertex 0.0244322252 -0.00882006902 -0.0246496238
      vertex 0.0230998993 -0.00837120321 -0.0233951733
    endloop
  endfacet
  facet normal 0.707003295 0.254512906 0.659825385
    outer loop
      vertex 0.0244322121 -0.0100189485 -0.0241871662
      vertex 0.0230998993 -0.00837120321 -0.0233951733
      vertex 0.0230998844 -0.00950907078 -0.0229562502
    endloop
  endfacet
  facet normal 0.258749753 0.347635001 0.90122056
    outer loop
      vertex 0.0230998844 -0.00950907078 -0.0229562502
      vertex 0.0230998993 -0.00837120321 -0.0233951733
      vertex 0.0212799013 -0.0082068909 -0.0229360145
    endloop
  endfacet
  facet normal 0.258749604 0.347634763 0.90122062
    outer loop
      vertex 0.0230998844 -0.00950907078 -0.0229562502
      vertex 0.0212799013 -0.0082068909 -0.0229360145
      vertex 0.0212798864 -0.00932242628 -0.0225057062
    endloop
  endfacet
  facet normal -0.2587412 0.347641587 0.901220441
    outer loop
      vertex 0.0212798864 -0.00932242628 -0.0225057062
      vertex 0.0212799013 -0.0082068909 -0.0229360145
      vertex 0.0194598977 -0.00837115943 -0.0233951733
    endloop
  endfacet
  facet normal -0.258741349 0.347641379 0.9012205
    outer loop
      vertex 0.0212798864 -0.00932242628 -0.0225057062
      vertex 0.0194598977 -0.00837115943 -0.0233951733
      vertex 0.0194598846 -0.009509027 -0.0229562502
    endloop
  endfacet
  facet normal -0.706997693 0.254530013 0.659824729
    outer loop
      vertex 0.0194598846 -0.009509027 -0.0229562502
      vertex 0.0194598977 -0.00837115943 -0.0233951733
      vertex 0.0181275606 -0.00881999359 -0.0246496238
    endloop
  endfacet
  facet normal -0.706997037 0.254531592 0.659824848
    outer loop
      vertex 0.0194598846 -0.009509027 -0.0229562502
      vertex 0.0181275606 -0.00881999359 -0.0246496238
      vertex 0.0181275457 -0.010018873 -0.0241871644
    endloop
  endfacet
  facet normal -0.965905309 0.0931858122 0.241543725
    outer loop
      vertex 0.0181275457 -0.010018873 -0.0241871644
      vertex 0.0181275606 -0.00881999359 -0.0246496238
      vertex 0.0176398866 -0.00943312701 -0.0263632331
    endloop
  endfacet
  facet normal -0.965905249 0.0931864232 0.241543904
    outer loop
      vertex 0.0181275457 -0.010018873 -0.0241871644
      vertex 0.0176398866 -0.00943312701 -0.0263632331
      vertex 0.0176398698 -0.0107153514 -0.0258686244
    endloop
  endfacet
  facet normal -0.965907574 -0.0931612477 -0.241544127
    outer loop
      vertex 0.0176398698 -0.0107153514 -0.0258686244
      vertex 0.0176398866 -0.00943312701 -0.0263632331
      vertex 0.0181275457 -0.0100462725 -0.0280768424
    endloop
  endfacet
  facet normal -0.965907454 -0.0931617096 -0.241544247
    outer loop
      vertex 0.0176398698 -0.0107153514 -0.0258686244
      vertex 0.0181275457 -0.0100462725 -0.0280768424
      vertex 0.018127529 -0.011411841 -0.0275500864
    endloop
  endfacet
  facet normal -0.707003355 -0.254513115 -0.659825265
    outer loop
      vertex 0.018127529 -0.011411841 -0.0275500864
      vertex 0.0181275457 -0.0100462725 -0.0280768424
      vertex 0.0194598734 -0.0104951374 -0.029331293
    endloop
  endfacet
  facet normal -0.707003355 -0.254513115 -0.659825265
    outer loop
      vertex 0.018127529 -0.011411841 -0.0275500864
      vertex 0.0194598734 -0.0104951374 -0.029331293
      vertex 0.0194598548 -0.0119217187 -0.0287810005
    endloop
  endfacet
  facet normal -0.258749753 -0.347635299 -0.9012205
    outer loop
      vertex 0.0194598548 -0.0119217187 -0.0287810005
      vertex 0.0194598734 -0.0104951374 -0.029331293
      vertex 0.0212798715 -0.0106594497 -0.0297904518
    endloop
  endfacet
  facet normal -0.258750468 -0.347634375 -0.90122062
    outer loop
      vertex 0.0194598548 -0.0119217187 -0.0287810005
      vertex 0.0212798715 -0.0106594497 -0.0297904518
      vertex 0.0212798528 -0.0121083632 -0.0292315464
    endloop
  endfacet
  facet normal 0.258742064 -0.303004563 -0.917191803
    outer loop
      vertex 0.0212798715 -0.0106594497 -0.0297904518
      vertex 0.0212798882 -0.00918485783 -0.0302775949
      vertex 0.02309989 -0.00904331636 -0.0298109278
    endloop
  endfacet
  facet normal 0.258741051 -0.30300343 -0.9171924
    outer loop
      vertex 0.0212798715 -0.0106594497 -0.0297904518
      vertex 0.02309989 -0.00904331636 -0.0298109278
      vertex 0.0230998732 -0.0104951812 -0.0293312948
    endloop
  endfacet
  facet normal 0.706997931 -0.221848696 -0.671518564
    outer loop
      vertex 0.0230998732 -0.0104951812 -0.0293312948
      vertex 0.02309989 -0.00904331636 -0.0298109278
      vertex 0.024432227 -0.00865657721 -0.028535964
    endloop
  endfacet
  facet normal 0.70699805 -0.22184892 -0.671518326
    outer loop
      vertex 0.0230998732 -0.0104951812 -0.0293312948
      vertex 0.024432227 -0.00865657721 -0.028535964
      vertex 0.0244322103 -0.010046348 -0.0280768443
    endloop
  endfacet
  facet normal 0.965905309 -0.0812215433 -0.245825082
    outer loop
      vertex 0.0244322103 -0.010046348 -0.0280768443
      vertex 0.024432227 -0.00865657721 -0.028535964
      vertex 0.024919901 -0.00812826492 -0.026794333
    endloop
  endfacet
  facet normal 0.965905249 -0.0812211037 -0.245825723
    outer loop
      vertex 0.0244322103 -0.010046348 -0.0280768443
      vertex 0.024919901 -0.00812826492 -0.026794333
      vertex 0.0249198861 -0.00943321362 -0.026363235
    endloop
  endfacet
  facet normal 0.965907335 0.0811986774 0.24582462
    outer loop
      vertex 0.0249198861 -0.00943321362 -0.026363235
      vertex 0.024919901 -0.00812826492 -0.026794333
      vertex 0.0244322401 -0.00759994145 -0.0250527002
    endloop
  endfacet
  facet normal 0.965907276 0.0811980665 0.24582538
    outer loop
      vertex 0.0249198861 -0.00943321362 -0.026363235
      vertex 0.0244322401 -0.00759994145 -0.0250527002
      vertex 0.0244322252 -0.00882006902 -0.0246496238
    endloop
  endfacet
  facet normal 0.707002878 0.22183165 0.671518981
    outer loop
      vertex 0.0244322252 -0.00882006902 -0.0246496238
      vertex 0.0244322401 -0.00759994145 -0.0250527002
      vertex 0.0230999123 -0.00721316924 -0.0237777382
    endloop
  endfacet
  facet normal 0.707003534 0.221832842 0.671517909
    outer loop
      vertex 0.0244322252 -0.00882006902 -0.0246496238
      vertex 0.0230999123 -0.00721316924 -0.0237777382
      vertex 0.0230998993 -0.00837120321 -0.0233951733
    endloop
  endfacet
  facet normal 0.258749992 0.302998036 0.917191684
    outer loop
      vertex 0.0230998993 -0.00837120321 -0.0233951733
      vertex 0.0230999123 -0.00721316924 -0.0237777382
      vertex 0.0212799143 -0.00707158539 -0.0233110692
    endloop
  endfacet
  facet normal 0.258749187 0.302996814 0.91719234
    outer loop
      vertex 0.0230998993 -0.00837120321 -0.0233951733
      vertex 0.0212799143 -0.00707158539 -0.0233110692
      vertex 0.0212799013 -0.0082068909 -0.0229360145
    endloop
  endfacet
  facet normal -0.258742779 0.303002745 0.917192221
    outer loop
      vertex 0.0212799013 -0.0082068909 -0.0229360145
      vertex 0.0212799143 -0.00707158539 -0.0233110692
      vertex 0.0194599126 -0.00721312594 -0.0237777382
    endloop
  endfacet
  facet normal -0.258741707 0.303004473 0.917191923
    outer loop
      vertex 0.0212799013 -0.0082068909 -0.0229360145
      vertex 0.0194599126 -0.00721312594 -0.0237777382
      vertex 0.0194598977 -0.00837115943 -0.0233951733
    endloop
  endfacet
  facet normal -0.706997454 0.221850216 0.671518445
    outer loop
      vertex 0.0194598977 -0.00837115943 -0.0233951733
      vertex 0.0194599126 -0.00721312594 -0.0237777382
      vertex 0.0181275755 -0.00759986602 -0.0250527002
    endloop
  endfacet
  facet normal -0.706998169 0.221848696 0.671518326
    outer loop
      vertex 0.0194598977 -0.00837115943 -0.0233951733
      vertex 0.0181275755 -0.00759986602 -0.0250527002
      vertex 0.0181275606 -0.00881999359 -0.0246496238
    endloop
  endfacet
  facet normal -0.965905368 0.081221506 0.245824844
    outer loop
      vertex 0.0181275606 -0.00881999359 -0.0246496238
      vertex 0.0181275755 -0.00759986602 -0.0250527002
      vertex 0.0176399015 -0.00812817831 -0.026794333
    endloop
  endfacet
  facet normal -0.965905428 0.0812211633 0.245824769
    outer loop
      vertex 0.0181275606 -0.00881999359 -0.0246496238
      vertex 0.0176399015 -0.00812817831 -0.026794333
      vertex 0.0176398866 -0.00943312701 -0.0263632331
    endloop
  endfacet
  facet normal -0.965907395 -0.0811990798 -0.245824739
    outer loop
      vertex 0.0176398866 -0.00943312701 -0.0263632331
      vertex 0.0176399015 -0.00812817831 -0.026794333
      vertex 0.0181275625 -0.00865650177 -0.028535964
    endloop
  endfacet
  facet normal -0.965907395 -0.081198357 -0.245824486
    outer loop
      vertex 0.0176398866 -0.00943312701 -0.0263632331
      vertex 0.0181275625 -0.00865650177 -0.028535964
      vertex 0.0181275457 -0.0100462725 -0.0280768424
    endloop
  endfacet
  facet normal -0.707003236 -0.221832752 -0.671518326
    outer loop
      vertex 0.0181275457 -0.0100462725 -0.0280768424
      vertex 0.0181275625 -0.00865650177 -0.028535964
      vertex 0.0194598902 -0.00904327258 -0.0298109278
    endloop
  endfacet
  facet normal -0.707002938 -0.221833169 -0.671518385
    outer loop
      vertex 0.0181275457 -0.0100462725 -0.0280768424
      vertex 0.0194598902 -0.00904327258 -0.0298109278
      vertex 0.0194598734 -0.0104951374 -0.029331293
    endloop
  endfacet
  facet normal -0.258749396 -0.302998453 -0.917191744
    outer loop
      vertex 0.0194598734 -0.0104951374 -0.029331293
      vertex 0.0194598902 -0.00904327258 -0.0298109278
      vertex 0.0212798882 -0.00918485783 -0.0302775949
    endloop
  endfacet
  facet normal -0.258749217 -0.302998662 -0.917191744
    outer loop
      vertex 0.0194598734 -0.0104951374 -0.029331293
      vertex 0.0212798882 -0.00918485783 -0.0302775949
      vertex 0.0212798715 -0.0106594497 -0.0297904518
    endloop
  endfacet
  facet normal 0.258742958 -0.257632643 -0.930955112
    outer loop
      vertex 0.0212798882 -0.00918485783 -0.0302775949
      vertex 0.0212799069 -0.00768816797 -0.0306917839
      vertex 0.0230999086 -0.00756969629 -0.0302187316
    endloop
  endfacet
  facet normal 0.258742571 -0.257632196 -0.93095541
    outer loop
      vertex 0.0212798882 -0.00918485783 -0.0302775949
      vertex 0.0230999086 -0.00756969629 -0.0302187316
      vertex 0.02309989 -0.00904331636 -0.0298109278
    endloop
  endfacet
  facet normal 0.706998348 -0.188630864 -0.681595087
    outer loop
      vertex 0.02309989 -0.00904331636 -0.0298109278
      vertex 0.0230999086 -0.00756969629 -0.0302187316
      vertex 0.0244322438 -0.00724598067 -0.0289263278
    endloop
  endfacet
  facet normal 0.706998348 -0.188630804 -0.681595087
    outer loop
      vertex 0.02309989 -0.00904331636 -0.0298109278
      vertex 0.0244322438 -0.00724598067 -0.0289263278
      vertex 0.024432227 -0.00865657721 -0.028535964
    endloop
  endfacet
  facet normal 0.965905309 -0.0690612718 -0.249514386
    outer loop
      vertex 0.024432227 -0.00865657721 -0.028535964
      vertex 0.0244322438 -0.00724598067 -0.0289263278
      vertex 0.0249199178 -0.00680376124 -0.0271608718
    endloop
  endfacet
  facet normal 0.965905488 -0.0690618157 -0.249513701
    outer loop
      vertex 0.024432227 -0.00865657721 -0.028535964
      vertex 0.0249199178 -0.00680376124 -0.0271608718
      vertex 0.024919901 -0.00812826492 -0.026794333
    endloop
  endfacet
  facet normal 0.965907097 0.0690374598 0.249514014
    outer loop
      vertex 0.024919901 -0.00812826492 -0.026794333
      vertex 0.0249199178 -0.00680376124 -0.0271608718
      vertex 0.024432255 -0.00636153016 -0.0253954139
    endloop
  endfacet
  facet normal 0.965907156 0.0690378919 0.249513537
    outer loop
      vertex 0.024919901 -0.00812826492 -0.026794333
      vertex 0.024432255 -0.00636153016 -0.0253954139
      vertex 0.0244322401 -0.00759994145 -0.0250527002
    endloop
  endfacet
  facet normal 0.707002699 0.188613787 0.681595206
    outer loop
      vertex 0.0244322401 -0.00759994145 -0.0250527002
      vertex 0.024432255 -0.00636153016 -0.0253954139
      vertex 0.0230999272 -0.00603778334 -0.0241030101
    endloop
  endfacet
  facet normal 0.707002342 0.188613266 0.681595623
    outer loop
      vertex 0.0244322401 -0.00759994145 -0.0250527002
      vertex 0.0230999272 -0.00603778334 -0.0241030101
      vertex 0.0230999123 -0.00721316924 -0.0237777382
    endloop
  endfacet
  facet normal 0.258749008 0.257625788 0.93095541
    outer loop
      vertex 0.0230999123 -0.00721316924 -0.0237777382
      vertex 0.0230999272 -0.00603778334 -0.0241030101
      vertex 0.0212799273 -0.00591926789 -0.0236299578
    endloop
  endfacet
  facet normal 0.258749485 0.257626504 0.930954993
    outer loop
      vertex 0.0230999123 -0.00721316924 -0.0237777382
      vertex 0.0212799273 -0.00591926789 -0.0236299578
      vertex 0.0212799143 -0.00707158539 -0.0233110692
    endloop
  endfacet
  facet normal -0.258742988 0.257632434 0.930955231
    outer loop
      vertex 0.0212799143 -0.00707158539 -0.0233110692
      vertex 0.0212799273 -0.00591926789 -0.0236299578
      vertex 0.0194599256 -0.00603773957 -0.0241030101
    endloop
  endfacet
  facet normal -0.258743316 0.257631809 0.930955291
    outer loop
      vertex 0.0212799143 -0.00707158539 -0.0233110692
      vertex 0.0194599256 -0.00603773957 -0.0241030101
      vertex 0.0194599126 -0.00721312594 -0.0237777382
    endloop
  endfacet
  facet normal -0.706998289 0.188629866 0.681595266
    outer loop
      vertex 0.0194599126 -0.00721312594 -0.0237777382
      vertex 0.0194599256 -0.00603773957 -0.0241030101
      vertex 0.0181275904 -0.00636145473 -0.0253954139
    endloop
  endfacet
  facet normal -0.706997871 0.188630879 0.681595504
    outer loop
      vertex 0.0194599126 -0.00721312594 -0.0237777382
      vertex 0.0181275904 -0.00636145473 -0.0253954139
      vertex 0.0181275755 -0.00759986602 -0.0250527002
    endloop
  endfacet
  facet normal -0.965905428 0.0690613165 0.249514177
    outer loop
      vertex 0.0181275755 -0.00759986602 -0.0250527002
      vertex 0.0181275904 -0.00636145473 -0.0253954139
      vertex 0.0176399164 -0.00680367369 -0.0271608718
    endloop
  endfacet
  facet normal -0.965905547 0.0690604597 0.249513894
    outer loop
      vertex 0.0181275755 -0.00759986602 -0.0250527002
      vertex 0.0176399164 -0.00680367369 -0.0271608718
      vertex 0.0176399015 -0.00812817831 -0.026794333
    endloop
  endfacet
  facet normal -0.965907037 -0.0690387487 -0.249513969
    outer loop
      vertex 0.0176399015 -0.00812817831 -0.026794333
      vertex 0.0176399164 -0.00680367369 -0.0271608718
      vertex 0.0181275792 -0.00724590477 -0.0289263278
    endloop
  endfacet
  facet normal -0.965907216 -0.069038108 -0.24951373
    outer loop
      vertex 0.0176399015 -0.00812817831 -0.026794333
      vertex 0.0181275792 -0.00724590477 -0.0289263278
      vertex 0.0181275625 -0.00865650177 -0.028535964
    endloop
  endfacet
  facet normal -0.707002878 -0.188613936 -0.681595087
    outer loop
      vertex 0.0181275625 -0.00865650177 -0.028535964
      vertex 0.0181275792 -0.00724590477 -0.0289263278
      vertex 0.019459907 -0.00756965252 -0.0302187316
    endloop
  endfacet
  facet normal -0.707002819 -0.188613877 -0.681595027
    outer loop
      vertex 0.0181275625 -0.00865650177 -0.028535964
      vertex 0.019459907 -0.00756965252 -0.0302187316
      vertex 0.0194598902 -0.00904327258 -0.0298109278
    endloop
  endfacet
  facet normal -0.258749038 -0.257625967 -0.93095535
    outer loop
      vertex 0.0194598902 -0.00904327258 -0.0298109278
      vertex 0.019459907 -0.00756965252 -0.0302187316
      vertex 0.0212799069 -0.00768816797 -0.0306917839
    endloop
  endfacet
  facet normal -0.2587488 -0.257626235 -0.93095535
    outer loop
      vertex 0.0194598902 -0.00904327258 -0.0298109278
      vertex 0.0212799069 -0.00768816797 -0.0306917839
      vertex 0.0212798882 -0.00918485783 -0.0302775949
    endloop
  endfacet
  facet normal 0.258743197 -0.211644366 -0.942474723
    outer loop
      vertex 0.0212799069 -0.00768816797 -0.0306917839
      vertex 0.0212799255 -0.00617292896 -0.0310320444
      vertex 0.0230999254 -0.00607781159 -0.0305537488
    endloop
  endfacet
  facet normal 0.258743525 -0.211644769 -0.942474544
    outer loop
      vertex 0.0212799069 -0.00768816797 -0.0306917839
      vertex 0.0230999254 -0.00607781159 -0.0305537488
      vertex 0.0230999086 -0.00756969629 -0.0302187316
    endloop
  endfacet
  facet normal 0.706998825 -0.154960647 -0.690028906
    outer loop
      vertex 0.0230999086 -0.00756969629 -0.0302187316
      vertex 0.0230999254 -0.00607781159 -0.0305537488
      vertex 0.0244322605 -0.00581790181 -0.0292470157
    endloop
  endfacet
  facet normal 0.706998706 -0.154960483 -0.690029025
    outer loop
      vertex 0.0230999086 -0.00756969629 -0.0302187316
      vertex 0.0244322605 -0.00581790181 -0.0292470157
      vertex 0.0244322438 -0.00724598067 -0.0289263278
    endloop
  endfacet
  facet normal 0.965905666 -0.0567352585 -0.252601475
    outer loop
      vertex 0.0244322438 -0.00724598067 -0.0289263278
      vertex 0.0244322605 -0.00581790181 -0.0292470157
      vertex 0.0249199327 -0.00546284206 -0.027461987
    endloop
  endfacet
  facet normal 0.965905488 -0.0567347668 -0.252602041
    outer loop
      vertex 0.0244322438 -0.00724598067 -0.0289263278
      vertex 0.0249199327 -0.00546284206 -0.027461987
      vertex 0.0249199178 -0.00680376124 -0.0271608718
    endloop
  endfacet
  facet normal 0.965907037 0.0567129664 0.25260064
    outer loop
      vertex 0.0249199178 -0.00680376124 -0.0271608718
      vertex 0.0249199327 -0.00546284206 -0.027461987
      vertex 0.0244322699 -0.00510777067 -0.0256769564
    endloop
  endfacet
  facet normal 0.965906978 0.0567123182 0.252601296
    outer loop
      vertex 0.0249199178 -0.00680376124 -0.0271608718
      vertex 0.0244322699 -0.00510777067 -0.0256769564
      vertex 0.024432255 -0.00636153016 -0.0253954139
    endloop
  endfacet
  facet normal 0.707001925 0.154943705 0.690029502
    outer loop
      vertex 0.024432255 -0.00636153016 -0.0253954139
      vertex 0.0244322699 -0.00510777067 -0.0256769564
      vertex 0.0230999403 -0.00484782876 -0.0243702251
    endloop
  endfacet
  facet normal 0.707002342 0.154944524 0.690028965
    outer loop
      vertex 0.024432255 -0.00636153016 -0.0253954139
      vertex 0.0230999403 -0.00484782876 -0.0243702251
      vertex 0.0230999272 -0.00603778334 -0.0241030101
    endloop
  endfacet
  facet normal 0.258749127 0.211638331 0.942474484
    outer loop
      vertex 0.0230999272 -0.00603778334 -0.0241030101
      vertex 0.0230999403 -0.00484782876 -0.0243702251
      vertex 0.0212799422 -0.00475266762 -0.0238919277
    endloop
  endfacet
  facet normal 0.258748472 0.211637348 0.942474842
    outer loop
      vertex 0.0230999272 -0.00603778334 -0.0241030101
      vertex 0.0212799422 -0.00475266762 -0.0238919277
      vertex 0.0212799273 -0.00591926789 -0.0236299578
    endloop
  endfacet
  facet normal -0.258743823 0.21164389 0.942474663
    outer loop
      vertex 0.0212799273 -0.00591926789 -0.0236299578
      vertex 0.0212799422 -0.00475266762 -0.0238919277
      vertex 0.0194599405 -0.00484778499 -0.0243702251
    endloop
  endfacet
  facet normal -0.258743495 0.211644441 0.942474663
    outer loop
      vertex 0.0212799273 -0.00591926789 -0.0236299578
      vertex 0.0194599405 -0.00484778499 -0.0243702251
      vertex 0.0194599256 -0.00603773957 -0.0241030101
    endloop
  endfacet
  facet normal -0.706998408 0.154961169 0.690029323
    outer loop
      vertex 0.0194599256 -0.00603773957 -0.0241030101
      vertex 0.0194599405 -0.00484778499 -0.0243702251
      vertex 0.0181276053 -0.00510769524 -0.0256769564
    endloop
  endfacet
  facet normal -0.706998646 0.154960364 0.690029025
    outer loop
      vertex 0.0194599256 -0.00603773957 -0.0241030101
      vertex 0.0181276053 -0.00510769524 -0.0256769564
      vertex 0.0181275904 -0.00636145473 -0.0253954139
    endloop
  endfacet
  facet normal -0.965905607 0.0567352735 0.252601236
    outer loop
      vertex 0.0181275904 -0.00636145473 -0.0253954139
      vertex 0.0181276053 -0.00510769524 -0.0256769564
      vertex 0.0176399332 -0.00546275452 -0.027461987
    endloop
  endfacet
  facet normal -0.965905488 0.0567359664 0.252601504
    outer loop
      vertex 0.0181275904 -0.00636145473 -0.0253954139
      vertex 0.0176399332 -0.00546275452 -0.027461987
      vertex 0.0176399164 -0.00680367369 -0.0271608718
    endloop
  endfacet
  facet normal -0.965907037 -0.0567117371 -0.252601147
    outer loop
      vertex 0.0176399164 -0.00680367369 -0.0271608718
      vertex 0.0176399332 -0.00546275452 -0.027461987
      vertex 0.018127596 -0.00581782591 -0.0292470157
    endloop
  endfacet
  facet normal -0.965906978 -0.056712579 -0.252601504
    outer loop
      vertex 0.0176399164 -0.00680367369 -0.0271608718
      vertex 0.018127596 -0.00581782591 -0.0292470157
      vertex 0.0181275792 -0.00724590477 -0.0289263278
    endloop
  endfacet
  facet normal -0.707002342 -0.154943898 -0.690029025
    outer loop
      vertex 0.0181275792 -0.00724590477 -0.0289263278
      vertex 0.018127596 -0.00581782591 -0.0292470157
      vertex 0.0194599256 -0.00607776782 -0.0305537488
    endloop
  endfacet
  facet normal -0.707002401 -0.154943898 -0.690029025
    outer loop
      vertex 0.0181275792 -0.00724590477 -0.0289263278
      vertex 0.0194599256 -0.00607776782 -0.0305537488
      vertex 0.019459907 -0.00756965252 -0.0302187316
    endloop
  endfacet
  facet normal -0.258747965 -0.211638615 -0.942474723
    outer loop
      vertex 0.019459907 -0.00756965252 -0.0302187316
      vertex 0.0194599256 -0.00607776782 -0.0305537488
      vertex 0.0212799255 -0.00617292896 -0.0310320444
    endloop
  endfacet
  facet normal -0.258748442 -0.211637974 -0.942474663
    outer loop
      vertex 0.019459907 -0.00756965252 -0.0302187316
      vertex 0.0212799255 -0.00617292896 -0.0310320444
      vertex 0.0212799069 -0.00768816797 -0.0306917839
    endloop
  endfacet
  facet normal 0.25874263 -0.165141836 -0.951725006
    outer loop
      vertex 0.0212799255 -0.00617292896 -0.0310320444
      vertex 0.0212799422 -0.00464281905 -0.0312975422
      vertex 0.023099944 -0.0045712851 -0.0308151562
    endloop
  endfacet
  facet normal 0.258743763 -0.165143192 -0.95172447
    outer loop
      vertex 0.0212799255 -0.00617292896 -0.0310320444
      vertex 0.023099944 -0.0045712851 -0.0308151562
      vertex 0.0230999254 -0.00607781159 -0.0305537488
    endloop
  endfacet
  facet normal 0.706998944 -0.120915309 -0.696801245
    outer loop
      vertex 0.0230999254 -0.00607781159 -0.0305537488
      vertex 0.023099944 -0.0045712851 -0.0308151562
      vertex 0.0244322792 -0.00437580654 -0.0294972435
    endloop
  endfacet
  facet normal 0.706999242 -0.120915771 -0.696800828
    outer loop
      vertex 0.0230999254 -0.00607781159 -0.0305537488
      vertex 0.0244322792 -0.00437580654 -0.0294972435
      vertex 0.0244322605 -0.00581790181 -0.0292470157
    endloop
  endfacet
  facet normal 0.965905905 -0.0442731008 -0.255079776
    outer loop
      vertex 0.0244322605 -0.00581790181 -0.0292470157
      vertex 0.0244322792 -0.00437580654 -0.0294972435
      vertex 0.0249199495 -0.00410876237 -0.027696941
    endloop
  endfacet
  facet normal 0.965905726 -0.0442724265 -0.255080491
    outer loop
      vertex 0.0244322605 -0.00581790181 -0.0292470157
      vertex 0.0249199495 -0.00410876237 -0.027696941
      vertex 0.0249199327 -0.00546284206 -0.027461987
    endloop
  endfacet
  facet normal 0.965906799 0.0442485325 0.255080611
    outer loop
      vertex 0.0249199327 -0.00546284206 -0.027461987
      vertex 0.0249199495 -0.00410876237 -0.027696941
      vertex 0.0244322848 -0.00384170609 -0.0258966405
    endloop
  endfacet
  facet normal 0.965906978 0.0442493856 0.255079806
    outer loop
      vertex 0.0249199327 -0.00546284206 -0.027461987
      vertex 0.0244322848 -0.00384170609 -0.0258966405
      vertex 0.0244322699 -0.00510777067 -0.0256769564
    endloop
  endfacet
  facet normal 0.707002044 0.120898694 0.696800947
    outer loop
      vertex 0.0244322699 -0.00510777067 -0.0256769564
      vertex 0.0244322848 -0.00384170609 -0.0258966405
      vertex 0.0230999552 -0.00364619563 -0.0245787278
    endloop
  endfacet
  facet normal 0.707001448 0.120897524 0.696801722
    outer loop
      vertex 0.0244322699 -0.00510777067 -0.0256769564
      vertex 0.0230999552 -0.00364619563 -0.0245787278
      vertex 0.0230999403 -0.00484782876 -0.0243702251
    endloop
  endfacet
  facet normal 0.258747488 0.165136278 0.951724648
    outer loop
      vertex 0.0230999403 -0.00484782876 -0.0243702251
      vertex 0.0230999552 -0.00364619563 -0.0245787278
      vertex 0.0212799553 -0.00357461814 -0.0240963399
    endloop
  endfacet
  facet normal 0.258748591 0.165137962 0.951723993
    outer loop
      vertex 0.0230999403 -0.00484782876 -0.0243702251
      vertex 0.0212799553 -0.00357461814 -0.0240963399
      vertex 0.0212799422 -0.00475266762 -0.0238919277
    endloop
  endfacet
  facet normal -0.258743763 0.165143758 0.95172435
    outer loop
      vertex 0.0212799422 -0.00475266762 -0.0238919277
      vertex 0.0212799553 -0.00357461814 -0.0240963399
      vertex 0.0194599554 -0.00364615209 -0.0245787278
    endloop
  endfacet
  facet normal -0.258744419 0.165142655 0.95172435
    outer loop
      vertex 0.0212799422 -0.00475266762 -0.0238919277
      vertex 0.0194599554 -0.00364615209 -0.0245787278
      vertex 0.0194599405 -0.00484778499 -0.0243702251
    endloop
  endfacet
  facet normal -0.706998944 0.120914996 0.696801305
    outer loop
      vertex 0.0194599405 -0.00484778499 -0.0243702251
      vertex 0.0194599554 -0.00364615209 -0.0245787278
      vertex 0.0181276202 -0.00384163065 -0.0258966405
    endloop
  endfacet
  facet normal -0.706998765 0.120915376 0.696801424
    outer loop
      vertex 0.0194599405 -0.00484778499 -0.0243702251
      vertex 0.0181276202 -0.00384163065 -0.0258966405
      vertex 0.0181276053 -0.00510769524 -0.0256769564
    endloop
  endfacet
  facet normal -0.965905905 0.0442721844 0.255080163
    outer loop
      vertex 0.0181276053 -0.00510769524 -0.0256769564
      vertex 0.0181276202 -0.00384163065 -0.0258966405
      vertex 0.0176399499 -0.00410867529 -0.027696941
    endloop
  endfacet
  facet normal -0.965905726 0.0442723967 0.255080223
    outer loop
      vertex 0.0181276053 -0.00510769524 -0.0256769564
      vertex 0.0176399499 -0.00410867529 -0.027696941
      vertex 0.0176399332 -0.00546275452 -0.027461987
    endloop
  endfacet
  facet normal -0.965906858 -0.0442485064 -0.255080402
    outer loop
      vertex 0.0176399332 -0.00546275452 -0.027461987
      vertex 0.0176399499 -0.00410867529 -0.027696941
      vertex 0.0181276146 -0.00437573064 -0.0294972435
    endloop
  endfacet
  facet normal -0.965906858 -0.0442482196 -0.255080283
    outer loop
      vertex 0.0176399332 -0.00546275452 -0.027461987
      vertex 0.0181276146 -0.00437573064 -0.0294972435
      vertex 0.018127596 -0.00581782591 -0.0292470157
    endloop
  endfacet
  facet normal -0.707002044 -0.120897561 -0.696801126
    outer loop
      vertex 0.018127596 -0.00581782591 -0.0292470157
      vertex 0.0181276146 -0.00437573064 -0.0294972435
      vertex 0.0194599442 -0.00457124133 -0.0308151562
    endloop
  endfacet
  facet normal -0.707001984 -0.120897815 -0.696801245
    outer loop
      vertex 0.018127596 -0.00581782591 -0.0292470157
      vertex 0.0194599442 -0.00457124133 -0.0308151562
      vertex 0.0194599256 -0.00607776782 -0.0305537488
    endloop
  endfacet
  facet normal -0.258746862 -0.165136829 -0.951724648
    outer loop
      vertex 0.0194599256 -0.00607776782 -0.0305537488
      vertex 0.0194599442 -0.00457124133 -0.0308151562
      vertex 0.0212799422 -0.00464281905 -0.0312975422
    endloop
  endfacet
  facet normal -0.258747429 -0.165136099 -0.951724648
    outer loop
      vertex 0.0194599256 -0.00607776782 -0.0305537488
      vertex 0.0212799422 -0.00464281905 -0.0312975422
      vertex 0.0212799255 -0.00617292896 -0.0310320444
    endloop
  endfacet
  facet normal 0.258744001 -0.118245825 -0.958681166
    outer loop
      vertex 0.0212799422 -0.00464281905 -0.0312975422
      vertex 0.0212799609 -0.0031015249 -0.0314876437
      vertex 0.0230999626 -0.00305374688 -0.0310023259
    endloop
  endfacet
  facet normal 0.258743167 -0.118244782 -0.958681405
    outer loop
      vertex 0.0212799422 -0.00464281905 -0.0312975422
      vertex 0.0230999626 -0.00305374688 -0.0310023259
      vertex 0.023099944 -0.0045712851 -0.0308151562
    endloop
  endfacet
  facet normal 0.706999302 -0.0865787864 -0.701894581
    outer loop
      vertex 0.023099944 -0.0045712851 -0.0308151562
      vertex 0.0230999626 -0.00305374688 -0.0310023259
      vertex 0.0244322959 -0.00292317104 -0.0296764094
    endloop
  endfacet
  facet normal 0.706999362 -0.0865788311 -0.701894581
    outer loop
      vertex 0.023099944 -0.0045712851 -0.0308151562
      vertex 0.0244322959 -0.00292317104 -0.0296764094
      vertex 0.0244322792 -0.00437580654 -0.0294972435
    endloop
  endfacet
  facet normal 0.965905905 -0.0317023918 -0.256945163
    outer loop
      vertex 0.0244322792 -0.00437580654 -0.0294972435
      vertex 0.0244322959 -0.00292317104 -0.0296764094
      vertex 0.0249199662 -0.00274478504 -0.0278651733
    endloop
  endfacet
  facet normal 0.965906024 -0.0317032374 -0.256944358
    outer loop
      vertex 0.0244322792 -0.00437580654 -0.0294972435
      vertex 0.0249199662 -0.00274478504 -0.0278651733
      vertex 0.0249199495 -0.00410876237 -0.027696941
    endloop
  endfacet
  facet normal 0.96590662 0.0316796415 0.256945401
    outer loop
      vertex 0.0249199495 -0.00410876237 -0.027696941
      vertex 0.0249199662 -0.00274478504 -0.0278651733
      vertex 0.0244322997 -0.00256638741 -0.0260539372
    endloop
  endfacet
  facet normal 0.96590662 0.031680081 0.256945014
    outer loop
      vertex 0.0249199495 -0.00410876237 -0.027696941
      vertex 0.0244322997 -0.00256638741 -0.0260539372
      vertex 0.0244322848 -0.00384170609 -0.0258966405
    endloop
  endfacet
  facet normal 0.707002044 0.0865627006 0.701893926
    outer loop
      vertex 0.0244322848 -0.00384170609 -0.0258966405
      vertex 0.0244322997 -0.00256638741 -0.0260539372
      vertex 0.0230999701 -0.00243577966 -0.0247280188
    endloop
  endfacet
  facet normal 0.707001686 0.0865619853 0.701894343
    outer loop
      vertex 0.0244322848 -0.00384170609 -0.0258966405
      vertex 0.0230999701 -0.00243577966 -0.0247280188
      vertex 0.0230999552 -0.00364619563 -0.0245787278
    endloop
  endfacet
  facet normal 0.258746952 0.118239209 0.958681166
    outer loop
      vertex 0.0230999552 -0.00364619563 -0.0245787278
      vertex 0.0230999701 -0.00243577966 -0.0247280188
      vertex 0.0212799702 -0.00238795788 -0.024242701
    endloop
  endfacet
  facet normal 0.258746922 0.118239187 0.958681166
    outer loop
      vertex 0.0230999552 -0.00364619563 -0.0245787278
      vertex 0.0212799702 -0.00238795788 -0.024242701
      vertex 0.0212799553 -0.00357461814 -0.0240963399
    endloop
  endfacet
  facet normal -0.25874424 0.118245654 0.958680987
    outer loop
      vertex 0.0212799553 -0.00357461814 -0.0240963399
      vertex 0.0212799702 -0.00238795788 -0.024242701
      vertex 0.0194599703 -0.00243573613 -0.0247280188
    endloop
  endfacet
  facet normal -0.258744329 0.118245549 0.958681047
    outer loop
      vertex 0.0212799553 -0.00357461814 -0.0240963399
      vertex 0.0194599703 -0.00243573613 -0.0247280188
      vertex 0.0194599554 -0.00364615209 -0.0245787278
    endloop
  endfacet
  facet normal -0.706999242 0.0865793824 0.701894522
    outer loop
      vertex 0.0194599554 -0.00364615209 -0.0245787278
      vertex 0.0194599703 -0.00243573613 -0.0247280188
      vertex 0.0181276351 -0.00256631197 -0.0260539372
    endloop
  endfacet
  facet normal -0.706999362 0.0865792856 0.701894581
    outer loop
      vertex 0.0194599554 -0.00364615209 -0.0245787278
      vertex 0.0181276351 -0.00256631197 -0.0260539372
      vertex 0.0181276202 -0.00384163065 -0.0258966405
    endloop
  endfacet
  facet normal -0.965906084 0.031702552 0.256944209
    outer loop
      vertex 0.0181276202 -0.00384163065 -0.0258966405
      vertex 0.0181276351 -0.00256631197 -0.0260539372
      vertex 0.0176399667 -0.00274469773 -0.0278651733
    endloop
  endfacet
  facet normal -0.965906024 0.0317032598 0.256944567
    outer loop
      vertex 0.0181276202 -0.00384163065 -0.0258966405
      vertex 0.0176399667 -0.00274469773 -0.0278651733
      vertex 0.0176399499 -0.00410867529 -0.027696941
    endloop
  endfacet
  facet normal -0.965906858 -0.0316795222 -0.256944478
    outer loop
      vertex 0.0176399499 -0.00410867529 -0.027696941
      vertex 0.0176399667 -0.00274469773 -0.0278651733
      vertex 0.0181276314 -0.00292309537 -0.0296764094
    endloop
  endfacet
  facet normal -0.965906739 -0.0316800624 -0.256944776
    outer loop
      vertex 0.0176399499 -0.00410867529 -0.027696941
      vertex 0.0181276314 -0.00292309537 -0.0296764094
      vertex 0.0181276146 -0.00437573064 -0.0294972435
    endloop
  endfacet
  facet normal -0.70700103 -0.086562559 -0.701894939
    outer loop
      vertex 0.0181276146 -0.00437573064 -0.0294972435
      vertex 0.0181276314 -0.00292309537 -0.0296764094
      vertex 0.0194599628 -0.00305370311 -0.0310023259
    endloop
  endfacet
  facet normal -0.707001626 -0.0865614191 -0.701894462
    outer loop
      vertex 0.0181276146 -0.00437573064 -0.0294972435
      vertex 0.0194599628 -0.00305370311 -0.0310023259
      vertex 0.0194599442 -0.00457124133 -0.0308151562
    endloop
  endfacet
  facet normal -0.25874719 -0.118238397 -0.958681107
    outer loop
      vertex 0.0194599442 -0.00457124133 -0.0308151562
      vertex 0.0194599628 -0.00305370311 -0.0310023259
      vertex 0.0212799609 -0.0031015249 -0.0314876437
    endloop
  endfacet
  facet normal -0.258746266 -0.118239582 -0.958681226
    outer loop
      vertex 0.0194599442 -0.00457124133 -0.0308151562
      vertex 0.0212799609 -0.0031015249 -0.0314876437
      vertex 0.0212799422 -0.00464281905 -0.0312975422
    endloop
  endfacet
  facet normal 0.258744448 -0.0710622743 -0.963328362
    outer loop
      vertex 0.0212799609 -0.0031015249 -0.0314876437
      vertex 0.0212799795 -0.00155275944 -0.0316018872
      vertex 0.0230999794 -0.0015288525 -0.0311148092
    endloop
  endfacet
  facet normal 0.258744538 -0.0710624009 -0.963328302
    outer loop
      vertex 0.0212799609 -0.0031015249 -0.0314876437
      vertex 0.0230999794 -0.0015288525 -0.0311148092
      vertex 0.0230999626 -0.00305374688 -0.0310023259
    endloop
  endfacet
  facet normal 0.706999183 -0.0520337895 -0.70529753
    outer loop
      vertex 0.0230999626 -0.00305374688 -0.0310023259
      vertex 0.0230999794 -0.0015288525 -0.0311148092
      vertex 0.0244323146 -0.00146349391 -0.0297840815
    endloop
  endfacet
  facet normal 0.706999719 -0.0520347394 -0.705296934
    outer loop
      vertex 0.0230999626 -0.00305374688 -0.0310023259
      vertex 0.0244323146 -0.00146349391 -0.0297840815
      vertex 0.0244322959 -0.00292317104 -0.0296764094
    endloop
  endfacet
  facet normal 0.965906143 -0.0190575477 -0.258190215
    outer loop
      vertex 0.0244322959 -0.00292317104 -0.0296764094
      vertex 0.0244323146 -0.00146349391 -0.0297840815
      vertex 0.024919983 -0.00137419626 -0.0279662739
    endloop
  endfacet
  facet normal 0.965906024 -0.0190570783 -0.258190632
    outer loop
      vertex 0.0244322959 -0.00292317104 -0.0296764094
      vertex 0.024919983 -0.00137419626 -0.0279662739
      vertex 0.0249199662 -0.00274478504 -0.0278651733
    endloop
  endfacet
  facet normal 0.96590656 0.0190334469 0.258190423
    outer loop
      vertex 0.0249199662 -0.00274478504 -0.0278651733
      vertex 0.024919983 -0.00137419626 -0.0279662739
      vertex 0.0244323164 -0.00128488697 -0.0261484664
    endloop
  endfacet
  facet normal 0.965906382 0.0190327037 0.258190989
    outer loop
      vertex 0.0249199662 -0.00274478504 -0.0278651733
      vertex 0.0244323164 -0.00128488697 -0.0261484664
      vertex 0.0244322997 -0.00256638741 -0.0260539372
    endloop
  endfacet
  facet normal 0.707001507 0.0520165972 0.705296516
    outer loop
      vertex 0.0244322997 -0.00256638741 -0.0260539372
      vertex 0.0244323164 -0.00128488697 -0.0261484664
      vertex 0.023099985 -0.00121949625 -0.0248177368
    endloop
  endfacet
  facet normal 0.707001626 0.0520169139 0.705296338
    outer loop
      vertex 0.0244322997 -0.00256638741 -0.0260539372
      vertex 0.023099985 -0.00121949625 -0.0248177368
      vertex 0.0230999701 -0.00243577966 -0.0247280188
    endloop
  endfacet
  facet normal 0.258746088 0.0710558593 0.963328362
    outer loop
      vertex 0.0230999701 -0.00243577966 -0.0247280188
      vertex 0.023099985 -0.00121949625 -0.0248177368
      vertex 0.0212799851 -0.00119554577 -0.0243306588
    endloop
  endfacet
  facet normal 0.258746356 0.0710563138 0.963328183
    outer loop
      vertex 0.0230999701 -0.00243577966 -0.0247280188
      vertex 0.0212799851 -0.00119554577 -0.0243306588
      vertex 0.0212799702 -0.00238795788 -0.024242701
    endloop
  endfacet
  facet normal -0.258744419 0.0710627735 0.963328242
    outer loop
      vertex 0.0212799702 -0.00238795788 -0.024242701
      vertex 0.0212799851 -0.00119554577 -0.0243306588
      vertex 0.0194599852 -0.00121945259 -0.0248177368
    endloop
  endfacet
  facet normal -0.258744836 0.0710621923 0.963328242
    outer loop
      vertex 0.0212799702 -0.00238795788 -0.024242701
      vertex 0.0194599852 -0.00121945259 -0.0248177368
      vertex 0.0194599703 -0.00243573613 -0.0247280188
    endloop
  endfacet
  facet normal -0.7069996 0.0520342402 0.705296993
    outer loop
      vertex 0.0194599703 -0.00243573613 -0.0247280188
      vertex 0.0194599852 -0.00121945259 -0.0248177368
      vertex 0.01812765 -0.0012848113 -0.0261484664
    endloop
  endfacet
  facet normal -0.706999719 0.0520340689 0.705296934
    outer loop
      vertex 0.0194599703 -0.00243573613 -0.0247280188
      vertex 0.01812765 -0.0012848113 -0.0261484664
      vertex 0.0181276351 -0.00256631197 -0.0260539372
    endloop
  endfacet
  facet normal -0.965906203 0.0190565046 0.258190304
    outer loop
      vertex 0.0181276351 -0.00256631197 -0.0260539372
      vertex 0.01812765 -0.0012848113 -0.0261484664
      vertex 0.0176399816 -0.00137410883 -0.0279662739
    endloop
  endfacet
  facet normal -0.965906262 0.0190557186 0.258189797
    outer loop
      vertex 0.0181276351 -0.00256631197 -0.0260539372
      vertex 0.0176399816 -0.00137410883 -0.0279662739
      vertex 0.0176399667 -0.00274469773 -0.0278651733
    endloop
  endfacet
  facet normal -0.96590656 -0.0190347526 -0.258190364
    outer loop
      vertex 0.0176399667 -0.00274469773 -0.0278651733
      vertex 0.0176399816 -0.00137410883 -0.0279662739
      vertex 0.0181276482 -0.00146341824 -0.0297840815
    endloop
  endfacet
  facet normal -0.96590662 -0.0190341081 -0.258189946
    outer loop
      vertex 0.0176399667 -0.00274469773 -0.0278651733
      vertex 0.0181276482 -0.00146341824 -0.0297840815
      vertex 0.0181276314 -0.00292309537 -0.0296764094
    endloop
  endfacet
  facet normal -0.707000971 -0.052017618 -0.705296934
    outer loop
      vertex 0.0181276314 -0.00292309537 -0.0296764094
      vertex 0.0181276482 -0.00146341824 -0.0297840815
      vertex 0.0194599796 -0.00152880885 -0.0311148092
    endloop
  endfacet
  facet normal -0.707000673 -0.0520181805 -0.705297172
    outer loop
      vertex 0.0181276314 -0.00292309537 -0.0296764094
      vertex 0.0194599796 -0.00152880885 -0.0311148092
      vertex 0.0194599628 -0.00305370311 -0.0310023259
    endloop
  endfacet
  facet normal -0.258746088 -0.0710567236 -0.963328242
    outer loop
      vertex 0.0194599628 -0.00305370311 -0.0310023259
      vertex 0.0194599796 -0.00152880885 -0.0311148092
      vertex 0.0212799795 -0.00155275944 -0.0316018872
    endloop
  endfacet
  facet normal -0.258746594 -0.0710560307 -0.963328123
    outer loop
      vertex 0.0194599628 -0.00305370311 -0.0310023259
      vertex 0.0212799795 -0.00155275944 -0.0316018872
      vertex 0.0212799609 -0.0031015249 -0.0314876437
    endloop
  endfacet
  facet normal 0.258745581 -0.0237095673 -0.965654492
    outer loop
      vertex 0.0212799795 -0.00155275944 -0.0316018872
      vertex 0.0212799981 -2.53759794e-07 -0.0316400006
      vertex 0.023099998 -2.75586501e-07 -0.0311523341
    endloop
  endfacet
  facet normal 0.258745015 -0.023708893 -0.965654612
    outer loop
      vertex 0.0212799795 -0.00155275944 -0.0316018872
      vertex 0.023099998 -2.75586501e-07 -0.0311523341
      vertex 0.0230999794 -0.0015288525 -0.0311148092
    endloop
  endfacet
  facet normal 0.707000077 -0.0173646789 -0.707000196
    outer loop
      vertex 0.0230999794 -0.0015288525 -0.0311148092
      vertex 0.023099998 -2.75586501e-07 -0.0311523341
      vertex 0.0244323313 -2.91551203e-07 -0.0298200008
    endloop
  endfacet
  facet normal 0.7069996 -0.0173638128 -0.707000732
    outer loop
      vertex 0.0230999794 -0.0015288525 -0.0311148092
      vertex 0.0244323313 -2.91551203e-07 -0.0298200008
      vertex 0.0244323146 -0.00146349391 -0.0297840815
    endloop
  endfacet
  facet normal 0.965906382 -0.00636451552 -0.258813351
    outer loop
      vertex 0.0244323146 -0.00146349391 -0.0297840815
      vertex 0.0244323313 -2.91551203e-07 -0.0298200008
      vertex 0.0249199979 -2.97376175e-07 -0.0280000009
    endloop
  endfacet
  facet normal 0.965906262 -0.0063639232 -0.258813828
    outer loop
      vertex 0.0244323146 -0.00146349391 -0.0297840815
      vertex 0.0249199979 -2.97376175e-07 -0.0280000009
      vertex 0.024919983 -0.00137419626 -0.0279662739
    endloop
  endfacet
  facet normal 0.96590656 0.00634295866 0.258813351
    outer loop
      vertex 0.024919983 -0.00137419626 -0.0279662739
      vertex 0.0249199979 -2.97376175e-07 -0.0280000009
      vertex 0.0244323313 -2.91500584e-07 -0.026180001
    endloop
  endfacet
  facet normal 0.965906382 0.00634223828 0.258813888
    outer loop
      vertex 0.024919983 -0.00137419626 -0.0279662739
      vertex 0.0244323313 -2.91500584e-07 -0.026180001
      vertex 0.0244323164 -0.00128488697 -0.0261484664
    endloop
  endfacet
  facet normal 0.707000494 0.0173474252 0.707000256
    outer loop
      vertex 0.0244323164 -0.00128488697 -0.0261484664
      vertex 0.0244323313 -2.91500584e-07 -0.026180001
      vertex 0.023099998 -2.7549882e-07 -0.0248476677
    endloop
  endfacet
  facet normal 0.70700115 0.0173487235 0.70699966
    outer loop
      vertex 0.0244323164 -0.00128488697 -0.0261484664
      vertex 0.023099998 -2.7549882e-07 -0.0248476677
      vertex 0.023099985 -0.00121949625 -0.0248177368
    endloop
  endfacet
  facet normal 0.258746147 0.0237032399 0.965654433
    outer loop
      vertex 0.023099985 -0.00121949625 -0.0248177368
      vertex 0.023099998 -2.7549882e-07 -0.0248476677
      vertex 0.0212799981 -2.53658555e-07 -0.0243600011
    endloop
  endfacet
  facet normal 0.258745521 0.0237022508 0.965654731
    outer loop
      vertex 0.023099985 -0.00121949625 -0.0248177368
      vertex 0.0212799981 -2.53658555e-07 -0.0243600011
      vertex 0.0212799851 -0.00119554577 -0.0243306588
    endloop
  endfacet
  facet normal -0.258745581 0.0237078872 0.965654552
    outer loop
      vertex 0.0212799851 -0.00119554577 -0.0243306588
      vertex 0.0212799981 -2.53658555e-07 -0.0243600011
      vertex 0.0194599982 -2.31831834e-07 -0.0248476677
    endloop
  endfacet
  facet normal -0.258745015 0.0237087812 0.965654612
    outer loop
      vertex 0.0212799851 -0.00119554577 -0.0243306588
      vertex 0.0194599982 -2.31831834e-07 -0.0248476677
      vertex 0.0194599852 -0.00121945259 -0.0248177368
    endloop
  endfacet
  facet normal -0.707000613 0.0173638128 0.706999779
    outer loop
      vertex 0.0194599852 -0.00121945259 -0.0248177368
      vertex 0.0194599982 -2.31831834e-07 -0.0248476677
      vertex 0.0181276668 -2.15867132e-07 -0.026180001
    endloop
  endfacet
  facet normal -0.707000077 0.017364813 0.707000256
    outer loop
      vertex 0.0194599852 -0.00121945259 -0.0248177368
      vertex 0.0181276668 -2.15867132e-07 -0.026180001
      vertex 0.01812765 -0.0012848113 -0.0261484664
    endloop
  endfacet
  facet normal -0.965906143 0.00636604521 0.258814275
    outer loop
      vertex 0.01812765 -0.0012848113 -0.0261484664
      vertex 0.0181276668 -2.15867132e-07 -0.026180001
      vertex 0.0176399983 -2.10042174e-07 -0.0280000009
    endloop
  endfacet
  facet normal -0.965906262 0.00636521913 0.258813769
    outer loop
      vertex 0.01812765 -0.0012848113 -0.0261484664
      vertex 0.0176399983 -2.10042174e-07 -0.0280000009
      vertex 0.0176399816 -0.00137410883 -0.0279662739
    endloop
  endfacet
  facet normal -0.965906322 -0.00634167204 -0.258814305
    outer loop
      vertex 0.0176399816 -0.00137410883 -0.0279662739
      vertex 0.0176399983 -2.10042174e-07 -0.0280000009
      vertex 0.0181276668 -2.15917765e-07 -0.0298200008
    endloop
  endfacet
  facet normal -0.965906382 -0.00634116866 -0.258813918
    outer loop
      vertex 0.0176399816 -0.00137410883 -0.0279662739
      vertex 0.0181276668 -2.15917765e-07 -0.0298200008
      vertex 0.0181276482 -0.00146341824 -0.0297840815
    endloop
  endfacet
  facet normal -0.70700103 -0.0173467007 -0.706999779
    outer loop
      vertex 0.0181276482 -0.00146341824 -0.0297840815
      vertex 0.0181276668 -2.15917765e-07 -0.0298200008
      vertex 0.0194599982 -2.31919515e-07 -0.0311523341
    endloop
  endfacet
  facet normal -0.707000554 -0.0173474699 -0.707000196
    outer loop
      vertex 0.0181276482 -0.00146341824 -0.0297840815
      vertex 0.0194599982 -2.31919515e-07 -0.0311523341
      vertex 0.0194599796 -0.00152880885 -0.0311148092
    endloop
  endfacet
  facet normal -0.258746117 -0.0237025805 -0.965654492
    outer loop
      vertex 0.0194599796 -0.00152880885 -0.0311148092
      vertex 0.0194599982 -2.31919515e-07 -0.0311523341
      vertex 0.0212799981 -2.53759794e-07 -0.0316400006
    endloop
  endfacet
  facet normal -0.258745521 -0.0237033609 -0.965654671
    outer loop
      vertex 0.0194599796 -0.00152880885 -0.0311148092
      vertex 0.0212799981 -2.53759794e-07 -0.0316400006
      vertex 0.0212799795 -0.00155275944 -0.0316018872
    endloop
  endfacet
  facet normal 0.258745551 0.0237033628 -0.965654671
    outer loop
      vertex 0.0212799981 -2.53759794e-07 -0.0316400006
      vertex 0.0212800168 0.00155225187 -0.0316018872
      vertex 0.0231000166 0.00152830139 -0.0311148092
    endloop
  endfacet
  facet normal 0.258746117 0.0237025898 -0.965654492
    outer loop
      vertex 0.0212799981 -2.53759794e-07 -0.0316400006
      vertex 0.0231000166 0.00152830139 -0.0311148092
      vertex 0.023099998 -2.75586501e-07 -0.0311523341
    endloop
  endfacet
  facet normal 0.707000554 0.0173474457 -0.707000196
    outer loop
      vertex 0.023099998 -2.75586501e-07 -0.0311523341
      vertex 0.0231000166 0.00152830139 -0.0311148092
      vertex 0.0244323481 0.00146291067 -0.0297840815
    endloop
  endfacet
  facet normal 0.707000434 0.0173476152 -0.707000256
    outer loop
      vertex 0.023099998 -2.75586501e-07 -0.0311523341
      vertex 0.0244323481 0.00146291067 -0.0297840815
      vertex 0.0244323313 -2.91551203e-07 -0.0298200008
    endloop
  endfacet
  facet normal 0.965906382 0.00634239614 -0.258813858
    outer loop
      vertex 0.0244323313 -2.91551203e-07 -0.0298200008
      vertex 0.0244323481 0.00146291067 -0.0297840815
      vertex 0.0249200147 0.00137360138 -0.0279662739
    endloop
  endfacet
  facet normal 0.965906501 0.00634165946 -0.258813351
    outer loop
      vertex 0.0244323313 -2.91551203e-07 -0.0298200008
      vertex 0.0249200147 0.00137360138 -0.0279662739
      vertex 0.0249199979 -2.97376175e-07 -0.0280000009
    endloop
  endfacet
  facet normal 0.965906262 -0.00636523077 0.258813769
    outer loop
      vertex 0.0249199979 -2.97376175e-07 -0.0280000009
      vertex 0.0249200147 0.00137360138 -0.0279662739
      vertex 0.0244323462 0.00128430384 -0.0261484664
    endloop
  endfacet
  facet normal 0.965906322 -0.00636464357 0.258813381
    outer loop
      vertex 0.0249199979 -2.97376175e-07 -0.0280000009
      vertex 0.0244323462 0.00128430384 -0.0261484664
      vertex 0.0244323313 -2.91500584e-07 -0.026180001
    endloop
  endfacet
  facet normal 0.707000554 -0.0173638165 0.706999779
    outer loop
      vertex 0.0244323313 -2.91500584e-07 -0.026180001
      vertex 0.0244323462 0.00128430384 -0.0261484664
      vertex 0.0231000129 0.00121894514 -0.0248177368
    endloop
  endfacet
  facet normal 0.707000077 -0.0173649043 0.707000315
    outer loop
      vertex 0.0244323313 -2.91500584e-07 -0.026180001
      vertex 0.0231000129 0.00121894514 -0.0248177368
      vertex 0.023099998 -2.7549882e-07 -0.0248476677
    endloop
  endfacet
  facet normal 0.258745044 -0.0237091742 0.965654671
    outer loop
      vertex 0.023099998 -2.7549882e-07 -0.0248476677
      vertex 0.0231000129 0.00121894514 -0.0248177368
      vertex 0.021280013 0.00119503832 -0.0243306588
    endloop
  endfacet
  facet normal 0.258745581 -0.0237082802 0.965654492
    outer loop
      vertex 0.023099998 -2.7549882e-07 -0.0248476677
      vertex 0.021280013 0.00119503832 -0.0243306588
      vertex 0.0212799981 -2.53658555e-07 -0.0243600011
    endloop
  endfacet
  facet normal -0.258745521 -0.0237018429 0.965654731
    outer loop
      vertex 0.0212799981 -2.53658555e-07 -0.0243600011
      vertex 0.021280013 0.00119503832 -0.0243306588
      vertex 0.0194600131 0.00121898879 -0.0248177368
    endloop
  endfacet
  facet normal -0.258746147 -0.0237028655 0.965654492
    outer loop
      vertex 0.0212799981 -2.53658555e-07 -0.0243600011
      vertex 0.0194600131 0.00121898879 -0.0248177368
      vertex 0.0194599982 -2.31831834e-07 -0.0248476677
    endloop
  endfacet
  facet normal -0.70700109 -0.0173476096 0.706999719
    outer loop
      vertex 0.0194599982 -2.31831834e-07 -0.0248476677
      vertex 0.0194600131 0.00121898879 -0.0248177368
      vertex 0.0181276817 0.00128437951 -0.0261484664
    endloop
  endfacet
  facet normal -0.707000911 -0.0173474159 0.706999779
    outer loop
      vertex 0.0194599982 -2.31831834e-07 -0.0248476677
      vertex 0.0181276817 0.00128437951 -0.0261484664
      vertex 0.0181276668 -2.15867132e-07 -0.026180001
    endloop
  endfacet
  facet normal -0.965906382 -0.00634222711 0.258813858
    outer loop
      vertex 0.0181276668 -2.15867132e-07 -0.026180001
      vertex 0.0181276817 0.00128437951 -0.0261484664
      vertex 0.0176400151 0.00137368881 -0.0279662739
    endloop
  endfacet
  facet normal -0.965906322 -0.0063416576 0.258814275
    outer loop
      vertex 0.0181276668 -2.15867132e-07 -0.026180001
      vertex 0.0176400151 0.00137368881 -0.0279662739
      vertex 0.0176399983 -2.10042174e-07 -0.0280000009
    endloop
  endfacet
  facet normal -0.965906262 0.00636523031 -0.258813769
    outer loop
      vertex 0.0176399983 -2.10042174e-07 -0.0280000009
      vertex 0.0176400151 0.00137368881 -0.0279662739
      vertex 0.0181276836 0.00146298634 -0.0297840815
    endloop
  endfacet
  facet normal -0.965906143 0.00636454858 -0.258814275
    outer loop
      vertex 0.0176399983 -2.10042174e-07 -0.0280000009
      vertex 0.0181276836 0.00146298634 -0.0297840815
      vertex 0.0181276668 -2.15917765e-07 -0.0298200008
    endloop
  endfacet
  facet normal -0.707000136 0.0173638146 -0.707000256
    outer loop
      vertex 0.0181276668 -2.15917765e-07 -0.0298200008
      vertex 0.0181276836 0.00146298634 -0.0297840815
      vertex 0.0194600169 0.00152834505 -0.0311148092
    endloop
  endfacet
  facet normal -0.707000554 0.0173646379 -0.706999779
    outer loop
      vertex 0.0181276668 -2.15917765e-07 -0.0298200008
      vertex 0.0194600169 0.00152834505 -0.0311148092
      vertex 0.0194599982 -2.31919515e-07 -0.0311523341
    endloop
  endfacet
  facet normal -0.258745015 0.0237088874 -0.965654612
    outer loop
      vertex 0.0194599982 -2.31919515e-07 -0.0311523341
      vertex 0.0194600169 0.00152834505 -0.0311148092
      vertex 0.0212800168 0.00155225187 -0.0316018872
    endloop
  endfacet
  facet normal -0.258745551 0.023709558 -0.965654492
    outer loop
      vertex 0.0194599982 -2.31919515e-07 -0.0311523341
      vertex 0.0212800168 0.00155225187 -0.0316018872
      vertex 0.0212799981 -2.53759794e-07 -0.0316400006
    endloop
  endfacet
  facet normal 0.25874728 0.0710550845 -0.963328123
    outer loop
      vertex 0.0212800168 0.00155225187 -0.0316018872
      vertex 0.0212800354 0.00310098752 -0.0314876474
      vertex 0.0231000353 0.00305316621 -0.0310023278
    endloop
  endfacet
  facet normal 0.258746058 0.0710565746 -0.963328302
    outer loop
      vertex 0.0212800168 0.00155225187 -0.0316018872
      vertex 0.0231000353 0.00305316621 -0.0310023278
      vertex 0.0231000166 0.00152830139 -0.0311148092
    endloop
  endfacet
  facet normal 0.707000613 0.0520175062 -0.705297291
    outer loop
      vertex 0.0231000166 0.00152830139 -0.0311148092
      vertex 0.0231000353 0.00305316621 -0.0310023278
      vertex 0.0244323667 0.00292255962 -0.0296764113
    endloop
  endfacet
  facet normal 0.70700103 0.0520168804 -0.705296934
    outer loop
      vertex 0.0231000166 0.00152830139 -0.0311148092
      vertex 0.0244323667 0.00292255962 -0.0296764113
      vertex 0.0244323481 0.00146291067 -0.0297840815
    endloop
  endfacet
  facet normal 0.96590662 0.0190329216 -0.258190066
    outer loop
      vertex 0.0244323481 0.00146291067 -0.0297840815
      vertex 0.0244323667 0.00292255962 -0.0296764113
      vertex 0.0249200314 0.00274416385 -0.0278651752
    endloop
  endfacet
  facet normal 0.965906501 0.0190334674 -0.258190393
    outer loop
      vertex 0.0244323481 0.00146291067 -0.0297840815
      vertex 0.0249200314 0.00274416385 -0.0278651752
      vertex 0.0249200147 0.00137360138 -0.0279662739
    endloop
  endfacet
  facet normal 0.965906262 -0.0190570354 0.258189708
    outer loop
      vertex 0.0249200147 0.00137360138 -0.0279662739
      vertex 0.0249200314 0.00274416385 -0.0278651752
      vertex 0.024432363 0.00256577996 -0.026053939
    endloop
  endfacet
  facet normal 0.965906084 -0.0190578923 0.258190215
    outer loop
      vertex 0.0249200147 0.00137360138 -0.0279662739
      vertex 0.024432363 0.00256577996 -0.026053939
      vertex 0.0244323462 0.00128430384 -0.0261484664
    endloop
  endfacet
  facet normal 0.70699966 -0.0520350896 0.705296934
    outer loop
      vertex 0.0244323462 0.00128430384 -0.0261484664
      vertex 0.024432363 0.00256577996 -0.026053939
      vertex 0.0231000278 0.00243520527 -0.0247280207
    endloop
  endfacet
  facet normal 0.707000196 -0.0520341024 0.705296516
    outer loop
      vertex 0.0244323462 0.00128430384 -0.0261484664
      vertex 0.0231000278 0.00243520527 -0.0247280207
      vertex 0.0231000129 0.00121894514 -0.0248177368
    endloop
  endfacet
  facet normal 0.258744776 -0.0710620731 0.963328242
    outer loop
      vertex 0.0231000129 0.00121894514 -0.0248177368
      vertex 0.0231000278 0.00243520527 -0.0247280207
      vertex 0.0212800279 0.00238742772 -0.0242427029
    endloop
  endfacet
  facet normal 0.258744448 -0.0710626245 0.963328242
    outer loop
      vertex 0.0231000129 0.00121894514 -0.0248177368
      vertex 0.0212800279 0.00238742772 -0.0242427029
      vertex 0.021280013 0.00119503832 -0.0243306588
    endloop
  endfacet
  facet normal -0.258746356 -0.0710561723 0.963328362
    outer loop
      vertex 0.021280013 0.00119503832 -0.0243306588
      vertex 0.0212800279 0.00238742772 -0.0242427029
      vertex 0.019460028 0.00243524881 -0.0247280207
    endloop
  endfacet
  facet normal -0.258746088 -0.0710557401 0.963328362
    outer loop
      vertex 0.021280013 0.00119503832 -0.0243306588
      vertex 0.019460028 0.00243524881 -0.0247280207
      vertex 0.0194600131 0.00121898879 -0.0248177368
    endloop
  endfacet
  facet normal -0.70700115 -0.0520168357 0.705296874
    outer loop
      vertex 0.0194600131 0.00121898879 -0.0248177368
      vertex 0.019460028 0.00243524881 -0.0247280207
      vertex 0.0181276966 0.00256585539 -0.026053939
    endloop
  endfacet
  facet normal -0.707001507 -0.0520176254 0.705296457
    outer loop
      vertex 0.0194600131 0.00121898879 -0.0248177368
      vertex 0.0181276966 0.00256585539 -0.026053939
      vertex 0.0181276817 0.00128437951 -0.0261484664
    endloop
  endfacet
  facet normal -0.96590662 -0.0190340132 0.258189976
    outer loop
      vertex 0.0181276817 0.00128437951 -0.0261484664
      vertex 0.0181276966 0.00256585539 -0.026053939
      vertex 0.0176400319 0.00274425116 -0.0278651752
    endloop
  endfacet
  facet normal -0.965906501 -0.0190334674 0.258190393
    outer loop
      vertex 0.0181276817 0.00128437951 -0.0261484664
      vertex 0.0176400319 0.00274425116 -0.0278651752
      vertex 0.0176400151 0.00137368881 -0.0279662739
    endloop
  endfacet
  facet normal -0.965906024 0.0190571044 -0.258190632
    outer loop
      vertex 0.0176400151 0.00137368881 -0.0279662739
      vertex 0.0176400319 0.00274425116 -0.0278651752
      vertex 0.0181277022 0.00292263529 -0.0296764113
    endloop
  endfacet
  facet normal -0.965906143 0.0190575663 -0.258190185
    outer loop
      vertex 0.0176400151 0.00137368881 -0.0279662739
      vertex 0.0181277022 0.00292263529 -0.0296764113
      vertex 0.0181276836 0.00146298634 -0.0297840815
    endloop
  endfacet
  facet normal -0.706999719 0.0520348623 -0.705296934
    outer loop
      vertex 0.0181276836 0.00146298634 -0.0297840815
      vertex 0.0181277022 0.00292263529 -0.0296764113
      vertex 0.0194600355 0.00305320998 -0.0310023278
    endloop
  endfacet
  facet normal -0.70699966 0.052034732 -0.705297053
    outer loop
      vertex 0.0181276836 0.00146298634 -0.0297840815
      vertex 0.0194600355 0.00305320998 -0.0310023278
      vertex 0.0194600169 0.00152834505 -0.0311148092
    endloop
  endfacet
  facet normal -0.25874573 0.0710629001 -0.963327944
    outer loop
      vertex 0.0194600169 0.00152834505 -0.0311148092
      vertex 0.0194600355 0.00305320998 -0.0310023278
      vertex 0.0212800354 0.00310098752 -0.0314876474
    endloop
  endfacet
  facet normal -0.258744478 0.071061343 -0.963328421
    outer loop
      vertex 0.0194600169 0.00152834505 -0.0311148092
      vertex 0.0212800354 0.00310098752 -0.0314876474
      vertex 0.0212800168 0.00155225187 -0.0316018872
    endloop
  endfacet
  facet normal 0.258745998 0.118239596 -0.958681345
    outer loop
      vertex 0.0212800354 0.00310098752 -0.0314876474
      vertex 0.021280054 0.00464228168 -0.0312975459
      vertex 0.0231000539 0.00457070442 -0.0308151599
    endloop
  endfacet
  facet normal 0.258747846 0.118237235 -0.958681166
    outer loop
      vertex 0.0212800354 0.00310098752 -0.0314876474
      vertex 0.0231000539 0.00457070442 -0.0308151599
      vertex 0.0231000353 0.00305316621 -0.0310023278
    endloop
  endfacet
  facet normal 0.707002103 0.0865605101 -0.701894104
    outer loop
      vertex 0.0231000353 0.00305316621 -0.0310023278
      vertex 0.0231000539 0.00457070442 -0.0308151599
      vertex 0.0244323835 0.0043751956 -0.0294972453
    endloop
  endfacet
  facet normal 0.70700109 0.0865625143 -0.701894879
    outer loop
      vertex 0.0231000353 0.00305316621 -0.0310023278
      vertex 0.0244323835 0.0043751956 -0.0294972453
      vertex 0.0244323667 0.00292255962 -0.0296764113
    endloop
  endfacet
  facet normal 0.96590662 0.0316800736 -0.256945014
    outer loop
      vertex 0.0244323667 0.00292255962 -0.0296764113
      vertex 0.0244323835 0.0043751956 -0.0294972453
      vertex 0.0249200482 0.00410814118 -0.0276969448
    endloop
  endfacet
  facet normal 0.965906799 0.0316791795 -0.256944567
    outer loop
      vertex 0.0244323667 0.00292255962 -0.0296764113
      vertex 0.0249200482 0.00410814118 -0.0276969448
      vertex 0.0249200314 0.00274416385 -0.0278651752
    endloop
  endfacet
  facet normal 0.965905964 -0.0317029394 0.256944656
    outer loop
      vertex 0.0249200314 0.00274416385 -0.0278651752
      vertex 0.0249200482 0.00410814118 -0.0276969448
      vertex 0.0244323779 0.00384109863 -0.0258966442
    endloop
  endfacet
  facet normal 0.965906143 -0.0317021832 0.256944239
    outer loop
      vertex 0.0249200314 0.00274416385 -0.0278651752
      vertex 0.0244323779 0.00384109863 -0.0258966442
      vertex 0.024432363 0.00256577996 -0.026053939
    endloop
  endfacet
  facet normal 0.706999302 -0.0865783021 0.70189476
    outer loop
      vertex 0.024432363 0.00256577996 -0.026053939
      vertex 0.0244323779 0.00384109863 -0.0258966442
      vertex 0.0231000427 0.00364562147 -0.0245787315
    endloop
  endfacet
  facet normal 0.706999302 -0.0865782872 0.701894701
    outer loop
      vertex 0.024432363 0.00256577996 -0.026053939
      vertex 0.0231000427 0.00364562147 -0.0245787315
      vertex 0.0231000278 0.00243520527 -0.0247280207
    endloop
  endfacet
  facet normal 0.258744955 -0.118244074 0.958681047
    outer loop
      vertex 0.0231000278 0.00243520527 -0.0247280207
      vertex 0.0231000427 0.00364562147 -0.0245787315
      vertex 0.021280041 0.00357408798 -0.0240963418
    endloop
  endfacet
  facet normal 0.25874421 -0.118245259 0.958681107
    outer loop
      vertex 0.0231000278 0.00243520527 -0.0247280207
      vertex 0.021280041 0.00357408798 -0.0240963418
      vertex 0.0212800279 0.00238742772 -0.0242427029
    endloop
  endfacet
  facet normal -0.258748084 -0.118239544 0.958680749
    outer loop
      vertex 0.0212800279 0.00238742772 -0.0242427029
      vertex 0.021280041 0.00357408798 -0.0240963418
      vertex 0.0194600429 0.00364566501 -0.0245787315
    endloop
  endfacet
  facet normal -0.258746892 -0.118237719 0.958681285
    outer loop
      vertex 0.0212800279 0.00238742772 -0.0242427029
      vertex 0.0194600429 0.00364566501 -0.0245787315
      vertex 0.019460028 0.00243524881 -0.0247280207
    endloop
  endfacet
  facet normal -0.707001567 -0.0865608901 0.701894522
    outer loop
      vertex 0.019460028 0.00243524881 -0.0247280207
      vertex 0.0194600429 0.00364566501 -0.0245787315
      vertex 0.0181277134 0.00384117407 -0.0258966442
    endloop
  endfacet
  facet normal -0.707001507 -0.0865607709 0.701894581
    outer loop
      vertex 0.019460028 0.00243524881 -0.0247280207
      vertex 0.0181277134 0.00384117407 -0.0258966442
      vertex 0.0181276966 0.00256585539 -0.026053939
    endloop
  endfacet
  facet normal -0.96590662 -0.0316783264 0.256945312
    outer loop
      vertex 0.0181276966 0.00256585539 -0.026053939
      vertex 0.0181277134 0.00384117407 -0.0258966442
      vertex 0.0176400486 0.00410822826 -0.0276969448
    endloop
  endfacet
  facet normal -0.965906799 -0.0316791832 0.256944537
    outer loop
      vertex 0.0181276966 0.00256585539 -0.026053939
      vertex 0.0176400486 0.00410822826 -0.0276969448
      vertex 0.0176400319 0.00274425116 -0.0278651752
    endloop
  endfacet
  facet normal -0.965905964 0.0317029469 -0.256944627
    outer loop
      vertex 0.0176400319 0.00274425116 -0.0278651752
      vertex 0.0176400486 0.00410822826 -0.0276969448
      vertex 0.0181277189 0.0043752715 -0.0294972453
    endloop
  endfacet
  facet normal -0.965905905 0.0317023732 -0.256945193
    outer loop
      vertex 0.0176400319 0.00274425116 -0.0278651752
      vertex 0.0181277189 0.0043752715 -0.0294972453
      vertex 0.0181277022 0.00292263529 -0.0296764113
    endloop
  endfacet
  facet normal -0.706999779 0.0865787417 -0.701894164
    outer loop
      vertex 0.0181277022 0.00292263529 -0.0296764113
      vertex 0.0181277189 0.0043752715 -0.0294972453
      vertex 0.0194600541 0.00457074819 -0.0308151599
    endloop
  endfacet
  facet normal -0.706999242 0.0865779296 -0.70189482
    outer loop
      vertex 0.0181277022 0.00292263529 -0.0296764113
      vertex 0.0194600541 0.00457074819 -0.0308151599
      vertex 0.0194600355 0.00305320998 -0.0310023278
    endloop
  endfacet
  facet normal -0.258743405 0.118243635 -0.958681583
    outer loop
      vertex 0.0194600355 0.00305320998 -0.0310023278
      vertex 0.0194600541 0.00457074819 -0.0308151599
      vertex 0.021280054 0.00464228168 -0.0312975459
    endloop
  endfacet
  facet normal -0.258745134 0.118245773 -0.958680749
    outer loop
      vertex 0.0194600355 0.00305320998 -0.0310023278
      vertex 0.021280054 0.00464228168 -0.0312975459
      vertex 0.0212800354 0.00310098752 -0.0314876474
    endloop
  endfacet
  facet normal 0.258748531 0.165134579 -0.951724648
    outer loop
      vertex 0.021280054 0.00464228168 -0.0312975459
      vertex 0.0212800726 0.00617239205 -0.03103205
      vertex 0.0231000707 0.00607723137 -0.0305537526
    endloop
  endfacet
  facet normal 0.258746564 0.165137097 -0.951724708
    outer loop
      vertex 0.021280054 0.00464228168 -0.0312975459
      vertex 0.0231000707 0.00607723137 -0.0305537526
      vertex 0.0231000539 0.00457070442 -0.0308151599
    endloop
  endfacet
  facet normal 0.707001388 0.120898724 -0.696801543
    outer loop
      vertex 0.0231000539 0.00457070442 -0.0308151599
      vertex 0.0231000707 0.00607723137 -0.0305537526
      vertex 0.0244324002 0.0058172904 -0.0292470213
    endloop
  endfacet
  facet normal 0.707002521 0.120896645 -0.696800888
    outer loop
      vertex 0.0231000539 0.00457070442 -0.0308151599
      vertex 0.0244324002 0.0058172904 -0.0292470213
      vertex 0.0244323835 0.0043751956 -0.0294972453
    endloop
  endfacet
  facet normal 0.965906739 0.0442489423 -0.255080879
    outer loop
      vertex 0.0244323835 0.0043751956 -0.0294972453
      vertex 0.0244324002 0.0058172904 -0.0292470213
      vertex 0.024920065 0.00546222087 -0.0274619907
    endloop
  endfacet
  facet normal 0.965906799 0.044248566 -0.25508067
    outer loop
      vertex 0.0244323835 0.0043751956 -0.0294972453
      vertex 0.024920065 0.00546222087 -0.0274619907
      vertex 0.0249200482 0.00410814118 -0.0276969448
    endloop
  endfacet
  facet normal 0.965905726 -0.0442724302 0.255080551
    outer loop
      vertex 0.0249200482 0.00410814118 -0.0276969448
      vertex 0.024920065 0.00546222087 -0.0274619907
      vertex 0.0244323928 0.00510716345 -0.025676962
    endloop
  endfacet
  facet normal 0.965905786 -0.044271823 0.255080253
    outer loop
      vertex 0.0249200482 0.00410814118 -0.0276969448
      vertex 0.0244323928 0.00510716345 -0.025676962
      vertex 0.0244323779 0.00384109863 -0.0258966442
    endloop
  endfacet
  facet normal 0.706999183 -0.120914325 0.696801186
    outer loop
      vertex 0.0244323779 0.00384109863 -0.0258966442
      vertex 0.0244323928 0.00510716345 -0.025676962
      vertex 0.0231000576 0.00484725414 -0.0243702289
    endloop
  endfacet
  facet normal 0.706998885 -0.120914988 0.696801424
    outer loop
      vertex 0.0244323779 0.00384109863 -0.0258966442
      vertex 0.0231000576 0.00484725414 -0.0243702289
      vertex 0.0231000427 0.00364562147 -0.0245787315
    endloop
  endfacet
  facet normal 0.258743435 -0.16514276 0.951724648
    outer loop
      vertex 0.0231000427 0.00364562147 -0.0245787315
      vertex 0.0231000576 0.00484725414 -0.0243702289
      vertex 0.0212800559 0.00475213723 -0.0238919333
    endloop
  endfacet
  facet normal 0.258744389 -0.165141225 0.951724589
    outer loop
      vertex 0.0231000427 0.00364562147 -0.0245787315
      vertex 0.0212800559 0.00475213723 -0.0238919333
      vertex 0.021280041 0.00357408798 -0.0240963418
    endloop
  endfacet
  facet normal -0.258747607 -0.165134713 0.951724887
    outer loop
      vertex 0.021280041 0.00357408798 -0.0240963418
      vertex 0.0212800559 0.00475213723 -0.0238919333
      vertex 0.0194600578 0.00484729791 -0.0243702289
    endloop
  endfacet
  facet normal -0.258748621 -0.165136293 0.95172435
    outer loop
      vertex 0.021280041 0.00357408798 -0.0240963418
      vertex 0.0194600578 0.00484729791 -0.0243702289
      vertex 0.0194600429 0.00364566501 -0.0245787315
    endloop
  endfacet
  facet normal -0.707001925 -0.120897464 0.696801364
    outer loop
      vertex 0.0194600429 0.00364566501 -0.0245787315
      vertex 0.0194600578 0.00484729791 -0.0243702289
      vertex 0.0181277283 0.00510723889 -0.025676962
    endloop
  endfacet
  facet normal -0.707002044 -0.120897673 0.696801186
    outer loop
      vertex 0.0194600429 0.00364566501 -0.0245787315
      vertex 0.0181277283 0.00510723889 -0.025676962
      vertex 0.0181277134 0.00384117407 -0.0258966442
    endloop
  endfacet
  facet normal -0.96590662 -0.0442492217 0.255081058
    outer loop
      vertex 0.0181277134 0.00384117407 -0.0258966442
      vertex 0.0181277283 0.00510723889 -0.025676962
      vertex 0.0176400635 0.00546230841 -0.0274619907
    endloop
  endfacet
  facet normal -0.965906799 -0.0442498289 0.255080521
    outer loop
      vertex 0.0181277134 0.00384117407 -0.0258966442
      vertex 0.0176400635 0.00546230841 -0.0274619907
      vertex 0.0176400486 0.00410822826 -0.0276969448
    endloop
  endfacet
  facet normal -0.965905786 0.0442710891 -0.255080551
    outer loop
      vertex 0.0176400486 0.00410822826 -0.0276969448
      vertex 0.0176400635 0.00546230841 -0.0274619907
      vertex 0.0181277357 0.0058173663 -0.0292470213
    endloop
  endfacet
  facet normal -0.965905905 0.044271294 -0.255080342
    outer loop
      vertex 0.0176400486 0.00410822826 -0.0276969448
      vertex 0.0181277357 0.0058173663 -0.0292470213
      vertex 0.0181277189 0.0043752715 -0.0294972453
    endloop
  endfacet
  facet normal -0.706998587 0.120913267 -0.696801841
    outer loop
      vertex 0.0181277189 0.0043752715 -0.0294972453
      vertex 0.0181277357 0.0058173663 -0.0292470213
      vertex 0.0194600709 0.00607727515 -0.0305537526
    endloop
  endfacet
  facet normal -0.706999362 0.12091437 -0.696801007
    outer loop
      vertex 0.0181277189 0.0043752715 -0.0294972453
      vertex 0.0194600709 0.00607727515 -0.0305537526
      vertex 0.0194600541 0.00457074819 -0.0308151599
    endloop
  endfacet
  facet normal -0.258744389 0.165142789 -0.951724291
    outer loop
      vertex 0.0194600541 0.00457074819 -0.0308151599
      vertex 0.0194600709 0.00607727515 -0.0305537526
      vertex 0.0212800726 0.00617239205 -0.03103205
    endloop
  endfacet
  facet normal -0.258742839 0.165140972 -0.951725125
    outer loop
      vertex 0.0194600541 0.00457074819 -0.0308151599
      vertex 0.0212800726 0.00617239205 -0.03103205
      vertex 0.021280054 0.00464228168 -0.0312975459
    endloop
  endfacet
  facet normal 0.25874871 0.211636811 -0.942474902
    outer loop
      vertex 0.0212800726 0.00617239205 -0.03103205
      vertex 0.0212800913 0.00768763153 -0.0306917913
      vertex 0.0231000893 0.00756911607 -0.0302187391
    endloop
  endfacet
  facet normal 0.258749098 0.211636335 -0.942474961
    outer loop
      vertex 0.0212800726 0.00617239205 -0.03103205
      vertex 0.0231000893 0.00756911607 -0.0302187391
      vertex 0.0231000707 0.00607723137 -0.0305537526
    endloop
  endfacet
  facet normal 0.707001746 0.154942393 -0.690030038
    outer loop
      vertex 0.0231000707 0.00607723137 -0.0305537526
      vertex 0.0231000893 0.00756911607 -0.0302187391
      vertex 0.0244324189 0.00724537019 -0.0289263353
    endloop
  endfacet
  facet normal 0.707001865 0.154942214 -0.690029919
    outer loop
      vertex 0.0231000707 0.00607723137 -0.0305537526
      vertex 0.0244324189 0.00724537019 -0.0289263353
      vertex 0.0244324002 0.0058172904 -0.0292470213
    endloop
  endfacet
  facet normal 0.965907216 0.0567108095 -0.252600819
    outer loop
      vertex 0.0244324002 0.0058172904 -0.0292470213
      vertex 0.0244324189 0.00724537019 -0.0289263353
      vertex 0.0249200799 0.00680314098 -0.0271608774
    endloop
  endfacet
  facet normal 0.965906858 0.0567128211 -0.252601653
    outer loop
      vertex 0.0244324002 0.0058172904 -0.0292470213
      vertex 0.0249200799 0.00680314098 -0.0271608774
      vertex 0.024920065 0.00546222087 -0.0274619907
    endloop
  endfacet
  facet normal 0.965905726 -0.0567341857 0.252601296
    outer loop
      vertex 0.024920065 0.00546222087 -0.0274619907
      vertex 0.0249200799 0.00680314098 -0.0271608774
      vertex 0.0244324077 0.00636092341 -0.0253954213
    endloop
  endfacet
  facet normal 0.965905607 -0.0567349531 0.252601594
    outer loop
      vertex 0.024920065 0.00546222087 -0.0274619907
      vertex 0.0244324077 0.00636092341 -0.0253954213
      vertex 0.0244323928 0.00510716345 -0.025676962
    endloop
  endfacet
  facet normal 0.706998646 -0.154959366 0.690029383
    outer loop
      vertex 0.0244323928 0.00510716345 -0.025676962
      vertex 0.0244324077 0.00636092341 -0.0253954213
      vertex 0.0231000707 0.00603720872 -0.0241030157
    endloop
  endfacet
  facet normal 0.706998825 -0.154958963 0.690029323
    outer loop
      vertex 0.0244323928 0.00510716345 -0.025676962
      vertex 0.0231000707 0.00603720872 -0.0241030157
      vertex 0.0231000576 0.00484725414 -0.0243702289
    endloop
  endfacet
  facet normal 0.258743703 -0.211642668 0.942474961
    outer loop
      vertex 0.0231000576 0.00484725414 -0.0243702289
      vertex 0.0231000707 0.00603720872 -0.0241030157
      vertex 0.0212800708 0.0059187375 -0.0236299634
    endloop
  endfacet
  facet normal 0.258742899 -0.211643934 0.942474902
    outer loop
      vertex 0.0231000576 0.00484725414 -0.0243702289
      vertex 0.0212800708 0.0059187375 -0.0236299634
      vertex 0.0212800559 0.00475213723 -0.0238919333
    endloop
  endfacet
  facet normal -0.258748412 -0.211637333 0.942474842
    outer loop
      vertex 0.0212800559 0.00475213723 -0.0238919333
      vertex 0.0212800708 0.0059187375 -0.0236299634
      vertex 0.0194600709 0.00603725249 -0.0241030157
    endloop
  endfacet
  facet normal -0.258748174 -0.21163699 0.942475021
    outer loop
      vertex 0.0212800559 0.00475213723 -0.0238919333
      vertex 0.0194600709 0.00603725249 -0.0241030157
      vertex 0.0194600578 0.00484729791 -0.0243702289
    endloop
  endfacet
  facet normal -0.707002699 -0.154943377 0.690028727
    outer loop
      vertex 0.0194600578 0.00484729791 -0.0243702289
      vertex 0.0194600709 0.00603725249 -0.0241030157
      vertex 0.0181277432 0.00636099884 -0.0253954213
    endloop
  endfacet
  facet normal -0.707002342 -0.154942572 0.690029323
    outer loop
      vertex 0.0194600578 0.00484729791 -0.0243702289
      vertex 0.0181277432 0.00636099884 -0.0253954213
      vertex 0.0181277283 0.00510723889 -0.025676962
    endloop
  endfacet
  facet normal -0.965906918 -0.0567120165 0.252601713
    outer loop
      vertex 0.0181277283 0.00510723889 -0.025676962
      vertex 0.0181277432 0.00636099884 -0.0253954213
      vertex 0.0176400803 0.00680322852 -0.0271608774
    endloop
  endfacet
  facet normal -0.965906799 -0.0567115881 0.25260219
    outer loop
      vertex 0.0181277283 0.00510723889 -0.025676962
      vertex 0.0176400803 0.00680322852 -0.0271608774
      vertex 0.0176400635 0.00546230841 -0.0274619907
    endloop
  endfacet
  facet normal -0.965905726 0.0567354001 -0.252600729
    outer loop
      vertex 0.0176400635 0.00546230841 -0.0274619907
      vertex 0.0176400803 0.00680322852 -0.0271608774
      vertex 0.0181277525 0.00724544609 -0.0289263353
    endloop
  endfacet
  facet normal -0.965905607 0.0567348823 -0.252601355
    outer loop
      vertex 0.0176400635 0.00546230841 -0.0274619907
      vertex 0.0181277525 0.00724544609 -0.0289263353
      vertex 0.0181277357 0.0058173663 -0.0292470213
    endloop
  endfacet
  facet normal -0.70699811 0.154959679 -0.69002986
    outer loop
      vertex 0.0181277357 0.0058173663 -0.0292470213
      vertex 0.0181277525 0.00724544609 -0.0289263353
      vertex 0.0194600895 0.00756915985 -0.0302187391
    endloop
  endfacet
  facet normal -0.706998289 0.154959947 -0.690029621
    outer loop
      vertex 0.0181277357 0.0058173663 -0.0292470213
      vertex 0.0194600895 0.00756915985 -0.0302187391
      vertex 0.0194600709 0.00607727515 -0.0305537526
    endloop
  endfacet
  facet normal -0.258743495 0.211642802 -0.942475021
    outer loop
      vertex 0.0194600709 0.00607727515 -0.0305537526
      vertex 0.0194600895 0.00756915985 -0.0302187391
      vertex 0.0212800913 0.00768763153 -0.0306917913
    endloop
  endfacet
  facet normal -0.258743823 0.211643174 -0.942474842
    outer loop
      vertex 0.0194600709 0.00607727515 -0.0305537526
      vertex 0.0212800913 0.00768763153 -0.0306917913
      vertex 0.0212800726 0.00617239205 -0.03103205
    endloop
  endfacet
  facet normal 0.258748442 0.257627338 -0.930955172
    outer loop
      vertex 0.0212800913 0.00768763153 -0.0306917913
      vertex 0.021280108 0.00918435026 -0.0302775931
      vertex 0.0231001079 0.00904276595 -0.0298109259
    endloop
  endfacet
  facet normal 0.258749247 0.257626265 -0.930955172
    outer loop
      vertex 0.0212800913 0.00768763153 -0.0306917913
      vertex 0.0231001079 0.00904276595 -0.0298109259
      vertex 0.0231000893 0.00756911607 -0.0302187391
    endloop
  endfacet
  facet normal 0.707002878 0.188613534 -0.681595147
    outer loop
      vertex 0.0231000893 0.00756911607 -0.0302187391
      vertex 0.0231001079 0.00904276595 -0.0298109259
      vertex 0.0244324356 0.0086559942 -0.0285359621
    endloop
  endfacet
  facet normal 0.707002163 0.18861495 -0.681595504
    outer loop
      vertex 0.0231000893 0.00756911607 -0.0302187391
      vertex 0.0244324356 0.0086559942 -0.0285359621
      vertex 0.0244324189 0.00724537019 -0.0289263353
    endloop
  endfacet
  facet normal 0.965907216 0.0690384135 -0.249513656
    outer loop
      vertex 0.0244324189 0.00724537019 -0.0289263353
      vertex 0.0244324356 0.0086559942 -0.0285359621
      vertex 0.0249200966 0.00812767074 -0.0267943311
    endloop
  endfacet
  facet normal 0.965907395 0.069037281 -0.249513209
    outer loop
      vertex 0.0244324189 0.00724537019 -0.0289263353
      vertex 0.0249200966 0.00812767074 -0.0267943311
      vertex 0.0249200799 0.00680314098 -0.0271608774
    endloop
  endfacet
  facet normal 0.965905488 -0.0690618604 0.249513701
    outer loop
      vertex 0.0249200799 0.00680314098 -0.0271608774
      vertex 0.0249200966 0.00812767074 -0.0267943311
      vertex 0.0244324226 0.00759935845 -0.0250527002
    endloop
  endfacet
  facet normal 0.965905607 -0.0690613016 0.249513522
    outer loop
      vertex 0.0249200799 0.00680314098 -0.0271608774
      vertex 0.0244324226 0.00759935845 -0.0250527002
      vertex 0.0244324077 0.00636092341 -0.0253954213
    endloop
  endfacet
  facet normal 0.706998348 -0.188631237 0.681594968
    outer loop
      vertex 0.0244324077 0.00636092341 -0.0253954213
      vertex 0.0244324226 0.00759935845 -0.0250527002
      vertex 0.0231000856 0.00721261883 -0.0237777364
    endloop
  endfacet
  facet normal 0.706998229 -0.188631475 0.681594968
    outer loop
      vertex 0.0244324077 0.00636092341 -0.0253954213
      vertex 0.0231000856 0.00721261883 -0.0237777364
      vertex 0.0231000707 0.00603720872 -0.0241030157
    endloop
  endfacet
  facet normal 0.258743256 -0.257632881 0.930955052
    outer loop
      vertex 0.0231000707 0.00603720872 -0.0241030157
      vertex 0.0231000856 0.00721261883 -0.0237777364
      vertex 0.0212800838 0.00707107875 -0.0233110674
    endloop
  endfacet
  facet normal 0.258743137 -0.25763309 0.930954933
    outer loop
      vertex 0.0231000707 0.00603720872 -0.0241030157
      vertex 0.0212800838 0.00707107875 -0.0233110674
      vertex 0.0212800708 0.0059187375 -0.0236299634
    endloop
  endfacet
  facet normal -0.258749455 -0.257627189 0.930954874
    outer loop
      vertex 0.0212800708 0.0059187375 -0.0236299634
      vertex 0.0212800838 0.00707107875 -0.0233110674
      vertex 0.0194600858 0.00721266214 -0.0237777364
    endloop
  endfacet
  facet normal -0.258748949 -0.257626444 0.930955231
    outer loop
      vertex 0.0212800708 0.0059187375 -0.0236299634
      vertex 0.0194600858 0.00721266214 -0.0237777364
      vertex 0.0194600709 0.00603725249 -0.0241030157
    endloop
  endfacet
  facet normal -0.707002819 -0.188613594 0.681595087
    outer loop
      vertex 0.0194600709 0.00603725249 -0.0241030157
      vertex 0.0194600858 0.00721266214 -0.0237777364
      vertex 0.0181277581 0.00759943388 -0.0250527002
    endloop
  endfacet
  facet normal -0.707003176 -0.1886141 0.68159467
    outer loop
      vertex 0.0194600709 0.00603725249 -0.0241030157
      vertex 0.0181277581 0.00759943388 -0.0250527002
      vertex 0.0181277432 0.00636099884 -0.0253954213
    endloop
  endfacet
  facet normal -0.965907156 -0.0690381154 0.249513716
    outer loop
      vertex 0.0181277432 0.00636099884 -0.0253954213
      vertex 0.0181277581 0.00759943388 -0.0250527002
      vertex 0.0176400971 0.00812775735 -0.0267943311
    endloop
  endfacet
  facet normal -0.965907037 -0.0690376312 0.249514252
    outer loop
      vertex 0.0181277432 0.00636099884 -0.0253954213
      vertex 0.0176400971 0.00812775735 -0.0267943311
      vertex 0.0176400803 0.00680322852 -0.0271608774
    endloop
  endfacet
  facet normal -0.965905726 0.0690616593 -0.249512807
    outer loop
      vertex 0.0176400803 0.00680322852 -0.0271608774
      vertex 0.0176400971 0.00812775735 -0.0267943311
      vertex 0.0181277692 0.00865606964 -0.0285359621
    endloop
  endfacet
  facet normal -0.965905666 0.0690612942 -0.249513283
    outer loop
      vertex 0.0176400803 0.00680322852 -0.0271608774
      vertex 0.0181277692 0.00865606964 -0.0285359621
      vertex 0.0181277525 0.00724544609 -0.0289263353
    endloop
  endfacet
  facet normal -0.706998348 0.188631609 -0.681594789
    outer loop
      vertex 0.0181277525 0.00724544609 -0.0289263353
      vertex 0.0181277692 0.00865606964 -0.0285359621
      vertex 0.0194601063 0.00904280972 -0.0298109259
    endloop
  endfacet
  facet normal -0.706997633 0.188630626 -0.681595683
    outer loop
      vertex 0.0181277525 0.00724544609 -0.0289263353
      vertex 0.0194601063 0.00904280972 -0.0298109259
      vertex 0.0194600895 0.00756915985 -0.0302187391
    endloop
  endfacet
  facet normal -0.258742452 0.257632524 -0.93095535
    outer loop
      vertex 0.0194600895 0.00756915985 -0.0302187391
      vertex 0.0194601063 0.00904280972 -0.0298109259
      vertex 0.021280108 0.00918435026 -0.0302775931
    endloop
  endfacet
  facet normal -0.258742929 0.25763312 -0.930955052
    outer loop
      vertex 0.0194600895 0.00756915985 -0.0302187391
      vertex 0.021280108 0.00918435026 -0.0302775931
      vertex 0.0212800913 0.00768763153 -0.0306917913
    endloop
  endfacet
  facet normal 0.258749038 0.302995235 -0.917192876
    outer loop
      vertex 0.021280108 0.00918435026 -0.0302775931
      vertex 0.0212801266 0.0106589422 -0.0297904555
      vertex 0.0231001247 0.0104946308 -0.0293312967
    endloop
  endfacet
  facet normal 0.258749008 0.302995324 -0.917192936
    outer loop
      vertex 0.021280108 0.00918435026 -0.0302775931
      vertex 0.0231001247 0.0104946308 -0.0293312967
      vertex 0.0231001079 0.00904276595 -0.0298109259
    endloop
  endfacet
  facet normal 0.707003057 0.2218308 -0.671519041
    outer loop
      vertex 0.0231001079 0.00904276595 -0.0298109259
      vertex 0.0231001247 0.0104946308 -0.0293312967
      vertex 0.0244324524 0.010045765 -0.0280768462
    endloop
  endfacet
  facet normal 0.707003236 0.221830264 -0.671518922
    outer loop
      vertex 0.0231001079 0.00904276595 -0.0298109259
      vertex 0.0244324524 0.010045765 -0.0280768462
      vertex 0.0244324356 0.0086559942 -0.0285359621
    endloop
  endfacet
  facet normal 0.965907454 0.0811975077 -0.245824844
    outer loop
      vertex 0.0244324356 0.0086559942 -0.0285359621
      vertex 0.0244324524 0.010045765 -0.0280768462
      vertex 0.0249201115 0.00943262037 -0.0263632368
    endloop
  endfacet
  facet normal 0.965907335 0.0811980739 -0.245825022
    outer loop
      vertex 0.0244324356 0.0086559942 -0.0285359621
      vertex 0.0249201115 0.00943262037 -0.0263632368
      vertex 0.0249200966 0.00812767074 -0.0267943311
    endloop
  endfacet
  facet normal 0.965905488 -0.0812199861 0.245824605
    outer loop
      vertex 0.0249200966 0.00812767074 -0.0267943311
      vertex 0.0249201115 0.00943262037 -0.0263632368
      vertex 0.0244324375 0.00881948601 -0.0246496238
    endloop
  endfacet
  facet normal 0.965905368 -0.081221588 0.245825112
    outer loop
      vertex 0.0249200966 0.00812767074 -0.0267943311
      vertex 0.0244324375 0.00881948601 -0.0246496238
      vertex 0.0244324226 0.00759935845 -0.0250527002
    endloop
  endfacet
  facet normal 0.706997573 -0.22184886 0.671518743
    outer loop
      vertex 0.0244324226 0.00759935845 -0.0250527002
      vertex 0.0244324375 0.00881948601 -0.0246496238
      vertex 0.0231000986 0.00837065186 -0.0233951733
    endloop
  endfacet
  facet normal 0.706997991 -0.22184816 0.671518743
    outer loop
      vertex 0.0244324226 0.00759935845 -0.0250527002
      vertex 0.0231000986 0.00837065186 -0.0233951733
      vertex 0.0231000856 0.00721261883 -0.0237777364
    endloop
  endfacet
  facet normal 0.258741796 -0.303002894 0.917192459
    outer loop
      vertex 0.0231000856 0.00721261883 -0.0237777364
      vertex 0.0231000986 0.00837065186 -0.0233951733
      vertex 0.0212800968 0.00820638426 -0.0229360145
    endloop
  endfacet
  facet normal 0.25874272 -0.303001434 0.917192698
    outer loop
      vertex 0.0231000856 0.00721261883 -0.0237777364
      vertex 0.0212800968 0.00820638426 -0.0229360145
      vertex 0.0212800838 0.00707107875 -0.0233110674
    endloop
  endfacet
  facet normal -0.258749038 -0.302995503 0.917192817
    outer loop
      vertex 0.0212800838 0.00707107875 -0.0233110674
      vertex 0.0212800968 0.00820638426 -0.0229360145
      vertex 0.0194600988 0.00837069564 -0.0233951733
    endloop
  endfacet
  facet normal -0.258749962 -0.302996844 0.917192101
    outer loop
      vertex 0.0212800838 0.00707107875 -0.0233110674
      vertex 0.0194600988 0.00837069564 -0.0233951733
      vertex 0.0194600858 0.00721266214 -0.0237777364
    endloop
  endfacet
  facet normal -0.707003534 -0.221831977 0.671518147
    outer loop
      vertex 0.0194600858 0.00721266214 -0.0237777364
      vertex 0.0194600988 0.00837069564 -0.0233951733
      vertex 0.018127773 0.00881956145 -0.0246496238
    endloop
  endfacet
  facet normal -0.707003236 -0.221831501 0.671518564
    outer loop
      vertex 0.0194600858 0.00721266214 -0.0237777364
      vertex 0.018127773 0.00881956145 -0.0246496238
      vertex 0.0181277581 0.00759943388 -0.0250527002
    endloop
  endfacet
  facet normal -0.965907216 -0.0811980665 0.245825335
    outer loop
      vertex 0.0181277581 0.00759943388 -0.0250527002
      vertex 0.018127773 0.00881956145 -0.0246496238
      vertex 0.017640112 0.00943270698 -0.026363235
    endloop
  endfacet
  facet normal -0.965907395 -0.0811983719 0.245824948
    outer loop
      vertex 0.0181277581 0.00759943388 -0.0250527002
      vertex 0.017640112 0.00943270698 -0.026363235
      vertex 0.0176400971 0.00812775735 -0.0267943311
    endloop
  endfacet
  facet normal -0.965905428 0.0812204629 -0.245824993
    outer loop
      vertex 0.0176400971 0.00812775735 -0.0267943311
      vertex 0.017640112 0.00943270698 -0.026363235
      vertex 0.018127786 0.0100458404 -0.0280768443
    endloop
  endfacet
  facet normal -0.965905547 0.0812209547 -0.245824292
    outer loop
      vertex 0.0176400971 0.00812775735 -0.0267943311
      vertex 0.018127786 0.0100458404 -0.0280768443
      vertex 0.0181277692 0.00865606964 -0.0285359621
    endloop
  endfacet
  facet normal -0.706997573 0.221848235 -0.671518922
    outer loop
      vertex 0.0181277692 0.00865606964 -0.0285359621
      vertex 0.018127786 0.0100458404 -0.0280768443
      vertex 0.0194601249 0.0104946746 -0.0293312948
    endloop
  endfacet
  facet normal -0.706997931 0.221848696 -0.671518445
    outer loop
      vertex 0.0181277692 0.00865606964 -0.0285359621
      vertex 0.0194601249 0.0104946746 -0.0293312948
      vertex 0.0194601063 0.00904280972 -0.0298109259
    endloop
  endfacet
  facet normal -0.25874266 0.303002536 -0.917192221
    outer loop
      vertex 0.0194601063 0.00904280972 -0.0298109259
      vertex 0.0194601249 0.0104946746 -0.0293312948
      vertex 0.0212801266 0.0106589422 -0.0297904555
    endloop
  endfacet
  facet normal -0.258741945 0.303001761 -0.917192817
    outer loop
      vertex 0.0194601063 0.00904280972 -0.0298109259
      vertex 0.0212801266 0.0106589422 -0.0297904555
      vertex 0.021280108 0.00918435026 -0.0302775931
    endloop
  endfacet
  facet normal 0.25875029 0.347635716 -0.901220202
    outer loop
      vertex 0.0212801266 0.0106589422 -0.0297904555
      vertex 0.0212801434 0.0121078556 -0.0292315483
      vertex 0.0231001414 0.0119212121 -0.0287810024
    endloop
  endfacet
  facet normal 0.258749574 0.34763658 -0.901219964
    outer loop
      vertex 0.0212801266 0.0106589422 -0.0297904555
      vertex 0.0231001414 0.0119212121 -0.0287810024
      vertex 0.0231001247 0.0104946308 -0.0293312967
    endloop
  endfacet
  facet normal 0.707003474 0.254514664 -0.65982461
    outer loop
      vertex 0.0231001247 0.0104946308 -0.0293312967
      vertex 0.0231001414 0.0119212121 -0.0287810024
      vertex 0.0244324673 0.0114113335 -0.0275500882
    endloop
  endfacet
  facet normal 0.707003415 0.254514694 -0.65982455
    outer loop
      vertex 0.0231001247 0.0104946308 -0.0293312967
      vertex 0.0244324673 0.0114113335 -0.0275500882
      vertex 0.0244324524 0.010045765 -0.0280768462
    endloop
  endfacet
  facet normal 0.965907216 0.093163453 -0.241544515
    outer loop
      vertex 0.0244324524 0.010045765 -0.0280768462
      vertex 0.0244324673 0.0114113335 -0.0275500882
      vertex 0.0249201283 0.0107148439 -0.0258686263
    endloop
  endfacet
  facet normal 0.965907574 0.0931616127 -0.241544038
    outer loop
      vertex 0.0244324524 0.010045765 -0.0280768462
      vertex 0.0249201283 0.0107148439 -0.0258686263
      vertex 0.0249201115 0.00943262037 -0.0263632368
    endloop
  endfacet
  facet normal 0.965905249 -0.0931867585 0.24154374
    outer loop
      vertex 0.0249201115 0.00943262037 -0.0263632368
      vertex 0.0249201283 0.0107148439 -0.0258686263
      vertex 0.0244324524 0.0100183655 -0.0241871662
    endloop
  endfacet
  facet normal 0.965905488 -0.093185313 0.241543382
    outer loop
      vertex 0.0249201115 0.00943262037 -0.0263632368
      vertex 0.0244324524 0.0100183655 -0.0241871662
      vertex 0.0244324375 0.00881948601 -0.0246496238
    endloop
  endfacet
  facet normal 0.706997454 -0.254530579 0.659824789
    outer loop
      vertex 0.0244324375 0.00881948601 -0.0246496238
      vertex 0.0244324524 0.0100183655 -0.0241871662
      vertex 0.0231001135 0.00950851943 -0.0229562502
    endloop
  endfacet
  facet normal 0.706997275 -0.254531205 0.659824848
    outer loop
      vertex 0.0244324375 0.00881948601 -0.0246496238
      vertex 0.0231001135 0.00950851943 -0.0229562502
      vertex 0.0231000986 0.00837065186 -0.0233951733
    endloop
  endfacet
  facet normal 0.258742064 -0.347641647 0.901220262
    outer loop
      vertex 0.0231000986 0.00837065186 -0.0233951733
      vertex 0.0231001135 0.00950851943 -0.0229562502
      vertex 0.0212801117 0.00932191964 -0.0225057043
    endloop
  endfacet
  facet normal 0.25874126 -0.347642899 0.901219964
    outer loop
      vertex 0.0231000986 0.00837065186 -0.0233951733
      vertex 0.0212801117 0.00932191964 -0.0225057043
      vertex 0.0212800968 0.00820638426 -0.0229360145
    endloop
  endfacet
  facet normal -0.258750319 -0.347636044 0.901220024
    outer loop
      vertex 0.0212800968 0.00820638426 -0.0229360145
      vertex 0.0212801117 0.00932191964 -0.0225057043
      vertex 0.0194601137 0.00950856321 -0.0229562502
    endloop
  endfacet
  facet normal -0.258749604 -0.347634971 0.90122056
    outer loop
      vertex 0.0212800968 0.00820638426 -0.0229360145
      vertex 0.0194601137 0.00950856321 -0.0229562502
      vertex 0.0194600988 0.00837069564 -0.0233951733
    endloop
  endfacet
  facet normal -0.707002819 -0.254513055 0.659825802
    outer loop
      vertex 0.0194600988 0.00837069564 -0.0233951733
      vertex 0.0194601137 0.00950856321 -0.0229562502
      vertex 0.018127786 0.0100184409 -0.0241871644
    endloop
  endfacet
  facet normal -0.707003891 -0.254514813 0.659823954
    outer loop
      vertex 0.0194600988 0.00837069564 -0.0233951733
      vertex 0.018127786 0.0100184409 -0.0241871644
      vertex 0.018127773 0.00881956145 -0.0246496238
    endloop
  endfacet
  facet normal -0.965907514 -0.0931633413 0.241543829
    outer loop
      vertex 0.018127773 0.00881956145 -0.0246496238
      vertex 0.018127786 0.0100184409 -0.0241871644
      vertex 0.0176401269 0.0107149305 -0.0258686244
    endloop
  endfacet
  facet normal -0.965907395 -0.0931630656 0.241544172
    outer loop
      vertex 0.018127773 0.00881956145 -0.0246496238
      vertex 0.0176401269 0.0107149305 -0.0258686244
      vertex 0.017640112 0.00943270698 -0.026363235
    endloop
  endfacet
  facet normal -0.965905249 0.0931854695 -0.241543993
    outer loop
      vertex 0.017640112 0.00943270698 -0.026363235
      vertex 0.0176401269 0.0107149305 -0.0258686244
      vertex 0.0181278028 0.0114114089 -0.0275500864
    endloop
  endfacet
  facet normal -0.965905309 0.0931855887 -0.241543815
    outer loop
      vertex 0.017640112 0.00943270698 -0.026363235
      vertex 0.0181278028 0.0114114089 -0.0275500864
      vertex 0.018127786 0.0100458404 -0.0280768443
    endloop
  endfacet
  facet normal -0.706997573 0.254531085 -0.659824491
    outer loop
      vertex 0.018127786 0.0100458404 -0.0280768443
      vertex 0.0181278028 0.0114114089 -0.0275500864
      vertex 0.0194601417 0.0119212558 -0.0287810024
    endloop
  endfacet
  facet normal -0.706997156 0.254530609 -0.659825027
    outer loop
      vertex 0.018127786 0.0100458404 -0.0280768443
      vertex 0.0194601417 0.0119212558 -0.0287810024
      vertex 0.0194601249 0.0104946746 -0.0293312948
    endloop
  endfacet
  facet normal -0.258742005 0.347641557 -0.901220143
    outer loop
      vertex 0.0194601249 0.0104946746 -0.0293312948
      vertex 0.0194601417 0.0119212558 -0.0287810024
      vertex 0.0212801434 0.0121078556 -0.0292315483
    endloop
  endfacet
  facet normal -0.258742094 0.347641677 -0.901220083
    outer loop
      vertex 0.0194601249 0.0104946746 -0.0293312948
      vertex 0.0212801434 0.0121078556 -0.0292315483
      vertex 0.0212801266 0.0106589422 -0.0297904555
    endloop
  endfacet
  facet normal 0.258750349 0.391438127 -0.883076668
    outer loop
      vertex 0.0212801434 0.0121078556 -0.0292315483
      vertex 0.0212801602 0.0135275712 -0.0286022313
      vertex 0.0231001582 0.0133190453 -0.028161386
    endloop
  endfacet
  facet normal 0.258750826 0.39143762 -0.883076847
    outer loop
      vertex 0.0212801434 0.0121078556 -0.0292315483
      vertex 0.0231001582 0.0133190453 -0.028161386
      vertex 0.0231001414 0.0119212121 -0.0287810024
    endloop
  endfacet
  facet normal 0.707003593 0.286583394 -0.646541417
    outer loop
      vertex 0.0231001414 0.0119212121 -0.0287810024
      vertex 0.0231001582 0.0133190453 -0.028161386
      vertex 0.0244324841 0.0127493842 -0.0269569717
    endloop
  endfacet
  facet normal 0.707003832 0.286582977 -0.646541357
    outer loop
      vertex 0.0231001414 0.0119212121 -0.0287810024
      vertex 0.0244324841 0.0127493842 -0.0269569717
      vertex 0.0244324673 0.0114113335 -0.0275500882
    endloop
  endfacet
  facet normal 0.965907454 0.104901731 -0.236682028
    outer loop
      vertex 0.0244324673 0.0114113335 -0.0275500882
      vertex 0.0244324841 0.0127493842 -0.0269569717
      vertex 0.0249201432 0.0119712297 -0.0253117103
    endloop
  endfacet
  facet normal 0.965907335 0.104902253 -0.236682147
    outer loop
      vertex 0.0244324673 0.0114113335 -0.0275500882
      vertex 0.0249201432 0.0119712297 -0.0253117103
      vertex 0.0249201283 0.0107148439 -0.0258686263
    endloop
  endfacet
  facet normal 0.965905011 -0.104925036 0.236681879
    outer loop
      vertex 0.0249201283 0.0107148439 -0.0258686263
      vertex 0.0249201432 0.0119712297 -0.0253117103
      vertex 0.0244324654 0.0111930855 -0.0236664489
    endloop
  endfacet
  facet normal 0.96590513 -0.104924515 0.236681789
    outer loop
      vertex 0.0249201283 0.0107148439 -0.0258686263
      vertex 0.0244324654 0.0111930855 -0.0236664489
      vertex 0.0244324524 0.0100183655 -0.0241871662
    endloop
  endfacet
  facet normal 0.706996799 -0.286599904 0.646541595
    outer loop
      vertex 0.0244324524 0.0100183655 -0.0241871662
      vertex 0.0244324654 0.0111930855 -0.0236664489
      vertex 0.0231001265 0.0106234569 -0.0224620346
    endloop
  endfacet
  facet normal 0.706997156 -0.286599219 0.646541536
    outer loop
      vertex 0.0244324524 0.0100183655 -0.0241871662
      vertex 0.0231001265 0.0106234569 -0.0224620346
      vertex 0.0231001135 0.00950851943 -0.0229562502
    endloop
  endfacet
  facet normal 0.258742779 -0.391442418 0.883076966
    outer loop
      vertex 0.0231001135 0.00950851943 -0.0229562502
      vertex 0.0231001265 0.0106234569 -0.0224620346
      vertex 0.0212801248 0.0104149748 -0.0220211856
    endloop
  endfacet
  facet normal 0.258741498 -0.391444534 0.883076429
    outer loop
      vertex 0.0231001135 0.00950851943 -0.0229562502
      vertex 0.0212801248 0.0104149748 -0.0220211856
      vertex 0.0212801117 0.00932191964 -0.0225057043
    endloop
  endfacet
  facet normal -0.258751214 -0.391438305 0.88307637
    outer loop
      vertex 0.0212801117 0.00932191964 -0.0225057043
      vertex 0.0212801248 0.0104149748 -0.0220211856
      vertex 0.0194601268 0.0106235007 -0.0224620327
    endloop
  endfacet
  facet normal -0.258750826 -0.391437769 0.883076787
    outer loop
      vertex 0.0212801117 0.00932191964 -0.0225057043
      vertex 0.0194601268 0.0106235007 -0.0224620327
      vertex 0.0194601137 0.00950856321 -0.0229562502
    endloop
  endfacet
  facet normal -0.707003474 -0.286583662 0.646541417
    outer loop
      vertex 0.0194601137 0.00950856321 -0.0229562502
      vertex 0.0194601268 0.0106235007 -0.0224620327
      vertex 0.0181278009 0.0111931609 -0.023666447
    endloop
  endfacet
  facet normal -0.707003236 -0.286583215 0.646541953
    outer loop
      vertex 0.0194601137 0.00950856321 -0.0229562502
      vertex 0.0181278009 0.0111931609 -0.023666447
      vertex 0.018127786 0.0100184409 -0.0241871644
    endloop
  endfacet
  facet normal -0.965907454 -0.104901627 0.236682013
    outer loop
      vertex 0.018127786 0.0100184409 -0.0241871644
      vertex 0.0181278009 0.0111931609 -0.023666447
      vertex 0.0176401418 0.0119713163 -0.0253117085
    endloop
  endfacet
  facet normal -0.965907574 -0.104901955 0.236681521
    outer loop
      vertex 0.018127786 0.0100184409 -0.0241871644
      vertex 0.0176401418 0.0119713163 -0.0253117085
      vertex 0.0176401269 0.0107149305 -0.0258686244
    endloop
  endfacet
  facet normal -0.965905011 0.104924962 -0.23668173
    outer loop
      vertex 0.0176401269 0.0107149305 -0.0258686244
      vertex 0.0176401418 0.0119713163 -0.0253117085
      vertex 0.0181278195 0.0127494596 -0.0269569717
    endloop
  endfacet
  facet normal -0.96590513 0.104925238 -0.236681268
    outer loop
      vertex 0.0176401269 0.0107149305 -0.0258686244
      vertex 0.0181278195 0.0127494596 -0.0269569717
      vertex 0.0181278028 0.0114114089 -0.0275500864
    endloop
  endfacet
  facet normal -0.706996918 0.286599815 -0.646541536
    outer loop
      vertex 0.0181278028 0.0114114089 -0.0275500864
      vertex 0.0181278195 0.0127494596 -0.0269569717
      vertex 0.0194601584 0.0133190891 -0.028161386
    endloop
  endfacet
  facet normal -0.706997216 0.286600173 -0.646541059
    outer loop
      vertex 0.0181278028 0.0114114089 -0.0275500864
      vertex 0.0194601584 0.0133190891 -0.028161386
      vertex 0.0194601417 0.0119212558 -0.0287810024
    endloop
  endfacet
  facet normal -0.258741081 0.391443819 -0.883076847
    outer loop
      vertex 0.0194601417 0.0119212558 -0.0287810024
      vertex 0.0194601584 0.0133190891 -0.028161386
      vertex 0.0212801602 0.0135275712 -0.0286022313
    endloop
  endfacet
  facet normal -0.258741498 0.391444206 -0.883076608
    outer loop
      vertex 0.0194601417 0.0119212558 -0.0287810024
      vertex 0.0212801602 0.0135275712 -0.0286022313
      vertex 0.0212801434 0.0121078556 -0.0292315483
    endloop
  endfacet
  facet normal 0.258751243 0.434296072 -0.862806201
    outer loop
      vertex 0.0212801602 0.0135275712 -0.0286022313
      vertex 0.0212801769 0.014914725 -0.0279039983
      vertex 0.023100175 0.0146848196 -0.0274739135
    endloop
  endfacet
  facet normal 0.258750886 0.434296578 -0.862806141
    outer loop
      vertex 0.0212801602 0.0135275712 -0.0286022313
      vertex 0.023100175 0.0146848196 -0.0274739135
      vertex 0.0231001582 0.0133190453 -0.028161386
    endloop
  endfacet
  facet normal 0.707003951 0.317962378 -0.631700456
    outer loop
      vertex 0.0231001582 0.0133190453 -0.028161386
      vertex 0.023100175 0.0146848196 -0.0274739135
      vertex 0.0244325008 0.0140567459 -0.0262989011
    endloop
  endfacet
  facet normal 0.707003951 0.317962199 -0.631700397
    outer loop
      vertex 0.0231001582 0.0133190453 -0.028161386
      vertex 0.0244325008 0.0140567459 -0.0262989011
      vertex 0.0244324841 0.0127493842 -0.0269569717
    endloop
  endfacet
  facet normal 0.965907693 0.116388485 -0.231248796
    outer loop
      vertex 0.0244324841 0.0127493842 -0.0269569717
      vertex 0.0244325008 0.0140567459 -0.0262989011
      vertex 0.0249201581 0.0131987995 -0.0246938039
    endloop
  endfacet
  facet normal 0.965907633 0.11638914 -0.231248945
    outer loop
      vertex 0.0244324841 0.0127493842 -0.0269569717
      vertex 0.0249201581 0.0131987995 -0.0246938039
      vertex 0.0249201432 0.0119712297 -0.0253117103
    endloop
  endfacet
  facet normal 0.965905011 -0.116412334 0.231248379
    outer loop
      vertex 0.0249201432 0.0119712297 -0.0253117103
      vertex 0.0249201581 0.0131987995 -0.0246938039
      vertex 0.0244324803 0.0123408642 -0.0230887067
    endloop
  endfacet
  facet normal 0.965904772 -0.116413012 0.231248438
    outer loop
      vertex 0.0249201432 0.0119712297 -0.0253117103
      vertex 0.0244324803 0.0123408642 -0.0230887067
      vertex 0.0244324654 0.0111930855 -0.0236664489
    endloop
  endfacet
  facet normal 0.706996441 -0.317979693 0.631700099
    outer loop
      vertex 0.0244324654 0.0111930855 -0.0236664489
      vertex 0.0244324803 0.0123408642 -0.0230887067
      vertex 0.0231001396 0.0117128221 -0.0219136942
    endloop
  endfacet
  facet normal 0.706996441 -0.317979544 0.631700099
    outer loop
      vertex 0.0244324654 0.0111930855 -0.0236664489
      vertex 0.0231001396 0.0117128221 -0.0219136942
      vertex 0.0231001265 0.0106234569 -0.0224620346
    endloop
  endfacet
  facet normal 0.258740842 -0.434303105 0.862805843
    outer loop
      vertex 0.0231001265 0.0106234569 -0.0224620346
      vertex 0.0231001396 0.0117128221 -0.0219136942
      vertex 0.021280136 0.0114829605 -0.0214836095
    endloop
  endfacet
  facet normal 0.258742273 -0.43430087 0.862806618
    outer loop
      vertex 0.0231001265 0.0106234569 -0.0224620346
      vertex 0.021280136 0.0114829605 -0.0214836095
      vertex 0.0212801248 0.0104149748 -0.0220211856
    endloop
  endfacet
  facet normal -0.258751512 -0.434295416 0.862806559
    outer loop
      vertex 0.0212801248 0.0104149748 -0.0220211856
      vertex 0.021280136 0.0114829605 -0.0214836095
      vertex 0.0194601398 0.0117128659 -0.0219136942
    endloop
  endfacet
  facet normal -0.25875169 -0.434295595 0.86280638
    outer loop
      vertex 0.0212801248 0.0104149748 -0.0220211856
      vertex 0.0194601398 0.0117128659 -0.0219136942
      vertex 0.0194601268 0.0106235007 -0.0224620327
    endloop
  endfacet
  facet normal -0.707003891 -0.317961842 0.631700635
    outer loop
      vertex 0.0194601268 0.0106235007 -0.0224620327
      vertex 0.0194601398 0.0117128659 -0.0219136942
      vertex 0.0181278139 0.0123409396 -0.0230887067
    endloop
  endfacet
  facet normal -0.707003832 -0.317961812 0.631700754
    outer loop
      vertex 0.0194601268 0.0106235007 -0.0224620327
      vertex 0.0181278139 0.0123409396 -0.0230887067
      vertex 0.0181278009 0.0111931609 -0.023666447
    endloop
  endfacet
  facet normal -0.965907812 -0.116389133 0.231248438
    outer loop
      vertex 0.0181278009 0.0111931609 -0.023666447
      vertex 0.0181278139 0.0123409396 -0.0230887067
      vertex 0.0176401567 0.013198887 -0.0246938039
    endloop
  endfacet
  facet normal -0.965907574 -0.116388775 0.23124902
    outer loop
      vertex 0.0181278009 0.0111931609 -0.023666447
      vertex 0.0176401567 0.013198887 -0.0246938039
      vertex 0.0176401418 0.0119713163 -0.0253117085
    endloop
  endfacet
  facet normal -0.965904951 0.116412014 -0.231248602
    outer loop
      vertex 0.0176401418 0.0119713163 -0.0253117085
      vertex 0.0176401567 0.013198887 -0.0246938039
      vertex 0.0181278344 0.0140568214 -0.0262989011
    endloop
  endfacet
  facet normal -0.965904891 0.116411895 -0.231248796
    outer loop
      vertex 0.0176401418 0.0119713163 -0.0253117085
      vertex 0.0181278344 0.0140568214 -0.0262989011
      vertex 0.0181278195 0.0127494596 -0.0269569717
    endloop
  endfacet
  facet normal -0.706996381 0.317979306 -0.631700337
    outer loop
      vertex 0.0181278195 0.0127494596 -0.0269569717
      vertex 0.0181278344 0.0140568214 -0.0262989011
      vertex 0.0194601752 0.0146848634 -0.0274739135
    endloop
  endfacet
  facet normal -0.70699662 0.317979515 -0.631700039
    outer loop
      vertex 0.0181278195 0.0127494596 -0.0269569717
      vertex 0.0194601752 0.0146848634 -0.0274739135
      vertex 0.0194601584 0.0133190891 -0.028161386
    endloop
  endfacet
  facet normal -0.258741111 0.434302866 -0.862805903
    outer loop
      vertex 0.0194601584 0.0133190891 -0.028161386
      vertex 0.0194601752 0.0146848634 -0.0274739135
      vertex 0.0212801769 0.014914725 -0.0279039983
    endloop
  endfacet
  facet normal -0.258740604 0.43430239 -0.86280632
    outer loop
      vertex 0.0194601584 0.0133190891 -0.028161386
      vertex 0.0212801769 0.014914725 -0.0279039983
      vertex 0.0212801602 0.0135275712 -0.0286022313
    endloop
  endfacet
  facet normal 0.258751094 0.476109445 -0.840456784
    outer loop
      vertex 0.0212801769 0.014914725 -0.0279039983
      vertex 0.0212801937 0.0162659474 -0.0271385405
      vertex 0.0231001917 0.0160152148 -0.0267202556
    endloop
  endfacet
  facet normal 0.25875175 0.47610864 -0.840457082
    outer loop
      vertex 0.0212801769 0.014914725 -0.0279039983
      vertex 0.0231001917 0.0160152148 -0.0267202556
      vertex 0.023100175 0.0146848196 -0.0274739135
    endloop
  endfacet
  facet normal 0.707005024 0.34857443 -0.615337074
    outer loop
      vertex 0.023100175 0.0146848196 -0.0274739135
      vertex 0.0231001917 0.0160152148 -0.0267202556
      vertex 0.0244325157 0.015330242 -0.0255774744
    endloop
  endfacet
  facet normal 0.707004309 0.34857595 -0.615337074
    outer loop
      vertex 0.023100175 0.0146848196 -0.0274739135
      vertex 0.0244325157 0.015330242 -0.0255774744
      vertex 0.0244325008 0.0140567459 -0.0262989011
    endloop
  endfacet
  facet normal 0.965908051 0.127595738 -0.225257918
    outer loop
      vertex 0.0244325008 0.0140567459 -0.0262989011
      vertex 0.0244325157 0.015330242 -0.0255774744
      vertex 0.0249201711 0.0143945701 -0.0240164082
    endloop
  endfacet
  facet normal 0.965907872 0.127596512 -0.225257993
    outer loop
      vertex 0.0244325008 0.0140567459 -0.0262989011
      vertex 0.0249201711 0.0143945701 -0.0240164082
      vertex 0.0249201581 0.0131987995 -0.0246938039
    endloop
  endfacet
  facet normal 0.965904951 -0.127617851 0.22525844
    outer loop
      vertex 0.0249201581 0.0131987995 -0.0246938039
      vertex 0.0249201711 0.0143945701 -0.0240164082
      vertex 0.0244324934 0.0134589095 -0.0224553421
    endloop
  endfacet
  facet normal 0.965904772 -0.127618551 0.225258484
    outer loop
      vertex 0.0249201581 0.0131987995 -0.0246938039
      vertex 0.0244324934 0.0134589095 -0.0224553421
      vertex 0.0244324803 0.0123408642 -0.0230887067
    endloop
  endfacet
  facet normal 0.706996381 -0.348592192 0.615337014
    outer loop
      vertex 0.0244324803 0.0123408642 -0.0230887067
      vertex 0.0244324934 0.0134589095 -0.0224553421
      vertex 0.0231001526 0.0127739701 -0.0213125609
    endloop
  endfacet
  facet normal 0.706996024 -0.348592967 0.615336955
    outer loop
      vertex 0.0244324803 0.0123408642 -0.0230887067
      vertex 0.0231001526 0.0127739701 -0.0213125609
      vertex 0.0231001396 0.0117128221 -0.0219136942
    endloop
  endfacet
  facet normal 0.258739769 -0.47611624 0.840456545
    outer loop
      vertex 0.0231001396 0.0117128221 -0.0219136942
      vertex 0.0231001526 0.0127739701 -0.0213125609
      vertex 0.021280149 0.0125232814 -0.020894276
    endloop
  endfacet
  facet normal 0.258740306 -0.476115286 0.840456784
    outer loop
      vertex 0.0231001396 0.0117128221 -0.0219136942
      vertex 0.021280149 0.0125232814 -0.020894276
      vertex 0.021280136 0.0114829605 -0.0214836095
    endloop
  endfacet
  facet normal -0.258751154 -0.476109028 0.840457082
    outer loop
      vertex 0.021280136 0.0114829605 -0.0214836095
      vertex 0.021280149 0.0125232814 -0.020894276
      vertex 0.0194601528 0.012774013 -0.0213125609
    endloop
  endfacet
  facet normal -0.258752018 -0.476110101 0.840456188
    outer loop
      vertex 0.021280136 0.0114829605 -0.0214836095
      vertex 0.0194601528 0.012774013 -0.0213125609
      vertex 0.0194601398 0.0117128659 -0.0219136942
    endloop
  endfacet
  facet normal -0.707004964 -0.348575711 0.615336537
    outer loop
      vertex 0.0194601398 0.0117128659 -0.0219136942
      vertex 0.0194601528 0.012774013 -0.0213125609
      vertex 0.0181278288 0.0134589849 -0.0224553421
    endloop
  endfacet
  facet normal -0.707004368 -0.348574936 0.61533767
    outer loop
      vertex 0.0194601398 0.0117128659 -0.0219136942
      vertex 0.0181278288 0.0134589849 -0.0224553421
      vertex 0.0181278139 0.0123409396 -0.0230887067
    endloop
  endfacet
  facet normal -0.965907693 -0.127594948 0.225259393
    outer loop
      vertex 0.0181278139 0.0123409396 -0.0230887067
      vertex 0.0181278288 0.0134589849 -0.0224553421
      vertex 0.0176401716 0.0143946577 -0.0240164082
    endloop
  endfacet
  facet normal -0.965907872 -0.12759535 0.225258589
    outer loop
      vertex 0.0181278139 0.0123409396 -0.0230887067
      vertex 0.0176401716 0.0143946577 -0.0240164082
      vertex 0.0176401567 0.013198887 -0.0246938039
    endloop
  endfacet
  facet normal -0.965904653 0.12761946 -0.225258633
    outer loop
      vertex 0.0176401567 0.013198887 -0.0246938039
      vertex 0.0176401716 0.0143946577 -0.0240164082
      vertex 0.0181278512 0.0153303174 -0.0255774744
    endloop
  endfacet
  facet normal -0.965904832 0.127619773 -0.225257948
    outer loop
      vertex 0.0176401567 0.013198887 -0.0246938039
      vertex 0.0181278512 0.0153303174 -0.0255774744
      vertex 0.0181278344 0.0140568214 -0.0262989011
    endloop
  endfacet
  facet normal -0.706996977 0.348592877 -0.615335941
    outer loop
      vertex 0.0181278344 0.0140568214 -0.0262989011
      vertex 0.0181278512 0.0153303174 -0.0255774744
      vertex 0.0194601901 0.0160152577 -0.0267202556
    endloop
  endfacet
  facet normal -0.706996083 0.348591864 -0.61533761
    outer loop
      vertex 0.0181278344 0.0140568214 -0.0262989011
      vertex 0.0194601901 0.0160152577 -0.0267202556
      vertex 0.0194601752 0.0146848634 -0.0274739135
    endloop
  endfacet
  facet normal -0.258739948 0.476115227 -0.840457022
    outer loop
      vertex 0.0194601752 0.0146848634 -0.0274739135
      vertex 0.0194601901 0.0160152577 -0.0267202556
      vertex 0.0212801937 0.0162659474 -0.0271385405
    endloop
  endfacet
  facet normal -0.258740544 0.476115763 -0.840456426
    outer loop
      vertex 0.0194601752 0.0146848634 -0.0274739135
      vertex 0.0212801937 0.0162659474 -0.0271385405
      vertex 0.0212801769 0.014914725 -0.0279039983
    endloop
  endfacet
  facet normal 0.258751929 0.516774833 -0.816082835
    outer loop
      vertex 0.0212801937 0.0162659474 -0.0271385405
      vertex 0.0212802105 0.0175779834 -0.0263077039
      vertex 0.0231002066 0.0173070282 -0.0259022247
    endloop
  endfacet
  facet normal 0.258751631 0.516775191 -0.816082716
    outer loop
      vertex 0.0212801937 0.0162659474 -0.0271385405
      vertex 0.0231002066 0.0173070282 -0.0259022247
      vertex 0.0231001917 0.0160152148 -0.0267202556
    endloop
  endfacet
  facet normal 0.707004786 0.378348947 -0.597491741
    outer loop
      vertex 0.0231001917 0.0160152148 -0.0267202556
      vertex 0.0231002066 0.0173070282 -0.0259022247
      vertex 0.0244325306 0.0165668093 -0.0247944295
    endloop
  endfacet
  facet normal 0.707005382 0.378347665 -0.597491801
    outer loop
      vertex 0.0231001917 0.0160152148 -0.0267202556
      vertex 0.0244325306 0.0165668093 -0.0247944295
      vertex 0.0244325157 0.015330242 -0.0255774744
    endloop
  endfacet
  facet normal 0.965908051 0.138494536 -0.218725905
    outer loop
      vertex 0.0244325157 0.015330242 -0.0255774744
      vertex 0.0244325306 0.0165668093 -0.0247944295
      vertex 0.024920186 0.0155556649 -0.0232811552
    endloop
  endfacet
  facet normal 0.96590817 0.138493851 -0.218725875
    outer loop
      vertex 0.0244325157 0.015330242 -0.0255774744
      vertex 0.024920186 0.0155556649 -0.0232811552
      vertex 0.0249201711 0.0143945701 -0.0240164082
    endloop
  endfacet
  facet normal 0.965904713 -0.138518259 0.218725264
    outer loop
      vertex 0.0249201711 0.0143945701 -0.0240164082
      vertex 0.024920186 0.0155556649 -0.0232811552
      vertex 0.0244325064 0.0145445326 -0.0217678789
    endloop
  endfacet
  facet normal 0.965904772 -0.138517842 0.218725234
    outer loop
      vertex 0.0249201711 0.0143945701 -0.0240164082
      vertex 0.0244325064 0.0145445326 -0.0217678789
      vertex 0.0244324934 0.0134589095 -0.0224553421
    endloop
  endfacet
  facet normal 0.70699513 -0.378366202 0.597492218
    outer loop
      vertex 0.0244324934 0.0134589095 -0.0224553421
      vertex 0.0244325064 0.0145445326 -0.0217678789
      vertex 0.0231001638 0.0138043454 -0.0206600856
    endloop
  endfacet
  facet normal 0.706996024 -0.378364146 0.597492516
    outer loop
      vertex 0.0244324934 0.0134589095 -0.0224553421
      vertex 0.0231001638 0.0138043454 -0.0206600856
      vertex 0.0231001526 0.0127739701 -0.0213125609
    endloop
  endfacet
  facet normal 0.258740395 -0.51677978 0.816083431
    outer loop
      vertex 0.0231001526 0.0127739701 -0.0213125609
      vertex 0.0231001638 0.0138043454 -0.0206600856
      vertex 0.021280162 0.0135334339 -0.0202546045
    endloop
  endfacet
  facet normal 0.258739233 -0.516781509 0.816082597
    outer loop
      vertex 0.0231001526 0.0127739701 -0.0213125609
      vertex 0.021280162 0.0135334339 -0.0202546045
      vertex 0.021280149 0.0125232814 -0.020894276
    endloop
  endfacet
  facet normal -0.258752197 -0.516774893 0.816082716
    outer loop
      vertex 0.021280149 0.0125232814 -0.020894276
      vertex 0.021280162 0.0135334339 -0.0202546045
      vertex 0.019460164 0.0138043882 -0.0206600856
    endloop
  endfacet
  facet normal -0.258751631 -0.516774178 0.816083312
    outer loop
      vertex 0.021280149 0.0125232814 -0.020894276
      vertex 0.019460164 0.0138043882 -0.0206600856
      vertex 0.0194601528 0.012774013 -0.0213125609
    endloop
  endfacet
  facet normal -0.707005143 -0.378348261 0.597491741
    outer loop
      vertex 0.0194601528 0.012774013 -0.0213125609
      vertex 0.019460164 0.0138043882 -0.0206600856
      vertex 0.0181278419 0.014544609 -0.0217678789
    endloop
  endfacet
  facet normal -0.707005203 -0.37834841 0.597491443
    outer loop
      vertex 0.0194601528 0.012774013 -0.0213125609
      vertex 0.0181278419 0.014544609 -0.0217678789
      vertex 0.0181278288 0.0134589849 -0.0224553421
    endloop
  endfacet
  facet normal -0.965908051 -0.13849473 0.218725592
    outer loop
      vertex 0.0181278288 0.0134589849 -0.0224553421
      vertex 0.0181278419 0.014544609 -0.0217678789
      vertex 0.0176401865 0.0155557524 -0.0232811552
    endloop
  endfacet
  facet normal -0.965907872 -0.138494298 0.21872659
    outer loop
      vertex 0.0181278288 0.0134589849 -0.0224553421
      vertex 0.0176401865 0.0155557524 -0.0232811552
      vertex 0.0176401716 0.0143946577 -0.0240164082
    endloop
  endfacet
  facet normal -0.965904891 0.138517916 -0.218724728
    outer loop
      vertex 0.0176401716 0.0143946577 -0.0240164082
      vertex 0.0176401865 0.0155557524 -0.0232811552
      vertex 0.0181278642 0.0165668838 -0.0247944295
    endloop
  endfacet
  facet normal -0.965904474 0.138517052 -0.218726858
    outer loop
      vertex 0.0176401716 0.0143946577 -0.0240164082
      vertex 0.0181278642 0.0165668838 -0.0247944295
      vertex 0.0181278512 0.0153303174 -0.0255774744
    endloop
  endfacet
  facet normal -0.706995487 0.378364563 -0.597492814
    outer loop
      vertex 0.0181278512 0.0153303174 -0.0255774744
      vertex 0.0181278642 0.0165668838 -0.0247944295
      vertex 0.0194602069 0.017307071 -0.0259022247
    endloop
  endfacet
  facet normal -0.70699662 0.378365636 -0.597490847
    outer loop
      vertex 0.0181278512 0.0153303174 -0.0255774744
      vertex 0.0194602069 0.017307071 -0.0259022247
      vertex 0.0194601901 0.0160152577 -0.0267202556
    endloop
  endfacet
  facet normal -0.25873962 0.51678139 -0.816082597
    outer loop
      vertex 0.0194601901 0.0160152577 -0.0267202556
      vertex 0.0194602069 0.017307071 -0.0259022247
      vertex 0.0212802105 0.0175779834 -0.0263077039
    endloop
  endfacet
  facet normal -0.258739471 0.516781271 -0.816082656
    outer loop
      vertex 0.0194601901 0.0160152577 -0.0267202556
      vertex 0.0212802105 0.0175779834 -0.0263077039
      vertex 0.0212801937 0.0162659474 -0.0271385405
    endloop
  endfacet
  facet normal 0.258753031 0.556195796 -0.78974241
    outer loop
      vertex 0.0212802105 0.0175779834 -0.0263077039
      vertex 0.0212802254 0.0188476723 -0.025413489
      vertex 0.0231002215 0.0185571462 -0.0250217915
    endloop
  endfacet
  facet normal 0.258752435 0.556196511 -0.789742112
    outer loop
      vertex 0.0212802105 0.0175779834 -0.0263077039
      vertex 0.0231002215 0.0185571462 -0.0250217915
      vertex 0.0231002066 0.0173070282 -0.0259022247
    endloop
  endfacet
  facet normal 0.707005322 0.407210916 -0.578206539
    outer loop
      vertex 0.0231002066 0.0173070282 -0.0259022247
      vertex 0.0231002215 0.0185571462 -0.0250217915
      vertex 0.0244325437 0.0177634619 -0.0239516515
    endloop
  endfacet
  facet normal 0.707005143 0.407211304 -0.57820648
    outer loop
      vertex 0.0231002066 0.0173070282 -0.0259022247
      vertex 0.0244325437 0.0177634619 -0.0239516515
      vertex 0.0244325306 0.0165668093 -0.0247944295
    endloop
  endfacet
  facet normal 0.96590811 0.149061218 -0.211665556
    outer loop
      vertex 0.0244325306 0.0165668093 -0.0247944295
      vertex 0.0244325437 0.0177634619 -0.0239516515
      vertex 0.0249201991 0.0166792814 -0.0224898122
    endloop
  endfacet
  facet normal 0.96590811 0.149061039 -0.211665571
    outer loop
      vertex 0.0244325306 0.0165668093 -0.0247944295
      vertex 0.0249201991 0.0166792814 -0.0224898122
      vertex 0.024920186 0.0155556649 -0.0232811552
    endloop
  endfacet
  facet normal 0.965904653 -0.149083495 0.211665586
    outer loop
      vertex 0.024920186 0.0155556649 -0.0232811552
      vertex 0.0249201991 0.0166792814 -0.0224898122
      vertex 0.0244325195 0.0155951148 -0.0210279748
    endloop
  endfacet
  facet normal 0.965904593 -0.149083853 0.211665571
    outer loop
      vertex 0.024920186 0.0155556649 -0.0232811552
      vertex 0.0244325195 0.0155951148 -0.0210279748
      vertex 0.0244325064 0.0145445326 -0.0217678789
    endloop
  endfacet
  facet normal 0.706995189 -0.407228321 0.578206718
    outer loop
      vertex 0.0244325064 0.0145445326 -0.0217678789
      vertex 0.0244325195 0.0155951148 -0.0210279748
      vertex 0.0231001768 0.0148014622 -0.0199578349
    endloop
  endfacet
  facet normal 0.706994712 -0.407229304 0.578206539
    outer loop
      vertex 0.0244325064 0.0145445326 -0.0217678789
      vertex 0.0231001768 0.0148014622 -0.0199578349
      vertex 0.0231001638 0.0138043454 -0.0206600856
    endloop
  endfacet
  facet normal 0.258739322 -0.556203485 0.789741457
    outer loop
      vertex 0.0231001638 0.0138043454 -0.0206600856
      vertex 0.0231001768 0.0148014622 -0.0199578349
      vertex 0.0212801732 0.0145109808 -0.0195661373
    endloop
  endfacet
  facet normal 0.258739948 -0.556202769 0.789741814
    outer loop
      vertex 0.0231001638 0.0138043454 -0.0206600856
      vertex 0.0212801732 0.0145109808 -0.0195661373
      vertex 0.021280162 0.0135334339 -0.0202546045
    endloop
  endfacet
  facet normal -0.258752763 -0.556196809 0.789741874
    outer loop
      vertex 0.021280162 0.0135334339 -0.0202546045
      vertex 0.0212801732 0.0145109808 -0.0195661373
      vertex 0.019460177 0.014801506 -0.0199578349
    endloop
  endfacet
  facet normal -0.258752644 -0.55619663 0.789741993
    outer loop
      vertex 0.021280162 0.0135334339 -0.0202546045
      vertex 0.019460177 0.014801506 -0.0199578349
      vertex 0.019460164 0.0138043882 -0.0206600856
    endloop
  endfacet
  facet normal -0.707004905 -0.407210827 0.578207016
    outer loop
      vertex 0.019460164 0.0138043882 -0.0206600856
      vertex 0.019460177 0.014801506 -0.0199578349
      vertex 0.0181278531 0.0155951912 -0.0210279748
    endloop
  endfacet
  facet normal -0.707005441 -0.407211453 0.578205943
    outer loop
      vertex 0.019460164 0.0138043882 -0.0206600856
      vertex 0.0181278531 0.0155951912 -0.0210279748
      vertex 0.0181278419 0.014544609 -0.0217678789
    endloop
  endfacet
  facet normal -0.965908229 -0.149061158 0.211664975
    outer loop
      vertex 0.0181278419 0.014544609 -0.0217678789
      vertex 0.0181278531 0.0155951912 -0.0210279748
      vertex 0.0176401995 0.0166793689 -0.0224898122
    endloop
  endfacet
  facet normal -0.96590817 -0.149060979 0.211665466
    outer loop
      vertex 0.0181278419 0.014544609 -0.0217678789
      vertex 0.0176401995 0.0166793689 -0.0224898122
      vertex 0.0176401865 0.0155557524 -0.0232811552
    endloop
  endfacet
  facet normal -0.965904772 0.149083346 -0.211665377
    outer loop
      vertex 0.0176401865 0.0155557524 -0.0232811552
      vertex 0.0176401995 0.0166793689 -0.0224898122
      vertex 0.0181278791 0.0177635364 -0.0239516515
    endloop
  endfacet
  facet normal -0.965904832 0.149083436 -0.211665094
    outer loop
      vertex 0.0176401865 0.0155557524 -0.0232811552
      vertex 0.0181278791 0.0177635364 -0.0239516515
      vertex 0.0181278642 0.0165668838 -0.0247944295
    endloop
  endfacet
  facet normal -0.706995487 0.407227904 -0.578206599
    outer loop
      vertex 0.0181278642 0.0165668838 -0.0247944295
      vertex 0.0181278791 0.0177635364 -0.0239516515
      vertex 0.0194602218 0.0185571909 -0.0250217915
    endloop
  endfacet
  facet normal -0.70699513 0.407227665 -0.578207135
    outer loop
      vertex 0.0181278642 0.0165668838 -0.0247944295
      vertex 0.0194602218 0.0185571909 -0.0250217915
      vertex 0.0194602069 0.017307071 -0.0259022247
    endloop
  endfacet
  facet normal -0.258739322 0.556202173 -0.78974241
    outer loop
      vertex 0.0194602069 0.017307071 -0.0259022247
      vertex 0.0194602218 0.0185571909 -0.0250217915
      vertex 0.0212802254 0.0188476723 -0.025413489
    endloop
  endfacet
  facet normal -0.258739173 0.556202054 -0.789742589
    outer loop
      vertex 0.0194602069 0.017307071 -0.0259022247
      vertex 0.0212802254 0.0188476723 -0.025413489
      vertex 0.0212802105 0.0175779834 -0.0263077039
    endloop
  endfacet
  facet normal 0.258753151 0.594277442 -0.761499226
    outer loop
      vertex 0.0212802254 0.0188476723 -0.025413489
      vertex 0.0212802403 0.0200719517 -0.0244580507
      vertex 0.0231002364 0.019762557 -0.0240810793
    endloop
  endfacet
  facet normal 0.258753508 0.594277024 -0.761499465
    outer loop
      vertex 0.0212802254 0.0188476723 -0.025413489
      vertex 0.0231002364 0.019762557 -0.0240810793
      vertex 0.0231002215 0.0185571462 -0.0250217915
    endloop
  endfacet
  facet normal 0.707005501 0.435091436 -0.557529151
    outer loop
      vertex 0.0231002215 0.0185571462 -0.0250217915
      vertex 0.0231002364 0.019762557 -0.0240810793
      vertex 0.0244325586 0.0189173184 -0.0230511725
    endloop
  endfacet
  facet normal 0.70700556 0.435091138 -0.557529151
    outer loop
      vertex 0.0231002215 0.0185571462 -0.0250217915
      vertex 0.0244325586 0.0189173184 -0.0230511725
      vertex 0.0244325437 0.0177634619 -0.0239516515
    endloop
  endfacet
  facet normal 0.965908289 0.159266219 -0.204096675
    outer loop
      vertex 0.0244325437 0.0177634619 -0.0239516515
      vertex 0.0244325586 0.0189173184 -0.0230511725
      vertex 0.0249202121 0.0177627169 -0.0216442924
    endloop
  endfacet
  facet normal 0.96590817 0.159266695 -0.204096645
    outer loop
      vertex 0.0244325437 0.0177634619 -0.0239516515
      vertex 0.0249202121 0.0177627169 -0.0216442924
      vertex 0.0249201991 0.0166792814 -0.0224898122
    endloop
  endfacet
  facet normal 0.965904355 -0.159289896 0.20409663
    outer loop
      vertex 0.0249201991 0.0166792814 -0.0224898122
      vertex 0.0249202121 0.0177627169 -0.0216442924
      vertex 0.0244325306 0.0166081265 -0.0202374142
    endloop
  endfacet
  facet normal 0.965904534 -0.159288973 0.204096675
    outer loop
      vertex 0.0249201991 0.0166792814 -0.0224898122
      vertex 0.0244325306 0.0166081265 -0.0202374142
      vertex 0.0244325195 0.0155951148 -0.0210279748
    endloop
  endfacet
  facet normal 0.70699507 -0.435107559 0.557529807
    outer loop
      vertex 0.0244325195 0.0155951148 -0.0210279748
      vertex 0.0244325306 0.0166081265 -0.0202374142
      vertex 0.023100188 0.0157629196 -0.0192075074
    endloop
  endfacet
  facet normal 0.706994891 -0.435108006 0.557529688
    outer loop
      vertex 0.0244325195 0.0155951148 -0.0210279748
      vertex 0.023100188 0.0157629196 -0.0192075074
      vertex 0.0231001768 0.0148014622 -0.0199578349
    endloop
  endfacet
  facet normal 0.258738816 -0.594282568 0.761500061
    outer loop
      vertex 0.0231001768 0.0148014622 -0.0199578349
      vertex 0.023100188 0.0157629196 -0.0192075074
      vertex 0.0212801844 0.0154535687 -0.0188305359
    endloop
  endfacet
  facet normal 0.258738875 -0.594282508 0.76150012
    outer loop
      vertex 0.0231001768 0.0148014622 -0.0199578349
      vertex 0.0212801844 0.0154535687 -0.0188305359
      vertex 0.0212801732 0.0145109808 -0.0195661373
    endloop
  endfacet
  facet normal -0.258753449 -0.594276309 0.761500061
    outer loop
      vertex 0.0212801732 0.0145109808 -0.0195661373
      vertex 0.0212801844 0.0154535687 -0.0188305359
      vertex 0.0194601882 0.0157629643 -0.0192075074
    endloop
  endfacet
  facet normal -0.25875324 -0.594276071 0.761500239
    outer loop
      vertex 0.0212801732 0.0145109808 -0.0195661373
      vertex 0.0194601882 0.0157629643 -0.0192075074
      vertex 0.019460177 0.014801506 -0.0199578349
    endloop
  endfacet
  facet normal -0.707005143 -0.435091138 0.557529747
    outer loop
      vertex 0.019460177 0.014801506 -0.0199578349
      vertex 0.0194601882 0.0157629643 -0.0192075074
      vertex 0.0181278661 0.016608201 -0.0202374142
    endloop
  endfacet
  facet normal -0.707005262 -0.435091168 0.557529509
    outer loop
      vertex 0.019460177 0.014801506 -0.0199578349
      vertex 0.0181278661 0.016608201 -0.0202374142
      vertex 0.0181278531 0.0155951912 -0.0210279748
    endloop
  endfacet
  facet normal -0.965908229 -0.159266323 0.204096854
    outer loop
      vertex 0.0181278531 0.0155951912 -0.0210279748
      vertex 0.0181278661 0.016608201 -0.0202374142
      vertex 0.0176402126 0.0177628025 -0.0216442924
    endloop
  endfacet
  facet normal -0.965908349 -0.159266546 0.204096138
    outer loop
      vertex 0.0181278531 0.0155951912 -0.0210279748
      vertex 0.0176402126 0.0177628025 -0.0216442924
      vertex 0.0176401995 0.0166793689 -0.0224898122
    endloop
  endfacet
  facet normal -0.965904415 0.159289956 -0.204096347
    outer loop
      vertex 0.0176401995 0.0166793689 -0.0224898122
      vertex 0.0176402126 0.0177628025 -0.0216442924
      vertex 0.018127894 0.0189173929 -0.0230511725
    endloop
  endfacet
  facet normal -0.965904593 0.159290209 -0.204095423
    outer loop
      vertex 0.0176401995 0.0166793689 -0.0224898122
      vertex 0.018127894 0.0189173929 -0.0230511725
      vertex 0.0181278791 0.0177635364 -0.0239516515
    endloop
  endfacet
  facet normal -0.706995368 0.43510887 -0.557528377
    outer loop
      vertex 0.0181278791 0.0177635364 -0.0239516515
      vertex 0.018127894 0.0189173929 -0.0230511725
      vertex 0.0194602367 0.0197626017 -0.0240810793
    endloop
  endfacet
  facet normal -0.706995189 0.435108632 -0.557528794
    outer loop
      vertex 0.0181278791 0.0177635364 -0.0239516515
      vertex 0.0194602367 0.0197626017 -0.0240810793
      vertex 0.0194602218 0.0185571909 -0.0250217915
    endloop
  endfacet
  facet normal -0.258738577 0.594283462 -0.761499524
    outer loop
      vertex 0.0194602218 0.0185571909 -0.0250217915
      vertex 0.0194602367 0.0197626017 -0.0240810793
      vertex 0.0212802403 0.0200719517 -0.0244580507
    endloop
  endfacet
  facet normal -0.258738875 0.5942837 -0.761499166
    outer loop
      vertex 0.0194602218 0.0185571909 -0.0250217915
      vertex 0.0212802403 0.0200719517 -0.0244580507
      vertex 0.0212802254 0.0188476723 -0.025413489
    endloop
  endfacet
  facet normal 0.258753598 0.630926788 -0.731421888
    outer loop
      vertex 0.0212802403 0.0200719517 -0.0244580507
      vertex 0.0212802533 0.0212478768 -0.0234436896
      vertex 0.0231002495 0.0209203567 -0.0230823532
    endloop
  endfacet
  facet normal 0.258753568 0.630926788 -0.731421888
    outer loop
      vertex 0.0212802403 0.0200719517 -0.0244580507
      vertex 0.0231002495 0.0209203567 -0.0230823532
      vertex 0.0231002364 0.019762557 -0.0240810793
    endloop
  endfacet
  facet normal 0.707005858 0.461924613 -0.535507619
    outer loop
      vertex 0.0231002364 0.019762557 -0.0240810793
      vertex 0.0231002495 0.0209203567 -0.0230823532
      vertex 0.0244325716 0.0200256016 -0.0220951587
    endloop
  endfacet
  facet normal 0.707005799 0.461924732 -0.53550756
    outer loop
      vertex 0.0231002364 0.019762557 -0.0240810793
      vertex 0.0244325716 0.0200256016 -0.0220951587
      vertex 0.0244325586 0.0189173184 -0.0230511725
    endloop
  endfacet
  facet normal 0.96590817 0.169090167 -0.196035236
    outer loop
      vertex 0.0244325586 0.0189173184 -0.0230511725
      vertex 0.0244325716 0.0200256016 -0.0220951587
      vertex 0.0249202251 0.0188033581 -0.0207466297
    endloop
  endfacet
  facet normal 0.965908349 0.169089019 -0.196035296
    outer loop
      vertex 0.0244325586 0.0189173184 -0.0230511725
      vertex 0.0249202251 0.0188033581 -0.0207466297
      vertex 0.0249202121 0.0177627169 -0.0216442924
    endloop
  endfacet
  facet normal 0.965904176 -0.169113338 0.196035445
    outer loop
      vertex 0.0249202121 0.0177627169 -0.0216442924
      vertex 0.0249202251 0.0188033581 -0.0207466297
      vertex 0.0244325418 0.0175811276 -0.0193980988
    endloop
  endfacet
  facet normal 0.965904295 -0.169112325 0.196035609
    outer loop
      vertex 0.0249202121 0.0177627169 -0.0216442924
      vertex 0.0244325418 0.0175811276 -0.0193980988
      vertex 0.0244325306 0.0166081265 -0.0202374142
    endloop
  endfacet
  facet normal 0.706995666 -0.461939812 0.535507917
    outer loop
      vertex 0.0244325306 0.0166081265 -0.0202374142
      vertex 0.0244325418 0.0175811276 -0.0193980988
      vertex 0.0231001992 0.0166864004 -0.0184109043
    endloop
  endfacet
  facet normal 0.706994712 -0.461942017 0.535507262
    outer loop
      vertex 0.0244325306 0.0166081265 -0.0202374142
      vertex 0.0231001992 0.0166864004 -0.0184109043
      vertex 0.023100188 0.0157629196 -0.0192075074
    endloop
  endfacet
  facet normal 0.258737564 -0.63093394 0.731421411
    outer loop
      vertex 0.023100188 0.0157629196 -0.0192075074
      vertex 0.0231001992 0.0166864004 -0.0184109043
      vertex 0.0212801956 0.0163589269 -0.0180495679
    endloop
  endfacet
  facet normal 0.258738428 -0.630932748 0.731422067
    outer loop
      vertex 0.023100188 0.0157629196 -0.0192075074
      vertex 0.0212801956 0.0163589269 -0.0180495679
      vertex 0.0212801844 0.0154535687 -0.0188305359
    endloop
  endfacet
  facet normal -0.258752972 -0.63092649 0.731422305
    outer loop
      vertex 0.0212801844 0.0154535687 -0.0188305359
      vertex 0.0212801956 0.0163589269 -0.0180495679
      vertex 0.0194601994 0.0166864451 -0.0184109043
    endloop
  endfacet
  facet normal -0.258753896 -0.630927503 0.731421113
    outer loop
      vertex 0.0212801844 0.0154535687 -0.0188305359
      vertex 0.0194601994 0.0166864451 -0.0184109043
      vertex 0.0194601882 0.0157629643 -0.0192075074
    endloop
  endfacet
  facet normal -0.707006156 -0.461924702 0.535507083
    outer loop
      vertex 0.0194601882 0.0157629643 -0.0192075074
      vertex 0.0194601994 0.0166864451 -0.0184109043
      vertex 0.0181278773 0.0175812021 -0.0193980988
    endloop
  endfacet
  facet normal -0.707005501 -0.461924106 0.535508573
    outer loop
      vertex 0.0194601882 0.0157629643 -0.0192075074
      vertex 0.0181278773 0.0175812021 -0.0193980988
      vertex 0.0181278661 0.016608201 -0.0202374142
    endloop
  endfacet
  facet normal -0.965908289 -0.169089973 0.1960354
    outer loop
      vertex 0.0181278661 0.016608201 -0.0202374142
      vertex 0.0181278773 0.0175812021 -0.0193980988
      vertex 0.0176402237 0.0188034438 -0.0207466297
    endloop
  endfacet
  facet normal -0.965908349 -0.169090137 0.196034625
    outer loop
      vertex 0.0181278661 0.016608201 -0.0202374142
      vertex 0.0176402237 0.0188034438 -0.0207466297
      vertex 0.0176402126 0.0177628025 -0.0216442924
    endloop
  endfacet
  facet normal -0.965904117 0.169112384 -0.196036354
    outer loop
      vertex 0.0176402126 0.0177628025 -0.0216442924
      vertex 0.0176402237 0.0188034438 -0.0207466297
      vertex 0.0181279071 0.0200256761 -0.0220951587
    endloop
  endfacet
  facet normal -0.965904415 0.169112697 -0.196035028
    outer loop
      vertex 0.0176402126 0.0177628025 -0.0216442924
      vertex 0.0181279071 0.0200256761 -0.0220951587
      vertex 0.018127894 0.0189173929 -0.0230511725
    endloop
  endfacet
  facet normal -0.706995368 0.461941063 -0.535507202
    outer loop
      vertex 0.018127894 0.0189173929 -0.0230511725
      vertex 0.0181279071 0.0200256761 -0.0220951587
      vertex 0.0194602497 0.0209204014 -0.0230823532
    endloop
  endfacet
  facet normal -0.70699501 0.461940795 -0.535507917
    outer loop
      vertex 0.018127894 0.0189173929 -0.0230511725
      vertex 0.0194602497 0.0209204014 -0.0230823532
      vertex 0.0194602367 0.0197626017 -0.0240810793
    endloop
  endfacet
  facet normal -0.25873816 0.630932748 -0.731422186
    outer loop
      vertex 0.0194602367 0.0197626017 -0.0240810793
      vertex 0.0194602497 0.0209204014 -0.0230823532
      vertex 0.0212802533 0.0212478768 -0.0234436896
    endloop
  endfacet
  facet normal -0.25873813 0.630932748 -0.731422305
    outer loop
      vertex 0.0194602367 0.0197626017 -0.0240810793
      vertex 0.0212802533 0.0212478768 -0.0234436896
      vertex 0.0212802403 0.0200719517 -0.0244580507
    endloop
  endfacet
  facet normal 0.258753628 0.666054606 -0.699584067
    outer loop
      vertex 0.0212802533 0.0212478768 -0.0234436896
      vertex 0.0212802682 0.0223725922 -0.0223728735
      vertex 0.0231002625 0.0220277384 -0.022028042
    endloop
  endfacet
  facet normal 0.258754075 0.666054189 -0.699584305
    outer loop
      vertex 0.0212802533 0.0212478768 -0.0234436896
      vertex 0.0231002625 0.0220277384 -0.022028042
      vertex 0.0231002495 0.0209203567 -0.0230823532
    endloop
  endfacet
  facet normal 0.707006216 0.487642884 -0.512197971
    outer loop
      vertex 0.0231002495 0.0209203567 -0.0230823532
      vertex 0.0231002625 0.0220277384 -0.022028042
      vertex 0.0244325846 0.0210856218 -0.0210859384
    endloop
  endfacet
  facet normal 0.707006156 0.487642914 -0.512197971
    outer loop
      vertex 0.0231002495 0.0209203567 -0.0230823532
      vertex 0.0244325846 0.0210856218 -0.0210859384
      vertex 0.0244325716 0.0200256016 -0.0220951587
    endloop
  endfacet
  facet normal 0.965908527 0.178504288 -0.187501937
    outer loop
      vertex 0.0244325716 0.0200256016 -0.0220951587
      vertex 0.0244325846 0.0210856218 -0.0210859384
      vertex 0.0249202363 0.019798683 -0.0197990034
    endloop
  endfacet
  facet normal 0.965908349 0.178505361 -0.187501788
    outer loop
      vertex 0.0244325716 0.0200256016 -0.0220951587
      vertex 0.0249202363 0.019798683 -0.0197990034
      vertex 0.0249202251 0.0188033581 -0.0207466297
    endloop
  endfacet
  facet normal 0.965904236 -0.17852743 0.187502205
    outer loop
      vertex 0.0249202251 0.0188033581 -0.0207466297
      vertex 0.0249202363 0.019798683 -0.0197990034
      vertex 0.024432553 0.0185117535 -0.0185120683
    endloop
  endfacet
  facet normal 0.965903997 -0.178528562 0.187502012
    outer loop
      vertex 0.0249202251 0.0188033581 -0.0207466297
      vertex 0.024432553 0.0185117535 -0.0185120683
      vertex 0.0244325418 0.0175811276 -0.0193980988
    endloop
  endfacet
  facet normal 0.70699507 -0.487660527 0.512196422
    outer loop
      vertex 0.0244325418 0.0175811276 -0.0193980988
      vertex 0.024432553 0.0185117535 -0.0185120683
      vertex 0.0231002104 0.0175696667 -0.0175699666
    endloop
  endfacet
  facet normal 0.706995428 -0.487659752 0.51219666
    outer loop
      vertex 0.0244325418 0.0175811276 -0.0193980988
      vertex 0.0231002104 0.0175696667 -0.0175699666
      vertex 0.0231001992 0.0166864004 -0.0184109043
    endloop
  endfacet
  facet normal 0.258737803 -0.666060984 0.699583709
    outer loop
      vertex 0.0231001992 0.0166864004 -0.0184109043
      vertex 0.0231002104 0.0175696667 -0.0175699666
      vertex 0.0212802067 0.0172248576 -0.0172251333
    endloop
  endfacet
  facet normal 0.258737147 -0.666061997 0.699583173
    outer loop
      vertex 0.0231001992 0.0166864004 -0.0184109043
      vertex 0.0212802067 0.0172248576 -0.0172251333
      vertex 0.0212801956 0.0163589269 -0.0180495679
    endloop
  endfacet
  facet normal -0.258754015 -0.666055322 0.699583173
    outer loop
      vertex 0.0212801956 0.0163589269 -0.0180495679
      vertex 0.0212802067 0.0172248576 -0.0172251333
      vertex 0.0194602106 0.0175697114 -0.0175699666
    endloop
  endfacet
  facet normal -0.258753419 -0.666054726 0.699583948
    outer loop
      vertex 0.0212801956 0.0163589269 -0.0180495679
      vertex 0.0194602106 0.0175697114 -0.0175699666
      vertex 0.0194601994 0.0166864451 -0.0184109043
    endloop
  endfacet
  facet normal -0.707005799 -0.487643152 0.512198091
    outer loop
      vertex 0.0194601994 0.0166864451 -0.0184109043
      vertex 0.0194602106 0.0175697114 -0.0175699666
      vertex 0.0181278884 0.018511828 -0.0185120683
    endloop
  endfacet
  facet normal -0.707006395 -0.487643749 0.51219666
    outer loop
      vertex 0.0194601994 0.0166864451 -0.0184109043
      vertex 0.0181278884 0.018511828 -0.0185120683
      vertex 0.0181278773 0.0175812021 -0.0193980988
    endloop
  endfacet
  facet normal -0.965908587 -0.178504676 0.187501311
    outer loop
      vertex 0.0181278773 0.0175812021 -0.0193980988
      vertex 0.0181278884 0.018511828 -0.0185120683
      vertex 0.0176402368 0.0197987687 -0.0197990034
    endloop
  endfacet
  facet normal -0.965908349 -0.178504393 0.187502667
    outer loop
      vertex 0.0181278773 0.0175812021 -0.0193980988
      vertex 0.0176402368 0.0197987687 -0.0197990034
      vertex 0.0176402237 0.0188034438 -0.0207466297
    endloop
  endfacet
  facet normal -0.965904236 0.178528503 -0.187501431
    outer loop
      vertex 0.0176402237 0.0188034438 -0.0207466297
      vertex 0.0176402368 0.0197987687 -0.0197990034
      vertex 0.0181279201 0.0210856963 -0.0210859384
    endloop
  endfacet
  facet normal -0.965903997 0.178528339 -0.187502235
    outer loop
      vertex 0.0176402237 0.0188034438 -0.0207466297
      vertex 0.0181279201 0.0210856963 -0.0210859384
      vertex 0.0181279071 0.0200256761 -0.0220951587
    endloop
  endfacet
  facet normal -0.706995428 0.487659395 -0.512197018
    outer loop
      vertex 0.0181279071 0.0200256761 -0.0220951587
      vertex 0.0181279201 0.0210856963 -0.0210859384
      vertex 0.0194602627 0.0220277831 -0.022028042
    endloop
  endfacet
  facet normal -0.70699507 0.487659216 -0.512197614
    outer loop
      vertex 0.0181279071 0.0200256761 -0.0220951587
      vertex 0.0194602627 0.0220277831 -0.022028042
      vertex 0.0194602497 0.0209204014 -0.0230823532
    endloop
  endfacet
  facet normal -0.258736908 0.666060507 -0.699584603
    outer loop
      vertex 0.0194602497 0.0209204014 -0.0230823532
      vertex 0.0194602627 0.0220277831 -0.022028042
      vertex 0.0212802682 0.0223725922 -0.0223728735
    endloop
  endfacet
  facet normal -0.258737773 0.666061163 -0.699583709
    outer loop
      vertex 0.0194602497 0.0209204014 -0.0230823532
      vertex 0.0212802682 0.0223725922 -0.0223728735
      vertex 0.0212802533 0.0212478768 -0.0234436896
    endloop
  endfacet
  facet normal 0.258754402 0.69958061 -0.666058004
    outer loop
      vertex 0.0212802682 0.0223725922 -0.0223728735
      vertex 0.0212802794 0.0234434288 -0.0212481376
      vertex 0.0231002755 0.0230820701 -0.0209206399
    endloop
  endfacet
  facet normal 0.258754045 0.699580908 -0.666057706
    outer loop
      vertex 0.0212802682 0.0223725922 -0.0223728735
      vertex 0.0231002755 0.0230820701 -0.0209206399
      vertex 0.0231002625 0.0220277384 -0.022028042
    endloop
  endfacet
  facet normal 0.707006276 0.512189329 -0.487651765
    outer loop
      vertex 0.0231002625 0.0220277384 -0.022028042
      vertex 0.0231002755 0.0230820701 -0.0209206399
      vertex 0.0244325958 0.0220948625 -0.0200258996
    endloop
  endfacet
  facet normal 0.707006395 0.512189031 -0.487651825
    outer loop
      vertex 0.0231002625 0.0220277384 -0.022028042
      vertex 0.0244325958 0.0220948625 -0.0200258996
      vertex 0.0244325846 0.0210856218 -0.0210859384
    endloop
  endfacet
  facet normal 0.965908527 0.187490568 -0.17851603
    outer loop
      vertex 0.0244325846 0.0210856218 -0.0210859384
      vertex 0.0244325958 0.0220948625 -0.0200258996
      vertex 0.0249202475 0.0207463261 -0.0188036617
    endloop
  endfacet
  facet normal 0.965908587 0.187490135 -0.178516105
    outer loop
      vertex 0.0244325846 0.0210856218 -0.0210859384
      vertex 0.0249202475 0.0207463261 -0.0188036617
      vertex 0.0249202363 0.019798683 -0.0197990034
    endloop
  endfacet
  facet normal 0.965904117 -0.187513039 0.178516209
    outer loop
      vertex 0.0249202363 0.019798683 -0.0197990034
      vertex 0.0249202475 0.0207463261 -0.0188036617
      vertex 0.0244325642 0.0193978008 -0.0175814237
    endloop
  endfacet
  facet normal 0.965904117 -0.187513515 0.178516105
    outer loop
      vertex 0.0249202363 0.019798683 -0.0197990034
      vertex 0.0244325642 0.0193978008 -0.0175814237
      vertex 0.024432553 0.0185117535 -0.0185120683
    endloop
  endfacet
  facet normal 0.706994236 -0.51220572 0.487651914
    outer loop
      vertex 0.024432553 0.0185117535 -0.0185120683
      vertex 0.0244325642 0.0193978008 -0.0175814237
      vertex 0.0231002197 0.0184106231 -0.0166866835
    endloop
  endfacet
  facet normal 0.706994772 -0.512204528 0.487652391
    outer loop
      vertex 0.024432553 0.0185117535 -0.0185120683
      vertex 0.0231002197 0.0184106231 -0.0166866835
      vertex 0.0231002104 0.0175696667 -0.0175699666
    endloop
  endfacet
  facet normal 0.258738041 -0.699585676 0.666058958
    outer loop
      vertex 0.0231002104 0.0175696667 -0.0175699666
      vertex 0.0231002197 0.0184106231 -0.0166866835
      vertex 0.0212802161 0.0180493072 -0.0163591858
    endloop
  endfacet
  facet normal 0.258737385 -0.69958657 0.666058242
    outer loop
      vertex 0.0231002104 0.0175696667 -0.0175699666
      vertex 0.0212802161 0.0180493072 -0.0163591858
      vertex 0.0212802067 0.0172248576 -0.0172251333
    endloop
  endfacet
  facet normal -0.258755088 -0.699580431 0.666057944
    outer loop
      vertex 0.0212802067 0.0172248576 -0.0172251333
      vertex 0.0212802161 0.0180493072 -0.0163591858
      vertex 0.0194602199 0.0184106678 -0.0166866835
    endloop
  endfacet
  facet normal -0.258754402 -0.699579775 0.666058779
    outer loop
      vertex 0.0212802067 0.0172248576 -0.0172251333
      vertex 0.0194602199 0.0184106678 -0.0166866835
      vertex 0.0194602106 0.0175697114 -0.0175699666
    endloop
  endfacet
  facet normal -0.707006276 -0.512188792 0.487652332
    outer loop
      vertex 0.0194602106 0.0175697114 -0.0175699666
      vertex 0.0194602199 0.0184106678 -0.0166866835
      vertex 0.0181278996 0.0193978753 -0.0175814237
    endloop
  endfacet
  facet normal -0.707006097 -0.512188673 0.487652689
    outer loop
      vertex 0.0194602106 0.0175697114 -0.0175699666
      vertex 0.0181278996 0.0193978753 -0.0175814237
      vertex 0.0181278884 0.018511828 -0.0185120683
    endloop
  endfacet
  facet normal -0.965908587 -0.187489748 0.178516686
    outer loop
      vertex 0.0181278884 0.018511828 -0.0185120683
      vertex 0.0181278996 0.0193978753 -0.0175814237
      vertex 0.0176402479 0.0207464136 -0.0188036617
    endloop
  endfacet
  facet normal -0.965908647 -0.187489808 0.17851615
    outer loop
      vertex 0.0181278884 0.018511828 -0.0185120683
      vertex 0.0176402479 0.0207464136 -0.0188036617
      vertex 0.0176402368 0.0197987687 -0.0197990034
    endloop
  endfacet
  facet normal -0.965904057 0.187512994 -0.178516522
    outer loop
      vertex 0.0176402368 0.0197987687 -0.0197990034
      vertex 0.0176402479 0.0207464136 -0.0188036617
      vertex 0.0181279313 0.022094937 -0.0200258996
    endloop
  endfacet
  facet normal -0.965904057 0.187512949 -0.178516984
    outer loop
      vertex 0.0176402368 0.0197987687 -0.0197990034
      vertex 0.0181279313 0.022094937 -0.0200258996
      vertex 0.0181279201 0.0210856963 -0.0210859384
    endloop
  endfacet
  facet normal -0.706994236 0.512205303 -0.48765251
    outer loop
      vertex 0.0181279201 0.0210856963 -0.0210859384
      vertex 0.0181279313 0.022094937 -0.0200258996
      vertex 0.0194602758 0.0230821148 -0.0209206399
    endloop
  endfacet
  facet normal -0.70699513 0.51220566 -0.487650722
    outer loop
      vertex 0.0181279201 0.0210856963 -0.0210859384
      vertex 0.0194602758 0.0230821148 -0.0209206399
      vertex 0.0194602627 0.0220277831 -0.022028042
    endloop
  endfacet
  facet normal -0.258737415 0.699587166 -0.666057587
    outer loop
      vertex 0.0194602627 0.0220277831 -0.022028042
      vertex 0.0194602758 0.0230821148 -0.0209206399
      vertex 0.0212802794 0.0234434288 -0.0212481376
    endloop
  endfacet
  facet normal -0.258736491 0.69958657 -0.6660586
    outer loop
      vertex 0.0194602627 0.0220277831 -0.022028042
      vertex 0.0212802794 0.0234434288 -0.0212481376
      vertex 0.0212802682 0.0223725922 -0.0223728735
    endloop
  endfacet
  facet normal 0.2587547 0.731418848 -0.630929828
    outer loop
      vertex 0.0212802794 0.0234434288 -0.0212481376
      vertex 0.0212802924 0.02445779 -0.0200722124
      vertex 0.0231002886 0.0240807962 -0.0197628401
    endloop
  endfacet
  facet normal 0.25875476 0.731418788 -0.630929887
    outer loop
      vertex 0.0212802794 0.0234434288 -0.0212481376
      vertex 0.0231002886 0.0240807962 -0.0197628401
      vertex 0.0231002755 0.0230820701 -0.0209206399
    endloop
  endfacet
  facet normal 0.707006574 0.535499156 -0.461933315
    outer loop
      vertex 0.0231002755 0.0230820701 -0.0209206399
      vertex 0.0231002886 0.0240807962 -0.0197628401
      vertex 0.0244326089 0.0230508745 -0.0189176165
    endloop
  endfacet
  facet normal 0.707006574 0.535499215 -0.461933255
    outer loop
      vertex 0.0231002755 0.0230820701 -0.0209206399
      vertex 0.0244326089 0.0230508745 -0.0189176165
      vertex 0.0244325958 0.0220948625 -0.0200258996
    endloop
  endfacet
  facet normal 0.965908766 0.196022645 -0.169101715
    outer loop
      vertex 0.0244325958 0.0220948625 -0.0200258996
      vertex 0.0244326089 0.0230508745 -0.0189176165
      vertex 0.0249202587 0.0216439907 -0.0177630205
    endloop
  endfacet
  facet normal 0.965908706 0.19602339 -0.169101536
    outer loop
      vertex 0.0244325958 0.0220948625 -0.0200258996
      vertex 0.0249202587 0.0216439907 -0.0177630205
      vertex 0.0249202475 0.0207463261 -0.0188036617
    endloop
  endfacet
  facet normal 0.965904176 -0.196046293 0.169100568
    outer loop
      vertex 0.0249202475 0.0207463261 -0.0188036617
      vertex 0.0249202587 0.0216439907 -0.0177630205
      vertex 0.0244325753 0.0202371161 -0.0166084245
    endloop
  endfacet
  facet normal 0.965904057 -0.196047068 0.169100344
    outer loop
      vertex 0.0249202475 0.0207463261 -0.0188036617
      vertex 0.0244325753 0.0202371161 -0.0166084245
      vertex 0.0244325642 0.0193978008 -0.0175814237
    endloop
  endfacet
  facet normal 0.706993401 -0.535517216 0.461932421
    outer loop
      vertex 0.0244325642 0.0193978008 -0.0175814237
      vertex 0.0244325753 0.0202371161 -0.0166084245
      vertex 0.023100229 0.0192072261 -0.0157632008
    endloop
  endfacet
  facet normal 0.706993937 -0.535516024 0.461932927
    outer loop
      vertex 0.0244325642 0.0193978008 -0.0175814237
      vertex 0.023100229 0.0192072261 -0.0157632008
      vertex 0.0231002197 0.0184106231 -0.0166866835
    endloop
  endfacet
  facet normal 0.258737683 -0.731424809 0.630929828
    outer loop
      vertex 0.0231002197 0.0184106231 -0.0166866835
      vertex 0.023100229 0.0192072261 -0.0157632008
      vertex 0.0212802254 0.0188302752 -0.0154538285
    endloop
  endfacet
  facet normal 0.258737713 -0.731424868 0.630929887
    outer loop
      vertex 0.0231002197 0.0184106231 -0.0166866835
      vertex 0.0212802254 0.0188302752 -0.0154538285
      vertex 0.0212802161 0.0180493072 -0.0163591858
    endloop
  endfacet
  facet normal -0.25875476 -0.731418729 0.630929947
    outer loop
      vertex 0.0212802161 0.0180493072 -0.0163591858
      vertex 0.0212802254 0.0188302752 -0.0154538285
      vertex 0.0194602292 0.019207269 -0.0157632008
    endloop
  endfacet
  facet normal -0.258755475 -0.731419384 0.630928874
    outer loop
      vertex 0.0212802161 0.0180493072 -0.0163591858
      vertex 0.0194602292 0.019207269 -0.0157632008
      vertex 0.0194602199 0.0184106678 -0.0166866835
    endloop
  endfacet
  facet normal -0.707006991 -0.535499692 0.461932123
    outer loop
      vertex 0.0194602199 0.0184106678 -0.0166866835
      vertex 0.0194602292 0.019207269 -0.0157632008
      vertex 0.0181279089 0.0202371925 -0.0166084245
    endloop
  endfacet
  facet normal -0.707006514 -0.535499454 0.461933017
    outer loop
      vertex 0.0194602199 0.0184106678 -0.0166866835
      vertex 0.0181279089 0.0202371925 -0.0166084245
      vertex 0.0181278996 0.0193978753 -0.0175814237
    endloop
  endfacet
  facet normal -0.965908825 -0.196023315 0.169100583
    outer loop
      vertex 0.0181278996 0.0193978753 -0.0175814237
      vertex 0.0181279089 0.0202371925 -0.0166084245
      vertex 0.0176402591 0.0216440782 -0.0177630205
    endloop
  endfacet
  facet normal -0.965908706 -0.196023226 0.169101417
    outer loop
      vertex 0.0181278996 0.0193978753 -0.0175814237
      vertex 0.0176402591 0.0216440782 -0.0177630205
      vertex 0.0176402479 0.0207464136 -0.0188036617
    endloop
  endfacet
  facet normal -0.965904057 0.196046576 -0.169100821
    outer loop
      vertex 0.0176402479 0.0207464136 -0.0188036617
      vertex 0.0176402591 0.0216440782 -0.0177630205
      vertex 0.0181279425 0.023050949 -0.0189176165
    endloop
  endfacet
  facet normal -0.965903997 0.196046561 -0.169101223
    outer loop
      vertex 0.0176402479 0.0207464136 -0.0188036617
      vertex 0.0181279425 0.023050949 -0.0189176165
      vertex 0.0181279313 0.022094937 -0.0200258996
    endloop
  endfacet
  facet normal -0.706993759 0.5355165 -0.461932749
    outer loop
      vertex 0.0181279313 0.022094937 -0.0200258996
      vertex 0.0181279425 0.023050949 -0.0189176165
      vertex 0.0194602888 0.0240808409 -0.0197628401
    endloop
  endfacet
  facet normal -0.706993937 0.53551656 -0.461932391
    outer loop
      vertex 0.0181279313 0.022094937 -0.0200258996
      vertex 0.0194602888 0.0240808409 -0.0197628401
      vertex 0.0194602758 0.0230821148 -0.0209206399
    endloop
  endfacet
  facet normal -0.258736998 0.731425285 -0.630929649
    outer loop
      vertex 0.0194602758 0.0230821148 -0.0209206399
      vertex 0.0194602888 0.0240808409 -0.0197628401
      vertex 0.0212802924 0.02445779 -0.0200722124
    endloop
  endfacet
  facet normal -0.258736968 0.731425285 -0.630929649
    outer loop
      vertex 0.0194602758 0.0230821148 -0.0209206399
      vertex 0.0212802924 0.02445779 -0.0200722124
      vertex 0.0212802794 0.0234434288 -0.0212481376
    endloop
  endfacet
  facet normal 0.258755416 0.761495531 -0.594281256
    outer loop
      vertex 0.0212802924 0.02445779 -0.0200722124
      vertex 0.0212803036 0.0254132301 -0.018847933
      vertex 0.0231002998 0.0250215102 -0.0185574293
    endloop
  endfacet
  facet normal 0.258755088 0.761495829 -0.594280958
    outer loop
      vertex 0.0212802924 0.02445779 -0.0200722124
      vertex 0.0231002998 0.0250215102 -0.0185574293
      vertex 0.0231002886 0.0240807962 -0.0197628401
    endloop
  endfacet
  facet normal 0.70700717 0.557519972 -0.435100466
    outer loop
      vertex 0.0231002886 0.0240807962 -0.0197628401
      vertex 0.0231002998 0.0250215102 -0.0185574293
      vertex 0.0244326182 0.0239513554 -0.0177637599
    endloop
  endfacet
  facet normal 0.707006812 0.557520568 -0.435100228
    outer loop
      vertex 0.0231002886 0.0240807962 -0.0197628401
      vertex 0.0244326182 0.0239513554 -0.0177637599
      vertex 0.0244326089 0.0230508745 -0.0189176165
    endloop
  endfacet
  facet normal 0.965908527 0.204085886 -0.159278423
    outer loop
      vertex 0.0244326089 0.0230508745 -0.0189176165
      vertex 0.0244326182 0.0239513554 -0.0177637599
      vertex 0.0249202698 0.0224895123 -0.0166795868
    endloop
  endfacet
  facet normal 0.965908885 0.204083964 -0.159278974
    outer loop
      vertex 0.0244326089 0.0230508745 -0.0189176165
      vertex 0.0249202698 0.0224895123 -0.0166795868
      vertex 0.0249202587 0.0216439907 -0.0177630205
    endloop
  endfacet
  facet normal 0.965903938 -0.204108313 0.15927808
    outer loop
      vertex 0.0249202587 0.0216439907 -0.0177630205
      vertex 0.0249202698 0.0224895123 -0.0166795868
      vertex 0.0244325846 0.0210276805 -0.0155954137
    endloop
  endfacet
  facet normal 0.965904057 -0.204107076 0.159278437
    outer loop
      vertex 0.0249202587 0.0216439907 -0.0177630205
      vertex 0.0244325846 0.0210276805 -0.0155954137
      vertex 0.0244325753 0.0202371161 -0.0166084245
    endloop
  endfacet
  facet normal 0.706993759 -0.557536542 0.435100973
    outer loop
      vertex 0.0244325753 0.0202371161 -0.0166084245
      vertex 0.0244325846 0.0210276805 -0.0155954137
      vertex 0.0231002383 0.0199575555 -0.0148017434
    endloop
  endfacet
  facet normal 0.706993163 -0.557537794 0.435100347
    outer loop
      vertex 0.0244325753 0.0202371161 -0.0166084245
      vertex 0.0231002383 0.0199575555 -0.0148017434
      vertex 0.023100229 0.0192072261 -0.0157632008
    endloop
  endfacet
  facet normal 0.258737415 -0.761502385 0.594280243
    outer loop
      vertex 0.023100229 0.0192072261 -0.0157632008
      vertex 0.0231002383 0.0199575555 -0.0148017434
      vertex 0.0212802347 0.0195658784 -0.0145112406
    endloop
  endfacet
  facet normal 0.258737355 -0.761502445 0.594280183
    outer loop
      vertex 0.023100229 0.0192072261 -0.0157632008
      vertex 0.0212802347 0.0195658784 -0.0145112406
      vertex 0.0212802254 0.0188302752 -0.0154538285
    endloop
  endfacet
  facet normal -0.258755118 -0.761496246 0.594280422
    outer loop
      vertex 0.0212802254 0.0188302752 -0.0154538285
      vertex 0.0212802347 0.0195658784 -0.0145112406
      vertex 0.0194602385 0.0199575983 -0.0148017434
    endloop
  endfacet
  facet normal -0.258755058 -0.761496246 0.594280481
    outer loop
      vertex 0.0212802254 0.0188302752 -0.0154538285
      vertex 0.0194602385 0.0199575983 -0.0148017434
      vertex 0.0194602292 0.019207269 -0.0157632008
    endloop
  endfacet
  facet normal -0.707007587 -0.557519853 0.435099959
    outer loop
      vertex 0.0194602292 0.019207269 -0.0157632008
      vertex 0.0194602385 0.0199575983 -0.0148017434
      vertex 0.0181279182 0.0210277569 -0.0155954137
    endloop
  endfacet
  facet normal -0.70700717 -0.557519615 0.435100734
    outer loop
      vertex 0.0194602292 0.019207269 -0.0157632008
      vertex 0.0181279182 0.0210277569 -0.0155954137
      vertex 0.0181279089 0.0202371925 -0.0166084245
    endloop
  endfacet
  facet normal -0.965908825 -0.204084575 0.159278661
    outer loop
      vertex 0.0181279089 0.0202371925 -0.0166084245
      vertex 0.0181279182 0.0210277569 -0.0155954137
      vertex 0.0176402684 0.0224895999 -0.0166795868
    endloop
  endfacet
  facet normal -0.965908945 -0.20408465 0.159277871
    outer loop
      vertex 0.0181279089 0.0202371925 -0.0166084245
      vertex 0.0176402684 0.0224895999 -0.0166795868
      vertex 0.0176402591 0.0216440782 -0.0177630205
    endloop
  endfacet
  facet normal -0.965903759 0.204107672 -0.159279227
    outer loop
      vertex 0.0176402591 0.0216440782 -0.0177630205
      vertex 0.0176402684 0.0224895999 -0.0166795868
      vertex 0.0181279536 0.0239514299 -0.0177637599
    endloop
  endfacet
  facet normal -0.965903938 0.204107702 -0.159278303
    outer loop
      vertex 0.0176402591 0.0216440782 -0.0177630205
      vertex 0.0181279536 0.0239514299 -0.0177637599
      vertex 0.0181279425 0.023050949 -0.0189176165
    endloop
  endfacet
  facet normal -0.70699358 0.557537019 -0.435100526
    outer loop
      vertex 0.0181279425 0.023050949 -0.0189176165
      vertex 0.0181279536 0.0239514299 -0.0177637599
      vertex 0.0194603 0.0250215549 -0.0185574293
    endloop
  endfacet
  facet normal -0.70699358 0.557537079 -0.435100615
    outer loop
      vertex 0.0181279425 0.023050949 -0.0189176165
      vertex 0.0194603 0.0250215549 -0.0185574293
      vertex 0.0194602888 0.0240808409 -0.0197628401
    endloop
  endfacet
  facet normal -0.258736998 0.761502028 -0.594280958
    outer loop
      vertex 0.0194602888 0.0240808409 -0.0197628401
      vertex 0.0194603 0.0250215549 -0.0185574293
      vertex 0.0212803036 0.0254132301 -0.018847933
    endloop
  endfacet
  facet normal -0.25873667 0.761501849 -0.594281495
    outer loop
      vertex 0.0194602888 0.0240808409 -0.0197628401
      vertex 0.0212803036 0.0254132301 -0.018847933
      vertex 0.0212802924 0.02445779 -0.0200722124
    endloop
  endfacet
  facet normal 0.258755296 0.789739966 -0.556198239
    outer loop
      vertex 0.0212803036 0.0254132301 -0.018847933
      vertex 0.0212803148 0.0263074432 -0.0175782442
      vertex 0.0231003091 0.0259019416 -0.0173073113
    endloop
  endfacet
  facet normal 0.258755744 0.789739549 -0.556198657
    outer loop
      vertex 0.0212803036 0.0254132301 -0.018847933
      vertex 0.0231003091 0.0259019416 -0.0173073113
      vertex 0.0231002998 0.0250215102 -0.0185574293
    endloop
  endfacet
  facet normal 0.707006931 0.578199148 -0.407218575
    outer loop
      vertex 0.0231002998 0.0250215102 -0.0185574293
      vertex 0.0231003091 0.0259019416 -0.0173073113
      vertex 0.0244326293 0.0247941315 -0.0165671073
    endloop
  endfacet
  facet normal 0.707007349 0.578198373 -0.407218933
    outer loop
      vertex 0.0231002998 0.0250215102 -0.0185574293
      vertex 0.0244326293 0.0247941315 -0.0165671073
      vertex 0.0244326182 0.0239513554 -0.0177637599
    endloop
  endfacet
  facet normal 0.965908766 0.21165438 -0.149072558
    outer loop
      vertex 0.0244326182 0.0239513554 -0.0177637599
      vertex 0.0244326293 0.0247941315 -0.0165671073
      vertex 0.0249202792 0.0232808515 -0.0155559694
    endloop
  endfacet
  facet normal 0.965908647 0.211655334 -0.14907223
    outer loop
      vertex 0.0244326182 0.0239513554 -0.0177637599
      vertex 0.0249202792 0.0232808515 -0.0155559694
      vertex 0.0249202698 0.0224895123 -0.0166795868
    endloop
  endfacet
  facet normal 0.96590364 -0.211678222 0.149072334
    outer loop
      vertex 0.0249202698 0.0224895123 -0.0166795868
      vertex 0.0249202792 0.0232808515 -0.0155559694
      vertex 0.0244325921 0.0217675827 -0.0145448316
    endloop
  endfacet
  facet normal 0.965903759 -0.211677089 0.149072737
    outer loop
      vertex 0.0249202698 0.0224895123 -0.0166795868
      vertex 0.0244325921 0.0217675827 -0.0145448316
      vertex 0.0244325846 0.0210276805 -0.0155954137
    endloop
  endfacet
  facet normal 0.706993878 -0.578214765 0.407219142
    outer loop
      vertex 0.0244325846 0.0210276805 -0.0155954137
      vertex 0.0244325921 0.0217675827 -0.0145448316
      vertex 0.0231002476 0.0206598043 -0.0138046267
    endloop
  endfacet
  facet normal 0.70699352 -0.578215539 0.407218695
    outer loop
      vertex 0.0244325846 0.0210276805 -0.0155954137
      vertex 0.0231002476 0.0206598043 -0.0138046267
      vertex 0.0231002383 0.0199575555 -0.0148017434
    endloop
  endfacet
  facet normal 0.258736491 -0.78974551 0.556199133
    outer loop
      vertex 0.0231002383 0.0199575555 -0.0148017434
      vertex 0.0231002476 0.0206598043 -0.0138046267
      vertex 0.0212802421 0.0202543456 -0.0135336937
    endloop
  endfacet
  facet normal 0.258737117 -0.789744794 0.556199849
    outer loop
      vertex 0.0231002383 0.0199575555 -0.0148017434
      vertex 0.0212802421 0.0202543456 -0.0135336937
      vertex 0.0212802347 0.0195658784 -0.0145112406
    endloop
  endfacet
  facet normal -0.258755326 -0.789738894 0.55619967
    outer loop
      vertex 0.0212802347 0.0195658784 -0.0145112406
      vertex 0.0212802421 0.0202543456 -0.0135336937
      vertex 0.0194602478 0.0206598472 -0.0138046267
    endloop
  endfacet
  facet normal -0.258755475 -0.789739013 0.556199491
    outer loop
      vertex 0.0212802347 0.0195658784 -0.0145112406
      vertex 0.0194602478 0.0206598472 -0.0138046267
      vertex 0.0194602385 0.0199575983 -0.0148017434
    endloop
  endfacet
  facet normal -0.707007468 -0.578197837 0.407219499
    outer loop
      vertex 0.0194602385 0.0199575983 -0.0148017434
      vertex 0.0194602478 0.0206598472 -0.0138046267
      vertex 0.0181279276 0.0217676591 -0.0145448316
    endloop
  endfacet
  facet normal -0.707007885 -0.578198016 0.407218635
    outer loop
      vertex 0.0194602385 0.0199575983 -0.0148017434
      vertex 0.0181279276 0.0217676591 -0.0145448316
      vertex 0.0181279182 0.0210277569 -0.0155954137
    endloop
  endfacet
  facet normal -0.965908766 -0.211654559 0.149072275
    outer loop
      vertex 0.0181279182 0.0210277569 -0.0155954137
      vertex 0.0181279276 0.0217676591 -0.0145448316
      vertex 0.0176402777 0.0232809391 -0.0155559694
    endloop
  endfacet
  facet normal -0.965908885 -0.211654574 0.149071679
    outer loop
      vertex 0.0181279182 0.0210277569 -0.0155954137
      vertex 0.0176402777 0.0232809391 -0.0155559694
      vertex 0.0176402684 0.0224895999 -0.0166795868
    endloop
  endfacet
  facet normal -0.96590364 0.211678222 -0.149072349
    outer loop
      vertex 0.0176402684 0.0224895999 -0.0166795868
      vertex 0.0176402777 0.0232809391 -0.0155559694
      vertex 0.0181279648 0.0247942079 -0.0165671073
    endloop
  endfacet
  facet normal -0.965903759 0.211678207 -0.149071604
    outer loop
      vertex 0.0176402684 0.0224895999 -0.0166795868
      vertex 0.0181279648 0.0247942079 -0.0165671073
      vertex 0.0181279536 0.0239514299 -0.0177637599
    endloop
  endfacet
  facet normal -0.706993759 0.578215241 -0.407218546
    outer loop
      vertex 0.0181279536 0.0239514299 -0.0177637599
      vertex 0.0181279648 0.0247942079 -0.0165671073
      vertex 0.0194603093 0.0259019863 -0.0173073113
    endloop
  endfacet
  facet normal -0.706993341 0.578215182 -0.40721935
    outer loop
      vertex 0.0181279536 0.0239514299 -0.0177637599
      vertex 0.0194603093 0.0259019863 -0.0173073113
      vertex 0.0194603 0.0250215549 -0.0185574293
    endloop
  endfacet
  facet normal -0.258735746 0.789745748 -0.556199133
    outer loop
      vertex 0.0194603 0.0250215549 -0.0185574293
      vertex 0.0194603093 0.0259019863 -0.0173073113
      vertex 0.0212803148 0.0263074432 -0.0175782442
    endloop
  endfacet
  facet normal -0.25873661 0.789746165 -0.55619812
    outer loop
      vertex 0.0194603 0.0250215549 -0.0185574293
      vertex 0.0212803148 0.0263074432 -0.0175782442
      vertex 0.0212803036 0.0254132301 -0.018847933
    endloop
  endfacet
  facet normal 0.258754492 0.816079676 -0.516778648
    outer loop
      vertex 0.0212803148 0.0263074432 -0.0175782442
      vertex 0.0212803241 0.0271382798 -0.01626621
      vertex 0.0231003202 0.0267199744 -0.0160154998
    endloop
  endfacet
  facet normal 0.258755624 0.816078603 -0.516779661
    outer loop
      vertex 0.0212803148 0.0263074432 -0.0175782442
      vertex 0.0231003202 0.0267199744 -0.0160154998
      vertex 0.0231003091 0.0259019416 -0.0173073113
    endloop
  endfacet
  facet normal 0.707008064 0.597481847 -0.378358305
    outer loop
      vertex 0.0231003091 0.0259019416 -0.0173073113
      vertex 0.0231003202 0.0267199744 -0.0160154998
      vertex 0.0244326387 0.0255771764 -0.0153305437
    endloop
  endfacet
  facet normal 0.70700717 0.597483516 -0.37835741
    outer loop
      vertex 0.0231003091 0.0259019416 -0.0173073113
      vertex 0.0244326387 0.0255771764 -0.0153305437
      vertex 0.0244326293 0.0247941315 -0.0165671073
    endloop
  endfacet
  facet normal 0.965909123 0.21871379 -0.138506189
    outer loop
      vertex 0.0244326293 0.0247941315 -0.0165671073
      vertex 0.0244326387 0.0255771764 -0.0153305437
      vertex 0.0249202866 0.0240161046 -0.0143948765
    endloop
  endfacet
  facet normal 0.965908885 0.218714923 -0.138505712
    outer loop
      vertex 0.0244326293 0.0247941315 -0.0165671073
      vertex 0.0249202866 0.0240161046 -0.0143948765
      vertex 0.0249202792 0.0232808515 -0.0155559694
    endloop
  endfacet
  facet normal 0.965903819 -0.218736336 0.138506904
    outer loop
      vertex 0.0249202792 0.0232808515 -0.0155559694
      vertex 0.0249202866 0.0240161046 -0.0143948765
      vertex 0.0244326014 0.0224550441 -0.0134592094
    endloop
  endfacet
  facet normal 0.965903521 -0.218738377 0.138505995
    outer loop
      vertex 0.0249202792 0.0232808515 -0.0155559694
      vertex 0.0244326014 0.0224550441 -0.0134592094
      vertex 0.0244325921 0.0217675827 -0.0145448316
    endloop
  endfacet
  facet normal 0.706992924 -0.59750098 0.378356516
    outer loop
      vertex 0.0244325921 0.0217675827 -0.0145448316
      vertex 0.0244326014 0.0224550441 -0.0134592094
      vertex 0.0231002551 0.0213122815 -0.0127742533
    endloop
  endfacet
  facet normal 0.706993639 -0.59749949 0.37835747
    outer loop
      vertex 0.0244325921 0.0217675827 -0.0145448316
      vertex 0.0231002551 0.0213122815 -0.0127742533
      vertex 0.0231002476 0.0206598043 -0.0138046267
    endloop
  endfacet
  facet normal 0.258736908 -0.81608516 0.516778648
    outer loop
      vertex 0.0231002476 0.0206598043 -0.0138046267
      vertex 0.0231002551 0.0213122815 -0.0127742533
      vertex 0.0212802496 0.0208940152 -0.0125235431
    endloop
  endfacet
  facet normal 0.258736193 -0.816085935 0.516777813
    outer loop
      vertex 0.0231002476 0.0206598043 -0.0138046267
      vertex 0.0212802496 0.0208940152 -0.0125235431
      vertex 0.0212802421 0.0202543456 -0.0135336937
    endloop
  endfacet
  facet normal -0.25875634 -0.816079736 0.516777694
    outer loop
      vertex 0.0212802421 0.0202543456 -0.0135336937
      vertex 0.0212802496 0.0208940152 -0.0125235431
      vertex 0.0194602553 0.0213123243 -0.0127742533
    endloop
  endfacet
  facet normal -0.258755624 -0.816079259 0.516778708
    outer loop
      vertex 0.0212802421 0.0202543456 -0.0135336937
      vertex 0.0194602553 0.0213123243 -0.0127742533
      vertex 0.0194602478 0.0206598472 -0.0138046267
    endloop
  endfacet
  facet normal -0.707007706 -0.597483039 0.378357261
    outer loop
      vertex 0.0194602478 0.0206598472 -0.0138046267
      vertex 0.0194602553 0.0213123243 -0.0127742533
      vertex 0.0181279369 0.0224551205 -0.0134592094
    endloop
  endfacet
  facet normal -0.707007647 -0.597482979 0.378357261
    outer loop
      vertex 0.0194602478 0.0206598472 -0.0138046267
      vertex 0.0181279369 0.0224551205 -0.0134592094
      vertex 0.0181279276 0.0217676591 -0.0145448316
    endloop
  endfacet
  facet normal -0.965908766 -0.218714222 0.138507262
    outer loop
      vertex 0.0181279276 0.0217676591 -0.0145448316
      vertex 0.0181279369 0.0224551205 -0.0134592094
      vertex 0.0176402871 0.0240161922 -0.0143948765
    endloop
  endfacet
  facet normal -0.965908885 -0.218714178 0.1385068
    outer loop
      vertex 0.0181279276 0.0217676591 -0.0145448316
      vertex 0.0176402871 0.0240161922 -0.0143948765
      vertex 0.0176402777 0.0232809391 -0.0155559694
    endloop
  endfacet
  facet normal -0.96590364 0.218737841 -0.138506308
    outer loop
      vertex 0.0176402777 0.0232809391 -0.0155559694
      vertex 0.0176402871 0.0240161922 -0.0143948765
      vertex 0.0181279741 0.0255772527 -0.0153305428
    endloop
  endfacet
  facet normal -0.965903521 0.21873787 -0.13850677
    outer loop
      vertex 0.0176402777 0.0232809391 -0.0155559694
      vertex 0.0181279741 0.0255772527 -0.0153305428
      vertex 0.0181279648 0.0247942079 -0.0165671073
    endloop
  endfacet
  facet normal -0.706993401 0.597500145 -0.378356934
    outer loop
      vertex 0.0181279648 0.0247942079 -0.0165671073
      vertex 0.0181279741 0.0255772527 -0.0153305428
      vertex 0.0194603205 0.0267200172 -0.0160154998
    endloop
  endfacet
  facet normal -0.706993461 0.597500086 -0.378356785
    outer loop
      vertex 0.0181279648 0.0247942079 -0.0165671073
      vertex 0.0194603205 0.0267200172 -0.0160154998
      vertex 0.0194603093 0.0259019863 -0.0173073113
    endloop
  endfacet
  facet normal -0.258735597 0.816085696 -0.516778529
    outer loop
      vertex 0.0194603093 0.0259019863 -0.0173073113
      vertex 0.0194603205 0.0267200172 -0.0160154998
      vertex 0.0212803241 0.0271382798 -0.01626621
    endloop
  endfacet
  facet normal -0.258735448 0.816085637 -0.516778708
    outer loop
      vertex 0.0194603093 0.0259019863 -0.0173073113
      vertex 0.0212803241 0.0271382798 -0.01626621
      vertex 0.0212803148 0.0263074432 -0.0175782442
    endloop
  endfacet
  facet normal 0.258755565 0.840452969 -0.476113826
    outer loop
      vertex 0.0212803241 0.0271382798 -0.01626621
      vertex 0.0212803334 0.0279037394 -0.0149149885
      vertex 0.0231003296 0.0274736341 -0.0146851046
    endloop
  endfacet
  facet normal 0.25875479 0.840453684 -0.476113051
    outer loop
      vertex 0.0212803241 0.0271382798 -0.01626621
      vertex 0.0231003296 0.0274736341 -0.0146851046
      vertex 0.0231003202 0.0267199744 -0.0160154998
    endloop
  endfacet
  facet normal 0.707007885 0.615328193 -0.348584175
    outer loop
      vertex 0.0231003202 0.0267199744 -0.0160154998
      vertex 0.0231003296 0.0274736341 -0.0146851046
      vertex 0.024432648 0.0262986049 -0.0140570467
    endloop
  endfacet
  facet normal 0.707008362 0.615327597 -0.348584592
    outer loop
      vertex 0.0231003202 0.0267199744 -0.0160154998
      vertex 0.024432648 0.0262986049 -0.0140570467
      vertex 0.0244326387 0.0255771764 -0.0153305437
    endloop
  endfacet
  facet normal 0.965909004 0.225246325 -0.127607778
    outer loop
      vertex 0.0244326387 0.0255771764 -0.0153305437
      vertex 0.024432648 0.0262986049 -0.0140570467
      vertex 0.0249202959 0.0246935021 -0.0131991049
    endloop
  endfacet
  facet normal 0.965909243 0.225245938 -0.127608001
    outer loop
      vertex 0.0244326387 0.0255771764 -0.0153305437
      vertex 0.0249202959 0.0246935021 -0.0131991049
      vertex 0.0249202866 0.0240161046 -0.0143948765
    endloop
  endfacet
  facet normal 0.96590358 -0.225270316 0.127606764
    outer loop
      vertex 0.0249202866 0.0240161046 -0.0143948765
      vertex 0.0249202959 0.0246935021 -0.0131991049
      vertex 0.0244326089 0.0230884105 -0.0123411631
    endloop
  endfacet
  facet normal 0.965903819 -0.225269347 0.127607256
    outer loop
      vertex 0.0249202866 0.0240161046 -0.0143948765
      vertex 0.0244326089 0.0230884105 -0.0123411631
      vertex 0.0244326014 0.0224550441 -0.0134592094
    endloop
  endfacet
  facet normal 0.706992924 -0.61534524 0.348584652
    outer loop
      vertex 0.0244326014 0.0224550441 -0.0134592094
      vertex 0.0244326089 0.0230884105 -0.0123411631
      vertex 0.0231002625 0.0219134148 -0.0117131053
    endloop
  endfacet
  facet normal 0.706992686 -0.615345716 0.348584354
    outer loop
      vertex 0.0244326014 0.0224550441 -0.0134592094
      vertex 0.0231002625 0.0219134148 -0.0117131053
      vertex 0.0231002551 0.0213122815 -0.0127742533
    endloop
  endfacet
  facet normal 0.25873673 -0.840459287 0.476112872
    outer loop
      vertex 0.0231002551 0.0213122815 -0.0127742533
      vertex 0.0231002625 0.0219134148 -0.0117131053
      vertex 0.021280257 0.0214833505 -0.0114832213
    endloop
  endfacet
  facet normal 0.25873667 -0.840459406 0.476112753
    outer loop
      vertex 0.0231002551 0.0213122815 -0.0127742533
      vertex 0.021280257 0.0214833505 -0.0114832213
      vertex 0.0212802496 0.0208940152 -0.0125235431
    endloop
  endfacet
  facet normal -0.258756608 -0.840453148 0.476112962
    outer loop
      vertex 0.0212802496 0.0208940152 -0.0125235431
      vertex 0.021280257 0.0214833505 -0.0114832213
      vertex 0.0194602627 0.0219134577 -0.0117131053
    endloop
  endfacet
  facet normal -0.258756638 -0.840453148 0.476112962
    outer loop
      vertex 0.0212802496 0.0208940152 -0.0125235431
      vertex 0.0194602627 0.0219134577 -0.0117131053
      vertex 0.0194602553 0.0213123243 -0.0127742533
    endloop
  endfacet
  facet normal -0.707007885 -0.615328133 0.348584294
    outer loop
      vertex 0.0194602553 0.0213123243 -0.0127742533
      vertex 0.0194602627 0.0219134577 -0.0117131053
      vertex 0.0181279443 0.0230884869 -0.0123411631
    endloop
  endfacet
  facet normal -0.707007885 -0.615328133 0.348584384
    outer loop
      vertex 0.0194602553 0.0213123243 -0.0127742533
      vertex 0.0181279443 0.0230884869 -0.0123411631
      vertex 0.0181279369 0.0224551205 -0.0134592094
    endloop
  endfacet
  facet normal -0.965909064 -0.225246668 0.127607316
    outer loop
      vertex 0.0181279369 0.0224551205 -0.0134592094
      vertex 0.0181279443 0.0230884869 -0.0123411631
      vertex 0.0176402964 0.0246935897 -0.013199104
    endloop
  endfacet
  facet normal -0.965908885 -0.225246772 0.127608374
    outer loop
      vertex 0.0181279369 0.0224551205 -0.0134592094
      vertex 0.0176402964 0.0246935897 -0.013199104
      vertex 0.0176402871 0.0240161922 -0.0143948765
    endloop
  endfacet
  facet normal -0.965903878 0.225269556 -0.127606243
    outer loop
      vertex 0.0176402871 0.0240161922 -0.0143948765
      vertex 0.0176402964 0.0246935897 -0.013199104
      vertex 0.0181279816 0.0262986813 -0.0140570458
    endloop
  endfacet
  facet normal -0.965903521 0.225269809 -0.127608374
    outer loop
      vertex 0.0176402871 0.0240161922 -0.0143948765
      vertex 0.0181279816 0.0262986813 -0.0140570458
      vertex 0.0181279741 0.0255772527 -0.0153305428
    endloop
  endfacet
  facet normal -0.706992507 0.615345359 -0.348585367
    outer loop
      vertex 0.0181279741 0.0255772527 -0.0153305428
      vertex 0.0181279816 0.0262986813 -0.0140570458
      vertex 0.0194603298 0.0274736769 -0.0146851046
    endloop
  endfacet
  facet normal -0.706993163 0.615345359 -0.348583937
    outer loop
      vertex 0.0181279741 0.0255772527 -0.0153305428
      vertex 0.0194603298 0.0274736769 -0.0146851046
      vertex 0.0194603205 0.0267200172 -0.0160154998
    endloop
  endfacet
  facet normal -0.258736134 0.840459585 -0.476112723
    outer loop
      vertex 0.0194603205 0.0267200172 -0.0160154998
      vertex 0.0194603298 0.0274736769 -0.0146851046
      vertex 0.0212803334 0.0279037394 -0.0149149885
    endloop
  endfacet
  facet normal -0.258735299 0.840459228 -0.476113796
    outer loop
      vertex 0.0194603205 0.0267200172 -0.0160154998
      vertex 0.0212803334 0.0279037394 -0.0149149885
      vertex 0.0212803241 0.0271382798 -0.01626621
    endloop
  endfacet
  facet normal 0.258755624 0.862803161 -0.434299767
    outer loop
      vertex 0.0212803334 0.0279037394 -0.0149149885
      vertex 0.0212803427 0.0286019593 -0.0135278618
      vertex 0.023100337 0.0281610936 -0.0133193573
    endloop
  endfacet
  facet normal 0.258755863 0.862802982 -0.434299976
    outer loop
      vertex 0.0212803334 0.0279037394 -0.0149149885
      vertex 0.023100337 0.0281610936 -0.0133193573
      vertex 0.0231003296 0.0274736341 -0.0146851046
    endloop
  endfacet
  facet normal 0.707008004 0.631691575 -0.317970723
    outer loop
      vertex 0.0231003296 0.0274736341 -0.0146851046
      vertex 0.023100337 0.0281610936 -0.0133193573
      vertex 0.0244326554 0.0269566625 -0.0127497111
    endloop
  endfacet
  facet normal 0.707008183 0.631691396 -0.317970812
    outer loop
      vertex 0.0231003296 0.0274736341 -0.0146851046
      vertex 0.0244326554 0.0269566625 -0.0127497111
      vertex 0.024432648 0.0262986049 -0.0140570467
    endloop
  endfacet
  facet normal 0.965909123 0.231237099 -0.11640051
    outer loop
      vertex 0.024432648 0.0262986049 -0.0140570467
      vertex 0.0244326554 0.0269566625 -0.0127497111
      vertex 0.0249203034 0.0253113974 -0.0119715594
    endloop
  endfacet
  facet normal 0.965909183 0.231236637 -0.116400756
    outer loop
      vertex 0.024432648 0.0262986049 -0.0140570467
      vertex 0.0249203034 0.0253113974 -0.0119715594
      vertex 0.0249202959 0.0246935021 -0.0131991049
    endloop
  endfacet
  facet normal 0.96590364 -0.231259719 0.116400637
    outer loop
      vertex 0.0249202959 0.0246935021 -0.0131991049
      vertex 0.0249203034 0.0253113974 -0.0119715594
      vertex 0.0244326163 0.0236661416 -0.0111934077
    endloop
  endfacet
  facet normal 0.965903521 -0.2312603 0.116400309
    outer loop
      vertex 0.0249202959 0.0246935021 -0.0131991049
      vertex 0.0244326163 0.0236661416 -0.0111934077
      vertex 0.0244326089 0.0230884105 -0.0123411631
    endloop
  endfacet
  facet normal 0.706992269 -0.631709218 0.317970842
    outer loop
      vertex 0.0244326089 0.0230884105 -0.0123411631
      vertex 0.0244326163 0.0236661416 -0.0111934077
      vertex 0.0231002681 0.022461744 -0.0106237615
    endloop
  endfacet
  facet normal 0.706992686 -0.631708443 0.317971438
    outer loop
      vertex 0.0244326089 0.0230884105 -0.0123411631
      vertex 0.0231002681 0.022461744 -0.0106237615
      vertex 0.0231002625 0.0219134148 -0.0117131053
    endloop
  endfacet
  facet normal 0.258735478 -0.862809122 0.434299946
    outer loop
      vertex 0.0231002625 0.0219134148 -0.0117131053
      vertex 0.0231002681 0.022461744 -0.0106237615
      vertex 0.0212802645 0.0220209211 -0.010415257
    endloop
  endfacet
  facet normal 0.258736491 -0.862808049 0.434301317
    outer loop
      vertex 0.0231002625 0.0219134148 -0.0117131053
      vertex 0.0212802645 0.0220209211 -0.010415257
      vertex 0.021280257 0.0214833505 -0.0114832213
    endloop
  endfacet
  facet normal -0.258755386 -0.862802088 0.434301853
    outer loop
      vertex 0.021280257 0.0214833505 -0.0114832213
      vertex 0.0212802645 0.0220209211 -0.010415257
      vertex 0.0194602683 0.0224617869 -0.0106237615
    endloop
  endfacet
  facet normal -0.258756936 -0.862802863 0.434299529
    outer loop
      vertex 0.021280257 0.0214833505 -0.0114832213
      vertex 0.0194602683 0.0224617869 -0.0106237615
      vertex 0.0194602627 0.0219134577 -0.0117131053
    endloop
  endfacet
  facet normal -0.707008541 -0.631691337 0.317970097
    outer loop
      vertex 0.0194602627 0.0219134577 -0.0117131053
      vertex 0.0194602683 0.0224617869 -0.0106237615
      vertex 0.0181279518 0.0236662179 -0.0111934077
    endloop
  endfacet
  facet normal -0.707008183 -0.631691337 0.317971051
    outer loop
      vertex 0.0194602627 0.0219134577 -0.0117131053
      vertex 0.0181279518 0.0236662179 -0.0111934077
      vertex 0.0181279443 0.0230884869 -0.0123411631
    endloop
  endfacet
  facet normal -0.965909064 -0.231236681 0.116400942
    outer loop
      vertex 0.0181279443 0.0230884869 -0.0123411631
      vertex 0.0181279518 0.0236662179 -0.0111934077
      vertex 0.0176403038 0.0253114849 -0.0119715584
    endloop
  endfacet
  facet normal -0.965909123 -0.231236666 0.116400786
    outer loop
      vertex 0.0181279443 0.0230884869 -0.0123411631
      vertex 0.0176403038 0.0253114849 -0.0119715584
      vertex 0.0176402964 0.0246935897 -0.013199104
    endloop
  endfacet
  facet normal -0.96590364 0.231259882 -0.116400734
    outer loop
      vertex 0.0176402964 0.0246935897 -0.013199104
      vertex 0.0176403038 0.0253114849 -0.0119715584
      vertex 0.0181279909 0.0269567389 -0.0127497101
    endloop
  endfacet
  facet normal -0.965903819 0.231259704 -0.116399527
    outer loop
      vertex 0.0176402964 0.0246935897 -0.013199104
      vertex 0.0181279909 0.0269567389 -0.0127497101
      vertex 0.0181279816 0.0262986813 -0.0140570458
    endloop
  endfacet
  facet normal -0.706992865 0.631708622 -0.317970425
    outer loop
      vertex 0.0181279816 0.0262986813 -0.0140570458
      vertex 0.0181279909 0.0269567389 -0.0127497101
      vertex 0.0194603372 0.0281611364 -0.0133193573
    endloop
  endfacet
  facet normal -0.706992328 0.631708741 -0.317971647
    outer loop
      vertex 0.0181279816 0.0262986813 -0.0140570458
      vertex 0.0194603372 0.0281611364 -0.0133193573
      vertex 0.0194603298 0.0274736769 -0.0146851046
    endloop
  endfacet
  facet normal -0.258735269 0.862809062 -0.434300214
    outer loop
      vertex 0.0194603298 0.0274736769 -0.0146851046
      vertex 0.0194603372 0.0281611364 -0.0133193573
      vertex 0.0212803427 0.0286019593 -0.0135278618
    endloop
  endfacet
  facet normal -0.258735925 0.862809181 -0.43429938
    outer loop
      vertex 0.0194603298 0.0274736769 -0.0146851046
      vertex 0.0212803427 0.0286019593 -0.0135278618
      vertex 0.0212803334 0.0279037394 -0.0149149885
    endloop
  endfacet
  facet normal 0.25875625 0.88307333 -0.391441762
    outer loop
      vertex 0.0212803427 0.0286019593 -0.0135278618
      vertex 0.0212803502 0.0292312894 -0.0121081192
      vertex 0.0231003445 0.028780723 -0.0119214971
    endloop
  endfacet
  facet normal 0.258755863 0.883073628 -0.391441345
    outer loop
      vertex 0.0212803427 0.0286019593 -0.0135278618
      vertex 0.0231003445 0.028780723 -0.0119214971
      vertex 0.023100337 0.0281610936 -0.0133193573
    endloop
  endfacet
  facet normal 0.707008004 0.646532714 -0.286592275
    outer loop
      vertex 0.023100337 0.0281610936 -0.0133193573
      vertex 0.0231003445 0.028780723 -0.0119214971
      vertex 0.0244326629 0.0275497921 -0.0114116343
    endloop
  endfacet
  facet normal 0.707008183 0.646532357 -0.286592454
    outer loop
      vertex 0.023100337 0.0281610936 -0.0133193573
      vertex 0.0244326629 0.0275497921 -0.0114116343
      vertex 0.0244326554 0.0269566625 -0.0127497111
    endloop
  endfacet
  facet normal 0.965909362 0.236669198 -0.104913771
    outer loop
      vertex 0.0244326554 0.0269566625 -0.0127497111
      vertex 0.0244326629 0.0275497921 -0.0114116343
      vertex 0.024920309 0.0258683264 -0.0107151503
    endloop
  endfacet
  facet normal 0.965909183 0.236670196 -0.104913212
    outer loop
      vertex 0.0244326554 0.0269566625 -0.0127497111
      vertex 0.024920309 0.0258683264 -0.0107151503
      vertex 0.0249203034 0.0253113974 -0.0119715594
    endloop
  endfacet
  facet normal 0.96590364 -0.236692071 0.104914308
    outer loop
      vertex 0.0249203034 0.0253113974 -0.0119715594
      vertex 0.024920309 0.0258683264 -0.0107151503
      vertex 0.0244326219 0.0241868701 -0.0100186644
    endloop
  endfacet
  facet normal 0.965903521 -0.236692414 0.104914077
    outer loop
      vertex 0.0249203034 0.0253113974 -0.0119715594
      vertex 0.0244326219 0.0241868701 -0.0100186644
      vertex 0.0244326163 0.0236661416 -0.0111934077
    endloop
  endfacet
  facet normal 0.706992507 -0.646549463 0.286592633
    outer loop
      vertex 0.0244326163 0.0236661416 -0.0111934077
      vertex 0.0244326219 0.0241868701 -0.0100186644
      vertex 0.0231002755 0.0229559727 -0.00950880162
    endloop
  endfacet
  facet normal 0.70699209 -0.646550417 0.286591887
    outer loop
      vertex 0.0244326163 0.0236661416 -0.0111934077
      vertex 0.0231002755 0.0229559727 -0.00950880162
      vertex 0.0231002681 0.022461744 -0.0106237615
    endloop
  endfacet
  facet normal 0.25873521 -0.883079767 0.391441345
    outer loop
      vertex 0.0231002681 0.022461744 -0.0106237615
      vertex 0.0231002755 0.0229559727 -0.00950880162
      vertex 0.0212802701 0.0225054491 -0.00932218041
    endloop
  endfacet
  facet normal 0.25873521 -0.883079648 0.391441375
    outer loop
      vertex 0.0231002681 0.022461744 -0.0106237615
      vertex 0.0212802701 0.0225054491 -0.00932218041
      vertex 0.0212802645 0.0220209211 -0.010415257
    endloop
  endfacet
  facet normal -0.258756071 -0.883073509 0.391441345
    outer loop
      vertex 0.0212802645 0.0220209211 -0.010415257
      vertex 0.0212802701 0.0225054491 -0.00932218041
      vertex 0.0194602758 0.0229560155 -0.00950880162
    endloop
  endfacet
  facet normal -0.258755624 -0.88307339 0.391442031
    outer loop
      vertex 0.0212802645 0.0220209211 -0.010415257
      vertex 0.0194602758 0.0229560155 -0.00950880162
      vertex 0.0194602683 0.0224617869 -0.0106237615
    endloop
  endfacet
  facet normal -0.707008004 -0.646532238 0.286593318
    outer loop
      vertex 0.0194602683 0.0224617869 -0.0106237615
      vertex 0.0194602758 0.0229560155 -0.00950880162
      vertex 0.0181279574 0.0241869465 -0.0100186644
    endloop
  endfacet
  facet normal -0.70700866 -0.646532178 0.286591679
    outer loop
      vertex 0.0194602683 0.0224617869 -0.0106237615
      vertex 0.0181279574 0.0241869465 -0.0100186644
      vertex 0.0181279518 0.0236662179 -0.0111934077
    endloop
  endfacet
  facet normal -0.965909123 -0.236670092 0.104913361
    outer loop
      vertex 0.0181279518 0.0236662179 -0.0111934077
      vertex 0.0181279574 0.0241869465 -0.0100186644
      vertex 0.0176403094 0.025868414 -0.0107151493
    endloop
  endfacet
  facet normal -0.965909183 -0.236670047 0.10491316
    outer loop
      vertex 0.0181279518 0.0236662179 -0.0111934077
      vertex 0.0176403094 0.025868414 -0.0107151493
      vertex 0.0176403038 0.0253114849 -0.0119715584
    endloop
  endfacet
  facet normal -0.965903282 0.236693189 -0.104914807
    outer loop
      vertex 0.0176403038 0.0253114849 -0.0119715584
      vertex 0.0176403094 0.025868414 -0.0107151493
      vertex 0.0181279983 0.0275498684 -0.0114116333
    endloop
  endfacet
  facet normal -0.965903521 0.236692935 -0.104913533
    outer loop
      vertex 0.0176403038 0.0253114849 -0.0119715584
      vertex 0.0181279983 0.0275498684 -0.0114116333
      vertex 0.0181279909 0.0269567389 -0.0127497101
    endloop
  endfacet
  facet normal -0.706992745 0.646549582 -0.286592215
    outer loop
      vertex 0.0181279909 0.0269567389 -0.0127497101
      vertex 0.0181279983 0.0275498684 -0.0114116333
      vertex 0.0194603447 0.0287807658 -0.0119214971
    endloop
  endfacet
  facet normal -0.706992686 0.646549523 -0.286592185
    outer loop
      vertex 0.0181279909 0.0269567389 -0.0127497101
      vertex 0.0194603447 0.0287807658 -0.0119214971
      vertex 0.0194603372 0.0281611364 -0.0133193573
    endloop
  endfacet
  facet normal -0.258735389 0.883079648 -0.391441286
    outer loop
      vertex 0.0194603372 0.0281611364 -0.0133193573
      vertex 0.0194603447 0.0287807658 -0.0119214971
      vertex 0.0212803502 0.0292312894 -0.0121081192
    endloop
  endfacet
  facet normal -0.258734971 0.883079529 -0.391441762
    outer loop
      vertex 0.0194603372 0.0281611364 -0.0133193573
      vertex 0.0212803502 0.0292312894 -0.0121081192
      vertex 0.0212803427 0.0286019593 -0.0135278618
    endloop
  endfacet
  facet normal 0.258755714 0.901217341 -0.347638935
    outer loop
      vertex 0.0212803502 0.0292312894 -0.0121081192
      vertex 0.0212803576 0.0297901966 -0.0106592057
      vertex 0.0231003519 0.0293310173 -0.0104949158
    endloop
  endfacet
  facet normal 0.258756459 0.901216745 -0.34763974
    outer loop
      vertex 0.0212803502 0.0292312894 -0.0121081192
      vertex 0.0231003519 0.0293310173 -0.0104949158
      vertex 0.0231003445 0.028780723 -0.0119214971
    endloop
  endfacet
  facet normal 0.707008839 0.659815431 -0.254523128
    outer loop
      vertex 0.0231003445 0.028780723 -0.0119214971
      vertex 0.0231003519 0.0293310173 -0.0104949158
      vertex 0.0244326685 0.02807655 -0.0100460658
    endloop
  endfacet
  facet normal 0.707008183 0.659816563 -0.254522234
    outer loop
      vertex 0.0231003445 0.028780723 -0.0119214971
      vertex 0.0244326685 0.02807655 -0.0100460658
      vertex 0.0244326629 0.0275497921 -0.0114116343
    endloop
  endfacet
  facet normal 0.965909123 0.241533294 -0.0931736305
    outer loop
      vertex 0.0244326629 0.0275497921 -0.0114116343
      vertex 0.0244326685 0.02807655 -0.0100460658
      vertex 0.0249203164 0.0263629351 -0.00943292584
    endloop
  endfacet
  facet normal 0.965909362 0.241531685 -0.093174696
    outer loop
      vertex 0.0244326629 0.0275497921 -0.0114116343
      vertex 0.0249203164 0.0263629351 -0.00943292584
      vertex 0.024920309 0.0258683264 -0.0107151503
    endloop
  endfacet
  facet normal 0.965903401 -0.241556346 0.0931729674
    outer loop
      vertex 0.024920309 0.0258683264 -0.0107151503
      vertex 0.0249203164 0.0263629351 -0.00943292584
      vertex 0.0244326275 0.0246493295 -0.0088197859
    endloop
  endfacet
  facet normal 0.965903521 -0.241555169 0.0931737795
    outer loop
      vertex 0.024920309 0.0258683264 -0.0107151503
      vertex 0.0244326275 0.0246493295 -0.0088197859
      vertex 0.0244326219 0.0241868701 -0.0100186644
    endloop
  endfacet
  facet normal 0.706992745 -0.659832776 0.254522771
    outer loop
      vertex 0.0244326219 0.0241868701 -0.0100186644
      vertex 0.0244326275 0.0246493295 -0.0088197859
      vertex 0.0231002811 0.0233948957 -0.00837093499
    endloop
  endfacet
  facet normal 0.706992388 -0.65983355 0.254522085
    outer loop
      vertex 0.0244326219 0.0241868701 -0.0100186644
      vertex 0.0231002811 0.0233948957 -0.00837093499
      vertex 0.0231002755 0.0229559727 -0.00950880162
    endloop
  endfacet
  facet normal 0.258734405 -0.90122354 0.347638547
    outer loop
      vertex 0.0231002755 0.0229559727 -0.00950880162
      vertex 0.0231002811 0.0233948957 -0.00837093499
      vertex 0.0212802757 0.0229357593 -0.00820664503
    endloop
  endfacet
  facet normal 0.258735001 -0.901223183 0.347639352
    outer loop
      vertex 0.0231002755 0.0229559727 -0.00950880162
      vertex 0.0212802757 0.0229357593 -0.00820664503
      vertex 0.0212802701 0.0225054491 -0.00932218041
    endloop
  endfacet
  facet normal -0.258755445 -0.901217163 0.34763968
    outer loop
      vertex 0.0212802701 0.0225054491 -0.00932218041
      vertex 0.0212802757 0.0229357593 -0.00820664503
      vertex 0.0194602795 0.0233949386 -0.00837093499
    endloop
  endfacet
  facet normal -0.25875628 -0.901217341 0.347638279
    outer loop
      vertex 0.0212802701 0.0225054491 -0.00932218041
      vertex 0.0194602795 0.0233949386 -0.00837093499
      vertex 0.0194602758 0.0229560155 -0.00950880162
    endloop
  endfacet
  facet normal -0.707008839 -0.659816206 0.254521161
    outer loop
      vertex 0.0194602758 0.0229560155 -0.00950880162
      vertex 0.0194602795 0.0233949386 -0.00837093499
      vertex 0.0181279629 0.0246494059 -0.00881978497
    endloop
  endfacet
  facet normal -0.707008183 -0.659816325 0.25452286
    outer loop
      vertex 0.0194602758 0.0229560155 -0.00950880162
      vertex 0.0181279629 0.0246494059 -0.00881978497
      vertex 0.0181279574 0.0241869465 -0.0100186644
    endloop
  endfacet
  facet normal -0.965909064 -0.241532877 0.0931741297
    outer loop
      vertex 0.0181279574 0.0241869465 -0.0100186644
      vertex 0.0181279629 0.0246494059 -0.00881978497
      vertex 0.017640315 0.0263630226 -0.00943292491
    endloop
  endfacet
  facet normal -0.965909243 -0.241532817 0.0931737274
    outer loop
      vertex 0.0181279574 0.0241869465 -0.0100186644
      vertex 0.017640315 0.0263630226 -0.00943292491
      vertex 0.0176403094 0.025868414 -0.0107151493
    endloop
  endfacet
  facet normal -0.965903282 0.241556063 -0.0931742638
    outer loop
      vertex 0.0176403094 0.025868414 -0.0107151493
      vertex 0.017640315 0.0263630226 -0.00943292491
      vertex 0.0181280039 0.0280766264 -0.0100460658
    endloop
  endfacet
  facet normal -0.965903282 0.241556168 -0.093174614
    outer loop
      vertex 0.0176403094 0.025868414 -0.0107151493
      vertex 0.0181280039 0.0280766264 -0.0100460658
      vertex 0.0181279983 0.0275498684 -0.0114116333
    endloop
  endfacet
  facet normal -0.706992269 0.659833312 -0.254523069
    outer loop
      vertex 0.0181279983 0.0275498684 -0.0114116333
      vertex 0.0181280039 0.0280766264 -0.0100460658
      vertex 0.0194603521 0.0293310601 -0.0104949158
    endloop
  endfacet
  facet normal -0.706992447 0.659833193 -0.254522622
    outer loop
      vertex 0.0181279983 0.0275498684 -0.0114116333
      vertex 0.0194603521 0.0293310601 -0.0104949158
      vertex 0.0194603447 0.0287807658 -0.0119214971
    endloop
  endfacet
  facet normal -0.258734435 0.901223123 -0.347639501
    outer loop
      vertex 0.0194603447 0.0287807658 -0.0119214971
      vertex 0.0194603521 0.0293310601 -0.0104949158
      vertex 0.0212803576 0.0297901966 -0.0106592057
    endloop
  endfacet
  facet normal -0.25873515 0.901223361 -0.347638637
    outer loop
      vertex 0.0194603447 0.0287807658 -0.0119214971
      vertex 0.0212803576 0.0297901966 -0.0106592057
      vertex 0.0212803502 0.0292312894 -0.0121081192
    endloop
  endfacet
  facet normal 0.258756876 0.917188942 -0.30300048
    outer loop
      vertex 0.0212803576 0.0297901966 -0.0106592057
      vertex 0.0212803632 0.0302773379 -0.00918461382
      vertex 0.0231003575 0.0298106484 -0.00904305093
    endloop
  endfacet
  facet normal 0.258755893 0.917189658 -0.302999407
    outer loop
      vertex 0.0212803576 0.0297901966 -0.0106592057
      vertex 0.0231003575 0.0298106484 -0.00904305093
      vertex 0.0231003519 0.0293310173 -0.0104949158
    endloop
  endfacet
  facet normal 0.707009017 0.671509922 -0.221839502
    outer loop
      vertex 0.0231003519 0.0293310173 -0.0104949158
      vertex 0.0231003575 0.0298106484 -0.00904305093
      vertex 0.0244326741 0.0285356678 -0.00865629502
    endloop
  endfacet
  facet normal 0.707009017 0.671509802 -0.221839502
    outer loop
      vertex 0.0231003519 0.0293310173 -0.0104949158
      vertex 0.0244326741 0.0285356678 -0.00865629502
      vertex 0.0244326685 0.02807655 -0.0100460658
    endloop
  endfacet
  facet normal 0.965909123 0.245814174 -0.0812098458
    outer loop
      vertex 0.0244326685 0.02807655 -0.0100460658
      vertex 0.0244326741 0.0285356678 -0.00865629502
      vertex 0.024920322 0.0267940313 -0.00812797714
    endloop
  endfacet
  facet normal 0.965909064 0.245813981 -0.0812099949
    outer loop
      vertex 0.0244326685 0.02807655 -0.0100460658
      vertex 0.024920322 0.0267940313 -0.00812797714
      vertex 0.0249203164 0.0263629351 -0.00943292584
    endloop
  endfacet
  facet normal 0.965903282 -0.245837003 0.0812093168
    outer loop
      vertex 0.0249203164 0.0263629351 -0.00943292584
      vertex 0.024920322 0.0267940313 -0.00812797714
      vertex 0.0244326331 0.0250524059 -0.00759965833
    endloop
  endfacet
  facet normal 0.965903342 -0.245837003 0.081209287
    outer loop
      vertex 0.0249203164 0.0263629351 -0.00943292584
      vertex 0.0244326331 0.0250524059 -0.00759965833
      vertex 0.0244326275 0.0246493295 -0.0088197859
    endloop
  endfacet
  facet normal 0.706992269 -0.671527445 0.22183983
    outer loop
      vertex 0.0244326275 0.0246493295 -0.0088197859
      vertex 0.0244326331 0.0250524059 -0.00759965833
      vertex 0.0231002849 0.0237774588 -0.00721290195
    endloop
  endfacet
  facet normal 0.706992745 -0.67152673 0.221840575
    outer loop
      vertex 0.0244326275 0.0246493295 -0.0088197859
      vertex 0.0231002849 0.0237774588 -0.00721290195
      vertex 0.0231002811 0.0233948957 -0.00837093499
    endloop
  endfacet
  facet normal 0.258734345 -0.917195439 0.303000122
    outer loop
      vertex 0.0231002811 0.0233948957 -0.00837093499
      vertex 0.0231002849 0.0237774588 -0.00721290195
      vertex 0.0212802794 0.0233108141 -0.00707133953
    endloop
  endfacet
  facet normal 0.258734256 -0.917195559 0.303000033
    outer loop
      vertex 0.0231002811 0.0233948957 -0.00837093499
      vertex 0.0212802794 0.0233108141 -0.00707133953
      vertex 0.0212802757 0.0229357593 -0.00820664503
    endloop
  endfacet
  facet normal -0.258755863 -0.917189419 0.302999735
    outer loop
      vertex 0.0212802757 0.0229357593 -0.00820664503
      vertex 0.0212802794 0.0233108141 -0.00707133953
      vertex 0.0194602851 0.0237775017 -0.00721290149
    endloop
  endfacet
  facet normal -0.258755624 -0.917189419 0.303000093
    outer loop
      vertex 0.0212802757 0.0229357593 -0.00820664503
      vertex 0.0194602851 0.0237775017 -0.00721290149
      vertex 0.0194602795 0.0233949386 -0.00837093499
    endloop
  endfacet
  facet normal -0.707009017 -0.671509445 0.221840471
    outer loop
      vertex 0.0194602795 0.0233949386 -0.00837093499
      vertex 0.0194602851 0.0237775017 -0.00721290149
      vertex 0.0181279685 0.0250524823 -0.00759965833
    endloop
  endfacet
  facet normal -0.707009017 -0.671509445 0.221840575
    outer loop
      vertex 0.0194602795 0.0233949386 -0.00837093499
      vertex 0.0181279685 0.0250524823 -0.00759965833
      vertex 0.0181279629 0.0246494059 -0.00881978497
    endloop
  endfacet
  facet normal -0.965909064 -0.245813936 0.0812105909
    outer loop
      vertex 0.0181279629 0.0246494059 -0.00881978497
      vertex 0.0181279685 0.0250524823 -0.00759965833
      vertex 0.0176403206 0.0267941188 -0.00812797621
    endloop
  endfacet
  facet normal -0.965909183 -0.245813757 0.0812099203
    outer loop
      vertex 0.0181279629 0.0246494059 -0.00881978497
      vertex 0.0176403206 0.0267941188 -0.00812797621
      vertex 0.017640315 0.0263630226 -0.00943292491
    endloop
  endfacet
  facet normal -0.965903282 0.245837003 -0.0812093168
    outer loop
      vertex 0.017640315 0.0263630226 -0.00943292491
      vertex 0.0176403206 0.0267941188 -0.00812797621
      vertex 0.0181280095 0.0285357442 -0.00865629502
    endloop
  endfacet
  facet normal -0.965903223 0.245837092 -0.0812096596
    outer loop
      vertex 0.017640315 0.0263630226 -0.00943292491
      vertex 0.0181280095 0.0285357442 -0.00865629502
      vertex 0.0181280039 0.0280766264 -0.0100460658
    endloop
  endfacet
  facet normal -0.706992209 0.671527505 -0.221839666
    outer loop
      vertex 0.0181280039 0.0280766264 -0.0100460658
      vertex 0.0181280095 0.0285357442 -0.00865629502
      vertex 0.0194603577 0.0298106913 -0.00904305093
    endloop
  endfacet
  facet normal -0.70699209 0.671527565 -0.22183989
    outer loop
      vertex 0.0181280039 0.0280766264 -0.0100460658
      vertex 0.0194603577 0.0298106913 -0.00904305093
      vertex 0.0194603521 0.0293310601 -0.0104949158
    endloop
  endfacet
  facet normal -0.258735269 0.91719538 -0.302999318
    outer loop
      vertex 0.0194603521 0.0293310601 -0.0104949158
      vertex 0.0194603577 0.0298106913 -0.00904305093
      vertex 0.0212803632 0.0302773379 -0.00918461382
    endloop
  endfacet
  facet normal -0.258734256 0.917195261 -0.303000599
    outer loop
      vertex 0.0194603521 0.0293310601 -0.0104949158
      vertex 0.0212803632 0.0302773379 -0.00918461382
      vertex 0.0212803576 0.0297901966 -0.0106592057
    endloop
  endfacet
  facet normal 0.258757263 0.930951953 -0.25763008
    outer loop
      vertex 0.0212803632 0.0302773379 -0.00918461382
      vertex 0.0212803669 0.0306915361 -0.00768789556
      vertex 0.0231003631 0.0302184615 -0.00756940199
    endloop
  endfacet
  facet normal 0.258757025 0.930952072 -0.257629812
    outer loop
      vertex 0.0212803632 0.0302773379 -0.00918461382
      vertex 0.0231003631 0.0302184615 -0.00756940199
      vertex 0.0231003575 0.0298106484 -0.00904305093
    endloop
  endfacet
  facet normal 0.70700866 0.681586504 -0.188622847
    outer loop
      vertex 0.0231003575 0.0298106484 -0.00904305093
      vertex 0.0231003631 0.0302184615 -0.00756940199
      vertex 0.0244326796 0.028926041 -0.00724567147
    endloop
  endfacet
  facet normal 0.707009196 0.681585789 -0.188623503
    outer loop
      vertex 0.0231003575 0.0298106484 -0.00904305093
      vertex 0.0244326796 0.028926041 -0.00724567147
      vertex 0.0244326741 0.0285356678 -0.00865629502
    endloop
  endfacet
  facet normal 0.965909362 0.249501735 -0.0690504462
    outer loop
      vertex 0.0244326741 0.0285356678 -0.00865629502
      vertex 0.0244326796 0.028926041 -0.00724567147
      vertex 0.0249203257 0.0271605775 -0.00680344785
    endloop
  endfacet
  facet normal 0.965909123 0.249503002 -0.0690494105
    outer loop
      vertex 0.0244326741 0.0285356678 -0.00865629502
      vertex 0.0249203257 0.0271605775 -0.00680344785
      vertex 0.024920322 0.0267940313 -0.00812797714
    endloop
  endfacet
  facet normal 0.965903223 -0.249525353 0.0690501705
    outer loop
      vertex 0.024920322 0.0267940313 -0.00812797714
      vertex 0.0249203257 0.0271605775 -0.00680344785
      vertex 0.0244326368 0.025395127 -0.00636122329
    endloop
  endfacet
  facet normal 0.965903282 -0.249525458 0.069050096
    outer loop
      vertex 0.024920322 0.0267940313 -0.00812797714
      vertex 0.0244326368 0.025395127 -0.00636122329
      vertex 0.0244326331 0.0250524059 -0.00759965833
    endloop
  endfacet
  facet normal 0.706992269 -0.681603611 0.188622981
    outer loop
      vertex 0.0244326331 0.0250524059 -0.00759965833
      vertex 0.0244326368 0.025395127 -0.00636122329
      vertex 0.0231002886 0.0241027381 -0.00603749277
    endloop
  endfacet
  facet normal 0.706992149 -0.68160367 0.188622802
    outer loop
      vertex 0.0244326331 0.0250524059 -0.00759965833
      vertex 0.0231002886 0.0241027381 -0.00603749277
      vertex 0.0231002849 0.0237774588 -0.00721290195
    endloop
  endfacet
  facet normal 0.258733749 -0.930958509 0.257629901
    outer loop
      vertex 0.0231002849 0.0237774588 -0.00721290195
      vertex 0.0231002886 0.0241027381 -0.00603749277
      vertex 0.0212802831 0.0236297101 -0.00591899967
    endloop
  endfacet
  facet normal 0.258734167 -0.930958152 0.257630497
    outer loop
      vertex 0.0231002849 0.0237774588 -0.00721290195
      vertex 0.0212802831 0.0236297101 -0.00591899967
      vertex 0.0212802794 0.0233108141 -0.00707133953
    endloop
  endfacet
  facet normal -0.258755624 -0.930952311 0.257630527
    outer loop
      vertex 0.0212802794 0.0233108141 -0.00707133953
      vertex 0.0212802831 0.0236297101 -0.00591899967
      vertex 0.0194602888 0.024102781 -0.00603749231
    endloop
  endfacet
  facet normal -0.258756012 -0.930952251 0.257629842
    outer loop
      vertex 0.0212802794 0.0233108141 -0.00707133953
      vertex 0.0194602888 0.024102781 -0.00603749231
      vertex 0.0194602851 0.0237775017 -0.00721290149
    endloop
  endfacet
  facet normal -0.707009137 -0.681586087 0.188622385
    outer loop
      vertex 0.0194602851 0.0237775017 -0.00721290149
      vertex 0.0194602888 0.024102781 -0.00603749231
      vertex 0.0181279723 0.0253952034 -0.00636122329
    endloop
  endfacet
  facet normal -0.707009196 -0.681586027 0.18862237
    outer loop
      vertex 0.0194602851 0.0237775017 -0.00721290149
      vertex 0.0181279723 0.0253952034 -0.00636122329
      vertex 0.0181279685 0.0250524823 -0.00759965833
    endloop
  endfacet
  facet normal -0.965909362 -0.249502227 0.0690494701
    outer loop
      vertex 0.0181279685 0.0250524823 -0.00759965833
      vertex 0.0181279723 0.0253952034 -0.00636122329
      vertex 0.0176403262 0.027160665 -0.00680344738
    endloop
  endfacet
  facet normal -0.965909183 -0.249502659 0.069050692
    outer loop
      vertex 0.0181279685 0.0250524823 -0.00759965833
      vertex 0.0176403262 0.027160665 -0.00680344738
      vertex 0.0176403206 0.0267941188 -0.00812797621
    endloop
  endfacet
  facet normal -0.965903401 0.249525473 -0.0690488741
    outer loop
      vertex 0.0176403206 0.0267941188 -0.00812797621
      vertex 0.0176403262 0.027160665 -0.00680344738
      vertex 0.0181280151 0.0289261173 -0.007245671
    endloop
  endfacet
  facet normal -0.965903223 0.249525651 -0.0690493882
    outer loop
      vertex 0.0176403206 0.0267941188 -0.00812797621
      vertex 0.0181280151 0.0289261173 -0.007245671
      vertex 0.0181280095 0.0285357442 -0.00865629502
    endloop
  endfacet
  facet normal -0.706992209 0.681603491 -0.188622743
    outer loop
      vertex 0.0181280095 0.0285357442 -0.00865629502
      vertex 0.0181280151 0.0289261173 -0.007245671
      vertex 0.0194603615 0.0302185044 -0.00756940199
    endloop
  endfacet
  facet normal -0.706992149 0.681603611 -0.188623071
    outer loop
      vertex 0.0181280095 0.0285357442 -0.00865629502
      vertex 0.0194603615 0.0302185044 -0.00756940199
      vertex 0.0194603577 0.0298106913 -0.00904305093
    endloop
  endfacet
  facet normal -0.258735627 0.930958033 -0.257629812
    outer loop
      vertex 0.0194603577 0.0298106913 -0.00904305093
      vertex 0.0194603615 0.0302185044 -0.00756940199
      vertex 0.0212803669 0.0306915361 -0.00768789556
    endloop
  endfacet
  facet normal -0.25873509 0.930957973 -0.257630467
    outer loop
      vertex 0.0194603577 0.0298106913 -0.00904305093
      vertex 0.0212803669 0.0306915361 -0.00768789556
      vertex 0.0212803632 0.0302773379 -0.00918461382
    endloop
  endfacet
  facet normal 0.258757114 0.942471921 -0.211640224
    outer loop
      vertex 0.0212803669 0.0306915361 -0.00768789556
      vertex 0.0212803725 0.0310317948 -0.00617265562
      vertex 0.0231003668 0.0305534769 -0.00607751682
    endloop
  endfacet
  facet normal 0.258757412 0.942471683 -0.211640581
    outer loop
      vertex 0.0212803669 0.0306915361 -0.00768789556
      vertex 0.0231003668 0.0305534769 -0.00607751682
      vertex 0.0231003631 0.0302184615 -0.00756940199
    endloop
  endfacet
  facet normal 0.707009077 0.690020382 -0.154951632
    outer loop
      vertex 0.0231003631 0.0302184615 -0.00756940199
      vertex 0.0231003668 0.0305534769 -0.00607751682
      vertex 0.0244326834 0.029246727 -0.00581759168
    endloop
  endfacet
  facet normal 0.707008779 0.6900208 -0.1549512
    outer loop
      vertex 0.0231003631 0.0302184615 -0.00756940199
      vertex 0.0244326834 0.029246727 -0.00581759168
      vertex 0.0244326796 0.028926041 -0.00724567147
    endloop
  endfacet
  facet normal 0.965909362 0.252589524 -0.0567233972
    outer loop
      vertex 0.0244326796 0.028926041 -0.00724567147
      vertex 0.0244326834 0.029246727 -0.00581759168
      vertex 0.0249203295 0.0274616908 -0.00546252728
    endloop
  endfacet
  facet normal 0.965909362 0.252589464 -0.0567234606
    outer loop
      vertex 0.0244326796 0.028926041 -0.00724567147
      vertex 0.0249203295 0.0274616908 -0.00546252728
      vertex 0.0249203257 0.0271605775 -0.00680344785
    endloop
  endfacet
  facet normal 0.965903282 -0.252612889 0.0567233562
    outer loop
      vertex 0.0249203257 0.0271605775 -0.00680344785
      vertex 0.0249203295 0.0274616908 -0.00546252728
      vertex 0.0244326405 0.0256766677 -0.00510746287
    endloop
  endfacet
  facet normal 0.965903282 -0.252613097 0.0567231849
    outer loop
      vertex 0.0249203257 0.0271605775 -0.00680344785
      vertex 0.0244326405 0.0256766677 -0.00510746287
      vertex 0.0244326368 0.025395127 -0.00636122329
    endloop
  endfacet
  facet normal 0.70699203 -0.690038085 0.154950783
    outer loop
      vertex 0.0244326368 0.025395127 -0.00636122329
      vertex 0.0244326405 0.0256766677 -0.00510746287
      vertex 0.0231002923 0.0243699513 -0.00484753773
    endloop
  endfacet
  facet normal 0.70699209 -0.690037906 0.154950902
    outer loop
      vertex 0.0244326368 0.025395127 -0.00636122329
      vertex 0.0231002923 0.0243699513 -0.00484753773
      vertex 0.0231002886 0.0241027381 -0.00603749277
    endloop
  endfacet
  facet normal 0.258734018 -0.942478299 0.211639673
    outer loop
      vertex 0.0231002886 0.0241027381 -0.00603749277
      vertex 0.0231002923 0.0243699513 -0.00484753773
      vertex 0.0212802868 0.0238916781 -0.00475239893
    endloop
  endfacet
  facet normal 0.2587336 -0.942478597 0.211639062
    outer loop
      vertex 0.0231002886 0.0241027381 -0.00603749277
      vertex 0.0212802868 0.0238916781 -0.00475239893
      vertex 0.0212802831 0.0236297101 -0.00591899967
    endloop
  endfacet
  facet normal -0.258756161 -0.942472339 0.21163927
    outer loop
      vertex 0.0212802831 0.0236297101 -0.00591899967
      vertex 0.0212802868 0.0238916781 -0.00475239893
      vertex 0.0194602925 0.0243699942 -0.00484753773
    endloop
  endfacet
  facet normal -0.258755714 -0.942472279 0.211639985
    outer loop
      vertex 0.0212802831 0.0236297101 -0.00591899967
      vertex 0.0194602925 0.0243699942 -0.00484753773
      vertex 0.0194602888 0.024102781 -0.00603749231
    endloop
  endfacet
  facet normal -0.707009077 -0.690020382 0.154951468
    outer loop
      vertex 0.0194602888 0.024102781 -0.00603749231
      vertex 0.0194602925 0.0243699942 -0.00484753773
      vertex 0.018127976 0.0256767441 -0.00510746287
    endloop
  endfacet
  facet normal -0.707009315 -0.690020382 0.154951036
    outer loop
      vertex 0.0194602888 0.024102781 -0.00603749231
      vertex 0.018127976 0.0256767441 -0.00510746287
      vertex 0.0181279723 0.0253952034 -0.00636122329
    endloop
  endfacet
  facet normal -0.965909302 -0.252589762 0.0567236729
    outer loop
      vertex 0.0181279723 0.0253952034 -0.00636122329
      vertex 0.018127976 0.0256767441 -0.00510746287
      vertex 0.0176403299 0.0274617784 -0.00546252681
    endloop
  endfacet
  facet normal -0.965909362 -0.252589703 0.0567235127
    outer loop
      vertex 0.0181279723 0.0253952034 -0.00636122329
      vertex 0.0176403299 0.0274617784 -0.00546252681
      vertex 0.0176403262 0.027160665 -0.00680344738
    endloop
  endfacet
  facet normal -0.965903401 0.25261268 -0.0567233115
    outer loop
      vertex 0.0176403262 0.027160665 -0.00680344738
      vertex 0.0176403299 0.0274617784 -0.00546252681
      vertex 0.0181280188 0.0292468034 -0.00581759121
    endloop
  endfacet
  facet normal -0.965903223 0.25261277 -0.0567235835
    outer loop
      vertex 0.0176403262 0.027160665 -0.00680344738
      vertex 0.0181280188 0.0292468034 -0.00581759121
      vertex 0.0181280151 0.0289261173 -0.007245671
    endloop
  endfacet
  facet normal -0.70699209 0.690037906 -0.154951349
    outer loop
      vertex 0.0181280151 0.0289261173 -0.007245671
      vertex 0.0181280188 0.0292468034 -0.00581759121
      vertex 0.019460367 0.0305535197 -0.00607751682
    endloop
  endfacet
  facet normal -0.706992149 0.690037847 -0.154951125
    outer loop
      vertex 0.0181280151 0.0289261173 -0.007245671
      vertex 0.019460367 0.0305535197 -0.00607751682
      vertex 0.0194603615 0.0302185044 -0.00756940199
    endloop
  endfacet
  facet normal -0.258734882 0.942477882 -0.211640358
    outer loop
      vertex 0.0194603615 0.0302185044 -0.00756940199
      vertex 0.019460367 0.0305535197 -0.00607751682
      vertex 0.0212803725 0.0310317948 -0.00617265562
    endloop
  endfacet
  facet normal -0.258735448 0.942477942 -0.211639643
    outer loop
      vertex 0.0194603615 0.0302185044 -0.00756940199
      vertex 0.0212803725 0.0310317948 -0.00617265562
      vertex 0.0212803669 0.0306915361 -0.00768789556
    endloop
  endfacet
  facet normal 0.258756369 0.951721787 -0.165138751
    outer loop
      vertex 0.0212803725 0.0310317948 -0.00617265562
      vertex 0.0212803744 0.0312972926 -0.00464254571
      vertex 0.0231003687 0.0308148842 -0.00457099034
    endloop
  endfacet
  facet normal 0.258757204 0.95172137 -0.165139765
    outer loop
      vertex 0.0212803725 0.0310317948 -0.00617265562
      vertex 0.0231003687 0.0308148842 -0.00457099034
      vertex 0.0231003668 0.0305534769 -0.00607751682
    endloop
  endfacet
  facet normal 0.707009017 0.696792543 -0.120905958
    outer loop
      vertex 0.0231003668 0.0305534769 -0.00607751682
      vertex 0.0231003687 0.0308148842 -0.00457099034
      vertex 0.0244326871 0.0294969529 -0.00437549688
    endloop
  endfacet
  facet normal 0.707009137 0.696792424 -0.120906159
    outer loop
      vertex 0.0231003668 0.0305534769 -0.00607751682
      vertex 0.0244326871 0.0294969529 -0.00437549688
      vertex 0.0244326834 0.029246727 -0.00581759168
    endloop
  endfacet
  facet normal 0.9659096 0.255067974 -0.0442607589
    outer loop
      vertex 0.0244326834 0.029246727 -0.00581759168
      vertex 0.0244326871 0.0294969529 -0.00437549688
      vertex 0.0249203313 0.0276966467 -0.00410844805
    endloop
  endfacet
  facet normal 0.965909481 0.25506869 -0.044260107
    outer loop
      vertex 0.0244326834 0.029246727 -0.00581759168
      vertex 0.0249203313 0.0276966467 -0.00410844805
      vertex 0.0249203295 0.0274616908 -0.00546252728
    endloop
  endfacet
  facet normal 0.965903223 -0.255091965 0.0442614965
    outer loop
      vertex 0.0249203295 0.0274616908 -0.00546252728
      vertex 0.0249203313 0.0276966467 -0.00410844805
      vertex 0.0244326424 0.0258963536 -0.00384139898
    endloop
  endfacet
  facet normal 0.965903282 -0.255091637 0.0442617834
    outer loop
      vertex 0.0249203295 0.0274616908 -0.00546252728
      vertex 0.0244326424 0.0258963536 -0.00384139898
      vertex 0.0244326405 0.0256766677 -0.00510746287
    endloop
  endfacet
  facet normal 0.706992388 -0.696809113 0.120908476
    outer loop
      vertex 0.0244326405 0.0256766677 -0.00510746287
      vertex 0.0244326424 0.0258963536 -0.00384139898
      vertex 0.0231002942 0.0245784558 -0.00364590529
    endloop
  endfacet
  facet normal 0.706991971 -0.696809649 0.120907694
    outer loop
      vertex 0.0244326405 0.0256766677 -0.00510746287
      vertex 0.0231002942 0.0245784558 -0.00364590529
      vertex 0.0231002923 0.0243699513 -0.00484753773
    endloop
  endfacet
  facet normal 0.258734912 -0.951727211 0.165141121
    outer loop
      vertex 0.0231002923 0.0243699513 -0.00484753773
      vertex 0.0231002942 0.0245784558 -0.00364590529
      vertex 0.0212802887 0.0240960885 -0.00357434945
    endloop
  endfacet
  facet normal 0.258733898 -0.951727748 0.165139556
    outer loop
      vertex 0.0231002923 0.0243699513 -0.00484753773
      vertex 0.0212802887 0.0240960885 -0.00357434945
      vertex 0.0212802868 0.0238916781 -0.00475239893
    endloop
  endfacet
  facet normal -0.258758187 -0.951721191 0.165139228
    outer loop
      vertex 0.0212802868 0.0238916781 -0.00475239893
      vertex 0.0212802887 0.0240960885 -0.00357434945
      vertex 0.0194602944 0.0245785005 -0.00364590506
    endloop
  endfacet
  facet normal -0.25875631 -0.951721191 0.165142313
    outer loop
      vertex 0.0212802868 0.0238916781 -0.00475239893
      vertex 0.0194602944 0.0245785005 -0.00364590506
      vertex 0.0194602925 0.0243699942 -0.00484753773
    endloop
  endfacet
  facet normal -0.707008481 -0.696792722 0.120908029
    outer loop
      vertex 0.0194602925 0.0243699942 -0.00484753773
      vertex 0.0194602944 0.0245785005 -0.00364590506
      vertex 0.0181279778 0.0258964282 -0.00384139852
    endloop
  endfacet
  facet normal -0.707009137 -0.696792364 0.120906547
    outer loop
      vertex 0.0194602925 0.0243699942 -0.00484753773
      vertex 0.0181279778 0.0258964282 -0.00384139852
      vertex 0.018127976 0.0256767441 -0.00510746287
    endloop
  endfacet
  facet normal -0.965909302 -0.255068958 0.0442603044
    outer loop
      vertex 0.018127976 0.0256767441 -0.00510746287
      vertex 0.0181279778 0.0258964282 -0.00384139852
      vertex 0.0176403318 0.0276967343 -0.00410844758
    endloop
  endfacet
  facet normal -0.965909302 -0.255068868 0.0442601182
    outer loop
      vertex 0.018127976 0.0256767441 -0.00510746287
      vertex 0.0176403318 0.0276967343 -0.00410844758
      vertex 0.0176403299 0.0274617784 -0.00546252681
    endloop
  endfacet
  facet normal -0.965903282 0.255091727 -0.0442614518
    outer loop
      vertex 0.0176403299 0.0274617784 -0.00546252681
      vertex 0.0176403318 0.0276967343 -0.00410844758
      vertex 0.0181280207 0.0294970293 -0.00437549641
    endloop
  endfacet
  facet normal -0.965903342 0.255091578 -0.0442611054
    outer loop
      vertex 0.0176403299 0.0274617784 -0.00546252681
      vertex 0.0181280207 0.0294970293 -0.00437549641
      vertex 0.0181280188 0.0292468034 -0.00581759121
    endloop
  endfacet
  facet normal -0.706992924 0.696808994 -0.120906278
    outer loop
      vertex 0.0181280188 0.0292468034 -0.00581759121
      vertex 0.0181280207 0.0294970293 -0.00437549641
      vertex 0.0194603689 0.0308149289 -0.00457099034
    endloop
  endfacet
  facet normal -0.70699203 0.69680959 -0.12090797
    outer loop
      vertex 0.0181280188 0.0292468034 -0.00581759121
      vertex 0.0194603689 0.0308149289 -0.00457099034
      vertex 0.019460367 0.0305535197 -0.00607751682
    endloop
  endfacet
  facet normal -0.258733034 0.951727629 -0.165141389
    outer loop
      vertex 0.019460367 0.0305535197 -0.00607751682
      vertex 0.0194603689 0.0308149289 -0.00457099034
      vertex 0.0212803744 0.0312972926 -0.00464254571
    endloop
  endfacet
  facet normal -0.258734792 0.951727509 -0.165139124
    outer loop
      vertex 0.019460367 0.0305535197 -0.00607751682
      vertex 0.0212803744 0.0312972926 -0.00464254571
      vertex 0.0212803725 0.0310317948 -0.00617265562
    endloop
  endfacet
  facet normal 0.258758217 0.95867759 -0.11824286
    outer loop
      vertex 0.0212803744 0.0312972926 -0.00464254571
      vertex 0.0212803781 0.0314873904 -0.00310128136
      vertex 0.0231003724 0.0310020484 -0.00305348146
    endloop
  endfacet
  facet normal 0.258756399 0.958678424 -0.118240632
    outer loop
      vertex 0.0212803744 0.0312972926 -0.00464254571
      vertex 0.0231003724 0.0310020484 -0.00305348146
      vertex 0.0231003687 0.0308148842 -0.00457099034
    endloop
  endfacet
  facet normal 0.707008362 0.701886654 -0.0865699425
    outer loop
      vertex 0.0231003687 0.0308148842 -0.00457099034
      vertex 0.0231003724 0.0310020484 -0.00305348146
      vertex 0.024432689 0.029676117 -0.00292288931
    endloop
  endfacet
  facet normal 0.707009137 0.7018857 -0.0865712464
    outer loop
      vertex 0.0231003687 0.0308148842 -0.00457099034
      vertex 0.024432689 0.029676117 -0.00292288931
      vertex 0.0244326871 0.0294969529 -0.00437549688
    endloop
  endfacet
  facet normal 0.965909421 0.256933153 -0.031691283
    outer loop
      vertex 0.0244326871 0.0294969529 -0.00437549688
      vertex 0.024432689 0.029676117 -0.00292288931
      vertex 0.024920335 0.0278648734 -0.00274449703
    endloop
  endfacet
  facet normal 0.9659096 0.256932348 -0.0316921026
    outer loop
      vertex 0.0244326871 0.0294969529 -0.00437549688
      vertex 0.024920335 0.0278648734 -0.00274449703
      vertex 0.0249203313 0.0276966467 -0.00410844805
    endloop
  endfacet
  facet normal 0.965902925 -0.256957501 0.0316899233
    outer loop
      vertex 0.0249203313 0.0276966467 -0.00410844805
      vertex 0.024920335 0.0278648734 -0.00274449703
      vertex 0.0244326442 0.0260536447 -0.00256610499
    endloop
  endfacet
  facet normal 0.965903223 -0.256956637 0.0316908769
    outer loop
      vertex 0.0249203313 0.0276966467 -0.00410844805
      vertex 0.0244326442 0.0260536447 -0.00256610499
      vertex 0.0244326424 0.0258963536 -0.00384139898
    endloop
  endfacet
  facet normal 0.706992626 -0.701902568 0.0865695924
    outer loop
      vertex 0.0244326424 0.0258963536 -0.00384139898
      vertex 0.0244326442 0.0260536447 -0.00256610499
      vertex 0.023100296 0.0247277413 -0.00243551238
    endloop
  endfacet
  facet normal 0.706992388 -0.701902926 0.0865690559
    outer loop
      vertex 0.0244326424 0.0258963536 -0.00384139898
      vertex 0.023100296 0.0247277413 -0.00243551238
      vertex 0.0231002942 0.0245784558 -0.00364590529
    endloop
  endfacet
  facet normal 0.258733928 -0.958684504 0.118240237
    outer loop
      vertex 0.0231002942 0.0245784558 -0.00364590529
      vertex 0.023100296 0.0247277413 -0.00243551238
      vertex 0.0212802906 0.0242424458 -0.00238771224
    endloop
  endfacet
  facet normal 0.258734822 -0.958684027 0.11824169
    outer loop
      vertex 0.0231002942 0.0245784558 -0.00364590529
      vertex 0.0212802906 0.0242424458 -0.00238771224
      vertex 0.0212802887 0.0240960885 -0.00357434945
    endloop
  endfacet
  facet normal -0.258757353 -0.958677948 0.118241735
    outer loop
      vertex 0.0212802887 0.0240960885 -0.00357434945
      vertex 0.0212802906 0.0242424458 -0.00238771224
      vertex 0.0194602963 0.024727786 -0.00243551214
    endloop
  endfacet
  facet normal -0.258758247 -0.958677888 0.118240207
    outer loop
      vertex 0.0212802887 0.0240960885 -0.00357434945
      vertex 0.0194602963 0.024727786 -0.00243551214
      vertex 0.0194602944 0.0245785005 -0.00364590506
    endloop
  endfacet
  facet normal -0.707008839 -0.701886296 0.0865691677
    outer loop
      vertex 0.0194602944 0.0245785005 -0.00364590506
      vertex 0.0194602963 0.024727786 -0.00243551214
      vertex 0.0181279797 0.0260537192 -0.00256610452
    endloop
  endfacet
  facet normal -0.7070086 -0.701886356 0.0865696594
    outer loop
      vertex 0.0194602944 0.0245785005 -0.00364590506
      vertex 0.0181279797 0.0260537192 -0.00256610452
      vertex 0.0181279778 0.0258964282 -0.00384139852
    endloop
  endfacet
  facet normal -0.965909362 -0.256933391 0.0316908322
    outer loop
      vertex 0.0181279778 0.0258964282 -0.00384139852
      vertex 0.0181279797 0.0260537192 -0.00256610452
      vertex 0.0176403336 0.027864961 -0.0027444968
    endloop
  endfacet
  facet normal -0.965909362 -0.256933451 0.0316909179
    outer loop
      vertex 0.0181279778 0.0258964282 -0.00384139852
      vertex 0.0176403336 0.027864961 -0.0027444968
      vertex 0.0176403318 0.0276967343 -0.00410844758
    endloop
  endfacet
  facet normal -0.965903342 0.25695619 -0.0316910855
    outer loop
      vertex 0.0176403318 0.0276967343 -0.00410844758
      vertex 0.0176403336 0.027864961 -0.0027444968
      vertex 0.0181280226 0.0296761915 -0.00292288908
    endloop
  endfacet
  facet normal -0.965903282 0.256956309 -0.0316913389
    outer loop
      vertex 0.0176403318 0.0276967343 -0.00410844758
      vertex 0.0181280226 0.0296761915 -0.00292288908
      vertex 0.0181280207 0.0294970293 -0.00437549641
    endloop
  endfacet
  facet normal -0.706991613 0.701903403 -0.0865707248
    outer loop
      vertex 0.0181280207 0.0294970293 -0.00437549641
      vertex 0.0181280226 0.0296761915 -0.00292288908
      vertex 0.0194603726 0.0310020931 -0.00305348146
    endloop
  endfacet
  facet normal -0.706992805 0.701902449 -0.0865684375
    outer loop
      vertex 0.0181280207 0.0294970293 -0.00437549641
      vertex 0.0194603726 0.0310020931 -0.00305348146
      vertex 0.0194603689 0.0308149289 -0.00457099034
    endloop
  endfacet
  facet normal -0.258734792 0.958684325 -0.118240103
    outer loop
      vertex 0.0194603689 0.0308149289 -0.00457099034
      vertex 0.0194603726 0.0310020931 -0.00305348146
      vertex 0.0212803781 0.0314873904 -0.00310128136
    endloop
  endfacet
  facet normal -0.258732945 0.958684444 -0.118242465
    outer loop
      vertex 0.0194603689 0.0308149289 -0.00457099034
      vertex 0.0212803781 0.0314873904 -0.00310128136
      vertex 0.0212803744 0.0312972926 -0.00464254571
    endloop
  endfacet
  facet normal 0.258757055 0.963325202 -0.0710589364
    outer loop
      vertex 0.0212803781 0.0314873904 -0.00310128136
      vertex 0.0212803781 0.0316016339 -0.00155251601
      vertex 0.0231003724 0.0311145335 -0.00152858731
    endloop
  endfacet
  facet normal 0.258758307 0.963324785 -0.0710604861
    outer loop
      vertex 0.0212803781 0.0314873904 -0.00310128136
      vertex 0.0231003724 0.0311145335 -0.00152858731
      vertex 0.0231003724 0.0310020484 -0.00305348146
    endloop
  endfacet
  facet normal 0.707008421 0.705288768 -0.0520262346
    outer loop
      vertex 0.0231003724 0.0310020484 -0.00305348146
      vertex 0.0231003724 0.0311145335 -0.00152858731
      vertex 0.024432689 0.0297837909 -0.00146321219
    endloop
  endfacet
  facet normal 0.707008362 0.705289006 -0.0520260446
    outer loop
      vertex 0.0231003724 0.0310020484 -0.00305348146
      vertex 0.024432689 0.0297837909 -0.00146321219
      vertex 0.024432689 0.029676117 -0.00292288931
    endloop
  endfacet
  facet normal 0.965909421 0.258178741 -0.0190447047
    outer loop
      vertex 0.024432689 0.029676117 -0.00292288931
      vertex 0.024432689 0.0297837909 -0.00146321219
      vertex 0.024920335 0.0279659759 -0.00137390813
    endloop
  endfacet
  facet normal 0.965909481 0.258178711 -0.0190447401
    outer loop
      vertex 0.024432689 0.029676117 -0.00292288931
      vertex 0.024920335 0.0279659759 -0.00137390813
      vertex 0.024920335 0.0278648734 -0.00274449703
    endloop
  endfacet
  facet normal 0.965903282 -0.258201867 0.0190464556
    outer loop
      vertex 0.024920335 0.0278648734 -0.00274449703
      vertex 0.024920335 0.0279659759 -0.00137390813
      vertex 0.0244326461 0.0261481758 -0.00128460408
    endloop
  endfacet
  facet normal 0.965902925 -0.258202881 0.0190451778
    outer loop
      vertex 0.024920335 0.0278648734 -0.00274449703
      vertex 0.0244326461 0.0261481758 -0.00128460408
      vertex 0.0244326442 0.0260536447 -0.00256610499
    endloop
  endfacet
  facet normal 0.706992626 -0.705304563 0.0520264208
    outer loop
      vertex 0.0244326442 0.0260536447 -0.00256610499
      vertex 0.0244326461 0.0261481758 -0.00128460408
      vertex 0.0231002979 0.0248174611 -0.00121922896
    endloop
  endfacet
  facet normal 0.706992567 -0.705304742 0.0520261638
    outer loop
      vertex 0.0244326442 0.0260536447 -0.00256610499
      vertex 0.0231002979 0.0248174611 -0.00121922896
      vertex 0.023100296 0.0247277413 -0.00243551238
    endloop
  endfacet
  facet normal 0.258733511 -0.963331461 0.0710603371
    outer loop
      vertex 0.023100296 0.0247277413 -0.00243551238
      vertex 0.0231002979 0.0248174611 -0.00121922896
      vertex 0.0212802924 0.0243304055 -0.00119530002
    endloop
  endfacet
  facet normal 0.258733809 -0.963331282 0.0710608512
    outer loop
      vertex 0.023100296 0.0247277413 -0.00243551238
      vertex 0.0212802924 0.0243304055 -0.00119530002
      vertex 0.0212802906 0.0242424458 -0.00238771224
    endloop
  endfacet
  facet normal -0.258757025 -0.963325083 0.0710612088
    outer loop
      vertex 0.0212802906 0.0242424458 -0.00238771224
      vertex 0.0212802924 0.0243304055 -0.00119530002
      vertex 0.0194602981 0.0248175059 -0.00121922872
    endloop
  endfacet
  facet normal -0.258757383 -0.963324904 0.0710606426
    outer loop
      vertex 0.0212802906 0.0242424458 -0.00238771224
      vertex 0.0194602981 0.0248175059 -0.00121922872
      vertex 0.0194602963 0.024727786 -0.00243551214
    endloop
  endfacet
  facet normal -0.707008898 -0.705288231 0.0520270988
    outer loop
      vertex 0.0194602963 0.024727786 -0.00243551214
      vertex 0.0194602981 0.0248175059 -0.00121922872
      vertex 0.0181279816 0.0261482503 -0.00128460384
    endloop
  endfacet
  facet normal -0.707008839 -0.705288351 0.0520272925
    outer loop
      vertex 0.0194602963 0.024727786 -0.00243551214
      vertex 0.0181279816 0.0261482503 -0.00128460384
      vertex 0.0181279797 0.0260537192 -0.00256610452
    endloop
  endfacet
  facet normal -0.965909421 -0.25817892 0.0190462135
    outer loop
      vertex 0.0181279797 0.0260537192 -0.00256610452
      vertex 0.0181279816 0.0261482503 -0.00128460384
      vertex 0.0176403355 0.0279660635 -0.00137390778
    endloop
  endfacet
  facet normal -0.965909362 -0.25817886 0.0190460738
    outer loop
      vertex 0.0181279797 0.0260537192 -0.00256610452
      vertex 0.0176403355 0.0279660635 -0.00137390778
      vertex 0.0176403336 0.027864961 -0.0027444968
    endloop
  endfacet
  facet normal -0.965903342 0.258201689 -0.0190451276
    outer loop
      vertex 0.0176403336 0.027864961 -0.0027444968
      vertex 0.0176403355 0.0279660635 -0.00137390778
      vertex 0.0181280244 0.0297838654 -0.00146321196
    endloop
  endfacet
  facet normal -0.965903223 0.258201718 -0.0190451741
    outer loop
      vertex 0.0176403336 0.027864961 -0.0027444968
      vertex 0.0181280244 0.0297838654 -0.00146321196
      vertex 0.0181280226 0.0296761915 -0.00292288908
    endloop
  endfacet
  facet normal -0.706992149 0.705305159 -0.0520263352
    outer loop
      vertex 0.0181280226 0.0296761915 -0.00292288908
      vertex 0.0181280244 0.0297838654 -0.00146321196
      vertex 0.0194603726 0.0311145782 -0.00152858708
    endloop
  endfacet
  facet normal -0.706991553 0.705305636 -0.0520274825
    outer loop
      vertex 0.0181280226 0.0296761915 -0.00292288908
      vertex 0.0194603726 0.0311145782 -0.00152858708
      vertex 0.0194603726 0.0310020931 -0.00305348146
    endloop
  endfacet
  facet normal -0.258733511 0.963331342 -0.0710609704
    outer loop
      vertex 0.0194603726 0.0310020931 -0.00305348146
      vertex 0.0194603726 0.0311145782 -0.00152858708
      vertex 0.0212803781 0.0316016339 -0.00155251601
    endloop
  endfacet
  facet normal -0.258734733 0.963331103 -0.0710593835
    outer loop
      vertex 0.0194603726 0.0310020931 -0.00305348146
      vertex 0.0212803781 0.0316016339 -0.00155251601
      vertex 0.0212803781 0.0314873904 -0.00310128136
    endloop
  endfacet
  facet normal 0.258757651 0.965651393 -0.0237065833
    outer loop
      vertex 0.0212803781 0.0316016339 -0.00155251601
      vertex 0.02128038 0.0316397473 -2.82883095e-09
      vertex 0.0231003743 0.0311520584 -2.86478508e-09
    endloop
  endfacet
  facet normal 0.258757114 0.965651453 -0.0237058718
    outer loop
      vertex 0.0212803781 0.0316016339 -0.00155251601
      vertex 0.0231003743 0.0311520584 -2.86478508e-09
      vertex 0.0231003724 0.0311145335 -0.00152858731
    endloop
  endfacet
  facet normal 0.707008719 0.706991911 -0.017356636
    outer loop
      vertex 0.0231003724 0.0311145335 -0.00152858731
      vertex 0.0231003743 0.0311520584 -2.86478508e-09
      vertex 0.0244326908 0.0298197102 -2.80390333e-09
    endloop
  endfacet
  facet normal 0.707008541 0.70699203 -0.0173563268
    outer loop
      vertex 0.0231003724 0.0311145335 -0.00152858731
      vertex 0.0244326908 0.0298197102 -2.80390333e-09
      vertex 0.024432689 0.0297837909 -0.00146321219
    endloop
  endfacet
  facet normal 0.965909541 0.25880152 -0.00635435805
    outer loop
      vertex 0.024432689 0.0297837909 -0.00146321219
      vertex 0.0244326908 0.0298197102 -2.80390333e-09
      vertex 0.024920335 0.0279997047 -2.66249955e-09
    endloop
  endfacet
  facet normal 0.965909421 0.258802205 -0.00635347888
    outer loop
      vertex 0.024432689 0.0297837909 -0.00146321219
      vertex 0.024920335 0.0279997047 -2.66249955e-09
      vertex 0.024920335 0.0279659759 -0.00137390813
    endloop
  endfacet
  facet normal 0.965903282 -0.258825183 0.00635404466
    outer loop
      vertex 0.024920335 0.0279659759 -0.00137390813
      vertex 0.024920335 0.0279997047 -2.66249955e-09
      vertex 0.0244326461 0.0261797104 -2.47846277e-09
    endloop
  endfacet
  facet normal 0.965903223 -0.258825451 0.00635367399
    outer loop
      vertex 0.024920335 0.0279659759 -0.00137390813
      vertex 0.0244326461 0.0261797104 -2.47846277e-09
      vertex 0.0244326461 0.0261481758 -0.00128460408
    endloop
  endfacet
  facet normal 0.706992388 -0.707008183 0.0173557382
    outer loop
      vertex 0.0244326461 0.0261481758 -0.00128460408
      vertex 0.0244326461 0.0261797104 -2.47846277e-09
      vertex 0.0231002979 0.024847392 -2.30110508e-09
    endloop
  endfacet
  facet normal 0.706992686 -0.707007885 0.0173563994
    outer loop
      vertex 0.0244326461 0.0261481758 -0.00128460408
      vertex 0.0231002979 0.024847392 -2.30110508e-09
      vertex 0.0231002979 0.0248174611 -0.00121922896
    endloop
  endfacet
  facet normal 0.258734077 -0.965657711 0.0237059724
    outer loop
      vertex 0.0231002979 0.0248174611 -0.00121922896
      vertex 0.0231002979 0.024847392 -2.30110508e-09
      vertex 0.0212802924 0.0243597478 -2.1779496e-09
    endloop
  endfacet
  facet normal 0.258733481 -0.96565783 0.0237050205
    outer loop
      vertex 0.0231002979 0.0248174611 -0.00121922896
      vertex 0.0212802924 0.0243597478 -2.1779496e-09
      vertex 0.0212802924 0.0243304055 -0.00119530002
    endloop
  endfacet
  facet normal -0.258757681 -0.965651333 0.0237048734
    outer loop
      vertex 0.0212802924 0.0243304055 -0.00119530002
      vertex 0.0212802924 0.0243597478 -2.1779496e-09
      vertex 0.0194602981 0.0248474367 -2.14199547e-09
    endloop
  endfacet
  facet normal -0.258757114 -0.965651453 0.0237058159
    outer loop
      vertex 0.0212802924 0.0243304055 -0.00119530002
      vertex 0.0194602981 0.0248474367 -2.14199547e-09
      vertex 0.0194602981 0.0248175059 -0.00121922872
    endloop
  endfacet
  facet normal -0.707008719 -0.706991911 0.0173559729
    outer loop
      vertex 0.0194602981 0.0248175059 -0.00121922872
      vertex 0.0194602981 0.0248474367 -2.14199547e-09
      vertex 0.0181279816 0.0261797849 -2.20287699e-09
    endloop
  endfacet
  facet normal -0.707008958 -0.706991553 0.0173553545
    outer loop
      vertex 0.0194602981 0.0248175059 -0.00121922872
      vertex 0.0181279816 0.0261797849 -2.20287699e-09
      vertex 0.0181279816 0.0261482503 -0.00128460384
    endloop
  endfacet
  facet normal -0.965909302 -0.258802444 0.00635311892
    outer loop
      vertex 0.0181279816 0.0261482503 -0.00128460384
      vertex 0.0181279816 0.0261797849 -2.20287699e-09
      vertex 0.0176403355 0.0279997904 -2.34428077e-09
    endloop
  endfacet
  facet normal -0.965909302 -0.258802474 0.00635313382
    outer loop
      vertex 0.0181279816 0.0261482503 -0.00128460384
      vertex 0.0176403355 0.0279997904 -2.34428077e-09
      vertex 0.0176403355 0.0279660635 -0.00137390778
    endloop
  endfacet
  facet normal -0.965903282 0.258825183 -0.00635369401
    outer loop
      vertex 0.0176403355 0.0279660635 -0.00137390778
      vertex 0.0176403355 0.0279997904 -2.34428077e-09
      vertex 0.0181280244 0.0298197847 -2.52831756e-09
    endloop
  endfacet
  facet normal -0.965903282 0.258825183 -0.0063537145
    outer loop
      vertex 0.0176403355 0.0279660635 -0.00137390778
      vertex 0.0181280244 0.0298197847 -2.52831756e-09
      vertex 0.0181280244 0.0297838654 -0.00146321196
    endloop
  endfacet
  facet normal -0.706991851 0.70700866 -0.0173558351
    outer loop
      vertex 0.0181280244 0.0297838654 -0.00146321196
      vertex 0.0181280244 0.0298197847 -2.52831756e-09
      vertex 0.0194603745 0.0311521031 -2.70567546e-09
    endloop
  endfacet
  facet normal -0.706992149 0.707008362 -0.0173553117
    outer loop
      vertex 0.0181280244 0.0297838654 -0.00146321196
      vertex 0.0194603745 0.0311521031 -2.70567546e-09
      vertex 0.0194603726 0.0311145782 -0.00152858708
    endloop
  endfacet
  facet normal -0.258734077 0.965657711 -0.0237053819
    outer loop
      vertex 0.0194603726 0.0311145782 -0.00152858708
      vertex 0.0194603745 0.0311521031 -2.70567546e-09
      vertex 0.02128038 0.0316397473 -2.82883095e-09
    endloop
  endfacet
  facet normal -0.258733451 0.965657771 -0.023706127
    outer loop
      vertex 0.0194603726 0.0311145782 -0.00152858708
      vertex 0.02128038 0.0316397473 -2.82883095e-09
      vertex 0.0212803781 0.0316016339 -0.00155251601
    endloop
  endfacet
endsolid K1_red_ring_Right_Elbow_Pitch
