solid K1_red_core_ALeft_Shoulder_Pitch
  facet normal -0.911517978 0.0403215922 0.409278721
    outer loop
      vertex 0.0231039412 -2.77989869e-07 0.0140684657
      vertex 0.0238059983 -2.86365491e-07 0.0156320408
      vertex 0.0238060355 0.00304937363 0.0153316753
    endloop
  endfacet
  facet normal -0.91151762 0.0403210968 0.409279644
    outer loop
      vertex 0.0231039412 -2.77989869e-07 0.0140684657
      vertex 0.0238060355 0.00304937363 0.0153316753
      vertex 0.0231039729 0.0027443436 0.0137981437
    endloop
  endfacet
  facet normal 0.98097223 0.0190180782 0.193214729
    outer loop
      vertex 0.0282314196 -3.39564025e-07 0.0119642466
      vertex 0.0287364312 -3.45698766e-07 0.00940024853
      vertex 0.0287364535 0.0018335518 0.00921962503
    endloop
  endfacet
  facet normal 0.980972171 0.0190183297 0.193214878
    outer loop
      vertex 0.0282314196 -3.39564025e-07 0.0119642466
      vertex 0.0287364535 0.0018335518 0.00921962503
      vertex 0.0282314476 0.00233376934 0.0117343562
    endloop
  endfacet
  facet normal -0.959433496 0.0276454482 0.280576319
    outer loop
      vertex 0.022488581 -2.6950633e-07 0.0119642345
      vertex 0.0231039412 -2.77989869e-07 0.0140684657
      vertex 0.0231039729 0.0027443436 0.0137981437
    endloop
  endfacet
  facet normal -0.959433138 0.0276446082 0.280577451
    outer loop
      vertex 0.022488581 -2.6950633e-07 0.0119642345
      vertex 0.0231039729 0.0027443436 0.0137981437
      vertex 0.022488609 0.00233383803 0.0117343562
    endloop
  endfacet
  facet normal 0.959433258 0.0276232976 0.280579686
    outer loop
      vertex 0.0276160594 -3.26065589e-07 0.0140684498
      vertex 0.0282314196 -3.39564025e-07 0.0119642466
      vertex 0.0282314476 0.00233376934 0.0117343562
    endloop
  endfacet
  facet normal 0.959433794 0.0276212562 0.280577779
    outer loop
      vertex 0.0276160594 -3.26065589e-07 0.0140684498
      vertex 0.0282314476 0.00233376934 0.0117343562
      vertex 0.0276160929 0.00274428958 0.0137981437
    endloop
  endfacet
  facet normal -0.980971336 0.0190409571 0.193216234
    outer loop
      vertex 0.0219835676 -2.64688538e-07 0.00940024853
      vertex 0.022488581 -2.6950633e-07 0.0119642345
      vertex 0.022488609 0.00233383803 0.0117343562
    endloop
  endfacet
  facet normal -0.980971634 0.0190420337 0.193215236
    outer loop
      vertex 0.0219835676 -2.64688538e-07 0.00940024853
      vertex 0.022488609 0.00233383803 0.0117343562
      vertex 0.02198359 0.00183363282 0.00921962503
    endloop
  endfacet
  facet normal 0.911520183 0.0402968451 0.409276247
    outer loop
      vertex 0.0269140005 -3.23650397e-07 0.0156320408
      vertex 0.0276160594 -3.26065589e-07 0.0140684498
      vertex 0.0276160929 0.00274428958 0.0137981437
    endloop
  endfacet
  facet normal 0.911518574 0.0402994119 0.409279555
    outer loop
      vertex 0.0269140005 -3.23650397e-07 0.0156320408
      vertex 0.0276160929 0.00274428958 0.0137981437
      vertex 0.0269140378 0.00304933637 0.0153316753
    endloop
  endfacet
  facet normal -0.991793931 0.0125431279 0.127229676
    outer loop
      vertex 0.0216083098 -2.58527734e-07 0.00647499925
      vertex 0.0219835676 -2.64688538e-07 0.00940024853
      vertex 0.02198359 0.00183363282 0.00921962503
    endloop
  endfacet
  facet normal -0.991793931 0.0125422841 0.127230242
    outer loop
      vertex 0.0216083098 -2.58527734e-07 0.00647499925
      vertex 0.02198359 0.00183363282 0.00921962503
      vertex 0.0216083247 0.00126295036 0.00635058898
    endloop
  endfacet
  facet normal 0.78276974 0.0609877668 0.619315863
    outer loop
      vertex 0.0261522233 -3.11223459e-07 0.01659487
      vertex 0.0269140005 -3.23650397e-07 0.0156320408
      vertex 0.0269140378 0.00304933637 0.0153316753
    endloop
  endfacet
  facet normal 0.782774627 0.0609841347 0.619309902
    outer loop
      vertex 0.0261522233 -3.11223459e-07 0.01659487
      vertex 0.0269140378 0.00304933637 0.0153316753
      vertex 0.0261522625 0.00323718716 0.0162760206
    endloop
  endfacet
  facet normal -0.997334719 0.00716288947 0.0726094246
    outer loop
      vertex 0.0213772263 -2.56374022e-07 0.00330092618
      vertex 0.0216083098 -2.58527734e-07 0.00647499925
      vertex 0.0216083247 0.00126295036 0.00635058898
    endloop
  endfacet
  facet normal -0.997334778 0.0071627181 0.0726094991
    outer loop
      vertex 0.0213772263 -2.56374022e-07 0.00330092618
      vertex 0.0216083247 0.00126295036 0.00635058898
      vertex 0.0213772338 0.000643721549 0.00323750195
    endloop
  endfacet
  facet normal 0.378106207 0.090731442 0.921305299
    outer loop
      vertex 0.0253599994 -3.04969547e-07 0.0169200003
      vertex 0.0261522233 -3.11223459e-07 0.01659487
      vertex 0.0261522625 0.00323718716 0.0162760206
    endloop
  endfacet
  facet normal 0.378089845 0.0907367095 0.921311557
    outer loop
      vertex 0.0253599994 -3.04969547e-07 0.0169200003
      vertex 0.0261522625 0.00323718716 0.0162760206
      vertex 0.0253600404 0.00330062327 0.0165948868
    endloop
  endfacet
  facet normal 0.99971801 0.00231586443 0.023631569
    outer loop
      vertex 0.0293427724 -3.51932101e-07 0.00330092572
      vertex 0.0294208005 -3.54188899e-07 -1.77503207e-10
      vertex 0.0293427799 0.00064362603 0.00323750149
    endloop
  endfacet
  facet normal -0.99971801 0.0023390078 0.023631569
    outer loop
      vertex 0.0212991983 -2.5675871e-07 1.77503207e-10
      vertex 0.0213772263 -2.56374022e-07 0.00330092618
      vertex 0.0213772338 0.000643721549 0.00323750195
    endloop
  endfacet
  facet normal -0.378104657 0.0907454118 0.921304584
    outer loop
      vertex 0.0245677773 -2.92215759e-07 0.01659487
      vertex 0.0253599994 -3.04969547e-07 0.0169200003
      vertex 0.0253600404 0.00330062327 0.0165948868
    endloop
  endfacet
  facet normal -0.378087342 0.0907412544 0.921312153
    outer loop
      vertex 0.0245677773 -2.92215759e-07 0.01659487
      vertex 0.0253600404 0.00330062327 0.0165948868
      vertex 0.0245678164 0.00323720626 0.0162760206
    endloop
  endfacet
  facet normal 0.997334838 0.00713962549 0.0726094022
    outer loop
      vertex 0.029111689 -3.48541477e-07 0.00647499925
      vertex 0.0293427724 -3.51932101e-07 0.00330092572
      vertex 0.0293427799 0.00064362603 0.00323750149
    endloop
  endfacet
  facet normal 0.997334898 0.00713934656 0.0726093426
    outer loop
      vertex 0.029111689 -3.48541477e-07 0.00647499925
      vertex 0.0293427799 0.00064362603 0.00323750149
      vertex 0.0291117039 0.00126286037 0.00635058898
    endloop
  endfacet
  facet normal -0.782767653 0.061003726 0.619316816
    outer loop
      vertex 0.0238059983 -2.86365491e-07 0.0156320408
      vertex 0.0245677773 -2.92215759e-07 0.01659487
      vertex 0.0245678164 0.00323720626 0.0162760206
    endloop
  endfacet
  facet normal -0.782772899 0.0610063188 0.619310021
    outer loop
      vertex 0.0238059983 -2.86365491e-07 0.0156320408
      vertex 0.0245678164 0.00323720626 0.0162760206
      vertex 0.0238060355 0.00304937363 0.0153316753
    endloop
  endfacet
  facet normal 0.991794288 0.0125188204 0.127229676
    outer loop
      vertex 0.0287364312 -3.45698766e-07 0.00940024853
      vertex 0.029111689 -3.48541477e-07 0.00647499925
      vertex 0.0291117039 0.00126286037 0.00635058898
    endloop
  endfacet
  facet normal 0.991794229 0.0125189722 0.127229735
    outer loop
      vertex 0.0287364312 -3.45698766e-07 0.00940024853
      vertex 0.0291117039 0.00126286037 0.00635058898
      vertex 0.0287364535 0.0018335518 0.00921962503
    endloop
  endfacet
  facet normal -0.782771349 0.180655599 0.595510244
    outer loop
      vertex 0.0238060355 0.00304937363 0.0153316753
      vertex 0.0245678164 0.00323720626 0.0162760206
      vertex 0.0245678537 0.00635029236 0.0153316753
    endloop
  endfacet
  facet normal -0.782771528 0.180655628 0.595510185
    outer loop
      vertex 0.0238060355 0.00304937363 0.0153316753
      vertex 0.0245678537 0.00635029236 0.0153316753
      vertex 0.0238060709 0.00598183693 0.0144421216
    endloop
  endfacet
  facet normal 0.991794586 0.0370994471 0.122340366
    outer loop
      vertex 0.0287364535 0.0018335518 0.00921962503
      vertex 0.0291117039 0.00126286037 0.00635058898
      vertex 0.0291117188 0.00247752643 0.00598212332
    endloop
  endfacet
  facet normal 0.991794467 0.037100073 0.122340485
    outer loop
      vertex 0.0287364535 0.0018335518 0.00921962503
      vertex 0.0291117188 0.00247752643 0.00598212332
      vertex 0.028736474 0.00359697361 0.00868469663
    endloop
  endfacet
  facet normal -0.911516666 0.11939355 0.393551171
    outer loop
      vertex 0.0231039729 0.0027443436 0.0137981437
      vertex 0.0238060355 0.00304937363 0.0153316753
      vertex 0.0238060709 0.00598183693 0.0144421216
    endloop
  endfacet
  facet normal -0.911516666 0.119393505 0.39355129
    outer loop
      vertex 0.0231039729 0.0027443436 0.0137981437
      vertex 0.0238060709 0.00598183693 0.0144421216
      vertex 0.0231040046 0.00538349058 0.0129975667
    endloop
  endfacet
  facet normal 0.980972588 0.0563473068 0.185789675
    outer loop
      vertex 0.0282314476 0.00233376934 0.0117343562
      vertex 0.0287364535 0.0018335518 0.00921962503
      vertex 0.028736474 0.00359697361 0.00868469663
    endloop
  endfacet
  facet normal 0.980972588 0.0563472547 0.18578963
    outer loop
      vertex 0.0282314476 0.00233376934 0.0117343562
      vertex 0.028736474 0.00359697361 0.00868469663
      vertex 0.0282314736 0.00457817921 0.0110535221
    endloop
  endfacet
  facet normal -0.959432542 0.0818529204 0.269794792
    outer loop
      vertex 0.022488609 0.00233383803 0.0117343562
      vertex 0.0231039729 0.0027443436 0.0137981437
      vertex 0.0231040046 0.00538349058 0.0129975667
    endloop
  endfacet
  facet normal -0.959432423 0.0818526521 0.269795388
    outer loop
      vertex 0.022488609 0.00233383803 0.0117343562
      vertex 0.0231040046 0.00538349058 0.0129975667
      vertex 0.022488635 0.00457824813 0.0110535221
    endloop
  endfacet
  facet normal 0.95943445 0.0818302408 0.269794941
    outer loop
      vertex 0.0276160929 0.00274428958 0.0137981437
      vertex 0.0282314476 0.00233376934 0.0117343562
      vertex 0.0282314736 0.00457817921 0.0110535221
    endloop
  endfacet
  facet normal 0.959434569 0.0818298832 0.269794762
    outer loop
      vertex 0.0276160929 0.00274428958 0.0137981437
      vertex 0.0282314736 0.00457817921 0.0110535221
      vertex 0.0276161246 0.00538343657 0.0129975667
    endloop
  endfacet
  facet normal -0.980971158 0.0563702062 0.185790196
    outer loop
      vertex 0.02198359 0.00183363282 0.00921962503
      vertex 0.022488609 0.00233383803 0.0117343562
      vertex 0.022488635 0.00457824813 0.0110535221
    endloop
  endfacet
  facet normal -0.980971158 0.0563702472 0.185790136
    outer loop
      vertex 0.02198359 0.00183363282 0.00921962503
      vertex 0.022488635 0.00457824813 0.0110535221
      vertex 0.0219836105 0.00359705463 0.00868469663
    endloop
  endfacet
  facet normal 0.911519527 0.119371563 0.393551111
    outer loop
      vertex 0.0269140378 0.00304933637 0.0153316753
      vertex 0.0276160929 0.00274428958 0.0137981437
      vertex 0.0276161246 0.00538343657 0.0129975667
    endloop
  endfacet
  facet normal 0.911519647 0.119371504 0.393551081
    outer loop
      vertex 0.0269140378 0.00304933637 0.0153316753
      vertex 0.0276161246 0.00538343657 0.0129975667
      vertex 0.0269140732 0.00598179968 0.0144421216
    endloop
  endfacet
  facet normal -0.991793573 0.0371232145 0.122340769
    outer loop
      vertex 0.0216083247 0.00126295036 0.00635058898
      vertex 0.02198359 0.00183363282 0.00921962503
      vertex 0.0219836105 0.00359705463 0.00868469663
    endloop
  endfacet
  facet normal -0.991793633 0.0371237136 0.122340284
    outer loop
      vertex 0.0216083247 0.00126295036 0.00635058898
      vertex 0.0219836105 0.00359705463 0.00868469663
      vertex 0.0216083396 0.00247761654 0.00598212378
    endloop
  endfacet
  facet normal 0.782776177 0.1806366 0.595509768
    outer loop
      vertex 0.0261522625 0.00323718716 0.0162760206
      vertex 0.0269140378 0.00304933637 0.0153316753
      vertex 0.0269140732 0.00598179968 0.0144421216
    endloop
  endfacet
  facet normal 0.782775998 0.180636734 0.595509946
    outer loop
      vertex 0.0261522625 0.00323718716 0.0162760206
      vertex 0.0269140732 0.00598179968 0.0144421216
      vertex 0.0261522997 0.00635027373 0.0153316753
    endloop
  endfacet
  facet normal -0.997334599 0.02119161 0.0698189735
    outer loop
      vertex 0.0213772338 0.000643721549 0.00323750195
      vertex 0.0216083247 0.00126295036 0.00635058898
      vertex 0.0216083396 0.00247761654 0.00598212378
    endloop
  endfacet
  facet normal -0.99733454 0.0211913865 0.0698191077
    outer loop
      vertex 0.0213772338 0.000643721549 0.00323750195
      vertex 0.0216083396 0.00247761654 0.00598212378
      vertex 0.0213772412 0.00126295292 0.00304966024
    endloop
  endfacet
  facet normal 0.378091961 0.268732339 0.885905981
    outer loop
      vertex 0.0253600404 0.00330062327 0.0165948868
      vertex 0.0261522625 0.00323718716 0.0162760206
      vertex 0.0261522997 0.00635027373 0.0153316753
    endloop
  endfacet
  facet normal 0.378091753 0.268732458 0.8859061
    outer loop
      vertex 0.0253600404 0.00330062327 0.0165948868
      vertex 0.0261522997 0.00635027373 0.0153316753
      vertex 0.0253600776 0.00647469843 0.0156320408
    endloop
  endfacet
  facet normal 0.99971813 0.0068810666 0.0227234978
    outer loop
      vertex 0.0293427799 0.00064362603 0.00323750149
      vertex 0.0294208005 -3.54188899e-07 -1.77503207e-10
      vertex 0.0293427873 0.00126285735 0.00304965978
    endloop
  endfacet
  facet normal -0.999717951 0.0069050733 0.0227233209
    outer loop
      vertex 0.0212991983 -2.5675871e-07 1.77503207e-10
      vertex 0.0213772338 0.000643721549 0.00323750195
      vertex 0.0213772412 0.00126295292 0.00304966024
    endloop
  endfacet
  facet normal -0.378085345 0.268741339 0.8859061
    outer loop
      vertex 0.0245678164 0.00323720626 0.0162760206
      vertex 0.0253600404 0.00330062327 0.0165948868
      vertex 0.0253600776 0.00647469843 0.0156320408
    endloop
  endfacet
  facet normal -0.378085792 0.268741399 0.885905862
    outer loop
      vertex 0.0245678164 0.00323720626 0.0162760206
      vertex 0.0253600776 0.00647469843 0.0156320408
      vertex 0.0245678537 0.00635029236 0.0153316753
    endloop
  endfacet
  facet normal 0.997335076 0.0211673733 0.0698190033
    outer loop
      vertex 0.0291117039 0.00126286037 0.00635058898
      vertex 0.0293427799 0.00064362603 0.00323750149
      vertex 0.0293427873 0.00126285735 0.00304965978
    endloop
  endfacet
  facet normal 0.997335017 0.021167174 0.0698190108
    outer loop
      vertex 0.0291117039 0.00126286037 0.00635058898
      vertex 0.0293427873 0.00126285735 0.00304965978
      vertex 0.0291117188 0.00247752643 0.00598212332
    endloop
  endfacet
  facet normal -0.991793394 0.0602782965 0.112749353
    outer loop
      vertex 0.0216083396 0.00247761654 0.00598212378
      vertex 0.0219836105 0.00359705463 0.00868469663
      vertex 0.021983631 0.00522223301 0.0078160204
    endloop
  endfacet
  facet normal -0.991793275 0.0602777936 0.112750098
    outer loop
      vertex 0.0216083396 0.00247761654 0.00598212378
      vertex 0.021983631 0.00522223301 0.0078160204
      vertex 0.0216083527 0.00359705929 0.00538376858
    endloop
  endfacet
  facet normal 0.782777369 0.293344021 0.548825085
    outer loop
      vertex 0.0261522997 0.00635027373 0.0153316753
      vertex 0.0269140732 0.00598179968 0.0144421216
      vertex 0.0269141048 0.00868437253 0.0129975658
    endloop
  endfacet
  facet normal 0.78277719 0.293344229 0.548825204
    outer loop
      vertex 0.0261522997 0.00635027373 0.0153316753
      vertex 0.0269141048 0.00868437253 0.0129975658
      vertex 0.0261523332 0.00921930932 0.0137981428
    endloop
  endfacet
  facet normal -0.997334361 0.034405183 0.0643457696
    outer loop
      vertex 0.0213772412 0.00126295292 0.00304966024
      vertex 0.0216083396 0.00247761654 0.00598212378
      vertex 0.0216083527 0.00359705929 0.00538376858
    endloop
  endfacet
  facet normal -0.997334421 0.0344060659 0.0643448904
    outer loop
      vertex 0.0213772412 0.00126295292 0.00304966024
      vertex 0.0216083527 0.00359705929 0.00538376858
      vertex 0.0213772487 0.00183363992 0.00274462183
    endloop
  endfacet
  facet normal 0.378093541 0.436400503 0.816455662
    outer loop
      vertex 0.0253600776 0.00647469843 0.0156320408
      vertex 0.0261522997 0.00635027373 0.0153316753
      vertex 0.0261523332 0.00921930932 0.0137981428
    endloop
  endfacet
  facet normal 0.378094792 0.436399966 0.816455364
    outer loop
      vertex 0.0253600776 0.00647469843 0.0156320408
      vertex 0.0261523332 0.00921930932 0.0137981428
      vertex 0.025360113 0.00939994305 0.0140684647
    endloop
  endfacet
  facet normal 0.99971813 0.0111809103 0.0209424403
    outer loop
      vertex 0.0293427873 0.00126285735 0.00304965978
      vertex 0.0294208005 -3.54188899e-07 -1.77503207e-10
      vertex 0.0293427948 0.00183354435 0.00274462136
    endloop
  endfacet
  facet normal -0.999717951 0.0112065542 0.0209415853
    outer loop
      vertex 0.0212991983 -2.5675871e-07 1.77503207e-10
      vertex 0.0213772412 0.00126295292 0.00304966024
      vertex 0.0213772487 0.00183363992 0.00274462183
    endloop
  endfacet
  facet normal -0.378083766 0.436409205 0.816455483
    outer loop
      vertex 0.0245678537 0.00635029236 0.0153316753
      vertex 0.0253600776 0.00647469843 0.0156320408
      vertex 0.025360113 0.00939994305 0.0140684647
    endloop
  endfacet
  facet normal -0.378083616 0.436409175 0.816455603
    outer loop
      vertex 0.0245678537 0.00635029236 0.0153316753
      vertex 0.025360113 0.00939994305 0.0140684647
      vertex 0.0245678872 0.00921932887 0.0137981428
    endloop
  endfacet
  facet normal 0.997335196 0.0343805254 0.0643458441
    outer loop
      vertex 0.0291117188 0.00247752643 0.00598212332
      vertex 0.0293427873 0.00126285735 0.00304965978
      vertex 0.0293427948 0.00183354435 0.00274462136
    endloop
  endfacet
  facet normal 0.997335255 0.0343818516 0.0643455833
    outer loop
      vertex 0.0291117188 0.00247752643 0.00598212332
      vertex 0.0293427948 0.00183354435 0.00274462136
      vertex 0.0291117318 0.00359696918 0.00538376812
    endloop
  endfacet
  facet normal -0.782770097 0.293362588 0.548825502
    outer loop
      vertex 0.0238060709 0.00598183693 0.0144421216
      vertex 0.0245678537 0.00635029236 0.0153316753
      vertex 0.0245678872 0.00921932887 0.0137981428
    endloop
  endfacet
  facet normal -0.782770097 0.293362558 0.548825443
    outer loop
      vertex 0.0238060709 0.00598183693 0.0144421216
      vertex 0.0245678872 0.00921932887 0.0137981428
      vertex 0.0238061026 0.00868440978 0.0129975658
    endloop
  endfacet
  facet normal 0.991794825 0.0602544472 0.112749636
    outer loop
      vertex 0.028736474 0.00359697361 0.00868469663
      vertex 0.0291117188 0.00247752643 0.00598212332
      vertex 0.0291117318 0.00359696918 0.00538376812
    endloop
  endfacet
  facet normal 0.991794825 0.0602534376 0.112749644
    outer loop
      vertex 0.028736474 0.00359697361 0.00868469663
      vertex 0.0291117318 0.00359696918 0.00538376812
      vertex 0.0287364945 0.00522215245 0.0078160204
    endloop
  endfacet
  facet normal -0.911515713 0.193877444 0.362699062
    outer loop
      vertex 0.0231040046 0.00538349058 0.0129975667
      vertex 0.0238060709 0.00598183693 0.0144421216
      vertex 0.0238061026 0.00868440978 0.0129975658
    endloop
  endfacet
  facet normal -0.91151613 0.193877488 0.362698048
    outer loop
      vertex 0.0231040046 0.00538349058 0.0129975667
      vertex 0.0238061026 0.00868440978 0.0129975658
      vertex 0.0231040344 0.00781574193 0.0116975
    endloop
  endfacet
  facet normal 0.980973065 0.0915093347 0.171225056
    outer loop
      vertex 0.0282314736 0.00457817921 0.0110535221
      vertex 0.028736474 0.00359697361 0.00868469663
      vertex 0.0287364945 0.00522215245 0.0078160204
    endloop
  endfacet
  facet normal 0.980972886 0.0915103927 0.171225235
    outer loop
      vertex 0.0282314736 0.00457817921 0.0110535221
      vertex 0.0287364945 0.00522215245 0.0078160204
      vertex 0.0282314979 0.0066466392 0.00994790625
    endloop
  endfacet
  facet normal -0.959431827 0.132915199 0.248644575
    outer loop
      vertex 0.022488635 0.00457824813 0.0110535221
      vertex 0.0231040046 0.00538349058 0.0129975667
      vertex 0.0231040344 0.00781574193 0.0116975
    endloop
  endfacet
  facet normal -0.959431946 0.132915288 0.248644173
    outer loop
      vertex 0.022488635 0.00457824813 0.0110535221
      vertex 0.0231040344 0.00781574193 0.0116975
      vertex 0.0224886611 0.00664670812 0.00994790625
    endloop
  endfacet
  facet normal 0.959435165 0.132891953 0.248644128
    outer loop
      vertex 0.0276161246 0.00538343657 0.0129975667
      vertex 0.0282314736 0.00457817921 0.0110535221
      vertex 0.0282314979 0.0066466392 0.00994790625
    endloop
  endfacet
  facet normal 0.959435105 0.132892221 0.248644248
    outer loop
      vertex 0.0276161246 0.00538343657 0.0129975667
      vertex 0.0282314979 0.0066466392 0.00994790625
      vertex 0.0276161525 0.00781568792 0.0116975
    endloop
  endfacet
  facet normal -0.98097074 0.091534026 0.171224833
    outer loop
      vertex 0.0219836105 0.00359705463 0.00868469663
      vertex 0.022488635 0.00457824813 0.0110535221
      vertex 0.0224886611 0.00664670812 0.00994790625
    endloop
  endfacet
  facet normal -0.9809708 0.0915340111 0.171224892
    outer loop
      vertex 0.0219836105 0.00359705463 0.00868469663
      vertex 0.0224886611 0.00664670812 0.00994790625
      vertex 0.021983631 0.00522223301 0.0078160204
    endloop
  endfacet
  facet normal 0.911520541 0.193856105 0.362698555
    outer loop
      vertex 0.0269140732 0.00598179968 0.0144421216
      vertex 0.0276161246 0.00538343657 0.0129975667
      vertex 0.0276161525 0.00781568792 0.0116975
    endloop
  endfacet
  facet normal 0.91152066 0.193855658 0.362698227
    outer loop
      vertex 0.0269140732 0.00598179968 0.0144421216
      vertex 0.0276161525 0.00781568792 0.0116975
      vertex 0.0269141048 0.00868437253 0.0129975658
    endloop
  endfacet
  facet normal 0.991795123 0.0810913816 0.0988261849
    outer loop
      vertex 0.0287364945 0.00522215245 0.0078160204
      vertex 0.0291117318 0.00359696918 0.00538376812
      vertex 0.0291117448 0.00457816897 0.00457851822
    endloop
  endfacet
  facet normal 0.991795003 0.0810927376 0.0988258868
    outer loop
      vertex 0.0287364945 0.00522215245 0.0078160204
      vertex 0.0291117448 0.00457816897 0.00457851822
      vertex 0.0287365112 0.00664663268 0.0066469782
    endloop
  endfacet
  facet normal -0.911515296 0.260911465 0.317907333
    outer loop
      vertex 0.0231040344 0.00781574193 0.0116975
      vertex 0.0238061026 0.00868440978 0.0129975658
      vertex 0.0238061324 0.0110532343 0.0110535203
    endloop
  endfacet
  facet normal -0.911514997 0.260911554 0.317907989
    outer loop
      vertex 0.0231040344 0.00781574193 0.0116975
      vertex 0.0238061324 0.0110532343 0.0110535203
      vertex 0.0231040604 0.00994762871 0.00994790532
    endloop
  endfacet
  facet normal 0.980973244 0.123156227 0.150080174
    outer loop
      vertex 0.0282314979 0.0066466392 0.00994790625
      vertex 0.0287364945 0.00522215245 0.0078160204
      vertex 0.0287365112 0.00664663268 0.0066469782
    endloop
  endfacet
  facet normal 0.980973244 0.123155653 0.150080174
    outer loop
      vertex 0.0282314979 0.0066466392 0.00994790625
      vertex 0.0287365112 0.00664663268 0.0066469782
      vertex 0.0282315202 0.00845965836 0.00845999829
    endloop
  endfacet
  facet normal -0.959431291 0.178869382 0.217938617
    outer loop
      vertex 0.0224886611 0.00664670812 0.00994790625
      vertex 0.0231040344 0.00781574193 0.0116975
      vertex 0.0231040604 0.00994762871 0.00994790532
    endloop
  endfacet
  facet normal -0.959431112 0.178869337 0.217939481
    outer loop
      vertex 0.0224886611 0.00664670812 0.00994790625
      vertex 0.0231040604 0.00994762871 0.00994790532
      vertex 0.0224886816 0.00845972728 0.00845999829
    endloop
  endfacet
  facet normal 0.959435642 0.178846121 0.217938825
    outer loop
      vertex 0.0276161525 0.00781568792 0.0116975
      vertex 0.0282314979 0.0066466392 0.00994790625
      vertex 0.0282315202 0.00845965836 0.00845999829
    endloop
  endfacet
  facet normal 0.959435642 0.178846061 0.217938796
    outer loop
      vertex 0.0276161525 0.00781568792 0.0116975
      vertex 0.0282315202 0.00845965836 0.00845999829
      vertex 0.0276161786 0.0099475747 0.00994790532
    endloop
  endfacet
  facet normal -0.980970323 0.123178981 0.150080368
    outer loop
      vertex 0.021983631 0.00522223301 0.0078160204
      vertex 0.0224886611 0.00664670812 0.00994790625
      vertex 0.0224886816 0.00845972728 0.00845999829
    endloop
  endfacet
  facet normal -0.980970383 0.123179071 0.15007998
    outer loop
      vertex 0.021983631 0.00522223301 0.0078160204
      vertex 0.0224886816 0.00845972728 0.00845999829
      vertex 0.0219836477 0.00664671371 0.00664697867
    endloop
  endfacet
  facet normal 0.911521554 0.260889202 0.317907929
    outer loop
      vertex 0.0269141048 0.00868437253 0.0129975658
      vertex 0.0276161525 0.00781568792 0.0116975
      vertex 0.0276161786 0.0099475747 0.00994790532
    endloop
  endfacet
  facet normal 0.911521196 0.260889918 0.317908138
    outer loop
      vertex 0.0269141048 0.00868437253 0.0129975658
      vertex 0.0276161786 0.0099475747 0.00994790532
      vertex 0.0269141328 0.0110531971 0.0110535203
    endloop
  endfacet
  facet normal -0.991793036 0.0811163113 0.0988262445
    outer loop
      vertex 0.0216083527 0.00359705929 0.00538376858
      vertex 0.021983631 0.00522223301 0.0078160204
      vertex 0.0219836477 0.00664671371 0.00664697867
    endloop
  endfacet
  facet normal -0.991793036 0.0811161771 0.0988265574
    outer loop
      vertex 0.0216083527 0.00359705929 0.00538376858
      vertex 0.0219836477 0.00664671371 0.00664697867
      vertex 0.0216083638 0.00457825884 0.00457851868
    endloop
  endfacet
  facet normal 0.782778323 0.394778043 0.481049269
    outer loop
      vertex 0.0261523332 0.00921930932 0.0137981428
      vertex 0.0269141048 0.00868437253 0.0129975658
      vertex 0.0269141328 0.0110531971 0.0110535203
    endloop
  endfacet
  facet normal 0.782778561 0.394777775 0.48104918
    outer loop
      vertex 0.0261523332 0.00921930932 0.0137981428
      vertex 0.0269141328 0.0110531971 0.0110535203
      vertex 0.026152363 0.0117340405 0.0117343552
    endloop
  endfacet
  facet normal -0.997334242 0.0462972187 0.0563994609
    outer loop
      vertex 0.0213772487 0.00183363992 0.00274462183
      vertex 0.0216083527 0.00359705929 0.00538376858
      vertex 0.0216083638 0.00457825884 0.00457851868
    endloop
  endfacet
  facet normal -0.997334301 0.0462971441 0.0563996062
    outer loop
      vertex 0.0213772487 0.00183363992 0.00274462183
      vertex 0.0216083638 0.00457825884 0.00457851868
      vertex 0.0213772543 0.0023338513 0.00233410858
    endloop
  endfacet
  facet normal 0.378096789 0.587297261 0.715628922
    outer loop
      vertex 0.025360113 0.00939994305 0.0140684647
      vertex 0.0261523332 0.00921930932 0.0137981428
      vertex 0.026152363 0.0117340405 0.0117343552
    endloop
  endfacet
  facet normal 0.378096581 0.58729738 0.715628862
    outer loop
      vertex 0.025360113 0.00939994305 0.0140684647
      vertex 0.026152363 0.0117340405 0.0117343552
      vertex 0.0253601428 0.0119639412 0.0119642448
    endloop
  endfacet
  facet normal 0.999718249 0.0150527153 0.0183553826
    outer loop
      vertex 0.0293427948 0.00183354435 0.00274462136
      vertex 0.0294208005 -3.54188899e-07 -1.77503207e-10
      vertex 0.0293428004 0.0023337556 0.00233410834
    endloop
  endfacet
  facet normal -0.999717772 0.0150757702 0.0183562506
    outer loop
      vertex 0.0212991983 -2.5675871e-07 1.77503207e-10
      vertex 0.0213772487 0.00183363992 0.00274462183
      vertex 0.0213772543 0.0023338513 0.00233410858
    endloop
  endfacet
  facet normal -0.378081828 0.58730644 0.71562922
    outer loop
      vertex 0.0245678872 0.00921932887 0.0137981428
      vertex 0.025360113 0.00939994305 0.0140684647
      vertex 0.0253601428 0.0119639412 0.0119642448
    endloop
  endfacet
  facet normal -0.378082067 0.58730638 0.71562916
    outer loop
      vertex 0.0245678872 0.00921932887 0.0137981428
      vertex 0.0253601428 0.0119639412 0.0119642448
      vertex 0.024567917 0.01173406 0.0117343552
    endloop
  endfacet
  facet normal 0.997335315 0.046274513 0.0563991666
    outer loop
      vertex 0.0291117318 0.00359696918 0.00538376812
      vertex 0.0293427948 0.00183354435 0.00274462136
      vertex 0.0293428004 0.0023337556 0.00233410834
    endloop
  endfacet
  facet normal 0.997335315 0.0462728962 0.0563998297
    outer loop
      vertex 0.0291117318 0.00359696918 0.00538376812
      vertex 0.0293428004 0.0023337556 0.00233410834
      vertex 0.0291117448 0.00457816897 0.00457851822
    endloop
  endfacet
  facet normal -0.782768965 0.39479655 0.481049448
    outer loop
      vertex 0.0238061026 0.00868440978 0.0129975658
      vertex 0.0245678872 0.00921932887 0.0137981428
      vertex 0.024567917 0.01173406 0.0117343552
    endloop
  endfacet
  facet normal -0.78276968 0.394796252 0.481048256
    outer loop
      vertex 0.0238061026 0.00868440978 0.0129975658
      vertex 0.024567917 0.01173406 0.0117343552
      vertex 0.0238061324 0.0110532343 0.0110535203
    endloop
  endfacet
  facet normal 0.782779515 0.481039971 0.394787073
    outer loop
      vertex 0.026152363 0.0117340405 0.0117343552
      vertex 0.0269141328 0.0110531971 0.0110535203
      vertex 0.026914157 0.0129972408 0.00868469477
    endloop
  endfacet
  facet normal 0.782779217 0.481040329 0.394787133
    outer loop
      vertex 0.026152363 0.0117340405 0.0117343552
      vertex 0.026914157 0.0129972408 0.00868469477
      vertex 0.0261523873 0.0137978271 0.0092196241
    endloop
  endfacet
  facet normal -0.997334123 0.0564119928 0.0462847501
    outer loop
      vertex 0.0213772543 0.0023338513 0.00233410858
      vertex 0.0216083638 0.00457825884 0.00457851868
      vertex 0.021608375 0.00538350828 0.00359731889
    endloop
  endfacet
  facet normal -0.997334242 0.0564119257 0.0462849177
    outer loop
      vertex 0.0213772543 0.0023338513 0.00233410858
      vertex 0.021608375 0.00538350828 0.00359731889
      vertex 0.0213772599 0.00274436385 0.00183389743
    endloop
  endfacet
  facet normal 0.378098249 0.71562463 0.587301612
    outer loop
      vertex 0.0253601428 0.0119639412 0.0119642448
      vertex 0.026152363 0.0117340405 0.0117343552
      vertex 0.0261523873 0.0137978271 0.0092196241
    endloop
  endfacet
  facet normal 0.37809819 0.71562463 0.587301612
    outer loop
      vertex 0.0253601428 0.0119639412 0.0119642448
      vertex 0.0261523873 0.0137978271 0.0092196241
      vertex 0.0253601689 0.0140681593 0.00940024666
    endloop
  endfacet
  facet normal 0.999718189 0.0183451641 0.0150629319
    outer loop
      vertex 0.0293428004 0.0023337556 0.00233410834
      vertex 0.0294208005 -3.54188899e-07 -1.77503207e-10
      vertex 0.0293428041 0.00274426839 0.00183389708
    endloop
  endfacet
  facet normal -0.999717772 0.0183685366 0.0150634982
    outer loop
      vertex 0.0212991983 -2.5675871e-07 1.77503207e-10
      vertex 0.0213772543 0.0023338513 0.00233410858
      vertex 0.0213772599 0.00274436385 0.00183389743
    endloop
  endfacet
  facet normal -0.378080606 0.715633929 0.587301493
    outer loop
      vertex 0.024567917 0.01173406 0.0117343552
      vertex 0.0253601428 0.0119639412 0.0119642448
      vertex 0.0253601689 0.0140681593 0.00940024666
    endloop
  endfacet
  facet normal -0.378080785 0.715633929 0.587301433
    outer loop
      vertex 0.024567917 0.01173406 0.0117343552
      vertex 0.0253601689 0.0140681593 0.00940024666
      vertex 0.0245679431 0.0137978457 0.0092196241
    endloop
  endfacet
  facet normal 0.997335553 0.0563884601 0.0462842584
    outer loop
      vertex 0.0291117448 0.00457816897 0.00457851822
      vertex 0.0293428004 0.0023337556 0.00233410834
      vertex 0.0293428041 0.00274426839 0.00183389708
    endloop
  endfacet
  facet normal 0.997335553 0.0563871227 0.0462851711
    outer loop
      vertex 0.0291117448 0.00457816897 0.00457851822
      vertex 0.0293428041 0.00274426839 0.00183389708
      vertex 0.0291117541 0.00538341841 0.00359731866
    endloop
  endfacet
  facet normal -0.782768667 0.481058389 0.394786179
    outer loop
      vertex 0.0238061324 0.0110532343 0.0110535203
      vertex 0.024567917 0.01173406 0.0117343552
      vertex 0.0245679431 0.0137978457 0.0092196241
    endloop
  endfacet
  facet normal -0.782767832 0.481058866 0.394787163
    outer loop
      vertex 0.0238061324 0.0110532343 0.0110535203
      vertex 0.0245679431 0.0137978457 0.0092196241
      vertex 0.0238061547 0.012997278 0.00868469477
    endloop
  endfacet
  facet normal 0.991795182 0.0988143608 0.0811042562
    outer loop
      vertex 0.0287365112 0.00664663268 0.0066469782
      vertex 0.0291117448 0.00457816897 0.00457851822
      vertex 0.0291117541 0.00538341841 0.00359731866
    endloop
  endfacet
  facet normal 0.991795242 0.0988146514 0.0811041594
    outer loop
      vertex 0.0287365112 0.00664663268 0.0066469782
      vertex 0.0291117541 0.00538341841 0.00359731866
      vertex 0.0287365243 0.00781567395 0.00522249704
    endloop
  endfacet
  facet normal -0.911514342 0.317918986 0.260900587
    outer loop
      vertex 0.0231040604 0.00994762871 0.00994790532
      vertex 0.0238061324 0.0110532343 0.0110535203
      vertex 0.0238061547 0.012997278 0.00868469477
    endloop
  endfacet
  facet normal -0.911514342 0.317918956 0.260900497
    outer loop
      vertex 0.0231040604 0.00994762871 0.00994790532
      vertex 0.0238061547 0.012997278 0.00868469477
      vertex 0.0231040809 0.0116972225 0.00781601854
    endloop
  endfacet
  facet normal 0.980973542 0.150068685 0.123167135
    outer loop
      vertex 0.0282315202 0.00845965836 0.00845999829
      vertex 0.0287365112 0.00664663268 0.0066469782
      vertex 0.0287365243 0.00781567395 0.00522249704
    endloop
  endfacet
  facet normal 0.980973721 0.150067672 0.123167366
    outer loop
      vertex 0.0282315202 0.00845965836 0.00845999829
      vertex 0.0287365243 0.00781567395 0.00522249704
      vertex 0.0282315388 0.00994756538 0.00664697727
    endloop
  endfacet
  facet normal -0.959430695 0.217950597 0.178858176
    outer loop
      vertex 0.0224886816 0.00845972728 0.00845999829
      vertex 0.0231040604 0.00994762871 0.00994790532
      vertex 0.0231040809 0.0116972225 0.00781601854
    endloop
  endfacet
  facet normal -0.959430873 0.217950478 0.178857431
    outer loop
      vertex 0.0224886816 0.00845972728 0.00845999829
      vertex 0.0231040809 0.0116972225 0.00781601854
      vertex 0.0224887002 0.0099476343 0.00664697774
    endloop
  endfacet
  facet normal 0.959436119 0.217927009 0.178857818
    outer loop
      vertex 0.0276161786 0.0099475747 0.00994790532
      vertex 0.0282315202 0.00845965836 0.00845999829
      vertex 0.0282315388 0.00994756538 0.00664697727
    endloop
  endfacet
  facet normal 0.95943594 0.217927665 0.178857774
    outer loop
      vertex 0.0276161786 0.0099475747 0.00994790532
      vertex 0.0282315388 0.00994756538 0.00664697727
      vertex 0.0276161991 0.0116971685 0.00781601854
    endloop
  endfacet
  facet normal -0.980970085 0.150091916 0.123167127
    outer loop
      vertex 0.0219836477 0.00664671371 0.00664697867
      vertex 0.0224886816 0.00845972728 0.00845999829
      vertex 0.0224887002 0.0099476343 0.00664697774
    endloop
  endfacet
  facet normal -0.980969906 0.150091901 0.123168245
    outer loop
      vertex 0.0219836477 0.00664671371 0.00664697867
      vertex 0.0224887002 0.0099476343 0.00664697774
      vertex 0.0219836608 0.00781575497 0.00522249751
    endloop
  endfacet
  facet normal 0.911521852 0.317897588 0.260900468
    outer loop
      vertex 0.0269141328 0.0110531971 0.0110535203
      vertex 0.0276161786 0.0099475747 0.00994790532
      vertex 0.0276161991 0.0116971685 0.00781601854
    endloop
  endfacet
  facet normal 0.91152209 0.317896873 0.260900408
    outer loop
      vertex 0.0269141328 0.0110531971 0.0110535203
      vertex 0.0276161991 0.0116971685 0.00781601854
      vertex 0.026914157 0.0129972408 0.00868469477
    endloop
  endfacet
  facet normal -0.991792798 0.0988377705 0.081104964
    outer loop
      vertex 0.0216083638 0.00457825884 0.00457851868
      vertex 0.0219836477 0.00664671371 0.00664697867
      vertex 0.0219836608 0.00781575497 0.00522249751
    endloop
  endfacet
  facet normal -0.991793036 0.0988381654 0.0811030567
    outer loop
      vertex 0.0216083638 0.00457825884 0.00457851868
      vertex 0.0219836608 0.00781575497 0.00522249751
      vertex 0.021608375 0.00538350828 0.00359731889
    endloop
  endfacet
  facet normal -0.911513865 0.362709671 0.193866596
    outer loop
      vertex 0.0231040809 0.0116972225 0.00781601854
      vertex 0.0238061547 0.012997278 0.00868469477
      vertex 0.0238061715 0.0144418329 0.00598212099
    endloop
  endfacet
  facet normal -0.911513805 0.362709671 0.193866566
    outer loop
      vertex 0.0231040809 0.0116972225 0.00781601854
      vertex 0.0238061715 0.0144418329 0.00598212099
      vertex 0.0231040958 0.0129972873 0.00538376579
    endloop
  endfacet
  facet normal 0.980973959 0.171212584 0.0915217772
    outer loop
      vertex 0.0282315388 0.00994756538 0.00664697727
      vertex 0.0287365243 0.00781567395 0.00522249704
      vertex 0.0287365355 0.00868435018 0.00359731819
    endloop
  endfacet
  facet normal 0.980973959 0.171213165 0.0915215313
    outer loop
      vertex 0.0282315388 0.00994756538 0.00664697727
      vertex 0.0287365355 0.00868435018 0.00359731819
      vertex 0.0282315519 0.0110531803 0.00457851728
    endloop
  endfacet
  facet normal -0.959430575 0.24865599 0.132903367
    outer loop
      vertex 0.0224887002 0.0099476343 0.00664697774
      vertex 0.0231040809 0.0116972225 0.00781601854
      vertex 0.0231040958 0.0129972873 0.00538376579
    endloop
  endfacet
  facet normal -0.959430516 0.24865596 0.132903337
    outer loop
      vertex 0.0224887002 0.0099476343 0.00664697774
      vertex 0.0231040958 0.0129972873 0.00538376579
      vertex 0.0224887133 0.0110532492 0.00457851775
    endloop
  endfacet
  facet normal 0.959436357 0.2486334 0.132903382
    outer loop
      vertex 0.0276161991 0.0116971685 0.00781601854
      vertex 0.0282315388 0.00994756538 0.00664697727
      vertex 0.0282315519 0.0110531803 0.00457851728
    endloop
  endfacet
  facet normal 0.959436476 0.248632893 0.132903516
    outer loop
      vertex 0.0276161991 0.0116971685 0.00781601854
      vertex 0.0282315519 0.0110531803 0.00457851728
      vertex 0.0276162159 0.0129972333 0.00538376579
    endloop
  endfacet
  facet normal -0.980969667 0.1712372 0.0915220231
    outer loop
      vertex 0.0219836608 0.00781575497 0.00522249751
      vertex 0.0224887002 0.0099476343 0.00664697774
      vertex 0.0224887133 0.0110532492 0.00457851775
    endloop
  endfacet
  facet normal -0.980969846 0.171237111 0.0915214047
    outer loop
      vertex 0.0219836608 0.00781575497 0.00522249751
      vertex 0.0224887133 0.0110532492 0.00457851775
      vertex 0.0219836719 0.0086844312 0.00359731866
    endloop
  endfacet
  facet normal 0.911522686 0.362687498 0.193866611
    outer loop
      vertex 0.026914157 0.0129972408 0.00868469477
      vertex 0.0276161991 0.0116971685 0.00781601854
      vertex 0.0276162159 0.0129972333 0.00538376579
    endloop
  endfacet
  facet normal 0.911522269 0.362688422 0.193866536
    outer loop
      vertex 0.026914157 0.0129972408 0.00868469477
      vertex 0.0276162159 0.0129972333 0.00538376579
      vertex 0.0269141737 0.0144417956 0.00598212099
    endloop
  endfacet
  facet normal -0.991792798 0.112761438 0.0602654219
    outer loop
      vertex 0.021608375 0.00538350828 0.00359731889
      vertex 0.0219836608 0.00781575497 0.00522249751
      vertex 0.0219836719 0.0086844312 0.00359731866
    endloop
  endfacet
  facet normal -0.991792738 0.11276143 0.0602672994
    outer loop
      vertex 0.021608375 0.00538350828 0.00359731889
      vertex 0.0219836719 0.0086844312 0.00359731866
      vertex 0.0216083806 0.00598186301 0.00247787614
    endloop
  endfacet
  facet normal 0.782780051 0.548816442 0.29335314
    outer loop
      vertex 0.0261523873 0.0137978271 0.0092196241
      vertex 0.026914157 0.0129972408 0.00868469477
      vertex 0.0269141737 0.0144417956 0.00598212099
    endloop
  endfacet
  facet normal 0.782780409 0.548815846 0.29335314
    outer loop
      vertex 0.0261523873 0.0137978271 0.0092196241
      vertex 0.0269141737 0.0144417956 0.00598212099
      vertex 0.0261524059 0.0153313586 0.00635058712
    endloop
  endfacet
  facet normal -0.997334003 0.0643568486 0.034394484
    outer loop
      vertex 0.0213772599 0.00274436385 0.00183389743
      vertex 0.021608375 0.00538350828 0.00359731889
      vertex 0.0216083806 0.00598186301 0.00247787614
    endloop
  endfacet
  facet normal -0.997334123 0.0643571317 0.0343930796
    outer loop
      vertex 0.0213772599 0.00274436385 0.00183389743
      vertex 0.0216083806 0.00598186301 0.00247787614
      vertex 0.0213772636 0.00304940226 0.00126321043
    endloop
  endfacet
  facet normal 0.378099561 0.816450834 0.436404318
    outer loop
      vertex 0.0253601689 0.0140681593 0.00940024666
      vertex 0.0261523873 0.0137978271 0.0092196241
      vertex 0.0261524059 0.0153313586 0.00635058712
    endloop
  endfacet
  facet normal 0.378099799 0.816450715 0.436404318
    outer loop
      vertex 0.0253601689 0.0140681593 0.00940024666
      vertex 0.0261524059 0.0153313586 0.00635058712
      vertex 0.0253601875 0.0156317353 0.00647500111
    endloop
  endfacet
  facet normal 0.999718189 0.0209303033 0.011194
    outer loop
      vertex 0.0293428041 0.00274426839 0.00183389708
      vertex 0.0294208005 -3.54188899e-07 -1.77503207e-10
      vertex 0.0293428078 0.0030493068 0.00126321008
    endloop
  endfacet
  facet normal -0.999717832 0.0209542289 0.0111937309
    outer loop
      vertex 0.0212991983 -2.5675871e-07 1.77503207e-10
      vertex 0.0213772599 0.00274436385 0.00183389743
      vertex 0.0213772636 0.00304940226 0.00126321043
    endloop
  endfacet
  facet normal -0.378079951 0.816459894 0.436404407
    outer loop
      vertex 0.0245679431 0.0137978457 0.0092196241
      vertex 0.0253601689 0.0140681593 0.00940024666
      vertex 0.0253601875 0.0156317353 0.00647500111
    endloop
  endfacet
  facet normal -0.378080487 0.816459775 0.436404228
    outer loop
      vertex 0.0245679431 0.0137978457 0.0092196241
      vertex 0.0253601875 0.0156317353 0.00647500111
      vertex 0.0245679617 0.0153313773 0.00635058712
    endloop
  endfacet
  facet normal 0.997335613 0.0643330663 0.0343932435
    outer loop
      vertex 0.0291117541 0.00538341841 0.00359731866
      vertex 0.0293428041 0.00274426839 0.00183389708
      vertex 0.0293428078 0.0030493068 0.00126321008
    endloop
  endfacet
  facet normal 0.997335553 0.0643329546 0.0343933254
    outer loop
      vertex 0.0291117541 0.00538341841 0.00359731866
      vertex 0.0293428078 0.0030493068 0.00126321008
      vertex 0.0291117616 0.00598177314 0.00247787591
    endloop
  endfacet
  facet normal -0.782766998 0.54883498 0.2933532
    outer loop
      vertex 0.0238061547 0.012997278 0.00868469477
      vertex 0.0245679431 0.0137978457 0.0092196241
      vertex 0.0245679617 0.0153313773 0.00635058712
    endloop
  endfacet
  facet normal -0.782766819 0.548835158 0.293353468
    outer loop
      vertex 0.0238061547 0.012997278 0.00868469477
      vertex 0.0245679617 0.0153313773 0.00635058712
      vertex 0.0238061715 0.0144418329 0.00598212099
    endloop
  endfacet
  facet normal 0.991795361 0.112738021 0.0602663308
    outer loop
      vertex 0.0287365243 0.00781567395 0.00522249704
      vertex 0.0291117541 0.00538341841 0.00359731866
      vertex 0.0291117616 0.00598177314 0.00247787591
    endloop
  endfacet
  facet normal 0.991795421 0.112737849 0.0602664612
    outer loop
      vertex 0.0287365243 0.00781567395 0.00522249704
      vertex 0.0291117616 0.00598177314 0.00247787591
      vertex 0.0287365355 0.00868435018 0.00359731819
    endloop
  endfacet
  facet normal -0.997334003 0.0698308572 0.0211783256
    outer loop
      vertex 0.0213772636 0.00304940226 0.00126321043
      vertex 0.0216083806 0.00598186301 0.00247787614
      vertex 0.0216083862 0.00635032728 0.00126320997
    endloop
  endfacet
  facet normal -0.997334003 0.0698308498 0.0211799443
    outer loop
      vertex 0.0213772636 0.00304940226 0.00126321043
      vertex 0.0216083862 0.00635032728 0.00126320997
      vertex 0.0213772655 0.00323724397 0.000643978943
    endloop
  endfacet
  facet normal 0.378100932 0.885900974 0.268736184
    outer loop
      vertex 0.0253601875 0.0156317353 0.00647500111
      vertex 0.0261524059 0.0153313586 0.00635058712
      vertex 0.0261524171 0.016275702 0.00323750079
    endloop
  endfacet
  facet normal 0.378100753 0.885901034 0.268736124
    outer loop
      vertex 0.0253601875 0.0156317353 0.00647500111
      vertex 0.0261524171 0.016275702 0.00323750079
      vertex 0.0253601987 0.0165945794 0.00330092572
    endloop
  endfacet
  facet normal 0.999718308 0.0227108896 0.0068952837
    outer loop
      vertex 0.0293428078 0.0030493068 0.00126321008
      vertex 0.0294208005 -3.54188899e-07 -1.77503207e-10
      vertex 0.0293428116 0.00323714851 0.000643978594
    endloop
  endfacet
  facet normal -0.999717712 0.0227353647 0.0068936795
    outer loop
      vertex 0.0212991983 -2.5675871e-07 1.77503207e-10
      vertex 0.0213772636 0.00304940226 0.00126321043
      vertex 0.0213772655 0.00323724397 0.000643978943
    endloop
  endfacet
  facet normal -0.378079981 0.885909915 0.268736184
    outer loop
      vertex 0.0245679617 0.0153313773 0.00635058712
      vertex 0.0253601875 0.0156317353 0.00647500111
      vertex 0.0253601987 0.0165945794 0.00330092572
    endloop
  endfacet
  facet normal -0.378079891 0.885909975 0.268736213
    outer loop
      vertex 0.0245679617 0.0153313773 0.00635058712
      vertex 0.0253601987 0.0165945794 0.00330092572
      vertex 0.0245679729 0.0162757207 0.00323750079
    endloop
  endfacet
  facet normal 0.997335732 0.0698055625 0.0211812723
    outer loop
      vertex 0.0291117616 0.00598177314 0.00247787591
      vertex 0.0293428078 0.0030493068 0.00126321008
      vertex 0.0293428116 0.00323714851 0.000643978594
    endloop
  endfacet
  facet normal 0.997335732 0.0698072314 0.0211787838
    outer loop
      vertex 0.0291117616 0.00598177314 0.00247787591
      vertex 0.0293428116 0.00323714851 0.000643978594
      vertex 0.0291117653 0.00635023694 0.00126320962
    endloop
  endfacet
  facet normal -0.782766104 0.595520198 0.180646062
    outer loop
      vertex 0.0238061715 0.0144418329 0.00598212099
      vertex 0.0245679617 0.0153313773 0.00635058712
      vertex 0.0245679729 0.0162757207 0.00323750079
    endloop
  endfacet
  facet normal -0.782766104 0.595520198 0.180646077
    outer loop
      vertex 0.0238061715 0.0144418329 0.00598212099
      vertex 0.0245679729 0.0162757207 0.00323750079
      vertex 0.0238061827 0.0153313857 0.00304965838
    endloop
  endfacet
  facet normal 0.99179548 0.122329131 0.0371110514
    outer loop
      vertex 0.0287365355 0.00868435018 0.00359731819
      vertex 0.0291117616 0.00598177314 0.00247787591
      vertex 0.0291117653 0.00635023694 0.00126320962
    endloop
  endfacet
  facet normal 0.99179548 0.122328997 0.0371111929
    outer loop
      vertex 0.0287365355 0.00868435018 0.00359731819
      vertex 0.0291117653 0.00635023694 0.00126320962
      vertex 0.028736541 0.00921927765 0.0018338965
    endloop
  endfacet
  facet normal -0.911513507 0.393562108 0.119382299
    outer loop
      vertex 0.0231040958 0.0129972873 0.00538376579
      vertex 0.0238061715 0.0144418329 0.00598212099
      vertex 0.0238061827 0.0153313857 0.00304965838
    endloop
  endfacet
  facet normal -0.911513388 0.393562168 0.119382367
    outer loop
      vertex 0.0231040958 0.0129972873 0.00538376579
      vertex 0.0238061827 0.0153313857 0.00304965838
      vertex 0.0231041051 0.0137978625 0.00274461904
    endloop
  endfacet
  facet normal 0.980974019 0.185778245 0.0563582592
    outer loop
      vertex 0.0282315519 0.0110531803 0.00457851728
      vertex 0.0287365355 0.00868435018 0.00359731819
      vertex 0.028736541 0.00921927765 0.0018338965
    endloop
  endfacet
  facet normal 0.980974078 0.185778141 0.0563583411
    outer loop
      vertex 0.0282315519 0.0110531803 0.00457851728
      vertex 0.028736541 0.00921927765 0.0018338965
      vertex 0.0282315593 0.0117340134 0.00233410741
    endloop
  endfacet
  facet normal -0.959430218 0.269806474 0.0818413794
    outer loop
      vertex 0.0224887133 0.0110532492 0.00457851775
      vertex 0.0231040958 0.0129972873 0.00538376579
      vertex 0.0231041051 0.0137978625 0.00274461904
    endloop
  endfacet
  facet normal -0.959430277 0.269806623 0.0818416104
    outer loop
      vertex 0.0224887133 0.0110532492 0.00457851775
      vertex 0.0231041051 0.0137978625 0.00274461904
      vertex 0.0224887207 0.0117340824 0.00233410764
    endloop
  endfacet
  facet normal 0.959436774 0.269783616 0.0818410218
    outer loop
      vertex 0.0276162159 0.0129972333 0.00538376579
      vertex 0.0282315519 0.0110531803 0.00457851728
      vertex 0.0282315593 0.0117340134 0.00233410741
    endloop
  endfacet
  facet normal 0.959436834 0.269783378 0.081841141
    outer loop
      vertex 0.0276162159 0.0129972333 0.00538376579
      vertex 0.0282315593 0.0117340134 0.00233410741
      vertex 0.0276162252 0.0137978084 0.0027446188
    endloop
  endfacet
  facet normal -0.980969667 0.185801849 0.0563590117
    outer loop
      vertex 0.0219836719 0.0086844312 0.00359731866
      vertex 0.0224887133 0.0110532492 0.00457851775
      vertex 0.0224887207 0.0117340824 0.00233410764
    endloop
  endfacet
  facet normal -0.980969608 0.185801953 0.0563592203
    outer loop
      vertex 0.0219836719 0.0086844312 0.00359731866
      vertex 0.0224887207 0.0117340824 0.00233410764
      vertex 0.0219836775 0.00921935868 0.00183389685
    endloop
  endfacet
  facet normal 0.911522627 0.3935408 0.119382307
    outer loop
      vertex 0.0269141737 0.0144417956 0.00598212099
      vertex 0.0276162159 0.0129972333 0.00538376579
      vertex 0.0276162252 0.0137978084 0.0027446188
    endloop
  endfacet
  facet normal 0.911522925 0.393540055 0.119382538
    outer loop
      vertex 0.0269141737 0.0144417956 0.00598212099
      vertex 0.0276162252 0.0137978084 0.0027446188
      vertex 0.0269141849 0.0153313484 0.00304965838
    endloop
  endfacet
  facet normal -0.99179256 0.122352637 0.0371120758
    outer loop
      vertex 0.0216083806 0.00598186301 0.00247787614
      vertex 0.0219836719 0.0086844312 0.00359731866
      vertex 0.0219836775 0.00921935868 0.00183389685
    endloop
  endfacet
  facet normal -0.991792679 0.122352339 0.0371105485
    outer loop
      vertex 0.0216083806 0.00598186301 0.00247787614
      vertex 0.0219836775 0.00921935868 0.00183389685
      vertex 0.0216083862 0.00635032728 0.00126320997
    endloop
  endfacet
  facet normal 0.782780886 0.595500648 0.180646136
    outer loop
      vertex 0.0261524059 0.0153313586 0.00635058712
      vertex 0.0269141737 0.0144417956 0.00598212099
      vertex 0.0269141849 0.0153313484 0.00304965838
    endloop
  endfacet
  facet normal 0.782780349 0.595501363 0.180645987
    outer loop
      vertex 0.0261524059 0.0153313586 0.00635058712
      vertex 0.0269141849 0.0153313484 0.00304965838
      vertex 0.0261524171 0.016275702 0.00323750079
    endloop
  endfacet
  facet normal 0.980974257 0.193203047 0.019030856
    outer loop
      vertex 0.0282315593 0.0117340134 0.00233410741
      vertex 0.028736541 0.00921927765 0.0018338965
      vertex 0.0287365448 0.00939990114 -5.44154721e-10
    endloop
  endfacet
  facet normal 0.980974019 0.19320415 0.0190297253
    outer loop
      vertex 0.0282315593 0.0117340134 0.00233410741
      vertex 0.0287365448 0.00939990114 -5.44154721e-10
      vertex 0.0282315612 0.011963903 -7.14908743e-10
    endloop
  endfacet
  facet normal -0.959430099 0.280589104 0.0276342686
    outer loop
      vertex 0.0224887207 0.0117340824 0.00233410764
      vertex 0.0231041051 0.0137978625 0.00274461904
      vertex 0.0231041089 0.0140681835 -1.95047445e-09
    endloop
  endfacet
  facet normal -0.959430158 0.280588925 0.0276340563
    outer loop
      vertex 0.0224887207 0.0117340824 0.00233410764
      vertex 0.0231041089 0.0140681835 -1.95047445e-09
      vertex 0.0224887244 0.0119639719 -4.63881322e-10
    endloop
  endfacet
  facet normal 0.959436953 0.280565768 0.0276340693
    outer loop
      vertex 0.0276162252 0.0137978084 0.0027446188
      vertex 0.0282315593 0.0117340134 0.00233410741
      vertex 0.0282315612 0.011963903 -7.14908743e-10
    endloop
  endfacet
  facet normal 0.959436953 0.280565947 0.0276339315
    outer loop
      vertex 0.0276162252 0.0137978084 0.0027446188
      vertex 0.0282315612 0.011963903 -7.14908743e-10
      vertex 0.027616227 0.0140681295 -2.14770535e-09
    endloop
  endfacet
  facet normal -0.980969429 0.193227202 0.0190296602
    outer loop
      vertex 0.0219836775 0.00921935868 0.00183389685
      vertex 0.0224887207 0.0117340824 0.00233410764
      vertex 0.0224887244 0.0119639719 -4.63881322e-10
    endloop
  endfacet
  facet normal -0.980969489 0.193226904 0.0190291386
    outer loop
      vertex 0.0219836775 0.00921935868 0.00183389685
      vertex 0.0224887244 0.0119639719 -4.63881322e-10
      vertex 0.0219836812 0.00939998124 -2.48977672e-10
    endloop
  endfacet
  facet normal 0.911523104 0.409268647 0.040309988
    outer loop
      vertex 0.0269141849 0.0153313484 0.00304965838
      vertex 0.0276162252 0.0137978084 0.0027446188
      vertex 0.027616227 0.0140681295 -2.14770535e-09
    endloop
  endfacet
  facet normal 0.911523402 0.409267843 0.0403103866
    outer loop
      vertex 0.0269141849 0.0153313484 0.00304965838
      vertex 0.027616227 0.0140681295 -2.14770535e-09
      vertex 0.0269141886 0.015631713 -9.99462624e-10
    endloop
  endfacet
  facet normal -0.99179256 0.127241686 0.0125301657
    outer loop
      vertex 0.0216083862 0.00635032728 0.00126320997
      vertex 0.0219836775 0.00921935868 0.00183389685
      vertex 0.0219836812 0.00939998124 -2.48977672e-10
    endloop
  endfacet
  facet normal -0.99179256 0.12724191 0.0125307264
    outer loop
      vertex 0.0216083862 0.00635032728 0.00126320997
      vertex 0.0219836812 0.00939998124 -2.48977672e-10
      vertex 0.0216083881 0.0064747422 -4.94640995e-10
    endloop
  endfacet
  facet normal 0.782780588 0.61930114 0.0609966628
    outer loop
      vertex 0.0261524171 0.016275702 0.00323750079
      vertex 0.0269141849 0.0153313484 0.00304965838
      vertex 0.0269141886 0.015631713 -9.99462624e-10
    endloop
  endfacet
  facet normal 0.78278017 0.619301677 0.0609964766
    outer loop
      vertex 0.0261524171 0.016275702 0.00323750079
      vertex 0.0269141886 0.015631713 -9.99462624e-10
      vertex 0.0261524208 0.0165945664 -2.96367514e-10
    endloop
  endfacet
  facet normal -0.997333884 0.0726213679 0.00715107005
    outer loop
      vertex 0.0213772655 0.00323724397 0.000643978943
      vertex 0.0216083862 0.00635032728 0.00126320997
      vertex 0.0216083881 0.0064747422 -4.94640995e-10
    endloop
  endfacet
  facet normal -0.997333944 0.0726210847 0.00714965817
    outer loop
      vertex 0.0213772655 0.00323724397 0.000643978943
      vertex 0.0216083881 0.0064747422 -4.94640995e-10
      vertex 0.0213772673 0.0033006703 -2.15321705e-10
    endloop
  endfacet
  facet normal 0.378101557 0.921306312 0.0907407179
    outer loop
      vertex 0.0253601987 0.0165945794 0.00330092572
      vertex 0.0261524171 0.016275702 0.00323750079
      vertex 0.0261524208 0.0165945664 -2.96367514e-10
    endloop
  endfacet
  facet normal 0.378101856 0.921306193 0.0907407925
    outer loop
      vertex 0.0253601987 0.0165945794 0.00330092572
      vertex 0.0261524208 0.0165945664 -2.96367514e-10
      vertex 0.0253602024 0.0169196911 -2.36690334e-09
    endloop
  endfacet
  facet normal 0.999718368 0.0236197114 0.00232633529
    outer loop
      vertex 0.0293428116 0.00323714851 0.000643978594
      vertex 0.0294208005 -3.54188899e-07 -1.77503207e-10
      vertex 0.0293428116 0.00330057484 -5.63506741e-10
    endloop
  endfacet
  facet normal -0.999717653 0.0236439649 0.00232582237
    outer loop
      vertex 0.0212991983 -2.5675871e-07 1.77503207e-10
      vertex 0.0213772655 0.00323724397 0.000643978943
      vertex 0.0213772673 0.0033006703 -2.15321705e-10
    endloop
  endfacet
  facet normal -0.378079891 0.921315134 0.0907408223
    outer loop
      vertex 0.0245679729 0.0162757207 0.00323750079
      vertex 0.0253601987 0.0165945794 0.00330092572
      vertex 0.0253602024 0.0169196911 -2.36690334e-09
    endloop
  endfacet
  facet normal -0.378080249 0.921315014 0.0907407105
    outer loop
      vertex 0.0245679729 0.0162757207 0.00323750079
      vertex 0.0253602024 0.0169196911 -2.36690334e-09
      vertex 0.0245679766 0.016594585 -2.27109193e-10
    endloop
  endfacet
  facet normal 0.997335613 0.0725976676 0.00715023233
    outer loop
      vertex 0.0291117653 0.00635023694 0.00126320962
      vertex 0.0293428116 0.00323714851 0.000643978594
      vertex 0.0293428116 0.00330057484 -5.63506741e-10
    endloop
  endfacet
  facet normal 0.997335672 0.0725971013 0.00715163583
    outer loop
      vertex 0.0291117653 0.00635023694 0.00126320962
      vertex 0.0293428116 0.00330057484 -5.63506741e-10
      vertex 0.0291117672 0.00647465186 -8.22624135e-10
    endloop
  endfacet
  facet normal -0.782765746 0.619319975 0.060996484
    outer loop
      vertex 0.0238061827 0.0153313857 0.00304965838
      vertex 0.0245679729 0.0162757207 0.00323750079
      vertex 0.0245679766 0.016594585 -2.27109193e-10
    endloop
  endfacet
  facet normal -0.782765567 0.619320273 0.060996633
    outer loop
      vertex 0.0238061827 0.0153313857 0.00304965838
      vertex 0.0245679766 0.016594585 -2.27109193e-10
      vertex 0.0238061864 0.0156317502 -8.63607574e-10
    endloop
  endfacet
  facet normal 0.991795599 0.127218232 0.0125313383
    outer loop
      vertex 0.028736541 0.00921927765 0.0018338965
      vertex 0.0291117653 0.00635023694 0.00126320962
      vertex 0.0291117672 0.00647465186 -8.22624135e-10
    endloop
  endfacet
  facet normal 0.991795599 0.127217859 0.0125319082
    outer loop
      vertex 0.028736541 0.00921927765 0.0018338965
      vertex 0.0291117672 0.00647465186 -8.22624135e-10
      vertex 0.0287365448 0.00939990114 -5.44154721e-10
    endloop
  endfacet
  facet normal -0.91151315 0.409290612 0.0403104089
    outer loop
      vertex 0.0231041051 0.0137978625 0.00274461904
      vertex 0.0238061827 0.0153313857 0.00304965838
      vertex 0.0238061864 0.0156317502 -8.63607574e-10
    endloop
  endfacet
  facet normal -0.911513269 0.409290463 0.0403102748
    outer loop
      vertex 0.0231041051 0.0137978625 0.00274461904
      vertex 0.0238061864 0.0156317502 -8.63607574e-10
      vertex 0.0231041089 0.0140681835 -1.95047445e-09
    endloop
  endfacet
  facet normal 0.378102243 0.921305954 -0.0907412171
    outer loop
      vertex 0.0253602024 0.0169196911 -2.36690334e-09
      vertex 0.0261524208 0.0165945664 -2.96367514e-10
      vertex 0.0261524171 0.0162757002 -0.00323750102
    endloop
  endfacet
  facet normal 0.378101945 0.921306133 -0.0907412991
    outer loop
      vertex 0.0253602024 0.0169196911 -2.36690334e-09
      vertex 0.0261524171 0.0162757002 -0.00323750102
      vertex 0.0253601987 0.0165945776 -0.00330092991
    endloop
  endfacet
  facet normal 0.999718368 0.0236197114 -0.00232634437
    outer loop
      vertex 0.0293428116 0.00330057484 -5.63506741e-10
      vertex 0.0294208005 -3.54188899e-07 -1.77503207e-10
      vertex 0.0293428116 0.00323714828 -0.0006439797
    endloop
  endfacet
  facet normal -0.999717712 0.0236439649 -0.0023258361
    outer loop
      vertex 0.0212991983 -2.5675871e-07 1.77503207e-10
      vertex 0.0213772673 0.0033006703 -2.15321705e-10
      vertex 0.0213772655 0.00323724374 -0.000643979351
    endloop
  endfacet
  facet normal -0.378080666 0.921314895 -0.0907413214
    outer loop
      vertex 0.0245679766 0.016594585 -2.27109193e-10
      vertex 0.0253602024 0.0169196911 -2.36690334e-09
      vertex 0.0253601987 0.0165945776 -0.00330092991
    endloop
  endfacet
  facet normal -0.378079534 0.921315312 -0.0907410532
    outer loop
      vertex 0.0245679766 0.016594585 -2.27109193e-10
      vertex 0.0253601987 0.0165945776 -0.00330092991
      vertex 0.024567971 0.0162757188 -0.00323750102
    endloop
  endfacet
  facet normal 0.997335732 0.0725971013 -0.00715020625
    outer loop
      vertex 0.0291117672 0.00647465186 -8.22624135e-10
      vertex 0.0293428116 0.00330057484 -5.63506741e-10
      vertex 0.0293428116 0.00323714828 -0.0006439797
    endloop
  endfacet
  facet normal 0.997335672 0.0725973919 -0.00715169171
    outer loop
      vertex 0.0291117672 0.00647465186 -8.22624135e-10
      vertex 0.0293428116 0.00323714828 -0.0006439797
      vertex 0.0291117653 0.00635023648 -0.00126321113
    endloop
  endfacet
  facet normal -0.782765567 0.619320333 -0.0609964244
    outer loop
      vertex 0.0238061864 0.0156317502 -8.63607574e-10
      vertex 0.0245679766 0.016594585 -2.27109193e-10
      vertex 0.024567971 0.0162757188 -0.00323750102
    endloop
  endfacet
  facet normal -0.782766223 0.619319439 -0.0609967485
    outer loop
      vertex 0.0238061864 0.0156317502 -8.63607574e-10
      vertex 0.024567971 0.0162757188 -0.00323750102
      vertex 0.0238061827 0.0153313847 -0.00304966001
    endloop
  endfacet
  facet normal 0.991795659 0.127217859 -0.0125313373
    outer loop
      vertex 0.0287365448 0.00939990114 -5.44154721e-10
      vertex 0.0291117672 0.00647465186 -8.22624135e-10
      vertex 0.0291117653 0.00635023648 -0.00126321113
    endloop
  endfacet
  facet normal 0.991795599 0.127218127 -0.0125319976
    outer loop
      vertex 0.0287365448 0.00939990114 -5.44154721e-10
      vertex 0.0291117653 0.00635023648 -0.00126321113
      vertex 0.028736541 0.00921927672 -0.00183389778
    endloop
  endfacet
  facet normal -0.911513209 0.409290493 -0.0403105058
    outer loop
      vertex 0.0231041089 0.0140681835 -1.95047445e-09
      vertex 0.0238061864 0.0156317502 -8.63607574e-10
      vertex 0.0238061827 0.0153313847 -0.00304966001
    endloop
  endfacet
  facet normal -0.911513209 0.409290671 -0.040310435
    outer loop
      vertex 0.0231041089 0.0140681835 -1.95047445e-09
      vertex 0.0238061827 0.0153313847 -0.00304966001
      vertex 0.0231041051 0.0137978615 -0.00274462276
    endloop
  endfacet
  facet normal 0.980973959 0.19320415 -0.0190310888
    outer loop
      vertex 0.0282315612 0.011963903 -7.14908743e-10
      vertex 0.0287365448 0.00939990114 -5.44154721e-10
      vertex 0.028736541 0.00921927672 -0.00183389778
    endloop
  endfacet
  facet normal 0.980974257 0.193203226 -0.0190296341
    outer loop
      vertex 0.0282315612 0.011963903 -7.14908743e-10
      vertex 0.028736541 0.00921927672 -0.00183389778
      vertex 0.0282315593 0.0117340134 -0.00233410881
    endloop
  endfacet
  facet normal -0.959430218 0.280588895 -0.027634332
    outer loop
      vertex 0.0224887244 0.0119639719 -4.63881322e-10
      vertex 0.0231041089 0.0140681835 -1.95047445e-09
      vertex 0.0231041051 0.0137978615 -0.00274462276
    endloop
  endfacet
  facet normal -0.959430099 0.280589193 -0.0276340842
    outer loop
      vertex 0.0224887244 0.0119639719 -4.63881322e-10
      vertex 0.0231041051 0.0137978615 -0.00274462276
      vertex 0.0224887207 0.0117340824 -0.00233410858
    endloop
  endfacet
  facet normal 0.959436834 0.280565917 -0.0276340917
    outer loop
      vertex 0.027616227 0.0140681295 -2.14770535e-09
      vertex 0.0282315612 0.011963903 -7.14908743e-10
      vertex 0.0282315593 0.0117340134 -0.00233410881
    endloop
  endfacet
  facet normal 0.959436953 0.280565828 -0.0276340153
    outer loop
      vertex 0.027616227 0.0140681295 -2.14770535e-09
      vertex 0.0282315593 0.0117340134 -0.00233410881
      vertex 0.0276162252 0.0137978075 -0.00274462299
    endloop
  endfacet
  facet normal -0.980969548 0.193226904 -0.0190296229
    outer loop
      vertex 0.0219836812 0.00939998124 -2.48977672e-10
      vertex 0.0224887244 0.0119639719 -4.63881322e-10
      vertex 0.0224887207 0.0117340824 -0.00233410858
    endloop
  endfacet
  facet normal -0.980969548 0.193227261 -0.0190292709
    outer loop
      vertex 0.0219836812 0.00939998124 -2.48977672e-10
      vertex 0.0224887207 0.0117340824 -0.00233410858
      vertex 0.0219836775 0.00921935774 -0.00183389743
    endloop
  endfacet
  facet normal 0.911523461 0.409267873 -0.0403100364
    outer loop
      vertex 0.0269141886 0.015631713 -9.99462624e-10
      vertex 0.027616227 0.0140681295 -2.14770535e-09
      vertex 0.0276162252 0.0137978075 -0.00274462299
    endloop
  endfacet
  facet normal 0.911523044 0.409268558 -0.0403105877
    outer loop
      vertex 0.0269141886 0.015631713 -9.99462624e-10
      vertex 0.0276162252 0.0137978075 -0.00274462299
      vertex 0.0269141849 0.0153313475 -0.00304966001
    endloop
  endfacet
  facet normal -0.99179256 0.12724191 -0.0125302495
    outer loop
      vertex 0.0216083881 0.0064747422 -4.94640995e-10
      vertex 0.0219836812 0.00939998124 -2.48977672e-10
      vertex 0.0219836775 0.00921935774 -0.00183389743
    endloop
  endfacet
  facet normal -0.99179256 0.127241582 -0.0125307422
    outer loop
      vertex 0.0216083881 0.0064747422 -4.94640995e-10
      vertex 0.0219836775 0.00921935774 -0.00183389743
      vertex 0.0216083862 0.00635032682 -0.00126321078
    endloop
  endfacet
  facet normal 0.78278017 0.619301796 -0.0609969348
    outer loop
      vertex 0.0261524208 0.0165945664 -2.96367514e-10
      vertex 0.0269141886 0.015631713 -9.99462624e-10
      vertex 0.0269141849 0.0153313475 -0.00304966001
    endloop
  endfacet
  facet normal 0.78278023 0.619301617 -0.0609968342
    outer loop
      vertex 0.0261524208 0.0165945664 -2.96367514e-10
      vertex 0.0269141849 0.0153313475 -0.00304966001
      vertex 0.0261524171 0.0162757002 -0.00323750102
    endloop
  endfacet
  facet normal -0.997334003 0.0726210922 -0.00715108635
    outer loop
      vertex 0.0213772673 0.0033006703 -2.15321705e-10
      vertex 0.0216083881 0.0064747422 -4.94640995e-10
      vertex 0.0216083862 0.00635032682 -0.00126321078
    endloop
  endfacet
  facet normal -0.997333944 0.072621651 -0.00714974012
    outer loop
      vertex 0.0213772673 0.0033006703 -2.15321705e-10
      vertex 0.0216083862 0.00635032682 -0.00126321078
      vertex 0.0213772655 0.00323724374 -0.000643979351
    endloop
  endfacet
  facet normal -0.959430158 0.269806623 -0.0818416253
    outer loop
      vertex 0.0224887207 0.0117340824 -0.00233410858
      vertex 0.0231041051 0.0137978615 -0.00274462276
      vertex 0.0231040958 0.0129972845 -0.00538376952
    endloop
  endfacet
  facet normal -0.959430218 0.269806415 -0.0818416998
    outer loop
      vertex 0.0224887207 0.0117340824 -0.00233410858
      vertex 0.0231040958 0.0129972845 -0.00538376952
      vertex 0.0224887133 0.0110532483 -0.00457851775
    endloop
  endfacet
  facet normal 0.959436834 0.269783199 -0.0818418115
    outer loop
      vertex 0.0276162252 0.0137978075 -0.00274462299
      vertex 0.0282315593 0.0117340134 -0.00233410881
      vertex 0.02823155 0.0110531794 -0.00457851822
    endloop
  endfacet
  facet normal 0.959436715 0.269783318 -0.0818420127
    outer loop
      vertex 0.0276162252 0.0137978075 -0.00274462299
      vertex 0.02823155 0.0110531794 -0.00457851822
      vertex 0.027616214 0.0129972305 -0.00538376952
    endloop
  endfacet
  facet normal -0.980969548 0.185801864 -0.0563591234
    outer loop
      vertex 0.0219836775 0.00921935774 -0.00183389743
      vertex 0.0224887207 0.0117340824 -0.00233410858
      vertex 0.0224887133 0.0110532483 -0.00457851775
    endloop
  endfacet
  facet normal -0.980969608 0.1858017 -0.0563592575
    outer loop
      vertex 0.0219836775 0.00921935774 -0.00183389743
      vertex 0.0224887133 0.0110532483 -0.00457851775
      vertex 0.0219836719 0.00868442934 -0.00359731866
    endloop
  endfacet
  facet normal 0.911522806 0.393540055 -0.11938303
    outer loop
      vertex 0.0269141849 0.0153313475 -0.00304966001
      vertex 0.0276162252 0.0137978075 -0.00274462299
      vertex 0.027616214 0.0129972305 -0.00538376952
    endloop
  endfacet
  facet normal 0.911523104 0.393539578 -0.119382396
    outer loop
      vertex 0.0269141849 0.0153313475 -0.00304966001
      vertex 0.027616214 0.0129972305 -0.00538376952
      vertex 0.0269141737 0.0144417947 -0.00598212238
    endloop
  endfacet
  facet normal -0.991792619 0.122352064 -0.0371119864
    outer loop
      vertex 0.0216083862 0.00635032682 -0.00126321078
      vertex 0.0219836775 0.00921935774 -0.00183389743
      vertex 0.0219836719 0.00868442934 -0.00359731866
    endloop
  endfacet
  facet normal -0.99179256 0.122353099 -0.0371109284
    outer loop
      vertex 0.0216083862 0.00635032682 -0.00126321078
      vertex 0.0219836719 0.00868442934 -0.00359731866
      vertex 0.0216083806 0.00598186115 -0.00247787661
    endloop
  endfacet
  facet normal 0.782779932 0.5955019 -0.180646494
    outer loop
      vertex 0.0261524171 0.0162757002 -0.00323750102
      vertex 0.0269141849 0.0153313475 -0.00304966001
      vertex 0.0269141737 0.0144417947 -0.00598212238
    endloop
  endfacet
  facet normal 0.782779872 0.5955019 -0.180646539
    outer loop
      vertex 0.0261524171 0.0162757002 -0.00323750102
      vertex 0.0269141737 0.0144417947 -0.00598212238
      vertex 0.0261524059 0.0153313549 -0.00635058666
    endloop
  endfacet
  facet normal -0.997334003 0.0698311552 -0.0211785138
    outer loop
      vertex 0.0213772655 0.00323724374 -0.000643979351
      vertex 0.0216083862 0.00635032682 -0.00126321078
      vertex 0.0216083806 0.00598186115 -0.00247787661
    endloop
  endfacet
  facet normal -0.997334003 0.0698302761 -0.0211798027
    outer loop
      vertex 0.0213772655 0.00323724374 -0.000643979351
      vertex 0.0216083806 0.00598186115 -0.00247787661
      vertex 0.0213772636 0.0030494018 -0.00126321067
    endloop
  endfacet
  facet normal 0.378101915 0.885900438 -0.268736631
    outer loop
      vertex 0.0253601987 0.0165945776 -0.00330092991
      vertex 0.0261524171 0.0162757002 -0.00323750102
      vertex 0.0261524059 0.0153313549 -0.00635058666
    endloop
  endfacet
  facet normal 0.378102094 0.885900378 -0.268736571
    outer loop
      vertex 0.0253601987 0.0165945776 -0.00330092991
      vertex 0.0261524059 0.0153313549 -0.00635058666
      vertex 0.0253601875 0.0156317316 -0.00647500437
    endloop
  endfacet
  facet normal 0.999718368 0.0227108914 -0.00689529395
    outer loop
      vertex 0.0293428116 0.00323714828 -0.0006439797
      vertex 0.0294208005 -3.54188899e-07 -1.77503207e-10
      vertex 0.0293428078 0.00304930634 -0.00126321102
    endloop
  endfacet
  facet normal -0.999717712 0.0227353591 -0.00689369859
    outer loop
      vertex 0.0212991983 -2.5675871e-07 1.77503207e-10
      vertex 0.0213772655 0.00323724374 -0.000643979351
      vertex 0.0213772636 0.0030494018 -0.00126321067
    endloop
  endfacet
  facet normal -0.378080308 0.885909557 -0.26873666
    outer loop
      vertex 0.024567971 0.0162757188 -0.00323750102
      vertex 0.0253601987 0.0165945776 -0.00330092991
      vertex 0.0253601875 0.0156317316 -0.00647500437
    endloop
  endfacet
  facet normal -0.378080308 0.885909617 -0.26873669
    outer loop
      vertex 0.024567971 0.0162757188 -0.00323750102
      vertex 0.0253601875 0.0156317316 -0.00647500437
      vertex 0.0245679598 0.0153313735 -0.00635058666
    endloop
  endfacet
  facet normal 0.997335672 0.0698066652 -0.021181643
    outer loop
      vertex 0.0291117653 0.00635023648 -0.00126321113
      vertex 0.0293428116 0.00323714828 -0.0006439797
      vertex 0.0293428078 0.00304930634 -0.00126321102
    endloop
  endfacet
  facet normal 0.997335672 0.0698066726 -0.0211787038
    outer loop
      vertex 0.0291117653 0.00635023648 -0.00126321113
      vertex 0.0293428078 0.00304930634 -0.00126321102
      vertex 0.0291117616 0.00598177128 -0.00247787684
    endloop
  endfacet
  facet normal -0.782766402 0.595519662 -0.180646315
    outer loop
      vertex 0.0238061827 0.0153313847 -0.00304966001
      vertex 0.024567971 0.0162757188 -0.00323750102
      vertex 0.0245679598 0.0153313735 -0.00635058666
    endloop
  endfacet
  facet normal -0.782765865 0.595520496 -0.180646181
    outer loop
      vertex 0.0238061827 0.0153313847 -0.00304966001
      vertex 0.0245679598 0.0153313735 -0.00635058666
      vertex 0.0238061715 0.014441832 -0.00598212238
    endloop
  endfacet
  facet normal 0.99179554 0.122329034 -0.0371111818
    outer loop
      vertex 0.028736541 0.00921927672 -0.00183389778
      vertex 0.0291117653 0.00635023648 -0.00126321113
      vertex 0.0291117616 0.00598177128 -0.00247787684
    endloop
  endfacet
  facet normal 0.99179548 0.122329041 -0.0371112786
    outer loop
      vertex 0.028736541 0.00921927672 -0.00183389778
      vertex 0.0291117616 0.00598177128 -0.00247787684
      vertex 0.0287365355 0.00868434832 -0.00359731913
    endloop
  endfacet
  facet normal -0.911513329 0.393562317 -0.119382352
    outer loop
      vertex 0.0231041051 0.0137978615 -0.00274462276
      vertex 0.0238061827 0.0153313847 -0.00304966001
      vertex 0.0238061715 0.014441832 -0.00598212238
    endloop
  endfacet
  facet normal -0.911513507 0.393561721 -0.119382508
    outer loop
      vertex 0.0231041051 0.0137978615 -0.00274462276
      vertex 0.0238061715 0.014441832 -0.00598212238
      vertex 0.0231040958 0.0129972845 -0.00538376952
    endloop
  endfacet
  facet normal 0.980974138 0.185778081 -0.0563583113
    outer loop
      vertex 0.0282315593 0.0117340134 -0.00233410881
      vertex 0.028736541 0.00921927672 -0.00183389778
      vertex 0.0287365355 0.00868434832 -0.00359731913
    endloop
  endfacet
  facet normal 0.980973959 0.185778469 -0.0563593432
    outer loop
      vertex 0.0282315593 0.0117340134 -0.00233410881
      vertex 0.0287365355 0.00868434832 -0.00359731913
      vertex 0.02823155 0.0110531794 -0.00457851822
    endloop
  endfacet
  facet normal -0.999717772 0.0209542252 -0.0111937467
    outer loop
      vertex 0.0212991983 -2.5675871e-07 1.77503207e-10
      vertex 0.0213772636 0.0030494018 -0.00126321067
      vertex 0.0213772599 0.00274436316 -0.00183389743
    endloop
  endfacet
  facet normal -0.378081381 0.816459298 -0.436404198
    outer loop
      vertex 0.0245679598 0.0153313735 -0.00635058666
      vertex 0.0253601875 0.0156317316 -0.00647500437
      vertex 0.025360167 0.0140681555 -0.0094002476
    endloop
  endfacet
  facet normal -0.378081709 0.816459179 -0.436404198
    outer loop
      vertex 0.0245679598 0.0153313735 -0.00635058666
      vertex 0.025360167 0.0140681555 -0.0094002476
      vertex 0.0245679412 0.013797842 -0.00921962131
    endloop
  endfacet
  facet normal 0.997335613 0.0643330216 -0.0343932584
    outer loop
      vertex 0.0291117616 0.00598177128 -0.00247787684
      vertex 0.0293428078 0.00304930634 -0.00126321102
      vertex 0.0293428041 0.00274426769 -0.00183389778
    endloop
  endfacet
  facet normal 0.997335553 0.0643329918 -0.0343933553
    outer loop
      vertex 0.0291117616 0.00598177128 -0.00247787684
      vertex 0.0293428041 0.00274426769 -0.00183389778
      vertex 0.0291117541 0.00538341654 -0.00359731913
    endloop
  endfacet
  facet normal -0.782766402 0.548835397 -0.293353677
    outer loop
      vertex 0.0238061715 0.014441832 -0.00598212238
      vertex 0.0245679598 0.0153313735 -0.00635058666
      vertex 0.0245679412 0.013797842 -0.00921962131
    endloop
  endfacet
  facet normal -0.782766759 0.54883498 -0.293353677
    outer loop
      vertex 0.0238061715 0.014441832 -0.00598212238
      vertex 0.0245679412 0.013797842 -0.00921962131
      vertex 0.0238061547 0.0129972761 -0.00868469477
    endloop
  endfacet
  facet normal 0.991795361 0.112737916 -0.0602663308
    outer loop
      vertex 0.0287365355 0.00868434832 -0.00359731913
      vertex 0.0291117616 0.00598177128 -0.00247787684
      vertex 0.0291117541 0.00538341654 -0.00359731913
    endloop
  endfacet
  facet normal 0.991795421 0.112737916 -0.0602665097
    outer loop
      vertex 0.0287365355 0.00868434832 -0.00359731913
      vertex 0.0291117541 0.00538341654 -0.00359731913
      vertex 0.0287365243 0.00781567208 -0.00522249751
    endloop
  endfacet
  facet normal -0.911513805 0.362709463 -0.1938667
    outer loop
      vertex 0.0231040958 0.0129972845 -0.00538376952
      vertex 0.0238061715 0.014441832 -0.00598212238
      vertex 0.0238061547 0.0129972761 -0.00868469477
    endloop
  endfacet
  facet normal -0.911513567 0.362710267 -0.193866625
    outer loop
      vertex 0.0231040958 0.0129972845 -0.00538376952
      vertex 0.0238061547 0.0129972761 -0.00868469477
      vertex 0.0231040791 0.0116972178 -0.0078160204
    endloop
  endfacet
  facet normal 0.98097378 0.171213508 -0.0915222764
    outer loop
      vertex 0.02823155 0.0110531794 -0.00457851822
      vertex 0.0287365355 0.00868434832 -0.00359731913
      vertex 0.0287365243 0.00781567208 -0.00522249751
    endloop
  endfacet
  facet normal 0.98097384 0.171213433 -0.0915217698
    outer loop
      vertex 0.02823155 0.0110531794 -0.00457851822
      vertex 0.0287365243 0.00781567208 -0.00522249751
      vertex 0.028231537 0.00994756352 -0.00664697774
    endloop
  endfacet
  facet normal -0.959430516 0.248656094 -0.13290298
    outer loop
      vertex 0.0224887133 0.0110532483 -0.00457851775
      vertex 0.0231040958 0.0129972845 -0.00538376952
      vertex 0.0231040791 0.0116972178 -0.0078160204
    endloop
  endfacet
  facet normal -0.959430695 0.248655364 -0.132903159
    outer loop
      vertex 0.0224887133 0.0110532483 -0.00457851775
      vertex 0.0231040791 0.0116972178 -0.0078160204
      vertex 0.0224887002 0.00994763244 -0.00664697727
    endloop
  endfacet
  facet normal 0.959436476 0.248632997 -0.132903293
    outer loop
      vertex 0.027616214 0.0129972305 -0.00538376952
      vertex 0.02823155 0.0110531794 -0.00457851822
      vertex 0.028231537 0.00994756352 -0.00664697774
    endloop
  endfacet
  facet normal 0.959436536 0.248632938 -0.132903099
    outer loop
      vertex 0.027616214 0.0129972305 -0.00538376952
      vertex 0.028231537 0.00994756352 -0.00664697774
      vertex 0.0276161991 0.0116971638 -0.0078160204
    endloop
  endfacet
  facet normal -0.980969787 0.171236858 -0.0915219113
    outer loop
      vertex 0.0219836719 0.00868442934 -0.00359731866
      vertex 0.0224887133 0.0110532483 -0.00457851775
      vertex 0.0224887002 0.00994763244 -0.00664697727
    endloop
  endfacet
  facet normal -0.980969667 0.171237484 -0.0915216282
    outer loop
      vertex 0.0219836719 0.00868442934 -0.00359731866
      vertex 0.0224887002 0.00994763244 -0.00664697727
      vertex 0.0219836608 0.00781575311 -0.00522249704
    endloop
  endfacet
  facet normal 0.911522746 0.362687409 -0.193866268
    outer loop
      vertex 0.0269141737 0.0144417947 -0.00598212238
      vertex 0.027616214 0.0129972305 -0.00538376952
      vertex 0.0276161991 0.0116971638 -0.0078160204
    endloop
  endfacet
  facet normal 0.911522448 0.362687856 -0.193867087
    outer loop
      vertex 0.0269141737 0.0144417947 -0.00598212238
      vertex 0.0276161991 0.0116971638 -0.0078160204
      vertex 0.0269141551 0.0129972389 -0.00868469477
    endloop
  endfacet
  facet normal -0.991792619 0.112762071 -0.0602657683
    outer loop
      vertex 0.0216083806 0.00598186115 -0.00247787661
      vertex 0.0219836719 0.00868442934 -0.00359731866
      vertex 0.0219836608 0.00781575311 -0.00522249704
    endloop
  endfacet
  facet normal -0.991792619 0.112761855 -0.0602659062
    outer loop
      vertex 0.0216083806 0.00598186115 -0.00247787661
      vertex 0.0219836608 0.00781575311 -0.00522249704
      vertex 0.0216083732 0.00538350642 -0.00359731889
    endloop
  endfacet
  facet normal 0.782779336 0.548816741 -0.293354183
    outer loop
      vertex 0.0261524059 0.0153313549 -0.00635058666
      vertex 0.0269141737 0.0144417947 -0.00598212238
      vertex 0.0269141551 0.0129972389 -0.00868469477
    endloop
  endfacet
  facet normal 0.782779872 0.548816323 -0.293353647
    outer loop
      vertex 0.0261524059 0.0153313549 -0.00635058666
      vertex 0.0269141551 0.0129972389 -0.00868469477
      vertex 0.0261523873 0.0137978233 -0.00921962131
    endloop
  endfacet
  facet normal -0.997334123 0.0643571839 -0.0343930349
    outer loop
      vertex 0.0213772636 0.0030494018 -0.00126321067
      vertex 0.0216083806 0.00598186115 -0.00247787661
      vertex 0.0216083732 0.00538350642 -0.00359731889
    endloop
  endfacet
  facet normal -0.997334063 0.0643571094 -0.0343931057
    outer loop
      vertex 0.0213772636 0.0030494018 -0.00126321067
      vertex 0.0216083732 0.00538350642 -0.00359731889
      vertex 0.0213772599 0.00274436316 -0.00183389743
    endloop
  endfacet
  facet normal 0.378101468 0.81644994 -0.436404198
    outer loop
      vertex 0.0253601875 0.0156317316 -0.00647500437
      vertex 0.0261524059 0.0153313549 -0.00635058666
      vertex 0.0261523873 0.0137978233 -0.00921962131
    endloop
  endfacet
  facet normal 0.378100634 0.816450179 -0.436404675
    outer loop
      vertex 0.0253601875 0.0156317316 -0.00647500437
      vertex 0.0261523873 0.0137978233 -0.00921962131
      vertex 0.025360167 0.0140681555 -0.0094002476
    endloop
  endfacet
  facet normal 0.999718249 0.0209302977 -0.0111940121
    outer loop
      vertex 0.0293428078 0.00304930634 -0.00126321102
      vertex 0.0294208005 -3.54188899e-07 -1.77503207e-10
      vertex 0.0293428041 0.00274426769 -0.00183389778
    endloop
  endfacet
  facet normal -0.980970025 0.150092363 -0.123167582
    outer loop
      vertex 0.0219836608 0.00781575311 -0.00522249704
      vertex 0.0224887002 0.00994763244 -0.00664697727
      vertex 0.0224886816 0.00845972542 -0.00845999643
    endloop
  endfacet
  facet normal -0.980970085 0.15009138 -0.12316779
    outer loop
      vertex 0.0219836608 0.00781575311 -0.00522249704
      vertex 0.0224886816 0.00845972542 -0.00845999643
      vertex 0.0219836477 0.00664671231 -0.00664697774
    endloop
  endfacet
  facet normal 0.911521792 0.317897528 -0.260900706
    outer loop
      vertex 0.0269141551 0.0129972389 -0.00868469477
      vertex 0.0276161991 0.0116971638 -0.0078160204
      vertex 0.0276161786 0.00994756911 -0.00994790625
    endloop
  endfacet
  facet normal 0.911521852 0.317897439 -0.260900527
    outer loop
      vertex 0.0269141551 0.0129972389 -0.00868469477
      vertex 0.0276161786 0.00994756911 -0.00994790625
      vertex 0.0269141328 0.0110531934 -0.0110535193
    endloop
  endfacet
  facet normal -0.991792917 0.0988376886 -0.0811049044
    outer loop
      vertex 0.0216083732 0.00538350642 -0.00359731889
      vertex 0.0219836608 0.00781575311 -0.00522249704
      vertex 0.0219836477 0.00664671231 -0.00664697774
    endloop
  endfacet
  facet normal -0.991792858 0.0988379568 -0.0811048001
    outer loop
      vertex 0.0216083732 0.00538350642 -0.00359731889
      vertex 0.0219836477 0.00664671231 -0.00664697774
      vertex 0.0216083638 0.00457825698 -0.00457851822
    endloop
  endfacet
  facet normal 0.782778919 0.481040508 -0.394787431
    outer loop
      vertex 0.0261523873 0.0137978233 -0.00921962131
      vertex 0.0269141551 0.0129972389 -0.00868469477
      vertex 0.0269141328 0.0110531934 -0.0110535193
    endloop
  endfacet
  facet normal 0.7827788 0.481040657 -0.394787818
    outer loop
      vertex 0.0261523873 0.0137978233 -0.00921962131
      vertex 0.0269141328 0.0110531934 -0.0110535193
      vertex 0.026152363 0.0117340358 -0.0117343515
    endloop
  endfacet
  facet normal -0.997334182 0.0564107709 -0.0462856442
    outer loop
      vertex 0.0213772599 0.00274436316 -0.00183389743
      vertex 0.0216083732 0.00538350642 -0.00359731889
      vertex 0.0216083638 0.00457825698 -0.00457851822
    endloop
  endfacet
  facet normal -0.997334182 0.0564118586 -0.0462849177
    outer loop
      vertex 0.0213772599 0.00274436316 -0.00183389743
      vertex 0.0216083638 0.00457825698 -0.00457851822
      vertex 0.0213772543 0.00233385013 -0.00233410858
    endloop
  endfacet
  facet normal 0.378099769 0.715623915 -0.587301493
    outer loop
      vertex 0.025360167 0.0140681555 -0.0094002476
      vertex 0.0261523873 0.0137978233 -0.00921962131
      vertex 0.026152363 0.0117340358 -0.0117343515
    endloop
  endfacet
  facet normal 0.378100604 0.715623736 -0.587301016
    outer loop
      vertex 0.025360167 0.0140681555 -0.0094002476
      vertex 0.026152363 0.0117340358 -0.0117343515
      vertex 0.0253601428 0.0119639365 -0.0119642448
    endloop
  endfacet
  facet normal 0.999718249 0.0183451585 -0.0150629524
    outer loop
      vertex 0.0293428041 0.00274426769 -0.00183389778
      vertex 0.0294208005 -3.54188899e-07 -1.77503207e-10
      vertex 0.0293428004 0.00233375444 -0.00233410881
    endloop
  endfacet
  facet normal -0.999717832 0.0183685292 -0.0150635056
    outer loop
      vertex 0.0212991983 -2.5675871e-07 1.77503207e-10
      vertex 0.0213772599 0.00274436316 -0.00183389743
      vertex 0.0213772543 0.00233385013 -0.00233410858
    endloop
  endfacet
  facet normal -0.378083289 0.715632796 -0.587301373
    outer loop
      vertex 0.0245679412 0.013797842 -0.00921962131
      vertex 0.025360167 0.0140681555 -0.0094002476
      vertex 0.0253601428 0.0119639365 -0.0119642448
    endloop
  endfacet
  facet normal -0.378082931 0.715632796 -0.587301314
    outer loop
      vertex 0.0245679412 0.013797842 -0.00921962131
      vertex 0.0253601428 0.0119639365 -0.0119642448
      vertex 0.024567917 0.0117340554 -0.0117343515
    endloop
  endfacet
  facet normal 0.997335494 0.0563879721 -0.0462839343
    outer loop
      vertex 0.0291117541 0.00538341654 -0.00359731913
      vertex 0.0293428041 0.00274426769 -0.00183389778
      vertex 0.0293428004 0.00233375444 -0.00233410881
    endloop
  endfacet
  facet normal 0.997335434 0.0563873723 -0.046285376
    outer loop
      vertex 0.0291117541 0.00538341654 -0.00359731913
      vertex 0.0293428004 0.00233375444 -0.00233410881
      vertex 0.0291117448 0.00457816711 -0.00457851868
    endloop
  endfacet
  facet normal -0.782767534 0.481059045 -0.39478755
    outer loop
      vertex 0.0238061547 0.0129972761 -0.00868469477
      vertex 0.0245679412 0.013797842 -0.00921962131
      vertex 0.024567917 0.0117340554 -0.0117343515
    endloop
  endfacet
  facet normal -0.782767177 0.481059581 -0.394787699
    outer loop
      vertex 0.0238061547 0.0129972761 -0.00868469477
      vertex 0.024567917 0.0117340554 -0.0117343515
      vertex 0.0238061305 0.0110532306 -0.0110535193
    endloop
  endfacet
  facet normal 0.991795242 0.0988145098 -0.0811043531
    outer loop
      vertex 0.0287365243 0.00781567208 -0.00522249751
      vertex 0.0291117541 0.00538341654 -0.00359731913
      vertex 0.0291117448 0.00457816711 -0.00457851868
    endloop
  endfacet
  facet normal 0.991795242 0.0988145694 -0.0811040774
    outer loop
      vertex 0.0287365243 0.00781567208 -0.00522249751
      vertex 0.0291117448 0.00457816711 -0.00457851868
      vertex 0.0287365112 0.00664663129 -0.0066469782
    endloop
  endfacet
  facet normal -0.911514103 0.317919612 -0.260900795
    outer loop
      vertex 0.0231040791 0.0116972178 -0.0078160204
      vertex 0.0238061547 0.0129972761 -0.00868469477
      vertex 0.0238061305 0.0110532306 -0.0110535193
    endloop
  endfacet
  facet normal -0.911514342 0.317918867 -0.260900676
    outer loop
      vertex 0.0231040791 0.0116972178 -0.0078160204
      vertex 0.0238061305 0.0110532306 -0.0110535193
      vertex 0.0231040586 0.00994762313 -0.00994790625
    endloop
  endfacet
  facet normal 0.980973601 0.150068671 -0.123167127
    outer loop
      vertex 0.028231537 0.00994756352 -0.00664697774
      vertex 0.0287365243 0.00781567208 -0.00522249751
      vertex 0.0287365112 0.00664663129 -0.0066469782
    endloop
  endfacet
  facet normal 0.980973601 0.150068671 -0.123167329
    outer loop
      vertex 0.028231537 0.00994756352 -0.00664697774
      vertex 0.0287365112 0.00664663129 -0.0066469782
      vertex 0.0282315202 0.0084596565 -0.00845999643
    endloop
  endfacet
  facet normal -0.959431052 0.217949569 -0.17885749
    outer loop
      vertex 0.0224887002 0.00994763244 -0.00664697727
      vertex 0.0231040791 0.0116972178 -0.0078160204
      vertex 0.0231040586 0.00994762313 -0.00994790625
    endloop
  endfacet
  facet normal -0.959430814 0.217950359 -0.178857461
    outer loop
      vertex 0.0224887002 0.00994763244 -0.00664697727
      vertex 0.0231040586 0.00994762313 -0.00994790625
      vertex 0.0224886816 0.00845972542 -0.00845999643
    endloop
  endfacet
  facet normal 0.959436238 0.217927277 -0.178857282
    outer loop
      vertex 0.0276161991 0.0116971638 -0.0078160204
      vertex 0.028231537 0.00994756352 -0.00664697774
      vertex 0.0282315202 0.0084596565 -0.00845999643
    endloop
  endfacet
  facet normal 0.959436119 0.217927322 -0.178857669
    outer loop
      vertex 0.0276161991 0.0116971638 -0.0078160204
      vertex 0.0282315202 0.0084596565 -0.00845999643
      vertex 0.0276161786 0.00994756911 -0.00994790625
    endloop
  endfacet
  facet normal 0.997335374 0.0462720096 -0.0564007498
    outer loop
      vertex 0.0291117448 0.00457816711 -0.00457851868
      vertex 0.0293428004 0.00233375444 -0.00233410881
      vertex 0.0293427929 0.0018335433 -0.00274462136
    endloop
  endfacet
  facet normal 0.997335315 0.046272736 -0.0563996546
    outer loop
      vertex 0.0291117448 0.00457816711 -0.00457851868
      vertex 0.0293427929 0.0018335433 -0.00274462136
      vertex 0.0291117318 0.00359696755 -0.00538376812
    endloop
  endfacet
  facet normal -0.782768071 0.394797057 -0.481050313
    outer loop
      vertex 0.0238061305 0.0110532306 -0.0110535193
      vertex 0.024567917 0.0117340554 -0.0117343515
      vertex 0.0245678872 0.00921932422 -0.0137981381
    endloop
  endfacet
  facet normal -0.782768428 0.39479661 -0.481050104
    outer loop
      vertex 0.0238061305 0.0110532306 -0.0110535193
      vertex 0.0245678872 0.00921932422 -0.0137981381
      vertex 0.0238061026 0.00868440513 -0.012997563
    endloop
  endfacet
  facet normal 0.991795003 0.0810918435 -0.0988267809
    outer loop
      vertex 0.0287365112 0.00664663129 -0.0066469782
      vertex 0.0291117448 0.00457816711 -0.00457851868
      vertex 0.0291117318 0.00359696755 -0.00538376812
    endloop
  endfacet
  facet normal 0.991795003 0.0810918957 -0.0988266617
    outer loop
      vertex 0.0287365112 0.00664663129 -0.0066469782
      vertex 0.0291117318 0.00359696755 -0.00538376812
      vertex 0.0287364926 0.00522215012 -0.00781601854
    endloop
  endfacet
  facet normal -0.911514938 0.260911226 -0.317908376
    outer loop
      vertex 0.0231040586 0.00994762313 -0.00994790625
      vertex 0.0238061305 0.0110532306 -0.0110535193
      vertex 0.0238061026 0.00868440513 -0.012997563
    endloop
  endfacet
  facet normal -0.911514819 0.260911733 -0.317908555
    outer loop
      vertex 0.0231040586 0.00994762313 -0.00994790625
      vertex 0.0238061026 0.00868440513 -0.012997563
      vertex 0.0231040325 0.00781573635 -0.0116974991
    endloop
  endfacet
  facet normal 0.980973303 0.123155184 -0.150080785
    outer loop
      vertex 0.0282315202 0.0084596565 -0.00845999643
      vertex 0.0287365112 0.00664663129 -0.0066469782
      vertex 0.0287364926 0.00522215012 -0.00781601854
    endloop
  endfacet
  facet normal 0.980973303 0.123155348 -0.150080025
    outer loop
      vertex 0.0282315202 0.0084596565 -0.00845999643
      vertex 0.0287364926 0.00522215012 -0.00781601854
      vertex 0.0282314979 0.00664663594 -0.00994790345
    endloop
  endfacet
  facet normal -0.95943141 0.178869143 -0.217938602
    outer loop
      vertex 0.0224886816 0.00845972542 -0.00845999643
      vertex 0.0231040586 0.00994762313 -0.00994790625
      vertex 0.0231040325 0.00781573635 -0.0116974991
    endloop
  endfacet
  facet normal -0.959431291 0.178869367 -0.217938632
    outer loop
      vertex 0.0224886816 0.00845972542 -0.00845999643
      vertex 0.0231040325 0.00781573635 -0.0116974991
      vertex 0.0224886592 0.00664670486 -0.00994790345
    endloop
  endfacet
  facet normal 0.959435701 0.178845987 -0.217938915
    outer loop
      vertex 0.0276161786 0.00994756911 -0.00994790625
      vertex 0.0282315202 0.0084596565 -0.00845999643
      vertex 0.0282314979 0.00664663594 -0.00994790345
    endloop
  endfacet
  facet normal 0.959435582 0.178845957 -0.2179389
    outer loop
      vertex 0.0276161786 0.00994756911 -0.00994790625
      vertex 0.0282314979 0.00664663594 -0.00994790345
      vertex 0.0276161525 0.00781568233 -0.0116974991
    endloop
  endfacet
  facet normal -0.980970383 0.123179354 -0.150079787
    outer loop
      vertex 0.0219836477 0.00664671231 -0.00664697774
      vertex 0.0224886816 0.00845972542 -0.00845999643
      vertex 0.0224886592 0.00664670486 -0.00994790345
    endloop
  endfacet
  facet normal -0.980970263 0.123180017 -0.150079787
    outer loop
      vertex 0.0219836477 0.00664671231 -0.00664697774
      vertex 0.0224886592 0.00664670486 -0.00994790345
      vertex 0.0219836291 0.00522223068 -0.00781601854
    endloop
  endfacet
  facet normal 0.911521196 0.260889471 -0.317908585
    outer loop
      vertex 0.0269141328 0.0110531934 -0.0110535193
      vertex 0.0276161786 0.00994756911 -0.00994790625
      vertex 0.0276161525 0.00781568233 -0.0116974991
    endloop
  endfacet
  facet normal 0.911521375 0.260889411 -0.317907959
    outer loop
      vertex 0.0269141328 0.0110531934 -0.0110535193
      vertex 0.0276161525 0.00781568233 -0.0116974991
      vertex 0.0269141048 0.00868436787 -0.012997563
    endloop
  endfacet
  facet normal -0.991793036 0.0811170489 -0.0988256857
    outer loop
      vertex 0.0216083638 0.00457825698 -0.00457851822
      vertex 0.0219836477 0.00664671231 -0.00664697774
      vertex 0.0219836291 0.00522223068 -0.00781601854
    endloop
  endfacet
  facet normal -0.991793156 0.0811156854 -0.0988259837
    outer loop
      vertex 0.0216083638 0.00457825698 -0.00457851822
      vertex 0.0219836291 0.00522223068 -0.00781601854
      vertex 0.0216083527 0.00359705766 -0.00538376765
    endloop
  endfacet
  facet normal 0.782777607 0.394778252 -0.481050223
    outer loop
      vertex 0.026152363 0.0117340358 -0.0117343515
      vertex 0.0269141328 0.0110531934 -0.0110535193
      vertex 0.0269141048 0.00868436787 -0.012997563
    endloop
  endfacet
  facet normal 0.78277719 0.394778401 -0.481050849
    outer loop
      vertex 0.026152363 0.0117340358 -0.0117343515
      vertex 0.0269141048 0.00868436787 -0.012997563
      vertex 0.0261523314 0.00921930466 -0.0137981381
    endloop
  endfacet
  facet normal -0.997334242 0.0462972447 -0.0563995205
    outer loop
      vertex 0.0213772543 0.00233385013 -0.00233410858
      vertex 0.0216083638 0.00457825698 -0.00457851822
      vertex 0.0216083527 0.00359705766 -0.00538376765
    endloop
  endfacet
  facet normal -0.997334301 0.0462970436 -0.0563996024
    outer loop
      vertex 0.0213772543 0.00233385013 -0.00233410858
      vertex 0.0216083527 0.00359705766 -0.00538376765
      vertex 0.0213772487 0.00183363887 -0.0027446209
    endloop
  endfacet
  facet normal 0.378099382 0.587296307 -0.715628386
    outer loop
      vertex 0.0253601428 0.0119639365 -0.0119642448
      vertex 0.026152363 0.0117340358 -0.0117343515
      vertex 0.0261523314 0.00921930466 -0.0137981381
    endloop
  endfacet
  facet normal 0.378098994 0.587296247 -0.715628445
    outer loop
      vertex 0.0253601428 0.0119639365 -0.0119642448
      vertex 0.0261523314 0.00921930466 -0.0137981381
      vertex 0.0253601111 0.0093999384 -0.0140684629
    endloop
  endfacet
  facet normal 0.999718249 0.0150506683 -0.0183574427
    outer loop
      vertex 0.0293428004 0.00233375444 -0.00233410881
      vertex 0.0294208005 -3.54188899e-07 -1.77503207e-10
      vertex 0.0293427929 0.0018335433 -0.00274462136
    endloop
  endfacet
  facet normal -0.999717832 0.015075759 -0.0183562785
    outer loop
      vertex 0.0212991983 -2.5675871e-07 1.77503207e-10
      vertex 0.0213772543 0.00233385013 -0.00233410858
      vertex 0.0213772487 0.00183363887 -0.0027446209
    endloop
  endfacet
  facet normal -0.378084898 0.587305486 -0.715628386
    outer loop
      vertex 0.024567917 0.0117340554 -0.0117343515
      vertex 0.0253601428 0.0119639365 -0.0119642448
      vertex 0.0253601111 0.0093999384 -0.0140684629
    endloop
  endfacet
  facet normal -0.378084779 0.587305605 -0.715628505
    outer loop
      vertex 0.024567917 0.0117340554 -0.0117343515
      vertex 0.0253601111 0.0093999384 -0.0140684629
      vertex 0.0245678872 0.00921932422 -0.0137981381
    endloop
  endfacet
  facet normal 0.9115206 0.193855286 -0.362698823
    outer loop
      vertex 0.0269141048 0.00868436787 -0.012997563
      vertex 0.0276161525 0.00781568233 -0.0116974991
      vertex 0.0276161227 0.00538343051 -0.0129975639
    endloop
  endfacet
  facet normal 0.911520422 0.193855241 -0.36269927
    outer loop
      vertex 0.0269141048 0.00868436787 -0.012997563
      vertex 0.0276161227 0.00538343051 -0.0129975639
      vertex 0.0269140713 0.00598179409 -0.014442117
    endloop
  endfacet
  facet normal -0.991793394 0.0602773428 -0.112749696
    outer loop
      vertex 0.0216083527 0.00359705766 -0.00538376765
      vertex 0.0219836291 0.00522223068 -0.00781601854
      vertex 0.0219836105 0.0035970523 -0.00868469477
    endloop
  endfacet
  facet normal -0.991793454 0.060277503 -0.112749703
    outer loop
      vertex 0.0216083527 0.00359705766 -0.00538376765
      vertex 0.0219836105 0.0035970523 -0.00868469477
      vertex 0.0216083396 0.00247761514 -0.00598212192
    endloop
  endfacet
  facet normal 0.782775879 0.29334414 -0.548827052
    outer loop
      vertex 0.0261523314 0.00921930466 -0.0137981381
      vertex 0.0269141048 0.00868436787 -0.012997563
      vertex 0.0269140713 0.00598179409 -0.014442117
    endloop
  endfacet
  facet normal 0.782777011 0.293344051 -0.548825443
    outer loop
      vertex 0.0261523314 0.00921930466 -0.0137981381
      vertex 0.0269140713 0.00598179409 -0.014442117
      vertex 0.0261522979 0.00635026954 -0.0153316688
    endloop
  endfacet
  facet normal -0.997334421 0.0344050378 -0.0643455908
    outer loop
      vertex 0.0213772487 0.00183363887 -0.0027446209
      vertex 0.0216083527 0.00359705766 -0.00538376765
      vertex 0.0216083396 0.00247761514 -0.00598212192
    endloop
  endfacet
  facet normal -0.997334421 0.0344062857 -0.0643453375
    outer loop
      vertex 0.0213772487 0.00183363887 -0.0027446209
      vertex 0.0216083396 0.00247761514 -0.00598212192
      vertex 0.0213772412 0.00126295199 -0.00304965908
    endloop
  endfacet
  facet normal 0.378097266 0.43639943 -0.81645453
    outer loop
      vertex 0.0253601111 0.0093999384 -0.0140684629
      vertex 0.0261523314 0.00921930466 -0.0137981381
      vertex 0.0261522979 0.00635026954 -0.0153316688
    endloop
  endfacet
  facet normal 0.378095835 0.436399341 -0.816455245
    outer loop
      vertex 0.0253601111 0.0093999384 -0.0140684629
      vertex 0.0261522979 0.00635026954 -0.0153316688
      vertex 0.0253600758 0.00647469377 -0.0156320371
    endloop
  endfacet
  facet normal 0.99971813 0.0111835804 -0.0209413432
    outer loop
      vertex 0.0293427929 0.0018335433 -0.00274462136
      vertex 0.0294208005 -3.54188899e-07 -1.77503207e-10
      vertex 0.0293427873 0.00126285641 -0.00304965954
    endloop
  endfacet
  facet normal -0.999717891 0.0112065542 -0.0209415928
    outer loop
      vertex 0.0212991983 -2.5675871e-07 1.77503207e-10
      vertex 0.0213772487 0.00183363887 -0.0027446209
      vertex 0.0213772412 0.00126295199 -0.00304965908
    endloop
  endfacet
  facet normal -0.378086835 0.436408252 -0.816454709
    outer loop
      vertex 0.0245678872 0.00921932422 -0.0137981381
      vertex 0.0253601111 0.0093999384 -0.0140684629
      vertex 0.0253600758 0.00647469377 -0.0156320371
    endloop
  endfacet
  facet normal -0.37808609 0.436408609 -0.816454828
    outer loop
      vertex 0.0245678872 0.00921932422 -0.0137981381
      vertex 0.0253600758 0.00647469377 -0.0156320371
      vertex 0.0245678518 0.00635028817 -0.0153316688
    endloop
  endfacet
  facet normal 0.997335315 0.0343828909 -0.064344205
    outer loop
      vertex 0.0291117318 0.00359696755 -0.00538376812
      vertex 0.0293427929 0.0018335433 -0.00274462136
      vertex 0.0293427873 0.00126285641 -0.00304965954
    endloop
  endfacet
  facet normal 0.997335196 0.0343816988 -0.0643453896
    outer loop
      vertex 0.0291117318 0.00359696755 -0.00538376812
      vertex 0.0293427873 0.00126285641 -0.00304965954
      vertex 0.0291117188 0.00247752503 -0.00598212238
    endloop
  endfacet
  facet normal -0.78276962 0.293363035 -0.54882592
    outer loop
      vertex 0.0238061026 0.00868440513 -0.012997563
      vertex 0.0245678872 0.00921932422 -0.0137981381
      vertex 0.0245678518 0.00635028817 -0.0153316688
    endloop
  endfacet
  facet normal -0.78276974 0.293362826 -0.5488258
    outer loop
      vertex 0.0238061026 0.00868440513 -0.012997563
      vertex 0.0245678518 0.00635028817 -0.0153316688
      vertex 0.023806069 0.00598183135 -0.014442117
    endloop
  endfacet
  facet normal 0.991794705 0.0602544509 -0.1127498
    outer loop
      vertex 0.0287364926 0.00522215012 -0.00781601854
      vertex 0.0291117318 0.00359696755 -0.00538376812
      vertex 0.0291117188 0.00247752503 -0.00598212238
    endloop
  endfacet
  facet normal 0.991794765 0.0602545664 -0.112749629
    outer loop
      vertex 0.0287364926 0.00522215012 -0.00781601854
      vertex 0.0291117188 0.00247752503 -0.00598212238
      vertex 0.028736474 0.00359697128 -0.00868469477
    endloop
  endfacet
  facet normal -0.911515594 0.193877846 -0.362699211
    outer loop
      vertex 0.0231040325 0.00781573635 -0.0116974991
      vertex 0.0238061026 0.00868440513 -0.012997563
      vertex 0.023806069 0.00598183135 -0.014442117
    endloop
  endfacet
  facet normal -0.91151607 0.193876833 -0.362698674
    outer loop
      vertex 0.0231040325 0.00781573635 -0.0116974991
      vertex 0.023806069 0.00598183135 -0.014442117
      vertex 0.0231040046 0.00538348453 -0.0129975639
    endloop
  endfacet
  facet normal 0.980973065 0.0915102363 -0.171224624
    outer loop
      vertex 0.0282314979 0.00664663594 -0.00994790345
      vertex 0.0287364926 0.00522215012 -0.00781601854
      vertex 0.028736474 0.00359697128 -0.00868469477
    endloop
  endfacet
  facet normal 0.980972946 0.0915100798 -0.171224967
    outer loop
      vertex 0.0282314979 0.00664663594 -0.00994790345
      vertex 0.028736474 0.00359697128 -0.00868469477
      vertex 0.0282314736 0.00457817595 -0.0110535175
    endloop
  endfacet
  facet normal -0.959431946 0.132914305 -0.248644724
    outer loop
      vertex 0.0224886592 0.00664670486 -0.00994790345
      vertex 0.0231040325 0.00781573635 -0.0116974991
      vertex 0.0231040046 0.00538348453 -0.0129975639
    endloop
  endfacet
  facet normal -0.959431887 0.132914543 -0.248644814
    outer loop
      vertex 0.0224886592 0.00664670486 -0.00994790345
      vertex 0.0231040046 0.00538348453 -0.0129975639
      vertex 0.022488635 0.00457824487 -0.0110535175
    endloop
  endfacet
  facet normal 0.959435165 0.132891864 -0.248644412
    outer loop
      vertex 0.0276161525 0.00781568233 -0.0116974991
      vertex 0.0282314979 0.00664663594 -0.00994790345
      vertex 0.0282314736 0.00457817595 -0.0110535175
    endloop
  endfacet
  facet normal 0.959434927 0.1328917 -0.248645037
    outer loop
      vertex 0.0276161525 0.00781568233 -0.0116974991
      vertex 0.0282314736 0.00457817595 -0.0110535175
      vertex 0.0276161227 0.00538343051 -0.0129975639
    endloop
  endfacet
  facet normal -0.98097074 0.0915333107 -0.171225458
    outer loop
      vertex 0.0219836291 0.00522223068 -0.00781601854
      vertex 0.0224886592 0.00664670486 -0.00994790345
      vertex 0.022488635 0.00457824487 -0.0110535175
    endloop
  endfacet
  facet normal -0.98097074 0.0915331692 -0.171225414
    outer loop
      vertex 0.0219836291 0.00522223068 -0.00781601854
      vertex 0.022488635 0.00457824487 -0.0110535175
      vertex 0.0219836105 0.0035970523 -0.00868469477
    endloop
  endfacet
  facet normal -0.782771111 0.180655673 -0.595510721
    outer loop
      vertex 0.023806069 0.00598183135 -0.014442117
      vertex 0.0245678518 0.00635028817 -0.0153316688
      vertex 0.0245678145 0.00323720346 -0.0162760131
    endloop
  endfacet
  facet normal -0.782771289 0.18065539 -0.595510423
    outer loop
      vertex 0.023806069 0.00598183135 -0.014442117
      vertex 0.0245678145 0.00323720346 -0.0162760131
      vertex 0.0238060337 0.0030493692 -0.0153316688
    endloop
  endfacet
  facet normal 0.991794527 0.0370994546 -0.122340791
    outer loop
      vertex 0.028736474 0.00359697128 -0.00868469477
      vertex 0.0291117188 0.00247752503 -0.00598212238
      vertex 0.0291117039 0.00126285921 -0.00635058666
    endloop
  endfacet
  facet normal 0.991794586 0.0370999575 -0.122340284
    outer loop
      vertex 0.028736474 0.00359697128 -0.00868469477
      vertex 0.0291117039 0.00126285921 -0.00635058666
      vertex 0.0287364535 0.00183354982 -0.00921962224
    endloop
  endfacet
  facet normal -0.911516845 0.119393229 -0.393550813
    outer loop
      vertex 0.0231040046 0.00538348453 -0.0129975639
      vertex 0.023806069 0.00598183135 -0.014442117
      vertex 0.0238060337 0.0030493692 -0.0153316688
    endloop
  endfacet
  facet normal -0.911516905 0.119393036 -0.393550664
    outer loop
      vertex 0.0231040046 0.00538348453 -0.0129975639
      vertex 0.0238060337 0.0030493692 -0.0153316688
      vertex 0.0231039729 0.00274433801 -0.0137981391
    endloop
  endfacet
  facet normal 0.980972528 0.0563472919 -0.185789853
    outer loop
      vertex 0.0282314736 0.00457817595 -0.0110535175
      vertex 0.028736474 0.00359697128 -0.00868469477
      vertex 0.0287364535 0.00183354982 -0.00921962224
    endloop
  endfacet
  facet normal 0.980972469 0.056346707 -0.185790733
    outer loop
      vertex 0.0282314736 0.00457817595 -0.0110535175
      vertex 0.0287364535 0.00183354982 -0.00921962224
      vertex 0.0282314457 0.00233376678 -0.0117343506
    endloop
  endfacet
  facet normal -0.959432423 0.0818528384 -0.26979515
    outer loop
      vertex 0.022488635 0.00457824487 -0.0110535175
      vertex 0.0231040046 0.00538348453 -0.0129975639
      vertex 0.0231039729 0.00274433801 -0.0137981391
    endloop
  endfacet
  facet normal -0.959432364 0.0818533897 -0.269795507
    outer loop
      vertex 0.022488635 0.00457824487 -0.0110535175
      vertex 0.0231039729 0.00274433801 -0.0137981391
      vertex 0.0224886071 0.00233383547 -0.0117343506
    endloop
  endfacet
  facet normal 0.95943439 0.0818295404 -0.269795597
    outer loop
      vertex 0.0276161227 0.00538343051 -0.0129975639
      vertex 0.0282314736 0.00457817595 -0.0110535175
      vertex 0.0282314457 0.00233376678 -0.0117343506
    endloop
  endfacet
  facet normal 0.959434509 0.0818298012 -0.26979503
    outer loop
      vertex 0.0276161227 0.00538343051 -0.0129975639
      vertex 0.0282314457 0.00233376678 -0.0117343506
      vertex 0.0276160911 0.00274428399 -0.0137981391
    endloop
  endfacet
  facet normal -0.980971158 0.0563709289 -0.185790107
    outer loop
      vertex 0.0219836105 0.0035970523 -0.00868469477
      vertex 0.022488635 0.00457824487 -0.0110535175
      vertex 0.0224886071 0.00233383547 -0.0117343506
    endloop
  endfacet
  facet normal -0.980971277 0.0563700423 -0.185789749
    outer loop
      vertex 0.0219836105 0.0035970523 -0.00868469477
      vertex 0.0224886071 0.00233383547 -0.0117343506
      vertex 0.02198359 0.00183363084 -0.00921962224
    endloop
  endfacet
  facet normal 0.911519468 0.119371429 -0.393551499
    outer loop
      vertex 0.0269140713 0.00598179409 -0.014442117
      vertex 0.0276161227 0.00538343051 -0.0129975639
      vertex 0.0276160911 0.00274428399 -0.0137981391
    endloop
  endfacet
  facet normal 0.911519468 0.119371429 -0.393551528
    outer loop
      vertex 0.0269140713 0.00598179409 -0.014442117
      vertex 0.0276160911 0.00274428399 -0.0137981391
      vertex 0.0269140359 0.00304933195 -0.0153316688
    endloop
  endfacet
  facet normal -0.991793633 0.037123099 -0.122340567
    outer loop
      vertex 0.0216083396 0.00247761514 -0.00598212192
      vertex 0.0219836105 0.0035970523 -0.00868469477
      vertex 0.02198359 0.00183363084 -0.00921962224
    endloop
  endfacet
  facet normal -0.991793573 0.0371237993 -0.122340694
    outer loop
      vertex 0.0216083396 0.00247761514 -0.00598212192
      vertex 0.02198359 0.00183363084 -0.00921962224
      vertex 0.0216083247 0.0012629492 -0.00635058666
    endloop
  endfacet
  facet normal 0.782775521 0.18063654 -0.595510602
    outer loop
      vertex 0.0261522979 0.00635026954 -0.0153316688
      vertex 0.0269140713 0.00598179409 -0.014442117
      vertex 0.0269140359 0.00304933195 -0.0153316688
    endloop
  endfacet
  facet normal 0.782776117 0.180636659 -0.595509946
    outer loop
      vertex 0.0261522979 0.00635026954 -0.0153316688
      vertex 0.0269140359 0.00304933195 -0.0153316688
      vertex 0.0261522606 0.00323718437 -0.0162760131
    endloop
  endfacet
  facet normal -0.997334599 0.0211916082 -0.069819048
    outer loop
      vertex 0.0213772412 0.00126295199 -0.00304965908
      vertex 0.0216083396 0.00247761514 -0.00598212192
      vertex 0.0216083247 0.0012629492 -0.00635058666
    endloop
  endfacet
  facet normal -0.99733454 0.0211913679 -0.0698190331
    outer loop
      vertex 0.0213772412 0.00126295199 -0.00304965908
      vertex 0.0216083247 0.0012629492 -0.00635058666
      vertex 0.0213772338 0.000643720676 -0.00323750079
    endloop
  endfacet
  facet normal 0.378094196 0.268731952 -0.885905147
    outer loop
      vertex 0.0253600758 0.00647469377 -0.0156320371
      vertex 0.0261522979 0.00635026954 -0.0153316688
      vertex 0.0261522606 0.00323718437 -0.0162760131
    endloop
  endfacet
  facet normal 0.378093451 0.268731833 -0.885905504
    outer loop
      vertex 0.0253600758 0.00647469377 -0.0156320371
      vertex 0.0261522606 0.00323718437 -0.0162760131
      vertex 0.0253600385 0.00330061931 -0.0165948812
    endloop
  endfacet
  facet normal 0.99971813 0.00688106939 -0.0227235034
    outer loop
      vertex 0.0293427873 0.00126285641 -0.00304965954
      vertex 0.0294208005 -3.54188899e-07 -1.77503207e-10
      vertex 0.0293427799 0.000643625157 -0.00323750125
    endloop
  endfacet
  facet normal -0.999717891 0.00690506957 -0.0227233283
    outer loop
      vertex 0.0212991983 -2.5675871e-07 1.77503207e-10
      vertex 0.0213772412 0.00126295199 -0.00304965908
      vertex 0.0213772338 0.000643720676 -0.00323750079
    endloop
  endfacet
  facet normal -0.378088295 0.268740565 -0.885905027
    outer loop
      vertex 0.0245678518 0.00635028817 -0.0153316688
      vertex 0.0253600758 0.00647469377 -0.0156320371
      vertex 0.0253600385 0.00330061931 -0.0165948812
    endloop
  endfacet
  facet normal -0.378086835 0.268741131 -0.885905504
    outer loop
      vertex 0.0245678518 0.00635028817 -0.0153316688
      vertex 0.0253600385 0.00330061931 -0.0165948812
      vertex 0.0245678145 0.00323720346 -0.0162760131
    endloop
  endfacet
  facet normal 0.997335136 0.0211673342 -0.0698189586
    outer loop
      vertex 0.0291117188 0.00247752503 -0.00598212238
      vertex 0.0293427873 0.00126285641 -0.00304965954
      vertex 0.0293427799 0.000643625157 -0.00323750125
    endloop
  endfacet
  facet normal 0.997335017 0.0211671256 -0.0698191002
    outer loop
      vertex 0.0291117188 0.00247752503 -0.00598212238
      vertex 0.0293427799 0.000643625157 -0.00323750125
      vertex 0.0291117039 0.00126285921 -0.00635058666
    endloop
  endfacet
  facet normal -0.991793931 0.0125431158 -0.127230093
    outer loop
      vertex 0.0216083247 0.0012629492 -0.00635058666
      vertex 0.02198359 0.00183363084 -0.00921962224
      vertex 0.0219835676 -2.66180166e-07 -0.0094002448
    endloop
  endfacet
  facet normal -0.991793931 0.0125427097 -0.127229914
    outer loop
      vertex 0.0216083247 0.0012629492 -0.00635058666
      vertex 0.0219835676 -2.66180166e-07 -0.0094002448
      vertex 0.0216083098 -2.61009149e-07 -0.00647500157
    endloop
  endfacet
  facet normal 0.782774508 0.0609874912 -0.619309783
    outer loop
      vertex 0.0261522606 0.00323718437 -0.0162760131
      vertex 0.0269140359 0.00304933195 -0.0153316688
      vertex 0.0269140005 -3.26677593e-07 -0.0156320333
    endloop
  endfacet
  facet normal 0.782773674 0.0609870404 -0.619310915
    outer loop
      vertex 0.0261522606 0.00323718437 -0.0162760131
      vertex 0.0269140005 -3.26677593e-07 -0.0156320333
      vertex 0.0261522215 -3.15937882e-07 -0.0165948775
    endloop
  endfacet
  facet normal -0.997334659 0.00716314744 -0.072609432
    outer loop
      vertex 0.0213772338 0.000643720676 -0.00323750079
      vertex 0.0216083247 0.0012629492 -0.00635058666
      vertex 0.0216083098 -2.61009149e-07 -0.00647500157
    endloop
  endfacet
  facet normal -0.997334719 0.00716293184 -0.0726093948
    outer loop
      vertex 0.0213772338 0.000643720676 -0.00323750079
      vertex 0.0216083098 -2.61009149e-07 -0.00647500157
      vertex 0.0213772263 -2.58317016e-07 -0.00330092711
    endloop
  endfacet
  facet normal 0.378091544 0.0907361805 -0.921310902
    outer loop
      vertex 0.0253600385 0.00330061931 -0.0165948812
      vertex 0.0261522606 0.00323718437 -0.0162760131
      vertex 0.0261522215 -3.15937882e-07 -0.0165948775
    endloop
  endfacet
  facet normal 0.37809214 0.0907363221 -0.921310544
    outer loop
      vertex 0.0253600385 0.00330061931 -0.0165948812
      vertex 0.0261522215 -3.15937882e-07 -0.0165948775
      vertex 0.0253599994 -3.08073538e-07 -0.0169199929
    endloop
  endfacet
  facet normal 0.99971801 0.00231593661 -0.0236315615
    outer loop
      vertex 0.0293427799 0.000643625157 -0.00323750125
      vertex 0.0294208005 -3.54188899e-07 -1.77503207e-10
      vertex 0.0293427724 -3.53875095e-07 -0.00330092758
    endloop
  endfacet
  facet normal -0.99971801 0.0023390702 -0.0236315634
    outer loop
      vertex 0.0212991983 -2.5675871e-07 1.77503207e-10
      vertex 0.0213772338 0.000643720676 -0.00323750079
      vertex 0.0213772263 -2.58317016e-07 -0.00330092711
    endloop
  endfacet
  facet normal -0.378089219 0.0907453373 -0.921310961
    outer loop
      vertex 0.0245678145 0.00323720346 -0.0162760131
      vertex 0.0253600385 0.00330061931 -0.0165948812
      vertex 0.0253599994 -3.08073538e-07 -0.0169199929
    endloop
  endfacet
  facet normal -0.378089219 0.090745315 -0.921310902
    outer loop
      vertex 0.0245678145 0.00323720346 -0.0162760131
      vertex 0.0253599994 -3.08073538e-07 -0.0169199929
      vertex 0.0245677754 -2.96930182e-07 -0.0165948775
    endloop
  endfacet
  facet normal 0.997334898 0.00713986112 -0.0726092905
    outer loop
      vertex 0.0291117039 0.00126285921 -0.00635058666
      vertex 0.0293427799 0.000643625157 -0.00323750125
      vertex 0.0293427724 -3.53875095e-07 -0.00330092758
    endloop
  endfacet
  facet normal 0.997334898 0.00713961245 -0.0726094022
    outer loop
      vertex 0.0291117039 0.00126285921 -0.00635058666
      vertex 0.0293427724 -3.53875095e-07 -0.00330092758
      vertex 0.029111689 -3.51022891e-07 -0.00647500157
    endloop
  endfacet
  facet normal -0.782772601 0.0610059053 -0.619310379
    outer loop
      vertex 0.0238060337 0.0030493692 -0.0153316688
      vertex 0.0245678145 0.00323720346 -0.0162760131
      vertex 0.0245677754 -2.96930182e-07 -0.0165948775
    endloop
  endfacet
  facet normal -0.782772958 0.061005678 -0.619310021
    outer loop
      vertex 0.0238060337 0.0030493692 -0.0153316688
      vertex 0.0245677754 -2.96930182e-07 -0.0165948775
      vertex 0.0238059983 -2.89392688e-07 -0.0156320333
    endloop
  endfacet
  facet normal 0.991794288 0.0125192916 -0.127229691
    outer loop
      vertex 0.0287364535 0.00183354982 -0.00921962224
      vertex 0.0291117039 0.00126285921 -0.00635058666
      vertex 0.029111689 -3.51022891e-07 -0.00647500157
    endloop
  endfacet
  facet normal 0.991794229 0.0125189284 -0.127229914
    outer loop
      vertex 0.0287364535 0.00183354982 -0.00921962224
      vertex 0.029111689 -3.51022891e-07 -0.00647500157
      vertex 0.0287364312 -3.47190394e-07 -0.0094002448
    endloop
  endfacet
  facet normal -0.911517799 0.0403209925 -0.409279168
    outer loop
      vertex 0.0231039729 0.00274433801 -0.0137981391
      vertex 0.0238060337 0.0030493692 -0.0153316688
      vertex 0.0238059983 -2.89392688e-07 -0.0156320333
    endloop
  endfacet
  facet normal -0.91151756 0.0403214656 -0.409279794
    outer loop
      vertex 0.0231039729 0.00274433801 -0.0137981391
      vertex 0.0238059983 -2.89392688e-07 -0.0156320333
      vertex 0.0231039394 -2.82320883e-07 -0.0140684592
    endloop
  endfacet
  facet normal 0.980971992 0.0190180819 -0.193215832
    outer loop
      vertex 0.0282314457 0.00233376678 -0.0117343506
      vertex 0.0287364535 0.00183354982 -0.00921962224
      vertex 0.0287364312 -3.47190394e-07 -0.0094002448
    endloop
  endfacet
  facet normal 0.980971932 0.0190183315 -0.193215579
    outer loop
      vertex 0.0282314457 0.00233376678 -0.0117343506
      vertex 0.0287364312 -3.47190394e-07 -0.0094002448
      vertex 0.0282314178 -3.40742787e-07 -0.0119642401
    endloop
  endfacet
  facet normal -0.959433019 0.0276461001 -0.280577898
    outer loop
      vertex 0.0224886071 0.00233383547 -0.0117343506
      vertex 0.0231039729 0.00274433801 -0.0137981391
      vertex 0.0231039394 -2.82320883e-07 -0.0140684592
    endloop
  endfacet
  facet normal -0.959433079 0.0276459903 -0.280577838
    outer loop
      vertex 0.0224886071 0.00233383547 -0.0117343506
      vertex 0.0231039394 -2.82320883e-07 -0.0140684592
      vertex 0.0224885792 -2.71849245e-07 -0.0119642401
    endloop
  endfacet
  facet normal 0.959433794 0.027622981 -0.280577332
    outer loop
      vertex 0.0276160911 0.00274428399 -0.0137981391
      vertex 0.0282314457 0.00233376678 -0.0117343506
      vertex 0.0282314178 -3.40742787e-07 -0.0119642401
    endloop
  endfacet
  facet normal 0.959433675 0.0276226383 -0.280577838
    outer loop
      vertex 0.0276160911 0.00274428399 -0.0137981391
      vertex 0.0282314178 -3.40742787e-07 -0.0119642401
      vertex 0.0276160575 -3.36450199e-07 -0.0140684592
    endloop
  endfacet
  facet normal -0.980971694 0.0190417394 -0.193214789
    outer loop
      vertex 0.02198359 0.00183363084 -0.00921962224
      vertex 0.0224886071 0.00233383547 -0.0117343506
      vertex 0.0224885792 -2.71849245e-07 -0.0119642401
    endloop
  endfacet
  facet normal -0.980971634 0.0190419089 -0.193214893
    outer loop
      vertex 0.02198359 0.00183363084 -0.00921962224
      vertex 0.0224885792 -2.71849245e-07 -0.0119642401
      vertex 0.0219835676 -2.66180166e-07 -0.0094002448
    endloop
  endfacet
  facet normal 0.911518455 0.0402992181 -0.409280032
    outer loop
      vertex 0.0269140359 0.00304933195 -0.0153316688
      vertex 0.0276160911 0.00274428399 -0.0137981391
      vertex 0.0276160575 -3.36450199e-07 -0.0140684592
    endloop
  endfacet
  facet normal 0.911518872 0.0402997918 -0.409278899
    outer loop
      vertex 0.0269140359 0.00304933195 -0.0153316688
      vertex 0.0276160575 -3.36450199e-07 -0.0140684592
      vertex 0.0269140005 -3.26677593e-07 -0.0156320333
    endloop
  endfacet
  facet normal 0.991793931 -0.0125427553 -0.127229914
    outer loop
      vertex 0.0287364312 -3.47190394e-07 -0.0094002448
      vertex 0.029111689 -3.51022891e-07 -0.00647500157
      vertex 0.0291116741 -0.00126356119 -0.00635058619
    endloop
  endfacet
  facet normal 0.991793931 -0.0125431875 -0.127230093
    outer loop
      vertex 0.0287364312 -3.47190394e-07 -0.0094002448
      vertex 0.0291116741 -0.00126356119 -0.00635058619
      vertex 0.0287364088 -0.001834244 -0.00921962131
    endloop
  endfacet
  facet normal -0.911518455 -0.0402994566 -0.409279823
    outer loop
      vertex 0.0231039394 -2.82320883e-07 -0.0140684592
      vertex 0.0238059983 -2.89392688e-07 -0.0156320333
      vertex 0.023805961 -0.00304994779 -0.0153316678
    endloop
  endfacet
  facet normal -0.911518693 -0.0402995944 -0.409279585
    outer loop
      vertex 0.0231039394 -2.82320883e-07 -0.0140684592
      vertex 0.023805961 -0.00304994779 -0.0153316678
      vertex 0.0231039058 -0.00274490262 -0.0137981363
    endloop
  endfacet
  facet normal 0.980971515 -0.0190420803 -0.193215579
    outer loop
      vertex 0.0282314178 -3.40742787e-07 -0.0119642401
      vertex 0.0287364312 -3.47190394e-07 -0.0094002448
      vertex 0.0287364088 -0.001834244 -0.00921962131
    endloop
  endfacet
  facet normal 0.980971575 -0.0190418027 -0.19321543
    outer loop
      vertex 0.0282314178 -3.40742787e-07 -0.0119642401
      vertex 0.0287364088 -0.001834244 -0.00921962131
      vertex 0.0282313898 -0.00233444804 -0.0117343506
    endloop
  endfacet
  facet normal -0.959433734 -0.0276229214 -0.280577749
    outer loop
      vertex 0.0224885792 -2.71849245e-07 -0.0119642401
      vertex 0.0231039394 -2.82320883e-07 -0.0140684592
      vertex 0.0231039058 -0.00274490262 -0.0137981363
    endloop
  endfacet
  facet normal -0.959433794 -0.0276230033 -0.28057766
    outer loop
      vertex 0.0224885792 -2.71849245e-07 -0.0119642401
      vertex 0.0231039058 -0.00274490262 -0.0137981363
      vertex 0.0224885512 -0.00233437936 -0.0117343506
    endloop
  endfacet
  facet normal 0.959433079 -0.0276459791 -0.280577779
    outer loop
      vertex 0.0276160575 -3.36450199e-07 -0.0140684592
      vertex 0.0282314178 -3.40742787e-07 -0.0119642401
      vertex 0.0282313898 -0.00233444804 -0.0117343506
    endloop
  endfacet
  facet normal 0.959433198 -0.0276456829 -0.280577481
    outer loop
      vertex 0.0276160575 -3.36450199e-07 -0.0140684592
      vertex 0.0282313898 -0.00233444804 -0.0117343506
      vertex 0.0276160259 -0.00274495664 -0.0137981363
    endloop
  endfacet
  facet normal -0.980972111 -0.0190182533 -0.193214923
    outer loop
      vertex 0.0219835676 -2.66180166e-07 -0.0094002448
      vertex 0.0224885792 -2.71849245e-07 -0.0119642401
      vertex 0.0224885512 -0.00233437936 -0.0117343506
    endloop
  endfacet
  facet normal -0.980972052 -0.0190181118 -0.193215057
    outer loop
      vertex 0.0219835676 -2.66180166e-07 -0.0094002448
      vertex 0.0224885512 -0.00233437936 -0.0117343506
      vertex 0.0219835453 -0.00183416298 -0.00921962131
    endloop
  endfacet
  facet normal 0.911517978 -0.0403211936 -0.409278959
    outer loop
      vertex 0.0269140005 -3.26677593e-07 -0.0156320333
      vertex 0.0276160575 -3.36450199e-07 -0.0140684592
      vertex 0.0276160259 -0.00274495664 -0.0137981363
    endloop
  endfacet
  facet normal 0.91151756 -0.040321704 -0.409279615
    outer loop
      vertex 0.0269140005 -3.26677593e-07 -0.0156320333
      vertex 0.0276160259 -0.00274495664 -0.0137981363
      vertex 0.0269139633 -0.00304998504 -0.0153316678
    endloop
  endfacet
  facet normal -0.991794229 -0.0125189861 -0.127229914
    outer loop
      vertex 0.0216083098 -2.61009149e-07 -0.00647500157
      vertex 0.0219835676 -2.66180166e-07 -0.0094002448
      vertex 0.0219835453 -0.00183416298 -0.00921962131
    endloop
  endfacet
  facet normal -0.991794288 -0.0125193363 -0.127229691
    outer loop
      vertex 0.0216083098 -2.61009149e-07 -0.00647500157
      vertex 0.0219835453 -0.00183416298 -0.00921962131
      vertex 0.0216082949 -0.0012634712 -0.00635058619
    endloop
  endfacet
  facet normal 0.782772064 -0.0610064417 -0.619311035
    outer loop
      vertex 0.0261522215 -3.15937882e-07 -0.0165948775
      vertex 0.0269140005 -3.26677593e-07 -0.0156320333
      vertex 0.0269139633 -0.00304998504 -0.0153316678
    endloop
  endfacet
  facet normal 0.782772243 -0.0610063039 -0.619310856
    outer loop
      vertex 0.0261522215 -3.15937882e-07 -0.0165948775
      vertex 0.0269139633 -0.00304998504 -0.0153316678
      vertex 0.0261521824 -0.00323781604 -0.0162760112
    endloop
  endfacet
  facet normal -0.997334898 -0.00713963388 -0.0726093873
    outer loop
      vertex 0.0213772263 -2.58317016e-07 -0.00330092711
      vertex 0.0216083098 -2.61009149e-07 -0.00647500157
      vertex 0.0216082949 -0.0012634712 -0.00635058619
    endloop
  endfacet
  facet normal -0.997334898 -0.00713987043 -0.072609283
    outer loop
      vertex 0.0213772263 -2.58317016e-07 -0.00330092711
      vertex 0.0216082949 -0.0012634712 -0.00635058619
      vertex 0.0213772189 -0.000644237327 -0.00323750055
    endloop
  endfacet
  facet normal 0.378090292 -0.0907458067 -0.921310484
    outer loop
      vertex 0.0253599994 -3.08073538e-07 -0.0169199929
      vertex 0.0261522215 -3.15937882e-07 -0.0165948775
      vertex 0.0261521824 -0.00323781604 -0.0162760112
    endloop
  endfacet
  facet normal 0.378089607 -0.0907460526 -0.921310782
    outer loop
      vertex 0.0253599994 -3.08073538e-07 -0.0169199929
      vertex 0.0261521824 -0.00323781604 -0.0162760112
      vertex 0.0253599584 -0.00330123492 -0.0165948793
    endloop
  endfacet
  facet normal 0.99971801 -0.00233907811 -0.0236315615
    outer loop
      vertex 0.0293427724 -3.53875095e-07 -0.00330092758
      vertex 0.0294208005 -3.54188899e-07 -1.77503207e-10
      vertex 0.029342765 -0.000644332846 -0.00323750102
    endloop
  endfacet
  facet normal -0.99971801 -0.00231594546 -0.0236315597
    outer loop
      vertex 0.0212991983 -2.5675871e-07 1.77503207e-10
      vertex 0.0213772263 -2.58317016e-07 -0.00330092711
      vertex 0.0213772189 -0.000644237327 -0.00323750055
    endloop
  endfacet
  facet normal -0.378091723 -0.0907366648 -0.921310782
    outer loop
      vertex 0.0245677754 -2.96930182e-07 -0.0165948775
      vertex 0.0253599994 -3.08073538e-07 -0.0169199929
      vertex 0.0253599584 -0.00330123492 -0.0165948793
    endloop
  endfacet
  facet normal -0.378091872 -0.0907366946 -0.921310723
    outer loop
      vertex 0.0245677754 -2.96930182e-07 -0.0165948775
      vertex 0.0253599584 -0.00330123492 -0.0165948793
      vertex 0.0245677363 -0.00323779695 -0.0162760112
    endloop
  endfacet
  facet normal 0.997334778 -0.0071629677 -0.0726094022
    outer loop
      vertex 0.029111689 -3.51022891e-07 -0.00647500157
      vertex 0.0293427724 -3.53875095e-07 -0.00330092758
      vertex 0.029342765 -0.000644332846 -0.00323750102
    endloop
  endfacet
  facet normal 0.997334659 -0.00716317166 -0.072609432
    outer loop
      vertex 0.029111689 -3.51022891e-07 -0.00647500157
      vertex 0.029342765 -0.000644332846 -0.00323750102
      vertex 0.0291116741 -0.00126356119 -0.00635058619
    endloop
  endfacet
  facet normal -0.782774329 -0.0609873347 -0.619310141
    outer loop
      vertex 0.0238059983 -2.89392688e-07 -0.0156320333
      vertex 0.0245677754 -2.96930182e-07 -0.0165948775
      vertex 0.0245677363 -0.00323779695 -0.0162760112
    endloop
  endfacet
  facet normal -0.78277421 -0.0609872565 -0.619310319
    outer loop
      vertex 0.0238059983 -2.89392688e-07 -0.0156320333
      vertex 0.0245677363 -0.00323779695 -0.0162760112
      vertex 0.023805961 -0.00304994779 -0.0153316678
    endloop
  endfacet
  facet normal 0.782770693 -0.180655986 -0.595511079
    outer loop
      vertex 0.0261521824 -0.00323781604 -0.0162760112
      vertex 0.0269139633 -0.00304998504 -0.0153316678
      vertex 0.0269139279 -0.00598244695 -0.0144421142
    endloop
  endfacet
  facet normal 0.782770753 -0.180655941 -0.595511079
    outer loop
      vertex 0.0261521824 -0.00323781604 -0.0162760112
      vertex 0.0269139279 -0.00598244695 -0.0144421142
      vertex 0.0261521451 -0.00635090051 -0.015331666
    endloop
  endfacet
  facet normal -0.997335017 -0.0211672038 -0.0698190778
    outer loop
      vertex 0.0213772189 -0.000644237327 -0.00323750055
      vertex 0.0216082949 -0.0012634712 -0.00635058619
      vertex 0.02160828 -0.00247813691 -0.00598212052
    endloop
  endfacet
  facet normal -0.997335076 -0.0211673751 -0.0698189661
    outer loop
      vertex 0.0213772189 -0.000644237327 -0.00323750055
      vertex 0.02160828 -0.00247813691 -0.00598212052
      vertex 0.0213772114 -0.00126346853 -0.00304965861
    endloop
  endfacet
  facet normal 0.378087699 -0.26874128 -0.885905027
    outer loop
      vertex 0.0253599584 -0.00330123492 -0.0165948793
      vertex 0.0261521824 -0.00323781604 -0.0162760112
      vertex 0.0261521451 -0.00635090051 -0.015331666
    endloop
  endfacet
  facet normal 0.378088087 -0.268741131 -0.885904968
    outer loop
      vertex 0.0253599584 -0.00330123492 -0.0165948793
      vertex 0.0261521451 -0.00635090051 -0.015331666
      vertex 0.0253599212 -0.00647530844 -0.0156320333
    endloop
  endfacet
  facet normal 0.999717951 -0.00690508075 -0.0227233246
    outer loop
      vertex 0.029342765 -0.000644332846 -0.00323750102
      vertex 0.0294208005 -3.54188899e-07 -1.77503207e-10
      vertex 0.0293427575 -0.0012635641 -0.00304965908
    endloop
  endfacet
  facet normal -0.99971813 -0.00688108522 -0.0227234978
    outer loop
      vertex 0.0212991983 -2.5675871e-07 1.77503207e-10
      vertex 0.0213772189 -0.000644237327 -0.00323750055
      vertex 0.0213772114 -0.00126346853 -0.00304965861
    endloop
  endfacet
  facet normal -0.378094316 -0.26873225 -0.885904968
    outer loop
      vertex 0.0245677363 -0.00323779695 -0.0162760112
      vertex 0.0253599584 -0.00330123492 -0.0165948793
      vertex 0.0253599212 -0.00647530844 -0.0156320333
    endloop
  endfacet
  facet normal -0.378094077 -0.26873222 -0.885905147
    outer loop
      vertex 0.0245677363 -0.00323779695 -0.0162760112
      vertex 0.0253599212 -0.00647530844 -0.0156320333
      vertex 0.0245676991 -0.00635088189 -0.015331666
    endloop
  endfacet
  facet normal 0.99733454 -0.021191407 -0.069819048
    outer loop
      vertex 0.0291116741 -0.00126356119 -0.00635058619
      vertex 0.029342765 -0.000644332846 -0.00323750102
      vertex 0.0293427575 -0.0012635641 -0.00304965908
    endloop
  endfacet
  facet normal 0.99733454 -0.0211916324 -0.0698190555
    outer loop
      vertex 0.0291116741 -0.00126356119 -0.00635058619
      vertex 0.0293427575 -0.0012635641 -0.00304965908
      vertex 0.0291116592 -0.00247822702 -0.00598212099
    endloop
  endfacet
  facet normal -0.782775521 -0.180637032 -0.595510602
    outer loop
      vertex 0.023805961 -0.00304994779 -0.0153316678
      vertex 0.0245677363 -0.00323779695 -0.0162760112
      vertex 0.0245676991 -0.00635088189 -0.015331666
    endloop
  endfacet
  facet normal -0.782775283 -0.180636987 -0.595510781
    outer loop
      vertex 0.023805961 -0.00304994779 -0.0153316678
      vertex 0.0245676991 -0.00635088189 -0.015331666
      vertex 0.0238059256 -0.0059824097 -0.0144421142
    endloop
  endfacet
  facet normal 0.991793633 -0.0371238738 -0.122340702
    outer loop
      vertex 0.0287364088 -0.001834244 -0.00921962131
      vertex 0.0291116741 -0.00126356119 -0.00635058619
      vertex 0.0291116592 -0.00247822702 -0.00598212099
    endloop
  endfacet
  facet normal 0.991793633 -0.037123166 -0.12234056
    outer loop
      vertex 0.0287364088 -0.001834244 -0.00921962131
      vertex 0.0291116592 -0.00247822702 -0.00598212099
      vertex 0.0287363883 -0.00359766488 -0.0086846929
    endloop
  endfacet
  facet normal -0.911519468 -0.119371615 -0.393551201
    outer loop
      vertex 0.0231039058 -0.00274490262 -0.0137981363
      vertex 0.023805961 -0.00304994779 -0.0153316678
      vertex 0.0238059256 -0.0059824097 -0.0144421142
    endloop
  endfacet
  facet normal -0.911519647 -0.119371697 -0.393550873
    outer loop
      vertex 0.0231039058 -0.00274490262 -0.0137981363
      vertex 0.0238059256 -0.0059824097 -0.0144421142
      vertex 0.0231038742 -0.00538404798 -0.0129975583
    endloop
  endfacet
  facet normal 0.980971098 -0.0563703328 -0.185790315
    outer loop
      vertex 0.0282313898 -0.00233444804 -0.0117343506
      vertex 0.0287364088 -0.001834244 -0.00921962131
      vertex 0.0287363883 -0.00359766488 -0.0086846929
    endloop
  endfacet
  facet normal 0.980971158 -0.0563702658 -0.185790285
    outer loop
      vertex 0.0282313898 -0.00233444804 -0.0117343506
      vertex 0.0287363883 -0.00359766488 -0.0086846929
      vertex 0.0282313637 -0.00457885722 -0.0110535165
    endloop
  endfacet
  facet normal -0.959434509 -0.0818301365 -0.26979512
    outer loop
      vertex 0.0224885512 -0.00233437936 -0.0117343506
      vertex 0.0231039058 -0.00274490262 -0.0137981363
      vertex 0.0231038742 -0.00538404798 -0.0129975583
    endloop
  endfacet
  facet normal -0.95943445 -0.0818302259 -0.269794852
    outer loop
      vertex 0.0224885512 -0.00233437936 -0.0117343506
      vertex 0.0231038742 -0.00538404798 -0.0129975583
      vertex 0.0224885251 -0.0045787883 -0.0110535165
    endloop
  endfacet
  facet normal 0.959432542 -0.0818525329 -0.269794971
    outer loop
      vertex 0.0276160259 -0.00274495664 -0.0137981363
      vertex 0.0282313898 -0.00233444804 -0.0117343506
      vertex 0.0282313637 -0.00457885722 -0.0110535165
    endloop
  endfacet
  facet normal 0.959432423 -0.0818532631 -0.269795448
    outer loop
      vertex 0.0276160259 -0.00274495664 -0.0137981363
      vertex 0.0282313637 -0.00457885722 -0.0110535165
      vertex 0.0276159942 -0.005384102 -0.0129975583
    endloop
  endfacet
  facet normal -0.980972469 -0.0563473292 -0.185789809
    outer loop
      vertex 0.0219835453 -0.00183416298 -0.00921962131
      vertex 0.0224885512 -0.00233437936 -0.0117343506
      vertex 0.0224885251 -0.0045787883 -0.0110535165
    endloop
  endfacet
  facet normal -0.980972528 -0.0563473701 -0.185789779
    outer loop
      vertex 0.0219835453 -0.00183416298 -0.00921962131
      vertex 0.0224885251 -0.0045787883 -0.0110535165
      vertex 0.0219835248 -0.00359758385 -0.0086846929
    endloop
  endfacet
  facet normal 0.911516607 -0.119393706 -0.39355126
    outer loop
      vertex 0.0269139633 -0.00304998504 -0.0153316678
      vertex 0.0276160259 -0.00274495664 -0.0137981363
      vertex 0.0276159942 -0.005384102 -0.0129975583
    endloop
  endfacet
  facet normal 0.911516666 -0.119393595 -0.393551141
    outer loop
      vertex 0.0269139633 -0.00304998504 -0.0153316678
      vertex 0.0276159942 -0.005384102 -0.0129975583
      vertex 0.0269139279 -0.00598244695 -0.0144421142
    endloop
  endfacet
  facet normal -0.991794586 -0.0371000245 -0.122340299
    outer loop
      vertex 0.0216082949 -0.0012634712 -0.00635058619
      vertex 0.0219835453 -0.00183416298 -0.00921962131
      vertex 0.0219835248 -0.00359758385 -0.0086846929
    endloop
  endfacet
  facet normal -0.991794527 -0.0370995775 -0.122340739
    outer loop
      vertex 0.0216082949 -0.0012634712 -0.00635058619
      vertex 0.0219835248 -0.00359758385 -0.0086846929
      vertex 0.02160828 -0.00247813691 -0.00598212052
    endloop
  endfacet
  facet normal -0.911520481 -0.193855882 -0.362698585
    outer loop
      vertex 0.0231038742 -0.00538404798 -0.0129975583
      vertex 0.0238059256 -0.0059824097 -0.0144421142
      vertex 0.023805894 -0.00868498161 -0.0129975583
    endloop
  endfacet
  facet normal -0.91152066 -0.193855941 -0.362698227
    outer loop
      vertex 0.0231038742 -0.00538404798 -0.0129975583
      vertex 0.023805894 -0.00868498161 -0.0129975583
      vertex 0.0231038462 -0.00781629793 -0.0116974926
    endloop
  endfacet
  facet normal 0.980970681 -0.091534093 -0.171224982
    outer loop
      vertex 0.0282313637 -0.00457885722 -0.0110535165
      vertex 0.0287363883 -0.00359766488 -0.0086846929
      vertex 0.0287363678 -0.00522284256 -0.00781601667
    endloop
  endfacet
  facet normal 0.980970681 -0.0915340558 -0.171224967
    outer loop
      vertex 0.0282313637 -0.00457885722 -0.0110535165
      vertex 0.0287363678 -0.00522284256 -0.00781601667
      vertex 0.0282313377 -0.00664731627 -0.00994790159
    endloop
  endfacet
  facet normal -0.959435165 -0.132892191 -0.248644203
    outer loop
      vertex 0.0224885251 -0.0045787883 -0.0110535165
      vertex 0.0231038742 -0.00538404798 -0.0129975583
      vertex 0.0231038462 -0.00781629793 -0.0116974926
    endloop
  endfacet
  facet normal -0.959434986 -0.132892102 -0.248644561
    outer loop
      vertex 0.0224885251 -0.0045787883 -0.0110535165
      vertex 0.0231038462 -0.00781629793 -0.0116974926
      vertex 0.0224885009 -0.00664724736 -0.00994790159
    endloop
  endfacet
  facet normal 0.959431767 -0.132915482 -0.248644635
    outer loop
      vertex 0.0276159942 -0.005384102 -0.0129975583
      vertex 0.0282313637 -0.00457885722 -0.0110535165
      vertex 0.0282313377 -0.00664731627 -0.00994790159
    endloop
  endfacet
  facet normal 0.959431827 -0.132915124 -0.248644486
    outer loop
      vertex 0.0276159942 -0.005384102 -0.0129975583
      vertex 0.0282313377 -0.00664731627 -0.00994790159
      vertex 0.0276159644 -0.00781635195 -0.0116974926
    endloop
  endfacet
  facet normal -0.980972946 -0.0915101543 -0.171224862
    outer loop
      vertex 0.0219835248 -0.00359758385 -0.0086846929
      vertex 0.0224885251 -0.0045787883 -0.0110535165
      vertex 0.0224885009 -0.00664724736 -0.00994790159
    endloop
  endfacet
  facet normal -0.980972826 -0.0915097594 -0.171225771
    outer loop
      vertex 0.0219835248 -0.00359758385 -0.0086846929
      vertex 0.0224885009 -0.00664724736 -0.00994790159
      vertex 0.0219835043 -0.005222762 -0.00781601667
    endloop
  endfacet
  facet normal 0.911515772 -0.193877876 -0.362698793
    outer loop
      vertex 0.0269139279 -0.00598244695 -0.0144421142
      vertex 0.0276159942 -0.005384102 -0.0129975583
      vertex 0.0276159644 -0.00781635195 -0.0116974926
    endloop
  endfacet
  facet normal 0.911515951 -0.193877131 -0.362698406
    outer loop
      vertex 0.0269139279 -0.00598244695 -0.0144421142
      vertex 0.0276159644 -0.00781635195 -0.0116974926
      vertex 0.0269138962 -0.00868501887 -0.0129975583
    endloop
  endfacet
  facet normal -0.991794825 -0.0602536611 -0.112750024
    outer loop
      vertex 0.02160828 -0.00247813691 -0.00598212052
      vertex 0.0219835248 -0.00359758385 -0.0086846929
      vertex 0.0219835043 -0.005222762 -0.00781601667
    endloop
  endfacet
  facet normal -0.991794944 -0.0602541678 -0.112749249
    outer loop
      vertex 0.02160828 -0.00247813691 -0.00598212052
      vertex 0.0219835043 -0.005222762 -0.00781601667
      vertex 0.021608267 -0.0035975792 -0.00538376626
    endloop
  endfacet
  facet normal 0.782769322 -0.293363154 -0.548826337
    outer loop
      vertex 0.0261521451 -0.00635090051 -0.015331666
      vertex 0.0269139279 -0.00598244695 -0.0144421142
      vertex 0.0269138962 -0.00868501887 -0.0129975583
    endloop
  endfacet
  facet normal 0.782769561 -0.293362796 -0.548826039
    outer loop
      vertex 0.0261521451 -0.00635090051 -0.015331666
      vertex 0.0269138962 -0.00868501887 -0.0129975583
      vertex 0.0261521116 -0.0092199361 -0.0137981344
    endloop
  endfacet
  facet normal -0.997335255 -0.0343817137 -0.064345412
    outer loop
      vertex 0.0213772114 -0.00126346853 -0.00304965861
      vertex 0.02160828 -0.00247813691 -0.00598212052
      vertex 0.021608267 -0.0035975792 -0.00538376626
    endloop
  endfacet
  facet normal -0.997335196 -0.0343808196 -0.064346306
    outer loop
      vertex 0.0213772114 -0.00126346853 -0.00304965861
      vertex 0.021608267 -0.0035975792 -0.00538376626
      vertex 0.021377204 -0.00183415529 -0.00274461997
    endloop
  endfacet
  facet normal 0.378086358 -0.436408609 -0.816454709
    outer loop
      vertex 0.0253599212 -0.00647530844 -0.0156320333
      vertex 0.0261521451 -0.00635090051 -0.015331666
      vertex 0.0261521116 -0.0092199361 -0.0137981344
    endloop
  endfacet
  facet normal 0.378084868 -0.436409265 -0.816455066
    outer loop
      vertex 0.0253599212 -0.00647530844 -0.0156320333
      vertex 0.0261521116 -0.0092199361 -0.0137981344
      vertex 0.0253598858 -0.00940055121 -0.0140684573
    endloop
  endfacet
  facet normal 0.999717951 -0.0112065719 -0.020941589
    outer loop
      vertex 0.0293427575 -0.0012635641 -0.00304965908
      vertex 0.0294208005 -3.54188899e-07 -1.77503207e-10
      vertex 0.0293427501 -0.00183425087 -0.00274462043
    endloop
  endfacet
  facet normal -0.99971813 -0.0111809215 -0.020942444
    outer loop
      vertex 0.0212991983 -2.5675871e-07 1.77503207e-10
      vertex 0.0213772114 -0.00126346853 -0.00304965861
      vertex 0.021377204 -0.00183415529 -0.00274461997
    endloop
  endfacet
  facet normal -0.378096104 -0.436399907 -0.816454768
    outer loop
      vertex 0.0245676991 -0.00635088189 -0.015331666
      vertex 0.0253599212 -0.00647530844 -0.0156320333
      vertex 0.0253598858 -0.00940055121 -0.0140684573
    endloop
  endfacet
  facet normal -0.378096044 -0.436399937 -0.816454768
    outer loop
      vertex 0.0245676991 -0.00635088189 -0.015331666
      vertex 0.0253598858 -0.00940055121 -0.0140684573
      vertex 0.0245676655 -0.00921991654 -0.0137981344
    endloop
  endfacet
  facet normal 0.997334421 -0.0344063528 -0.0643453449
    outer loop
      vertex 0.0291116592 -0.00247822702 -0.00598212099
      vertex 0.0293427575 -0.0012635641 -0.00304965908
      vertex 0.0293427501 -0.00183425087 -0.00274462043
    endloop
  endfacet
  facet normal 0.99733448 -0.0344050489 -0.0643455982
    outer loop
      vertex 0.0291116592 -0.00247822702 -0.00598212099
      vertex 0.0293427501 -0.00183425087 -0.00274462043
      vertex 0.0291116461 -0.0035976693 -0.00538376672
    endloop
  endfacet
  facet normal -0.782776475 -0.293344527 -0.54882586
    outer loop
      vertex 0.0238059256 -0.0059824097 -0.0144421142
      vertex 0.0245676991 -0.00635088189 -0.015331666
      vertex 0.0245676655 -0.00921991654 -0.0137981344
    endloop
  endfacet
  facet normal -0.782776594 -0.293344468 -0.548825741
    outer loop
      vertex 0.0238059256 -0.0059824097 -0.0144421142
      vertex 0.0245676655 -0.00921991654 -0.0137981344
      vertex 0.023805894 -0.00868498161 -0.0129975583
    endloop
  endfacet
  facet normal 0.991793454 -0.0602775253 -0.112749711
    outer loop
      vertex 0.0287363883 -0.00359766488 -0.0086846929
      vertex 0.0291116592 -0.00247822702 -0.00598212099
      vertex 0.0291116461 -0.0035976693 -0.00538376672
    endloop
  endfacet
  facet normal 0.991793334 -0.06027852 -0.112749696
    outer loop
      vertex 0.0287363883 -0.00359766488 -0.0086846929
      vertex 0.0291116461 -0.0035976693 -0.00538376672
      vertex 0.0287363678 -0.00522284256 -0.00781601667
    endloop
  endfacet
  facet normal -0.997335374 -0.0462731458 -0.0564001054
    outer loop
      vertex 0.021377204 -0.00183415529 -0.00274461997
      vertex 0.021608267 -0.0035975792 -0.00538376626
      vertex 0.0216082539 -0.00457877852 -0.00457851635
    endloop
  endfacet
  facet normal -0.997335434 -0.0462741069 -0.0563986748
    outer loop
      vertex 0.021377204 -0.00183415529 -0.00274461997
      vertex 0.0216082539 -0.00457877852 -0.00457851635
      vertex 0.0213771984 -0.00233436632 -0.00233410695
    endloop
  endfacet
  facet normal 0.37808314 -0.587306142 -0.715628803
    outer loop
      vertex 0.0253598858 -0.00940055121 -0.0140684573
      vertex 0.0261521116 -0.0092199361 -0.0137981344
      vertex 0.0261520818 -0.0117346663 -0.0117343478
    endloop
  endfacet
  facet normal 0.378082633 -0.587306321 -0.715628982
    outer loop
      vertex 0.0253598858 -0.00940055121 -0.0140684573
      vertex 0.0261520818 -0.0117346663 -0.0117343478
      vertex 0.025359856 -0.0119645474 -0.0119642382
    endloop
  endfacet
  facet normal 0.999717772 -0.0150757823 -0.0183562618
    outer loop
      vertex 0.0293427501 -0.00183425087 -0.00274462043
      vertex 0.0294208005 -3.54188899e-07 -1.77503207e-10
      vertex 0.0293427445 -0.00233446201 -0.00233410718
    endloop
  endfacet
  facet normal -0.999718189 -0.0150527218 -0.0183553863
    outer loop
      vertex 0.0212991983 -2.5675871e-07 1.77503207e-10
      vertex 0.021377204 -0.00183415529 -0.00274461997
      vertex 0.0213771984 -0.00233436632 -0.00233410695
    endloop
  endfacet
  facet normal -0.3780981 -0.587297142 -0.715628326
    outer loop
      vertex 0.0245676655 -0.00921991654 -0.0137981344
      vertex 0.0253598858 -0.00940055121 -0.0140684573
      vertex 0.025359856 -0.0119645474 -0.0119642382
    endloop
  endfacet
  facet normal -0.378097296 -0.587297142 -0.715628803
    outer loop
      vertex 0.0245676655 -0.00921991654 -0.0137981344
      vertex 0.025359856 -0.0119645474 -0.0119642382
      vertex 0.0245676357 -0.0117346467 -0.0117343478
    endloop
  endfacet
  facet normal 0.997334301 -0.046297133 -0.0563995615
    outer loop
      vertex 0.0291116461 -0.0035976693 -0.00538376672
      vertex 0.0293427501 -0.00183425087 -0.00274462043
      vertex 0.0293427445 -0.00233446201 -0.00233410718
    endloop
  endfacet
  facet normal 0.997334242 -0.0462972708 -0.0563995056
    outer loop
      vertex 0.0291116461 -0.0035976693 -0.00538376672
      vertex 0.0293427445 -0.00233446201 -0.00233410718
      vertex 0.0291116349 -0.00457886839 -0.00457851682
    endloop
  endfacet
  facet normal -0.782777786 -0.394778401 -0.481049985
    outer loop
      vertex 0.023805894 -0.00868498161 -0.0129975583
      vertex 0.0245676655 -0.00921991654 -0.0137981344
      vertex 0.0245676357 -0.0117346467 -0.0117343478
    endloop
  endfacet
  facet normal -0.782777905 -0.394778341 -0.481049746
    outer loop
      vertex 0.023805894 -0.00868498161 -0.0129975583
      vertex 0.0245676357 -0.0117346467 -0.0117343478
      vertex 0.023805866 -0.0110538052 -0.0110535137
    endloop
  endfacet
  facet normal 0.991793096 -0.0811161324 -0.0988264531
    outer loop
      vertex 0.0287363678 -0.00522284256 -0.00781601667
      vertex 0.0291116461 -0.0035976693 -0.00538376672
      vertex 0.0291116349 -0.00457886839 -0.00457851682
    endloop
  endfacet
  facet normal 0.991793036 -0.0811164454 -0.0988263935
    outer loop
      vertex 0.0287363678 -0.00522284256 -0.00781601667
      vertex 0.0291116349 -0.00457886839 -0.00457851682
      vertex 0.0287363511 -0.00664732279 -0.00664697541
    endloop
  endfacet
  facet normal -0.911521435 -0.26088962 -0.31790778
    outer loop
      vertex 0.0231038462 -0.00781629793 -0.0116974926
      vertex 0.023805894 -0.00868498161 -0.0129975583
      vertex 0.023805866 -0.0110538052 -0.0110535137
    endloop
  endfacet
  facet normal -0.911521316 -0.26088962 -0.317908168
    outer loop
      vertex 0.0231038462 -0.00781629793 -0.0116974926
      vertex 0.023805866 -0.0110538052 -0.0110535137
      vertex 0.0231038202 -0.00994818285 -0.00994789787
    endloop
  endfacet
  facet normal 0.980970383 -0.123179331 -0.150080293
    outer loop
      vertex 0.0282313377 -0.00664731627 -0.00994790159
      vertex 0.0287363678 -0.00522284256 -0.00781601667
      vertex 0.0287363511 -0.00664732279 -0.00664697541
    endloop
  endfacet
  facet normal 0.980970323 -0.123178914 -0.150080279
    outer loop
      vertex 0.0282313377 -0.00664731627 -0.00994790159
      vertex 0.0287363511 -0.00664732279 -0.00664697541
      vertex 0.0282313172 -0.0084603345 -0.00845999457
    endloop
  endfacet
  facet normal -0.959435642 -0.178846255 -0.217938855
    outer loop
      vertex 0.0224885009 -0.00664724736 -0.00994790159
      vertex 0.0231038462 -0.00781629793 -0.0116974926
      vertex 0.0231038202 -0.00994818285 -0.00994789787
    endloop
  endfacet
  facet normal -0.959435582 -0.17884627 -0.217939004
    outer loop
      vertex 0.0224885009 -0.00664724736 -0.00994790159
      vertex 0.0231038202 -0.00994818285 -0.00994789787
      vertex 0.0224884786 -0.00846026558 -0.00845999457
    endloop
  endfacet
  facet normal 0.95943141 -0.178869009 -0.217939064
    outer loop
      vertex 0.0276159644 -0.00781635195 -0.0116974926
      vertex 0.0282313377 -0.00664731627 -0.00994790159
      vertex 0.0282313172 -0.0084603345 -0.00845999457
    endloop
  endfacet
  facet normal 0.959431052 -0.178870022 -0.217939213
    outer loop
      vertex 0.0276159644 -0.00781635195 -0.0116974926
      vertex 0.0282313172 -0.0084603345 -0.00845999457
      vertex 0.0276159383 -0.00994823687 -0.00994789787
    endloop
  endfacet
  facet normal -0.980973303 -0.123155929 -0.150080517
    outer loop
      vertex 0.0219835043 -0.005222762 -0.00781601667
      vertex 0.0224885009 -0.00664724736 -0.00994790159
      vertex 0.0224884786 -0.00846026558 -0.00845999457
    endloop
  endfacet
  facet normal -0.980973303 -0.123156033 -0.150079951
    outer loop
      vertex 0.0219835043 -0.005222762 -0.00781601667
      vertex 0.0224884786 -0.00846026558 -0.00845999457
      vertex 0.0219834875 -0.00664724177 -0.00664697494
    endloop
  endfacet
  facet normal 0.911515236 -0.260911435 -0.317907542
    outer loop
      vertex 0.0269138962 -0.00868501887 -0.0129975583
      vertex 0.0276159644 -0.00781635195 -0.0116974926
      vertex 0.0276159383 -0.00994823687 -0.00994789787
    endloop
  endfacet
  facet normal 0.911515057 -0.260911673 -0.317907631
    outer loop
      vertex 0.0269138962 -0.00868501887 -0.0129975583
      vertex 0.0276159383 -0.00994823687 -0.00994789787
      vertex 0.0269138664 -0.0110538425 -0.0110535137
    endloop
  endfacet
  facet normal -0.991795063 -0.0810924545 -0.0988255292
    outer loop
      vertex 0.021608267 -0.0035975792 -0.00538376626
      vertex 0.0219835043 -0.005222762 -0.00781601667
      vertex 0.0219834875 -0.00664724177 -0.00664697494
    endloop
  endfacet
  facet normal -0.991794944 -0.0810919181 -0.0988267884
    outer loop
      vertex 0.021608267 -0.0035975792 -0.00538376626
      vertex 0.0219834875 -0.00664724177 -0.00664697494
      vertex 0.0216082539 -0.00457877852 -0.00457851635
    endloop
  endfacet
  facet normal 0.78276825 -0.394797444 -0.481049746
    outer loop
      vertex 0.0261521116 -0.0092199361 -0.0137981344
      vertex 0.0269138962 -0.00868501887 -0.0129975583
      vertex 0.0269138664 -0.0110538425 -0.0110535137
    endloop
  endfacet
  facet normal 0.782769144 -0.394796342 -0.48104921
    outer loop
      vertex 0.0261521116 -0.0092199361 -0.0137981344
      vertex 0.0269138664 -0.0110538425 -0.0110535137
      vertex 0.0261520818 -0.0117346663 -0.0117343478
    endloop
  endfacet
  facet normal -0.959436059 -0.21792759 -0.17885752
    outer loop
      vertex 0.0224884786 -0.00846026558 -0.00845999457
      vertex 0.0231038202 -0.00994818285 -0.00994789787
      vertex 0.0231037997 -0.0116977748 -0.00781601109
    endloop
  endfacet
  facet normal -0.95943588 -0.217927724 -0.178858384
    outer loop
      vertex 0.0224884786 -0.00846026558 -0.00845999457
      vertex 0.0231037997 -0.0116977748 -0.00781601109
      vertex 0.0224884599 -0.00994817168 -0.00664697448
    endloop
  endfacet
  facet normal 0.959430695 -0.217951164 -0.178857952
    outer loop
      vertex 0.0276159383 -0.00994823687 -0.00994789787
      vertex 0.0282313172 -0.0084603345 -0.00845999457
      vertex 0.0282312986 -0.00994824059 -0.00664697494
    endloop
  endfacet
  facet normal 0.959430754 -0.217950568 -0.178857937
    outer loop
      vertex 0.0276159383 -0.00994823687 -0.00994789787
      vertex 0.0282312986 -0.00994824059 -0.00664697494
      vertex 0.0276159178 -0.0116978288 -0.00781601109
    endloop
  endfacet
  facet normal -0.980973601 -0.150068209 -0.123167798
    outer loop
      vertex 0.0219834875 -0.00664724177 -0.00664697494
      vertex 0.0224884786 -0.00846026558 -0.00845999457
      vertex 0.0224884599 -0.00994817168 -0.00664697448
    endloop
  endfacet
  facet normal -0.980973721 -0.150068223 -0.123166762
    outer loop
      vertex 0.0219834875 -0.00664724177 -0.00664697494
      vertex 0.0224884599 -0.00994817168 -0.00664697448
      vertex 0.0219834745 -0.00781628303 -0.00522249378
    endloop
  endfacet
  facet normal 0.911514401 -0.317919135 -0.260900348
    outer loop
      vertex 0.0269138664 -0.0110538425 -0.0110535137
      vertex 0.0276159383 -0.00994823687 -0.00994789787
      vertex 0.0276159178 -0.0116978288 -0.00781601109
    endloop
  endfacet
  facet normal 0.911514461 -0.317918748 -0.260900289
    outer loop
      vertex 0.0269138664 -0.0110538425 -0.0110535137
      vertex 0.0276159178 -0.0116978288 -0.00781601109
      vertex 0.026913844 -0.0129978852 -0.00868468825
    endloop
  endfacet
  facet normal -0.991795242 -0.0988145992 -0.0811041221
    outer loop
      vertex 0.0216082539 -0.00457877852 -0.00457851635
      vertex 0.0219834875 -0.00664724177 -0.00664697494
      vertex 0.0219834745 -0.00781628303 -0.00522249378
    endloop
  endfacet
  facet normal -0.991795301 -0.0988145545 -0.0811044201
    outer loop
      vertex 0.0216082539 -0.00457877852 -0.00457851635
      vertex 0.0219834745 -0.00781628303 -0.00522249378
      vertex 0.0216082446 -0.00538402796 -0.00359731703
    endloop
  endfacet
  facet normal 0.782768011 -0.481058747 -0.394786894
    outer loop
      vertex 0.0261520818 -0.0117346663 -0.0117343478
      vertex 0.0269138664 -0.0110538425 -0.0110535137
      vertex 0.026913844 -0.0129978852 -0.00868468825
    endloop
  endfacet
  facet normal 0.782767355 -0.481059641 -0.394787103
    outer loop
      vertex 0.0261520818 -0.0117346663 -0.0117343478
      vertex 0.026913844 -0.0129978852 -0.00868468825
      vertex 0.0261520557 -0.0137984511 -0.00921961758
    endloop
  endfacet
  facet normal -0.997335494 -0.0563873835 -0.046285402
    outer loop
      vertex 0.0213771984 -0.00233436632 -0.00233410695
      vertex 0.0216082539 -0.00457877852 -0.00457851635
      vertex 0.0216082446 -0.00538402796 -0.00359731703
    endloop
  endfacet
  facet normal -0.997335494 -0.0563880242 -0.046283856
    outer loop
      vertex 0.0213771984 -0.00233436632 -0.00233410695
      vertex 0.0216082446 -0.00538402796 -0.00359731703
      vertex 0.0213771947 -0.00274487888 -0.00183389569
    endloop
  endfacet
  facet normal 0.378081203 -0.715633869 -0.587301314
    outer loop
      vertex 0.025359856 -0.0119645474 -0.0119642382
      vertex 0.0261520818 -0.0117346663 -0.0117343478
      vertex 0.0261520557 -0.0137984511 -0.00921961758
    endloop
  endfacet
  facet normal 0.378082186 -0.715633333 -0.587301254
    outer loop
      vertex 0.025359856 -0.0119645474 -0.0119642382
      vertex 0.0261520557 -0.0137984511 -0.00921961758
      vertex 0.0253598299 -0.0140687656 -0.00940024108
    endloop
  endfacet
  facet normal 0.999717832 -0.0183685459 -0.0150634954
    outer loop
      vertex 0.0293427445 -0.00233446201 -0.00233410718
      vertex 0.0294208005 -3.54188899e-07 -1.77503207e-10
      vertex 0.0293427389 -0.00274497434 -0.00183389604
    endloop
  endfacet
  facet normal -0.999718249 -0.0183451772 -0.0150629338
    outer loop
      vertex 0.0212991983 -2.5675871e-07 1.77503207e-10
      vertex 0.0213771984 -0.00233436632 -0.00233410695
      vertex 0.0213771947 -0.00274487888 -0.00183389569
    endloop
  endfacet
  facet normal -0.378098845 -0.715624273 -0.587301552
    outer loop
      vertex 0.0245676357 -0.0117346467 -0.0117343478
      vertex 0.025359856 -0.0119645474 -0.0119642382
      vertex 0.0253598299 -0.0140687656 -0.00940024108
    endloop
  endfacet
  facet normal -0.378099531 -0.715624273 -0.587301254
    outer loop
      vertex 0.0245676357 -0.0117346467 -0.0117343478
      vertex 0.0253598299 -0.0140687656 -0.00940024108
      vertex 0.0245676115 -0.0137984324 -0.00921961758
    endloop
  endfacet
  facet normal 0.997334182 -0.0564119145 -0.0462848991
    outer loop
      vertex 0.0291116349 -0.00457886839 -0.00457851682
      vertex 0.0293427445 -0.00233446201 -0.00233410718
      vertex 0.0293427389 -0.00274497434 -0.00183389604
    endloop
  endfacet
  facet normal 0.997334123 -0.0564120337 -0.0462847911
    outer loop
      vertex 0.0291116349 -0.00457886839 -0.00457851682
      vertex 0.0293427389 -0.00274497434 -0.00183389604
      vertex 0.0291116238 -0.00538411783 -0.00359731726
    endloop
  endfacet
  facet normal -0.782778859 -0.481040716 -0.394787431
    outer loop
      vertex 0.023805866 -0.0110538052 -0.0110535137
      vertex 0.0245676357 -0.0117346467 -0.0117343478
      vertex 0.0245676115 -0.0137984324 -0.00921961758
    endloop
  endfacet
  facet normal -0.782778859 -0.481040776 -0.39478752
    outer loop
      vertex 0.023805866 -0.0110538052 -0.0110535137
      vertex 0.0245676115 -0.0137984324 -0.00921961758
      vertex 0.0238058418 -0.012997848 -0.00868468825
    endloop
  endfacet
  facet normal 0.991792798 -0.0988390371 -0.0811037719
    outer loop
      vertex 0.0287363511 -0.00664732279 -0.00664697541
      vertex 0.0291116349 -0.00457886839 -0.00457851682
      vertex 0.0291116238 -0.00538411783 -0.00359731726
    endloop
  endfacet
  facet normal 0.991792917 -0.098837249 -0.0811045393
    outer loop
      vertex 0.0287363511 -0.00664732279 -0.00664697541
      vertex 0.0291116238 -0.00538411783 -0.00359731726
      vertex 0.028736338 -0.00781636406 -0.00522249425
    endloop
  endfacet
  facet normal -0.911521912 -0.31789729 -0.260900617
    outer loop
      vertex 0.0231038202 -0.00994818285 -0.00994789787
      vertex 0.023805866 -0.0110538052 -0.0110535137
      vertex 0.0238058418 -0.012997848 -0.00868468825
    endloop
  endfacet
  facet normal -0.911522269 -0.317897022 -0.260899723
    outer loop
      vertex 0.0231038202 -0.00994818285 -0.00994789787
      vertex 0.0238058418 -0.012997848 -0.00868468825
      vertex 0.0231037997 -0.0116977748 -0.00781601109
    endloop
  endfacet
  facet normal 0.980970085 -0.15009141 -0.123167835
    outer loop
      vertex 0.0282313172 -0.0084603345 -0.00845999457
      vertex 0.0287363511 -0.00664732279 -0.00664697541
      vertex 0.028736338 -0.00781636406 -0.00522249425
    endloop
  endfacet
  facet normal 0.980969906 -0.150092497 -0.123167597
    outer loop
      vertex 0.0282313172 -0.0084603345 -0.00845999457
      vertex 0.028736338 -0.00781636406 -0.00522249425
      vertex 0.0282312986 -0.00994824059 -0.00664697494
    endloop
  endfacet
  facet normal 0.999717832 -0.020954242 -0.0111937299
    outer loop
      vertex 0.0293427389 -0.00274497434 -0.00183389604
      vertex 0.0294208005 -3.54188899e-07 -1.77503207e-10
      vertex 0.0293427352 -0.00305001228 -0.00126320915
    endloop
  endfacet
  facet normal -0.999718189 -0.0209303144 -0.0111939926
    outer loop
      vertex 0.0212991983 -2.5675871e-07 1.77503207e-10
      vertex 0.0213771947 -0.00274487888 -0.00183389569
      vertex 0.0213771909 -0.00304991682 -0.0012632088
    endloop
  endfacet
  facet normal -0.378100812 -0.816450596 -0.436403662
    outer loop
      vertex 0.0245676115 -0.0137984324 -0.00921961758
      vertex 0.0253598299 -0.0140687656 -0.00940024108
      vertex 0.0253598113 -0.0156323388 -0.00647499645
    endloop
  endfacet
  facet normal -0.378099203 -0.816451013 -0.436404318
    outer loop
      vertex 0.0245676115 -0.0137984324 -0.00921961758
      vertex 0.0253598113 -0.0156323388 -0.00647499645
      vertex 0.0245675929 -0.0153319631 -0.006350582
    endloop
  endfacet
  facet normal 0.997334063 -0.0643576682 -0.0343933031
    outer loop
      vertex 0.0291116238 -0.00538411783 -0.00359731726
      vertex 0.0293427389 -0.00274497434 -0.00183389604
      vertex 0.0293427352 -0.00305001228 -0.00126320915
    endloop
  endfacet
  facet normal 0.997334123 -0.0643566325 -0.0343943462
    outer loop
      vertex 0.0291116238 -0.00538411783 -0.00359731726
      vertex 0.0293427352 -0.00305001228 -0.00126320915
      vertex 0.0291116182 -0.0059824721 -0.00247787475
    endloop
  endfacet
  facet normal -0.782779455 -0.5488168 -0.293353617
    outer loop
      vertex 0.0238058418 -0.012997848 -0.00868468825
      vertex 0.0245676115 -0.0137984324 -0.00921961758
      vertex 0.0245675929 -0.0153319631 -0.006350582
    endloop
  endfacet
  facet normal -0.78278029 -0.548816144 -0.293352693
    outer loop
      vertex 0.0238058418 -0.012997848 -0.00868468825
      vertex 0.0245675929 -0.0153319631 -0.006350582
      vertex 0.023805825 -0.014442401 -0.00598211493
    endloop
  endfacet
  facet normal 0.991792798 -0.112760574 -0.0602668077
    outer loop
      vertex 0.028736338 -0.00781636406 -0.00522249425
      vertex 0.0291116238 -0.00538411783 -0.00359731726
      vertex 0.0291116182 -0.0059824721 -0.00247787475
    endloop
  endfacet
  facet normal 0.991792619 -0.112762138 -0.0602657497
    outer loop
      vertex 0.028736338 -0.00781636406 -0.00522249425
      vertex 0.0291116182 -0.0059824721 -0.00247787475
      vertex 0.0287363268 -0.00868503936 -0.00359731587
    endloop
  endfacet
  facet normal -0.911522746 -0.362687647 -0.19386588
    outer loop
      vertex 0.0231037997 -0.0116977748 -0.00781601109
      vertex 0.0238058418 -0.012997848 -0.00868468825
      vertex 0.023805825 -0.014442401 -0.00598211493
    endloop
  endfacet
  facet normal -0.911522329 -0.362688214 -0.193866909
    outer loop
      vertex 0.0231037997 -0.0116977748 -0.00781601109
      vertex 0.023805825 -0.014442401 -0.00598211493
      vertex 0.0231037829 -0.0129978387 -0.00538375927
    endloop
  endfacet
  facet normal 0.980969667 -0.171237692 -0.0915216431
    outer loop
      vertex 0.0282312986 -0.00994824059 -0.00664697494
      vertex 0.028736338 -0.00781636406 -0.00522249425
      vertex 0.0287363268 -0.00868503936 -0.00359731587
    endloop
  endfacet
  facet normal 0.980969727 -0.171237066 -0.0915218964
    outer loop
      vertex 0.0282312986 -0.00994824059 -0.00664697494
      vertex 0.0287363268 -0.00868503936 -0.00359731587
      vertex 0.0282312855 -0.0110538546 -0.00457851589
    endloop
  endfacet
  facet normal -0.959436297 -0.248633459 -0.132903785
    outer loop
      vertex 0.0224884599 -0.00994817168 -0.00664697448
      vertex 0.0231037997 -0.0116977748 -0.00781601109
      vertex 0.0231037829 -0.0129978387 -0.00538375927
    endloop
  endfacet
  facet normal -0.959436417 -0.248633295 -0.132903278
    outer loop
      vertex 0.0224884599 -0.00994817168 -0.00664697448
      vertex 0.0231037829 -0.0129978387 -0.00538375927
      vertex 0.0224884469 -0.0110537857 -0.00457851542
    endloop
  endfacet
  facet normal 0.959430397 -0.248656228 -0.132903457
    outer loop
      vertex 0.0276159178 -0.0116978288 -0.00781601109
      vertex 0.0282312986 -0.00994824059 -0.00664697494
      vertex 0.0282312855 -0.0110538546 -0.00457851589
    endloop
  endfacet
  facet normal 0.959430456 -0.248656228 -0.132903457
    outer loop
      vertex 0.0276159178 -0.0116978288 -0.00781601109
      vertex 0.0282312855 -0.0110538546 -0.00457851589
      vertex 0.0276159029 -0.0129978927 -0.00538375927
    endloop
  endfacet
  facet normal -0.980974019 -0.171213016 -0.0915214121
    outer loop
      vertex 0.0219834745 -0.00781628303 -0.00522249378
      vertex 0.0224884599 -0.00994817168 -0.00664697448
      vertex 0.0224884469 -0.0110537857 -0.00457851542
    endloop
  endfacet
  facet normal -0.98097384 -0.17121312 -0.0915219933
    outer loop
      vertex 0.0219834745 -0.00781628303 -0.00522249378
      vertex 0.0224884469 -0.0110537857 -0.00457851542
      vertex 0.0219834633 -0.00868495833 -0.0035973154
    endloop
  endfacet
  facet normal 0.911513925 -0.362709433 -0.193866387
    outer loop
      vertex 0.026913844 -0.0129978852 -0.00868468825
      vertex 0.0276159178 -0.0116978288 -0.00781601109
      vertex 0.0276159029 -0.0129978927 -0.00538375927
    endloop
  endfacet
  facet normal 0.911513865 -0.362709671 -0.193866357
    outer loop
      vertex 0.026913844 -0.0129978852 -0.00868468825
      vertex 0.0276159029 -0.0129978927 -0.00538375927
      vertex 0.0269138273 -0.0144424383 -0.00598211493
    endloop
  endfacet
  facet normal -0.991795421 -0.112737998 -0.0602664836
    outer loop
      vertex 0.0216082446 -0.00538402796 -0.00359731703
      vertex 0.0219834745 -0.00781628303 -0.00522249378
      vertex 0.0219834633 -0.00868495833 -0.0035973154
    endloop
  endfacet
  facet normal -0.99179548 -0.112737998 -0.0602662973
    outer loop
      vertex 0.0216082446 -0.00538402796 -0.00359731703
      vertex 0.0219834633 -0.00868495833 -0.0035973154
      vertex 0.0216082372 -0.00598238222 -0.00247787451
    endloop
  endfacet
  facet normal 0.782766461 -0.548835635 -0.293353349
    outer loop
      vertex 0.0261520557 -0.0137984511 -0.00921961758
      vertex 0.026913844 -0.0129978852 -0.00868468825
      vertex 0.0269138273 -0.0144424383 -0.00598211493
    endloop
  endfacet
  facet normal 0.78276664 -0.548835278 -0.293353349
    outer loop
      vertex 0.0261520557 -0.0137984511 -0.00921961758
      vertex 0.0269138273 -0.0144424383 -0.00598211493
      vertex 0.0261520371 -0.0153319817 -0.006350582
    endloop
  endfacet
  facet normal -0.997335553 -0.0643330142 -0.0343933366
    outer loop
      vertex 0.0213771947 -0.00274487888 -0.00183389569
      vertex 0.0216082446 -0.00538402796 -0.00359731703
      vertex 0.0216082372 -0.00598238222 -0.00247787451
    endloop
  endfacet
  facet normal -0.997335613 -0.064333044 -0.0343931764
    outer loop
      vertex 0.0213771947 -0.00274487888 -0.00183389569
      vertex 0.0216082372 -0.00598238222 -0.00247787451
      vertex 0.0213771909 -0.00304991682 -0.0012632088
    endloop
  endfacet
  facet normal 0.378081203 -0.816459477 -0.436404049
    outer loop
      vertex 0.0253598299 -0.0140687656 -0.00940024108
      vertex 0.0261520557 -0.0137984511 -0.00921961758
      vertex 0.0261520371 -0.0153319817 -0.006350582
    endloop
  endfacet
  facet normal 0.378079772 -0.816460252 -0.43640399
    outer loop
      vertex 0.0253598299 -0.0140687656 -0.00940024108
      vertex 0.0261520371 -0.0153319817 -0.006350582
      vertex 0.0253598113 -0.0156323388 -0.00647499645
    endloop
  endfacet
  facet normal 0.959430218 -0.269806534 -0.0818416178
    outer loop
      vertex 0.0276159029 -0.0129978927 -0.00538375927
      vertex 0.0282312855 -0.0110538546 -0.00457851589
      vertex 0.0282312781 -0.0117346877 -0.00233410695
    endloop
  endfacet
  facet normal 0.959430099 -0.269806921 -0.0818414539
    outer loop
      vertex 0.0276159029 -0.0129978927 -0.00538375927
      vertex 0.0282312781 -0.0117346877 -0.00233410695
      vertex 0.0276158936 -0.0137984669 -0.00274461368
    endloop
  endfacet
  facet normal -0.980974019 -0.185778379 -0.0563584417
    outer loop
      vertex 0.0219834633 -0.00868495833 -0.0035973154
      vertex 0.0224884469 -0.0110537857 -0.00457851542
      vertex 0.0224884395 -0.0117346188 -0.00233410671
    endloop
  endfacet
  facet normal -0.980974138 -0.18577832 -0.0563582964
    outer loop
      vertex 0.0219834633 -0.00868495833 -0.0035973154
      vertex 0.0224884395 -0.0117346188 -0.00233410671
      vertex 0.0219834577 -0.0092198858 -0.00183389429
    endloop
  endfacet
  facet normal 0.911513507 -0.393562049 -0.119382262
    outer loop
      vertex 0.0269138273 -0.0144424383 -0.00598211493
      vertex 0.0276159029 -0.0129978927 -0.00538375927
      vertex 0.0276158936 -0.0137984669 -0.00274461368
    endloop
  endfacet
  facet normal 0.911513329 -0.393562376 -0.119382158
    outer loop
      vertex 0.0269138273 -0.0144424383 -0.00598211493
      vertex 0.0276158936 -0.0137984669 -0.00274461368
      vertex 0.0269138161 -0.0153319892 -0.00304965349
    endloop
  endfacet
  facet normal -0.99179548 -0.122329123 -0.0371112265
    outer loop
      vertex 0.0216082372 -0.00598238222 -0.00247787451
      vertex 0.0219834633 -0.00868495833 -0.0035973154
      vertex 0.0219834577 -0.0092198858 -0.00183389429
    endloop
  endfacet
  facet normal -0.991795599 -0.122329101 -0.037111111
    outer loop
      vertex 0.0216082372 -0.00598238222 -0.00247787451
      vertex 0.0219834577 -0.0092198858 -0.00183389429
      vertex 0.0216082335 -0.0063508465 -0.00126320857
    endloop
  endfacet
  facet normal 0.782765925 -0.595520496 -0.180645868
    outer loop
      vertex 0.0261520371 -0.0153319817 -0.006350582
      vertex 0.0269138273 -0.0144424383 -0.00598211493
      vertex 0.0269138161 -0.0153319892 -0.00304965349
    endloop
  endfacet
  facet normal 0.782766163 -0.59551996 -0.180645943
    outer loop
      vertex 0.0261520371 -0.0153319817 -0.006350582
      vertex 0.0269138161 -0.0153319892 -0.00304965349
      vertex 0.0261520259 -0.0162763242 -0.00323749753
    endloop
  endfacet
  facet normal -0.997335672 -0.0698066726 -0.021178646
    outer loop
      vertex 0.0213771909 -0.00304991682 -0.0012632088
      vertex 0.0216082372 -0.00598238222 -0.00247787451
      vertex 0.0216082335 -0.0063508465 -0.00126320857
    endloop
  endfacet
  facet normal -0.997335613 -0.0698066726 -0.0211815909
    outer loop
      vertex 0.0213771909 -0.00304991682 -0.0012632088
      vertex 0.0216082335 -0.0063508465 -0.00126320857
      vertex 0.0213771872 -0.0032377583 -0.000643977546
    endloop
  endfacet
  facet normal 0.378079146 -0.885910273 -0.268736184
    outer loop
      vertex 0.0253598113 -0.0156323388 -0.00647499645
      vertex 0.0261520371 -0.0153319817 -0.006350582
      vertex 0.0261520259 -0.0162763242 -0.00323749753
    endloop
  endfacet
  facet normal 0.37808001 -0.885909915 -0.268736333
    outer loop
      vertex 0.0253598113 -0.0156323388 -0.00647499645
      vertex 0.0261520259 -0.0162763242 -0.00323749753
      vertex 0.0253598001 -0.0165951829 -0.00330092269
    endloop
  endfacet
  facet normal 0.999717712 -0.022735374 -0.00689368322
    outer loop
      vertex 0.0293427352 -0.00305001228 -0.00126320915
      vertex 0.0294208005 -3.54188899e-07 -1.77503207e-10
      vertex 0.0293427333 -0.00323785376 -0.000643977895
    endloop
  endfacet
  facet normal -0.999718368 -0.0227109026 -0.00689528836
    outer loop
      vertex 0.0212991983 -2.5675871e-07 1.77503207e-10
      vertex 0.0213771909 -0.00304991682 -0.0012632088
      vertex 0.0213771872 -0.0032377583 -0.000643977546
    endloop
  endfacet
  facet normal -0.378100246 -0.885901272 -0.268736392
    outer loop
      vertex 0.0245675929 -0.0153319631 -0.006350582
      vertex 0.0253598113 -0.0156323388 -0.00647499645
      vertex 0.0253598001 -0.0165951829 -0.00330092269
    endloop
  endfacet
  facet normal -0.378100842 -0.885901034 -0.268736094
    outer loop
      vertex 0.0245675929 -0.0153319631 -0.006350582
      vertex 0.0253598001 -0.0165951829 -0.00330092269
      vertex 0.0245675817 -0.0162763055 -0.00323749753
    endloop
  endfacet
  facet normal 0.997333944 -0.069830291 -0.0211797599
    outer loop
      vertex 0.0291116182 -0.0059824721 -0.00247787475
      vertex 0.0293427352 -0.00305001228 -0.00126320915
      vertex 0.0293427333 -0.00323785376 -0.000643977895
    endloop
  endfacet
  facet normal 0.997334003 -0.0698311627 -0.021178456
    outer loop
      vertex 0.0291116182 -0.0059824721 -0.00247787475
      vertex 0.0293427333 -0.00323785376 -0.000643977895
      vertex 0.0291116126 -0.00635093683 -0.00126320892
    endloop
  endfacet
  facet normal -0.782780647 -0.595501006 -0.180645809
    outer loop
      vertex 0.023805825 -0.014442401 -0.00598211493
      vertex 0.0245675929 -0.0153319631 -0.006350582
      vertex 0.0245675817 -0.0162763055 -0.00323749753
    endloop
  endfacet
  facet normal -0.782780528 -0.595501244 -0.180646002
    outer loop
      vertex 0.023805825 -0.014442401 -0.00598211493
      vertex 0.0245675817 -0.0162763055 -0.00323749753
      vertex 0.0238058139 -0.0153319519 -0.00304965349
    endloop
  endfacet
  facet normal 0.99179256 -0.122353181 -0.0371108539
    outer loop
      vertex 0.0287363268 -0.00868503936 -0.00359731587
      vertex 0.0291116182 -0.0059824721 -0.00247787475
      vertex 0.0291116126 -0.00635093683 -0.00126320892
    endloop
  endfacet
  facet normal 0.991792619 -0.122352116 -0.0371119305
    outer loop
      vertex 0.0287363268 -0.00868503936 -0.00359731587
      vertex 0.0291116126 -0.00635093683 -0.00126320892
      vertex 0.0287363213 -0.00921996683 -0.00183389464
    endloop
  endfacet
  facet normal -0.911522686 -0.39354071 -0.119382523
    outer loop
      vertex 0.0231037829 -0.0129978387 -0.00538375927
      vertex 0.023805825 -0.014442401 -0.00598211493
      vertex 0.0238058139 -0.0153319519 -0.00304965349
    endloop
  endfacet
  facet normal -0.911522865 -0.393540263 -0.119382061
    outer loop
      vertex 0.0231037829 -0.0129978387 -0.00538375927
      vertex 0.0238058139 -0.0153319519 -0.00304965349
      vertex 0.0231037736 -0.0137984129 -0.00274461345
    endloop
  endfacet
  facet normal 0.980969608 -0.185801953 -0.0563592501
    outer loop
      vertex 0.0282312855 -0.0110538546 -0.00457851589
      vertex 0.0287363268 -0.00868503936 -0.00359731587
      vertex 0.0287363213 -0.00921996683 -0.00183389464
    endloop
  endfacet
  facet normal 0.980969548 -0.185802117 -0.0563591234
    outer loop
      vertex 0.0282312855 -0.0110538546 -0.00457851589
      vertex 0.0287363213 -0.00921996683 -0.00183389464
      vertex 0.0282312781 -0.0117346877 -0.00233410695
    endloop
  endfacet
  facet normal -0.959436715 -0.269783705 -0.0818411782
    outer loop
      vertex 0.0224884469 -0.0110537857 -0.00457851542
      vertex 0.0231037829 -0.0129978387 -0.00538375927
      vertex 0.0231037736 -0.0137984129 -0.00274461345
    endloop
  endfacet
  facet normal -0.959436774 -0.269783646 -0.081841059
    outer loop
      vertex 0.0224884469 -0.0110537857 -0.00457851542
      vertex 0.0231037736 -0.0137984129 -0.00274461345
      vertex 0.0224884395 -0.0117346188 -0.00233410671
    endloop
  endfacet
  facet normal -0.378101528 -0.921306312 -0.0907408372
    outer loop
      vertex 0.0245675817 -0.0162763055 -0.00323749753
      vertex 0.0253598001 -0.0165951829 -0.00330092269
      vertex 0.0253597964 -0.0169202946 3.76388698e-09
    endloop
  endfacet
  facet normal -0.378101856 -0.921306193 -0.0907407403
    outer loop
      vertex 0.0245675817 -0.0162763055 -0.00323749753
      vertex 0.0253597964 -0.0169202946 3.76388698e-09
      vertex 0.024567578 -0.0165951699 2.15901252e-09
    endloop
  endfacet
  facet normal 0.997334003 -0.072621651 -0.00714970799
    outer loop
      vertex 0.0291116126 -0.00635093683 -0.00126320892
      vertex 0.0293427333 -0.00323785376 -0.000643977895
      vertex 0.0293427315 -0.00330127985 1.0302289e-09
    endloop
  endfacet
  facet normal 0.997334003 -0.0726211071 -0.0071510328
    outer loop
      vertex 0.0291116126 -0.00635093683 -0.00126320892
      vertex 0.0293427315 -0.00330127985 1.0302289e-09
      vertex 0.0291116107 -0.00647535129 1.30954825e-09
    endloop
  endfacet
  facet normal -0.782780647 -0.6193012 -0.0609964393
    outer loop
      vertex 0.0238058139 -0.0153319519 -0.00304965349
      vertex 0.0245675817 -0.0162763055 -0.00323749753
      vertex 0.024567578 -0.0165951699 2.15901252e-09
    endloop
  endfacet
  facet normal -0.78278029 -0.619301677 -0.0609967411
    outer loop
      vertex 0.0238058139 -0.0153319519 -0.00304965349
      vertex 0.024567578 -0.0165951699 2.15901252e-09
      vertex 0.0238058101 -0.0156323165 4.49192195e-09
    endloop
  endfacet
  facet normal 0.991792679 -0.127241641 -0.0125306807
    outer loop
      vertex 0.0287363213 -0.00921996683 -0.00183389464
      vertex 0.0291116126 -0.00635093683 -0.00126320892
      vertex 0.0291116107 -0.00647535129 1.30954825e-09
    endloop
  endfacet
  facet normal 0.99179256 -0.127241999 -0.0125301294
    outer loop
      vertex 0.0287363213 -0.00921996683 -0.00183389464
      vertex 0.0291116107 -0.00647535129 1.30954825e-09
      vertex 0.0287363175 -0.00940058846 1.99520733e-09
    endloop
  endfacet
  facet normal -0.911522985 -0.409268707 -0.0403104946
    outer loop
      vertex 0.0231037736 -0.0137984129 -0.00274461345
      vertex 0.0238058139 -0.0153319519 -0.00304965349
      vertex 0.0238058101 -0.0156323165 4.49192195e-09
    endloop
  endfacet
  facet normal -0.911523402 -0.409267783 -0.0403097831
    outer loop
      vertex 0.0231037736 -0.0137984129 -0.00274461345
      vertex 0.0238058101 -0.0156323165 4.49192195e-09
      vertex 0.0231037717 -0.014068733 6.10582607e-09
    endloop
  endfacet
  facet normal 0.980969369 -0.19322753 -0.0190290976
    outer loop
      vertex 0.0282312781 -0.0117346877 -0.00233410695
      vertex 0.0287363213 -0.00921996683 -0.00183389464
      vertex 0.0287363175 -0.00940058846 1.99520733e-09
    endloop
  endfacet
  facet normal 0.980969489 -0.193227008 -0.0190296397
    outer loop
      vertex 0.0282312781 -0.0117346877 -0.00233410695
      vertex 0.0287363175 -0.00940058846 1.99520733e-09
      vertex 0.0282312743 -0.0119645773 -1.7801316e-12
    endloop
  endfacet
  facet normal -0.959436834 -0.280565947 -0.0276338477
    outer loop
      vertex 0.0224884395 -0.0117346188 -0.00233410671
      vertex 0.0231037736 -0.0137984129 -0.00274461345
      vertex 0.0231037717 -0.014068733 6.10582607e-09
    endloop
  endfacet
  facet normal -0.959436774 -0.280566216 -0.0276341345
    outer loop
      vertex 0.0224884395 -0.0117346188 -0.00233410671
      vertex 0.0231037717 -0.014068733 6.10582607e-09
      vertex 0.0224884376 -0.0119645083 2.49247289e-10
    endloop
  endfacet
  facet normal 0.959430039 -0.280589283 -0.0276340973
    outer loop
      vertex 0.0276158936 -0.0137984669 -0.00274461368
      vertex 0.0282312781 -0.0117346877 -0.00233410695
      vertex 0.0282312743 -0.0119645773 -1.7801316e-12
    endloop
  endfacet
  facet normal 0.959430099 -0.280589193 -0.0276341848
    outer loop
      vertex 0.0276158936 -0.0137984669 -0.00274461368
      vertex 0.0282312743 -0.0119645773 -1.7801316e-12
      vertex 0.0276158899 -0.014068787 5.90859495e-09
    endloop
  endfacet
  facet normal -0.980974138 -0.193203449 -0.0190296732
    outer loop
      vertex 0.0219834577 -0.0092198858 -0.00183389429
      vertex 0.0224884395 -0.0117346188 -0.00233410671
      vertex 0.0224884376 -0.0119645083 2.49247289e-10
    endloop
  endfacet
  facet normal -0.980973899 -0.193204254 -0.0190308988
    outer loop
      vertex 0.0219834577 -0.0092198858 -0.00183389429
      vertex 0.0224884376 -0.0119645083 2.49247289e-10
      vertex 0.021983454 -0.00940050837 2.29038433e-09
    endloop
  endfacet
  facet normal 0.91151309 -0.40929082 -0.040310204
    outer loop
      vertex 0.0269138161 -0.0153319892 -0.00304965349
      vertex 0.0276158936 -0.0137984669 -0.00274461368
      vertex 0.0276158899 -0.014068787 5.90859495e-09
    endloop
  endfacet
  facet normal 0.911513269 -0.409290463 -0.0403104089
    outer loop
      vertex 0.0269138161 -0.0153319892 -0.00304965349
      vertex 0.0276158899 -0.014068787 5.90859495e-09
      vertex 0.0269138124 -0.0156323537 4.35606706e-09
    endloop
  endfacet
  facet normal -0.991795599 -0.127218187 -0.0125318756
    outer loop
      vertex 0.0216082335 -0.0063508465 -0.00126320857
      vertex 0.0219834577 -0.0092198858 -0.00183389429
      vertex 0.021983454 -0.00940050837 2.29038433e-09
    endloop
  endfacet
  facet normal -0.99179554 -0.127217934 -0.0125312451
    outer loop
      vertex 0.0216082335 -0.0063508465 -0.00126320857
      vertex 0.021983454 -0.00940050837 2.29038433e-09
      vertex 0.0216082316 -0.00647526095 1.63753133e-09
    endloop
  endfacet
  facet normal 0.782765806 -0.619319856 -0.060996633
    outer loop
      vertex 0.0261520259 -0.0162763242 -0.00323749753
      vertex 0.0269138161 -0.0153319892 -0.00304965349
      vertex 0.0269138124 -0.0156323537 4.35606706e-09
    endloop
  endfacet
  facet normal 0.782765567 -0.619320154 -0.060996525
    outer loop
      vertex 0.0261520259 -0.0162763242 -0.00323749753
      vertex 0.0269138124 -0.0156323537 4.35606706e-09
      vertex 0.0261520222 -0.0165951885 2.08975415e-09
    endloop
  endfacet
  facet normal -0.997335732 -0.0725974068 -0.00715163955
    outer loop
      vertex 0.0213771872 -0.0032377583 -0.000643977546
      vertex 0.0216082335 -0.0063508465 -0.00126320857
      vertex 0.0216082316 -0.00647526095 1.63753133e-09
    endloop
  endfacet
  facet normal -0.997335792 -0.0725971237 -0.00715015875
    outer loop
      vertex 0.0213771872 -0.0032377583 -0.000643977546
      vertex 0.0216082316 -0.00647526095 1.63753133e-09
      vertex 0.0213771872 -0.00330118439 1.37841394e-09
    endloop
  endfacet
  facet normal 0.378079891 -0.921315193 -0.0907407552
    outer loop
      vertex 0.0253598001 -0.0165951829 -0.00330092269
      vertex 0.0261520259 -0.0162763242 -0.00323749753
      vertex 0.0261520222 -0.0165951885 2.08975415e-09
    endloop
  endfacet
  facet normal 0.378080308 -0.921315014 -0.0907408521
    outer loop
      vertex 0.0253598001 -0.0165951829 -0.00330092269
      vertex 0.0261520222 -0.0165951885 2.08975415e-09
      vertex 0.0253597964 -0.0169202946 3.76388698e-09
    endloop
  endfacet
  facet normal 0.999717653 -0.0236439779 -0.00232582609
    outer loop
      vertex 0.0293427333 -0.00323785376 -0.000643977895
      vertex 0.0294208005 -3.54188899e-07 -1.77503207e-10
      vertex 0.0293427315 -0.00330127985 1.0302289e-09
    endloop
  endfacet
  facet normal -0.999718368 -0.0236197207 -0.0023263325
    outer loop
      vertex 0.0212991983 -2.5675871e-07 1.77503207e-10
      vertex 0.0213771872 -0.0032377583 -0.000643977546
      vertex 0.0213771872 -0.00330118439 1.37841394e-09
    endloop
  endfacet
  facet normal -0.980973959 -0.193204299 0.0190297458
    outer loop
      vertex 0.021983454 -0.00940050837 2.29038433e-09
      vertex 0.0224884376 -0.0119645083 2.49247289e-10
      vertex 0.0224884395 -0.0117346188 0.00233410718
    endloop
  endfacet
  facet normal -0.980974197 -0.193203107 0.0190309845
    outer loop
      vertex 0.021983454 -0.00940050837 2.29038433e-09
      vertex 0.0224884395 -0.0117346188 0.00233410718
      vertex 0.0219834577 -0.00921988394 0.00183389871
    endloop
  endfacet
  facet normal 0.911513209 -0.409290463 0.0403105691
    outer loop
      vertex 0.0269138124 -0.0156323537 4.35606706e-09
      vertex 0.0276158899 -0.014068787 5.90859495e-09
      vertex 0.0276158936 -0.0137984641 0.00274462509
    endloop
  endfacet
  facet normal 0.91151309 -0.409290552 0.0403106734
    outer loop
      vertex 0.0269138124 -0.0156323537 4.35606706e-09
      vertex 0.0276158936 -0.0137984641 0.00274462509
      vertex 0.0269138161 -0.0153319873 0.0030496621
    endloop
  endfacet
  facet normal -0.991795599 -0.127217934 0.0125319799
    outer loop
      vertex 0.0216082316 -0.00647526095 1.63753133e-09
      vertex 0.021983454 -0.00940050837 2.29038433e-09
      vertex 0.0219834577 -0.00921988394 0.00183389871
    endloop
  endfacet
  facet normal -0.99179554 -0.127218291 0.0125314239
    outer loop
      vertex 0.0216082316 -0.00647526095 1.63753133e-09
      vertex 0.0219834577 -0.00921988394 0.00183389871
      vertex 0.0216082335 -0.0063508451 0.0012632116
    endloop
  endfacet
  facet normal 0.782765388 -0.619320333 0.0609970279
    outer loop
      vertex 0.0261520222 -0.0165951885 2.08975415e-09
      vertex 0.0269138124 -0.0156323537 4.35606706e-09
      vertex 0.0269138161 -0.0153319873 0.0030496621
    endloop
  endfacet
  facet normal 0.782766402 -0.619319141 0.0609963313
    outer loop
      vertex 0.0261520222 -0.0165951885 2.08975415e-09
      vertex 0.0269138161 -0.0153319873 0.0030496621
      vertex 0.0261520278 -0.0162763223 0.00323750149
    endloop
  endfacet
  facet normal -0.997335672 -0.0725971088 0.00715169776
    outer loop
      vertex 0.0213771872 -0.00330118439 1.37841394e-09
      vertex 0.0216082316 -0.00647526095 1.63753133e-09
      vertex 0.0216082335 -0.0063508451 0.0012632116
    endloop
  endfacet
  facet normal -0.997335672 -0.0725976899 0.00715029426
    outer loop
      vertex 0.0213771872 -0.00330118439 1.37841394e-09
      vertex 0.0216082335 -0.0063508451 0.0012632116
      vertex 0.0213771872 -0.0032377576 0.000643980224
    endloop
  endfacet
  facet normal 0.378080577 -0.921314836 0.0907410383
    outer loop
      vertex 0.0253597964 -0.0169202946 3.76388698e-09
      vertex 0.0261520222 -0.0165951885 2.08975415e-09
      vertex 0.0261520278 -0.0162763223 0.00323750149
    endloop
  endfacet
  facet normal 0.378079504 -0.921315253 0.090741396
    outer loop
      vertex 0.0253597964 -0.0169202946 3.76388698e-09
      vertex 0.0261520278 -0.0162763223 0.00323750149
      vertex 0.0253598001 -0.0165951811 0.00330092991
    endloop
  endfacet
  facet normal 0.999717712 -0.0236439761 0.00232585194
    outer loop
      vertex 0.0293427315 -0.00330127985 1.0302289e-09
      vertex 0.0294208005 -3.54188899e-07 -1.77503207e-10
      vertex 0.0293427333 -0.00323785306 0.000643979874
    endloop
  endfacet
  facet normal -0.999718368 -0.0236197188 0.00232635927
    outer loop
      vertex 0.0212991983 -2.5675871e-07 1.77503207e-10
      vertex 0.0213771872 -0.00330118439 1.37841394e-09
      vertex 0.0213771872 -0.0032377576 0.000643980224
    endloop
  endfacet
  facet normal -0.378102183 -0.921306014 0.0907413363
    outer loop
      vertex 0.024567578 -0.0165951699 2.15901252e-09
      vertex 0.0253597964 -0.0169202946 3.76388698e-09
      vertex 0.0253598001 -0.0165951811 0.00330092991
    endloop
  endfacet
  facet normal -0.378101885 -0.921306133 0.0907412693
    outer loop
      vertex 0.024567578 -0.0165951699 2.15901252e-09
      vertex 0.0253598001 -0.0165951811 0.00330092991
      vertex 0.0245675817 -0.0162763037 0.00323750149
    endloop
  endfacet
  facet normal 0.997334003 -0.0726210997 0.00714971032
    outer loop
      vertex 0.0291116107 -0.00647535129 1.30954825e-09
      vertex 0.0293427315 -0.00330127985 1.0302289e-09
      vertex 0.0293427333 -0.00323785306 0.000643979874
    endloop
  endfacet
  facet normal 0.997333884 -0.0726213753 0.00715114037
    outer loop
      vertex 0.0291116107 -0.00647535129 1.30954825e-09
      vertex 0.0293427333 -0.00323785306 0.000643979874
      vertex 0.0291116126 -0.00635093544 0.00126321125
    endloop
  endfacet
  facet normal -0.782780111 -0.619301796 0.0609968752
    outer loop
      vertex 0.0238058101 -0.0156323165 4.49192195e-09
      vertex 0.024567578 -0.0165951699 2.15901252e-09
      vertex 0.0245675817 -0.0162763037 0.00323750149
    endloop
  endfacet
  facet normal -0.782780468 -0.6193012 0.0609970801
    outer loop
      vertex 0.0238058101 -0.0156323165 4.49192195e-09
      vertex 0.0245675817 -0.0162763037 0.00323750149
      vertex 0.0238058139 -0.01533195 0.0030496621
    endloop
  endfacet
  facet normal 0.99179256 -0.127241984 0.0125308344
    outer loop
      vertex 0.0287363175 -0.00940058846 1.99520733e-09
      vertex 0.0291116107 -0.00647535129 1.30954825e-09
      vertex 0.0291116126 -0.00635093544 0.00126321125
    endloop
  endfacet
  facet normal 0.99179256 -0.127241746 0.0125302356
    outer loop
      vertex 0.0287363175 -0.00940058846 1.99520733e-09
      vertex 0.0291116126 -0.00635093544 0.00126321125
      vertex 0.0287363213 -0.00921996497 0.00183389836
    endloop
  endfacet
  facet normal -0.911523342 -0.409267873 0.0403106511
    outer loop
      vertex 0.0231037717 -0.014068733 6.10582607e-09
      vertex 0.0238058101 -0.0156323165 4.49192195e-09
      vertex 0.0238058139 -0.01533195 0.0030496621
    endloop
  endfacet
  facet normal -0.911523044 -0.409268647 0.0403102823
    outer loop
      vertex 0.0231037717 -0.014068733 6.10582607e-09
      vertex 0.0238058139 -0.01533195 0.0030496621
      vertex 0.0231037736 -0.0137984101 0.00274462532
    endloop
  endfacet
  facet normal 0.980969489 -0.193227053 0.0190292597
    outer loop
      vertex 0.0282312743 -0.0119645773 -1.7801316e-12
      vertex 0.0287363175 -0.00940058846 1.99520733e-09
      vertex 0.0287363213 -0.00921996497 0.00183389836
    endloop
  endfacet
  facet normal 0.980969489 -0.193227321 0.0190296695
    outer loop
      vertex 0.0282312743 -0.0119645773 -1.7801316e-12
      vertex 0.0287363213 -0.00921996497 0.00183389836
      vertex 0.0282312781 -0.0117346877 0.00233410695
    endloop
  endfacet
  facet normal -0.959436893 -0.280566096 0.027634155
    outer loop
      vertex 0.0224884376 -0.0119645083 2.49247289e-10
      vertex 0.0231037717 -0.014068733 6.10582607e-09
      vertex 0.0231037736 -0.0137984101 0.00274462532
    endloop
  endfacet
  facet normal -0.959436834 -0.280566126 0.0276341233
    outer loop
      vertex 0.0224884376 -0.0119645083 2.49247289e-10
      vertex 0.0231037736 -0.0137984101 0.00274462532
      vertex 0.0224884395 -0.0117346188 0.00233410718
    endloop
  endfacet
  facet normal 0.959430099 -0.280589044 0.0276341029
    outer loop
      vertex 0.0276158899 -0.014068787 5.90859495e-09
      vertex 0.0282312743 -0.0119645773 -1.7801316e-12
      vertex 0.0282312781 -0.0117346877 0.00233410695
    endloop
  endfacet
  facet normal 0.959429979 -0.280589461 0.0276344959
    outer loop
      vertex 0.0276158899 -0.014068787 5.90859495e-09
      vertex 0.0282312781 -0.0117346877 0.00233410695
      vertex 0.0276158936 -0.0137984641 0.00274462509
    endloop
  endfacet
  facet normal 0.997333944 -0.0698308647 0.0211799908
    outer loop
      vertex 0.0291116126 -0.00635093544 0.00126321125
      vertex 0.0293427333 -0.00323785306 0.000643979874
      vertex 0.0293427352 -0.00305001112 0.00126321078
    endloop
  endfacet
  facet normal 0.997334003 -0.0698308721 0.0211784299
    outer loop
      vertex 0.0291116126 -0.00635093544 0.00126321125
      vertex 0.0293427352 -0.00305001112 0.00126321078
      vertex 0.0291116182 -0.00598246977 0.00247787661
    endloop
  endfacet
  facet normal -0.782780051 -0.595501602 0.180646583
    outer loop
      vertex 0.0238058139 -0.01533195 0.0030496621
      vertex 0.0245675817 -0.0162763037 0.00323750149
      vertex 0.0245675929 -0.0153319584 0.00635058526
    endloop
  endfacet
  facet normal -0.782780349 -0.595501304 0.180646628
    outer loop
      vertex 0.0238058139 -0.01533195 0.0030496621
      vertex 0.0245675929 -0.0153319584 0.00635058526
      vertex 0.023805825 -0.0144423964 0.00598212285
    endloop
  endfacet
  facet normal 0.991792738 -0.122352391 0.0371107236
    outer loop
      vertex 0.0287363213 -0.00921996497 0.00183389836
      vertex 0.0291116126 -0.00635093544 0.00126321125
      vertex 0.0291116182 -0.00598246977 0.00247787661
    endloop
  endfacet
  facet normal 0.99179256 -0.122352645 0.0371121727
    outer loop
      vertex 0.0287363213 -0.00921996497 0.00183389836
      vertex 0.0291116182 -0.00598246977 0.00247787661
      vertex 0.0287363268 -0.00868503656 0.00359731889
    endloop
  endfacet
  facet normal -0.911522865 -0.393540204 0.119382769
    outer loop
      vertex 0.0231037736 -0.0137984101 0.00274462532
      vertex 0.0238058139 -0.01533195 0.0030496621
      vertex 0.023805825 -0.0144423964 0.00598212285
    endloop
  endfacet
  facet normal -0.911523163 -0.39353931 0.119383022
    outer loop
      vertex 0.0231037736 -0.0137984101 0.00274462532
      vertex 0.023805825 -0.0144423964 0.00598212285
      vertex 0.0231037848 -0.0129978321 0.00538376998
    endloop
  endfacet
  facet normal 0.980969608 -0.185802013 0.0563593842
    outer loop
      vertex 0.0282312781 -0.0117346877 0.00233410695
      vertex 0.0287363213 -0.00921996497 0.00183389836
      vertex 0.0287363268 -0.00868503656 0.00359731889
    endloop
  endfacet
  facet normal 0.980969608 -0.185801923 0.0563591756
    outer loop
      vertex 0.0282312781 -0.0117346877 0.00233410695
      vertex 0.0287363268 -0.00868503656 0.00359731889
      vertex 0.0282312855 -0.0110538537 0.00457851496
    endloop
  endfacet
  facet normal -0.959436774 -0.269783348 0.0818421617
    outer loop
      vertex 0.0224884395 -0.0117346188 0.00233410718
      vertex 0.0231037736 -0.0137984101 0.00274462532
      vertex 0.0231037848 -0.0129978321 0.00538376998
    endloop
  endfacet
  facet normal -0.959436655 -0.269783676 0.0818419978
    outer loop
      vertex 0.0224884395 -0.0117346188 0.00233410718
      vertex 0.0231037848 -0.0129978321 0.00538376998
      vertex 0.0224884488 -0.0110537848 0.00457851542
    endloop
  endfacet
  facet normal 0.959430099 -0.269806743 0.0818418339
    outer loop
      vertex 0.0276158936 -0.0137984641 0.00274462509
      vertex 0.0282312781 -0.0117346877 0.00233410695
      vertex 0.0282312855 -0.0110538537 0.00457851496
    endloop
  endfacet
  facet normal 0.959430218 -0.269806743 0.0818418041
    outer loop
      vertex 0.0276158936 -0.0137984641 0.00274462509
      vertex 0.0282312855 -0.0110538537 0.00457851496
      vertex 0.0276159029 -0.0129978862 0.00538376998
    endloop
  endfacet
  facet normal -0.980974019 -0.185778052 0.0563592538
    outer loop
      vertex 0.0219834577 -0.00921988394 0.00183389871
      vertex 0.0224884395 -0.0117346188 0.00233410718
      vertex 0.0224884488 -0.0110537848 0.00457851542
    endloop
  endfacet
  facet normal -0.980973959 -0.18577899 0.0563586168
    outer loop
      vertex 0.0219834577 -0.00921988394 0.00183389871
      vertex 0.0224884488 -0.0110537848 0.00457851542
      vertex 0.0219834633 -0.00868495554 0.00359731936
    endloop
  endfacet
  facet normal 0.911513329 -0.393562227 0.119382896
    outer loop
      vertex 0.0269138161 -0.0153319873 0.0030496621
      vertex 0.0276158936 -0.0137984641 0.00274462509
      vertex 0.0276159029 -0.0129978862 0.00538376998
    endloop
  endfacet
  facet normal 0.911513567 -0.39356184 0.119382404
    outer loop
      vertex 0.0269138161 -0.0153319873 0.0030496621
      vertex 0.0276159029 -0.0129978862 0.00538376998
      vertex 0.0269138273 -0.0144424336 0.00598212285
    endloop
  endfacet
  facet normal -0.99179548 -0.122329064 0.0371113047
    outer loop
      vertex 0.0216082335 -0.0063508451 0.0012632116
      vertex 0.0219834577 -0.00921988394 0.00183389871
      vertex 0.0219834633 -0.00868495554 0.00359731936
    endloop
  endfacet
  facet normal -0.99179548 -0.122329123 0.0371112302
    outer loop
      vertex 0.0216082335 -0.0063508451 0.0012632116
      vertex 0.0219834633 -0.00868495554 0.00359731936
      vertex 0.0216082372 -0.00598237989 0.00247787684
    endloop
  endfacet
  facet normal 0.782766581 -0.595519602 0.180646196
    outer loop
      vertex 0.0261520278 -0.0162763223 0.00323750149
      vertex 0.0269138161 -0.0153319873 0.0030496621
      vertex 0.0269138273 -0.0144424336 0.00598212285
    endloop
  endfacet
  facet normal 0.782766223 -0.595519841 0.180646464
    outer loop
      vertex 0.0261520278 -0.0162763223 0.00323750149
      vertex 0.0269138273 -0.0144424336 0.00598212285
      vertex 0.0261520389 -0.015331977 0.00635058526
    endloop
  endfacet
  facet normal -0.997335672 -0.0698072389 0.0211788863
    outer loop
      vertex 0.0213771872 -0.0032377576 0.000643980224
      vertex 0.0216082335 -0.0063508451 0.0012632116
      vertex 0.0216082372 -0.00598237989 0.00247787684
    endloop
  endfacet
  facet normal -0.997335792 -0.0698055997 0.0211813319
    outer loop
      vertex 0.0213771872 -0.0032377576 0.000643980224
      vertex 0.0216082372 -0.00598237989 0.00247787684
      vertex 0.0213771909 -0.00304991566 0.00126321113
    endloop
  endfacet
  facet normal 0.378080219 -0.885909617 0.268736869
    outer loop
      vertex 0.0253598001 -0.0165951811 0.00330092991
      vertex 0.0261520278 -0.0162763223 0.00323750149
      vertex 0.0261520389 -0.015331977 0.00635058526
    endloop
  endfacet
  facet normal 0.378080338 -0.885909557 0.268736809
    outer loop
      vertex 0.0253598001 -0.0165951811 0.00330092991
      vertex 0.0261520389 -0.015331977 0.00635058526
      vertex 0.0253598113 -0.0156323351 0.00647500297
    endloop
  endfacet
  facet normal 0.999717712 -0.0227353703 0.00689370278
    outer loop
      vertex 0.0293427333 -0.00323785306 0.000643979874
      vertex 0.0294208005 -3.54188899e-07 -1.77503207e-10
      vertex 0.0293427352 -0.00305001112 0.00126321078
    endloop
  endfacet
  facet normal -0.999718308 -0.022710897 0.00689530559
    outer loop
      vertex 0.0212991983 -2.5675871e-07 1.77503207e-10
      vertex 0.0213771872 -0.0032377576 0.000643980224
      vertex 0.0213771909 -0.00304991566 0.00126321113
    endloop
  endfacet
  facet normal -0.378101766 -0.885900497 0.26873669
    outer loop
      vertex 0.0245675817 -0.0162763037 0.00323750149
      vertex 0.0253598001 -0.0165951811 0.00330092991
      vertex 0.0253598113 -0.0156323351 0.00647500297
    endloop
  endfacet
  facet normal -0.378102034 -0.885900319 0.26873672
    outer loop
      vertex 0.0245675817 -0.0162763037 0.00323750149
      vertex 0.0253598113 -0.0156323351 0.00647500297
      vertex 0.0245675929 -0.0153319584 0.00635058526
    endloop
  endfacet
  facet normal 0.911513984 -0.362709641 0.193866342
    outer loop
      vertex 0.0269138273 -0.0144424336 0.00598212285
      vertex 0.0276159029 -0.0129978862 0.00538376998
      vertex 0.0276159197 -0.0116978204 0.00781601854
    endloop
  endfacet
  facet normal 0.911513507 -0.362710148 0.193867207
    outer loop
      vertex 0.0269138273 -0.0144424336 0.00598212285
      vertex 0.0276159197 -0.0116978204 0.00781601854
      vertex 0.026913844 -0.0129978778 0.0086846929
    endloop
  endfacet
  facet normal -0.991795421 -0.112737879 0.0602665283
    outer loop
      vertex 0.0216082372 -0.00598237989 0.00247787684
      vertex 0.0219834633 -0.00868495554 0.00359731936
      vertex 0.0219834745 -0.00781627931 0.00522249704
    endloop
  endfacet
  facet normal -0.991795421 -0.112738058 0.0602664053
    outer loop
      vertex 0.0216082372 -0.00598237989 0.00247787684
      vertex 0.0219834745 -0.00781627931 0.00522249704
      vertex 0.0216082446 -0.00538402516 0.00359731866
    endloop
  endfacet
  facet normal 0.78276664 -0.548835039 0.293353945
    outer loop
      vertex 0.0261520389 -0.015331977 0.00635058526
      vertex 0.0269138273 -0.0144424336 0.00598212285
      vertex 0.026913844 -0.0129978778 0.0086846929
    endloop
  endfacet
  facet normal 0.782767177 -0.548834562 0.293353349
    outer loop
      vertex 0.0261520389 -0.015331977 0.00635058526
      vertex 0.026913844 -0.0129978778 0.0086846929
      vertex 0.0261520576 -0.0137984455 0.00921961851
    endloop
  endfacet
  facet normal -0.997335553 -0.0643329844 0.0343933702
    outer loop
      vertex 0.0213771909 -0.00304991566 0.00126321113
      vertex 0.0216082372 -0.00598237989 0.00247787684
      vertex 0.0216082446 -0.00538402516 0.00359731866
    endloop
  endfacet
  facet normal -0.997335672 -0.0643330663 0.0343932994
    outer loop
      vertex 0.0213771909 -0.00304991566 0.00126321113
      vertex 0.0216082446 -0.00538402516 0.00359731866
      vertex 0.0213771947 -0.00274487701 0.00183389755
    endloop
  endfacet
  facet normal 0.378081381 -0.816459179 0.436404467
    outer loop
      vertex 0.0253598113 -0.0156323351 0.00647500297
      vertex 0.0261520389 -0.015331977 0.00635058526
      vertex 0.0261520576 -0.0137984455 0.00921961851
    endloop
  endfacet
  facet normal 0.378081679 -0.816459119 0.436404288
    outer loop
      vertex 0.0253598113 -0.0156323351 0.00647500297
      vertex 0.0261520576 -0.0137984455 0.00921961851
      vertex 0.0253598318 -0.014068759 0.0094002448
    endloop
  endfacet
  facet normal 0.999717772 -0.0209542308 0.0111937569
    outer loop
      vertex 0.0293427352 -0.00305001112 0.00126321078
      vertex 0.0294208005 -3.54188899e-07 -1.77503207e-10
      vertex 0.0293427389 -0.00274497247 0.0018338972
    endloop
  endfacet
  facet normal -0.999718249 -0.0209303033 0.0111940224
    outer loop
      vertex 0.0212991983 -2.5675871e-07 1.77503207e-10
      vertex 0.0213771909 -0.00304991566 0.00126321113
      vertex 0.0213771947 -0.00274487701 0.00183389755
    endloop
  endfacet
  facet normal -0.378101498 -0.816449761 0.436404645
    outer loop
      vertex 0.0245675929 -0.0153319584 0.00635058526
      vertex 0.0253598113 -0.0156323351 0.00647500297
      vertex 0.0253598318 -0.014068759 0.0094002448
    endloop
  endfacet
  facet normal -0.378100544 -0.816450238 0.436404616
    outer loop
      vertex 0.0245675929 -0.0153319584 0.00635058526
      vertex 0.0253598318 -0.014068759 0.0094002448
      vertex 0.0245676115 -0.0137984268 0.00921961851
    endloop
  endfacet
  facet normal 0.997334123 -0.0643571541 0.0343931727
    outer loop
      vertex 0.0291116182 -0.00598246977 0.00247787661
      vertex 0.0293427352 -0.00305001112 0.00126321078
      vertex 0.0293427389 -0.00274497247 0.0018338972
    endloop
  endfacet
  facet normal 0.997334123 -0.064357169 0.0343930237
    outer loop
      vertex 0.0291116182 -0.00598246977 0.00247787661
      vertex 0.0293427389 -0.00274497247 0.0018338972
      vertex 0.0291116256 -0.00538411504 0.00359731843
    endloop
  endfacet
  facet normal -0.782779574 -0.548816621 0.293353915
    outer loop
      vertex 0.023805825 -0.0144423964 0.00598212285
      vertex 0.0245675929 -0.0153319584 0.00635058526
      vertex 0.0245676115 -0.0137984268 0.00921961851
    endloop
  endfacet
  facet normal -0.78278023 -0.548815668 0.293353885
    outer loop
      vertex 0.023805825 -0.0144423964 0.00598212285
      vertex 0.0245676115 -0.0137984268 0.00921961851
      vertex 0.0238058437 -0.0129978405 0.0086846929
    endloop
  endfacet
  facet normal 0.991792738 -0.112762026 0.0602660142
    outer loop
      vertex 0.0287363268 -0.00868503656 0.00359731889
      vertex 0.0291116182 -0.00598246977 0.00247787661
      vertex 0.0291116256 -0.00538411504 0.00359731843
    endloop
  endfacet
  facet normal 0.991792738 -0.112762019 0.0602657758
    outer loop
      vertex 0.0287363268 -0.00868503656 0.00359731889
      vertex 0.0291116256 -0.00538411504 0.00359731843
      vertex 0.028736338 -0.00781636033 0.00522249658
    endloop
  endfacet
  facet normal -0.911522746 -0.362687141 0.193866849
    outer loop
      vertex 0.0231037848 -0.0129978321 0.00538376998
      vertex 0.023805825 -0.0144423964 0.00598212285
      vertex 0.0238058437 -0.0129978405 0.0086846929
    endloop
  endfacet
  facet normal -0.911522269 -0.362688243 0.19386676
    outer loop
      vertex 0.0231037848 -0.0129978321 0.00538376998
      vertex 0.0238058437 -0.0129978405 0.0086846929
      vertex 0.0231037997 -0.0116977664 0.00781601854
    endloop
  endfacet
  facet normal 0.980969787 -0.17123723 0.0915215313
    outer loop
      vertex 0.0282312855 -0.0110538537 0.00457851496
      vertex 0.0287363268 -0.00868503656 0.00359731889
      vertex 0.028736338 -0.00781636033 0.00522249658
    endloop
  endfacet
  facet normal 0.980969667 -0.171237335 0.0915221423
    outer loop
      vertex 0.0282312855 -0.0110538537 0.00457851496
      vertex 0.028736338 -0.00781636033 0.00522249658
      vertex 0.0282312986 -0.00994823873 0.00664697355
    endloop
  endfacet
  facet normal -0.959436357 -0.248633236 0.132903308
    outer loop
      vertex 0.0224884488 -0.0110537848 0.00457851542
      vertex 0.0231037848 -0.0129978321 0.00538376998
      vertex 0.0231037997 -0.0116977664 0.00781601854
    endloop
  endfacet
  facet normal -0.959436417 -0.248633102 0.132903308
    outer loop
      vertex 0.0224884488 -0.0110537848 0.00457851542
      vertex 0.0231037997 -0.0116977664 0.00781601854
      vertex 0.0224884618 -0.00994816981 0.00664697401
    endloop
  endfacet
  facet normal 0.959430516 -0.248656139 0.132903516
    outer loop
      vertex 0.0276159029 -0.0129978862 0.00538376998
      vertex 0.0282312855 -0.0110538537 0.00457851496
      vertex 0.0282312986 -0.00994823873 0.00664697355
    endloop
  endfacet
  facet normal 0.959430635 -0.24865593 0.132902935
    outer loop
      vertex 0.0276159029 -0.0129978862 0.00538376998
      vertex 0.0282312986 -0.00994823873 0.00664697355
      vertex 0.0276159197 -0.0116978204 0.00781601854
    endloop
  endfacet
  facet normal -0.98097378 -0.171213895 0.0915219858
    outer loop
      vertex 0.0219834633 -0.00868495554 0.00359731936
      vertex 0.0224884488 -0.0110537848 0.00457851542
      vertex 0.0224884618 -0.00994816981 0.00664697401
    endloop
  endfacet
  facet normal -0.980973899 -0.171213299 0.0915222391
    outer loop
      vertex 0.0219834633 -0.00868495554 0.00359731936
      vertex 0.0224884618 -0.00994816981 0.00664697401
      vertex 0.0219834745 -0.00781627931 0.00522249704
    endloop
  endfacet
  facet normal -0.782779217 -0.48104015 0.394787461
    outer loop
      vertex 0.0238058437 -0.0129978405 0.0086846929
      vertex 0.0245676115 -0.0137984268 0.00921961851
      vertex 0.0245676357 -0.0117346393 0.0117343478
    endloop
  endfacet
  facet normal -0.78277868 -0.481040835 0.394787639
    outer loop
      vertex 0.0238058437 -0.0129978405 0.0086846929
      vertex 0.0245676357 -0.0117346393 0.0117343478
      vertex 0.023805866 -0.0110537969 0.0110535156
    endloop
  endfacet
  facet normal 0.991792917 -0.0988378674 0.0811047629
    outer loop
      vertex 0.028736338 -0.00781636033 0.00522249658
      vertex 0.0291116256 -0.00538411504 0.00359731843
      vertex 0.0291116349 -0.0045788656 0.00457851728
    endloop
  endfacet
  facet normal 0.991792798 -0.0988377929 0.0811050385
    outer loop
      vertex 0.028736338 -0.00781636033 0.00522249658
      vertex 0.0291116349 -0.0045788656 0.00457851728
      vertex 0.0287363511 -0.00664731953 0.00664697634
    endloop
  endfacet
  facet normal -0.911521733 -0.317897737 0.260900676
    outer loop
      vertex 0.0231037997 -0.0116977664 0.00781601854
      vertex 0.0238058437 -0.0129978405 0.0086846929
      vertex 0.023805866 -0.0110537969 0.0110535156
    endloop
  endfacet
  facet normal -0.911521912 -0.31789735 0.260900646
    outer loop
      vertex 0.0231037997 -0.0116977664 0.00781601854
      vertex 0.023805866 -0.0110537969 0.0110535156
      vertex 0.0231038202 -0.00994817261 0.00994790252
    endloop
  endfacet
  facet normal 0.980969906 -0.150092021 0.123168409
    outer loop
      vertex 0.0282312986 -0.00994823873 0.00664697355
      vertex 0.028736338 -0.00781636033 0.00522249658
      vertex 0.0287363511 -0.00664731953 0.00664697634
    endloop
  endfacet
  facet normal 0.980970025 -0.15009205 0.123167329
    outer loop
      vertex 0.0282312986 -0.00994823873 0.00664697355
      vertex 0.0287363511 -0.00664731953 0.00664697634
      vertex 0.0282313172 -0.00846033171 0.00845999271
    endloop
  endfacet
  facet normal -0.959436119 -0.217927262 0.178857684
    outer loop
      vertex 0.0224884618 -0.00994816981 0.00664697401
      vertex 0.0231037997 -0.0116977664 0.00781601854
      vertex 0.0231038202 -0.00994817261 0.00994790252
    endloop
  endfacet
  facet normal -0.959435999 -0.217927724 0.178857654
    outer loop
      vertex 0.0224884618 -0.00994816981 0.00664697401
      vertex 0.0231038202 -0.00994817261 0.00994790252
      vertex 0.0224884786 -0.00846026279 0.00845999271
    endloop
  endfacet
  facet normal 0.959431052 -0.217950061 0.178857222
    outer loop
      vertex 0.0276159197 -0.0116978204 0.00781601854
      vertex 0.0282312986 -0.00994823873 0.00664697355
      vertex 0.0282313172 -0.00846033171 0.00845999271
    endloop
  endfacet
  facet normal 0.959430754 -0.217950195 0.178858057
    outer loop
      vertex 0.0276159197 -0.0116978204 0.00781601854
      vertex 0.0282313172 -0.00846033171 0.00845999271
      vertex 0.0276159402 -0.00994822662 0.00994790252
    endloop
  endfacet
  facet normal -0.980973601 -0.150068745 0.123167403
    outer loop
      vertex 0.0219834745 -0.00781627931 0.00522249704
      vertex 0.0224884618 -0.00994816981 0.00664697401
      vertex 0.0224884786 -0.00846026279 0.00845999271
    endloop
  endfacet
  facet normal -0.980973542 -0.150068849 0.123167351
    outer loop
      vertex 0.0219834745 -0.00781627931 0.00522249704
      vertex 0.0224884786 -0.00846026279 0.00845999271
      vertex 0.0219834875 -0.00664723851 0.00664697681
    endloop
  endfacet
  facet normal 0.911513984 -0.317919463 0.260901272
    outer loop
      vertex 0.026913844 -0.0129978778 0.0086846929
      vertex 0.0276159197 -0.0116978204 0.00781601854
      vertex 0.0276159402 -0.00994822662 0.00994790252
    endloop
  endfacet
  facet normal 0.911514342 -0.317919195 0.260900348
    outer loop
      vertex 0.026913844 -0.0129978778 0.0086846929
      vertex 0.0276159402 -0.00994822662 0.00994790252
      vertex 0.0269138683 -0.0110538341 0.0110535156
    endloop
  endfacet
  facet normal -0.991795242 -0.0988146663 0.0811042115
    outer loop
      vertex 0.0216082446 -0.00538402516 0.00359731866
      vertex 0.0219834745 -0.00781627931 0.00522249704
      vertex 0.0219834875 -0.00664723851 0.00664697681
    endloop
  endfacet
  facet normal -0.991795301 -0.098814413 0.0811043233
    outer loop
      vertex 0.0216082446 -0.00538402516 0.00359731866
      vertex 0.0219834875 -0.00664723851 0.00664697681
      vertex 0.0216082539 -0.00457877573 0.00457851775
    endloop
  endfacet
  facet normal 0.782767832 -0.481058925 0.394787103
    outer loop
      vertex 0.0261520576 -0.0137984455 0.00921961851
      vertex 0.026913844 -0.0129978778 0.0086846929
      vertex 0.0269138683 -0.0110538341 0.0110535156
    endloop
  endfacet
  facet normal 0.782767177 -0.481059343 0.394787967
    outer loop
      vertex 0.0261520576 -0.0137984455 0.00921961851
      vertex 0.0269138683 -0.0110538341 0.0110535156
      vertex 0.0261520818 -0.0117346589 0.0117343478
    endloop
  endfacet
  facet normal -0.997335553 -0.0563871451 0.046285212
    outer loop
      vertex 0.0213771947 -0.00274487701 0.00183389755
      vertex 0.0216082446 -0.00538402516 0.00359731866
      vertex 0.0216082539 -0.00457877573 0.00457851775
    endloop
  endfacet
  facet normal -0.997335553 -0.0563884638 0.0462843142
    outer loop
      vertex 0.0213771947 -0.00274487701 0.00183389755
      vertex 0.0216082539 -0.00457877573 0.00457851775
      vertex 0.0213771984 -0.00233436399 0.00233410834
    endloop
  endfacet
  facet normal 0.378083229 -0.715632737 0.587301373
    outer loop
      vertex 0.0253598318 -0.014068759 0.0094002448
      vertex 0.0261520576 -0.0137984455 0.00921961851
      vertex 0.0261520818 -0.0117346589 0.0117343478
    endloop
  endfacet
  facet normal 0.37808311 -0.715632617 0.587301433
    outer loop
      vertex 0.0253598318 -0.014068759 0.0094002448
      vertex 0.0261520818 -0.0117346589 0.0117343478
      vertex 0.025359856 -0.01196454 0.011964241
    endloop
  endfacet
  facet normal 0.999717832 -0.0183685366 0.0150635121
    outer loop
      vertex 0.0293427389 -0.00274497247 0.0018338972
      vertex 0.0294208005 -3.54188899e-07 -1.77503207e-10
      vertex 0.0293427445 -0.00233445968 0.00233410811
    endloop
  endfacet
  facet normal -0.999718249 -0.0183451604 0.0150629571
    outer loop
      vertex 0.0212991983 -2.5675871e-07 1.77503207e-10
      vertex 0.0213771947 -0.00274487701 0.00183389755
      vertex 0.0213771984 -0.00233436399 0.00233410834
    endloop
  endfacet
  facet normal -0.37809971 -0.715623915 0.587301373
    outer loop
      vertex 0.0245676115 -0.0137984268 0.00921961851
      vertex 0.0253598318 -0.014068759 0.0094002448
      vertex 0.025359856 -0.01196454 0.011964241
    endloop
  endfacet
  facet normal -0.378100753 -0.715623498 0.587301373
    outer loop
      vertex 0.0245676115 -0.0137984268 0.00921961851
      vertex 0.025359856 -0.01196454 0.011964241
      vertex 0.0245676357 -0.0117346393 0.0117343478
    endloop
  endfacet
  facet normal 0.997334182 -0.0564114824 0.0462846085
    outer loop
      vertex 0.0291116256 -0.00538411504 0.00359731843
      vertex 0.0293427389 -0.00274497247 0.0018338972
      vertex 0.0293427445 -0.00233445968 0.00233410811
    endloop
  endfacet
  facet normal 0.997334123 -0.0564109609 0.0462858304
    outer loop
      vertex 0.0291116256 -0.00538411504 0.00359731843
      vertex 0.0293427445 -0.00233445968 0.00233410811
      vertex 0.0291116349 -0.0045788656 0.00457851728
    endloop
  endfacet
  facet normal -0.991795003 -0.0810919553 0.0988267511
    outer loop
      vertex 0.0216082539 -0.00457877573 0.00457851775
      vertex 0.0219834875 -0.00664723851 0.00664697681
      vertex 0.0219835062 -0.00522275781 0.00781601667
    endloop
  endfacet
  facet normal -0.991795123 -0.0810918063 0.0988267884
    outer loop
      vertex 0.0216082539 -0.00457877573 0.00457851775
      vertex 0.0219835062 -0.00522275781 0.00781601667
      vertex 0.021608267 -0.00359757617 0.00538376672
    endloop
  endfacet
  facet normal 0.782768071 -0.394796848 0.481050491
    outer loop
      vertex 0.0261520818 -0.0117346589 0.0117343478
      vertex 0.0269138683 -0.0110538341 0.0110535156
      vertex 0.0269138962 -0.00868501049 0.0129975574
    endloop
  endfacet
  facet normal 0.782768309 -0.394796818 0.481050253
    outer loop
      vertex 0.0261520818 -0.0117346589 0.0117343478
      vertex 0.0269138962 -0.00868501049 0.0129975574
      vertex 0.0261521116 -0.00921992864 0.0137981325
    endloop
  endfacet
  facet normal -0.997335315 -0.0462728851 0.0563998856
    outer loop
      vertex 0.0213771984 -0.00233436399 0.00233410834
      vertex 0.0216082539 -0.00457877573 0.00457851775
      vertex 0.021608267 -0.00359757617 0.00538376672
    endloop
  endfacet
  facet normal -0.997335374 -0.0462717116 0.056400381
    outer loop
      vertex 0.0213771984 -0.00233436399 0.00233410834
      vertex 0.021608267 -0.00359757617 0.00538376672
      vertex 0.0213772058 -0.00183415296 0.00274462067
    endloop
  endfacet
  facet normal 0.378084868 -0.587305367 0.715628505
    outer loop
      vertex 0.025359856 -0.01196454 0.011964241
      vertex 0.0261520818 -0.0117346589 0.0117343478
      vertex 0.0261521116 -0.00921992864 0.0137981325
    endloop
  endfacet
  facet normal 0.378085405 -0.587305367 0.715628266
    outer loop
      vertex 0.025359856 -0.01196454 0.011964241
      vertex 0.0261521116 -0.00921992864 0.0137981325
      vertex 0.0253598876 -0.00940054283 0.0140684582
    endloop
  endfacet
  facet normal 0.999717772 -0.01507576 0.018356286
    outer loop
      vertex 0.0293427445 -0.00233445968 0.00233410811
      vertex 0.0294208005 -3.54188899e-07 -1.77503207e-10
      vertex 0.0293427501 -0.00183424854 0.0027446202
    endloop
  endfacet
  facet normal -0.999718189 -0.0150506664 0.018357452
    outer loop
      vertex 0.0212991983 -2.5675871e-07 1.77503207e-10
      vertex 0.0213771984 -0.00233436399 0.00233410834
      vertex 0.0213772058 -0.00183415296 0.00274462067
    endloop
  endfacet
  facet normal -0.378099382 -0.587296188 0.715628505
    outer loop
      vertex 0.0245676357 -0.0117346393 0.0117343478
      vertex 0.025359856 -0.01196454 0.011964241
      vertex 0.0253598876 -0.00940054283 0.0140684582
    endloop
  endfacet
  facet normal -0.37809974 -0.587296009 0.715628386
    outer loop
      vertex 0.0245676357 -0.0117346393 0.0117343478
      vertex 0.0253598876 -0.00940054283 0.0140684582
      vertex 0.0245676674 -0.00921990909 0.0137981325
    endloop
  endfacet
  facet normal 0.997334301 -0.0462971069 0.0563996769
    outer loop
      vertex 0.0291116349 -0.0045788656 0.00457851728
      vertex 0.0293427445 -0.00233445968 0.00233410811
      vertex 0.0293427501 -0.00183424854 0.0027446202
    endloop
  endfacet
  facet normal 0.997334242 -0.0462972224 0.0563995242
    outer loop
      vertex 0.0291116349 -0.0045788656 0.00457851728
      vertex 0.0293427501 -0.00183424854 0.0027446202
      vertex 0.0291116461 -0.00359766628 0.00538376626
    endloop
  endfacet
  facet normal -0.782777667 -0.394777954 0.481050581
    outer loop
      vertex 0.023805866 -0.0110537969 0.0110535156
      vertex 0.0245676357 -0.0117346393 0.0117343478
      vertex 0.0245676674 -0.00921990909 0.0137981325
    endloop
  endfacet
  facet normal -0.782776952 -0.394778728 0.481050909
    outer loop
      vertex 0.023805866 -0.0110537969 0.0110535156
      vertex 0.0245676674 -0.00921990909 0.0137981325
      vertex 0.023805894 -0.00868497323 0.0129975574
    endloop
  endfacet
  facet normal 0.991793096 -0.0811161771 0.0988266468
    outer loop
      vertex 0.0287363511 -0.00664731953 0.00664697634
      vertex 0.0291116349 -0.0045788656 0.00457851728
      vertex 0.0291116461 -0.00359766628 0.00538376626
    endloop
  endfacet
  facet normal 0.991793156 -0.0811167359 0.0988253281
    outer loop
      vertex 0.0287363511 -0.00664731953 0.00664697634
      vertex 0.0291116461 -0.00359766628 0.00538376626
      vertex 0.0287363697 -0.00522283837 0.00781601667
    endloop
  endfacet
  facet normal -0.911521137 -0.260889739 0.317908376
    outer loop
      vertex 0.0231038202 -0.00994817261 0.00994790252
      vertex 0.023805866 -0.0110537969 0.0110535156
      vertex 0.023805894 -0.00868497323 0.0129975574
    endloop
  endfacet
  facet normal -0.911521494 -0.260888904 0.317908138
    outer loop
      vertex 0.0231038202 -0.00994817261 0.00994790252
      vertex 0.023805894 -0.00868497323 0.0129975574
      vertex 0.0231038462 -0.00781628676 0.0116974935
    endloop
  endfacet
  facet normal 0.980970383 -0.123179838 0.150079593
    outer loop
      vertex 0.0282313172 -0.00846033171 0.00845999271
      vertex 0.0287363511 -0.00664731953 0.00664697634
      vertex 0.0287363697 -0.00522283837 0.00781601667
    endloop
  endfacet
  facet normal 0.980970204 -0.123179674 0.150080249
    outer loop
      vertex 0.0282313172 -0.00846033171 0.00845999271
      vertex 0.0287363697 -0.00522283837 0.00781601667
      vertex 0.0282313395 -0.00664731162 0.0099478988
    endloop
  endfacet
  facet normal -0.959435582 -0.178846061 0.217939153
    outer loop
      vertex 0.0224884786 -0.00846026279 0.00845999271
      vertex 0.0231038202 -0.00994817261 0.00994790252
      vertex 0.0231038462 -0.00781628676 0.0116974935
    endloop
  endfacet
  facet normal -0.959435582 -0.178846091 0.217939153
    outer loop
      vertex 0.0224884786 -0.00846026279 0.00845999271
      vertex 0.0231038462 -0.00781628676 0.0116974935
      vertex 0.0224885009 -0.0066472427 0.0099478988
    endloop
  endfacet
  facet normal 0.95943135 -0.178869382 0.217938706
    outer loop
      vertex 0.0276159402 -0.00994822662 0.00994790252
      vertex 0.0282313172 -0.00846033171 0.00845999271
      vertex 0.0282313395 -0.00664731162 0.0099478988
    endloop
  endfacet
  facet normal 0.959431231 -0.178869367 0.217938974
    outer loop
      vertex 0.0276159402 -0.00994822662 0.00994790252
      vertex 0.0282313395 -0.00664731162 0.0099478988
      vertex 0.0276159663 -0.00781634077 0.0116974935
    endloop
  endfacet
  facet normal -0.980973244 -0.123155728 0.150080547
    outer loop
      vertex 0.0219834875 -0.00664723851 0.00664697681
      vertex 0.0224884786 -0.00846026279 0.00845999271
      vertex 0.0224885009 -0.0066472427 0.0099478988
    endloop
  endfacet
  facet normal -0.980973363 -0.123154968 0.150080547
    outer loop
      vertex 0.0219834875 -0.00664723851 0.00664697681
      vertex 0.0224885009 -0.0066472427 0.0099478988
      vertex 0.0219835062 -0.00522275781 0.00781601667
    endloop
  endfacet
  facet normal 0.911515057 -0.260911375 0.317908287
    outer loop
      vertex 0.0269138683 -0.0110538341 0.0110535156
      vertex 0.0276159402 -0.00994822662 0.00994790252
      vertex 0.0276159663 -0.00781634077 0.0116974935
    endloop
  endfacet
  facet normal 0.911514878 -0.260911405 0.317908585
    outer loop
      vertex 0.0269138683 -0.0110538341 0.0110535156
      vertex 0.0276159663 -0.00781634077 0.0116974935
      vertex 0.0269138962 -0.00868501049 0.0129975574
    endloop
  endfacet
  facet normal -0.9115206 -0.193855107 0.362698853
    outer loop
      vertex 0.0231038462 -0.00781628676 0.0116974935
      vertex 0.023805894 -0.00868497323 0.0129975574
      vertex 0.0238059275 -0.00598240038 0.0144421114
    endloop
  endfacet
  facet normal -0.9115206 -0.193855062 0.362698793
    outer loop
      vertex 0.0231038462 -0.00781628676 0.0116974935
      vertex 0.0238059275 -0.00598240038 0.0144421114
      vertex 0.023103876 -0.00538403587 0.0129975565
    endloop
  endfacet
  facet normal 0.980970621 -0.0915332511 0.171225742
    outer loop
      vertex 0.0282313395 -0.00664731162 0.0099478988
      vertex 0.0287363697 -0.00522283837 0.00781601667
      vertex 0.0287363883 -0.00359766022 0.00868469197
    endloop
  endfacet
  facet normal 0.980970681 -0.091533348 0.171225518
    outer loop
      vertex 0.0282313395 -0.00664731162 0.0099478988
      vertex 0.0287363883 -0.00359766022 0.00868469197
      vertex 0.0282313637 -0.00457885303 0.0110535119
    endloop
  endfacet
  facet normal -0.959435046 -0.132891521 0.248644933
    outer loop
      vertex 0.0224885009 -0.0066472427 0.0099478988
      vertex 0.0231038462 -0.00781628676 0.0116974935
      vertex 0.023103876 -0.00538403587 0.0129975565
    endloop
  endfacet
  facet normal -0.959434807 -0.132892266 0.248645201
    outer loop
      vertex 0.0224885009 -0.0066472427 0.0099478988
      vertex 0.023103876 -0.00538403587 0.0129975565
      vertex 0.0224885251 -0.00457878411 0.0110535119
    endloop
  endfacet
  facet normal 0.959431887 -0.132914543 0.248644873
    outer loop
      vertex 0.0276159663 -0.00781634077 0.0116974935
      vertex 0.0282313395 -0.00664731162 0.0099478988
      vertex 0.0282313637 -0.00457885303 0.0110535119
    endloop
  endfacet
  facet normal 0.959431767 -0.132914454 0.248645216
    outer loop
      vertex 0.0276159663 -0.00781634077 0.0116974935
      vertex 0.0282313637 -0.00457885303 0.0110535119
      vertex 0.0276159942 -0.00538408989 0.0129975565
    endloop
  endfacet
  facet normal -0.980972946 -0.0915100798 0.171224982
    outer loop
      vertex 0.0219835062 -0.00522275781 0.00781601667
      vertex 0.0224885009 -0.0066472427 0.0099478988
      vertex 0.0224885251 -0.00457878411 0.0110535119
    endloop
  endfacet
  facet normal -0.980972946 -0.0915103629 0.171225026
    outer loop
      vertex 0.0219835062 -0.00522275781 0.00781601667
      vertex 0.0224885251 -0.00457878411 0.0110535119
      vertex 0.0219835248 -0.0035975792 0.00868469197
    endloop
  endfacet
  facet normal 0.911515653 -0.193877131 0.362699628
    outer loop
      vertex 0.0269138962 -0.00868501049 0.0129975574
      vertex 0.0276159663 -0.00781634077 0.0116974935
      vertex 0.0276159942 -0.00538408989 0.0129975565
    endloop
  endfacet
  facet normal 0.91151619 -0.19387722 0.362697959
    outer loop
      vertex 0.0269138962 -0.00868501049 0.0129975574
      vertex 0.0276159942 -0.00538408989 0.0129975565
      vertex 0.0269139297 -0.00598243764 0.0144421114
    endloop
  endfacet
  facet normal -0.991794765 -0.060254585 0.112749755
    outer loop
      vertex 0.021608267 -0.00359757617 0.00538376672
      vertex 0.0219835062 -0.00522275781 0.00781601667
      vertex 0.0219835248 -0.0035975792 0.00868469197
    endloop
  endfacet
  facet normal -0.991794825 -0.0602543987 0.11274977
    outer loop
      vertex 0.021608267 -0.00359757617 0.00538376672
      vertex 0.0219835248 -0.0035975792 0.00868469197
      vertex 0.02160828 -0.00247813389 0.00598212052
    endloop
  endfacet
  facet normal 0.782769501 -0.293363124 0.548826098
    outer loop
      vertex 0.0261521116 -0.00921992864 0.0137981325
      vertex 0.0269138962 -0.00868501049 0.0129975574
      vertex 0.0269139297 -0.00598243764 0.0144421114
    endloop
  endfacet
  facet normal 0.782769442 -0.293363124 0.548826218
    outer loop
      vertex 0.0261521116 -0.00921992864 0.0137981325
      vertex 0.0269139297 -0.00598243764 0.0144421114
      vertex 0.026152147 -0.00635089353 0.0153316623
    endloop
  endfacet
  facet normal -0.997335255 -0.0343815349 0.0643451288
    outer loop
      vertex 0.0213772058 -0.00183415296 0.00274462067
      vertex 0.021608267 -0.00359757617 0.00538376672
      vertex 0.02160828 -0.00247813389 0.00598212052
    endloop
  endfacet
  facet normal -0.997335196 -0.0343831889 0.064344801
    outer loop
      vertex 0.0213772058 -0.00183415296 0.00274462067
      vertex 0.02160828 -0.00247813389 0.00598212052
      vertex 0.0213772114 -0.0012634662 0.00304965861
    endloop
  endfacet
  facet normal 0.37808767 -0.436408192 0.816454291
    outer loop
      vertex 0.0253598876 -0.00940054283 0.0140684582
      vertex 0.0261521116 -0.00921992864 0.0137981325
      vertex 0.026152147 -0.00635089353 0.0153316623
    endloop
  endfacet
  facet normal 0.378086895 -0.436408132 0.816454649
    outer loop
      vertex 0.0253598876 -0.00940054283 0.0140684582
      vertex 0.026152147 -0.00635089353 0.0153316623
      vertex 0.025359923 -0.00647529913 0.0156320315
    endloop
  endfacet
  facet normal 0.999717951 -0.0112065561 0.0209416077
    outer loop
      vertex 0.0293427501 -0.00183424854 0.0027446202
      vertex 0.0294208005 -3.54188899e-07 -1.77503207e-10
      vertex 0.0293427575 -0.00126356177 0.00304965815
    endloop
  endfacet
  facet normal -0.99971813 -0.011183586 0.0209413543
    outer loop
      vertex 0.0212991983 -2.5675871e-07 1.77503207e-10
      vertex 0.0213772058 -0.00183415296 0.00274462067
      vertex 0.0213772114 -0.0012634662 0.00304965861
    endloop
  endfacet
  facet normal -0.3780981 -0.436398834 0.81645447
    outer loop
      vertex 0.0245676674 -0.00921990909 0.0137981325
      vertex 0.0253598876 -0.00940054283 0.0140684582
      vertex 0.025359923 -0.00647529913 0.0156320315
    endloop
  endfacet
  facet normal -0.37809667 -0.43639946 0.816454709
    outer loop
      vertex 0.0245676674 -0.00921990909 0.0137981325
      vertex 0.025359923 -0.00647529913 0.0156320315
      vertex 0.0245677009 -0.0063508749 0.0153316623
    endloop
  endfacet
  facet normal 0.997334421 -0.0344060808 0.0643449575
    outer loop
      vertex 0.0291116461 -0.00359766628 0.00538376626
      vertex 0.0293427501 -0.00183424854 0.0027446202
      vertex 0.0293427575 -0.00126356177 0.00304965815
    endloop
  endfacet
  facet normal 0.997334301 -0.0344051495 0.0643458292
    outer loop
      vertex 0.0291116461 -0.00359766628 0.00538376626
      vertex 0.0293427575 -0.00126356177 0.00304965815
      vertex 0.0291116592 -0.00247822399 0.00598212006
    endloop
  endfacet
  facet normal -0.78277576 -0.293344736 0.548826873
    outer loop
      vertex 0.023805894 -0.00868497323 0.0129975574
      vertex 0.0245676674 -0.00921990909 0.0137981325
      vertex 0.0245677009 -0.0063508749 0.0153316623
    endloop
  endfacet
  facet normal -0.782776713 -0.293343753 0.548826218
    outer loop
      vertex 0.023805894 -0.00868497323 0.0129975574
      vertex 0.0245677009 -0.0063508749 0.0153316623
      vertex 0.0238059275 -0.00598240038 0.0144421114
    endloop
  endfacet
  facet normal 0.991793394 -0.060277462 0.112749681
    outer loop
      vertex 0.0287363697 -0.00522283837 0.00781601667
      vertex 0.0291116461 -0.00359766628 0.00538376626
      vertex 0.0291116592 -0.00247822399 0.00598212006
    endloop
  endfacet
  facet normal 0.991793394 -0.0602773651 0.112749822
    outer loop
      vertex 0.0287363697 -0.00522283837 0.00781601667
      vertex 0.0291116592 -0.00247822399 0.00598212006
      vertex 0.0287363883 -0.00359766022 0.00868469197
    endloop
  endfacet
  facet normal -0.997335017 -0.0211670939 0.0698190778
    outer loop
      vertex 0.0213772114 -0.0012634662 0.00304965861
      vertex 0.02160828 -0.00247813389 0.00598212052
      vertex 0.0216082949 -0.00126346841 0.00635058433
    endloop
  endfacet
  facet normal -0.997335076 -0.0211673621 0.0698190778
    outer loop
      vertex 0.0213772114 -0.0012634662 0.00304965861
      vertex 0.0216082949 -0.00126346841 0.00635058433
      vertex 0.0213772189 -0.000644235115 0.00323750009
    endloop
  endfacet
  facet normal 0.378089219 -0.268740714 0.88590461
    outer loop
      vertex 0.025359923 -0.00647529913 0.0156320315
      vertex 0.026152147 -0.00635089353 0.0153316623
      vertex 0.0261521842 -0.00323781022 0.0162760057
    endloop
  endfacet
  facet normal 0.378088474 -0.268740624 0.885904968
    outer loop
      vertex 0.025359923 -0.00647529913 0.0156320315
      vertex 0.0261521842 -0.00323781022 0.0162760057
      vertex 0.0253599603 -0.0033012256 0.0165948756
    endloop
  endfacet
  facet normal 0.999717891 -0.00690506864 0.0227233376
    outer loop
      vertex 0.0293427575 -0.00126356177 0.00304965815
      vertex 0.0294208005 -3.54188899e-07 -1.77503207e-10
      vertex 0.029342765 -0.000644330634 0.00323749962
    endloop
  endfacet
  facet normal -0.99971813 -0.0068810638 0.0227235109
    outer loop
      vertex 0.0212991983 -2.5675871e-07 1.77503207e-10
      vertex 0.0213772114 -0.0012634662 0.00304965861
      vertex 0.0213772189 -0.000644235115 0.00323750009
    endloop
  endfacet
  facet normal -0.37809509 -0.268731713 0.885904849
    outer loop
      vertex 0.0245677009 -0.0063508749 0.0153316623
      vertex 0.025359923 -0.00647529913 0.0156320315
      vertex 0.0253599603 -0.0033012256 0.0165948756
    endloop
  endfacet
  facet normal -0.37809515 -0.268731683 0.885904789
    outer loop
      vertex 0.0245677009 -0.0063508749 0.0153316623
      vertex 0.0253599603 -0.0033012256 0.0165948756
      vertex 0.0245677382 -0.00323779113 0.0162760057
    endloop
  endfacet
  facet normal 0.99733454 -0.0211913902 0.0698191524
    outer loop
      vertex 0.0291116592 -0.00247822399 0.00598212006
      vertex 0.0293427575 -0.00126356177 0.00304965815
      vertex 0.029342765 -0.000644330634 0.00323749962
    endloop
  endfacet
  facet normal 0.99733454 -0.0211915784 0.0698190331
    outer loop
      vertex 0.0291116592 -0.00247822399 0.00598212006
      vertex 0.029342765 -0.000644330634 0.00323749962
      vertex 0.0291116741 -0.0012635584 0.00635058433
    endloop
  endfacet
  facet normal -0.782775283 -0.180636853 0.59551096
    outer loop
      vertex 0.0238059275 -0.00598240038 0.0144421114
      vertex 0.0245677009 -0.0063508749 0.0153316623
      vertex 0.0245677382 -0.00323779113 0.0162760057
    endloop
  endfacet
  facet normal -0.782775819 -0.180636391 0.595510483
    outer loop
      vertex 0.0238059275 -0.00598240038 0.0144421114
      vertex 0.0245677382 -0.00323779113 0.0162760057
      vertex 0.0238059629 -0.00304993941 0.0153316623
    endloop
  endfacet
  facet normal 0.991793692 -0.0371236578 0.122340389
    outer loop
      vertex 0.0287363883 -0.00359766022 0.00868469197
      vertex 0.0291116592 -0.00247822399 0.00598212006
      vertex 0.0291116741 -0.0012635584 0.00635058433
    endloop
  endfacet
  facet normal 0.991793573 -0.0371231325 0.122340903
    outer loop
      vertex 0.0287363883 -0.00359766022 0.00868469197
      vertex 0.0291116741 -0.0012635584 0.00635058433
      vertex 0.0287364088 -0.00183423923 0.00921961851
    endloop
  endfacet
  facet normal -0.911519647 -0.11937122 0.393551111
    outer loop
      vertex 0.023103876 -0.00538403587 0.0129975565
      vertex 0.0238059275 -0.00598240038 0.0144421114
      vertex 0.0238059629 -0.00304993941 0.0153316623
    endloop
  endfacet
  facet normal -0.911519587 -0.11937122 0.393551052
    outer loop
      vertex 0.023103876 -0.00538403587 0.0129975565
      vertex 0.0238059629 -0.00304993941 0.0153316623
      vertex 0.0231039077 -0.00274489075 0.0137981307
    endloop
  endfacet
  facet normal 0.980971038 -0.0563702211 0.185790569
    outer loop
      vertex 0.0282313637 -0.00457885303 0.0110535119
      vertex 0.0287363883 -0.00359766022 0.00868469197
      vertex 0.0287364088 -0.00183423923 0.00921961851
    endloop
  endfacet
  facet normal 0.980971217 -0.0563708432 0.18578966
    outer loop
      vertex 0.0282313637 -0.00457885303 0.0110535119
      vertex 0.0287364088 -0.00183423923 0.00921961851
      vertex 0.0282313917 -0.00233444478 0.011734345
    endloop
  endfacet
  facet normal -0.959434271 -0.08182998 0.269795775
    outer loop
      vertex 0.0224885251 -0.00457878411 0.0110535119
      vertex 0.023103876 -0.00538403587 0.0129975565
      vertex 0.0231039077 -0.00274489075 0.0137981307
    endloop
  endfacet
  facet normal -0.95943433 -0.0818295553 0.269795507
    outer loop
      vertex 0.0224885251 -0.00457878411 0.0110535119
      vertex 0.0231039077 -0.00274489075 0.0137981307
      vertex 0.0224885531 -0.0023343761 0.011734345
    endloop
  endfacet
  facet normal 0.959432423 -0.0818533674 0.269795299
    outer loop
      vertex 0.0276159942 -0.00538408989 0.0129975565
      vertex 0.0282313637 -0.00457885303 0.0110535119
      vertex 0.0282313917 -0.00233444478 0.011734345
    endloop
  endfacet
  facet normal 0.959432185 -0.0818530545 0.269795984
    outer loop
      vertex 0.0276159942 -0.00538408989 0.0129975565
      vertex 0.0282313917 -0.00233444478 0.011734345
      vertex 0.0276160259 -0.00274494477 0.0137981307
    endloop
  endfacet
  facet normal -0.980972528 -0.0563466251 0.185790345
    outer loop
      vertex 0.0219835248 -0.0035975792 0.00868469197
      vertex 0.0224885251 -0.00457878411 0.0110535119
      vertex 0.0224885531 -0.0023343761 0.011734345
    endloop
  endfacet
  facet normal -0.980972409 -0.0563474447 0.185790673
    outer loop
      vertex 0.0219835248 -0.0035975792 0.00868469197
      vertex 0.0224885531 -0.0023343761 0.011734345
      vertex 0.0219835453 -0.0018341582 0.00921961851
    endloop
  endfacet
  facet normal 0.911517024 -0.119392909 0.393550426
    outer loop
      vertex 0.0269139297 -0.00598243764 0.0144421114
      vertex 0.0276159942 -0.00538408989 0.0129975565
      vertex 0.0276160259 -0.00274494477 0.0137981307
    endloop
  endfacet
  facet normal 0.911517203 -0.119392984 0.393550277
    outer loop
      vertex 0.0269139297 -0.00598243764 0.0144421114
      vertex 0.0276160259 -0.00274494477 0.0137981307
      vertex 0.0269139651 -0.00304997666 0.0153316623
    endloop
  endfacet
  facet normal -0.991794467 -0.0370999947 0.12234062
    outer loop
      vertex 0.02160828 -0.00247813389 0.00598212052
      vertex 0.0219835248 -0.0035975792 0.00868469197
      vertex 0.0219835453 -0.0018341582 0.00921961851
    endloop
  endfacet
  facet normal -0.991794527 -0.0370993204 0.122340493
    outer loop
      vertex 0.02160828 -0.00247813389 0.00598212052
      vertex 0.0219835453 -0.0018341582 0.00921961851
      vertex 0.0216082949 -0.00126346841 0.00635058433
    endloop
  endfacet
  facet normal 0.782770693 -0.180655524 0.595511258
    outer loop
      vertex 0.026152147 -0.00635089353 0.0153316623
      vertex 0.0269139297 -0.00598243764 0.0144421114
      vertex 0.0269139651 -0.00304997666 0.0153316623
    endloop
  endfacet
  facet normal 0.782770932 -0.180655599 0.5955109
    outer loop
      vertex 0.026152147 -0.00635089353 0.0153316623
      vertex 0.0269139651 -0.00304997666 0.0153316623
      vertex 0.0261521842 -0.00323781022 0.0162760057
    endloop
  endfacet
  facet normal 0.980971634 -0.0190427117 0.193214729
    outer loop
      vertex 0.0282313917 -0.00233444478 0.011734345
      vertex 0.0287364088 -0.00183423923 0.00921961851
      vertex 0.0287364312 -3.45698766e-07 0.00940024853
    endloop
  endfacet
  facet normal 0.980971634 -0.019042749 0.193214685
    outer loop
      vertex 0.0282313917 -0.00233444478 0.011734345
      vertex 0.0287364312 -3.45698766e-07 0.00940024853
      vertex 0.0282314196 -3.39564025e-07 0.0119642466
    endloop
  endfacet
  facet normal -0.959433794 -0.0276242085 0.28057754
    outer loop
      vertex 0.0224885531 -0.0023343761 0.011734345
      vertex 0.0231039077 -0.00274489075 0.0137981307
      vertex 0.0231039412 -2.77989869e-07 0.0140684657
    endloop
  endfacet
  facet normal -0.959434211 -0.0276228823 0.280576289
    outer loop
      vertex 0.0224885531 -0.0023343761 0.011734345
      vertex 0.0231039412 -2.77989869e-07 0.0140684657
      vertex 0.022488581 -2.6950633e-07 0.0119642345
    endloop
  endfacet
  facet normal 0.95943296 -0.0276474878 0.280578047
    outer loop
      vertex 0.0276160259 -0.00274494477 0.0137981307
      vertex 0.0282313917 -0.00233444478 0.011734345
      vertex 0.0282314196 -3.39564025e-07 0.0119642466
    endloop
  endfacet
  facet normal 0.959432483 -0.0276461951 0.280579805
    outer loop
      vertex 0.0276160259 -0.00274494477 0.0137981307
      vertex 0.0282314196 -3.39564025e-07 0.0119642466
      vertex 0.0276160594 -3.26065589e-07 0.0140684498
    endloop
  endfacet
  facet normal -0.980971873 -0.0190183669 0.193215907
    outer loop
      vertex 0.0219835453 -0.0018341582 0.00921961851
      vertex 0.0224885531 -0.0023343761 0.011734345
      vertex 0.022488581 -2.6950633e-07 0.0119642345
    endloop
  endfacet
  facet normal -0.980971873 -0.0190189518 0.193216279
    outer loop
      vertex 0.0219835453 -0.0018341582 0.00921961851
      vertex 0.022488581 -2.6950633e-07 0.0119642345
      vertex 0.0219835676 -2.64688538e-07 0.00940024853
    endloop
  endfacet
  facet normal 0.911518037 -0.040321257 0.409278721
    outer loop
      vertex 0.0269139651 -0.00304997666 0.0153316623
      vertex 0.0276160259 -0.00274494477 0.0137981307
      vertex 0.0276160594 -3.26065589e-07 0.0140684498
    endloop
  endfacet
  facet normal 0.91151911 -0.0403226167 0.409276009
    outer loop
      vertex 0.0269139651 -0.00304997666 0.0153316623
      vertex 0.0276160594 -3.26065589e-07 0.0140684498
      vertex 0.0269140005 -3.23650397e-07 0.0156320408
    endloop
  endfacet
  facet normal -0.991794229 -0.0125194695 0.12722972
    outer loop
      vertex 0.0216082949 -0.00126346841 0.00635058433
      vertex 0.0219835453 -0.0018341582 0.00921961851
      vertex 0.0219835676 -2.64688538e-07 0.00940024853
    endloop
  endfacet
  facet normal -0.991794229 -0.0125192879 0.127229661
    outer loop
      vertex 0.0216082949 -0.00126346841 0.00635058433
      vertex 0.0219835676 -2.64688538e-07 0.00940024853
      vertex 0.0216083098 -2.58527734e-07 0.00647499925
    endloop
  endfacet
  facet normal 0.782772422 -0.0610086508 0.619310319
    outer loop
      vertex 0.0261521842 -0.00323781022 0.0162760057
      vertex 0.0269139651 -0.00304997666 0.0153316623
      vertex 0.0269140005 -3.23650397e-07 0.0156320408
    endloop
  endfacet
  facet normal 0.782768071 -0.061006479 0.619315982
    outer loop
      vertex 0.0261521842 -0.00323781022 0.0162760057
      vertex 0.0269140005 -3.23650397e-07 0.0156320408
      vertex 0.0261522233 -3.11223459e-07 0.01659487
    endloop
  endfacet
  facet normal -0.997334898 -0.00713961013 0.0726093724
    outer loop
      vertex 0.0213772189 -0.000644235115 0.00323750009
      vertex 0.0216082949 -0.00126346841 0.00635058433
      vertex 0.0216083098 -2.58527734e-07 0.00647499925
    endloop
  endfacet
  facet normal -0.997334838 -0.00713983364 0.0726094171
    outer loop
      vertex 0.0213772189 -0.000644235115 0.00323750009
      vertex 0.0216083098 -2.58527734e-07 0.00647499925
      vertex 0.0213772263 -2.56374022e-07 0.00330092618
    endloop
  endfacet
  facet normal 0.378091067 -0.0907452852 0.921310127
    outer loop
      vertex 0.0253599603 -0.0033012256 0.0165948756
      vertex 0.0261521842 -0.00323781022 0.0162760057
      vertex 0.0261522233 -3.11223459e-07 0.01659487
    endloop
  endfacet
  facet normal 0.378104448 -0.0907485038 0.921304345
    outer loop
      vertex 0.0253599603 -0.0033012256 0.0165948756
      vertex 0.0261522233 -3.11223459e-07 0.01659487
      vertex 0.0253599994 -3.04969547e-07 0.0169200003
    endloop
  endfacet
  facet normal 0.99971801 -0.00233906275 0.023631569
    outer loop
      vertex 0.029342765 -0.000644330634 0.00323749962
      vertex 0.0294208005 -3.54188899e-07 -1.77503207e-10
      vertex 0.0293427724 -3.51932101e-07 0.00330092572
    endloop
  endfacet
  facet normal -0.99971801 -0.00231593428 0.0236315709
    outer loop
      vertex 0.0212991983 -2.5675871e-07 1.77503207e-10
      vertex 0.0213772189 -0.000644235115 0.00323750009
      vertex 0.0213772263 -2.56374022e-07 0.00330092618
    endloop
  endfacet
  facet normal -0.378093511 -0.0907400623 0.92130965
    outer loop
      vertex 0.0245677382 -0.00323779113 0.0162760057
      vertex 0.0253599603 -0.0033012256 0.0165948756
      vertex 0.0253599994 -3.04969547e-07 0.0169200003
    endloop
  endfacet
  facet normal -0.378107518 -0.090735577 0.921304345
    outer loop
      vertex 0.0245677382 -0.00323779113 0.0162760057
      vertex 0.0253599994 -3.04969547e-07 0.0169200003
      vertex 0.0245677773 -2.92215759e-07 0.01659487
    endloop
  endfacet
  facet normal 0.997334719 -0.00716291694 0.072609514
    outer loop
      vertex 0.0291116741 -0.0012635584 0.00635058433
      vertex 0.029342765 -0.000644330634 0.00323749962
      vertex 0.0293427724 -3.51932101e-07 0.00330092572
    endloop
  endfacet
  facet normal 0.997334659 -0.00716314418 0.0726094022
    outer loop
      vertex 0.0291116741 -0.0012635584 0.00635058433
      vertex 0.0293427724 -3.51932101e-07 0.00330092572
      vertex 0.029111689 -3.48541477e-07 0.00647499925
    endloop
  endfacet
  facet normal -0.78277415 -0.0609870106 0.6193102
    outer loop
      vertex 0.0238059629 -0.00304993941 0.0153316623
      vertex 0.0245677382 -0.00323779113 0.0162760057
      vertex 0.0245677773 -2.92215759e-07 0.01659487
    endloop
  endfacet
  facet normal -0.782768667 -0.0609911345 0.619316876
    outer loop
      vertex 0.0238059629 -0.00304993941 0.0153316623
      vertex 0.0245677773 -2.92215759e-07 0.01659487
      vertex 0.0238059983 -2.86365491e-07 0.0156320408
    endloop
  endfacet
  facet normal 0.991793931 -0.0125427358 0.127230227
    outer loop
      vertex 0.0287364088 -0.00183423923 0.00921961851
      vertex 0.0291116741 -0.0012635584 0.00635058433
      vertex 0.029111689 -3.48541477e-07 0.00647499925
    endloop
  endfacet
  facet normal 0.99179399 -0.0125436205 0.127229661
    outer loop
      vertex 0.0287364088 -0.00183423923 0.00921961851
      vertex 0.029111689 -3.48541477e-07 0.00647499925
      vertex 0.0287364312 -3.45698766e-07 0.00940024853
    endloop
  endfacet
  facet normal -0.911518693 -0.0403017662 0.409279078
    outer loop
      vertex 0.0231039077 -0.00274489075 0.0137981307
      vertex 0.0238059629 -0.00304993941 0.0153316623
      vertex 0.0238059983 -2.86365491e-07 0.0156320408
    endloop
  endfacet
  facet normal -0.911518991 -0.0403014161 0.409278631
    outer loop
      vertex 0.0231039077 -0.00274489075 0.0137981307
      vertex 0.0238059983 -2.86365491e-07 0.0156320408
      vertex 0.0231039412 -2.77989869e-07 0.0140684657
    endloop
  endfacet
endsolid K1_red_core_ALeft_Shoulder_Pitch
